{
  "n_states": 6,
  "start_date": "2021-01-01",
  "n_days": 322,
  "feature_cols": [
    "median_ret",
    "breadth_adv",
    "ret_std",
    "vol_ratio",
    "momentum_10d",
    "high_vol_pct"
  ],
  "means_norm": [
    -0.0013543933365425095,
    0.4433670263494921,
    0.8437804089684389,
    0.7136486833754021,
    0.005166453765780393,
    0.12572535541857183
  ],
  "stds_norm": [
    0.007906290046697654,
    0.15180682235379112,
    9.947638119194346,
    0.15380664321680676,
    0.029263628263685962,
    0.050268027360570657
  ],
  "hmm_means": [
    [
      -0.07703192993467126,
      -0.10434441260537757,
      -0.081189426920709,
      -0.304129346524523,
      -0.2988485175359159,
      -0.36628801297703556
    ],
    [
      0.25123358185329997,
      0.3533680366465718,
      0.26863085665777703,
      1.7110734468415878,
      2.1737759680768076,
      2.958151706077875
    ],
    [
      0.41306202447097906,
      0.5335679005681093,
      -0.08102412124568105,
      1.1760828532157208,
      1.0619400853339298,
      0.9885470150193152
    ],
    [
      0.16977816841411236,
      0.049581266814139754,
      -0.08149335765058104,
      -0.13733944918703314,
      -0.046758311467886886,
      -0.01931599850393937
    ],
    [
      1.6031726610912342,
      0.6464462427543995,
      16.448912711234254,
      1.324678401667972,
      2.0651783603429674,
      4.39420844613095
    ],
    [
      -2.404817682631501,
      -1.432468798008918,
      0.7976900216686107,
      -0.11394693495520354,
      -0.7630464231436637,
      0.06644240838981318
    ]
  ],
  "hmm_covars": [
    [
      [
        1.137286545618927,
        0.0,
        0.0,
        0.0,
        0.0,
        0.0
      ],
      [
        0.0,
        1.3433080966563895,
        0.0,
        0.0,
        0.0,
        0.0
      ],
      [
        0.0,
        0.0,
        5.840601831914073e-05,
        0.0,
        0.0,
        0.0
      ],
      [
        0.0,
        0.0,
        0.0,
        0.7285747841126303,
        0.0,
        0.0
      ],
      [
        0.0,
        0.0,
        0.0,
        0.0,
        0.7542994020949859,
        0.0
      ],
      [
        0.0,
        0.0,
        0.0,
        0.0,
        0.0,
        0.5388622295150066
      ]
    ],
    [
      [
        0.07880296601795383,
        0.0,
        0.0,
        0.0,
        0.0,
        0.0
      ],
      [
        0.0,
        0.16977125300377394,
        0.0,
        0.0,
        0.0,
        0.0
      ],
      [
        0.0,
        0.0,
        0.1464967206172876,
        0.0,
        0.0,
        0.0
      ],
      [
        0.0,
        0.0,
        0.0,
        0.6043269051171187,
        0.0,
        0.0
      ],
      [
        0.0,
        0.0,
        0.0,
        0.0,
        0.16116642132423337,
        0.0
      ],
      [
        0.0,
        0.0,
        0.0,
        0.0,
        0.0,
        2.24556590322067
      ]
    ],
    [
      [
        0.23321190940236278,
        0.0,
        0.0,
        0.0,
        0.0,
        0.0
      ],
      [
        0.0,
        0.5334602556433072,
        0.0,
        0.0,
        0.0,
        0.0
      ],
      [
        0.0,
        0.0,
        0.00021733038510274004,
        0.0,
        0.0,
        0.0
      ],
      [
        0.0,
        0.0,
        0.0,
        0.49108705919399664,
        0.0,
        0.0
      ],
      [
        0.0,
        0.0,
        0.0,
        0.0,
        0.6507221347830383,
        0.0
      ],
      [
        0.0,
        0.0,
        0.0,
        0.0,
        0.0,
        0.2636929387449669
      ]
    ],
    [
      [
        0.00021012164668539552,
        0.0,
        0.0,
        0.0,
        0.0,
        0.0
      ],
      [
        0.0,
        0.02708292183434488,
        0.0,
        0.0,
        0.0,
        0.0
      ],
      [
        0.0,
        0.0,
        0.00014112644201844573,
        0.0,
        0.0,
        0.0
      ],
      [
        0.0,
        0.0,
        0.0,
        0.5169479217191788,
        0.0,
        0.0
      ],
      [
        0.0,
        0.0,
        0.0,
        0.0,
        0.3466509041651055,
        0.0
      ],
      [
        0.0,
        0.0,
        0.0,
        0.0,
        0.0,
        0.5171666299932332
      ]
    ],
    [
      [
        0.01,
        0.0,
        0.0,
        0.0,
        0.0,
        0.0
      ],
      [
        0.0,
        0.01,
        0.0,
        0.0,
        0.0,
        0.0
      ],
      [
        0.0,
        0.0,
        0.01,
        0.0,
        0.0,
        0.0
      ],
      [
        0.0,
        0.0,
        0.0,
        0.01,
        0.0,
        0.0
      ],
      [
        0.0,
        0.0,
        0.0,
        0.0,
        0.01,
        0.0
      ],
      [
        0.0,
        0.0,
        0.0,
        0.0,
        0.0,
        0.01
      ]
    ],
    [
      [
        3.9705565039623107,
        0.0,
        0.0,
        0.0,
        0.0,
        0.0
      ],
      [
        0.0,
        0.9296292692703285,
        0.0,
        0.0,
        0.0,
        0.0
      ],
      [
        0.0,
        0.0,
        4.981176365181955,
        0.0,
        0.0,
        0.0
      ],
      [
        0.0,
        0.0,
        0.0,
        2.057518933820426,
        0.0,
        0.0
      ],
      [
        0.0,
        0.0,
        0.0,
        0.0,
        1.8550487561434092,
        0.0
      ],
      [
        0.0,
        0.0,
        0.0,
        0.0,
        0.0,
        1.7006053374529746
      ]
    ]
  ],
  "hmm_transmat": [
    [
      0.7089188767363518,
      1.1031786900275232e-163,
      0.04272730889165636,
      0.2368426236095851,
      1.8318685154592123e-135,
      0.011511190762406741
    ],
    [
      7.715578985624731e-127,
      0.3411422791948008,
      0.4921629897383825,
      1.4536665002291617e-220,
      9.261701438221416e-172,
      0.1666947310668167
    ],
    [
      0.07500664296262295,
      0.061892523175367434,
      0.7505857428084933,
      0.07059387363482154,
      0.020962850034091384,
      0.020958367384603268
    ],
    [
      0.6309829572239185,
      1.4922112245641037e-207,
      2.1916768891403913e-11,
      0.3394647773424593,
      0.0,
      0.02955226541170538
    ],
    [
      0.0,
      1.0,
      0.0,
      0.0,
      0.0,
      0.0
    ],
    [
      0.7309870537645629,
      0.0,
      7.40141363774583e-135,
      2.938344799853186e-07,
      0.0,
      0.26901265240095706
    ]
  ],
  "hmm_startprob": [
    3.613266025279297e-109,
    0.0,
    1.0,
    3.011475225201777e-98,
    0.0,
    1.0585536907853247e-247
  ],
  "state_chars": {
    "0": {
      "state_id": 0,
      "label": "LIQUIDITY_DROUGHT",
      "n_days": 188,
      "breadth_adv": 0.427,
      "median_ret": -0.201,
      "vol_ratio": 0.668,
      "ret_std": 3.631
    },
    "1": {
      "state_id": 1,
      "label": "HIGH_VOLATILITY",
      "n_days": 6,
      "breadth_adv": 0.497,
      "median_ret": 0.063,
      "vol_ratio": 0.976,
      "ret_std": 352.084
    },
    "2": {
      "state_id": 2,
      "label": "ACCUMULATION",
      "n_days": 45,
      "breadth_adv": 0.528,
      "median_ret": 0.203,
      "vol_ratio": 0.899,
      "ret_std": 3.709
    },
    "3": {
      "state_id": 3,
      "label": "HIGH_VOLATILITY",
      "n_days": 74,
      "breadth_adv": 0.451,
      "median_ret": -0.001,
      "vol_ratio": 0.693,
      "ret_std": 3.307
    },
    "4": {
      "state_id": 4,
      "label": "ACCUMULATION",
      "n_days": 1,
      "breadth_adv": 0.542,
      "median_ret": 1.132,
      "vol_ratio": 0.917,
      "ret_std": 16447.161
    },
    "5": {
      "state_id": 5,
      "label": "TRENDING_DOWN",
      "n_days": 8,
      "breadth_adv": 0.234,
      "median_ret": -2.054,
      "vol_ratio": 0.704,
      "ret_std": 939.469
    }
  },
  "trained_at": "2026-05-23T13:15:53.909453",
  "recent_states": [
    {
      "date": "2026-04-06",
      "state": 2,