tree
version=v4
num_class=1
num_tree_per_iteration=1
label_index=0
max_feature_idx=19
objective=binary sigmoid:1
feature_names=vol_ratio ret1 ret3 ret5 ret20 atr_pct range_pct close_pos rsi14 dist_ath300 hi20_break bb_pct ema20_dist ema50_dist vol_std20 dow is_bull is_bear mom_consist vol_trend5
feature_infos=[1.300203:30] [-0.309535:0.40837699999999999] [-0.394565:0.76378900000000005] [-0.39587899999999998:0.898065] [-0.81923100000000004:3.4984850000000001] [0.0060000000000000001:0.5] [0.025009:0.59999999999999998] [0:1] [0:99.801227999999995] [0:0.99956299999999998] [0:1] [0:1] [-0.5:0.5] [-0.5:0.5] [0:0.29999999999999999] [0:6] none none [0:1] [0.41714200000000001:20]
tree_sizes=3362 3425 3432 3400 3415 3419 3428 3417 3419 3419 3424 3401 3425 3435 3442 3438 3433 3407 3427 3417 3434 3440 3433 3415 3438 3430 3411 3432 3411 3450 3427 3414 3410 3441 3427 3425 3442 3440 3433 3435 3449 3428 3439 3415 3444 3463 3427 3428 3434 3447 3422 3432 3427 3405 3437 3437 3428 3416 3428 3435 3449 3428 3421 3426 3440 3418 3444 3431 3434 3421 3406 3413 3433 3440 3436 3435 3451 3453 3424 3445 3428 3439 3432 3438 3430 3439 3433 3458 3436 3435 3445 3418 3454 3431 3394 3425 3427 3428 3420 3433 3437 3414 3424 3433 3444 3454 3446 3432 3439 3436 3446 3443 3431 3431 3470 3432 3439 3435 3433 3442 3427 3435 3441 3435 3455 3441 3446 3438 3443 3426 3431 3418 3443 3439 3431 3443 3429 3443 3448 3437 3423 3425 3450 3405 3425 3420 3446 3441 3414 3452 3447 3438 3440 3436 3417 3415 3435 3427 3429 3414 3430 3441 3438 3435 3441 3428 3447 3431 3441 3434 3427 3451 3420 3439 3430 3462 3456 3438 3418 3434 3410 3428 3418 3415 3423 3446 3443 3446 3429 3435 3426 3449 3433 3441 3425 3463 3426 3468 3424 3447

Tree=0
num_leaves=31
num_cat=0
split_feature=1 14 8 14 7 1 9 3 8 8 14 14 12 0 19 0 7 19 2 9 13 14 9 13 0 14 12 14 1 18
split_gain=44.9908 44.8887 28.5305 14.2779 13.9063 9.67188 9.39794 9.19726 11.4076 11.3804 9.97502 9.54244 9.34091 9.11819 11.4454 8.62187 9.25084 12.2979 9.20875 8.34028 8.02562 14.4653 10.9346 8.31595 7.76419 7.53206 6.93631 6.7462 6.5899 6.16891
threshold=0.041683500000000005 0.0598985 67.379150000000024 0.063019000000000006 0.35857150000000004 0.14920050000000004 0.20949200000000004 0.19410300000000003 70.381037500000005 73.530269000000018 0.010051500000000001 0.017313000000000005 0.06977700000000002 3.2826505000000004 3.5840845000000003 2.2978180000000004 0.93947550000000002 3.3334640000000006 0.059121000000000007 0.0069450000000000007 0.08407000000000002 0.023820000000000004 0.030230000000000003 -0.064387999999999987 15.225578500000003 0.025503500000000002 0.067350000000000007 0.023890000000000005 0.04739100000000001 0.70000000000000007
decision_type=2 2 2 2 2 2 2 2 2 2 2 2 2 2 2 2 2 2 2 2 2 2 2 2 2 2 2 2 2 2
left_child=3 2 15 4 -1 -3 -5 8 10 12 -6 -11 -10 -4 -15 28 17 18 25 -16 22 -22 27 -24 -21 -17 -18 -12 -2 -23
right_child=1 5 13 6 7 -7 -8 -9 9 11 20 -13 -14 14 19 16 26 -19 -20 24 21 29 23 -25 -26 -27 -28 -29 -30 -31
leaf_value=-0.4808156227701269 -0.4113075117586909 -0.47007684032895458 -0.40608657397136005 -0.50398157906905849 -0.48154528263941254 -0.41672868437593363 -0.44485886884793641 -0.4783660503518109 -0.41729714493170589 -0.39578121851968079 -0.38912676627899195 -0.43333695088376623 -0.35246845176278502 -0.36151796319374974 -0.36058484477936809 -0.3565855575752292 -0.41081825202208239 -0.47419608056063101 -0.43611514953658048 -0.42980327715869548 -0.38223066245515236 -0.45401548601566183 -0.39889969421762206 -0.44466963910164586 -0.38136298258649587 -0.41859648334489963 -0.36221009937611537 -0.43720399005459842 -0.46206525934992598 -0.40608657397136005
leaf_weight=14.579803988337515 9.7995403856039065 32.744805678725243 41.110266983509064 11.711645826697351 11.233619466423987 11.472632646560667 15.774869889020918 10.038553565740584 10.99460628628731 22.228225752711296 17.208948969841007 70.747901320457458 11.233619466423987 50.431781008839607 12.189672186970709 9.5605272054672259 17.447962149977688 10.277566745877264 20.794146671891212 19.121054410934448 19.83809395134449 19.360067591071132 10.516579926013945 176.1527137607336 14.579803988337515 10.038553565740584 12.66769854724407 12.66769854724407 18.404014870524406 10.277566745877264
leaf_count=61 41 137 172 49 47 48 66 42 46 93 72 296 47 211 51 40 73 43 87 80 83 81 44 737 61 42 53 53 77 43
internal_value=-0.425145 -0.409847 -0.401524 -0.435146 -0.432845 -0.456235 -0.47005 -0.431108 -0.429899 -0.416674 -0.435394 -0.424358 -0.384534 -0.386373 -0.377959 -0.420628 -0.412319 -0.425363 -0.412938 -0.396027 -0.433445 -0.415276 -0.437596 -0.442091 -0.408847 -0.388347 -0.390372 -0.409512 -0.444429 -0.437395
internal_weight=735.205 290.64 246.423 444.565 417.078 44.2174 27.4865 402.498 392.46 115.204 277.255 92.9761 22.2282 137.433 96.3223 108.99 80.7865 50.6708 40.3932 45.8905 266.022 49.4757 216.546 186.669 33.7009 19.5991 30.1157 29.8766 28.2036 29.6376
internal_count=3076 1216 1031 1860 1745 185 115 1684 1642 482 1160 389 93 575 403 456 338 212 169 192 1113 207 906 781 141 82 126 125 118 124
is_linear=0
shrinkage=1


Tree=1
num_leaves=31
num_cat=0
split_feature=5 1 8 19 1 9 5 6 9 5 19 1 15 5 19 7 15 1 1 2 2 4 1 8 7 9 9 7 19 6
split_gain=70.2671 49.5338 21.9988 11.7826 11.497 10.9348 10.1455 9.62022 8.48934 8.28739 12.9878 8.15759 7.48907 6.70749 6.64717 7.42758 6.30769 10.756 7.33067 10.5467 7.45589 5.88477 6.8532 5.75702 9.42573 5.57984 5.33196 6.44525 4.94682 4.70738
threshold=0.087558500000000011 0.042008500000000011 67.164526000000009 5.8775410000000008 0.045461500000000009 0.090829000000000007 0.033589500000000008 0.027958500000000004 0.13200750000000003 0.046103500000000006 1.3744200000000004 0.05631450000000001 2.5000000000000004 0.024927000000000005 3.7731715000000006 0.79959850000000021 1.0000000180025095e-35 0.009305500000000003 0.017638500000000005 1.0000000180025095e-35 0.012249500000000002 -0.070116999999999999 0.035282000000000008 76.375443500000003 0.62776450000000017 0.022707500000000002 0.18090150000000002 0.86874550000000006 4.3855150000000007 0.080084000000000002
decision_type=2 2 2 2 2 2 2 2 2 2 2 2 2 2 2 2 2 2 2 2 2 2 2 2 2 2 2 2 2 2
left_child=1 3 4 7 -3 -2 11 -1 16 10 -6 -4 -8 -10 29 -16 17 -9 19 -18 -20 -15 -23 24 -22 -19 27 -11 -7 -14
right_child=5 2 6 -5 9 28 12 8 13 26 -12 -13 14 21 15 -17 18 25 20 -21 23 22 -24 -25 -26 -27 -28 -29 -30 -31
leaf_value=-0.030018579042160973 -0.077418291247839721 0.043315478406606427 0.030772973089909669 -0.037802046657603269 -0.027900521127868307 -0.024239328293713724 0.016696076882312443 0.060467424745844739 0.022803010675141774 -0.030232794761624528 0.02861932574701383 0.083251626694717473 0.031464768269929659 0.010648742043396778 -0.011475416633420742 0.048942817012825518 0.024181996295114638 0.032835227998798247 -0.02530050198622907 -0.026870250979196087 0.050620371151969705 -0.015345329397651123 -0.053320795858393534 -0.0072719332154932651 0.0088084216405912002 -0.007868321414676983 -0.043635208421510106 0.016448361499397664 -0.065871017944469798 0.072408798180747233
leaf_weight=33.398375853896141 24.413653165102005 15.816104263067244 13.495106339454653 28.301696926355362 14.582558512687681 28.72421133518219 71.673654466867447 12.204099893569945 12.384231775999067 14.506691977381706 33.546789541840553 16.409754380583763 11.296424567699434 17.682452231645584 9.8073991388082522 10.568533226847647 13.125976324081419 12.937658280134199 15.749187305569647 44.122279539704323 17.958134561777115 84.555520862340927 13.822378426790236 28.622327014803886 54.039493501186371 24.110771477222443 14.286084145307539 15.081635221838951 9.4937301725149137 18.543871939182281
leaf_count=140 103 66 56 119 61 121 298 51 52 61 140 68 47 74 41 44 55 54 66 185 75 355 58 120 226 101 60 63 40 77
internal_value=-0.000624591 0.00409207 0.0212061 -0.00666552 0.0039364 -0.0512789 0.0334727 -0.00437494 -0.00193708 -0.00283315 0.0114946 0.0595697 0.02707 -0.0121754 0.0418767 0.0198621 0.00396345 0.0197563 -0.000516747 -0.0151649 0.00668947 -0.0159077 -0.020681 0.0116966 0.0192374 0.00634574 -0.0185504 -0.00643868 -0.0345811 0.0569089
internal_weight=735.261 672.629 259.615 413.015 107.82 62.6316 151.795 384.713 351.315 92.0038 48.1293 29.9049 121.89 128.445 50.2162 20.3759 222.87 49.2525 173.617 57.2483 116.369 116.06 98.3779 100.62 71.9976 37.0484 43.8744 29.5883 38.2179 29.8403
internal_count=3077 2813 1082 1731 451 264 631 1612 1472 385 201 124 507 539 209 85 933 206 727 240 487 487 413 421 301 155 184 124 161 124
is_linear=0
shrinkage=0.05


Tree=2
num_leaves=31
num_cat=0
split_feature=5 1 6 14 1 9 11 4 5 4 11 11 19 5 13 19 5 9 1 14 11 11 4 14 6 1 11 6 11 1
split_gain=58.6459 38.0647 13.9052 13.0265 14.8538 12.7624 11.7813 9.94664 11.7792 8.76168 12.5297 8.71174 8.23273 12.2177 13.848 8.6979 9.01097 7.27665 6.92018 6.6161 7.87253 6.29816 5.73742 5.70686 6.80438 6.56714 6.25364 5.13254 5.47436 5.06311
threshold=0.095165500000000014 0.042613500000000006 0.027958500000000004 0.061122000000000003 0.15995300000000004 0.34265150000000005 0.84965750000000007 0.33341700000000002 0.033067000000000006 -0.0082824999999999982 0.46103200000000005 0.89805200000000018 3.4593680000000004 0.053471500000000005 0.14451100000000003 1.7298430000000002 0.032445000000000009 0.23061900000000005 0.038231000000000008 0.013824000000000001 0.19211050000000005 0.60753200000000007 0.049507500000000003 0.040935500000000007 0.035904500000000013 0.031753500000000011 0.84965750000000007 0.041467000000000011 0.46103200000000005 0.088393500000000014
decision_type=2 2 2 2 2 2 2 2 2 2 2 2 2 2 2 2 2 2 2 2 2 2 2 2 2 2 2 2 2 2
left_child=1 2 21 4 9 -2 -7 8 17 10 -3 -5 15 14 -14 -11 -17 19 23 20 -4 -1 27 24 -10 -26 -25 28 -21 -18
right_child=5 3 7 11 -6 6 -8 -9 18 12 -12 -13 13 -15 -16 16 29 -19 -20 22 -22 -23 -24 26 25 -27 -28 -29 -30 -31
leaf_value=-0.05444192023985546 -0.072819939970662551 0.024980641692845647 -0.049070438287274955 -0.054798505712400282 0.072362041569318386 -0.062540126668507529 0.0068396794535721273 0.036900482394318625 -0.026184978895435054 0.014629772319151683 -0.045689322576626008 0.0086619538583222518 -0.012267491141614307 -0.034068896671464434 0.0457821920207237 0.073748651820647812 0.02366300936533695 0.0381166246470791 -0.038010197613633251 0.050902372514103046 0.0033821491027827828 -0.0083084361171095727 -0.0033458758271314214 -0.050296532189388357 -0.0062185567223064725 0.020645286099293506 -0.0018227173845334562 0.00016710136602886435 0.0053029040662653619 0.05692129556774022
leaf_weight=20.376873552799228 29.638292402029037 12.93774062395096 12.130520910024645 9.4567823708057404 13.603856950998304 11.067565262317659 13.684231653809546 14.727432161569594 33.844235435128212 64.613513007760048 12.17387482523918 12.631652265787125 18.788224801421165 14.338801950216292 22.669929385185242 15.32765458524227 50.745829701423645 16.201081857085228 22.615132570266724 18.371161550283436 17.435452342033386 11.615182802081106 46.597370848059654 16.097085028886799 128.18421678245068 27.658754482865334 11.341609776020048 17.457214146852493 10.25663287937641 14.775402426719664
leaf_count=86 127 54 51 40 56 47 58 62 142 269 51 53 78 60 94 63 210 68 95 77 73 49 195 68 538 116 48 73 43 61
internal_value=-0.000707747 0.00324923 -0.00599384 0.018236 0.021618 -0.0506863 -0.0241829 -0.00341288 -0.00498276 0.0185685 -0.00927949 -0.0185075 0.0220432 0.00571514 0.0194749 0.0283063 0.0392365 0.00662902 -0.0116885 0.00245609 -0.0181384 -0.0376925 0.00902581 -0.00894692 -0.00586391 -0.00145081 -0.0302602 0.021535 0.0345652 0.0311629
internal_weight=741.363 686.973 424.91 262.063 239.975 54.3901 24.7518 392.918 378.19 226.371 25.1116 22.0884 201.259 55.797 41.4582 145.462 80.8489 138.449 239.741 122.248 29.566 31.9921 92.6824 217.126 189.687 155.843 27.4387 46.085 28.6278 65.5212
internal_count=3105 2873 1784 1089 996 232 105 1649 1587 940 105 93 835 232 172 603 334 580 1007 512 124 135 388 912 796 654 116 193 120 271
is_linear=0
shrinkage=0.05


Tree=3
num_leaves=31
num_cat=0
split_feature=5 1 10 19 7 0 9 5 6 19 9 11 1 11 6 19 1 0 13 4 0 9 6 2 4 7 7 1 19 6
split_gain=53.045 29.2307 15.3814 14.8171 12.3016 10.4741 9.82559 9.48812 8.55149 8.04072 7.48242 8.05159 7.27862 7.84181 5.90257 5.47774 5.59036 5.33022 14.6429 12.52 6.80611 7.67906 6.70642 11.6239 8.02319 5.85006 7.43732 5.66939 5.30692 5.68238
threshold=0.095165500000000014 0.032562000000000001 1.0000000180025095e-35 5.9852445000000012 0.33493550000000005 3.3962785000000006 0.13376050000000003 0.054637500000000006 0.083346000000000017 1.8871820000000001 0.34265150000000005 0.84965750000000007 0.049396000000000009 0.31165550000000003 0.1043555 0.9743440000000001 0.017331000000000003 3.560076 0.1398655 0.30100200000000005 1.8133860000000002 0.020813500000000002 0.046843500000000003 0.033779500000000011 0.082446000000000019 0.73345550000000015 0.80555200000000016 0.014472000000000002 0.99259900000000012 0.10179900000000001
decision_type=2 2 2 2 2 2 2 2 2 2 2 2 2 2 2 2 2 2 2 2 2 2 2 2 2 2 2 2 2 2
left_child=1 4 3 6 -1 8 28 -7 -4 12 -2 -12 13 -8 -10 16 -6 19 22 20 25 -22 24 -24 -19 27 -27 -17 -3 -30
right_child=10 2 5 -5 15 7 9 -9 14 -11 11 -13 -14 -15 -16 17 -18 18 -20 -21 21 -23 23 -25 -26 26 -28 -29 29 -31
leaf_value=-0.053874608494955338 -0.065469903667417534 -0.012605345943009709 -0.0095236223187122101 -0.053741424562742404 -0.050308355953277886 0.03748190341159853 0.032528513216440673 0.003156774247424679 0.059325190862007875 0.016010372747760064 -0.059495905870184385 0.00024487077412333104 -0.042890626247456459 -0.022890509241965118 0.0069123883058058999 -0.022187627397225049 -0.0062369046994581387 -0.030049039684208786 -0.064743953155347783 0.055618511266545892 0.031001029393410713 -0.00039373973907380605 0.052149959733268497 -0.017508659008632736 0.022629422869820059 -0.062694005827253582 -0.013572550538534428 0.019725013850029744 0.02901577007590235 -0.0092707101783640472
leaf_weight=13.360103353857992 29.060137465596199 12.161304563283919 35.61216875910759 10.882108494639395 12.799340516328813 108.5595630556345 10.005298882722856 24.715996026992798 9.6899742186069506 24.659764632582664 10.421654149889948 12.292472854256628 19.222497016191483 17.632312953472137 12.053451418876646 14.250349909067152 16.435115709900856 29.922107219696045 12.064418300986288 10.071274444460867 23.685991734266281 109.6222206056118 11.605660662055017 12.37427571415901 9.5301727652549726 10.66078372299671 27.799648389220238 18.598814815282822 62.164762869477272 11.481096699833868
leaf_count=57 127 51 148 46 54 447 42 103 40 103 45 52 81 74 50 60 69 126 51 42 99 461 49 52 40 45 117 78 259 48
internal_value=0.000150604 0.00380492 0.0137038 0.00268353 -0.00686909 0.0234278 0.00658638 0.0311163 0.00556216 -0.00710024 -0.0486651 -0.0271653 -0.019262 -0.00282785 0.0302702 -0.00490304 -0.0255321 -0.00282478 -0.0142521 0.00119372 -0.00148507 0.00518443 -0.00464891 0.0162043 -0.0173239 -0.0139532 -0.0271884 0.00154282 0.0179941 0.0230471
internal_weight=743.395 691.621 358.84 168.209 332.78 190.631 157.327 133.276 57.3556 71.5199 51.7743 22.7141 46.8601 27.6376 21.7434 319.42 29.2345 290.186 75.4966 214.689 204.618 133.308 63.4322 23.9799 39.4523 71.3096 38.4604 32.8492 85.8072 73.6459
internal_count=3116 2892 1492 704 1400 788 658 550 238 300 224 97 197 116 90 1343 123 1220 318 902 860 560 267 101 166 300 162 138 358 307
is_linear=0
shrinkage=0.05


Tree=4
num_leaves=31
num_cat=0
split_feature=5 1 1 14 2 0 19 4 14 9 0 5 1 9 13 12 4 13 0 12 12 14 13 12 11 1 11 13 0 8
split_gain=48.1016 36.9376 15.4511 21.9115 12.0562 10.511 10.8087 10.2921 13.2814 9.50355 9.47925 9.16705 11.6399 7.63904 8.58374 7.36645 8.37949 7.78147 11.1947 8.43656 6.90321 6.72176 6.21137 10.863 5.85364 5.79773 5.71049 11.6965 4.906 6.09469
threshold=0.095165500000000014 0.025997000000000003 0.14920050000000004 0.0598985 -0.0088904999999999974 1.4586250000000003 4.165344000000001 0.28862550000000003 0.044501500000000006 0.19521150000000004 2.2636040000000004 0.051373500000000009 0.029718000000000005 0.11635300000000001 -0.047058499999999996 0.029625000000000002 0.076926000000000008 0.098826000000000011 3.1347040000000006 0.085324500000000011 0.012118000000000002 0.049974500000000012 0.24048700000000003 0.23914350000000004 0.84965750000000007 0.062261500000000004 0.52152050000000016 0.07592900000000001 2.3812890000000002 44.506516000000012
decision_type=2 2 2 2 2 2 2 2 2 2 2 2 2 2 2 2 2 2 2 2 2 2 2 2 2 2 2 2 2 2
left_child=1 5 3 4 -3 -1 13 8 10 -2 11 12 -6 15 -15 20 -17 -18 19 -19 -7 -10 -9 25 -11 -24 27 -14 -12 -30
right_child=9 2 -4 -5 7 6 -8 22 21 24 28 -13 26 14 -16 16 17 18 -20 -21 -22 -23 23 -25 -26 -27 -28 -29 29 -31
leaf_value=-0.040158413337229734 -0.069354740375014781 -0.039423581379384759 0.054933969480233616 -0.041412783650999346 0.03665396450943282 0.0013913138820020466 -0.032478680160850197 0.065835361118494348 -0.052525259083841085 -0.050913539123528251 0.053901291334448022 0.039048969535608123 -0.024615474380014928 0.029081377461425528 -0.020733266604463833 -0.023680618714953729 0.046084993303005105 -0.019783760945778054 -0.048758682817018867 0.033511770607613837 0.046661034961899689 0.0019292072164319293 -0.021485464187521505 0.061820306827777428 -0.005788585139429505 0.029496688490609421 -0.033512820050823039 0.042435284927268196 -0.020825782855727077 0.01962619516042512
leaf_weight=28.092251971364021 23.952824354171753 10.663370609283445 20.456893488764763 19.429507821798325 12.166581422090529 16.312815174460411 37.388460978865623 12.863650009036062 11.461014673113825 13.426904529333116 9.8338797539472562 12.36678387224674 19.055820479989055 9.813557565212248 72.794555693864822 30.711327910423279 11.240617290139197 11.932338938117029 9.4055222421884519 19.659558817744255 17.40764893591404 11.209922745823858 11.09940677881241 12.86564591526985 15.46368922293186 11.207119628787039 27.629904255270958 9.8744759857654554 9.7556961178779584 204.42888395488262
leaf_count=119 107 45 84 83 51 69 159 53 48 59 41 52 80 41 308 129 47 50 40 82 73 47 46 53 66 46 116 41 41 845
internal_value=-8.8967e-05 0.00342654 0.0125353 0.0103985 0.0130032 -0.0112422 -0.00780985 0.0144907 0.0113232 -0.0460675 0.0140667 -0.000581233 -0.00771234 -0.0031815 -0.0148155 0.00505593 -0.00295458 0.0092305 -0.000874221 0.0133819 0.0247611 -0.0255996 0.0361051 0.0252317 -0.0267604 0.0041287 -0.0172559 -0.00172974 0.0193692 0.0177837
internal_weight=743.971 691.127 426.369 405.912 386.482 264.759 236.666 375.819 327.783 52.8434 305.112 81.0936 68.7268 199.278 82.6081 116.67 82.9494 52.238 40.9974 31.5919 33.7205 22.6709 48.0358 35.1722 28.8906 22.3065 56.5602 28.9303 224.018 214.185
internal_count=3121 2889 1772 1688 1605 1117 998 1560 1362 232 1267 340 288 839 349 490 348 219 172 132 142 95 198 145 125 92 237 121 927 886
is_linear=0
shrinkage=0.05


Tree=5
num_leaves=31
num_cat=0
split_feature=5 1 7 8 11 7 19 0 12 1 7 9 3 8 7 12 11 11 11 8 13 19 13 3 5 11 8 13 0 9
split_gain=42.2293 28.0699 16.7149 16.3399 15.5961 10.2498 9.9832 13.0989 10.6397 9.84411 7.71466 8.12202 7.69375 7.19947 7.07988 7.74414 6.67666 8.54156 6.6633 6.47601 7.6747 6.12456 5.96913 5.86177 5.68938 5.36224 5.15181 5.06611 6.60728 6.30185
threshold=0.085733500000000004 0.042325500000000009 0.35857150000000004 68.385988500000011 0.56503400000000015 0.96707200000000004 3.6421010000000007 4.4140595000000014 0.12512700000000002 0.057571000000000004 0.88749250000000013 0.11498300000000002 0.19410300000000003 70.381037500000005 0.94885150000000007 0.063017000000000004 0.97467950000000003 0.84965750000000007 0.012660500000000003 73.530269000000018 0.10094600000000002 4.8963390000000011 0.041801500000000012 -0.039647499999999995 0.049186500000000008 0.055612000000000009 87.408380000000008 0.12612800000000005 2.9933320000000001 0.12822950000000002
decision_type=2 2 2 2 2 2 2 2 2 2 2 2 2 2 2 2 2 2 2 2 2 2 2 2 2 2 2 2 2 2
left_child=1 2 -1 4 10 6 7 8 -5 -7 11 -3 13 18 -6 -16 17 -2 -4 20 -15 -8 -12 -20 -11 -25 27 29 -29 -21
right_child=16 3 12 5 14 9 21 -9 -10 24 22 -13 -14 19 15 -17 -18 -19 23 26 -22 -23 -24 25 -26 -27 -28 28 -30 -31
leaf_value=-0.056145669481646114 -0.047520528642238831 -0.023685816289341074 0.020211980239906606 -0.030098855691341627 -0.037616759826175815 0.010300536056549899 -0.035466793100344375 0.056876554341214192 0.029125852322344228 0.077072773775837503 0.0079177401763742584 0.024913870397332914 -0.046152379332144236 0.0035682992715849373 -0.029827294670324613 0.029757546391149931 -0.072338676507449975 -0.0040165815525516936 -0.044990748064602147 0.020246533214460929 0.057490282354736799 0.0096955962130043961 0.04996169094596236 -0.034717742012741977 0.0359267428695337 -0.0057814779748478528 0.034825355913635739 -0.0025875284581156292 -0.047593721930519757 -0.02002850136275508
leaf_weight=15.886356025934218 32.293971866369247 17.890674710273743 20.465815633535385 11.456534951925276 26.856895998120308 14.393422946333883 10.91847889125347 24.885731756687164 22.431472778320312 19.733282744884491 14.159647747874258 16.54884697496891 10.482718497514723 13.862115904688837 10.63547006249428 11.190985307097433 13.193713933229445 17.341727986931801 11.091062292456625 32.976875141263008 12.594145134091375 24.025237366557121 20.906269714236259 17.226541712880135 14.630013212561606 226.77683059871197 10.233143672347067 27.29082153737545 11.630135029554365 13.767533615231512
leaf_count=69 145 74 86 47 113 59 45 101 92 80 59 69 45 58 45 46 59 75 47 138 52 99 86 73 60 956 43 114 49 58
internal_value=-0.00149273 0.00210596 -0.0058277 0.0150197 0.00127495 0.0264215 0.0167484 0.0293315 0.00910373 0.0450147 0.0164759 -0.00033274 -0.00387037 -0.00275649 -0.0204275 0.000723387 -0.0407245 -0.0323211 -0.00723803 0.00733658 0.0292371 -0.0044158 0.0329843 -0.0094403 0.059555 -0.00782437 0.0012947 -0.0027107 -0.016036 0.00838441
internal_weight=747.776 684.947 424.284 260.663 118.189 142.474 93.7175 58.7737 33.888 48.7567 69.5054 34.4395 408.398 397.915 48.6834 21.8265 62.8294 49.6357 275.56 122.355 26.4563 34.9437 35.0659 255.094 34.3633 244.003 95.8985 85.6654 38.921 46.7444
internal_count=3142 2863 1788 1075 492 583 384 240 139 199 288 143 1719 1674 204 91 279 220 1162 512 110 144 145 1076 140 1029 402 359 163 196
is_linear=0
shrinkage=0.05


Tree=6
num_leaves=31
num_cat=0
split_feature=5 8 7 9 7 11 6 2 2 11 4 5 6 2 4 8 14 8 6 4 19 14 14 19 6 19 19 8 5 4
split_gain=33.3281 12.6926 11.4309 11.3824 10.1717 9.29288 8.87252 8.01554 7.99524 6.91172 7.52735 10.9887 8.72608 10.6473 8.63676 8.4045 7.56784 6.82718 8.2843 7.51784 6.67809 6.31083 6.18011 6.38351 6.35623 8.03175 5.7274 6.02097 5.87211 5.58733
threshold=0.089715000000000003 80.871244000000019 0.64313400000000009 0.34265150000000005 0.35857150000000004 0.84965750000000007 0.036367000000000003 0.16392300000000001 -0.015274499999999998 0.52152050000000016 0.30100200000000005 0.035295000000000007 0.068947500000000009 0.059121000000000007 0.070486000000000007 76.248819000000012 0.021257000000000002 71.876564500000015 0.059250000000000004 -0.05181199999999999 1.9544885000000003 0.036991000000000003 0.013975500000000002 3.6740450000000004 0.042051500000000012 1.6912790000000004 2.6680620000000004 64.544081500000019 0.041386500000000007 -0.014534999999999998
decision_type=2 2 2 2 2 2 2 2 2 2 2 2 2 2 2 2 2 2 2 2 2 2 2 2 2 2 2 2 2 2
left_child=1 4 -3 -2 -1 -5 -6 21 -8 17 11 12 13 16 -13 26 -11 19 -19 -10 -12 -4 -21 24 -24 29 27 -16 -29 -26
right_child=3 2 7 5 6 -7 8 -9 9 10 20 14 -14 -15 15 -17 -18 18 -20 22 -22 -23 23 -25 25 -27 -28 28 -30 -31
leaf_value=-0.048324397394180985 -0.055248885663191111 -0.0079544452555055292 0.029273032335215294 -0.045429401764603639 -0.01053620520548719 0.018163323360793179 -0.022108917042036543 0.056468249193454612 0.040702295575805986 0.044200055832415375 0.050897853875809987 -0.027516489659765678 0.058065258798937175 -0.034708520265695972 0.021544215726692649 -0.029135665415509257 -0.01027502911878413 0.0031857041338768746 0.056873382548231238 -0.023950856471947571 0.00044304698219840681 -0.012533576531849406 0.039339297153699423 -0.022526908893917195 -0.037940240758249436 0.022396759922708544 0.022301540618205218 0.015441420225814488 -0.030503231012679793 0.0026065855383945744
leaf_weight=10.251391127705572 32.749675944447517 26.254219725728035 40.572119846940041 10.186531260609629 114.3567378371954 13.175004050135611 25.622331634163857 21.138172388076782 17.409708112478256 16.798857837915424 13.113810002803804 46.323998600244522 10.527939036488531 11.053836688399313 14.820124611258505 21.630591914057732 10.275181367993353 12.020575776696207 17.86293688416481 15.450585827231405 13.119148358702658 11.609938055276869 19.158338382840157 14.242382675409315 10.213749527931212 53.201189234852791 32.190588653087616 9.9153751730918867 23.288910835981369 50.528350338339806
leaf_count=45 151 111 168 46 484 56 109 86 73 70 54 196 43 46 62 90 43 50 73 65 54 48 80 60 43 220 134 41 97 211
internal_value=0.000813948 0.00385739 0.0203562 -0.0362289 0.00104127 -0.00956556 0.00192427 0.0304935 0.00503028 0.00663567 0.000506001 -0.00284724 0.0177693 0.00664266 -0.00961727 -0.0014759 0.0235256 0.0131438 0.0352776 0.00947329 0.0256653 0.0199715 0.00613357 0.00928825 0.0126926 0.00821223 0.00598277 -0.00495564 -0.0167834 -0.00421134
internal_weight=739.062 682.951 99.5745 56.1112 583.377 23.3615 573.125 73.3202 458.769 433.146 223.058 196.825 48.6558 38.1279 148.17 101.846 27.074 210.088 29.8835 180.204 26.233 52.1821 162.795 147.344 133.102 113.943 80.215 48.0244 33.2043 60.7421
internal_count=3109 2856 413 253 2443 102 2398 302 1914 1805 930 822 202 159 620 424 113 875 123 752 108 216 679 614 554 474 334 200 138 254
is_linear=0
shrinkage=0.05


Tree=7
num_leaves=31
num_cat=0
split_feature=14 1 8 11 6 7 7 13 6 7 3 4 1 13 1 14 14 15 11 11 7 7 9 3 8 4 4 18 14 4
split_gain=31.0342 37.8862 15.1616 11.785 11.0208 9.82823 9.47219 9.41681 8.74806 8.73624 8.01755 10.8396 6.50543 6.412 6.59251 7.89422 7.4853 9.00358 6.59985 5.78979 7.35742 6.78549 5.63228 7.34618 5.58323 6.93342 5.2494 5.20701 7.80121 6.55768
threshold=0.0598985 0.042008500000000011 70.588581000000019 0.54951000000000005 0.12739750000000002 0.35857150000000004 0.68004250000000022 0.024988000000000003 0.027958500000000004 0.96490150000000008 0.19228950000000003 0.30938600000000011 0.057571000000000004 0.20250900000000002 0.0064910000000000011 0.013824000000000001 0.014945500000000002 1.0000000180025095e-35 0.19211050000000005 0.22200100000000003 0.71401150000000013 0.9227685000000001 0.014404500000000002 0.1079085 54.510317000000008 0.042274000000000006 0.082446000000000019 0.70000000000000007 0.017758500000000003 0.053727000000000004
decision_type=2 2 2 2 2 2 2 2 2 2 2 2 2 2 2 2 2 2 2 2 2 2 2 2 2 2 2 2 2 2
left_child=1 4 3 6 5 -1 -3 -8 24 22 11 13 -11 14 16 18 -10 -18 -16 20 -17 -22 -4 -24 -7 -26 -2 -21 -29 -30
right_child=26 2 9 -5 -6 8 7 -9 10 12 -12 -13 -14 -15 15 19 17 -19 -20 27 21 -23 23 -25 25 -27 -28 28 29 -31
leaf_value=-0.051776465521385921 -0.052164907213386916 -0.022022855015277898 0.0002985037123211188 -0.010253357493699135 -0.04677571669488758 -0.056227299297075956 -0.004768263259662577 0.040285824381359102 0.025123900723223676 0.020666408079838487 -0.046500909758268892 0.047539789800584091 0.064256115173472989 -0.038169101413247836 -0.048440862663778839 0.045868692949010303 0.013221095310953385 -0.035021913348120957 -6.8287099761743766e-05 -0.0033538976043694501 -0.008551067939833807 0.040969567584847683 0.05098258464522254 0.016217762410856703 0.017802063298962344 -0.041238521352390749 -0.022335959851062789 0.051025640060917699 -0.015733799481797185 0.021386073435701414
leaf_weight=10.509645283222197 20.58276379108429 11.102760091423987 21.829185858368874 56.71027997136116 15.700998991727827 11.301401287317278 15.804877161979674 43.569725811481476 9.8864237666130048 12.472088947892187 9.2465880960226041 11.914292693138121 27.284948751330376 11.210152626037596 12.45354436337948 19.373697251081467 13.072287261486052 37.173903331160545 16.255568265914917 122.89425069093704 22.194417536258698 10.049783900380133 24.834974065423012 39.151009678840637 9.7789538800716418 10.117339357733725 52.04235178232193 11.80632410943508 20.576539948582649 28.210324838757515
leaf_count=47 92 46 89 238 71 49 66 179 42 51 40 49 110 47 53 81 55 158 68 517 93 42 101 160 42 43 230 49 87 118
internal_value=0.000247733 0.00362981 0.0188815 0.00671367 -0.00568798 -0.00406718 0.0203663 0.0282929 -0.00277328 0.0312058 -0.000550358 0.000673845 0.0505817 -0.000992163 0.00029434 0.00369971 -0.0146457 -0.0224708 -0.0210515 0.00672212 0.0215157 0.00688339 0.0222293 0.0297111 -0.0281619 -0.0122203 -0.0307898 0.00256046 0.0145559 0.00573025
internal_weight=739.111 666.486 252.76 127.188 413.726 398.025 70.4774 59.3746 387.516 125.572 356.318 347.072 39.757 335.157 323.947 263.814 60.1326 50.2462 28.7091 235.105 51.6179 32.2442 85.8152 63.986 31.1977 19.8963 72.6251 183.487 60.5932 48.7869
internal_count=3113 2791 1040 529 1751 1680 291 245 1633 511 1499 1459 161 1410 1363 1108 255 213 121 987 216 135 350 261 134 85 322 771 254 205
is_linear=0
shrinkage=0.05


Tree=8
num_leaves=31
num_cat=0
split_feature=5 1 13 7 19 6 13 5 5 5 12 11 6 5 11 18 7 19 2 19 0 4 4 19 0 5 12 12 6 6
split_gain=39.632 30.0916 10.6586 7.94111 6.96361 7.39583 7.15076 6.69109 9.17601 6.66163 8.99444 12.3743 6.53614 6.38923 6.21867 11.5246 6.09257 5.38997 7.93367 7.35855 11.3458 7.24529 6.09862 5.25563 6.06785 5.23222 5.20979 7.62016 5.16318 5.63723
threshold=0.085733500000000004 0.041683500000000005 0.013898500000000001 0.35857150000000004 0.9743440000000001 0.027958500000000004 0.087216500000000016 0.031830500000000005 0.020271500000000005 0.046978500000000006 0.096764500000000017 0.62418850000000015 0.055778000000000008 0.037412000000000008 0.96151300000000017 0.70000000000000007 0.99670000000000003 1.7794765000000001 0.06557250000000002 3.4131480000000001 15.225578500000003 0.041138500000000008 0.092590500000000006 3.6740450000000004 2.8045765 0.024425500000000003 0.13539050000000002 0.099062500000000012 0.10640650000000001 0.12337950000000002
decision_type=2 2 2 2 2 2 2 2 2 2 2 2 2 2 2 2 2 2 2 2 2 2 2 2 2 2 2 2 2 2
left_child=1 3 12 -1 6 -6 -5 8 -7 17 11 -11 -3 -9 15 23 25 18 21 22 -21 -4 -19 24 -2 -10 27 -24 -12 -30
right_child=14 2 9 4 5 7 -8 13 16 10 28 -13 -14 -15 -16 -17 -18 19 -20 20 -22 -23 26 -25 -26 -27 -28 -29 29 -31
leaf_value=-0.041285848460758091 -0.048538219208384317 0.017736428609257247 0.06201538333779575 -0.038615142670259693 -0.025552663674818579 -0.031559917669687944 0.011915662162825484 -0.019292961842116128 0.033395529910580972 0.015145957869634805 0.037331016473436486 -0.048674215764229534 -0.033532411165357025 -2.7756012092025172e-05 -0.069229964322307921 0.016574564938341363 0.050410722461671068 0.063557538496004234 -0.013934799041873544 -0.0051079078427587778 0.049374091628641523 0.0065892836723443248 0.041154373156325794 -0.068434088983012217 0.0034304091502503882 0.0041522326072916966 0.058065786524678809 -0.01490081230794218 -0.024738561437062649 0.018412682608785296
leaf_weight=15.003614917397497 15.329688444733621 9.963153153657915 10.152810081839563 26.444009780883789 31.000760391354561 11.866745322942732 9.5224953889846784 57.965668067336082 19.653884425759315 17.070304676890377 25.135643541812897 13.683696269989012 16.531881153583527 167.10429541766644 13.414848759770392 10.152324393391607 10.801394164562224 23.209166631102562 18.095777824521065 24.813540697097778 15.540679544210432 14.063152998685835 14.590225741267206 13.502843201160429 8.8650200515985471 68.981266498565674 11.898222059011458 10.37326957285404 9.6948149353265745 34.511428236961365
leaf_count=68 70 42 42 113 134 50 40 244 82 71 103 58 70 707 63 45 45 94 74 101 63 58 59 64 40 288 48 42 40 142
internal_value=-0.000609171 0.00282392 0.0158594 -0.00556828 -0.00423965 -0.00218401 -0.0252366 -3.03141e-05 0.00999764 0.019145 0.00925567 -0.0132502 -0.0142534 -0.00498942 -0.0391442 -0.0307096 0.0149571 0.02608 0.0111112 0.0323867 0.0158735 0.0298273 0.0434799 -0.0434437 -0.0294967 0.0106366 0.0308385 0.0178613 0.0192373 0.00894924
internal_weight=748.937 687.672 269.328 418.344 403.341 367.374 35.9665 336.373 111.303 242.833 100.096 30.754 26.495 225.07 61.2647 47.8499 99.4365 142.737 42.3117 100.425 40.3542 24.216 60.0709 37.6976 24.1947 88.6352 36.8617 24.9635 69.3419 44.2062
internal_count=3160 2878 1107 1771 1703 1550 153 1416 465 995 414 129 112 951 282 219 415 581 174 407 164 100 243 174 110 370 149 101 285 182
is_linear=0
shrinkage=0.05


Tree=9
num_leaves=31
num_cat=0
split_feature=1 14 1 8 7 7 4 14 4 10 2 0 2 2 7 7 7 13 19 11 14 3 14 2 4 1 6 14 4 1
split_gain=21.8797 22.1798 13.3987 16.5464 16.8714 10.8357 9.56472 8.56498 7.98277 7.66272 7.23982 7.19637 11.421 8.66224 8.44068 6.98284 8.13967 6.76978 5.73941 6.23471 10.4176 9.38357 8.37836 7.80693 10.3415 8.92873 9.22717 7.69169 7.3687 5.53911
threshold=0.018525500000000004 0.061122000000000003 0.057983000000000007 66.695552000000006 0.98138500000000006 0.86874550000000006 0.091639500000000013 0.036586000000000007 0.34105550000000007 1.0000000180025095e-35 0.007467500000000001 1.6726375000000002 0.013989000000000001 0.057466500000000011 0.7120605000000001 0.65729100000000018 0.83302350000000003 0.15793650000000001 0.83235950000000003 0.20734100000000003 0.014590500000000001 0.037252 0.023820000000000004 0.058581500000000002 0.068895500000000012 0.041683500000000005 0.055778000000000008 0.026538000000000003 0.054563000000000007 0.044660500000000013
decision_type=2 2 2 2 2 2 2 2 2 2 2 2 2 2 2 2 2 2 2 2 2 2 2 2 2 2 2 2 2 2
left_child=9 2 10 5 7 -4 -3 17 -9 11 -2 14 15 -14 -1 -13 -17 -5 -12 20 -20 -22 23 25 -25 26 -21 -24 29 -29
right_child=1 6 3 4 -6 -7 -8 8 -10 -11 18 12 13 -15 -16 16 -18 -19 19 22 21 -23 27 24 -26 -27 -28 28 -30 -31
leaf_value=-0.0017075291461590141 -0.016644809673626186 -0.058334753587443028 -0.027802296904086088 0.016425863723494742 0.067427436179479688 0.021197184506244401 -0.011453977928860786 -0.021481356574477511 0.02922514409069334 -0.030334287685500356 -0.0273819271192727 -0.0099282701527575404 -0.035378895578792126 0.010857813826091398 -0.046326867988116985 0.050818423213889963 0.0011823027020085161 0.059280747309906123 -0.021565427214096877 0.022537953728882287 0.062607920735110692 0.016019192822215443 -0.028490968285492309 -0.041616767165876929 0.015741702908404719 0.055640019641000127 -0.028884865345445623 -0.0037612767700526393 0.0098629364585435305 -0.050356182319399201
leaf_weight=20.462216749787331 37.942682638764381 15.093731835484503 22.006705954670906 19.085512891411781 27.110592544078827 23.153128951787949 38.97051240503788 17.078884646296505 14.228156745433806 51.51119427382946 12.035799682140349 17.065781801939011 28.088295727968216 15.84343710541725 21.989307224750519 19.084897413849831 14.561131134629248 17.819499552249908 10.839792340993879 54.156543791294098 16.906639531254768 29.962109819054604 26.297532543540001 12.711158588528631 20.583496361970901 16.329445093870163 10.398648545145987 18.121979266405109 75.910233229398727 9.8424524217843992
leaf_count=88 161 69 93 77 109 96 173 70 58 228 51 73 121 68 96 82 62 72 46 226 70 124 110 53 85 67 44 77 317 42
internal_value=0.000791193 0.00585806 0.00919512 0.02225 0.034061 -0.00268061 -0.0245422 0.0207997 0.0015633 -0.0138927 0.00398551 -0.00771506 -4.29129e-05 -0.0187042 -0.0248197 0.0161234 0.0293372 0.0371182 0.00647765 0.00782681 0.0226083 0.0328248 0.00433585 0.0142216 -0.00615648 0.0226098 0.0142547 -0.00433529 0.0017801 -0.020161
internal_weight=735.192 546.585 492.521 140.482 95.3226 45.1598 54.0642 68.2121 31.307 188.606 352.039 137.095 94.6435 43.9317 42.4515 50.7118 33.646 36.905 314.096 302.06 57.7085 46.8687 244.351 114.179 33.2947 80.8846 64.5552 130.172 103.875 27.9644
internal_count=3108 2290 2048 575 386 189 242 277 128 818 1473 590 406 189 184 217 144 149 1312 1261 240 194 1021 475 138 337 270 546 436 119
is_linear=0
shrinkage=0.05


Tree=10
num_leaves=31
num_cat=0
split_feature=5 12 7 5 11 1 6 15 5 1 12 8 2 0 4 2 0 5 4 0 6 8 7 7 2 7 2 5 5 4
split_gain=30.6268 15.3955 10.042 9.41353 12.221 8.3625 7.85894 7.11867 11.8073 7.87177 6.28902 7.08208 6.03466 5.29234 5.01169 4.99134 9.70671 7.185 5.2909 5.02171 4.77603 4.76743 4.20465 6.20288 5.47708 4.8551 4.20944 4.16039 7.98794 6.47227
threshold=0.095165500000000014 0.067350000000000007 0.56994600000000006 0.033191500000000006 0.012660500000000003 0.032025500000000005 0.028591500000000002 1.0000000180025095e-35 0.036334000000000005 0.042325500000000009 -0.0068439999999999994 44.506516000000012 0.020020000000000003 2.5000705000000005 0.17970900000000004 0.046027000000000005 2.0904810000000005 0.027216000000000001 0.060760000000000008 2.7124865000000002 0.041467000000000011 77.67948650000001 0.96707200000000004 0.70041450000000005 0.077174000000000006 0.79462900000000014 0.095210000000000017 0.036687000000000004 0.045002500000000008 0.091639500000000013
decision_type=2 2 2 2 2 2 2 2 2 2 2 2 2 2 2 2 2 2 2 2 2 2 2 2 2 2 2 2 2 2
left_child=1 3 5 6 -5 13 12 8 -4 21 11 -2 -1 -3 -12 16 20 -17 -18 -19 -8 -9 23 26 -24 -25 -11 -6 29 -29
right_child=10 2 7 4 27 -7 15 9 -10 22 14 -13 -14 -15 -16 17 18 19 -20 -21 -22 -23 24 25 -26 -27 -28 28 -30 -31
leaf_value=0.0055115760529564073 -0.043637921135027777 -0.0018649613256022904 0.068554275522397234 0.030025528798686092 -0.030507278564658104 0.011043805343677229 0.0054301971414589369 0.0072878900035529956 0.015543943698536559 0.057435940501904349 -0.069543189571098146 0.017078382409178427 -0.04464207186750338 -0.048436427124224246 -0.030623933541128884 -0.027148583381365866 0.034624954527013439 0.041203606001580538 -0.00066404632711452303 -0.0064347842075094461 -0.035851966565948711 -0.01807127985618431 -0.0044730668952791056 -0.018475181842671714 0.035859339544468176 0.011203991475199838 0.011112688708903737 -0.0062785371383028326 -0.021964914366051205 0.034404775494584004
leaf_weight=10.775366410613062 10.259139731526377 9.8893467187881487 14.454744026064871 15.798338130116461 38.139181733131409 22.635386675596237 23.950764358043671 44.064718306064606 38.436346635222435 9.9412389397621173 17.470172047615051 9.0301637649536115 13.527177184820173 15.921383559703825 15.710013568401335 20.47056645154953 47.45558212697506 9.5876938253641146 13.684529751539229 13.07736577093601 9.9030966907739622 31.986861199140549 10.525166034698485 19.387189939618111 42.033821269869804 47.639735788106918 9.678988575935362 54.447238847613335 87.7133858948946 11.915498107671736
leaf_count=47 48 42 59 66 162 94 101 186 159 41 87 40 59 71 75 85 198 40 57 54 42 135 43 80 170 195 40 231 376 50
internal_value=-0.00109703 0.00171494 0.00981124 -0.00520442 -0.0122477 -0.0111389 0.00381532 0.0135963 0.0300313 0.00955802 -0.0379173 -0.015214 -0.0224047 -0.0305926 -0.0511159 0.00842848 0.0148333 -0.00567627 0.0267265 0.013717 -0.00664586 -0.00337803 0.0166253 0.00985742 0.0277826 0.00261944 0.0345839 -0.0157222 -0.0120623 0.00102619
internal_weight=739.51 687.041 316.595 370.446 208.014 48.4461 162.432 268.149 52.8911 215.258 52.4695 19.2893 24.3025 25.8107 33.1802 138.13 94.994 43.1356 61.1401 22.6651 33.8539 76.0516 139.206 86.6472 52.559 67.0269 19.6202 192.215 154.076 66.3627
internal_count=3133 2883 1315 1568 885 207 683 1108 218 890 250 88 106 113 162 577 398 179 255 94 143 321 569 356 213 275 81 819 657 281
is_linear=0
shrinkage=0.05


Tree=11
num_leaves=31
num_cat=0
split_feature=5 1 9 5 5 7 0 5 8 13 11 13 19 8 13 2 13 9 13 19 3 11 19 0 1 1 2 1 3 5
split_gain=24.8634 14.4307 9.82329 9.4515 9.00594 10.4361 8.70266 8.39364 7.89754 7.24389 6.31002 5.89095 5.70335 11.4862 5.53449 9.34636 5.43808 5.4063 9.47196 7.06298 14.5206 6.82524 5.97356 13.4775 5.9413 7.38057 6.42399 5.96232 5.84336 5.18175
threshold=0.095165500000000014 0.041683500000000005 0.27873500000000007 0.033067000000000006 0.046978500000000006 0.86706850000000013 3.560076 0.020271500000000005 82.137523500000015 0.29565350000000007 0.84965750000000007 0.13506450000000003 3.4872465000000008 66.897903500000012 0.17522500000000005 0.052857000000000008 0.21972400000000003 0.113804 0.019293500000000002 1.2416425000000004 1.0000000180025095e-35 0.89805200000000018 2.6390270000000005 3.6378210000000002 0.0058535000000000002 0.037235000000000011 0.029596000000000004 0.026215500000000003 0.032452500000000002 0.031740500000000012
decision_type=2 2 2 2 2 2 2 2 2 2 2 2 2 2 2 2 2 2 2 2 2 2 2 2 2 2 2 2 2 2
left_child=1 3 -2 7 6 12 11 -1 -7 17 -4 -3 13 -6 15 -8 -16 18 -5 28 -21 24 -22 -24 -19 26 -26 -28 -20 -17
right_child=2 4 10 9 5 8 14 -9 -10 -11 -12 -13 -14 -15 16 29 -18 21 19 20 22 -23 23 -25 25 -27 27 -29 -30 -31
leaf_value=-0.027126527140652681 -0.057994396319859177 -0.011365201150260294 -0.041442543091698363 0.040747260394259292 -0.029779757221597709 0.0068741770692690544 0.053226751730186296 0.010021589673822433 0.053162173922971082 0.029949237115586891 0.01125795394056836 0.022065148267715058 -0.034330546438383069 0.025720932023572913 0.074605451092466954 -0.010101549754537809 0.028890919500381626 -0.04505076615032242 -0.008675261083086595 0.042569722147165472 -0.030128816223758695 0.011814205234393428 0.025647695900441608 -0.032065245894990914 -0.024864150197778344 -0.057546215072783402 -0.01097538836777576 0.039247996347488753 0.045827350281256847 0.021269670059452701
leaf_weight=16.993635982275009 23.443135425448418 31.211801096796989 10.173104882240297 10.616803541779516 18.707068368792534 49.133970022201538 17.24697108566761 144.55722367763519 11.34221166372299 11.208335936069487 12.859932616353033 22.807103291153908 21.768775776028633 18.5821343511343 10.697026744484903 19.035164967179298 16.602069914340973 25.871517822146416 9.6462803333997744 10.428109675645826 55.960323169827461 14.816224619746206 19.088376596570015 21.520926266908646 31.133663341403008 9.4649832695722562 14.602263346314432 9.9266028553247434 10.032356679439543 42.668757110834122
leaf_count=73 119 130 49 45 80 204 70 608 46 48 56 93 92 76 43 77 67 113 41 44 237 64 81 94 134 41 63 42 42 173
internal_value=0.000197916 0.00256339 -0.0352093 -0.00334353 0.0113428 0.000955845 0.0190897 0.00611396 0.0155554 -0.00935125 -0.0120185 0.00274929 -0.0139943 -0.00212239 0.0273974 0.0206871 0.046804 -0.0111632 -0.00461727 -0.00841929 -0.0134825 -0.0196564 -0.0195353 -0.00493731 -0.0247803 -0.016728 -0.00978716 0.00934955 0.0191107 0.0115919
internal_weight=742.147 695.671 46.4762 415.868 279.803 119.534 160.269 161.551 60.4762 254.317 23.033 54.0189 59.058 37.2892 106.25 78.9509 27.2991 243.108 137.293 126.676 106.998 105.815 96.5696 40.6093 90.999 65.1275 55.6625 24.5289 19.6786 61.7039
internal_count=3145 2921 224 1770 1151 498 653 681 250 1089 105 223 248 156 430 320 110 1041 584 539 456 457 412 175 393 280 239 105 83 250
is_linear=0
shrinkage=0.05


Tree=12
num_leaves=31
num_cat=0
split_feature=5 8 11 14 19 6 9 2 11 0 5 14 5 0 11 15 5 18 6 5 11 18 15 6 5 11 0 6 2 13
split_gain=27.298 10.2344 11.5386 12.6985 10.3273 10.2177 7.58628 7.22937 7.20344 7.9784 6.7685 9.43112 6.36762 6.1325 5.66202 5.53472 5.40744 5.88205 6.20536 5.8315 7.41539 5.40159 8.92567 6.93918 5.10288 5.02503 4.6165 4.51933 4.38264 5.83097
threshold=0.092172000000000018 70.588581000000019 0.52152050000000016 0.013975500000000002 3.3334640000000006 0.039713000000000005 0.30357050000000002 0.007467500000000001 0.012660500000000003 1.9969355000000002 0.029227000000000003 0.022363500000000005 0.033912500000000005 1.6791820000000002 0.84965750000000007 2.5000000000000004 0.035129500000000008 0.70000000000000007 0.079369500000000023 0.029511000000000006 0.69848500000000013 0.50000000000000011 1.5000000000000002 0.080707500000000001 0.045729500000000006 0.065045000000000006 2.9491835000000006 0.070604500000000014 0.028963500000000007 0.082634500000000013
decision_type=2 2 2 2 2 2 2 2 2 2 2 2 2 2 2 2 2 2 2 2 2 2 2 2 2 2 2 2 2 2
left_child=1 2 3 7 8 13 -2 -1 -5 10 -10 -12 15 -3 -8 -7 19 -18 24 20 -4 22 -14 27 -19 -11 -9 -23 -15 -30
right_child=6 5 16 4 -6 12 14 26 9 25 11 -13 21 28 -16 -17 17 18 -20 -21 -22 23 -24 -25 -26 -27 -28 -29 29 -31
leaf_value=0.011952880544558413 -0.05126798735528279 -0.04319347684458532 0.015833907740676594 0.039555164741194006 -0.019940014741819185 0.018420757506735008 -0.042741925104493705 -0.061969949733228148 0.025885001935610469 -0.012057297365762193 -0.039897431901020575 0.0056374277253134928 0.0041607767431301118 0.021688331111890113 0.0084205811448532144 0.053219193353467469 -0.024692371613963704 -0.010507256734517982 -0.030383450535570917 0.023501313227312349 -0.044380819399999598 0.0018207275047844758 0.067505571432201747 0.017425975907862035 0.036927815262223281 0.021747916903185976 -0.015617783649198934 -0.031568135449849863 -0.043761042300883957 0.0053186278215663803
leaf_weight=9.2729252129793185 29.192321047186852 10.553831428289412 10.028624802827837 23.007814973592758 26.592763364315033 30.296087399125099 9.1673249900341052 11.766611114144327 13.788657486438749 12.422805294394491 20.008029356598854 26.343712717294693 11.847704872488977 14.446882367134092 13.185582652688025 18.346034213900566 84.524223849177361 10.574110776185991 11.302802354097365 19.196533411741257 10.430940866470335 53.338984727859497 10.480345681309698 79.457447439432144 12.223883405327795 95.502320155501366 9.8839676082134229 12.512041360139845 9.5440925806760806 16.538221046328545
leaf_count=40 150 45 42 95 113 124 45 51 58 52 86 112 49 61 57 75 362 45 48 81 44 224 43 327 52 398 42 52 41 70
internal_value=0.000587727 0.00326889 -0.00172477 0.00499404 0.00925349 0.0108682 -0.0344829 -0.0249876 0.0133165 0.00972449 -0.00486925 -0.014018 0.0156186 -0.0092443 -0.0125621 0.0315455 -0.012277 -0.0176204 -9.1544e-05 0.00370693 -0.0148655 0.0109972 0.0338936 0.00747897 0.0149266 0.0178567 -0.0408092 -0.00452333 -0.000403907 -0.0126407
internal_weight=725.778 674.232 406.871 248.59 217.666 267.362 51.5452 30.9235 191.073 168.066 60.1404 46.3517 216.279 51.083 22.3529 48.6421 158.281 118.625 34.1008 39.6561 20.4596 167.637 22.3281 145.308 22.798 107.925 21.6506 65.851 40.5292 26.0823
internal_count=3084 2832 1721 1047 914 1111 252 133 801 706 256 198 894 217 102 199 674 507 145 167 86 695 92 603 97 450 93 276 172 111
is_linear=0
shrinkage=0.05


Tree=13
num_leaves=31
num_cat=0
split_feature=5 8 6 7 7 6 19 19 14 19 13 15 6 12 7 19 2 9 7 2 9 4 18 7 5 6 14 4 13 5
split_gain=33.4397 11.2777 10.7864 7.74855 7.64524 7.65841 6.52293 10.2406 6.41144 5.9965 9.01231 5.75352 7.83228 6.48899 8.70437 5.9954 5.53417 5.38025 5.30002 5.22821 5.1539 4.88938 4.70453 9.75681 6.44235 8.84297 6.31502 5.74312 7.66515 6.43025
threshold=0.095165500000000014 70.588581000000019 0.03840600000000001 0.44850050000000002 0.60782750000000008 0.066476000000000021 9.4136120000000023 3.4872465000000008 0.017313000000000005 2.5698855000000003 0.068970500000000004 1.0000000180025095e-35 0.073165500000000008 0.092621500000000009 0.9704425000000001 3.4131480000000001 -0.015274499999999998 0.065300500000000011 0.57785800000000009 0.025029500000000003 0.19824700000000003 0.037925000000000007 0.50000000000000011 0.66585550000000004 0.025080500000000002 0.070604500000000014 0.014253500000000001 0.029568000000000001 0.056882000000000009 0.031830500000000005
decision_type=2 2 2 2 2 2 2 2 2 2 2 2 2 2 2 2 2 2 2 2 2 2 2 2 2 2 2 2 2 2
left_child=1 4 19 -4 5 18 7 9 -5 16 -11 15 -13 -14 -15 -10 -6 -2 21 -3 -9 -1 23 -18 -25 27 -24 29 -29 -26
right_child=17 2 3 8 6 -7 -8 20 11 10 -12 12 13 14 -16 -17 22 -19 -20 -21 -22 -23 26 24 25 -27 -28 28 -30 -31
leaf_value=0.034311418839351827 -0.066156980907957449 0.013191980432448763 -0.018938071842182963 0.049722764514343605 -0.027479561496324707 -0.043809753471500845 0.039249351063169034 -0.014176614464791681 0.046773456597182968 -0.0022713940371297033 0.049999932057282481 -0.0011968213637727472 0.057849734248236064 0.0046885296581124121 0.040836481892996351 0.0034327298483310328 0.052013888201790349 -0.029581675763609164 -0.026068531854018796 -0.024226755679277758 -0.055787363847704774 -0.012773051946728795 -0.032540537045257993 0.037993486893482392 0.0098666872623348473 0.029783187144688656 -0.00033547309938804486 0.04139578138455316 -0.014790654401308138 -0.038521020193965888
leaf_weight=10.7955878674984 14.723706841468809 13.692592620849608 15.664545193314551 14.393009796738623 17.513308599591255 20.440250277519226 10.439038395881651 27.255778774619102 25.073432847857475 17.584337443113327 15.527818888425825 71.864628285169601 10.546568170189856 53.030314281582832 24.277929857373238 11.703965738415716 12.150789082050322 31.70689132809639 18.414668619632721 29.332941681146622 10.236392989754675 11.269158154726027 17.097589328885078 12.180494531989096 9.7287908196449262 17.713391676545143 138.7466961145401 10.009439900517465 15.423648551106451 23.332050189375877
leaf_count=46 80 58 69 59 76 88 45 116 102 74 64 299 43 218 98 48 51 153 79 126 44 49 74 51 41 74 582 42 65 101
internal_value=-0.00011563 0.00266602 0.0106318 0.0149903 -0.00249776 -0.0188618 0.000310869 -0.000869043 0.0175104 0.00214349 0.022241 0.015151 0.0110454 0.0210595 0.0160405 0.0329808 -0.000286162 -0.0411801 -0.00626425 -0.0123185 -0.0255375 0.0102639 0.0015714 0.010004 0.00422886 -0.00116786 -0.00386867 -0.0105406 0.00732207 -0.024282
internal_weight=731.87 685.439 269.58 226.554 415.859 60.9197 354.94 344.501 210.89 307.008 33.1122 196.497 159.719 87.8548 77.3082 36.7774 273.896 46.4306 40.4794 43.0255 37.4922 22.0647 256.383 100.539 88.3878 76.2073 155.844 58.4939 25.4331 33.0608
internal_count=3115 2882 1120 936 1762 262 1500 1455 867 1295 138 808 658 359 316 150 1157 233 174 184 160 95 1081 425 374 323 656 249 107 142
is_linear=0
shrinkage=0.05


Tree=14
num_leaves=31
num_cat=0
split_feature=5 12 3 9 9 14 9 15 12 9 9 14 5 0 9 14 11 14 4 4 3 14 6 3 14 14 5 8 4 11
split_gain=22.967 14.0882 8.29175 7.76991 7.63106 8.0562 7.41048 6.48341 9.21266 7.46413 6.81514 6.55025 6.14573 6.6873 9.07195 5.69834 7.43903 11.2864 7.38904 8.93898 5.34181 4.99715 5.01944 4.94339 4.70834 8.81888 6.534 5.72189 5.94922 4.79241
threshold=0.095165500000000014 0.06977700000000002 0.11196250000000001 0.27873500000000007 0.0024360000000000002 0.043154000000000005 0.059933000000000007 4.5000000000000009 0.0088605000000000021 0.23732550000000002 0.28430900000000009 0.018729500000000003 0.049017500000000006 5.1730775000000007 0.0053770000000000007 0.020745000000000003 0.24828750000000002 0.018030500000000001 0.092590500000000006 -0.015837999999999998 0.032452500000000002 0.035679000000000009 0.061153000000000006 0.045707000000000005 0.023890000000000005 0.025641000000000004 0.031830500000000005 85.007462500000017 0.20550400000000005 0.82235150000000012
decision_type=2 2 2 2 2 2 2 2 2 2 2 2 2 2 2 2 2 2 2 2 2 2 2 2 2 2 2 2 2 2
left_child=1 2 4 -2 23 6 -6 8 9 11 15 -8 13 24 -15 16 20 -18 19 -17 -10 -14 -23 -1 26 -26 -3 28 29 -27
right_child=3 12 -4 -5 5 -7 7 -9 10 -11 -12 -13 21 14 -16 18 17 -19 -20 -21 -22 22 -24 -25 25 27 -28 -29 -30 -31
leaf_value=0.037765731036662892 -0.053273065812730572 0.0015303657270630852 -0.043390474831781635 -0.012285747628755714 -0.016199141475348372 -0.038918589273442855 -0.009730709338594476 0.016969902973796951 -0.0082023228165784157 0.0048227050282210766 -0.024269003803457444 -0.048860581880311858 -0.018415562432673845 0.074412086025565913 0.022401101720195715 -0.0065361741471979045 0.0059167792608155589 -0.051744907725271239 -0.019163489788420987 0.042726533120322353 0.040434877109907577 0.032275639600830984 0.002658843673756588 -0.0019755325190212053 -0.041808225294940292 0.016339478646602634 0.045710527652293075 -0.025162185504358017 0.037068782419127574 -0.025604574592477919
leaf_weight=19.171565428376198 23.549151584506035 15.570515945553778 12.289602085947989 22.716420158743858 73.173417314887047 15.624122336506842 20.646134793758392 55.486146628856659 9.4450375884771365 24.01480832695961 17.034037634730339 22.189488857984543 22.253337293863297 9.8838505148887617 55.2489924877882 12.659946858882902 23.175719127058983 13.389140039682387 9.4703862369060499 33.777638286352158 14.032895177602766 17.298512130975723 82.698201432824135 13.221279084682463 9.6690386980772001 20.383603870868686 18.093946024775505 9.9280486553907377 20.623415052890778 10.226853191852568
leaf_count=80 129 64 53 106 309 69 89 235 40 103 72 97 93 40 227 54 97 57 40 143 59 73 346 55 41 84 75 41 85 43
internal_value=0.000940666 0.00325768 -0.00297483 -0.0331483 -0.00165564 -0.00383959 -0.00217114 0.0018492 -0.00234921 -0.0174909 0.00526242 -0.0300006 0.0115598 0.0177191 0.0302937 0.00960081 -0.001095 -0.0151975 0.0210877 0.0292964 0.0208684 0.00301345 0.00778228 0.0215452 0.00988123 0.00256429 0.0252763 0.00957911 0.0163112 0.00232611
internal_weight=726.945 680.68 388.801 46.2656 376.512 344.119 328.495 255.321 199.835 66.8504 132.985 42.8356 291.878 169.628 65.1328 115.951 60.0428 36.5649 55.908 46.4376 23.4779 122.25 99.9967 32.3928 104.495 70.831 33.6645 61.1619 51.2339 30.6105
internal_count=3099 2864 1652 235 1599 1464 1395 1086 851 289 562 186 1212 700 267 490 253 154 237 197 99 512 419 135 433 294 139 253 212 127
is_linear=0
shrinkage=0.05


Tree=15
num_leaves=31
num_cat=0
split_feature=5 1 9 13 12 7 5 11 0 4 7 5 9 8 11 12 15 13 5 4 4 13 13 13 5 0 2 2 4 13
split_gain=17.0446 17.4178 10.7835 7.29845 8.21329 7.02347 7.24221 6.97108 6.96553 6.19911 5.74862 5.66355 6.96012 5.96386 5.07635 7.37359 13.8777 4.7658 4.82332 4.76201 4.71618 4.70758 4.26897 6.71254 5.01815 4.18879 5.0449 4.85045 8.11833 3.86288
threshold=0.087558500000000011 0.041683500000000005 0.062440500000000003 0.031280000000000009 0.035120000000000005 0.88749250000000013 0.046741500000000005 0.56503400000000015 3.4632025000000004 0.14224100000000003 0.33493550000000005 0.040480000000000009 0.023386500000000005 65.735985500000012 0.012660500000000003 0.017348000000000002 4.5000000000000009 0.022579000000000005 0.020271500000000005 -0.0097854999999999973 1.0000000180025095e-35 -0.05555199999999999 0.10094600000000002 0.17330700000000002 0.050749000000000009 1.4741935000000002 0.020020000000000003 -0.012108999999999998 -0.030900499999999997 0.11713100000000001
decision_type=2 2 2 2 2 2 2 2 2 2 2 2 2 2 2 2 2 2 2 2 2 2 2 2 2 2 2 2 2 2
left_child=1 10 -2 4 -3 6 11 -8 29 21 -1 12 -5 -14 19 16 25 20 -19 -12 -17 -4 -10 -24 -25 -16 27 -27 -29 -7
right_child=2 3 9 5 -6 8 7 -9 22 -11 14 -13 13 -15 15 17 -18 18 -20 -21 -22 -23 23 24 -26 26 -28 28 -30 -31
leaf_value=-0.036205578758342676 -0.0604697104304356 0.00806107653816443 -0.0093140282743242563 -0.02570496345213117 -0.043616343234609438 -0.0086881768437188592 0.025399856390029008 -0.016858487280844391 0.057240698718949302 0.0076252706169769304 0.045266801450646862 0.039309715540447536 -0.013116214799695597 0.032487297340174137 -0.049904339313694722 -0.0047370122403425259 0.021074955027870015 -0.036701853578062507 5.5754368009353001e-05 0.00092983758677401716 0.03737991209198871 -0.062364018246429204 0.0023528352129028197 0.058035708396555225 0.01636428466617372 -0.030977319736658678 -0.03764027628216244 0.039574447014408522 -0.017174327515378781 0.021918607790653851
leaf_weight=12.63711081445217 15.902102962136267 26.008714690804482 9.1565916091203707 11.070008739829062 10.915642753243445 16.293137758970261 13.166627600789068 37.710714712738991 17.81184421479702 19.991756528615952 10.626019194722177 22.833764746785164 9.9628963619470579 25.566953435540199 13.416439786553381 11.073697447776796 21.20061120390892 9.2771124392747861 234.90950678288937 14.082087397575377 16.627078577876091 7.6971482634544364 16.117151260375977 19.019947573542598 11.649326294660566 15.8405395001173 24.008536249399185 10.017237871885298 16.993454024195675 28.068384602665901
leaf_count=60 88 111 42 45 46 68 55 158 72 96 44 93 41 103 60 47 91 40 993 59 70 40 65 77 47 69 104 43 74 114
internal_value=0.0013185 0.00345176 -0.0260574 0.0134143 -0.00721589 0.0167368 0.00840859 -0.00592238 0.0259326 -0.0112054 -0.00300531 0.0189096 0.00891358 0.0196997 -0.00195134 -0.00340385 -0.0149053 0.00088887 -0.00134074 0.0199975 0.0205432 -0.0335421 0.0364089 0.0284781 0.0422074 -0.0244076 -0.0192913 -0.00901076 0.00387163 0.0106773
internal_weight=729.652 676.905 52.7476 266.195 36.9244 229.271 120.311 50.8773 108.96 36.8455 410.709 69.4336 46.5999 35.5298 398.072 373.364 101.477 271.887 244.187 24.7081 27.7008 16.8537 64.5983 46.7864 30.6693 80.2762 66.8598 42.8512 27.0107 44.3615
internal_count=3115 2849 266 1095 157 938 495 213 443 178 1754 282 189 144 1694 1591 441 1150 1033 103 117 82 261 189 124 350 290 186 117 182
is_linear=0
shrinkage=0.05


Tree=16
num_leaves=31
num_cat=0
split_feature=5 1 4 14 12 10 0 19 2 2 19 1 5 12 14 15 2 15 18 0 11 0 4 4 0 19 8 4 12 13
split_gain=16.4492 10.9704 8.99538 7.91729 7.56723 6.83133 6.34594 5.43886 6.29278 7.14401 5.23075 6.5253 5.9541 10.0452 5.19285 4.81926 6.61246 10.3293 8.3985 5.89005 5.52025 5.47256 4.99016 6.96068 5.29647 4.40266 4.35293 4.14887 4.11405 8.54508
threshold=0.095165500000000014 0.031753500000000011 0.33341700000000002 0.061122000000000003 0.25649550000000004 1.0000000180025095e-35 2.5473815000000006 3.4131480000000001 0.10053100000000001 0.0065485000000000005 1.7794765000000001 0.035282000000000008 0.041958000000000002 0.042280500000000006 0.15258250000000004 1.0000000180025095e-35 0.027250000000000003 4.5000000000000009 0.70000000000000007 1.4741935000000002 0.049590000000000009 2.1515935000000002 1.0000000180025095e-35 0.032817000000000006 3.1775060000000006 1.4862210000000002 59.445537500000007 0.29430900000000004 0.099062500000000012 0.15015900000000001
decision_type=2 2 2 2 2 2 2 2 2 2 2 2 2 2 2 2 2 2 2 2 2 2 2 2 2 2 2 2 2 2
left_child=1 2 15 5 -5 7 27 8 9 -3 11 -11 -13 -14 26 20 17 18 19 -17 -1 -19 -22 -24 25 -25 -2 -7 -8 -30
right_child=14 3 -4 4 -6 6 28 -9 -10 10 -12 12 13 -15 -16 16 -18 21 -20 -21 22 -23 23 24 -26 -27 -28 -29 29 -31
leaf_value=0.03891220407822496 -0.065430219050842953 -0.026227642763746152 0.040793890921948281 -0.045214242650116809 0.012108007112428248 -0.018182217594444171 0.031038469693771692 -0.022204449363749327 -0.024648091819257655 0.039446073854211311 0.029697204504510095 -0.015394722622736168 0.053464816122419948 -0.0083932754158558068 -0.013142166244571499 -0.051866337568049731 -0.018298368877695686 0.0019914893954319263 0.033024456416072344 -0.011013723221171267 -0.026777882771363833 0.043123848432211398 0.044982307212745001 -0.014855466542521997 -0.027850722921836969 0.028364093772304779 -0.017355350459965994 0.016543935520972278 -0.012689841640527642 0.022630269733980749
leaf_weight=10.045652329921721 13.537697404623033 12.673032239079474 10.257839038968084 13.4237606972456 10.08133591711521 19.969787314534187 56.508904054760933 20.715729311108589 15.484600469470022 12.039952471852301 33.871880158782005 32.426962211728096 10.915539205074312 16.459304913878441 20.297260239720345 10.257898032665251 122.83058731257915 16.347751811146736 9.5916794240474683 63.077454447746277 14.448701590299605 16.002123787999153 9.5319350808858854 9.8231779336929339 13.57478792965412 14.725565284490584 7.219556748867034 15.10847447812557 22.74817755818367 69.265969008207321
leaf_count=42 77 54 43 59 42 83 230 88 65 50 139 136 46 69 99 46 530 70 41 272 63 68 41 42 59 62 40 61 93 282
internal_value=-0.000387246 0.00146252 -0.00527297 0.00743118 -0.0206287 0.00938143 0.0159021 0.0016369 0.0053262 0.00924674 0.0134994 0.00586253 -0.000898874 0.0162722 -0.031125 -0.00679605 -0.0102263 -0.00162537 -0.0109735 -0.016728 0.00452452 0.0223379 -0.00103786 0.00676628 -0.00278878 0.0110698 -0.0487094 -0.0032254 0.0204196 0.0138983
internal_weight=723.263 682.209 320.515 361.693 23.5051 338.188 183.601 154.587 133.871 118.387 105.714 71.8418 59.8018 27.3748 41.0545 310.257 238.107 115.277 82.927 73.3354 72.1498 32.3499 62.1042 47.6555 38.1235 24.5487 20.7573 35.0783 148.523 92.0141
internal_count=3092 2876 1379 1497 101 1396 749 647 559 494 440 301 251 115 216 1336 1027 497 359 318 309 138 267 204 163 104 117 144 605 375
is_linear=0
shrinkage=0.05


Tree=17
num_leaves=31
num_cat=0
split_feature=14 2 14 7 2 19 6 13 3 14 13 9 8 7 3 6 6 6 19 9 9 14 4 6 19 6 9 7 9 2
split_gain=15.352 8.23403 7.95125 8.00183 12.5352 9.3789 13.0968 10.3964 9.24929 9.05138 8.24776 6.69249 7.06483 6.17584 6.21575 6.16946 7.24725 8.22097 7.89222 6.26712 6.07972 5.86662 8.34373 7.94519 5.79939 5.79587 5.7769 5.70311 7.40466 6.7972
threshold=0.0598985 0.091726000000000016 0.053122000000000009 0.65729100000000018 0.14960250000000003 0.9743440000000001 0.11388050000000001 0.124432 0.047716500000000009 0.044501500000000006 0.067611000000000018 0.00095600000000000014 62.676617 0.59362300000000012 0.028650000000000005 0.08150750000000001 0.062509000000000023 0.045045000000000009 1.7794765000000001 0.093644500000000006 0.061638500000000006 0.024738000000000003 0.026038500000000003 0.03840600000000001 1.8304110000000002 0.11886550000000001 0.16319350000000002 0.70606600000000019 0.22819450000000002 0.053556000000000006
decision_type=2 2 2 2 2 2 2 2 2 2 2 2 2 2 2 2 2 2 2 2 2 2 2 2 2 2 2 2 2 2
left_child=2 -2 3 8 5 7 9 26 13 10 11 24 20 14 -1 16 17 19 -18 -12 -13 22 -14 -24 -7 -4 -5 -22 29 -29
right_child=1 -3 25 4 -6 6 -8 -9 -10 -11 15 12 21 -15 -16 -17 18 -19 -20 -21 27 -23 23 -25 -26 -27 -28 28 -30 -31
leaf_value=0.002541786111007509 -0.036968165423872205 -0.0020303334187605211 0.0073549466385374618 -0.051863830244540804 0.033857035846829746 0.056384047731321989 -0.031672447264858912 0.024119656505123249 -0.017218196139221081 -0.029862433144139396 -0.0021683262275179974 -0.042118161351217161 0.059331232260788382 -0.0062208965705189273 0.048801431081611626 0.036612679316086992 -0.036764830805084588 0.03482053251621816 0.011204392865215199 0.041169459135528622 0.023307321579875046 -0.018088542028897772 -0.025129247324793963 0.027939683114778152 0.0022098406521927137 0.060810583878567019 -0.0080010541571401833 -0.026585009049933862 0.01196434131411247 0.013952620386697537
leaf_weight=15.582914963364603 39.097655579447746 29.655153274536133 10.273542657494547 18.508056774735454 35.437414661049843 9.9992270320653933 22.625333800911903 10.185610517859457 99.130953803658485 15.558240205049513 43.563591301441193 11.636238694190977 11.323238536715506 39.571418792009354 13.598230361938475 32.776838064193726 13.594230160117148 46.532450005412102 23.221824586391449 10.31787560880184 16.172054931521416 11.198736488819121 10.920324400067331 19.914512291550636 9.7640334963798505 10.012793585658072 12.628533720970152 51.084114268422127 29.304304480552673 12.965314313769339
leaf_count=67 194 138 44 81 145 41 103 42 424 66 183 50 47 169 58 133 56 192 95 43 69 47 47 82 41 42 55 221 125 55
internal_value=0.00059814 -0.0218984 0.00291564 0.00194935 0.00524018 0.00295509 0.00528414 -0.0197295 -0.00744447 0.00748544 0.00908051 0.00204279 -0.00108009 0.00664778 0.0240985 0.0171231 0.0124681 0.0194257 -0.00650812 0.00613052 -0.00775602 0.0140795 0.0226245 0.00914503 0.0296193 0.0337392 -0.0340737 -0.00410531 -0.00885412 -0.0183791
internal_weight=736.155 68.7528 667.402 647.116 479.232 443.795 402.472 41.3222 167.884 379.847 364.289 194.282 174.519 68.7526 29.1811 170.007 137.23 100.414 36.8161 53.8815 121.162 53.3568 42.1581 30.8348 19.7633 20.2863 31.1366 109.526 93.3537 64.0494
internal_count=3155 332 2823 2737 2019 1874 1696 178 718 1593 1527 825 743 294 125 702 569 418 151 226 520 223 176 129 82 86 136 470 401 276
is_linear=0
shrinkage=0.05


Tree=18
num_leaves=31
num_cat=0
split_feature=5 1 9 7 14 2 14 3 1 15 9 6 0 7 19 19 2 6 6 9 3 13 7 9 15 9 6 13 2 19
split_gain=15.5792 13.1614 10.8248 10.2703 8.33546 8.14453 9.37928 7.80648 6.65397 6.51455 8.39222 6.39763 6.90494 5.68645 8.22517 6.92262 9.17035 5.63399 5.44488 5.11899 4.79235 5.1031 6.34709 5.89651 10.0599 6.1302 6.09264 5.13565 5.01403 5.48651
threshold=0.095165500000000014 0.042008500000000011 0.27873500000000007 0.86377050000000011 0.0598985 0.08612400000000002 0.025641000000000004 0.19410300000000003 0.056843000000000012 1.0000000180025095e-35 0.015599500000000001 0.031532500000000005 3.1775060000000006 0.77275250000000006 3.4872465000000008 2.8613025000000003 0.058581500000000002 0.079369500000000023 0.055778000000000008 0.17385600000000004 0.14787400000000003 0.18028450000000004 0.74091450000000003 0.10902850000000001 4.5000000000000009 0.096157500000000021 0.062081000000000004 0.07592900000000001 0.017688000000000002 1.4608605000000001
decision_type=2 2 2 2 2 2 2 2 2 2 2 2 2 2 2 2 2 2 2 2 2 2 2 2 2 2 2 2 2 2
left_child=1 7 -2 4 13 6 18 9 -8 10 -1 -12 -13 14 15 16 -3 -10 -5 -7 21 23 -23 25 27 26 -11 -25 -26 -30
right_child=2 3 -4 5 -6 19 8 -9 17 20 11 12 -14 -15 -16 -17 -18 -19 -20 -21 -22 22 -24 24 28 -27 -28 -29 29 -31
leaf_value=0.043135438186079261 -0.054421218632440073 0.04108484204306987 -0.0046354346212905467 0.051305014454254089 -0.039649099892613303 0.036074737421026896 -0.031752546445417369 -0.040450972003349059 0.037638186931573565 0.0023063688947610769 -0.03282111074086435 0.020874361809693754 -0.015071628473518001 -0.012869356883706246 -0.011862643110750097 0.05704337195938896 -0.0046197859110567651 -0.0151493057464999 0.0056476914766118314 0.0021589532701390261 0.026599279096391565 -0.0070376647108743992 -0.061024259106541003 -0.026015173993288711 0.031496911261067878 0.034948481262503842 -0.030295417212326665 0.0094887073850682957 -0.034230363540339592 0.019309036112788593
leaf_weight=15.084584459662436 21.649281159043312 17.95167051255703 22.026590421795845 13.501834288239481 12.095746576786039 64.162565216422081 17.99964851140976 14.35377077758312 9.6620995849370974 113.15578782558441 11.088152900338171 38.986680343747139 20.324463471770287 35.530038639903069 26.83448600769043 11.146759271621702 28.239950895309448 10.600065991282461 12.645823821425436 13.459326550364493 10.661844253540037 12.467628449201586 9.6646121293306333 83.782225370407104 15.055960476398466 12.421213284134863 16.408591032028198 11.59517455101013 9.4321622550487536 9.7122671455144864
leaf_count=62 130 74 105 55 54 260 76 65 40 480 49 165 87 147 111 45 116 44 52 56 46 53 41 367 64 53 70 50 40 41
internal_value=-0.000368783 0.00149571 -0.0293133 0.00995928 -9.28263e-05 0.0192872 0.00614315 -0.00423809 -0.00962982 -0.00290475 0.00929127 0.00203942 0.00855656 0.00390426 0.0109845 0.0216771 0.0131426 0.0100226 0.0292237 0.0301939 -0.00633021 -0.00752563 -0.0306123 -0.00564408 -0.0133565 0.00139434 -0.00182246 -0.0216989 0.00990879 -0.00706899
internal_weight=721.701 678.025 43.6759 273.83 131.799 142.031 64.4095 404.195 38.2618 389.841 85.4839 70.3993 59.3111 119.703 84.1729 57.3384 46.1916 20.2622 26.1477 77.6219 304.357 293.696 22.1322 271.563 129.578 141.986 129.564 95.3774 34.2004 19.1444
internal_count=3098 2863 235 1130 547 583 267 1733 160 1668 363 301 252 493 346 235 190 84 107 316 1305 1259 94 1165 562 603 550 417 145 81
is_linear=0
shrinkage=0.05


Tree=19
num_leaves=31
num_cat=0
split_feature=1 14 1 3 0 8 3 6 19 6 8 12 8 7 19 14 14 19 0 13 6 8 14 8 6 6 8 1 7 3
split_gain=11.0242 12.4048 7.77051 6.89502 8.35655 6.35931 8.16312 5.74664 5.30289 5.20844 5.76149 8.05881 7.33746 6.31976 5.11312 4.91514 15.4008 4.88025 7.26058 7.61529 7.04744 5.36453 5.01818 6.20702 5.27591 4.90704 5.02421 4.76848 4.5559 4.35794
threshold=0.017331000000000003 0.0598985 0.14920050000000004 -0.0090684999999999984 1.9969355000000002 80.871244000000019 0.17610800000000001 0.027958500000000004 1.9544885000000003 0.12739750000000002 51.447689000000004 0.0069445000000000002 57.454748000000009 0.72123250000000005 2.4520790000000008 0.051168500000000006 0.044501500000000006 4.5857260000000011 4.9371825000000005 0.033595000000000007 0.068947500000000009 63.547942000000006 0.029839000000000001 65.160027000000014 0.077794000000000016 0.047215500000000007 68.198949000000013 0.15995300000000004 0.97568600000000016 0.032919500000000011
decision_type=2 2 2 2 2 2 2 2 2 2 2 2 2 2 2 2 2 2 2 2 2 2 2 2 2 2 2 2 2 2
left_child=3 2 5 4 -1 6 7 -2 -7 10 11 13 -12 -5 -10 16 17 18 21 -20 -19 -9 23 -21 -25 29 -27 -3 -28 -23
right_child=1 27 -4 9 -6 8 -8 15 14 -11 12 -13 -14 -15 -16 -17 -18 20 19 22 -22 25 -24 24 -26 26 28 -29 -30 -31
leaf_value=-0.015531406110779753 -0.031232978391785467 -0.027955172906949266 0.042999062426087864 0.013162633606315447 0.039954217414134935 -0.0026524969331944027 -0.025382594418116994 0.0087031405110807713 0.057847742417538886 -0.049918144662215745 -0.050427615264901415 0.033674044003282604 -0.014315395005533586 -0.045254446063360695 0.017977107949471587 0.037313118953168703 -0.053449798592391955 0.0082289597629357034 -0.011917119039396188 -0.012351904338782967 -0.041471269019978552 -0.016173869194356719 0.053873554341399267 0.01094116705157221 0.054691601558388273 -0.039263929610066341 -0.015267253661682793 0.0084409594216846105 0.021443392042892126 0.016510322826839272
leaf_weight=14.79647681117058 12.114896848797796 44.888336062431335 12.53235876560211 8.8372256159782463 12.534286811947821 22.67936997115612 27.766939103603363 151.70684500038624 10.337365850806234 11.413663476705549 17.139248430728912 13.190251961350439 78.451696142554283 9.724321171641348 36.201266646385193 10.602429166436194 11.787405356764792 15.150861144065859 13.949253290891646 10.727827250957487 13.477745324373243 14.79481281340122 15.198215276002882 14.001147180795671 13.568993955850599 15.848350584506987 36.406873524188995 11.255926817655562 11.006444334983824 32.829768344759941
leaf_count=67 54 220 52 40 56 93 117 641 42 65 77 57 343 44 149 45 51 64 58 44 57 62 62 57 55 66 150 51 45 136
internal_value=-0.00172928 0.00163216 0.00412175 -0.0130395 0.00991511 0.00312773 0.000818285 0.00266867 0.0171723 -0.0175609 -0.0146607 0.00379259 -0.0207902 -0.0174418 0.0268333 0.0037465 0.00278582 0.00463397 0.00635174 0.0209849 -0.0151689 0.00259329 0.0295642 0.0199172 0.0324735 -0.00576578 -0.0148919 -0.0206584 -0.00674531 0.00635682
internal_weight=724.921 558.833 502.689 166.087 27.3308 490.157 420.939 393.172 69.218 138.756 127.343 31.7518 95.5909 18.5615 46.5386 381.057 370.455 358.667 330.039 67.4454 28.6286 262.593 53.4962 38.298 27.5701 110.886 63.2617 56.1443 47.4133 47.6246
internal_count=3120 2371 2100 749 123 2048 1764 1647 284 626 561 141 420 84 191 1593 1548 1497 1376 276 121 1100 218 156 112 459 261 271 195 198
is_linear=0
shrinkage=0.05


Tree=20
num_leaves=31
num_cat=0
split_feature=1 5 0 5 6 6 1 8 14 4 3 0 8 6 0 13 13 14 12 14 6 9 2 1 1 0 5 5 2 5
split_gain=14.1926 15.2715 7.83813 7.32731 7.73911 4.77812 7.19951 6.78858 4.64452 4.59444 4.53926 5.16412 6.36336 7.23602 4.94843 4.71664 7.65476 5.72772 4.44528 4.44298 7.49779 5.37977 5.67972 4.93727 7.56023 3.96758 9.14551 3.86854 7.58851 8.17808
threshold=0.041683500000000005 0.057573500000000007 2.5767455000000004 0.084293500000000007 0.025788500000000002 0.10790600000000002 0.14920050000000004 68.198949000000013 0.058814000000000012 0.27995200000000003 0.19410300000000003 1.8441310000000002 45.509909000000007 0.056247000000000012 1.9241480000000002 0.021650500000000003 0.0044940000000000006 0.019811500000000003 -0.0068439999999999994 0.037509000000000008 0.064014000000000015 0.22367150000000005 0.013168000000000001 0.031256500000000007 0.017638500000000005 1.9902890000000002 0.043387000000000009 0.034812000000000003 0.047672000000000006 0.032094500000000005
decision_type=2 2 2 2 2 2 2 2 2 2 2 2 2 2 2 2 2 2 2 2 2 2 2 2 2 2 2 2 2 2
left_child=3 2 25 4 -1 9 7 -7 -9 -3 11 19 13 -13 -14 16 17 -16 -5 20 21 22 -6 24 -24 26 -2 28 -4 -30
right_child=1 5 27 18 10 6 -8 8 -10 -11 -12 12 14 -15 15 -17 -18 -19 -20 -21 -22 -23 23 -25 -26 -27 -28 -29 29 -31
leaf_value=-0.051990783846041749 -0.017175312361984919 -0.0090415982919314596 0.068320526477478105 -0.0060915978035819222 -0.038185835936004678 -0.057222938652342493 0.012867512541358282 0.01031141659980892 -0.03953854326462105 0.027558432223053698 -0.03346383678481122 -0.0045086290502064945 0.03977263961387037 -0.057230015196551354 0.023145563608332344 -0.0012108480284750299 0.037920883837685264 -0.024278967806976054 -0.047582855411977001 0.014611899911190711 -0.057308272784230542 0.014091053605569545 -0.025748316405383134 -0.036430141171116107 0.017394275839013984 -0.01585574536474418 0.042577578303129845 0.015039871535226582 0.0054195850465517774 0.050678103979139161
leaf_weight=8.4468899667263013 13.102108344435694 26.259007856249809 11.131716609001158 10.560955718159677 21.646044760942459 15.320250675082205 11.749879270792006 10.253809019923212 8.584226191043852 12.731967449188231 12.350389480590819 22.149956807494167 9.2716222852468473 9.2162828743457776 11.918892875313761 179.4719912558794 22.233483612537384 13.667467445135115 16.605891153216362 14.386405140161513 9.5264457166194898 17.679964438080788 16.943929493427277 11.833286195993422 25.342481926083565 25.399074107408524 12.52562142908573 103.82630099356174 27.243628203868866 15.752833500504492
leaf_count=38 55 118 45 51 96 75 53 42 41 54 57 95 39 40 51 762 94 60 99 63 42 77 74 50 107 105 52 425 111 64
internal_value=-0.000560424 0.00792119 0.015186 -0.00631361 -0.00463178 -0.00996129 -0.0208929 -0.0325059 -0.0124045 0.00290964 -0.00362575 -0.00266929 0.0011618 -0.0199997 0.00396762 0.00250707 0.0164608 -0.0021872 -0.0314534 -0.0114157 -0.015052 -0.0107442 -0.0165395 -0.00788164 0.000107279 -0.00185086 0.0120291 0.0206897 0.031527 0.0220012
internal_weight=727.133 293.88 208.981 433.252 406.086 84.8991 45.9082 34.1583 18.838 38.991 397.639 385.288 267.93 31.3662 236.563 227.292 47.8198 25.5864 27.1668 117.359 102.972 93.4457 75.7657 54.1197 42.2864 51.0268 25.6277 157.954 54.1282 42.9965
internal_count=3135 1240 857 1895 1745 383 211 158 83 172 1707 1650 1141 135 1006 967 205 111 150 509 446 404 327 231 181 212 107 645 220 175
is_linear=0
shrinkage=0.05


Tree=21
num_leaves=31
num_cat=0
split_feature=15 14 1 14 1 2 5 12 5 14 4 12 0 11 13 11 12 13 2 4 12 11 2 3 3 2 6 9 2 5
split_gain=12.2034 9.71646 7.86051 9.94558 7.44133 7.22075 5.56522 7.173 4.93638 5.8109 4.76427 5.36087 6.94535 6.51586 4.66047 5.98484 6.9241 10.0785 4.99345 8.2722 6.07615 4.44685 4.37459 4.95021 4.32361 4.14371 4.00519 5.07114 11.8577 3.84958
threshold=1.0000000180025095e-35 0.056677000000000012 0.014736000000000001 0.062328000000000008 0.14920050000000004 0.068829500000000016 0.13490500000000002 0.24783150000000001 0.037153500000000013 0.033138500000000008 0.18661350000000002 0.036145000000000004 2.0904810000000005 0.13724300000000003 0.035487500000000012 0.40312500000000007 0.060953000000000007 0.052758000000000006 0.10053100000000001 0.010592000000000002 0.071526500000000007 0.42462100000000008 0.038289000000000011 0.054864500000000004 0.045707000000000005 0.12162050000000001 0.030934500000000004 0.085331000000000004 0.031134500000000006 0.033912500000000005
decision_type=2 2 2 2 2 2 2 2 2 2 2 2 2 2 2 2 2 2 2 2 2 2 2 2 2 2 2 2 2 2
left_child=1 5 10 4 14 26 7 -5 -7 -10 11 12 21 -14 -4 18 17 -17 19 -16 22 -2 -21 -24 -13 -11 -1 28 -28 -18
right_child=2 -3 3 6 -6 8 -8 -9 9 25 -12 24 13 -15 15 16 29 -19 -20 20 -22 -23 23 -25 -26 -27 27 -29 -30 -31
leaf_value=-0.016713845968615953 -0.048055058415213202 -0.022514255318701569 -0.0092229931328618453 -0.058996196742067422 0.036794415008762162 0.056288037708412446 0.00022224845140227713 -0.0025179096883926055 -0.0094695881941364718 0.06042211593339996 0.010643777623798683 -0.064900248411761258 -0.026670177236216275 0.020461891894383476 0.059546246027524063 0.016817284482562478 0.017132027759054102 -0.035475994128719018 -0.016101981455903865 0.022967443084451138 0.045142356844301873 -0.0059616657156203795 -0.037246488758527346 0.0082169389652824512 -0.025373147823719872 0.015790372614826877 0.060941085213493833 0.00034118255194891798 0.0020605927510202156 -0.00077842023221106802
leaf_weight=13.900697141885756 14.964653655886652 18.376361265778542 109.909105271101 16.46485057473183 13.887592390179632 14.653806343674658 13.400417655706404 8.5366023629903776 10.375952720642092 9.617601156234743 14.209852814674376 9.2900262176990491 11.147825762629507 21.428338095545769 11.12575353682041 13.344020769000052 38.092880830168724 29.769151166081429 11.009482339024542 17.091457903385162 11.043613016605375 10.804200083017347 9.9378520250320452 15.062161728739737 27.098287060856819 11.323174163699148 14.541787967085837 40.161434337496758 20.753912940621376 141.2383521348238
leaf_count=62 69 89 471 84 58 60 68 38 43 40 65 44 53 100 46 57 157 128 45 72 45 49 41 62 122 48 61 171 86 588
internal_value=-0.000899895 0.0116007 -0.00427756 -0.00141696 0.000802349 0.0162332 -0.0257769 -0.039712 0.0323357 0.0211279 -0.0163538 -0.0204034 -0.0110102 0.00433292 -0.000423887 0.00282453 -0.00129927 -0.0192906 0.0150115 0.020342 0.0121332 -0.0304064 0.00347248 -0.0098554 -0.0354645 0.0362887 0.00794923 0.0124927 0.0263193 0.00302605
internal_weight=722.561 153.705 568.856 459.913 421.511 135.328 38.4019 25.0015 45.9705 31.3167 108.943 94.7333 58.345 32.5762 407.624 297.715 222.444 43.1132 75.2703 64.2608 53.1351 25.7689 42.0915 25 36.3883 20.9408 89.3578 75.4571 35.2957 179.331
internal_count=3122 660 2462 1960 1770 571 190 122 191 131 502 437 271 153 1712 1241 930 185 311 266 220 118 175 103 166 88 380 318 147 745
is_linear=0
shrinkage=0.05


Tree=22
num_leaves=31
num_cat=0
split_feature=1 19 3 8 13 19 13 7 0 1 1 13 7 15 1 9 19 11 19 3 1 4 0 7 11 1 19 3 7 9
split_gain=9.17829 9.32873 9.53654 9.24706 7.72462 6.5396 9.16364 6.89944 8.08238 10.1095 7.68692 8.64556 8.49106 6.23754 7.71855 6.18891 6.10942 5.91547 4.9611 11.7549 6.89225 9.05618 5.95417 6.45791 5.41501 6.58453 6.25455 7.69389 7.51982 8.34878
threshold=0.057983000000000007 3.2576960000000006 0.091018000000000016 67.95566700000002 0.18475750000000005 5.3139450000000013 0.30505650000000006 0.33493550000000005 3.5053930000000002 0.046033000000000004 0.031528000000000007 0.12803100000000003 0.81846600000000003 1.5000000000000002 0.068925000000000014 0.039098500000000008 1.6437355000000002 0.72540300000000013 1.8078795000000001 0.073997000000000007 0.030850500000000003 0.091639500000000013 1.8717425000000001 0.61591150000000006 0.031498000000000005 0.042861000000000003 1.5102110000000002 0.05924200000000001 0.72630250000000018 0.11635300000000001
decision_type=2 2 2 2 2 2 2 2 2 2 2 2 2 2 2 2 2 2 2 2 2 2 2 2 2 2 2 2 2 2
left_child=5 3 -3 13 -5 6 7 -1 9 18 11 -10 -12 16 -15 -4 -2 -11 24 22 21 -21 -20 -24 -9 26 27 28 29 -26
right_child=1 2 15 4 -6 -7 -8 8 10 17 12 -13 -14 14 -16 -17 -18 -19 19 20 -22 -23 23 -25 25 -27 -28 -29 -30 -31
leaf_value=-0.044234944087899006 -0.00080864473221117371 -0.052845050874566861 0.01756689003558844 0.011480671344957278 0.050082847932957641 -0.020006338888165904 0.043047837539808648 0.027762255810106207 0.0039359068470947228 -0.013791568243338402 0.0051520285285322782 -0.048456934331056613 0.039615325672911261 0.024688517889449781 -0.026094390924591516 -0.015051004289854522 0.05609537931268288 -0.05485459364264085 -0.050822395424013039 -0.017038754761342454 -0.027189301097512393 0.04306627197285285 0.019274075333579596 -0.027771990054737208 0.033013510614793087 0.035791979356088584 0.014990267412926549 -0.029744582438170505 -0.01337946221444402 -0.0066743660647278578
leaf_weight=9.5433500558137876 9.4619516432285327 8.744633808732031 32.81126295030117 21.98078840970993 31.5774005651474 50.344387233257294 11.483459308743475 18.287379309535027 53.410064682364464 21.901565298438072 41.192760273814201 9.2353959083557111 31.570245489478111 11.456594139337538 21.569818019866943 26.119106143712997 9.4057060331106168 14.628672748804091 17.488792419433594 9.5867217630147952 9.4560112655162794 18.098370000720024 9.8510719239711744 28.104960024356842 25.175739377737045 11.648559957742689 38.493883118033409 31.077904552221298 63.353435292840004 27.975575655698776
leaf_count=47 42 41 138 89 131 235 50 77 233 93 170 43 130 48 95 113 40 64 80 42 40 77 42 122 108 48 165 135 280 124
internal_value=0.000323529 0.0103679 -0.00412024 0.0196658 0.0342401 -0.00282727 -0.00110292 -0.00213745 -0.00130141 -0.00536312 0.00905106 -0.00378801 0.0201049 0.00462404 -0.00847821 0.00310999 0.0275586 -0.0302354 -0.00241886 -0.0121023 0.00966533 0.0222533 -0.0266839 -0.0155617 0.00173158 -0.000675965 -0.00295889 -0.00764056 -0.00174426 0.0121243
internal_weight=725.036 173.127 67.675 105.452 53.5582 551.908 501.564 490.08 480.537 345.129 135.408 62.6455 72.763 51.8941 33.0264 58.9304 18.8677 36.5302 308.598 92.5859 37.1411 27.6851 55.4448 37.956 216.012 197.725 186.077 147.583 116.505 53.1513
internal_count=3142 737 292 445 220 2405 2170 2120 2073 1497 576 276 300 225 143 251 82 157 1340 403 159 119 244 164 937 860 812 647 512 232
is_linear=0
shrinkage=0.05


Tree=23
num_leaves=31
num_cat=0
split_feature=5 9 9 13 3 5 13 3 14 1 1 1 13 0 19 0 8 0 2 0 19 5 2 8 13 14 12 0 4 8
split_gain=11.4164 9.99872 9.00801 8.89471 8.32489 6.79641 6.93928 9.16534 6.47362 5.9622 5.86002 6.09358 7.92024 13.1697 7.0366 8.31044 6.14073 7.93628 5.56449 5.98873 5.96812 5.27484 4.88033 4.85852 6.19792 4.7854 5.40363 9.43373 6.2083 4.53625
threshold=0.095165500000000014 0.13376050000000003 0.065300500000000011 -0.064387999999999987 -0.031092999999999999 0.034185000000000007 0.19067150000000002 0.14432250000000002 0.023574000000000001 0.0071090000000000016 0.031753500000000011 -0.0024214999999999996 0.14657050000000002 2.3652050000000004 3.0719590000000001 3.8776775000000003 54.330799000000006 1.5688900000000003 0.052231500000000007 2.1908770000000009 1.6782770000000002 0.023949000000000002 0.020637500000000003 49.970106000000008 0.11079750000000001 0.013824000000000001 0.0526965 2.5473815000000006 0.097906000000000007 54.147375000000004
decision_type=2 2 2 2 2 2 2 2 2 2 2 2 2 2 2 2 2 2 2 2 2 2 2 2 2 2 2 2 2 2
left_child=1 10 -2 -3 -5 8 7 9 18 -7 11 -1 14 -14 16 -16 -13 -18 19 -6 -21 -12 -11 -4 -25 -19 27 -27 -28 -23
right_child=2 3 23 4 5 6 -8 -9 -10 22 21 12 13 -15 15 -17 17 25 -20 20 -22 29 -24 24 -26 26 28 -29 -30 -31
leaf_value=0.029057046457473937 -0.061067943100547334 0.0338499164232949 -0.034690652183861796 -0.053855965531496644 -0.011013361344208347 -0.038812787877221672 0.019619657990796568 -0.059372515381360819 0.043833010452732912 0.013617173327646996 0.046859749774226793 0.013946231225640055 0.0065497764673307429 -0.051635560466396793 0.058807705278011026 0.0013888699289688767 -0.046447634872035987 -0.029423878705852637 -0.024347844642603075 0.050332770471033461 0.0022659242025776308 -0.010931397308061898 -0.014122646476729107 0.031427037900334097 -0.027393825841010452 -0.0081207883658305415 -0.045066617626427254 0.047603490858262043 0.0086767076022600653 0.012457029812143654
leaf_weight=16.801629260182381 12.023800298571585 13.020318195223807 11.96116127073765 9.7486306428909284 21.127842381596565 18.126491844654083 14.091898143291472 11.762198016047476 9.5952045023441297 21.106150418519974 10.245037883520125 39.54951223731041 19.528927475214005 19.371657088398933 11.30577163398266 14.237331911921499 12.671392917633055 13.822173252701758 17.398310303688049 12.180650994181635 13.745040968060492 22.918372288346291 63.735694706439972 10.478539034724237 7.8210000842809668 16.730412244796756 9.7421031296253222 13.909715816378592 11.983463764190672 217.28560568392277
leaf_count=73 82 56 63 45 92 83 61 52 40 93 42 170 83 87 48 62 56 60 73 51 58 97 274 50 45 71 42 58 51 897
internal_value=0.000746859 0.00232398 -0.0244569 -0.00626618 -0.00872281 -0.00655399 -0.0134924 -0.0175594 0.005517 -0.0127831 0.00663026 0.000240508 -0.00240734 -0.0224253 0.00300218 0.0268033 -0.0021322 -0.0101959 -0.000187253 0.00874626 0.0248491 0.0117241 -0.0072218 -0.00990982 0.00628772 -0.00325561 0.00365163 0.0171764 -0.0154227 0.0102255
internal_weight=718.026 675.742 42.2845 225.638 212.618 202.869 128.822 114.731 74.047 102.968 450.103 199.654 182.852 38.9006 143.952 25.5431 118.409 78.8593 64.4518 47.0535 25.9257 250.449 84.8418 30.2607 18.2995 66.1879 52.3657 30.6401 21.7256 240.204
internal_count=3115 2875 240 978 922 877 563 502 314 450 1897 861 788 170 618 110 508 338 274 201 109 1036 367 158 95 282 222 129 93 994
is_linear=0
shrinkage=0.05


Tree=24
num_leaves=31
num_cat=0
split_feature=5 9 4 14 6 1 13 13 6 12 14 0 4 3 0 5 9 1 1 9 13 3 6 3 1 1 13 3 1 19
split_gain=11.3248 12.5463 8.36057 9.95729 8.6333 5.31408 6.06707 5.85013 6.64027 6.33694 5.58443 7.15841 12.9281 4.66779 4.64413 6.70284 4.64293 4.49306 3.7792 3.90287 7.44066 7.4904 6.05597 6.75741 5.80031 5.70866 4.99743 4.94661 4.43418 4.27791
threshold=0.092172000000000018 0.30357050000000002 0.30529900000000004 0.062328000000000008 0.16642250000000003 0.041683500000000005 -0.064387999999999987 0.013898500000000001 0.056707000000000007 0.037613000000000008 0.03727550000000001 2.4622405000000005 0.14521950000000003 0.18662300000000004 3.6378210000000002 0.056104500000000009 0.8938885000000002 0.069678000000000004 0.040584500000000003 0.11045800000000001 0.039925000000000009 0.021016000000000003 0.030934500000000004 1.0000000180025095e-35 0.035282000000000008 0.024007000000000004 0.039925000000000009 0.036337000000000001 0.017638500000000005 2.6223285000000005
decision_type=2 2 2 2 2 2 2 2 2 2 2 2 2 2 2 2 2 2 2 2 2 2 2 2 2 2 2 2 2 2
left_child=2 -2 3 4 5 6 -1 8 -7 -9 11 12 -11 18 -4 -16 -3 -12 19 20 21 28 -22 -24 25 -21 -27 -23 -8 -25
right_child=1 16 14 -5 -6 7 13 9 -10 10 17 -13 -14 -15 15 -17 -18 -19 -20 24 22 27 23 29 -26 26 -28 -29 -30 -31
leaf_value=0.03468276396858113 -0.049174818015447694 0.028460439314254585 0.030510993141283044 -0.044255370689517369 0.037821594532015834 0.016593943230041652 0.021675075295125967 0.043131793870695045 -0.036824118370277818 -0.047357039635486882 0.013587908414048078 0.019176823358893869 0.028533009863251801 -0.037731715004830843 0.026820505014252167 -0.017402519619221218 -0.021728553712338807 -0.024596962999391157 -0.034099551011067403 -0.012098024753941365 -0.026017390585145763 0.065626781840458545 0.035445295348455461 -0.0086554687223473741 -0.03645606788521738 -0.0017412736508435056 0.032884866581623283 0.019395740412649441 -0.024284864703506714 0.01141441833946978
leaf_weight=10.616903677582739 22.627812020480633 10.388587638735773 39.185146942734718 11.973671838641165 16.178445741534233 9.7455996572971362 10.671896144747736 14.071752741932867 14.43429660797119 12.10077625513077 12.367275223135946 94.642239987850189 10.465123668313025 9.782067269086836 17.620563119649887 16.679079115390778 8.2813595086336118 20.429333835840225 9.3550003767013532 88.981904312968254 23.208904415369034 10.528206363320352 13.318899065256117 81.097775176167488 15.956210210919378 32.680581733584404 15.298068121075628 12.845638796687124 10.32584500312805 39.475010797381401
leaf_count=45 148 50 161 57 68 41 46 58 62 51 52 385 43 46 73 71 42 85 40 398 103 44 56 344 69 140 64 54 44 168
internal_value=0.0012745 -0.0241417 0.00283173 0.00088382 0.00180211 0.000784041 -0.00258854 0.0076659 -0.0152942 0.0110495 0.00803993 0.0131431 -0.0121624 -0.00364792 0.018751 0.00531593 0.00619829 -0.0101978 -0.00273132 -0.00190327 0.00266805 0.0207483 -0.00243855 0.00164863 -0.00792612 -0.00460232 0.00929933 0.0402194 -0.000926176 -0.00208467
internal_weight=715.334 41.2978 674.036 600.551 588.578 572.399 384.143 188.256 24.1799 164.077 150.005 117.208 22.5659 373.526 73.4848 34.2996 18.6699 32.7966 363.744 354.389 201.472 44.3716 157.101 133.892 152.917 136.961 47.9786 23.3738 20.9977 120.573
internal_count=3108 240 2868 2563 2506 2438 1661 777 103 674 616 479 94 1616 305 144 92 137 1570 1530 859 188 671 568 671 602 204 98 90 512
is_linear=0
shrinkage=0.05


Tree=25
num_leaves=31
num_cat=0
split_feature=14 14 5 7 0 2 14 5 5 13 13 5 13 9 14 13 9 9 0 19 7 15 7 5 0 11 7 2 7 14
split_gain=10.2324 6.71261 6.3529 6.10124 7.22762 4.70859 4.91098 4.786 4.63353 4.5687 10.5777 9.0466 6.55489 6.31361 4.8309 5.19673 5.4475 6.48005 6.21848 5.25799 7.18286 4.67648 5.05283 4.65834 7.89712 5.34778 4.75533 4.92988 5.98648 5.0068
threshold=0.061122000000000003 0.051168500000000006 0.078062000000000006 0.4587775 3.3086840000000004 0.14960250000000003 0.043154000000000005 0.060591000000000006 0.066223000000000018 0.067611000000000018 0.062381500000000006 0.034185000000000007 0.073556500000000011 0.00095600000000000014 0.012839000000000001 0.035487500000000012 0.22071350000000003 0.10156250000000001 2.7402345000000006 1.3949305000000003 0.79174450000000018 1.0000000180025095e-35 0.9200640000000001 0.029642500000000006 3.0456640000000004 0.53587350000000011 0.85040250000000006 0.098268500000000022 0.7570395000000002 0.033374500000000008
decision_type=2 2 2 2 2 2 2 2 2 2 2 2 2 2 2 2 2 2 2 2 2 2 2 2 2 2 2 2 2 2
left_child=1 2 3 4 -1 6 8 -8 9 10 11 14 -11 -13 -5 16 17 -16 -18 -17 -21 22 -14 24 -23 -25 27 28 29 -27
right_child=-2 -3 -4 5 -6 -7 7 -9 -10 12 -12 13 21 -15 15 19 18 -19 -20 20 -22 23 -24 25 -26 26 -28 -29 -30 -31
leaf_value=0.011513999638889515 -0.020462748398711046 0.023040099945199715 -0.041499420280642019 -0.013249038597211334 -0.044606274769576681 0.017730476703639548 -0.0026519169435027007 -0.04631620997443054 0.03257394420720109 0.03278918090131732 -0.045823099238602776 0.017322936076744434 0.026864319333250189 -0.01599267469225395 0.020036109617664274 0.057429964005479145 0.048747633726317269 -0.020006389077434822 -0.0044664488935840041 -0.0072365583572053891 0.047486944342945508 -0.048155752658494456 -0.011040122179855782 0.01754426764669333 0.005811164349928559 -0.004737885625193723 0.0098290003053728425 -0.03640853985962253 -0.032711905432079018 0.036790982412295434
leaf_weight=9.0204909443855303 62.990790732204914 31.819304555654526 9.3103379234671575 22.694682434201241 15.761943295598028 39.89562925696373 14.581711515784265 11.017271801829336 11.358248010277746 19.785959020256996 14.494238480925558 16.423295199871063 33.885384514927864 106.03638249635696 15.514183685183523 10.498961001634596 11.962041288614275 28.970780804753304 10.146915107965468 14.617817878723146 10.166988313198088 12.969747409224512 11.872724577784536 42.634131729602814 14.201321706175802 27.971733286976814 42.018717065453529 15.44464300572872 13.540490135550497 9.8006612211465818
leaf_count=41 323 137 57 99 74 167 62 47 49 83 62 68 140 467 65 44 50 125 42 61 42 55 49 176 58 118 175 65 57 41
internal_value=-0.00122355 0.000645457 -0.000510211 0.000118195 -0.0241792 0.00115192 -6.70286e-05 -0.0214441 0.000991426 0.000282001 -0.00430987 -0.00187414 0.00520117 -0.0115247 0.0076127 0.0122599 0.00404006 -0.00604152 0.024325 0.027774 0.0152116 0.00276801 0.0170294 -0.000886196 -0.0199492 0.00253472 -0.00334817 -0.0116422 -0.00418776 0.00603745
internal_weight=711.408 648.417 616.597 607.287 24.7824 582.505 542.609 25.599 517.01 505.652 261.526 247.032 244.126 122.46 124.572 101.878 66.5939 44.485 22.109 35.2838 24.7848 224.34 45.7581 178.581 27.1711 151.41 108.776 66.7575 51.3129 37.7724
internal_count=3099 2776 2639 2582 115 2467 2300 109 2191 2142 1125 1063 1017 535 528 429 282 190 92 147 103 934 189 745 113 632 456 281 216 159
is_linear=0
shrinkage=0.05


Tree=26
num_leaves=31
num_cat=0
split_feature=1 19 7 4 11 19 0 7 0 0 12 5 11 11 9 0 7 8 13 4 5 12 8 7 7 3 13 9 13 9
split_gain=7.99897 7.10031 7.74542 8.16989 7.39083 5.9265 7.2084 5.53873 5.61847 5.18569 5.41745 5.1079 5.85904 8.11256 5.61197 5.42971 6.62935 5.08346 6.7533 8.13554 6.33542 6.67556 5.4559 4.80872 7.33397 8.79733 4.68422 8.46486 5.60864 5.3681
threshold=0.0071090000000000016 0.9500455000000001 0.97941600000000018 -0.014534999999999998 0.024695000000000005 5.3139450000000013 1.4741935000000002 0.91853550000000006 3.3962785000000006 1.6228845000000003 0.025882500000000006 0.059555500000000004 0.96562500000000007 0.88534550000000012 0.15078900000000003 1.5619595000000002 0.73345550000000015 82.553920500000018 0.13069150000000004 0.13064550000000003 0.043033500000000009 0.048301500000000004 86.310349500000015 0.65729100000000018 0.86132450000000016 0.020210000000000002 0.015457000000000002 0.20315200000000003 0.048915000000000007 0.063843000000000011
decision_type=2 2 2 2 2 2 2 2 2 2 2 2 2 2 2 2 2 2 2 2 2 2 2 2 2 2 2 2 2 2
left_child=5 9 4 -4 -3 6 -1 11 -9 10 -2 14 13 -13 15 16 -6 18 19 20 -17 -22 -19 -8 25 -25 -5 28 -28 -30
right_child=1 2 3 26 7 -7 23 8 -10 -11 -12 12 -14 -15 -16 17 -18 22 -20 -21 21 -23 -24 24 -26 -27 27 -29 29 -31
leaf_value=-0.043800375379458134 -0.028731045546817154 0.029656564376412536 -0.01924405784078162 0.053044147411406978 0.010549300629134773 -0.042365329647219438 -0.017951542639245369 -0.029116643240000097 0.0031935039900457228 -0.03378162810683237 0.0213666286479616 -0.013382431893318732 -0.037081187290515565 0.039561466438655435 -0.0075112624442174791 0.003582906238432609 -0.047642849824102267 0.049976504748524803 -0.00738052514448523 0.052330758526924231 0.064190458311449081 0.0052405950575066217 0.0091213662596259515 0.064868105942292476 -0.016324066451370252 0.0009420786289323778 -0.013364432672800498 -0.020056398280539969 0.018729830716540979 0.049232525901839796
leaf_weight=12.051681831479071 9.3873066306114215 20.440790802240372 15.750868946313856 9.3928618058562261 10.106303721666338 15.364495523273943 26.525025084614754 32.761140167713165 22.831883877515793 23.206302925944328 12.692992150783537 35.53882971405983 17.022762931883335 9.0851301848888379 83.752555042505264 92.373535439372063 9.4899082481861097 15.159129291772841 58.629533052444458 12.007392317056654 9.744940400123598 9.468802332878111 17.728437200188637 9.458942726254465 15.626315847039221 12.486250281333922 9.8755542486906034 13.908015936613081 54.95730971544981 19.556743010878563
leaf_count=58 43 84 70 42 43 82 119 141 95 103 55 166 83 40 361 388 42 63 245 50 41 40 74 41 75 55 43 61 232 83
internal_value=-0.000232391 0.00178952 0.00327936 0.0143904 0.000272485 -0.0140384 -0.00832287 -0.00110606 -0.015847 -0.0172777 6.79029e-05 0.00104988 -0.0121239 -0.00260342 0.00360003 0.00756495 -0.0176316 0.0098603 0.00659495 0.0132245 0.00901644 0.0351391 0.0279531 -0.00165225 0.00985485 0.0284958 0.0193098 0.0160863 0.0220429 0.0267355
internal_weight=716.382 624.869 579.582 123.441 456.141 91.5127 76.1482 435.7 55.593 45.2866 22.0803 380.107 61.6467 44.624 318.461 234.708 19.5962 215.112 182.224 123.595 111.587 19.2137 32.8876 64.0965 37.5715 21.9452 107.69 98.2976 84.3896 74.5141
internal_count=3118 2688 2487 531 1956 430 348 1872 236 201 98 1636 289 206 1347 986 85 901 764 519 469 81 137 290 171 96 461 419 358 315
is_linear=0
shrinkage=0.05


Tree=27
num_leaves=31
num_cat=0
split_feature=15 5 9 7 4 3 3 11 3 3 11 12 3 2 15 11 7 9 9 2 7 14 0 5 0 5 5 11 4 3
split_gain=7.99715 5.69365 10.2635 6.28303 6.65934 5.39974 10.9439 10.3042 7.95221 5.38639 5.38271 7.33135 5.17015 9.85941 4.9547 5.1368 5.76963 6.6163 4.92772 4.85161 7.06249 4.67746 4.53041 4.40532 4.39568 4.07466 4.06242 3.89626 3.83771 3.67654
threshold=1.0000000180025095e-35 0.095165500000000014 0.19687400000000002 0.96632750000000012 0.21716700000000003 0.073238500000000012 0.060923000000000012 0.049590000000000009 0.12510300000000005 0.094466000000000008 0.91194600000000003 0.0074425000000000012 0.048715000000000008 0.048666500000000008 1.5000000000000002 0.96922350000000013 0.82679500000000006 0.023386500000000005 0.28430900000000009 0.0087465000000000025 0.75343500000000019 0.021176000000000004 2.2978180000000004 0.052917500000000006 2.9250705000000004 0.047826500000000001 0.039558000000000003 0.34793650000000004 0.13604750000000002 0.044431000000000005
decision_type=2 2 2 2 2 2 2 2 2 2 2 2 2 2 2 2 2 2 2 2 2 2 2 2 2 2 2 2 2 2
left_child=5 3 -3 14 10 6 7 -1 9 -7 11 -5 13 -9 15 16 17 -2 19 20 -16 27 26 -23 -18 -17 -13 -19 -24 -20
right_child=1 2 -4 4 -6 8 -8 12 -10 -11 -12 22 -14 -15 18 25 24 21 29 -21 -22 23 28 -25 -26 -27 -28 -29 -30 -31
leaf_value=0.054770110284874343 0.029827719562052508 -0.056394424795503995 0.0040406942625961905 -0.023908029042868206 0.030907821608704141 0.019461924163314003 -0.043145481101582943 0.0059561420188901865 0.0054442262583778234 0.062948393409687095 -0.02567261933532218 -0.02829952445527642 0.036483984830681659 -0.051262976420696875 0.037187878568730778 -0.012980500173731464 -0.0449729188969126 -0.0096676118088044188 -0.0012925370517689765 -0.00052267585957165887 -0.0084939191116931972 -0.0315254358621418 0.032714365713843153 0.0088703181514804517 -0.0023856146605882624 -0.05933653160660908 0.017914670575924031 0.033317767898078894 -0.0030971240528108908 -0.036058729719216816
leaf_weight=11.107032984495161 14.598962992429732 12.91451156884432 15.405241295695303 14.404441148042677 28.093423649668694 13.68818746507168 10.97969029843807 48.380751401185989 30.790877774357796 14.841716527938841 13.829489558935164 9.2808394581079501 9.7236636579036695 8.9158987104892713 21.608677521348 9.5114286839962023 15.189588114619257 11.39827309548855 14.810488045215608 235.67992299795151 13.905424311757086 23.445817142724991 33.346162647008896 9.4771937131881696 10.079885885119436 9.4505420327186567 9.7518509179353696 9.8076224923133832 9.6449433267116529 15.629101693630217
leaf_count=46 61 94 78 66 117 59 47 214 133 62 59 40 41 40 94 40 66 49 64 1006 61 102 139 42 42 42 42 42 40 69
internal_value=0.00105654 -0.00167292 -0.0235192 -0.000512046 0.009649 0.0113777 0.00359651 0.0101654 0.023066 0.0420843 0.00303203 0.00822606 0.00277327 -0.00294769 -0.00341265 -0.0123446 -0.00755567 -4.43211e-05 -6.77098e-05 0.00207337 0.0193013 -0.00810103 0.0156889 -0.0198971 -0.027985 -0.0360841 -0.00462058 0.0102129 0.0246802 -0.0191431
internal_weight=709.692 561.264 28.3198 532.944 118.351 148.428 89.107 78.1273 59.3208 28.5299 90.2577 76.4282 67.0203 57.2967 414.593 112.959 93.9973 68.7279 301.634 271.194 35.5141 54.1289 62.0238 32.923 25.2695 18.962 19.0327 21.2059 42.9911 30.4396
internal_count=3097 2455 172 2283 503 642 388 341 254 121 386 327 295 254 1780 486 404 296 1294 1161 155 235 261 144 108 82 82 91 179 133
is_linear=0
shrinkage=0.05


Tree=28
num_leaves=31
num_cat=0
split_feature=1 2 19 0 8 7 2 0 4 15 12 5 1 13 7 3 0 14 11 4 14 0 5 2 11 3 0 2 7 0
split_gain=7.28691 7.64686 11.1181 9.11355 7.34992 6.41404 6.91916 6.37834 8.03386 8.01907 7.06043 5.9387 6.03368 6.89197 5.90306 7.07501 5.41516 5.4972 5.15537 4.29454 5.09954 4.74601 4.28664 4.37864 4.2329 4.34882 5.5297 4.14065 4.03486 5.16194
threshold=0.019484500000000002 0.0082170000000000003 1.8996455000000003 1.8222830000000003 59.853907500000005 0.99893500000000013 -0.011019999999999997 5.7980585000000007 -0.014534999999999998 1.5000000000000002 0.049253500000000006 0.034019500000000008 0.031528000000000007 0.10534300000000002 0.37668900000000005 0.019394000000000005 3.560076 0.020386500000000005 0.74841750000000007 0.063452000000000022 0.013568500000000002 2.3321950000000005 0.025080500000000002 0.042080500000000007 0.37171050000000005 0.11281900000000002 2.2117785000000008 0.020020000000000003 0.41111100000000006 13.670712500000002
decision_type=2 2 2 2 2 2 2 2 2 2 2 2 2 2 2 2 2 2 2 2 2 2 2 2 2 2 2 2 2 2
left_child=1 2 3 -1 -4 6 -2 8 -7 -9 -10 12 13 19 -3 27 17 -14 -18 20 -8 -22 -17 -24 -25 26 -26 -16 -13 -30
right_child=5 14 4 -5 -6 7 11 9 10 -11 -12 28 16 -15 15 22 18 -19 -20 -21 21 -23 23 24 25 -27 -28 -29 29 -31
leaf_value=-0.0055750288588529325 -0.036344641382284201 -0.056543603106840257 -0.031208465637378877 0.047128273624595929 0.013875571457323509 -0.030801577517445597 -0.029631324324474431 0.063023132775801696 0.039626138479100598 0.011953598350943229 0.0032328382117989608 0.028991936807747993 0.023044800830457204 0.036995998030618385 -0.015884306306048816 0.025267777675165023 0.019037041461539179 -0.021063868079875748 0.055422841420326788 -0.034601387242641772 0.029043494320231858 -0.01124220558383709 -0.026205967638638434 0.029751573060442668 0.0024697065109461156 0.01396760500561489 -0.051785205537269854 -0.058240024690561935 -0.0022423538209027901 -0.028391024716992504
leaf_weight=14.147745922207831 12.61205583065748 8.6847972124814969 24.152250096201897 19.519859567284584 14.448083862662314 12.482000291347502 11.300738632678984 12.844428792595865 18.079982101917267 19.142451591789722 50.693026274442673 9.402593329548834 14.475696206092836 9.6258737742900831 11.136426329612734 9.4441352933645231 35.526818871498108 13.795557945966719 13.409428298473356 12.509215489029883 15.38796202838421 13.92809474468231 27.184123024344444 9.1068528145551664 9.56668015569449 12.418006613850592 9.2250447273254377 11.974394753575323 232.53792455792427 20.540720380842686
leaf_count=65 59 45 122 84 65 56 50 55 78 84 212 42 60 40 50 41 145 58 55 53 65 58 124 40 42 56 41 57 1002 90
internal_value=3.38992e-05 -0.00862404 0.00398218 0.0249814 -0.0143335 0.00300035 0.000122622 0.0135478 0.00610248 0.0324607 0.0128004 0.00126547 0.00958335 -0.00193198 -0.017002 -0.0135698 0.0189427 0.00152104 0.0290074 -0.00898532 -0.00109605 0.00990371 -0.00628314 -0.0106975 -0.000240619 -0.0089922 -0.0241646 -0.03783 -0.00316977 -0.00436467
internal_weight=709.303 181.008 72.2679 33.6676 38.6003 528.295 415.053 113.242 81.255 31.9869 68.773 402.441 139.959 62.7519 108.74 100.056 77.2075 28.2713 48.9362 53.126 40.6168 29.3161 76.9448 67.5007 40.3166 31.2097 18.7917 23.1108 262.481 253.079
internal_count=3094 832 336 149 187 2262 1777 485 346 139 290 1718 584 266 496 451 318 118 200 226 173 123 344 303 179 139 83 107 1134 1092
is_linear=0
shrinkage=0.05


Tree=29
num_leaves=31
num_cat=0
split_feature=7 19 13 12 19 14 9 11 14 15 4 4 11 13 4 5 3 19 7 19 5 2 5 7 11 5 5 7 13 14
split_gain=6.45728 5.65288 5.80078 4.55287 9.33335 5.68477 9.23632 9.29802 5.89862 5.19371 5.19747 6.236 5.18769 6.0858 16.888 10.6442 5.6094 7.84807 4.98761 4.94281 4.93986 5.79176 5.38336 4.43091 4.22274 4.21884 8.31116 7.02368 5.98631 7.49473
threshold=0.33493550000000005 0.9500455000000001 0.087216500000000016 0.25649550000000004 4.3855150000000007 0.061122000000000003 0.29671000000000008 0.84965750000000007 0.051168500000000006 1.0000000180025095e-35 0.0026030000000000007 -0.042817499999999994 0.10172400000000002 0.097765500000000019 0.12677950000000002 0.061470000000000004 -1.0000000180025095e-35 1.3359810000000001 0.99974350000000012 6.143227500000001 0.040480000000000009 0.021109500000000003 0.043979500000000012 0.61329200000000006 0.049590000000000009 0.033463000000000007 0.038887500000000005 0.63603900000000013 0.044059500000000008 0.022174000000000003
decision_type=2 2 2 2 2 2 2 2 2 2 2 2 2 2 2 2 2 2 2 2 2 2 2 2 2 2 2 2 2 2
left_child=-1 2 -2 5 -5 8 -7 -8 9 10 11 -3 16 14 25 19 -11 -18 -12 20 23 -22 -23 -15 -19 28 -27 -28 -14 -30
right_child=1 3 -4 4 -6 6 7 -9 -10 12 18 -13 13 15 -16 -17 17 24 -20 -21 21 22 -24 -25 -26 26 27 -29 29 -31
leaf_value=-0.034184610204709517 -0.028978563417416777 0.018475255791667297 0.0063397478291967657 0.055378164869912316 -0.0034086966171817962 -0.041892340227034773 -0.029515352878171017 0.034768232209445103 0.028377986282005316 0.0179978327387771 0.010754861969822749 -0.030628415711596375 0.021443425714589581 -0.039394625106717068 0.063471237275160824 -0.04762699051900144 0.0094678814783076964 -0.058486112502094394 0.0405177629470111 0.02534980679178685 0.039988048134540669 0.021893775726205378 -0.010578406891836187 -0.0083691759328544824 -0.019301067600437649 -0.025012512003517624 0.035284843106046813 -0.0019007882404170789 -0.015364167371050688 0.034344114321870615
leaf_weight=13.437798909842966 30.524490036070347 11.596679270267488 18.77783077955246 11.866407155990602 15.664654806256292 19.426062248647213 10.444658398628237 12.190384119749067 21.110712870955467 9.5405028462409955 75.322528868913651 14.61349958181381 55.656022220849991 14.641627207398413 12.191704511642454 14.250869356095789 11.746312037110327 14.079960189759733 17.311146184802055 14.468038395047186 9.5406406819820386 17.528124913573265 46.954758003354073 53.768427342176437 13.436413832008837 32.22666984796524 15.452137127518652 71.259904451668262 31.974529519677162 9.9403769522905332
leaf_count=68 140 50 83 51 69 112 56 55 91 42 316 65 235 63 53 64 51 63 72 61 40 73 196 223 59 140 67 318 135 42
internal_value=0.000151021 0.000803164 -0.0155268 0.00202635 0.0219295 0.00115751 -0.0166007 0.00510537 0.00242648 0.00146109 0.0107549 -0.00890252 -0.00100073 0.000877608 0.00621385 -0.00625291 -0.0163903 -0.0247463 0.0163169 -0.00249503 -0.00532344 0.00362806 -0.00175162 -0.0150095 -0.0393518 0.00298968 -0.00333192 0.00472571 0.0106957 -0.00357554
internal_weight=720.944 707.506 49.3023 658.204 27.5311 630.673 42.0611 22.635 588.612 567.501 118.844 26.2102 448.657 399.854 228.701 171.152 48.8032 39.2627 92.6337 156.902 142.434 74.0235 64.4829 68.4101 27.5164 216.51 118.939 86.712 97.5709 41.9149
internal_count=3153 3085 223 2862 120 2742 223 111 2519 2428 503 115 1925 1710 990 720 215 173 388 656 595 309 269 286 122 937 525 385 412 177
is_linear=0
shrinkage=0.05


Tree=30
num_leaves=31
num_cat=0
split_feature=14 4 1 11 11 19 1 14 15 1 14 19 13 12 2 6 3 6 11 1 3 7 6 3 7 3 4 7 1 7
split_gain=7.48177 6.70812 6.70226 5.68951 8.5268 5.2988 5.14609 5.56172 4.88826 6.07511 4.85818 6.12394 5.86162 8.63243 5.81367 6.10467 5.75509 4.84979 4.8133 5.16937 6.0257 5.00494 10.5402 5.7685 6.17149 4.99286 5.25957 4.57323 4.50468 4.27437
threshold=0.0598985 0.27438650000000003 0.057983000000000007 0.87339750000000016 0.16233100000000003 1.9323915000000003 0.069678000000000004 0.029939500000000004 1.0000000180025095e-35 0.0071090000000000016 0.013824000000000001 1.8304110000000002 0.20250900000000002 0.13782200000000003 0.097112000000000018 0.027958500000000004 0.11030350000000001 0.031775000000000005 0.52152050000000016 0.024633500000000003 0.018579000000000002 0.73345550000000015 0.054508000000000008 0.07149800000000002 0.96874250000000006 0.047716500000000009 0.10928350000000002 0.82679500000000006 -0.0049794999999999987 0.70818100000000006
decision_type=2 2 2 2 2 2 2 2 2 2 2 2 2 2 2 2 2 2 2 2 2 2 2 2 2 2 2 2 2 2
left_child=2 -2 8 4 -4 -3 27 -8 -1 17 11 -11 14 -14 15 -12 18 -10 19 20 -17 25 23 24 -23 -20 -27 -6 -19 -5
right_child=1 5 3 29 6 -7 7 -9 9 10 12 -13 13 -15 -16 16 -18 28 21 -21 -22 22 -24 -25 -26 26 -28 -29 -30 -31
leaf_value=0.0085032924374441911 -0.030788349292621905 0.031237481204985151 -0.016976155278240392 -0.032769612996314361 0.066625950900713105 -0.013849189124177314 -0.0082199981679618901 0.026755941952839757 0.012396929207227035 -0.040332574907278457 -0.025536498724225254 0.0052858915719277101 -0.059192213080772216 -0.002637344510323917 -0.019547686588802266 0.005185646315148275 0.035363440837311536 -0.0033520354892398207 0.029014315994409685 0.0056243759321262694 0.048254803566822074 -0.022405013893779774 -0.045517420752032002 0.033786269095976332 0.023467950102011914 -0.029667602660488918 0.020665326086565277 0.021289415225507431 -0.035430424309217147 0.0047672509770931293
leaf_weight=105.21939474344254 35.56419150531292 9.9292336553335208 14.336570411920546 9.5574552416801435 11.805610045790674 18.960354253649712 15.837685301899908 40.256637170910835 10.620521441102026 16.711531370878223 14.789140462875364 13.142414942383764 9.5268392413854581 23.126891851425171 25.30635292828083 14.580866344273089 17.271130919456482 16.337724439799786 19.949406772851944 79.819289103150368 18.330803111195564 24.47447806596756 16.592946469783783 10.380986094474791 10.467756167054175 11.030084252357485 9.8030776977539045 10.518421500921248 33.150344461202621 36.728524774312973
leaf_count=447 199 50 60 40 49 90 65 168 48 76 67 57 40 98 110 64 73 75 85 334 77 106 73 44 45 47 41 43 164 154
internal_value=-1.33198e-05 -0.0162502 0.00162271 0.0113343 0.0184791 0.00164692 0.0249611 0.0168808 -0.00107449 -0.00362314 -0.0009991 -0.0202502 0.00088246 -0.0191374 0.00327884 0.0056129 0.00759258 -0.0182608 0.00536617 0.0124996 0.0291739 -0.00246412 -0.0114223 0.00105995 -0.0086627 0.0111363 -0.00598336 0.0452647 -0.0248402 -0.00298363
internal_weight=704.127 64.4538 639.673 139.041 92.7549 28.8896 78.4184 56.0943 500.632 395.413 335.304 29.8539 305.45 32.6537 272.796 247.49 232.701 60.1086 215.43 112.731 32.9117 102.699 61.9162 45.3232 34.9422 40.7826 20.8332 22.324 49.4881 46.286
internal_count=3089 339 2750 579 385 140 325 233 2171 1724 1437 133 1304 138 1166 1056 989 287 916 475 141 441 268 195 151 173 88 92 239 194
is_linear=0
shrinkage=0.05


Tree=31
num_leaves=31
num_cat=0
split_feature=8 11 6 3 4 5 11 11 14 6 6 6 3 3 8 14 3 5 7 19 8 12 19 11 8 4 0 5 5 5
split_gain=7.28455 7.7836 6.92981 7.84969 11.139 6.17377 6.01824 5.86857 7.17601 5.91604 5.67975 5.60557 9.43157 8.06462 8.36334 8.18584 5.46154 4.91065 7.78326 4.89986 4.533 7.00548 7.20422 8.13205 6.77506 5.06125 6.58052 6.00557 8.12389 4.83326
threshold=70.588581000000019 0.012660500000000003 0.11388050000000001 0.11030350000000001 0.054563000000000007 0.026203000000000004 0.99687500000000007 0.096006000000000022 0.024518500000000002 0.046997500000000005 0.035365500000000001 0.082150500000000015 0.1079085 0.013382000000000003 71.628458000000009 0.017568500000000004 0.016823500000000002 0.14246350000000002 0.97513600000000011 2.6680620000000004 43.953711000000006 0.033188500000000003 1.007592 0.85375000000000012 41.633333500000006 0.0071170000000000009 4.1344205000000009 0.028779500000000003 0.040133500000000009 0.029386000000000006
decision_type=2 2 2 2 2 2 2 2 2 2 2 2 2 2 2 2 2 2 2 2 2 2 2 2 2 2 2 2 2 2
left_child=1 16 3 6 -5 10 7 8 9 -3 -2 13 -13 -7 -15 -16 -1 18 -4 -6 24 22 -22 25 -9 26 -24 -27 -29 -23
right_child=5 2 17 4 19 11 -8 20 -10 -11 -12 12 -14 14 15 -17 -18 -19 -20 -21 21 29 23 -25 -26 27 -28 28 -30 -31
leaf_value=0.049179001756361737 -0.0013095596600990454 -0.027483471360822898 -0.034737690224371759 -0.021760722711235792 0.014028565114215477 0.039532415546659545 -0.036550658130882756 -0.005833512715306406 -0.062042592178239958 0.019659558236728873 0.045752679390512557 0.037816196042726791 0.0033266801156147372 0.037220122881365496 0.031786918531994571 -0.013895922019155078 0.0044105262629428963 -0.058393764597361397 0.016481304808349688 0.057458389157943171 -0.019091743650216902 -0.026944078014365842 -0.013395080680385019 0.058897161441975848 -0.048212465859393899 0.052588465858418088 0.033664496157895081 -0.023010823094737537 0.033656181776095161 -0.0024562754552438764
leaf_weight=10.488515563309194 10.179080456495287 19.456875145435337 20.989710047841072 12.376818045973776 12.910734891891481 10.331281900405882 15.98109809309244 40.345099493861198 9.1431353986263257 10.114152356982229 17.318435952067375 26.720643550157547 76.77861537784338 10.187289744615553 10.741662874817846 112.59078381210566 19.43813668191433 8.9917871132493001 11.470576904714106 13.068325176835058 17.833407193422318 25.828513458371162 30.508378803730011 9.7183727920055372 12.307948589324949 12.093053385615347 9.8195291906595212 10.878389909863474 15.109502628445624 91.656642563641071
leaf_count=45 45 87 99 56 56 44 78 184 42 42 71 116 329 42 45 481 82 62 54 58 80 109 137 43 56 51 42 47 66 393
internal_value=-0.000532066 -0.00451739 -0.00631167 -0.004135 0.017277 0.00585564 -0.00661775 -0.00509824 -0.0233291 -0.0113592 0.0283311 0.00335708 0.0122309 -0.00302755 -0.00632069 -0.00991717 0.0201007 -0.0256959 -0.0166383 0.0358752 -0.00254194 0.000568031 0.00989031 0.0157551 -0.0157398 0.0104079 -0.00193644 0.0234806 0.00993568 -0.00783979
internal_weight=715.376 440.529 410.602 369.15 38.3559 274.848 330.794 314.813 38.7142 29.571 27.4975 247.35 103.499 143.851 133.52 123.332 29.9267 41.4521 32.4603 25.9791 276.099 223.446 105.961 88.1272 52.653 78.4089 40.3279 38.0809 25.9879 117.485
internal_count=3142 1969 1842 1627 170 1173 1457 1379 171 129 116 1057 445 612 568 526 127 215 153 114 1208 968 466 386 240 343 179 164 113 502
is_linear=0
shrinkage=0.05


Tree=32
num_leaves=31
num_cat=0
split_feature=5 9 3 0 0 13 5 0 11 1 7 4 13 12 7 11 19 7 13 11 4 11 0 7 1 12 12 9 1 13
split_gain=7.65569 7.69047 6.25727 5.11331 4.34961 2.99968 4.46024 4.40099 3.48104 5.59473 4.64863 4.30968 5.13976 4.85247 8.55088 8.12941 7.1589 5.32467 4.51857 4.16949 6.22627 4.1255 5.02144 4.0662 4.01002 3.89481 8.27603 8.10127 4.80214 4.49435
threshold=0.095165500000000014 0.19521150000000004 -0.039647499999999995 3.5053930000000002 29.833681000000002 0.28419750000000005 0.045729500000000006 5.9882205000000015 0.52152050000000016 0.041683500000000005 0.86543250000000016 0.13064550000000003 0.124432 0.031298500000000007 0.724333 0.85375000000000012 2.5956555000000008 0.81321200000000016 0.087216500000000016 0.47750000000000004 0.16379600000000002 0.6740385000000001 2.4195290000000003 0.98518450000000013 0.019687000000000007 0.030959500000000004 0.037613000000000008 0.046553000000000004 0.031528000000000007 0.038665500000000005
decision_type=2 2 2 2 2 2 2 2 2 2 2 2 2 2 2 2 2 2 2 2 2 2 2 2 2 2 2 2 2 2
left_child=2 -2 -1 -3 5 8 -7 -8 9 10 25 13 -13 14 -10 -16 21 18 -18 20 -11 22 -15 -14 -23 27 -27 -4 -28 -29
right_child=1 3 4 -5 -6 6 7 -9 11 19 -12 12 23 16 15 -17 17 -19 -20 -21 -22 24 -24 -25 -26 26 28 29 -30 -31
leaf_value=-0.031405097471300727 -0.04748877091768141 -0.023287392115090934 0.052219691251694927 0.024283194682056572 0.028051339994873775 0.044674593857177085 0.017599068571975487 -0.015826069993294667 0.034843717920408579 0.015729177224880233 -0.01272800061353486 0.024120175155256759 -0.0054745034548145735 -0.034913155718216848 -0.027242388300033879 0.026322316717560051 -0.034006959955976301 0.021843476744787909 0.0059631893200172825 0.045445773309170157 -0.02652321560054537 -0.05652762421541524 0.013210176154719004 0.017916638973299495 -0.023850420345730847 -0.037496781495228886 -0.0049035095832734125 -0.00036404655070553481 0.032454595767683496 0.033541809305166627
leaf_weight=14.24880178272724 16.369473725557327 13.021330982446672 10.620846346020697 9.9772377312183362 15.741871535778044 9.1181987226009351 28.989927187561989 14.914291083812712 15.75879994034767 75.152483239769936 55.208737805485725 24.145333021879196 99.763364478945732 9.1927395462989825 22.055385127663612 10.434628486633299 13.230499282479288 18.460923805832863 15.187553718686102 9.6889298707246763 9.8632900863885862 12.769039034843443 13.210730522871016 22.83105131983757 35.462585628032684 14.952819690108297 29.987539291381836 58.034768611192703 12.062238574028013 11.752978339791296
leaf_count=65 127 68 44 51 68 38 122 65 68 310 242 102 427 41 100 46 58 77 66 40 41 58 56 95 153 65 131 255 50 50
internal_value=0.000145264 -0.0212944 0.00138133 -0.00265032 0.00208007 0.00145383 0.0128533 0.00624453 0.000446166 0.00441855 -0.000473692 -0.00320617 0.00303456 -0.00873071 0.00462016 -0.0100393 -0.0142123 0.000936197 -0.0126456 0.0143689 0.0108272 -0.024266 -0.00653611 -0.00111832 -0.0325015 0.00444982 -0.00554802 0.0115374 0.00581289 0.00534605
internal_weight=722.208 39.368 682.84 22.9986 668.592 652.85 53.0224 43.9042 599.827 287.325 192.62 312.503 146.74 165.763 48.2488 32.49 117.514 46.879 28.4181 94.7047 85.0158 70.6351 22.4035 122.594 48.2316 137.411 57.0026 80.4086 42.0498 69.7877
internal_count=3179 246 2933 119 2868 2800 225 187 2575 1228 837 1347 624 723 214 146 509 201 124 391 351 308 97 522 211 595 246 349 181 305
is_linear=0
shrinkage=0.05


Tree=33
num_leaves=31
num_cat=0
split_feature=6 14 14 14 2 1 6 1 13 13 19 9 14 1 4 9 6 14 14 8 9 10 9 14 0 3 9 3 4 8
split_gain=4.95463 5.00133 5.89707 5.70235 7.35557 5.79201 4.68942 4.93169 5.63337 6.73019 7.99136 6.09544 4.32689 4.51835 4.25125 4.8632 4.69847 3.93903 9.18565 6.17262 8.29178 5.8647 4.81192 4.4612 4.33406 4.21222 4.04299 3.86795 3.82812 3.80387
threshold=0.027958500000000004 0.0598985 0.051168500000000006 0.044501500000000006 0.14960250000000003 0.10231100000000001 0.13353150000000005 0.057571000000000004 0.16121750000000004 0.12803100000000003 1.7726575000000002 0.057321000000000004 0.039484500000000006 -0.019018499999999997 0.082446000000000019 0.10326450000000001 0.11119250000000001 0.023820000000000004 0.026538000000000003 60.339212000000011 0.043847500000000005 1.0000000180025095e-35 0.035950500000000003 0.032200000000000006 2.5129225000000006 0.11281900000000002 0.030230000000000003 0.17356100000000005 0.015265000000000003 76.734165000000019
decision_type=2 2 2 2 2 2 2 2 2 2 2 2 2 2 2 2 2 2 2 2 2 2 2 2 2 2 2 2 2 2
left_child=28 2 3 4 6 -5 7 12 9 10 -9 -12 13 -2 -3 -16 -17 25 19 -19 -21 22 -20 24 -24 -15 -23 -4 -1 -6
right_child=1 14 27 5 29 -7 -8 8 -10 -11 11 -13 -14 17 15 16 -18 18 21 20 -22 26 23 -25 -26 -27 -28 -29 -30 -31
leaf_value=-0.00014043953054352948 -0.044397624132092278 -0.036749585534841346 0.039272833350168866 -0.031707969181074228 0.046172165066005515 0.013301433064136677 -0.026038070344469186 -0.017645117256315342 0.033852532872494664 -0.028818377393141553 -0.00068231805403645446 0.046384967046487015 0.025840077215885465 0.0017633547494852219 -0.023367397293629341 0.028646055561357228 -0.013787541790296379 -0.045778446569625361 -0.015104279620844733 -0.042390956317559576 0.011013148908523319 0.0014529763597217517 0.040185818593140667 -0.00039326714997725001 0.0040522198654474326 0.035087888258869715 -0.031610225508255645 0.0030595530374862953 -0.035084542526554421 0.010152379805260381
leaf_weight=14.014066919684412 6.0683812052011481 14.465844117105005 16.922333709895614 24.956527195870876 13.234385356307032 10.016376376152037 15.981213390827177 13.881927058100699 22.947880357503891 11.96046097576618 11.115605220198633 18.046427980065346 14.914552986621855 234.05913192033768 21.613810859620571 13.861996270716192 12.322290845215319 20.495416656136513 16.843095377087593 12.079659983515741 18.248762786388397 18.014505818486214 22.168631844222546 26.740777879953384 13.26410163938999 9.8828878253698331 18.995380192995071 13.067823469638823 17.782611086964607 16.4280916005373
leaf_count=66 28 83 73 112 56 43 82 58 94 49 46 75 65 998 112 69 65 90 71 52 78 75 97 117 57 41 84 56 83 69
internal_value=-0.000390355 0.000508344 0.00186427 0.000765486 0.00199864 -0.0188171 0.000631803 0.00146797 0.0130428 0.00436091 0.0135803 0.0284445 -0.000621733 -0.00156849 -0.0130007 -0.00581322 0.00867686 -0.000935802 -0.00685596 -0.0245818 -0.0102574 0.000908594 0.00860192 0.015024 0.0266594 0.00311344 -0.0155168 0.0234934 -0.0196833 0.0262232
internal_weight=714.395 682.598 620.334 590.344 555.371 34.9729 525.709 509.728 77.9523 55.0044 43.044 29.162 431.775 416.861 62.2639 47.7981 26.1843 410.792 166.85 50.8238 30.3284 116.026 79.0166 62.1735 35.4327 243.942 37.0099 29.9902 31.7967 29.6625
internal_count=3144 2995 2666 2537 2382 155 2257 2175 322 228 179 121 1853 1788 329 246 134 1760 721 220 130 501 342 271 154 1039 159 129 149 125
is_linear=0
shrinkage=0.05


Tree=34
num_leaves=31
num_cat=0
split_feature=14 7 14 11 11 0 0 8 14 12 13 3 0 3 11 14 3 0 19 0 14 0 19 7 12 14 0 6 6 0
split_gain=6.9011 6.2788 5.57354 4.60724 7.99602 4.91381 5.25815 3.85583 5.74255 6.49978 3.91452 3.94238 3.34304 3.22482 3.1179 2.91432 7.46027 6.68583 4.65606 9.02578 7.00258 6.61605 9.2449 6.63882 6.27629 5.86459 5.58479 5.13292 4.93225 4.58065
threshold=0.058814000000000012 0.33493550000000005 0.053122000000000009 0.77459700000000009 0.97467950000000003 1.9241480000000002 4.2762905000000009 84.763288000000017 0.040935500000000007 0.096764500000000017 -0.070597499999999994 -0.039647499999999995 2.1070710000000004 0.23586800000000005 0.48699300000000006 0.013824000000000001 0.0067965000000000013 3.9358220000000004 2.0339620000000003 4.9371825000000005 0.017313000000000005 4.2762905000000009 2.6390270000000005 0.79462900000000014 0.057920000000000006 0.019369500000000005 5.5618010000000009 0.045952500000000007 0.031914000000000005 2.0904810000000005
decision_type=2 2 2 2 2 2 2 2 2 2 2 2 2 2 2 2 2 2 2 2 2 2 2 2 2 2 2 2 2 2
left_child=1 -1 7 14 5 -5 -7 8 10 -10 -3 -12 -9 -6 -2 16 -13 -18 20 21 27 22 -20 24 -24 29 -21 28 -17 -22
right_child=3 2 -4 4 13 6 -8 12 9 -11 11 15 -14 -15 -16 18 17 -19 19 26 25 -23 23 -25 -26 -27 -28 -29 -30 -31
leaf_value=-0.032878228857647067 -0.015671236191796816 0.033622979049016267 0.029580181747149482 0.042181581471112686 -0.055785751047074172 -0.030540537698314576 0.021084730975480668 0.040931383744896806 -0.040365907713331942 -0.0024350645267641334 -0.033478898214221627 0.024331153801385987 0.0079674314062410292 -0.01367263741815348 -0.060680204538213101 0.01135611603797936 -0.038394992162680587 0.010285508983330201 -0.025807515960808977 0.039317231815138146 -0.042998814126681842 -0.05036040752292284 -0.043906071809630846 0.027409341312822407 0.010767391042418754 0.0065740286761011221 0.0030726765925570406 0.0018910441731429532 0.055054377943098101 -0.0010220698901219224
leaf_weight=13.199359267950056 7.1477200388908377 9.369804233312605 17.757759869098663 7.8214939385652569 8.8122613802552241 9.835169121623041 9.8941563516855222 9.9449423253536207 17.862863644957542 30.713135838508606 8.1537274420261365 11.256162144243715 33.941382333636284 9.389224134385584 8.3340750187635404 10.382990941405298 22.157943099737167 10.346683770418165 42.288547039031982 12.149947255849836 11.088691189885141 11.080506190657614 9.0516302138566989 20.781452976167202 12.495407387614248 192.25991226732731 84.860705316066742 14.65944831073284 17.079437375068665 15.701807796955107
leaf_count=68 40 40 76 40 54 51 48 41 81 130 39 57 145 43 49 46 101 44 182 51 49 48 41 89 53 824 357 61 70 66
internal_value=-0.000288896 0.00124864 0.00196892 -0.0163232 -0.00834508 0.00864465 -0.00465073 0.00116198 5.06743e-05 -0.0163834 0.00160028 0.00100706 0.0154373 -0.0340617 -0.0399002 0.0015721 -0.0107507 -0.0228993 0.0027602 -0.00313532 0.00711026 -0.0140302 -0.00927278 0.00724636 -0.0122002 0.00352007 0.00761207 0.0257807 0.0385329 -0.0183964
internal_weight=699.818 638.584 625.385 61.2341 45.7523 27.5508 19.7293 607.627 563.741 48.576 515.165 505.795 43.8863 18.2015 15.4818 497.641 43.7608 32.5046 453.88 192.708 261.172 95.6975 84.617 42.3285 21.547 219.05 97.0107 42.1219 27.4624 26.7905
internal_count=3084 2759 2691 325 236 139 99 2615 2429 211 2218 2178 186 97 89 2139 202 145 1937 821 1116 413 365 183 94 939 408 177 116 115
is_linear=0
shrinkage=0.05


Tree=35
num_leaves=31
num_cat=0
split_feature=15 1 0 2 7 4 14 6 2 2 2 7 14 5 4 1 13 4 4 4 2 0 7 4 5 6 13 14 11 2
split_gain=6.09385 6.22775 5.26866 6.60183 5.1737 8.85526 5.09821 4.96992 4.5057 8.28392 6.07833 4.25231 4.03853 4.66563 3.81951 5.60705 3.76198 3.41313 5.39279 5.45335 3.73802 4.11145 4.70083 3.07977 3.0033 4.01544 7.61674 5.43574 5.13575 6.45038
threshold=1.0000000180025095e-35 0.014736000000000001 1.4853030000000003 0.010982000000000002 0.89162400000000008 -0.014534999999999998 0.056677000000000012 0.030934500000000004 0.14960250000000003 0.13862700000000003 0.12564100000000003 0.70818100000000006 0.0598985 0.13490500000000002 0.12023800000000001 0.0086395000000000031 0.17522500000000005 -0.045958999999999993 -0.017023999999999994 0.013041000000000002 0.042865500000000008 2.5686055000000008 0.69006550000000011 0.38197950000000008 0.066223000000000018 0.062915000000000013 0.013898500000000001 0.031915000000000006 0.76220250000000012 0.079214000000000021
decision_type=2 2 2 2 2 2 2 2 2 2 2 2 2 2 2 2 2 2 2 2 2 2 2 2 2 2 2 2 2 2
left_child=6 2 -2 4 5 -4 7 -1 9 10 12 -10 24 -14 15 -5 -13 -9 -19 -20 -21 -22 -23 -18 25 -3 -27 -28 29 -29
right_child=1 8 3 14 -6 -7 -8 17 11 -11 -12 16 13 -15 -16 -17 23 18 19 20 21 22 -24 -25 -26 26 27 28 -30 -31
leaf_value=-0.015940160029603967 -0.041523506543080915 0.0019231815070081628 -0.02158936955882115 -0.049078084250486292 -0.02021101628930537 0.040319045390472985 -0.016921805747145226 0.044390449461601311 -0.0092154805900961281 -0.048474426088732966 0.031250505301884356 -0.0051357076774338891 -0.043375990606772052 0.0041522511361070848 -0.002111212226511127 -0.0073304942744469616 0.041548561612904926 -0.024588382889735125 0.051433827481593836 -0.0024165045092391264 0.040248287339506125 -0.011928985792511993 0.02314236611912876 0.0088315110611593885 0.019432643786835326 -0.047186809059526713 0.0033250085651962569 -0.063734703589611225 -0.00059226807667513886 -0.007647432353910944
leaf_weight=14.28854028880596 14.878323704004286 216.16305500268936 8.7788542434573191 18.851842261850834 12.37828256934881 16.887862846255302 17.393149219453335 9.282295957207678 15.969203278422354 9.4716622531414014 13.95670050382614 10.248800650238989 12.36855521053076 8.8640190288424474 17.062202945351601 14.027515575289724 19.990554824471477 8.8547428846359235 9.8540933281183225 29.217382028698921 16.945757001638412 14.544193774461744 27.850159987807274 11.235900327563284 16.983907759189606 12.06818352639675 67.134151607751846 10.868911370635034 17.783918231725693 9.7021325975656492
leaf_count=65 74 923 40 91 71 75 89 39 71 41 59 46 72 49 83 66 87 39 42 124 70 63 115 48 75 53 279 46 74 40
internal_value=-0.000496851 -0.00289965 -0.0140054 -0.0093522 0.00633973 0.0191443 0.00851057 0.0118915 -0.000376742 -0.0022779 -0.00114402 0.0127081 -0.0023596 -0.0235342 -0.0213062 -0.0312671 0.0211493 0.0153036 0.0127865 0.0161494 0.0122232 0.0194314 0.0111105 0.0297763 -0.00107763 -0.00212146 -0.00955869 -0.00525395 -0.02027 -0.0372817
internal_weight=703.905 555.675 102.865 87.9866 38.045 25.6667 148.23 130.837 452.81 395.365 385.894 57.4445 371.937 21.2326 49.9416 32.8794 41.4753 116.549 107.266 98.4116 88.5575 59.3401 42.3944 31.2265 350.704 333.72 117.557 105.489 38.355 20.571
internal_count=3109 2463 500 426 186 115 646 557 1963 1711 1670 252 1611 121 240 157 181 492 453 414 372 248 178 135 1490 1415 492 439 160 86
is_linear=0
shrinkage=0.05


Tree=36
num_leaves=31
num_cat=0
split_feature=5 14 6 14 15 3 3 7 1 4 14 14 1 14 5 8 5 14 5 12 3 7 4 4 0 8 8 7 0 5
split_gain=5.52976 5.55814 5.15224 7.1048 5.02805 8.06714 11.719 6.27427 4.76484 7.49284 4.78093 9.71256 7.71485 7.12033 5.14717 5.91783 5.90111 5.87726 4.53436 4.41508 4.87348 4.2726 4.19409 6.46268 5.42126 7.66601 8.12263 7.3088 6.28413 5.92808
threshold=0.097730000000000011 0.071814500000000017 0.15728400000000003 0.044501500000000006 1.0000000180025095e-35 0.073238500000000012 0.060923000000000012 0.99974350000000012 0.0010515000000000001 0.078481000000000009 0.015514000000000002 0.017470000000000003 0.024928500000000003 0.018620500000000002 0.033733500000000007 78.881064000000023 0.040480000000000009 0.031596500000000007 0.022201500000000002 0.067888000000000018 0.12510300000000005 0.69459050000000011 -0.041100499999999991 -0.0038319999999999999 3.2326430000000004 75.000000500000013 54.708918000000004 0.60002200000000017 1.9969355000000002 0.047443000000000006
decision_type=2 2 2 2 2 2 2 2 2 2 2 2 2 2 2 2 2 2 2 2 2 2 2 2 2 2 2 2 2 2
left_child=2 -2 3 4 5 6 7 -1 9 21 18 12 -12 -13 15 -15 17 -16 -10 -7 -21 -6 -18 -24 25 26 -25 -26 -27 -28
right_child=1 -3 -4 -5 8 19 -8 -9 10 -11 11 13 -14 14 16 -17 22 -19 -20 20 -22 -23 23 24 27 28 29 -29 -30 -31
leaf_value=0.003708938263269004 -0.059801180870913552 -0.0090984134842730727 0.019298759744157921 -0.015005828637973315 -0.061675035203811179 -0.00037680846365321604 -0.046562069776232479 0.047450997873566797 0.0086193536477796977 0.013482579471284931 0.060399788417506442 -0.02697205287918324 0.00892940374770077 0.021409785701610642 -0.0052876251799546621 -0.013272127010797444 0.027916906627154649 -0.0400923836567137 -0.02296328698527618 0.057161435906265746 0.017531019145354401 -0.017419119260959043 -0.034667220337900206 0.024082770156443542 -0.022283653094221041 0.049331958248916147 -0.0031341541055752591 0.026601279841704663 -0.0058231772383691566 -0.042163791204998143
leaf_weight=60.338327839970589 6.6898498609662047 28.145799741148949 38.729501619935036 66.055007793009281 8.9526494890451449 9.4716858416795713 10.690849632024763 9.486882418394087 16.773944035172462 12.443964391946791 12.648104175925257 21.331239148974419 17.154829382896423 59.713626593351364 65.139666184782982 15.490463346242903 17.668623492121696 14.904690891504286 35.242021530866623 16.567777395248417 14.588014245033262 13.954069316387175 11.027575731277464 10.859856456518171 9.3516914993524534 10.414495617151262 17.558783814311028 41.92124505341053 10.244183540344237 21.817573845386505
leaf_count=257 54 167 169 300 43 40 45 40 75 56 54 92 71 251 281 65 78 63 153 69 61 66 49 47 42 43 75 175 43 94
internal_value=0.000587478 -0.0188354 0.00159653 0.000511394 0.00232311 0.0113533 0.00218795 0.009652 -0.000137337 -0.0177492 0.00138391 0.00344601 0.030773 0.000958794 0.00290514 0.014266 -0.000794974 -0.0117685 -0.0127786 0.0295173 0.0386054 -0.0347157 0.00502726 0.0019909 0.00529988 -0.00365745 -0.0142011 0.0176851 0.0219817 -0.0247596
internal_weight=705.377 34.8356 670.541 631.812 565.757 121.144 80.5161 69.8252 444.613 35.3507 409.263 357.247 29.8029 327.444 306.112 75.2041 230.908 80.0444 52.016 40.6275 31.1558 22.9067 150.864 133.195 122.168 70.8949 50.2362 51.2729 20.6587 39.3764
internal_count=3118 221 2897 2728 2428 512 342 297 1916 165 1751 1523 125 1398 1306 316 990 344 228 170 130 109 646 568 519 302 216 217 86 169
is_linear=0
shrinkage=0.05


Tree=37
num_leaves=31
num_cat=0
split_feature=4 13 13 19 8 6 8 4 4 6 12 1 8 8 6 19 9 19 13 4 13 13 13 11 9 11 8 10 4 7
split_gain=6.84767 8.24846 7.11548 7.22357 6.75334 6.5177 6.87808 6.40597 7.21751 6.81856 6.22963 5.58631 5.42643 9.98045 4.84902 4.73544 4.67411 4.64492 8.4956 8.07333 4.99256 4.76155 4.59538 4.50608 4.69137 5.22056 4.61989 4.53891 4.44165 4.34208
threshold=0.074421000000000015 0.097765500000000019 0.17330700000000002 1.1274060000000004 43.206629500000005 0.085253500000000024 64.901555500000015 0.12677950000000002 0.15746350000000003 0.03409750000000001 0.039025000000000011 0.092587500000000017 66.695552000000006 71.327282000000011 0.054508000000000008 0.96301450000000011 0.24942000000000003 2.0743570000000005 -0.032213999999999993 -0.014534999999999998 -0.0089169999999999978 -0.044320499999999992 0.032015500000000009 0.67724350000000011 0.026158500000000005 0.34793650000000004 57.899749500000006 1.0000000180025095e-35 -0.030900499999999997 0.83302350000000003
decision_type=2 2 2 2 2 2 2 2 2 2 2 2 2 2 2 2 2 2 2 2 2 2 2 2 2 2 2 2 2 2
left_child=10 4 3 -3 -2 6 -5 9 -9 -6 15 12 -4 -14 -11 22 23 19 -19 20 21 -17 28 24 -12 -26 -25 -27 -1 -28
right_child=1 2 11 5 7 -7 -8 8 -10 14 16 -13 13 -15 -16 17 -18 18 -20 -21 -22 -23 -24 26 25 27 29 -29 -30 -31
leaf_value=-0.0083198999458743584 -0.030414748406088113 -0.046260539365052582 -0.030772452948224394 0.037022983438449689 -0.023732329192880302 -0.0228462447461668 -0.0029736847153793294 0.075989565700622708 0.018701705556746072 0.037206511796814216 -0.02925646181919106 0.021803205324835328 0.05271862318703846 -0.00010314671802170602 0.0071915956803478946 0.0020544257796126127 -0.046161113530030003 0.027676171943699004 -0.017666821269290728 0.018999778794578381 0.010655264156142503 -0.037007852415778315 0.0081608676541608371 -0.054356421020279128 -0.013103747423253591 0.00094341876253509628 -0.034529072883689033 0.043672569368137446 -0.057243831246033244 0.011349443587093591
leaf_weight=8.9589265584945696 6.6445160061120978 11.267823718488215 11.58454144746065 12.918083891272543 10.134084999561308 32.906745195388794 64.008596129715443 10.196581751108171 11.931281253695486 24.845980137586594 13.750437863171099 49.957781583070755 10.000407181680201 84.5429328083992 29.35334800183773 14.277593940496446 10.626442730426787 13.02442856878042 49.940885648131371 74.833117708563805 24.954546391963959 17.19920814037323 10.165140263736246 10.187248438596727 23.60578466206789 14.235403180122375 11.112960472702982 11.031099319458008 9.621453173458578 9.6231416463851911
leaf_count=42 36 49 59 55 45 149 273 44 55 105 58 219 44 365 128 63 49 59 239 324 109 78 46 52 100 63 52 47 47 42
internal_value=0.000628259 0.00528506 0.000960059 -0.00813473 0.0181611 -0.0042234 0.00374284 0.0218941 0.0451001 0.0139123 -0.00464269 0.00801638 0.00152648 0.00548412 0.020951 7.33545e-05 -0.0147371 0.00287652 -0.00828758 0.00823175 -0.00604764 -0.0192896 -0.0188673 -0.0111675 -0.00345605 0.00380302 -0.0267838 0.0195985 -0.0336541 -0.0132379
internal_weight=697.441 370.293 277.187 121.101 93.1058 109.833 76.9267 86.4613 22.1279 64.3334 327.148 156.086 106.128 94.5433 54.1993 222.975 104.173 194.23 62.9653 131.264 56.4313 31.4768 28.7455 93.5461 62.6227 48.8723 30.9234 25.2665 18.5804 20.7361
internal_count=3096 1626 1213 526 413 477 328 377 99 278 1470 687 468 409 233 1007 463 872 298 574 250 141 135 414 268 210 146 110 89 94
is_linear=0
shrinkage=0.05


Tree=38
num_leaves=31
num_cat=0
split_feature=19 5 13 7 13 7 14 19 19 15 2 9 15 13 14 5 5 9 14 3 19 8 9 2 12 8 3 19 7 8
split_gain=7.66204 7.43891 5.47833 5.47323 5.40551 5.59871 5.37707 4.95924 6.38971 5.95713 5.60678 5.24368 5.20151 4.95272 4.88946 4.54276 5.62674 4.46121 4.04565 3.92046 4.53782 6.83543 5.73772 5.63049 7.6008 6.61712 5.25191 4.40198 7.63632 6.83036
threshold=0.9743440000000001 0.097730000000000011 -0.064387999999999987 0.78804150000000017 -0.0089169999999999978 0.56416750000000004 0.048342500000000004 1.2416425000000004 1.2721640000000003 1.0000000180025095e-35 0.027250000000000003 0.11045800000000001 2.5000000000000004 -0.026416999999999996 0.071814500000000017 0.019930500000000004 0.021498500000000004 0.22599250000000004 0.022174000000000003 0.073997000000000007 3.4872465000000008 82.747315500000013 0.037125500000000006 0.097112000000000018 0.090484500000000009 70.381037500000005 0.24604100000000004 1.8406630000000002 0.63603900000000013 72.424845500000018
decision_type=2 2 2 2 2 2 2 2 2 2 2 2 2 2 2 2 2 2 2 2 2 2 2 2 2 2 2 2 2 2
left_child=3 2 -2 -1 13 6 -6 9 -9 -7 12 -12 -11 17 -3 -10 -17 -4 -15 27 22 -22 -21 25 -25 -24 -23 29 -29 -18
right_child=1 14 4 -5 5 7 -8 8 15 10 11 -13 -14 18 -16 16 19 -19 -20 20 21 26 23 24 -26 -27 -28 28 -30 -31
leaf_value=4.5813952825728382e-05 0.035451146751689443 -0.059201402576743424 -0.025978063197532465 -0.031482924643812873 -0.017248304087983824 0.044942279565760357 0.022379898763420676 -0.038213071396681869 -0.028898908329901569 0.005377435357392376 0.013527212798681491 -0.028114074173909456 0.057226177347692753 -0.0113150210579214 -0.01112891116793527 0.051489733405597926 0.0011254340826998548 0.018707030571564056 -0.053152931884501313 0.0041259670557056202 -0.010092272554847048 0.043099954868750484 0.019216777642791616 -0.025478783680093344 0.027189667684685781 0.05865976387718011 -0.0013522765261371292 0.024242816715947371 -0.012877809088669163 0.036828652387706821
leaf_weight=25.434341214597225 13.183576822280882 6.664713814854621 8.7408932298421878 30.001194089651108 48.780392289161682 16.266730755567551 10.381900295615194 8.7801778465509397 9.7244540303945524 9.6299307048320788 19.377756178379062 12.396538913249968 9.7192383110523206 13.180560752749445 25.632515221834183 6.5947507619857779 67.513764172792435 15.473117142915724 10.288404569029806 63.87532739341259 54.08192552626133 13.289466932415964 24.848878413438797 10.851461276412012 18.577198192477226 18.58713510632515 13.288998186588286 16.400839447975159 89.239764980971813 16.711652480065823
leaf_count=118 56 56 40 141 222 68 47 38 43 42 81 55 41 59 154 28 288 68 48 267 232 56 105 47 79 78 57 70 387 70
internal_value=0.000828328 0.00234544 0.00356453 -0.0170172 0.00287152 0.00425014 -0.0102943 0.00597194 0.00400554 0.0185881 0.0102025 -0.00271887 0.0314215 -0.013288 -0.0210489 0.00488066 0.00567437 0.00257638 -0.0296561 0.0049325 0.00951701 0.000111523 0.0150651 0.0246547 0.00776881 0.0360952 0.0208742 -0.000316856 -0.00711478 0.00820952
internal_weight=707.518 652.082 619.785 55.4355 606.601 558.918 59.1623 499.756 432.366 67.3902 51.1235 31.7743 19.3492 47.683 32.2972 423.586 413.861 24.214 23.469 407.266 217.4 80.6604 136.74 72.8647 29.4287 43.436 26.5785 189.866 105.641 84.2254
internal_count=3141 2882 2672 259 2616 2401 269 2132 1845 287 219 136 83 215 210 1807 1764 108 107 1736 921 345 576 309 126 183 113 815 457 358
is_linear=0
shrinkage=0.05


Tree=39
num_leaves=31
num_cat=0
split_feature=13 13 12 8 13 15 0 0 7 3 4 15 9 8 0 5 7 3 5 15 7 9 9 8 11 12 9 12 7 5
split_gain=4.21131 11.013 6.05142 9.16059 5.65742 8.36543 7.0847 6.8601 7.24941 6.73379 8.75297 5.41243 5.04151 5.00972 4.99366 5.85954 4.91313 4.6586 4.51626 4.49648 5.79295 4.80025 4.23753 4.17231 8.76602 4.5145 4.08235 3.98132 4.31687 4.7544
threshold=0.067611000000000018 0.062935000000000005 0.029251000000000003 65.937060000000017 0.13069150000000004 2.5000000000000004 2.9933320000000001 9.974829500000002 0.68413850000000009 0.076347500000000013 0.11548950000000001 1.0000000180025095e-35 0.029510500000000005 70.588581000000019 1.9502845000000002 0.059244000000000005 0.73316250000000005 0.019394000000000005 0.043279000000000005 4.5000000000000009 0.70041450000000005 0.022121500000000006 0.060549000000000006 44.506516000000012 0.65689200000000014 -0.0079999999999999984 0.14188700000000001 0.067888000000000018 0.88175350000000019 0.038602000000000004
decision_type=2 2 2 2 2 2 2 2 2 2 2 2 2 2 2 2 2 2 2 2 2 2 2 2 2 2 2 2 2 2
left_child=1 2 3 19 6 9 11 8 -8 -6 -11 -2 -7 -9 -14 18 -12 -4 -16 21 -21 -1 -23 25 -25 -24 -22 28 -19 -30
right_child=4 -3 17 -5 5 12 7 13 -10 10 16 -13 14 -15 15 -17 -18 27 -20 20 26 22 23 24 -26 -27 -28 -29 29 -31
leaf_value=0.023631150665990759 0.024439544171559299 -0.049310557566183938 -0.049786257700377007 0.050112905157357834 -0.028062006861680949 -0.0039048762317625352 0.0022396274683567563 -0.034567443809484483 0.037113753027502784 -0.050801606535948785 -0.012601835657624658 -0.0092257283637433071 0.053374823628371065 0.016602419584723183 0.0022119830466605732 -0.015483619951645738 0.0095909666358723576 -0.021446450131385675 0.046167840901918639 0.045176809904626386 -0.026096589196611411 -0.044398730423355251 -0.0071157082260917305 -0.0067022816566072911 0.03559623772964908 -0.04166975029907688 0.018267906468147757 0.020840276336998465 0.017481504878587111 -0.022900973514384464
leaf_weight=13.673528276383875 15.084919795393942 13.781320884823797 7.9989230111241332 9.3535885810852033 37.805019982159138 35.957984693348408 21.680011108517647 9.0652466863393801 47.662273913621902 9.0515688061714155 42.305632971227169 57.248571917414665 9.5069007724523527 10.126512117683886 10.322334766387941 12.23488613963127 60.750469490885735 57.692573875188828 13.468325302004812 11.202586896717547 8.5115127116441744 7.3481400087475768 32.338789813220501 60.012402236461639 15.389893859624861 13.356789961457251 13.269184142351149 9.398756340146063 18.733911752700809 11.930369928479193
leaf_count=65 64 62 38 40 175 153 93 40 201 43 188 255 41 43 45 59 263 255 57 49 42 35 157 271 70 62 60 40 79 54
internal_value=-0.0012212 -0.00563847 -0.0035646 0.00190234 0.00220198 -0.00280454 0.00940371 0.0188881 0.0262103 -0.00981366 -0.00365994 -0.00220494 0.0100897 -0.00756772 0.0211415 0.0126354 0.000480584 -0.0131 0.0270962 -0.000672954 0.0159589 -0.00453289 -0.00753105 -0.00529394 0.00193101 -0.0172158 0.000931043 -0.0100981 -0.0133891 0.00177013
internal_weight=696.263 303.992 290.211 184.456 392.271 231.403 160.868 88.534 69.3423 149.913 112.108 72.3335 81.4904 19.1918 45.5324 36.0255 103.056 105.755 23.7907 175.103 32.9833 142.12 128.446 121.098 75.4023 45.6956 21.7807 97.7556 88.3569 30.6643
internal_count=3099 1379 1317 851 1720 1024 696 377 294 669 494 319 355 83 202 161 451 466 102 811 151 660 595 560 341 219 102 428 388 133
is_linear=0
shrinkage=0.05


Tree=40
num_leaves=31
num_cat=0
split_feature=2 5 13 5 2 1 1 15 2 11 11 2 1 8 13 2 0 4 4 8 6 6 8 13 12 0 11 1 1 13
split_gain=4.69744 7.24815 9.26025 6.02693 4.75976 4.12385 5.50281 4.94999 4.82104 5.61778 5.65274 8.86731 4.76789 6.12461 7.84043 4.58053 3.95858 3.88856 4.88083 3.36512 3.20844 3.88539 3.07805 3.03057 4.13697 6.2482 3.76695 4.46011 6.6177 4.66745
threshold=-0.015274499999999998 0.095165500000000014 -0.050568499999999995 0.069716000000000014 0.10362650000000002 0.031753500000000011 0.035282000000000008 1.0000000180025095e-35 0.027250000000000003 0.92182350000000002 0.10172400000000002 0.016959500000000002 0.009305500000000003 79.066996500000016 0.032762000000000006 0.036913000000000008 2.4803130000000002 0.042274000000000006 0.12023800000000001 50.303744000000009 0.028591500000000002 0.066827500000000012 61.532255500000012 0.068970500000000004 0.084664000000000003 3.5053930000000002 0.88534550000000012 0.042008500000000011 0.045056000000000006 0.019975500000000004
decision_type=2 2 2 2 2 2 2 2 2 2 2 2 2 2 2 2 2 2 2 2 2 2 2 2 2 2 2 2 2 2
left_child=3 2 -2 -1 -3 7 17 12 9 10 -9 16 -4 14 -14 -10 19 -7 -19 -12 -17 -22 -16 26 25 -25 27 29 -29 -8
right_child=1 4 5 -5 -6 6 23 8 15 -11 11 -13 13 -15 22 20 -18 18 -20 -21 21 -23 -24 24 -26 -27 -28 28 -30 -31
leaf_value=-0.028269588244672662 0.040316222540444757 -0.034693938553577171 0.02945336358994885 0.018586916614276056 0.0067280033280108778 -0.0018550491474808263 0.0096237693297963819 -0.018005152391857238 -0.033322669169935835 -0.034146864596748809 0.011247650024364633 0.041347640632397167 0.020991507867953587 0.034872251277469402 -0.0069506084548659032 -0.038009438373084271 0.021933741475532013 0.054437974472271215 0.0077392717452751869 -0.026658724217291836 -0.00093192737107461335 -0.027643354923595882 -0.04464119384943193 0.00096524762525964823 0.0018986422984362717 0.035507913117611666 -0.034162780039719766 0.042086921153795316 -0.001890105028055835 -0.033891838971331072
leaf_weight=29.272628709673882 15.327713027596472 22.916242703795433 19.04753465950489 8.9643302038311941 9.9449881464242917 10.177505403757094 9.5951749980449694 18.249509066343307 24.248902142047882 9.7203853577375394 9.5542242676019686 19.490390583872795 12.755172833800314 9.6158242225646955 9.5803377628326434 8.666537791490553 13.209840729832647 13.608426913619043 9.5023461282253248 15.121064946055411 70.232341051101685 16.887261986732483 12.464546620845793 26.604979187250137 170.69733522832394 25.773502752184868 9.9526396691799146 10.57948514819145 44.693017601966858 17.222726985812187
leaf_count=133 65 155 82 50 59 43 42 84 109 43 44 85 55 41 41 42 57 56 40 67 309 81 54 113 717 107 45 44 191 74
internal_value=-0.000242238 0.00073703 0.00192639 -0.0172845 -0.0221582 0.000973086 0.00456311 -0.00367939 -0.0074508 0.0016342 0.00623328 0.0139428 0.00852567 -0.000449066 -0.0102089 -0.0139103 -0.000155853 0.0238966 0.0352371 -0.0119814 -0.0089959 -0.00610967 -0.0282615 0.00252077 0.00567043 0.0179624 -0.00511277 -0.00159074 0.00652736 -0.0183224
internal_weight=703.677 665.44 632.579 38.237 32.8612 617.251 348.407 268.844 205.38 85.3454 75.625 57.3755 63.4634 44.4159 34.8001 120.035 37.8851 33.2883 23.1108 24.6753 95.7861 87.1196 22.0449 315.119 223.076 52.3785 92.043 82.0904 55.2725 26.8179
internal_count=3128 2945 2731 183 214 2666 1472 1194 921 380 337 253 273 191 150 541 168 139 96 111 432 390 95 1333 937 220 396 351 235 116
is_linear=0
shrinkage=0.05


Tree=41
num_leaves=31
num_cat=0
split_feature=5 19 6 7 0 9 0 2 7 14 9 14 6 6 5 0 3 7 7 6 1 7 11 11 0 11 2 6 0 0
split_gain=6.31279 5.93636 5.38112 4.6357 4.50567 5.1955 6.33237 5.71893 4.91377 6.39357 7.01354 6.27403 4.71139 4.06854 5.95122 7.85542 4.45361 3.39678 6.06769 7.30253 6.87211 4.96082 4.95376 10.6262 8.08081 7.67664 5.79306 5.65938 4.61569 6.40943
threshold=0.16534550000000003 3.4325490000000003 0.16001250000000003 0.35857150000000004 29.833681000000002 0.19824700000000003 3.7695820000000002 0.041468000000000005 0.9787610000000001 0.029101500000000002 0.037669000000000008 0.024418000000000006 0.055126500000000009 0.034342000000000004 0.032445000000000009 2.3321950000000005 0.041437500000000009 0.72123250000000005 0.60782750000000008 0.04446400000000001 0.029718000000000005 0.73316250000000005 0.7895835000000001 0.81534100000000009 2.6720590000000004 0.55064100000000016 0.044201500000000012 0.062509000000000023 4.6391450000000001 3.0877435000000006
decision_type=2 2 2 2 2 2 2 2 2 2 2 2 2 2 2 2 2 2 2 2 2 2 2 2 2 2 2 2 2 2
left_child=1 2 3 -1 5 6 12 -8 9 11 -11 -9 -3 14 15 16 -5 18 19 -15 -21 -19 24 -24 25 26 -23 -28 29 -25
right_child=-2 4 -4 13 -6 -7 7 8 -10 10 -12 -13 -14 17 -16 -17 -18 21 -20 20 -22 22 23 28 -26 -27 27 -29 -30 -31
leaf_value=-0.036525719931340787 -0.030701659445570451 0.037729961400882583 0.033092268656736035 0.0067214994523449563 0.015976952373793839 -0.032482613951347036 -0.042895951158572476 -0.015213284114312914 0.015183760584692382 -0.0053825096733872259 -0.051395941144492398 0.036732581135330226 -0.0093421883712636929 0.031877428097302304 -0.022416393447082749 -0.020837913832476317 0.046716214230237474 -0.035155815081935257 0.019102339644441559 -0.030700345348416883 0.0076945791599292912 -0.013820095494801893 0.064152209821929082 0.010193852033476079 0.0096496478496998009 -0.03317864450331507 0.035297686589614921 -0.011899840088327618 0.036451488113869383 -0.029169780442604168
leaf_weight=7.4728675559163085 16.133853420615196 12.531846553087236 14.854077920317648 22.194798335433006 17.631472669541836 23.101087018847466 13.053345657885073 14.864364579319956 18.704243369400501 16.396236032247543 16.733096353709698 9.5456751286983472 9.2314797118306142 12.970605775713919 35.608634181320667 19.621587380766869 10.140956863760946 8.7826880514621717 93.163553319871426 22.180765971541405 24.55685006827116 42.014803312718868 9.1501287966966611 45.93642620742321 86.261498212814331 28.525759048759937 15.611644744873049 10.707720249891279 11.109260872006415 13.345470890402792
leaf_count=40 98 54 71 101 82 109 65 63 82 71 78 40 46 55 166 86 44 38 399 98 105 186 39 204 366 130 66 46 47 57
internal_value=0.000212948 0.000940017 0.00341936 0.00257069 -0.00778563 -0.0109085 -0.00642098 -0.0123151 -0.00707946 -0.0143165 -0.0286232 0.00510042 0.0177631 0.00314145 -0.00667109 0.00411985 0.0192644 0.00516645 0.0111277 -0.00131528 -0.0105269 0.00180922 0.00304523 0.0134639 -0.00148026 -0.0113923 -0.00229773 0.0160959 0.00687492 0.00133236
internal_weight=702.137 686.003 534.21 519.356 151.793 134.161 111.06 89.297 76.2436 57.5394 33.1293 24.41 21.7633 511.883 87.566 51.9573 32.3358 424.317 152.872 59.7082 46.7376 271.445 262.663 79.5413 183.121 96.8599 68.3342 26.3194 70.3912 59.2819
internal_count=3132 3034 2344 2273 690 608 499 399 334 252 149 103 100 2233 397 231 145 1836 657 258 203 1179 1141 347 794 428 298 112 308 261
is_linear=0
shrinkage=0.05


Tree=42
num_leaves=31
num_cat=0
split_feature=6 5 9 9 2 7 15 9 9 6 12 4 3 1 13 14 1 14 14 2 12 7 5 5 5 14 19 10 6 6
split_gain=7.05195 6.44003 5.35758 5.5732 4.87537 5.30664 5.01034 4.83534 10.6903 6.64072 4.45311 4.63131 3.95566 3.90247 4.18035 4.768 3.81031 3.08482 7.26136 2.97321 4.03702 3.11069 2.88954 7.83577 4.87456 5.23464 3.69381 4.00584 3.90898 6.58561
threshold=0.027958500000000004 0.087558500000000011 0.062440500000000003 0.93336700000000017 -0.03495199999999999 0.56416750000000004 1.0000000180025095e-35 0.075520000000000018 0.24547550000000004 0.039713000000000005 -0.016460499999999996 0.23925600000000002 0.049867500000000002 0.027269500000000002 0.100038 0.033680500000000009 0.048863000000000011 0.062328000000000008 0.055768000000000005 0.030511000000000003 0.088700500000000002 0.87897750000000008 0.044129500000000009 0.042406000000000006 0.04517100000000001 0.025932500000000004 3.5840845000000003 1.0000000180025095e-35 0.082150500000000015 0.047215500000000007
decision_type=2 2 2 2 2 2 2 2 2 2 2 2 2 2 2 2 2 2 2 2 2 2 2 2 2 2 2 2 2 2
left_child=-1 4 -3 10 -2 13 7 19 9 -9 -4 -12 -11 14 -6 -16 -15 18 22 -7 21 -21 23 26 -24 -26 28 -28 29 -8
right_child=1 2 3 -5 5 6 17 8 -10 12 11 -13 -14 16 15 -17 -18 -19 -20 20 -22 -23 24 -25 25 -27 27 -29 -30 -31
leaf_value=-0.023444656514756131 -0.028518427899381485 -0.047932888442991761 0.034808723469362833 -0.042975162103550062 -0.00011861826262062644 0.044284973170965983 0.011070577662781652 0.020960582282666822 0.043330830094122121 -0.040994952760145871 -0.041213221660874211 0.015862043321917405 -0.003457315508957256 0.022303240276661768 -0.057210984185138182 -0.0074847079721529555 -0.015082662198085696 -0.019044328061974206 0.045138585596956965 -0.014195066905410243 0.03190150211701024 0.02329618994812423 -0.032319545369600071 0.033972969223378745 -0.024675863320454672 0.0040147535715574908 -0.035863107038557551 -0.00035644419832035567 0.023810743114070568 -0.0080447634675024759
leaf_weight=28.042334608733654 11.749223828315733 10.466526187956331 8.448274567723276 7.7877705842256537 13.497575789690016 14.294196650385855 111.16738565266132 12.915588080883024 12.996999710798262 14.137999802827837 6.7134628966450709 7.55292809009552 13.936216488480566 13.882357552647592 11.418457746505739 8.3427812010049802 13.387764066457747 15.194707751274107 10.40558974444866 12.22208108007908 25.466362535953522 10.108728766441343 12.798120602965353 22.751890182495117 18.485671937465668 113.58007411658764 11.399422764778135 26.202219471335411 26.593258947134018 75.7680584192276
leaf_count=136 55 88 43 42 63 59 479 55 55 61 47 40 60 59 55 42 57 72 44 51 106 42 55 96 82 489 50 110 112 322
internal_value=0.00112288 0.00214554 -0.017066 -0.00647442 0.00338953 0.00399327 0.00551232 0.0147621 0.00381798 -0.00871071 0.00603993 -0.0109964 -0.022361 -0.0100713 -0.0215674 -0.0362176 0.00394932 0.00309597 0.00387988 0.0242777 0.0182943 0.00277651 0.00285463 0.00587533 -0.00285636 -1.16537e-06 0.00332974 -0.0111207 0.00587442 0.00332281
internal_weight=701.714 673.672 40.969 30.5024 632.703 620.954 560.425 116.078 53.9868 40.9898 22.7147 14.2664 28.0742 60.5289 33.2588 19.7612 27.2701 444.346 429.152 62.0914 47.7972 22.3308 418.746 273.882 144.864 132.066 251.13 37.6016 213.529 186.935
internal_count=3127 2991 260 172 2731 2676 2400 489 231 176 130 87 121 276 160 97 116 1911 1839 258 199 93 1795 1169 626 571 1073 160 913 801
is_linear=0
shrinkage=0.05


Tree=43
num_leaves=31
num_cat=0
split_feature=5 2 2 0 4 0 13 14 7 7 5 18 2 0 0 5 7 0 0 0 0 0 13 0 0 5 5 1 5 4
split_gain=3.88416 6.36461 9.23915 7.43622 4.85126 5.01705 4.59854 6.22882 5.29495 5.49123 3.68705 7.28071 6.54145 6.1603 10.4849 5.23059 5.77014 6.63707 5.00917 4.85822 4.84602 4.50698 4.1137 5.1297 5.08595 4.05668 6.69365 6.541 3.78634 3.69073
threshold=0.063695000000000015 0.14960250000000003 0.13862700000000003 10.395269000000003 0.03186350000000001 1.7267555000000001 0.058486500000000004 0.048694500000000009 0.99974350000000012 0.62518000000000018 0.031104500000000004 0.50000000000000011 0.040966000000000009 3.2171595000000006 2.1070710000000004 0.037412000000000008 0.76172150000000016 2.5473815000000006 1.9597275000000003 1.5268880000000002 1.4741935000000002 1.6617020000000002 -0.010657499999999999 3.2326430000000004 4.4694170000000009 0.055739500000000004 0.052575500000000004 0.049859500000000008 0.04728000000000001 0.0044345000000000009
decision_type=2 2 2 2 2 2 2 2 2 2 2 2 2 2 2 2 2 2 2 2 2 2 2 2 2 2 2 2 2 2
left_child=1 2 10 -3 -2 -6 -7 -8 9 -9 11 13 15 14 -1 16 17 -12 -18 -13 -14 -22 28 29 -25 26 -23 -27 -17 -24
right_child=4 3 -4 -5 5 6 7 8 -10 -11 12 19 20 -15 -16 22 18 -19 -20 -21 21 25 23 24 -26 27 -28 -29 -30 -31
leaf_value=0.014812959587646335 -0.031886789066334985 0.03588464739773415 -0.046723069185148014 -0.0022964141793900329 0.02313046880243555 0.017780613574523815 -0.041759970456343144 0.01927835563721237 0.02461214300586461 -0.031978690705295541 0.016643769086987153 -0.032618417196202752 0.036058631479306581 -0.0011338534189807576 0.07324963778889533 -0.043593114992019621 -0.065202509965968228 -0.032907954165581975 -0.02053878310292459 0.003958995413141638 -0.023736525150851853 0.0048503033130791896 0.015419552600630066 0.050173572594083761 0.0011619554066599888 0.052958108679922691 -0.033558906919670999 0.0011490805830437435 -0.00014633715542353954 -0.011282151701642132
leaf_weight=21.004227072000504 18.190974988043308 28.723716765642166 10.133220449090002 22.935067847371101 14.679811425507067 12.674382738769053 16.013527408242226 7.3934485763311413 11.01217111200094 17.817208178341389 15.103923216462137 9.9454251676797849 11.5192254781723 16.627832144498825 12.096681416034697 10.581271782517435 10.450728550553324 12.229202598333357 15.721122115850447 104.08526825904846 14.913202077150343 150.14497044682503 17.242916613817215 9.6959806680679339 11.656651139259337 10.773918226361276 12.270097851753233 14.019752755761145 9.5322139263153058 51.872870281338692
leaf_count=92 112 125 44 101 75 69 76 36 56 99 66 46 49 70 50 49 49 54 68 444 65 639 78 41 53 47 53 59 44 226
internal_value=0.000652939 0.00215128 0.000579655 0.0189333 -0.00859131 -0.00326696 -0.00923685 -0.0157922 -0.00431232 -0.0169467 0.00146486 0.00773102 -0.00125176 0.0236957 0.0361686 -0.00875973 -0.0215935 -0.00552633 -0.0383735 0.00076882 0.00451474 0.002717 -0.00255013 0.00199702 0.0234176 0.00482431 0.00194857 0.0236623 -0.0230028 -0.00462065
internal_weight=701.061 603.279 551.621 51.6588 97.7815 79.5905 64.9107 52.2364 36.2228 25.2107 541.487 163.759 377.728 49.7287 33.1009 164.087 53.505 27.3331 26.1719 114.031 213.641 202.122 110.582 90.4684 21.3526 187.209 162.415 24.7937 20.1135 69.1158
internal_count=3135 2612 2386 226 523 411 336 267 191 135 2342 702 1640 212 142 728 237 120 117 490 912 863 491 398 94 798 692 106 93 304
is_linear=0
shrinkage=0.05


Tree=44
num_leaves=31
num_cat=0
split_feature=5 13 9 3 9 12 8 1 5 14 12 3 8 12 3 13 13 5 14 0 9 3 8 0 9 3 12 11 14 5
split_gain=5.81693 8.2067 5.8388 4.81083 3.83953 4.26896 3.79661 4.48295 4.84153 4.44039 5.12852 4.00445 3.69427 4.81094 3.54216 5.00125 3.44828 4.18825 3.77764 4.44839 4.51818 5.90041 6.11658 3.6101 3.4985 3.73117 3.31077 6.98317 4.04844 5.65894
threshold=0.097730000000000011 -0.064387999999999987 0.090829000000000007 -0.039647499999999995 0.93336700000000017 -0.0011389999999999998 33.480826000000008 0.031753500000000011 0.020271500000000005 0.061122000000000003 0.25649550000000004 0.0075620000000000001 47.386463000000006 0.037301500000000008 -0.013226 -0.010657499999999999 0.013898500000000001 0.025307000000000007 0.020809000000000005 5.1730775000000007 0.0080560000000000024 0.15057050000000002 82.747315500000013 3.1581740000000003 0.032210000000000009 0.11281900000000002 0.17330450000000003 0.9727880000000001 0.035404500000000012 0.038275500000000011
decision_type=2 2 2 2 2 2 2 2 2 2 2 2 2 2 2 2 2 2 2 2 2 2 2 2 2 2 2 2 2 2
left_child=1 -1 -2 -3 5 -4 -5 8 -8 11 -11 -9 -10 14 -14 -16 -13 -18 23 26 -21 24 -23 -19 -22 -26 27 28 29 -20
right_child=2 3 4 6 -6 -7 7 9 12 10 -12 16 13 -15 15 -17 17 18 19 20 21 22 -24 -25 25 -27 -28 -29 -30 -31
leaf_value=0.041294486981220881 -0.056764128060228174 -0.033694306041893989 0.028133474145915067 0.030786489581919915 -0.039903676668877959 -0.020503094482784236 -0.035160321641059318 0.026125699308798822 -0.019758100070550042 -0.042835735778363325 0.0066177006194471479 -0.01315441914032142 0.038459937546374751 -0.0065581468559867337 -0.031274647988084436 0.0090731746469850435 0.027194627253910249 0.0083629539515535558 -0.0076880395863923451 0.034692876344657265 -0.0052595750214657145 -0.02759255919716155 0.021085088230446698 -0.025299026669456062 0.015108810440186207 0.050009080659901499 0.017730103937622411 -0.03055150849559923 -0.014023168443739506 0.021520025861608234
leaf_weight=12.319631576538084 8.3380717337131482 10.362241148948668 8.9924987703561801 10.282020404934881 6.9953241646289817 9.0543296188116091 12.341006174683569 21.640794329345226 29.744031116366386 10.60633720457554 10.366432800889013 27.112457558512688 8.6579238921403867 150.21933034807444 8.5847329646348935 72.900464326143265 20.645990088582039 13.207454755902289 29.070065259933472 21.422280162572861 10.391955867409704 17.40507993102074 10.256168380379675 20.065787151455879 20.692477256059647 12.157758280634878 22.840176209807396 19.280615374445915 26.682489156723022 38.606749713420868
leaf_count=52 84 51 46 46 38 60 57 92 134 54 45 119 39 673 40 322 86 55 122 93 43 74 43 83 87 51 95 81 114 161
internal_value=-0.000154398 0.000863686 -0.020524 0.000103869 -0.00845737 0.00373187 0.000646702 0.000158595 -0.00453473 0.00391973 -0.0183919 0.0053314 -0.00313546 -0.00107847 0.00805316 0.0048224 0.00387901 0.00551246 0.00380439 0.00609356 0.01457 0.00849016 -0.00954398 -0.0119373 0.0200263 0.0280253 0.000359468 -0.00313181 0.00247091 0.00897392
internal_weight=701.243 667.862 33.3802 655.543 25.0422 18.0468 645.181 634.899 282.447 352.451 20.9728 331.478 270.106 240.362 90.1431 81.4852 309.838 282.725 262.079 228.806 92.3257 70.9034 27.6612 33.2732 43.2422 32.8502 136.48 113.64 94.3593 67.6768
internal_count=3140 2912 228 2860 144 106 2809 2763 1265 1498 99 1399 1208 1074 401 362 1307 1188 1102 964 391 298 117 138 181 138 573 478 397 283
is_linear=0
shrinkage=0.05


Tree=45
num_leaves=31
num_cat=0
split_feature=3 1 5 9 12 3 9 7 11 14 14 14 3 9 3 5 2 14 9 3 14 7 4 4 14 14 8 14 7 12
split_gain=3.86055 3.64954 3.74503 6.47506 7.76735 3.79518 3.80917 3.4426 3.13968 7.16826 4.30281 3.64616 5.94578 3.83942 4.61661 3.80765 3.55041 3.27766 4.52429 6.8432 3.63961 2.93232 2.98628 9.54247 6.29863 4.66656 4.54995 7.47144 5.76198 5.60448
threshold=-0.039647499999999995 0.15995300000000004 0.095165500000000014 0.27873500000000007 -0.23106249999999998 -0.027827499999999995 0.43695250000000002 0.7778210000000001 0.10172400000000002 0.011866000000000003 0.013975500000000002 0.017568500000000004 0.028650000000000005 0.037125500000000006 0.054319500000000007 0.030621500000000003 0.028527000000000004 0.012839000000000001 0.082314000000000012 0.043030500000000006 0.020745000000000003 0.33493550000000005 0.076324000000000017 0.083378500000000008 0.032938500000000002 0.030424500000000004 60.339212000000011 0.019124500000000006 0.7850990000000001 0.054542500000000001
decision_type=2 2 2 2 2 2 2 2 2 2 2 2 2 2 2 2 2 2 2 2 2 2 2 2 2 2 2 2 2 2
left_child=7 2 5 -4 -5 -2 8 -1 17 -10 16 12 15 -14 -15 -12 -11 -7 19 -19 -20 -13 24 -24 25 26 28 -28 -23 -29
right_child=1 -3 3 4 -6 6 -8 -9 9 10 11 21 13 14 -16 -17 -18 18 20 -21 -22 22 23 -25 -26 -27 27 29 -30 -31
leaf_value=-0.0033785829482922657 0.032911090165307078 0.021264323099562318 -0.048188845854660156 -0.031895665299631261 0.037963761988649869 -0.037923448787717924 0.025375316626226399 -0.047345472640843489 0.03673963648087071 0.0015923012806537855 0.011287011362702685 -0.027759965826414747 -0.0038371867129567377 0.051513234607455195 0.011983750092754514 -0.033553503119417787 -0.03979274965424047 0.039562926777704344 -0.0020210766496327691 -0.012079931920492585 -0.03415638824192984 0.0029450803780931237 0.050534451417816234 0.0012457947605851133 -0.025747715979642923 0.025751344835903661 -0.029655643640451895 0.031527229888407053 -0.025738228291789917 -0.0062224095434767462
leaf_weight=9.9486602395772952 8.922994986176489 20.334391377866268 10.919684603810312 8.250825569033621 7.6848715841770163 9.3947119712829572 14.527428746223448 8.0585592240095121 13.503994062542914 9.008595362305643 9.7725809365510958 9.8332985490560514 9.5797827988862974 15.421775519847872 14.175495952367781 9.1829422861337644 12.201721251010893 10.995494201779367 17.785404548048973 15.397686138749121 17.461943343281746 32.960125163197517 10.206367775797842 259.33542250096798 30.963524729013443 14.785129547119139 10.896037593483923 25.336692407727242 37.348441675305367 16.067262932658195
leaf_count=50 39 93 107 45 39 44 63 42 60 40 41 55 40 65 60 41 55 46 77 65 79 144 43 1108 144 64 48 108 168 69
internal_value=-0.000203082 0.000400054 -0.000240903 -0.0185298 0.00179352 0.000532492 7.1073e-05 -0.0230546 -0.000529968 0.000768648 -0.000152951 0.000772101 0.0125528 0.0236756 0.0325807 -0.0104358 -0.0222154 -0.0104125 -0.00621947 0.00943467 -0.0179413 -0.000757475 -0.000151117 0.00311214 -0.00537563 -0.000784504 -0.00398441 0.00718336 -0.0122917 0.0168781
internal_weight=700.262 682.255 661.92 26.8554 15.9357 635.065 626.142 18.0072 611.614 540.579 527.075 505.865 58.1326 39.1771 29.5973 18.9555 21.2103 71.0352 61.6405 26.3932 35.2473 447.732 437.899 269.542 168.357 137.394 122.609 52.3 70.3086 41.404
internal_count=3142 3050 2957 191 84 2766 2727 92 2664 2353 2293 2198 247 165 125 82 95 311 267 111 156 1951 1896 1151 745 601 537 225 312 177
is_linear=0
shrinkage=0.05


Tree=46
num_leaves=31
num_cat=0
split_feature=14 8 9 14 11 7 14 8 8 12 9 8 12 14 0 12 9 11 3 1 0 14 11 3 7 0 11 14 3 11
split_gain=2.98745 3.81836 5.44215 4.41254 4.05228 3.1616 3.06016 8.85392 3.01636 3.99708 4.90361 6.36376 9.48801 5.91221 5.5043 4.62935 6.1233 3.65776 9.20303 4.39478 8.74441 4.86234 6.08421 6.71219 4.62754 4.86701 4.38997 6.22671 4.4625 4.36463
threshold=0.062328000000000008 49.970106000000008 0.14748750000000002 0.086806500000000009 0.87339750000000016 0.28281400000000007 0.053122000000000009 67.54630250000001 80.871244000000019 0.099062500000000012 0.044664500000000003 69.633297000000013 0.120384 0.036991000000000003 6.5340700000000007 0.07413850000000001 0.013806500000000001 0.012660500000000003 0.0088110000000000011 0.0071090000000000016 1.3417915 0.014945500000000002 0.33935500000000007 0.027805500000000004 0.59362300000000012 4.7058245000000012 0.52152050000000016 0.013975500000000002 0.051517000000000007 0.11180550000000002
decision_type=2 2 2 2 2 2 2 2 2 2 2 2 2 2 2 2 2 2 2 2 2 2 2 2 2 2 2 2 2 2
left_child=5 -2 3 -3 -4 -1 8 -8 9 15 11 -11 -13 -14 -12 17 -17 18 -7 21 -21 -19 -23 -24 25 -22 27 -26 -28 -29
right_child=1 2 4 -5 -6 6 7 -9 -10 10 14 12 13 -15 -16 16 -18 19 -20 20 24 22 23 -25 26 -27 28 29 -30 -31
leaf_value=-0.03000457720246609 -0.034772874003319236 -0.0055477618555579353 -0.0091211007786025141 -0.053484630764986801 0.037232500073946573 0.057984441328154959 -0.020664941786068841 0.041693072749248487 0.0094419442435445481 0.029545338980802683 -0.011074011666802825 -0.045608329512606439 0.022555753314168328 -0.020425984262401987 -0.053277332723218801 -0.01752497047003793 0.021767071713650138 0.015755527446310376 -0.0045721669901052329 0.055640715460668046 0.031894026854337842 -0.047396402020005703 0.014735173508053888 -0.035223167305323544 -0.022946343382302489 -0.0099986518818901537 -0.019401240354101269 -0.013134498291648283 0.0021157132094215846 0.0099909592499578623
leaf_weight=8.2048799097537977 13.192491710186003 15.248158797621729 8.7660112977027911 7.006309248507022 10.202327586710451 9.0262821689248103 9.0414439588785189 15.367383405566214 82.50408636033535 12.955761238932608 23.308190733194351 13.371150299906729 18.907395794987679 13.869343504309652 11.556506022810934 12.411451965570448 49.307131752371788 10.074690043926237 16.863090865314007 6.9263413399457923 19.81968338787556 15.889634288847445 14.511171773076059 12.52787087112665 21.830807417631149 10.663123726844786 64.661238864064217 24.921038568019867 38.410757087171078 112.55864815413952
leaf_count=47 80 83 46 50 49 39 43 67 354 55 101 57 80 58 50 52 208 56 72 31 85 81 69 59 100 46 289 109 169 478
internal_value=-0.000106527 -0.0113601 -0.00386729 -0.0206396 0.0158107 0.000836314 0.00123091 0.0185946 0.000543851 -0.000829968 -0.0101917 -0.00141917 -0.0101123 0.00436821 -0.025063 0.00116753 0.0138655 -0.000902017 0.0172381 -0.0022332 0.00011329 -0.0155052 -0.0228416 -0.00841179 -0.00119995 0.0172396 -0.0033422 0.00185993 -0.0113827 0.00579899
internal_weight=703.904 54.4153 41.2228 22.2545 18.9683 649.489 641.284 24.4088 616.875 534.371 93.9683 59.1037 46.1479 32.7767 34.8647 440.403 61.7186 378.684 25.8894 352.795 299.792 53.0034 42.9287 27.039 292.865 30.4828 262.382 159.31 103.072 137.48
internal_count=3163 308 228 133 95 2855 2808 110 2698 2344 401 250 195 138 151 1943 260 1683 111 1572 1307 265 209 128 1276 131 1145 687 458 587
is_linear=0
shrinkage=0.05


Tree=47
num_leaves=31
num_cat=0
split_feature=7 4 9 9 7 0 7 11 11 7 7 5 14 12 0 9 6 14 14 4 12 9 4 18 0 0 0 14 11 14
split_gain=5.60733 4.39362 4.37342 5.3181 5.38117 4.85406 5.52906 6.41986 6.17824 4.12812 4.1171 3.68488 6.7006 10.1 6.07005 4.96678 5.23791 5.24378 8.56002 5.18018 5.9022 5.77986 4.44173 3.50923 3.41857 7.09411 5.3689 4.72852 8.17627 5.48009
threshold=0.56416750000000004 0.32881750000000004 0.66769250000000013 0.39543700000000009 0.88749250000000013 2.0207370000000004 0.74091450000000003 0.7796105000000001 0.69848500000000013 0.33493550000000005 0.48946200000000006 0.054235000000000005 0.029939500000000004 0.0069445000000000002 21.579681000000004 0.15438000000000004 0.029272000000000003 0.037687000000000005 0.041556000000000003 0.0044345000000000009 0.010103500000000003 0.24547550000000004 0.092590500000000006 0.70000000000000007 7.2000365000000004 5.7162990000000002 4.8264305000000007 0.023062500000000003 0.84965750000000007 0.019470000000000005
decision_type=2 2 2 2 2 2 2 2 2 2 2 2 2 2 2 2 2 2 2 2 2 2 2 2 2 2 2 2 2 2
left_child=1 9 3 5 -5 6 -2 8 -8 -1 -11 14 -13 -14 15 16 -7 24 -19 20 -17 22 -21 -9 25 26 27 29 -29 -18
right_child=2 -3 -4 4 -6 11 7 23 -10 10 -12 12 13 -15 -16 19 17 18 -20 21 -22 -23 -24 -25 -26 -27 -28 28 -30 -31
leaf_value=-0.047385125101598022 0.0063453203646566553 0.018825972784759261 -0.02392186137816249 0.046654747390215981 -0.0033565754785847613 -0.018159993839067839 -0.014617256631836668 -0.0084739572860749561 -0.056274128386569013 0.0078642582817377762 -0.023874418920812466 -0.048603512421883314 0.062812254289625183 -0.0049957444624375612 0.039205347437334524 0.00017818688401926631 0.015976769036655101 -0.047145179456301471 0.013886973940854544 0.0080704708206429925 -0.042093757424242012 0.031320779930453603 -0.031426186827884339 0.024633954415867201 -0.00061371284474536002 0.047598576699146473 -0.012560497166938599 0.019076104909690396 -0.020355109118007836 0.045631748110894245
leaf_weight=10.306458383798597 63.529646463692188 8.9949977621436101 15.775036871433256 13.445918068289759 8.9649716019630414 16.226070255041122 63.056229688227177 18.039515405893326 10.363765880465506 16.139696106314659 27.847162507474422 7.7927369326353064 5.9211724400520316 75.697887249290943 14.121769264340399 17.068412467837334 48.051822289824486 9.6793784350156802 14.134461328387259 18.989767089486126 15.996424049139021 14.857850477099417 11.386339977383612 14.386596411466597 33.732938215136528 16.850134611129761 17.602947190403938 41.541902765631676 19.233366057276726 23.05256687104702
leaf_count=60 283 40 83 59 41 73 292 83 50 72 124 51 30 372 62 76 202 41 62 82 70 63 48 63 143 70 74 173 81 95
internal_value=0.00064651 -0.0135403 0.00207281 0.00274097 0.0266488 0.00183486 -0.00531524 -0.012314 -0.0204974 -0.0189025 -0.0122288 0.00470508 -0.00430591 -7.65154e-05 0.00712801 0.00570533 0.00927144 0.0112596 -0.0109202 -0.00523024 -0.0202725 0.00576528 -0.00673466 0.00621514 0.0138996 0.016843 0.0133761 0.0168381 0.00659743 0.0255911
internal_weight=692.788 63.2883 629.5 613.725 22.4109 591.314 169.376 105.846 73.42 54.2933 43.9869 421.938 89.4118 81.6191 332.526 318.404 240.106 223.88 23.8138 78.2988 33.0648 45.234 30.3761 32.4261 200.066 166.333 149.483 131.88 60.7753 71.1044
internal_count=3118 296 2822 2739 100 2639 771 488 342 256 196 1868 453 402 1415 1353 1014 941 103 339 146 193 130 146 838 695 625 551 254 297
is_linear=0
shrinkage=0.05


Tree=48
num_leaves=31
num_cat=0
split_feature=1 19 11 13 14 4 14 6 6 13 13 12 4 15 1 4 14 14 2 19 4 4 1 1 11 4 0 19 4 0
split_gain=4.93177 4.29258 4.92637 3.54808 4.65502 8.16908 3.51362 3.3785 4.70813 5.21469 4.37403 3.78126 4.60441 4.60742 7.70945 3.17321 6.49277 4.00496 5.39279 5.69761 5.16157 5.17968 16.7662 9.92865 4.8321 4.81087 4.66835 4.87562 5.36045 5.98954
threshold=0.14920050000000004 5.6324385000000001 0.26138700000000009 0.28843200000000008 0.04034200000000001 0.47522150000000002 0.058814000000000012 0.12739750000000002 0.089618000000000017 0.23047450000000003 0.15793650000000001 0.13038900000000003 0.16379600000000002 2.5000000000000004 0.069678000000000004 0.23925600000000002 0.036586000000000007 0.023820000000000004 -0.016823499999999995 0.81793100000000007 0.13064550000000003 0.049507500000000003 0.031528000000000007 0.035977500000000003 0.49341950000000007 0.043924000000000012 6.2413870000000005 1.6531425000000002 -0.0050844999999999996 2.4622405000000005
decision_type=2 2 2 2 2 2 2 2 2 2 2 2 2 2 2 2 2 2 2 2 2 2 2 2 2 2 2 2 2 2
left_child=1 3 -3 7 -5 -6 -2 8 9 15 -9 12 13 14 -10 17 -17 18 -1 -20 21 25 -23 -24 -25 26 27 28 -21 -30
right_child=6 2 -4 4 5 -7 -8 10 11 -11 -12 -13 -14 -15 -16 16 -18 -19 19 20 -22 22 23 24 -26 -27 -28 -29 29 -31
leaf_value=-0.032039241088358122 0.042636001748411381 -0.047224929139725771 -0.0081806534105152741 0.046311482418538642 -0.029463592378547732 0.026914709576492515 0.0023085124335539484 -0.036774224307844799 0.062898494412492303 -0.030206391262048021 0.0055344106035813533 -0.0079472862462403315 0.04947517659506169 -0.009771322689564408 -0.0019040780706366411 -0.00588962700229443 0.048690745667611973 -0.0075159949626311022 -0.037442046651085352 -0.0022153103319942071 0.027373528969947478 -0.0292174931839045 0.060611194603196243 -0.018391004046395858 0.027408397168548111 0.04232007809961167 0.038107474582485285 -0.010226265931479905 0.010208727288206078 0.053651228982081189
leaf_weight=11.112313255667685 10.879583597183229 9.5132589936256391 53.582512855529785 8.8764428645372373 10.652070544660093 16.192305281758308 10.726413853466509 14.733197644352915 8.4916420578956622 15.980891183018683 10.43607686460018 16.047608770430088 10.396363005042074 14.510314188897608 9.9881193712353689 12.858316257596018 9.4555883258581144 193.00028952211142 8.1828552782535535 38.267164796590798 23.235013082623482 41.58285553753376 9.8119814991950971 13.752544075250627 9.9084685295820218 9.6674177497625333 10.251777514815329 44.095921590924263 23.73587495088578 11.918067321181296
leaf_count=52 50 53 258 37 52 74 50 81 39 72 50 70 45 66 44 54 41 870 39 171 97 187 40 57 42 41 43 193 104 50
internal_value=-0.000897081 -0.00165503 -0.0140676 -0.000365089 0.0149225 0.00454333 0.0226152 -0.00132075 -0.000495487 -0.00211742 -0.0192316 0.0127896 0.0204596 0.0113158 0.0278734 -0.00116404 0.017239 -0.00207958 0.00202663 0.00357547 0.0049963 0.0025552 -0.00801508 0.0183243 0.000788307 0.00830686 0.00574334 0.00293196 0.0107812 0.0247303
internal_weight=691.843 670.237 63.0958 607.141 35.7208 26.8444 21.606 571.421 546.251 486.817 25.1693 59.434 43.3864 32.9901 18.4798 470.836 22.3139 448.523 255.522 244.41 236.227 212.992 75.0558 33.473 23.661 137.936 128.269 118.017 73.9211 35.6539
internal_count=3122 3022 311 2711 163 126 100 2548 2417 2153 131 264 194 149 83 2081 95 1986 1116 1064 1025 928 326 139 99 602 561 518 325 154
is_linear=0
shrinkage=0.05


Tree=49
num_leaves=31
num_cat=0
split_feature=4 4 14 12 13 12 14 14 12 5 5 13 7 2 1 13 13 3 13 14 5 14 7 4 12 5 12 3 13 2
split_gain=3.91172 5.61121 4.06691 5.67502 6.38295 4.44587 4.68465 5.04007 3.8704 3.65751 3.63798 3.33629 4.6948 3.21008 5.5092 4.57448 3.28026 8.60839 5.93315 5.36996 5.00049 9.18072 5.64266 7.74602 5.13037 5.08557 4.5943 6.77023 8.4412 6.18965
threshold=0.28862550000000003 0.56519100000000011 0.045017500000000009 -0.0068439999999999994 -0.24272649999999998 0.063017000000000004 0.074816000000000007 0.051168500000000006 0.12627600000000003 0.068408500000000011 0.051873000000000009 0.24416700000000002 0.4587775 -0.015274499999999998 0.0041695000000000005 -0.064387999999999987 0.067611000000000018 0.0028150000000000002 0.063974000000000017 0.026837000000000003 0.033463000000000007 0.029839000000000001 0.66700000000000015 -0.0012274999999999999 0.0039745000000000006 0.019930500000000004 0.041395500000000009 0.081055000000000016 0.11713100000000001 0.052508000000000006
decision_type=2 2 2 2 2 2 2 2 2 2 2 2 2 2 2 2 2 2 2 2 2 2 2 2 2 2 2 2 2 2
left_child=2 8 11 4 -4 -5 7 -7 -2 10 -10 12 -1 14 -14 -15 18 -18 20 26 25 22 23 -22 -24 -17 -19 29 -29 -28
right_child=1 -3 3 5 -6 6 -8 -9 9 -11 -12 -13 13 15 -16 16 17 19 -20 -21 21 -23 24 -25 -26 -27 27 28 -30 -31
leaf_value=-0.02702271875106051 0.045487902898842247 -0.011385445188293795 -0.018752465163204272 -0.047382909481580082 0.043394740373718765 -0.025092321056441672 -0.045997628787290933 0.016313005803113217 0.017317479365211299 0.037194709815354929 -0.012135235896510098 0.030852291992257537 0.0084067291551792045 0.04048217569327589 -0.034619945605739277 -0.024844026157438061 0.043119619164615597 0.043413270339640736 -0.040487038905404414 -0.0049330747400002971 0.032993659362975568 0.012620010872590869 -0.052056923325975536 -0.024281387114731275 -0.017358706287882841 0.010113744218406015 0.010048242904831146 0.041596369200991384 0.0016602874212061391 -0.023531723314691541
leaf_weight=14.950844369828699 10.764444716274737 21.395387575030327 8.0107706338167208 11.75157395005226 8.5320527181029302 13.737377367913725 8.0352723672986013 15.805911548435686 27.698272839188576 12.071863390505312 16.870514899492264 9.271658316254614 13.970968015491964 7.7510495483875266 15.914015412330626 11.554724141955374 14.621715866029261 9.8533756732940656 9.7727180272340757 101.67802684754133 11.239166811108591 36.8268653601408 14.294139541685579 12.433956757187842 41.821688525378704 104.44994892179966 31.978978008031845 25.117791265249252 27.961042210459709 24.038260713219643
leaf_count=78 48 98 44 72 44 63 59 76 119 57 72 40 67 32 74 54 64 42 44 437 50 165 78 55 193 447 136 106 117 101
internal_value=0.00112344 0.0109234 -0.000314086 -0.0120423 0.0133003 -0.020541 -0.0121469 -0.00294012 0.0180045 0.0127814 0.00616881 0.00111793 0.00059799 0.00139941 -0.0145054 0.00237864 0.00176031 0.0059663 -0.00232173 0.00350403 -0.000718347 -0.00802993 -0.017561 0.00291079 -0.0261972 0.00663175 0.0107161 0.00776291 0.0205587 -0.00436168
internal_weight=694.174 88.8005 605.374 65.873 16.5428 49.3301 37.5786 29.5433 67.4051 56.6407 44.5688 539.501 530.229 515.278 29.885 485.393 477.642 235.249 242.393 220.627 232.62 116.616 79.789 23.6731 56.1158 116.005 118.949 109.096 53.0788 56.0172
internal_count=3132 394 2738 358 88 270 198 139 296 248 191 2380 2340 2262 141 2121 2089 1003 1086 939 1042 541 376 105 271 501 502 460 223 237
is_linear=0
shrinkage=0.05


Tree=50
num_leaves=31
num_cat=0
split_feature=14 3 14 1 4 12 11 12 7 5 2 9 11 4 11 14 14 11 0 11 14 14 0 6 0 14 9 13 9 1
split_gain=5.41307 5.09873 4.5313 3.7123 4.66845 4.43133 6.96494 3.20162 2.82607 2.73243 5.27489 4.17513 7.00147 7.36208 4.697 7.63347 7.20529 3.85182 5.42956 3.73896 3.52182 8.38438 6.03583 4.70872 6.5468 4.47893 4.50153 4.76108 4.16975 6.06531
threshold=0.0598985 -0.039647499999999995 0.051168500000000006 0.014189000000000002 0.023306500000000004 0.17661950000000001 0.87339750000000016 0.25649550000000004 0.35857150000000004 0.049017500000000006 0.16892800000000002 0.051261000000000008 0.035699000000000002 0.085145500000000013 0.94935900000000006 0.041556000000000003 0.034510500000000006 0.88534550000000012 2.3938510000000006 0.58643300000000009 0.023820000000000004 0.023355500000000005 1.5554380000000003 0.029272000000000003 2.2117785000000008 0.025641000000000004 0.031000500000000004 0.068215500000000026 0.16164000000000003 0.017331000000000003
decision_type=2 2 2 2 2 2 2 2 2 2 2 2 2 2 2 2 2 2 2 2 2 2 2 2 2 2 2 2 2 2
left_child=1 -1 8 -2 -5 6 -6 -7 -3 10 20 12 -11 -14 15 16 19 -15 -19 -13 21 22 28 24 -24 26 -22 -28 29 -10
right_child=3 2 -4 4 5 7 -8 -9 9 11 -12 14 13 17 -16 -17 -18 18 -20 -21 25 -23 23 -25 -26 -27 27 -29 -30 -31
leaf_value=-0.028809850619957528 0.014755490199268107 -0.024284202188026682 0.022178865511801552 -0.057987969706243793 -0.018570383170691471 -0.053082745927590852 0.042809442618867877 -0.013519852494933255 -0.056910140848843473 0.0289752396247989 0.032144130495584525 0.0049611717188925751 -0.062912700577606381 0.0052431522507476016 0.032588150755488494 -0.039071774563077644 0.02959274502089684 0.0026028036826638359 -0.044056464469819236 -0.031120332543800269 -0.041580668482114821 0.049423420391997125 0.019713057256654974 0.009864770007666666 -0.033335418535146301 0.0013087870192987165 -0.024958086599120716 0.018702536578545214 0.012924106853840904 -0.0055653530119503074
leaf_weight=13.596012420952318 9.1010875478386861 10.65535946190357 26.993573665618896 6.9455700591206542 13.143477514386179 8.6521452441811579 7.1283414065837851 12.503808677196501 9.784938685595991 8.093825511634348 15.578650906682013 18.422806814312938 8.7282213196158391 17.853904314339161 11.632670551538466 11.357878282666205 20.003574401140213 10.551602624356748 15.240298651158808 11.765237025916575 13.309058144688604 10.736648261547087 9.351462662220003 197.03922595083714 15.3835132420063 132.61332775652409 14.12886802852154 11.188726037740706 9.1987679451704008 13.95436944067478
leaf_count=69 61 63 118 43 78 51 37 62 49 35 70 85 51 80 50 53 87 45 66 54 57 45 44 838 72 568 63 47 42 61
internal_value=0.000155376 0.00148101 0.00214147 -0.0145407 -0.0200525 -0.0136925 0.00301309 -0.0296999 0.00123482 0.0016989 0.00355505 -0.00458226 -0.0143044 -0.0209928 0.00345079 -0.00205609 0.0063202 -0.0126097 -0.0249679 -0.00910093 0.00253515 0.0061416 0.00431718 0.00728343 -0.0132796 -0.00305541 -0.0180386 -0.00566294 -0.0156548 -0.0267288
internal_weight=694.637 637.163 623.567 57.4744 48.3733 41.4278 20.2718 21.156 596.573 585.918 452.268 133.65 60.4679 52.374 73.1822 61.5495 50.1916 43.6458 25.7919 30.188 436.689 265.449 254.712 221.774 24.735 171.24 38.6267 25.3176 32.9381 23.7393
internal_count=3144 2812 2743 332 271 228 115 113 2625 2562 1956 606 277 242 329 279 226 191 111 139 1886 1151 1106 954 116 735 167 110 152 110
is_linear=0
shrinkage=0.05


Tree=51
num_leaves=31
num_cat=0
split_feature=3 3 19 3 8 5 8 3 12 9 1 5 12 0 5 0 1 12 9 7 1 7 12 8 9 3 11 8 11 5
split_gain=3.89233 5.40631 3.68679 5.56299 7.19509 5.59291 4.48859 4.4095 8.35338 5.03702 3.45233 3.23388 2.95311 2.72859 4.40066 5.88976 4.03495 3.02073 8.58781 9.55281 6.27749 6.3409 6.17594 5.87614 6.06894 9.05714 5.76808 6.38791 5.2386 4.84304
threshold=-0.039647499999999995 -0.027827499999999995 4.0154435000000008 0.16053150000000002 86.310349500000015 0.046313500000000007 89.305802500000013 0.044946500000000007 0.076710500000000015 0.033107000000000004 0.0010515000000000001 0.064809000000000019 0.16084650000000003 6.455159000000001 0.04728000000000001 7.2000365000000004 0.079697500000000018 0.041395500000000009 0.028864000000000004 0.60504100000000005 0.0010515000000000001 0.60225200000000012 0.017348000000000002 58.088663500000003 0.23237950000000004 0.021972000000000002 0.20409100000000002 52.208936000000008 0.088054000000000007 0.033463000000000007
decision_type=2 2 2 2 2 2 2 2 2 2 2 2 2 2 2 2 2 2 2 2 2 2 2 2 2 2 2 2 2 2
left_child=11 -2 6 7 5 -5 13 10 -9 -10 -4 -1 -7 17 15 -15 -17 18 -3 -20 -19 -22 23 24 29 -26 -24 -28 -23 -21
right_child=1 2 3 4 -6 12 -8 8 9 -11 -12 -13 -14 14 -16 16 -18 20 19 22 21 28 26 -25 25 -27 27 -29 -30 -31
leaf_value=-0.043813796958355605 0.038886769768910374 0.036391300274174809 -0.026535454381737069 0.04338633413948792 -0.024167503244911969 0.026929385703468697 0.02876854588346326 -0.052455457948766361 -0.037667396422956634 0.008992953494769149 0.017811198064273236 0.00064270654925917313 -0.01129114891273961 0.055636401950337915 -0.009829381076367296 -0.0041816490313873224 0.035992520962086501 0.02777272873244041 0.029873139005189304 -0.013023659221905471 -0.024588714255405108 -0.033816864065676154 0.027291127015247538 0.026333967579056816 0.025424979817506951 -0.027549629653689831 0.026738933642197739 -0.012845196662238155 0.00023256153518042886 -0.047219671627107072
leaf_weight=8.8245999217033404 9.4881996810436231 19.887410223484039 6.7117782942950752 13.008702352643011 14.828148260712622 7.7796264216303852 15.88348141312599 17.818254098296165 9.0095077902078646 16.154779568314552 12.679254092276095 7.6254477873444548 14.424557596445082 9.6215148419141752 15.384863026440142 17.542361646890644 9.7093314379453641 15.718663923442362 26.054683938622475 21.44560244679451 34.875047422945499 11.949940122663973 24.774662792682648 8.806972607970236 16.409980937838554 15.873153880238531 14.002150997519491 37.454381167888641 206.51561965048313 20.019380085170269
leaf_count=44 42 86 46 59 67 38 69 87 39 73 62 44 70 41 74 74 43 75 115 98 162 52 106 40 73 77 62 164 897 102
internal_value=0.00081977 0.00141514 0.000871786 -0.00736867 0.00504928 0.0173525 0.00258114 -0.0173313 -0.0262607 -0.00771274 0.00246158 -0.0232059 0.00210009 0.00179043 0.0126333 0.0220055 0.0101317 0.000594485 0.00517136 0.00181234 -0.00288808 -0.00479045 -0.00279206 -0.0122677 -0.0168775 -0.000621875 0.00746967 -0.00207372 -0.00162992 -0.0295336
internal_weight=680.282 663.832 654.344 112.415 50.041 35.2129 541.929 62.3736 42.9825 25.1643 19.391 16.45 22.2042 526.046 52.2581 36.8732 27.2517 473.788 204.728 184.841 269.059 253.341 158.786 82.5551 73.7481 32.2831 76.2312 51.4565 218.466 41.465
internal_count=3081 2993 2951 541 234 167 2410 307 199 112 108 88 108 2341 232 158 117 2109 923 837 1186 1111 722 390 350 150 332 226 949 200
is_linear=0
shrinkage=0.05


Tree=52
num_leaves=31
num_cat=0
split_feature=5 14 15 14 2 5 8 1 15 13 13 11 7 5 5 2 14 8 11 5 5 5 5 9 14 1 9 0 13 11
split_gain=4.28122 3.4734 6.55241 6.03353 5.00884 6.10259 3.87987 3.37734 3.75618 4.19129 5.90081 4.16443 3.13511 3.04676 4.95461 3.49197 3.28708 5.21095 3.02589 2.91719 2.71129 6.11831 5.6157 6.2485 7.17851 6.7673 6.43052 6.01474 6.05035 5.52316
threshold=0.020271500000000005 0.0598985 4.5000000000000009 0.053122000000000009 0.091726000000000016 0.084293500000000007 66.489759000000006 -0.014232499999999999 1.0000000180025095e-35 -0.015711999999999997 0.046320500000000008 0.35817300000000002 0.33493550000000005 0.030229500000000003 0.033912500000000005 0.020637500000000003 0.040935500000000007 74.183634500000025 0.84965750000000007 0.021498500000000004 0.038602000000000004 0.033733500000000007 0.044129500000000009 0.04858500000000001 0.039175000000000008 0.057983000000000007 0.12008800000000001 2.7124865000000002 0.017215000000000005 0.4732905
decision_type=2 2 2 2 2 2 2 2 2 2 2 2 2 2 2 2 2 2 2 2 2 2 2 2 2 2 2 2 2 2
left_child=-1 3 4 7 5 -3 -5 -2 9 -9 11 -11 -10 -12 -15 -16 17 -17 -6 -14 21 -21 -22 24 29 -26 -25 -28 -29 -24
right_child=1 2 -4 6 18 -7 -8 8 12 10 13 -13 19 14 15 16 -18 -19 -20 20 22 -23 23 26 25 -27 27 28 -30 -31
leaf_value=-0.025318258784956967 -0.0281138275211371 -0.059897436750328541 -0.055540398531167059 0.0027059518546036186 -0.010060013489755892 -0.0049999798961345284 0.045849875138267659 0.042949136259093246 -0.03281779363094494 0.00071085745084630632 0.034895552258123283 -0.038263692681759741 0.03005818394535556 -0.024625790986932475 -0.010164653135479009 0.047542958659931335 -0.0048510023626165914 0.0084841094231684535 0.027845500370882639 0.00057528834011890361 0.013884591472387851 -0.017536259504649959 -0.064807363846541358 0.022634714178142015 0.03984845551694683 -0.012290739015993951 -0.018752433038555082 -0.01577913673737678 0.036883201551351989 -0.018485418343005735
leaf_weight=16.662228032946587 10.152606457471846 6.9553775191307095 7.3813024014234534 9.052311412990095 8.7924848794937152 18.599707316607237 12.279831692576407 8.4207827150821668 7.6353147178888312 20.872754916548732 13.902593195438383 10.204670943319796 7.6728503108024588 9.3204747289419156 11.151365526020525 17.436404407024384 9.4880803078412992 16.734849125146866 13.122595399618147 150.47746208310127 75.901600211858749 67.566777214407921 8.1644936949014646 35.071922354400158 9.289241239428522 18.856264114379883 31.9665761962533 9.3288062810897845 13.131193622946737 30.379818059504032
leaf_count=77 50 39 44 41 51 122 54 37 47 91 60 46 33 40 49 73 43 71 63 645 329 298 49 151 41 80 149 45 57 136
internal_value=-0.000283268 0.000339968 -0.0117156 0.00141614 -0.00490107 -0.0199415 0.0275417 0.000476518 0.000974424 0.00896123 0.00633818 -0.0120869 -0.00104238 0.0136761 0.00907605 0.014807 0.0211852 0.0284145 0.0126375 -0.000512427 -0.00103352 -0.00503705 0.00272772 -0.0026941 -0.0142795 0.00491746 0.00593878 -0.00481991 0.0150098 -0.0282974
internal_weight=685.973 669.311 54.8515 614.459 47.4702 25.5551 21.3321 593.127 582.974 117.532 109.111 31.0774 465.442 78.0338 64.1312 54.8107 43.6593 34.1713 21.9151 457.807 450.134 218.044 232.09 156.188 66.6898 28.1455 89.4985 54.4266 22.46 38.5443
internal_count=3111 3034 319 2715 275 161 95 2620 2570 510 473 137 2060 336 276 236 187 144 114 2013 1980 943 1037 708 306 121 402 251 102 185
is_linear=0
shrinkage=0.05


Tree=53
num_leaves=31
num_cat=0
split_feature=9 19 12 7 18 4 0 3 15 15 2 3 8 8 12 3 9 19 19 7 3 3 6 3 3 6 9 7 8 2
split_gain=4.58541 4.1541 6.96685 4.89482 6.87308 7.37548 5.98754 4.36625 4.60194 6.66341 8.50143 6.49035 5.81615 4.24663 4.17012 4.9316 3.92933 3.77694 3.7545 3.73437 3.67581 4.78563 3.66689 3.2537 4.74127 3.93464 3.32986 3.24852 2.82355 4.01029
threshold=0.66769250000000013 3.8225205000000004 0.25649550000000004 0.7018255000000001 0.70000000000000007 -0.013009499999999998 15.225578500000003 0.22467950000000003 1.0000000180025095e-35 4.5000000000000009 0.019007000000000003 0.073238500000000012 70.588581000000019 78.881064000000023 0.029625000000000002 0.050202500000000004 0.0020150000000000003 0.7859695000000001 6.4118325000000009 0.80866450000000012 0.12510300000000005 0.094466000000000008 0.05544000000000001 0.060923000000000012 0.038479500000000007 0.031775000000000005 0.14646850000000003 0.71401150000000013 70.588581000000019 0.092811000000000018
decision_type=2 2 2 2 2 2 2 2 2 2 2 2 2 2 2 2 2 2 2 2 2 2 2 2 2 2 2 2 2 2
left_child=1 2 7 28 5 -5 16 8 11 17 -11 23 14 -6 -12 -16 -7 -10 -15 -14 21 -13 -17 24 25 -1 27 -27 -3 -30
right_child=-2 3 -4 4 13 6 -8 -9 9 10 12 20 19 18 15 22 -18 -19 -20 -21 -22 -23 -24 -25 -26 26 -28 -29 29 -31
leaf_value=-0.032079092942004582 -0.025974529756070227 -0.038151661818078685 0.040202754827656978 0.0403163107467642 0.04254466402856541 0.00033925348969710884 0.0056989170593568254 -0.030394202026829784 0.031232381183697956 0.036180485341310811 0.014742121536009446 0.019039704693938144 0.0024380478158207157 -0.018182888961623952 -0.043404613206390073 0.019015416370810272 -0.044789943469482035 -0.0048494928565709222 0.025642743428145993 0.037809777912015334 0.0060351844465542891 0.063686759559841558 -0.019878196322629355 -0.023673869552244264 0.027728522725180491 0.040428918323504662 -0.011106962665168543 0.0018332494356538107 0.010325984188534946 -0.026446300950769774
leaf_weight=8.5676119700074178 16.457391545176506 15.107457458972929 12.07005739212036 5.9166338592767707 11.472536839544775 6.3722063004970577 15.108502771705387 10.335750237107275 7.4396952092647544 24.94807356595993 15.179982863366602 12.723651126027109 14.685344502329828 9.556934483349325 11.582583680748938 10.261566966772081 19.842811893671751 288.6011229455471 10.000831991434096 15.169820338487623 11.798127122223375 11.361257553100584 14.80117443948984 9.8387336507439596 19.752546340227127 9.3959320932626742 17.441049359738827 12.988198295235632 12.334057137370111 18.588480874896049
leaf_count=40 90 74 57 28 50 38 75 48 36 109 68 57 64 42 51 45 97 1303 44 63 51 49 65 43 83 40 77 57 57 85
internal_value=9.63822e-05 0.000743293 0.00264366 -0.00749632 0.000112605 -0.0118958 -0.0193714 0.00178322 0.00242708 -8.25746e-05 0.0106347 0.011302 0.00283208 0.018394 -0.0072946 -0.0164231 -0.0338202 -0.00394273 0.00422728 0.0204109 0.0289 0.0401005 -0.00395378 0.0032046 0.00708528 -0.0013407 0.00527206 0.0180341 -0.0204347 -0.011779
internal_weight=679.7 663.243 538.942 124.3 78.2705 47.2402 41.3235 526.872 516.536 402.669 106.629 113.867 81.6805 31.0303 51.8253 36.6453 26.215 296.041 19.5578 29.8552 35.883 24.0849 25.0627 77.9841 68.1453 48.3928 39.8252 22.3841 46.03 30.9225
internal_count=3086 2996 2406 590 374 238 210 2349 2301 1804 465 497 356 136 229 161 135 1339 86 127 157 106 110 340 297 214 174 97 216 142
is_linear=0
shrinkage=0.05


Tree=54
num_leaves=31
num_cat=0
split_feature=1 7 1 5 0 19 2 7 12 12 19 12 9 15 2 8 7 15 7 19 0 5 5 14 11 8 8 3 3 9
split_gain=3.96483 8.41778 4.61069 3.52578 3.30685 3.81736 5.44553 4.02127 5.0151 3.76842 3.76554 5.30792 6.44173 5.59886 6.42478 6.02216 5.89018 5.29114 5.20835 4.29929 4.29664 6.29926 4.7901 6.31005 4.63163 4.31628 4.29114 4.16947 4.14063 4.10759
threshold=0.097709000000000004 0.86377050000000011 0.10169850000000001 0.054637500000000006 29.833681000000002 4.2744530000000003 0.037341500000000007 0.68544950000000016 0.11672750000000001 0.12275200000000001 2.9626380000000005 0.041395500000000009 0.023386500000000005 4.5000000000000009 0.0082170000000000003 48.624816000000003 0.60504100000000005 1.0000000180025095e-35 0.60782750000000008 1.8078795000000001 3.3962785000000006 0.026985500000000006 0.043979500000000012 0.042034000000000009 0.66125000000000012 73.188486500000025 67.95566700000002 0.017708000000000005 0.073238500000000012 0.091716000000000006
decision_type=2 2 2 2 2 2 2 2 2 2 2 2 2 2 2 2 2 2 2 2 2 2 2 2 2 2 2 2 2 2
left_child=4 3 -3 -2 5 10 -7 9 -9 -8 11 12 -1 15 -15 -14 -17 19 -19 -13 21 -20 -23 25 29 -24 -18 -16 -21 -22
right_child=1 2 -4 -5 -6 6 7 8 -10 -11 -12 17 13 14 27 16 26 18 20 28 24 22 23 -25 -26 -27 -28 -29 -30 -31
leaf_value=0.031173162541786859 0.0074580191733311253 0.055421441765424455 0.015180841783182842 -0.034805878061903765 0.027671076199010703 -0.034137634466346427 -0.043342970978933457 0.028643241591849264 -0.013041924568544618 -0.0019946299574218466 0.0095511621945717148 0.01793982687842138 -0.016424321717473062 0.053202491144193967 -0.022079863252117325 0.031979026143838671 0.0031459073882410915 -0.029885854339620217 -0.054387267334147352 -0.035720272681923737 -0.00022172445838213587 0.00065704905743634294 -0.048369314058298286 0.0036827649421101831 -0.012576465078169001 -0.010017826283115136 -0.02967137245422103 0.018235483814980559 0.0069958500142199209 0.039760607384919461
leaf_weight=18.671879038214684 8.970841512084009 8.9460963755846006 34.840668395161629 10.967763267457483 9.27133936062455 21.700152792036533 9.8305463045835513 14.624953716993334 14.24146034568548 12.538955785334108 73.599455036222935 31.736261732876301 59.038971640169621 9.4396616220474225 9.2212580963969248 15.601482093334196 69.226330935955048 32.45649753510952 8.59448693692684 9.5151374414563197 13.334265008568766 52.524306550621986 20.004125595092777 16.717673785984516 21.070055231451988 11.585284925997255 11.635334610939024 21.06086415797472 14.050134003162382 12.395124047994612
leaf_count=82 38 40 161 55 45 121 49 70 64 59 327 138 283 40 42 68 311 152 38 42 56 224 89 87 91 51 51 93 61 53
internal_value=-0.000730956 0.0111396 0.0234024 -0.0157904 -0.0019636 -0.00241818 -0.0131446 -0.00425338 0.00807755 -0.0201657 -0.000946165 -0.0026335 0.00311607 0.000432595 0.0171861 -0.00384697 0.00385083 -0.00767405 -0.0116603 0.00592664 -0.0078739 -0.0132966 -0.00979424 -0.0211579 0.00480549 -0.0343041 -0.00157623 0.00595899 -0.010252 0.0190397
internal_weight=677.411 63.7254 43.7868 19.9386 613.686 604.415 72.9361 51.2359 28.8664 22.3695 531.479 457.879 213.896 195.224 39.7218 155.502 96.4631 243.983 188.682 55.3015 156.225 109.426 100.831 48.3071 46.7994 31.5894 80.8617 30.2821 23.5653 25.7294
internal_count=3081 294 201 93 2787 2742 363 242 134 108 2379 2052 970 888 175 713 430 1082 841 241 689 489 451 227 200 140 362 135 103 109
is_linear=0
shrinkage=0.05


Tree=55
num_leaves=31
num_cat=0
split_feature=0 5 4 9 14 0 6 3 6 4 11 11 5 9 5 14 4 19 3 12 19 0 7 4 3 9 7 0 7 0
split_gain=4.55432 5.48241 4.72301 4.58298 5.73742 4.46578 4.31679 3.71273 3.65499 4.14783 3.45231 4.69513 8.61532 5.38225 4.91221 4.46728 6.16033 6.54538 5.90735 4.14188 4.43404 5.05252 5.39335 6.60491 4.75666 4.70903 5.17508 4.4514 8.80828 4.01488
threshold=8.761865000000002 0.054235000000000005 0.24182850000000003 0.035261500000000008 0.027336500000000003 7.9298225000000011 0.16489500000000004 0.14787400000000003 0.028591500000000002 0.013041000000000002 0.83766900000000011 0.9727880000000001 0.071353500000000014 0.10513800000000002 0.043488000000000006 0.032938500000000002 0.076926000000000008 1.6782770000000002 0.14787400000000003 0.092621500000000009 4.2744530000000003 1.9766340000000002 0.96632750000000012 0.0057065000000000006 0.050202500000000004 0.0020150000000000003 0.91599850000000005 4.4694170000000009 0.73836550000000012 1.6334680000000004
decision_type=2 2 2 2 2 2 2 2 2 2 2 2 2 2 2 2 2 2 2 2 2 2 2 2 2 2 2 2 2 2
left_child=5 2 3 -2 -5 8 7 -3 9 -1 15 14 13 -13 -12 18 17 -17 19 20 21 -10 25 -24 -25 -23 27 -27 -29 -16
right_child=1 6 -4 4 -6 -7 -8 -9 10 -11 11 12 -14 -15 29 16 -18 -19 -20 -21 -22 22 23 24 -26 26 -28 28 -30 -31
leaf_value=0.0063482375849359205 0.012368642458914093 -0.019373648920450029 0.024699766132996029 -0.004383288120227224 -0.049002130367325369 0.029130148832856126 -0.0048058054289253603 -0.067120672619999988 -0.0053640755994566773 -0.029389172555104787 0.00083914238215547119 0.00094946996307280259 -0.045656236163981637 0.038769050222439594 0.059148782429281843 -0.049335808180050955 -0.00030273589384284755 -0.0026436673850223423 0.041580550972564162 -0.017075312862735861 -0.031053658599513607 0.038648356047419681 -0.009203915643902617 0.02125424799939013 0.067281258823071774 0.011958930424576556 -0.026500595147174413 -0.030447705093715857 0.025081619684124881 0.021329058770984347
leaf_weight=14.035591438412665 17.014687195420265 7.7206231504678788 13.625692620873449 20.898258537054065 10.995517536997793 15.293355561792849 11.741865292191504 8.6136988401412946 80.697576358914375 19.261491611599922 24.182676807045937 60.92513419687748 8.7854578942060453 11.125263795256613 8.7799799740314466 16.316551804542545 61.710863910615444 13.899360485374926 9.7170496731996518 26.051115661859512 8.8169000037014467 10.105045780539511 8.3788853920996207 11.998499237000944 10.547936677932737 92.160424523055553 13.182250961661337 19.413741171360019 11.297185093164442 34.955966539680958
leaf_count=69 75 44 62 91 49 70 71 45 368 96 105 261 59 49 40 81 290 69 41 111 44 42 39 51 44 396 56 84 47 159
internal_value=0.00086405 -0.00957473 -0.00133378 -0.00858662 -0.0197658 0.00246277 -0.0279298 -0.0445524 0.00175514 -0.0143249 0.0027411 0.00923164 0.00108926 0.00678917 0.0189226 0.000292421 -0.00935982 -0.0278574 0.00322693 0.00195345 0.00381288 0.00500542 0.00973082 0.0287007 0.0427871 0.00571703 0.00327114 0.0064652 -0.0100209 0.0289214
internal_weight=682.249 90.6103 62.5342 48.9085 31.8938 591.638 28.0762 16.3343 576.345 33.2971 543.048 148.754 80.8359 72.0504 67.9186 394.293 91.9268 30.2159 302.367 292.65 266.598 257.782 177.084 30.9253 22.5464 146.159 136.054 122.871 30.7109 43.7359
internal_count=3108 437 277 215 140 2671 160 89 2601 165 2436 673 369 310 304 1763 440 150 1323 1282 1171 1127 759 134 95 625 583 527 131 199
is_linear=0
shrinkage=0.05


Tree=56
num_leaves=31
num_cat=0
split_feature=19 12 8 7 12 9 8 19 12 7 1 6 13 6 14 11 7 6 18 8 6 1 8 6 8 6 5 14 19 6
split_gain=3.88923 3.84165 6.72716 5.2813 4.86347 6.17726 5.21743 6.60815 6.74679 5.87715 6.6806 5.75062 4.8392 6.041 5.39647 4.93701 4.78218 4.75638 4.42967 4.30159 3.81474 5.16357 3.67373 5.27445 5.47969 4.25047 3.60896 4.35759 4.47722 4.14158
threshold=0.84441050000000006 0.030246000000000006 59.445537500000007 0.78129550000000003 0.067350000000000007 0.28430900000000009 57.217397500000011 2.0339620000000003 0.041866500000000008 0.94885150000000007 0.038473500000000008 0.040747000000000005 0.10211750000000001 0.039713000000000005 0.022041000000000002 0.83617550000000007 0.80040300000000009 0.039713000000000005 0.70000000000000007 65.389205000000018 0.078501000000000015 -0.0034439999999999996 68.504868500000015 0.10179900000000001 62.176546500000008 0.15162200000000001 0.033912500000000005 0.024858000000000005 10.622859000000002 0.17022900000000002
decision_type=2 2 2 2 2 2 2 2 2 2 2 2 2 2 2 2 2 2 2 2 2 2 2 2 2 2 2 2 2 2
left_child=-1 2 3 20 5 6 7 8 -3 10 -8 -11 14 -14 -6 -16 -5 -4 -18 -12 21 -2 23 24 -15 -25 -24 -28 29 -29
right_child=1 4 17 16 12 -7 9 -9 -10 11 19 -13 13 22 15 -17 18 -19 -20 -21 -22 -23 26 25 -26 -27 27 28 -30 -31
leaf_value=-0.020685332818410646 -0.029744488950209681 0.018816326736849642 0.05009162270684947 -0.046697052915805809 -0.014116718252959334 -0.040070026956053856 -0.012978761331876571 -0.050837635363314496 -0.032227360967153069 0.054507849777226294 -0.0040648355979128461 0.0022601000258999676 -0.024148775995537618 0.033207124360719979 0.038944442690627391 -0.002393826067134112 -0.0074178122740162812 0.0095090745379217689 0.02944533789907515 0.039314071146989787 0.037848371420197348 0.011863490006530105 0.022736962133338257 -0.05134520054011206 -0.012976827535279227 -0.0038476436250564246 -0.023283805729661187 0.004744011934535379 -0.025898098629521745 0.035696559729386242
leaf_weight=22.094534307718277 8.4136310368776304 12.784263342618944 13.74457333981991 6.7708972394466391 10.586641192436216 14.206862859427927 74.896550200879574 12.895204842090605 13.11480203270912 8.6803729981184024 11.286711797118189 13.390810072422026 24.661509152501822 9.8951739519834536 24.339638866484165 10.270406134426592 65.173925053328276 15.209600687026976 9.3140461295843107 11.576742634177206 11.70659042149782 65.548234157264233 25.017967447638512 10.866237916052343 18.301690630614758 8.3139583915472013 15.059395432472227 120.87083928287029 10.847244337201117 11.868375129997728
leaf_count=108 40 55 59 33 45 66 337 67 62 37 48 60 114 49 108 45 329 65 42 49 59 291 107 53 81 46 65 530 51 55
internal_value=-4.53173e-05 0.00063572 0.00652533 0.00266627 -0.00179955 -0.00848415 -0.00565524 -0.0215925 -0.00703124 -0.000495707 -0.0057571 0.0228086 0.00203999 -0.00062584 0.017122 0.0266775 -0.00646543 0.0287736 -0.00280841 0.0178998 0.0113279 0.00713032 0.00188502 -0.0105288 0.00323059 -0.0307566 0.00508724 0.00230394 0.00498759 0.00751152
internal_weight=691.707 669.613 195.881 166.927 473.731 172.832 158.625 38.7943 25.8991 119.831 97.76 22.0712 300.899 255.702 45.1967 34.61 81.2589 28.9542 74.488 22.8635 85.6685 73.9619 231.041 47.3771 28.1969 19.1802 183.664 158.646 143.586 132.739
internal_count=3156 3048 918 794 2130 781 715 184 117 531 434 97 1349 1151 198 153 404 124 371 97 390 331 1037 229 130 99 808 701 636 585
is_linear=0
shrinkage=0.05


Tree=57
num_leaves=31
num_cat=0
split_feature=19 0 0 19 19 2 7 0 1 0 0 14 2 11 19 1 1 9 8 0 0 9 8 9 1 19 11 8 6 14
split_gain=4.18899 5.21342 5.34263 4.51268 7.20757 5.50352 5.3148 4.77499 4.70282 4.14616 4.33674 2.96001 7.34883 3.8584 5.19221 5.21873 4.37896 4.31492 6.542 5.23397 4.9348 4.19164 4.85164 4.94619 5.3489 4.01564 6.45061 4.26949 3.9491 3.76795
threshold=0.9500455000000001 1.6228845000000003 1.4643440000000003 3.4325490000000003 2.9626380000000005 0.039439500000000009 0.9704425000000001 9.2208875000000017 0.014189000000000002 14.035099500000003 4.308030500000001 0.013824000000000001 0.013989000000000001 0.52152050000000016 1.9080980000000001 1.0000000180025095e-35 0.0064910000000000011 0.021323000000000005 78.69208900000001 4.5933360000000008 5.9882205000000015 0.076797000000000018 59.445537500000007 0.007467500000000001 0.033337500000000006 1.6782770000000002 0.23413450000000002 57.796205500000006 0.040484000000000006 0.039484500000000006
decision_type=2 2 2 2 2 2 2 2 2 2 2 2 2 2 2 2 2 2 2 2 2 2 2 2 2 2 2 2 2 2
left_child=1 2 -1 4 11 9 -7 -8 -6 10 -5 12 -2 16 15 -15 -13 18 -16 29 -21 22 -18 -24 -25 26 -23 -28 -27 -19
right_child=3 -3 -4 5 8 6 7 -9 -10 -11 -12 13 -14 14 17 -17 21 19 -20 20 -22 25 23 24 -26 28 27 -29 -30 -31
leaf_value=-0.022095234534931486 0.024531180926082675 -0.032189951965038772 0.024891967263062004 -0.017557057535058436 -0.0059174135408490477 -0.0082223187165093633 0.035898726023048104 -0.0028283457963078767 0.034025924708957468 0.0086872848531003733 -0.058855591466305784 -0.013478805634812241 -0.029021205154981407 0.039679991041467036 -0.020180455317975632 0.0012451288579865495 0.039251131085553864 -0.038749722139555104 0.031659725374832928 0.030271769729485417 -0.022465278528624219 0.012681859930696364 -0.017442358497597395 -0.0008099976875276763 0.046144821436121419 -0.013684003325216316 -0.03482901654430013 0.0035983305349993689 0.023311119717531421 -0.0044636567613148765
leaf_weight=12.155278973281385 9.0075102150440234 22.380933992564678 12.04414841532707 16.32607135549188 9.9047682136297208 84.126521930098534 15.297176636755468 16.59329230338335 28.783876843750477 7.3845583461225024 10.409961540251969 21.448270909488201 22.182605907320976 9.4574661552906019 12.191881440579893 133.52366294339299 22.869376935064793 29.239111319184303 12.151392132043837 8.6516967117786425 9.1032349839806539 29.856134466826916 11.385939270257948 12.215489879250528 12.046420872211455 9.0227853953838331 18.74312844872475 11.765746548771856 35.974541261792183 11.03846789896488
leaf_count=61 41 107 56 86 47 389 71 78 126 42 59 106 103 45 54 609 97 130 52 38 42 127 48 53 50 40 84 50 153 55
internal_value=-0.000326803 -0.0147962 0.00129048 0.000741833 0.00310582 -0.00682486 -0.00163336 0.0157482 0.0237999 -0.024477 -0.0336371 0.00129393 -0.0135556 0.0024217 -0.00197325 0.0037874 0.00776593 -0.0119721 0.00569652 -0.0193837 0.00323265 0.0105464 0.0212764 0.00974499 0.0225038 0.00458705 -0.00384058 -0.0200095 0.0158929 -0.0293533
internal_weight=677.281 46.5804 24.1994 630.701 480.564 150.138 116.017 31.8905 38.6886 34.1206 26.736 441.875 31.1901 410.685 225.357 142.981 185.328 82.3758 24.3433 58.0325 17.7549 163.88 58.5172 35.6479 24.2619 105.362 60.365 30.5089 44.9973 40.2776
internal_count=3099 224 117 2875 2150 725 538 149 173 187 145 1977 144 1833 1025 654 808 371 106 265 80 702 248 151 103 454 261 134 193 185
is_linear=0
shrinkage=0.05


Tree=58
num_leaves=31
num_cat=0
split_feature=5 9 8 19 15 1 19 1 12 19 3 4 15 12 8 2 2 15 18 19 2 18 7 7 5 2 3 13 5 4
split_gain=3.52839 7.52408 3.95045 3.47706 5.02271 6.93986 4.81097 4.6127 5.32652 4.21132 5.46577 7.51995 5.3818 4.60575 11.0261 5.11093 3.91732 3.54207 3.17129 2.97249 2.90832 3.31118 2.86588 5.41755 5.41878 5.31769 4.29591 3.45775 3.20162 4.24637
threshold=0.087558500000000011 0.065300500000000011 50.303744000000009 1.4608605000000001 2.5000000000000004 0.016985000000000004 1.4021110000000003 0.035977500000000003 0.06977700000000002 1.6531425000000002 0.0062175000000000017 0.0071170000000000009 2.5000000000000004 0.067350000000000007 58.987179500000003 0.068829500000000016 0.0012315000000000002 1.0000000180025095e-35 0.70000000000000007 1.8177225000000001 0.040966000000000009 0.50000000000000011 0.98138500000000006 0.94405300000000014 0.036687000000000004 0.10992850000000001 0.088102000000000014 0.11620500000000002 0.041958000000000002 0.13272300000000001
decision_type=2 2 2 2 2 2 2 2 2 2 2 2 2 2 2 2 2 2 2 2 2 2 2 2 2 2 2 2 2 2
left_child=3 -2 19 4 6 -6 17 -7 -9 10 -5 -12 -13 15 -15 -11 -16 20 -17 -3 21 -1 23 24 25 26 -18 -28 29 -26
right_child=1 2 -4 9 5 7 -8 8 -10 13 11 12 -14 14 16 18 22 -19 -20 -21 -22 -23 -24 -25 28 -27 27 -29 -30 -31
leaf_value=0.012300645777354777 -0.050783735187715201 -0.040346260916371529 0.018361722385740457 0.045981984202336068 -0.024237721628936164 0.02774789331122629 -0.043226339269471149 -0.019368716777360226 0.022257555835896798 -0.00066843976107302833 -0.026642420986824285 0.035626761853955906 -0.0044682916488927521 0.0613754979680649 0.04134193040312889 -0.011073692321319099 0.029670438068755176 -0.012972065759433597 -0.049674674445207394 0.0035497147252476187 0.022448940781358451 -0.026266019084788331 0.01417458347189772 -0.032071212861154462 -0.047577030622460686 0.042802831615287494 0.010340063176140408 -0.030785307632878223 0.0010344397257711483 -0.0030139259216190959
leaf_weight=11.811820298433306 10.202228859066961 7.7030151709914225 13.930823262780903 12.420249074697493 14.88219268620014 30.15936616063118 9.9630132466554624 16.307751998305324 14.534547597169874 143.02352084219456 11.399995684623716 21.57639379799366 13.672737360000609 8.9203495234251005 7.0158437490463248 13.353554531931877 11.951208800077437 80.321495577692986 8.8452926725149155 7.7236646935343742 15.258753344416617 10.52414985001087 46.855369925498962 12.092606008052824 8.8079306334257144 13.824582383036612 11.472165659070017 9.2178210914134961 74.213046938180923 13.599677056074141
leaf_count=53 103 46 83 54 73 131 45 72 61 643 51 91 59 38 31 59 51 364 40 46 65 46 206 51 39 59 49 40 329 59
internal_value=0.000701319 -0.0137939 -0.000939356 0.00158894 -0.00381522 0.00637542 -0.00986237 0.0138439 0.000247818 0.0040788 0.0165058 0.00865782 0.0200743 0.00216317 0.00693568 -0.00413299 0.00461269 -0.00704337 -0.0264545 -0.0183689 0.00562335 -0.005871 0.00333723 6.49515e-05 0.00278086 0.0168119 0.00580393 -0.00798215 -0.0039668 -0.0205307
internal_weight=685.585 39.5597 29.3575 646.025 203.763 75.8839 127.879 61.0017 30.8423 442.262 59.0694 46.6491 35.2491 383.193 217.971 165.222 209.05 117.916 22.1988 15.4267 37.5947 22.336 202.034 155.179 143.086 46.4658 32.6412 20.69 96.6207 22.4076
internal_count=3137 278 175 2859 910 337 573 264 133 1949 255 201 150 1694 952 742 914 528 99 92 164 99 883 677 626 199 140 89 427 98
is_linear=0
shrinkage=0.05


Tree=59
num_leaves=31
num_cat=0
split_feature=5 6 6 13 3 7 0 0 11 3 4 11 11 7 19 1 19 13 0 19 5 6 13 9 5 13 3 4 4 13
split_gain=4.46569 3.35741 3.8843 3.25601 3.30218 2.94384 3.99518 4.32166 4.67531 3.57327 2.86034 5.73338 5.6918 6.29652 5.42703 4.3515 4.20153 5.57958 5.74632 4.3868 4.17259 4.10471 3.9774 3.97356 3.55593 3.26959 4.45427 3.41197 2.90518 4.05895
threshold=0.095165500000000014 0.11119250000000001 0.079369500000000023 -0.070597499999999994 -0.039647499999999995 0.56676650000000006 2.1740530000000002 7.9298225000000011 0.58643300000000009 -0.027827499999999995 -0.0038319999999999999 0.012660500000000003 0.19211050000000005 0.77275250000000006 1.7794765000000001 0.025137500000000004 3.4131480000000001 0.032762000000000006 3.8064020000000003 6.3064405000000008 0.035935500000000009 0.11737850000000001 0.097765500000000019 0.21078800000000003 0.054235000000000005 0.018164000000000003 -0.010485 0.027958000000000004 0.0057065000000000006 0.028643500000000002
decision_type=2 2 2 2 2 2 2 2 2 2 2 2 2 2 2 2 2 2 2 2 2 2 2 2 2 2 2 2 2 2
left_child=3 2 -2 -1 -5 6 -6 8 -8 -7 11 -11 23 15 20 -14 25 -18 -19 22 -15 -21 -20 -13 -24 27 -27 -12 -28 -30
right_child=1 -3 -4 4 5 9 7 -9 -10 10 16 12 13 14 -16 -17 17 18 19 21 -22 -23 24 -25 -26 26 28 -29 29 -31
leaf_value=0.029303733653630506 -0.019757407356635559 -0.036873056369569134 0.030677475524802957 -0.027647133461878366 0.013590047849545598 0.036412871964187687 -0.0067098969985431266 0.0032600043759547365 -0.047278445152635518 0.028264731266498883 0.010127772750872486 -0.052953976210515313 -0.0053544300289278431 -0.0086496820362787791 0.01017719636498614 0.031020512133553793 -0.041048228754083788 0.023691478715068992 0.0092014693414440487 -0.011311885377478756 -0.051720610813223503 0.024846763969202636 -0.016723085867297618 -0.0089512260691684813 -0.053361563874003898 -0.030349532732028464 0.03412897569142994 0.045116859006952552 -0.022563766244709071 0.0053929948310000569
leaf_weight=9.6957125812768918 12.408080887049442 14.069340433925388 5.5141485705971709 10.53837028890848 13.670746274292467 7.3108194321393958 12.946290045976641 16.328824557363987 15.731607429683207 10.567647397518156 24.058963119983673 11.635598585009577 17.294996663928032 10.079852566123011 10.929577589035032 15.672598153352736 10.193275652825831 17.571792915463448 10.509893238544462 16.000796258449558 12.717870622873304 15.405288800597189 26.681560382246971 9.1769026368856412 8.8088157474994642 9.2069067507982236 8.2967000156640989 9.8079680949449521 13.59251946210861 289.60401906073093
leaf_count=42 79 123 36 56 64 32 60 79 78 45 107 56 79 48 50 68 49 78 45 72 63 68 113 42 40 41 36 43 60 1249
internal_value=-0.000358021 -0.0185915 -0.00424006 0.0005477 0.000108173 0.000577065 -0.0100825 -0.017273 -0.0289643 0.00168386 0.00122869 -0.00652325 -0.0107243 -0.00360093 -0.0187899 0.011938 0.0028824 -0.00589405 -0.00212122 -0.00798089 -0.0326771 0.00642463 -0.0178161 -0.0335517 -0.0258169 0.00548566 0.00392537 0.0202607 0.00493845 0.00413967
internal_weight=676.027 31.9916 17.9222 644.036 634.34 623.802 58.6775 45.0067 28.6779 565.124 557.814 98.075 87.5074 66.6949 33.7273 32.9676 459.738 105.171 94.9781 77.4064 22.7977 31.4061 46.0003 20.8125 35.4904 354.567 320.7 33.8669 311.493 303.197
internal_count=3101 238 115 2863 2821 2765 281 217 138 2484 2452 451 406 308 161 147 2001 465 416 338 111 140 198 98 153 1536 1386 150 1345 1309
is_linear=0
shrinkage=0.05


Tree=60
num_leaves=31
num_cat=0
split_feature=15 11 13 6 1 14 1 1 14 6 19 1 9 11 3 3 9 7 3 3 7 7 8 7 8 13 7 13 11 6
split_gain=5.02788 5.22179 5.17273 3.77041 3.68192 4.0924 4.60872 6.23572 5.92547 3.87315 3.64905 3.59973 4.63403 4.56778 4.94779 6.67229 3.34962 5.46961 5.5153 8.92009 7.51148 5.41065 5.44748 4.70789 5.03025 4.87808 4.22249 3.93949 3.64801 3.49954
threshold=1.0000000180025095e-35 0.14330350000000003 -0.022251499999999997 0.030934500000000004 0.08422700000000001 0.011866000000000003 -0.0014834999999999998 0.0058535000000000002 0.027581500000000005 0.11119250000000001 4.5857260000000011 0.009305500000000003 0.13737350000000001 0.13724300000000003 0.073238500000000012 0.12510300000000005 0.19521150000000004 0.72123250000000005 0.045707000000000005 0.028343500000000004 0.64212300000000011 0.66130100000000003 73.994734000000008 0.75927400000000012 43.654190500000006 0.18347050000000001 0.52704700000000015 0.24416700000000002 0.72250000000000003 0.062915000000000013
decision_type=2 2 2 2 2 2 2 2 2 2 2 2 2 2 2 2 2 2 2 2 2 2 2 2 2 2 2 2 2 2
left_child=3 2 -2 -1 5 -3 8 -8 -7 16 11 12 -5 -13 -15 -16 17 18 19 20 -9 26 -23 -19 -25 29 -20 -27 -28 -26
right_child=1 4 -4 10 -6 6 7 9 -10 -11 -12 13 -14 14 15 -17 -18 23 21 -21 -22 22 -24 24 25 27 28 -29 -30 -31
leaf_value=-0.0182633508256724 0.022210788091101108 0.030424259302493512 -0.020947243699269275 0.057364969065037921 0.0097666680305992272 -0.0092739197527677859 -0.029609827350792945 -0.020622029788983656 0.04542510147802227 -0.025563943739808651 -0.011447813548630099 0.031353939499062448 0.0081455966812516902 -0.0073643360439908439 0.039317048775558042 -0.0033726791859088156 -0.012002389369490718 -0.029414761898139619 0.018330112208491543 0.055800980535544387 0.038143770972507589 0.045857376885261994 -0.0060352704207477436 -0.040696437692360608 0.010503974556507173 -0.033562479947015243 0.00086163278519315917 0.0039133053608235522 -0.033330810283686695 -0.010381054096895367
leaf_weight=12.952630713582037 7.8601616173982611 9.0284111239016038 59.489913769066334 9.6496782004833239 67.674172841012478 9.3099293410778063 23.869921997189522 12.331556275486948 10.575069241225718 18.296694580465555 17.336119644343853 18.949958339333534 9.4805692136287671 43.413160268217325 17.983288668096066 18.640898853540421 65.727850675582886 17.671741805970669 10.358384452760218 14.4781591668725 9.7268631160259229 11.003949388861658 9.3584656864404661 7.9528045803308478 78.927038788795471 16.875816605985168 13.821227222681047 11.998426601290701 17.908110797405243 26.89167907834053
leaf_count=62 36 44 282 42 316 47 132 55 55 90 87 80 44 193 80 82 303 79 49 62 42 47 40 40 341 75 59 52 81 117
internal_value=-0.000627353 -0.00290076 -0.0159104 0.00750902 -0.00101152 -0.00285293 -0.00362909 -0.0048987 0.0198156 -0.00318066 0.00997348 0.0131175 0.0329728 0.00928025 0.00405399 0.0175889 -0.00192066 0.000634828 0.00987639 0.0253065 0.00529129 0.000848977 0.0220078 -0.0050713 -0.0020555 0.000226017 -0.00938784 -0.0179898 -0.0184367 0.00519647
internal_weight=679.543 531.136 67.3501 148.406 463.786 396.112 387.084 367.199 19.885 343.329 135.454 118.118 19.1302 98.9873 80.0373 36.6242 325.032 259.304 98.9867 36.5366 22.0584 62.4501 20.3624 160.318 142.646 134.693 42.0877 28.8742 31.7293 105.819
internal_count=3114 2444 318 670 2126 1810 1766 1664 102 1532 608 521 86 435 355 162 1442 1139 435 159 97 276 87 704 625 585 189 127 140 458
is_linear=0
shrinkage=0.05


Tree=61
num_leaves=31
num_cat=0
split_feature=7 19 12 0 11 6 2 7 7 14 19 14 14 2 13 7 9 9 13 2 7 0 2 7 13 9 13 4 13 13
split_gain=4.31584 2.84509 3.84623 3.72633 2.1809 3.27638 3.54068 3.23225 9.58086 6.52352 6.8932 6.3902 5.09257 6.63748 5.94344 5.01272 5.33589 4.17339 4.30113 5.57239 13.2514 5.16721 4.42363 4.34164 4.13155 3.81676 3.77784 4.38894 3.78903 5.00196
threshold=0.33493550000000005 0.91340100000000013 0.0013155000000000003 1.6228845000000003 0.11180550000000002 0.1737255 0.22531850000000003 0.96632750000000012 0.91689700000000018 0.022714500000000002 2.7422565000000003 0.028992000000000004 0.032938500000000002 0.056788500000000006 0.19980050000000002 0.90030300000000019 0.0061255000000000007 0.42413100000000009 -0.010657499999999999 0.027250000000000003 0.73587800000000014 2.5473815000000006 0.03512500000000001 0.65991750000000005 -0.041436499999999994 0.66769250000000013 0.23047450000000003 0.11123450000000001 0.09451950000000002 0.16121750000000004
decision_type=2 2 2 2 2 2 2 2 2 2 2 2 2 2 2 2 2 2 2 2 2 2 2 2 2 2 2 2 2 2
left_child=-1 2 -2 -4 -3 6 7 8 15 10 -9 -11 -13 -14 -15 16 -6 18 23 20 -20 -22 -21 -18 -25 -19 27 -24 -29 -30
right_child=1 4 3 -5 5 -7 -8 9 -10 11 -12 12 13 14 -16 -17 17 25 19 22 21 -23 26 24 -26 -27 -28 28 29 -31
leaf_value=-0.031717865910896384 0.01958937922212322 -0.0070900710612304589 -0.0058426917991412294 -0.043230852839362108 0.030304531351270675 -0.019820821410240278 0.0255681101671483 0.044353924436158869 -0.021219279543193557 -0.021304873036458782 -0.0055404597880424657 0.034711343831894108 -0.027734799543351146 -0.0069302742216111636 0.038447051327840681 0.03299036753393763 -0.045165510229937915 0.04735056284445327 0.026901095317273901 -0.026294153287734275 -0.034763552165395908 0.010839854393339369 -0.0053627088599132915 0.018675021270900854 -0.029174660859939916 0.0010867171607899728 -0.016256282025398094 0.04218318293899298 -0.0061441503342694838 0.021487708155904853
leaf_weight=10.485635280609129 7.0102521926164618 67.758539810776711 15.46994496881962 11.707917362451552 15.75304266437888 16.097317308187485 16.939983308315277 22.254953905940056 45.954743035137653 21.218608886003494 10.047786165028809 16.05480458214879 13.216852460056542 14.903021998703482 13.990052811801432 13.420813500881193 10.350707978010179 8.8619642257690447 52.435829378664494 18.830276042222977 15.732486307621004 10.264084815979002 87.248606018722057 9.2943370044231433 8.7660297527909261 8.9711643382906896 33.279733285307884 8.696934908628462 34.268355071544647 31.371407844126225
leaf_count=66 37 314 75 56 70 80 78 95 206 96 50 74 73 72 66 58 47 39 230 85 75 46 387 41 44 50 150 38 148 135
internal_value=0.00010822 0.000613721 -0.0134317 -0.0219491 0.00138081 0.00240903 0.0030691 0.00234339 0.000304808 0.00989091 0.0288342 0.00218247 0.0107507 0.00161547 0.0150415 0.00299599 0.00185925 0.00053497 -0.000774787 0.00103147 0.0124301 -0.0167582 -0.00315218 -0.019347 -0.00454996 0.024077 -0.000915913 0.00224355 0.011171 0.00706203
internal_weight=670.656 660.171 34.1881 27.1779 625.982 558.224 542.127 525.187 413.501 111.686 32.3027 79.3833 58.1647 42.1099 28.8931 367.546 354.125 338.372 320.539 292.128 78.4324 25.9966 213.695 28.4111 18.0604 17.8331 194.865 161.585 74.3367 65.6398
internal_count=3081 3015 168 131 2847 2533 2453 2375 1849 526 145 381 285 211 138 1643 1585 1515 1426 1294 351 121 943 132 85 89 858 708 321 283
is_linear=0
shrinkage=0.05


Tree=62
num_leaves=31
num_cat=0
split_feature=0 3 0 12 13 4 19 2 0 1 4 13 7 1 19 19 4 7 11 2 15 1 1 19 15 14 12 14 1 1
split_gain=3.67537 2.73072 4.30484 2.67923 7.31469 3.72751 3.71401 5.52077 4.49125 4.07291 3.74889 6.11575 4.34943 5.18222 4.71367 4.24358 4.04843 3.63288 3.60559 3.50266 5.22656 3.39508 3.37659 3.35385 4.80848 2.98871 2.82274 2.77643 3.8473 6.81124
threshold=29.833681000000002 0.27002450000000006 6.2413870000000005 0.039025000000000011 0.089373500000000008 0.015265000000000003 3.4131480000000001 0.0059815000000000016 4.7058245000000012 0.029294500000000005 0.029040000000000003 0.048213500000000006 0.7850990000000001 0.042008500000000011 1.4952420000000004 1.6531425000000002 -0.032206499999999992 0.67139150000000003 0.77459700000000009 1.0000000180025095e-35 1.5000000000000002 0.048496000000000004 0.029528000000000002 1.007592 2.5000000000000004 0.020230500000000002 0.024487000000000005 0.058814000000000012 0.017331000000000003 0.020941500000000005
decision_type=2 2 2 2 2 2 2 2 2 2 2 2 2 2 2 2 2 2 2 2 2 2 2 2 2 2 2 2 2 2
left_child=1 3 -3 4 6 -5 8 -8 10 -9 12 18 14 15 16 23 17 -1 26 20 -7 -15 -10 -14 -25 -16 -12 28 -21 -30
right_child=-2 2 -4 5 -6 19 7 9 22 -11 11 -13 13 21 25 -17 -18 -19 -20 27 -22 -23 -24 24 -26 -27 -28 -29 29 -31
leaf_value=0.027417217099470582 0.023165935530605725 0.036756944317727129 -0.0037781207163732167 -0.025302537917239964 0.042594763371886432 -0.010412659669344343 -0.043494055027421374 0.025726724104515722 0.045183316034889946 -0.021681163342461396 0.04875885428847207 -0.013953468307613216 -0.042185573023198294 0.028119734714485339 0.0058696288707951912 -0.05346983024145513 -0.019739135370724255 -0.013641828169318183 -0.0031926737558934954 -0.01586053690453065 0.039900720608381096 -0.013142392266682821 0.0058998052802438673 -0.02448061058922426 0.02055679167569361 0.038915043524014134 0.015199104679155535 -0.023427515787201328 0.03409457139871646 -0.0027125414508840642
leaf_weight=12.657582148909571 16.047304060310125 12.042333193123342 14.360879957675932 19.987424559891224 10.809696629643438 9.54139491915703 11.310860663652422 8.6890677735209483 10.275407996028664 9.4660945981740934 13.833947464823725 15.525989539921282 8.5256068557500821 9.8909142166376132 15.381894618272783 9.2802132777869684 24.00229949504137 9.3793988376855832 9.0665048956871015 51.452189959585667 11.244834784418343 10.051374219357966 11.697081819176672 14.254826337099077 10.143953353166578 12.3245802372694 11.45319890975952 18.031209833920002 13.18406770378351 269.44669558852911
leaf_count=56 78 55 67 94 48 48 72 44 47 48 61 72 46 43 68 46 112 44 46 247 56 50 50 68 45 55 50 115 59 1153
internal_value=-0.000480171 -0.00104881 0.0147097 -0.001698 0.00237081 -0.00426654 0.000537809 -0.0160744 0.00289405 0.00100827 0.000365698 0.0120895 -0.00393753 -0.0136817 0.0042741 -0.0236066 -0.00553226 0.00994163 0.0238595 -0.00313902 0.0168056 0.00732267 0.0242707 -0.0151893 -0.00575601 0.0205691 0.0335588 -0.0043164 -0.00328493 -0.000995575
internal_weight=683.359 667.312 26.4032 640.908 248.02 392.888 237.211 29.466 207.745 18.1552 185.772 49.8796 135.893 62.1469 73.7458 42.2046 46.0393 22.037 34.3537 372.9 20.7862 19.9423 21.9725 32.9244 24.3988 27.7065 25.2871 352.114 334.083 282.631
internal_count=3143 3065 122 2943 1171 1772 1123 164 959 92 862 229 633 298 335 205 212 100 157 1678 104 93 97 159 113 123 111 1574 1459 1212
is_linear=0
shrinkage=0.05


Tree=63
num_leaves=31
num_cat=0
split_feature=15 15 9 7 8 2 6 3 12 6 8 11 2 2 11 11 3 3 19 8 3 4 14 11 2 8 9 8 19 19
split_gain=2.46518 4.5845 6.52065 7.53961 5.92748 6.59019 5.4943 4.95832 4.59932 6.60028 5.05945 5.20203 5.14628 4.57311 4.49092 7.16429 9.25477 9.11471 6.34034 7.21053 5.5132 4.13862 4.12201 4.62246 4.06842 3.90821 3.72157 5.7408 5.21653 4.59834
threshold=1.0000000180025095e-35 2.5000000000000004 0.028101000000000004 0.76882600000000012 70.063511500000018 0.099993500000000027 0.074117500000000017 0.040526000000000006 0.07413850000000001 0.088454500000000005 41.633333500000006 0.44658100000000006 0.040966000000000009 0.020637500000000003 0.37171050000000005 0.52152050000000016 -0.0015069999999999999 0.036688500000000006 1.4793605000000003 65.543379500000015 0.026066500000000003 0.18241000000000004 0.054997000000000011 1.0000000180025095e-35 0.019007000000000003 77.269350000000017 0.26392600000000005 45.509909000000007 1.2485160000000002 1.4608605000000001
decision_type=2 2 2 2 2 2 2 2 2 2 2 2 2 2 2 2 2 2 2 2 2 2 2 2 2 2 2 2 2 2
left_child=22 14 3 -3 8 6 7 -6 9 10 -4 12 24 -13 18 17 -17 -16 20 -20 -2 -5 23 -1 -12 -9 27 -25 -29 -30
right_child=1 2 4 21 5 -7 -8 25 -10 -11 11 13 -14 -15 15 16 -18 -19 19 -21 -22 -23 -24 26 -26 -27 -28 28 29 -31
leaf_value=0.04074445714925054 -0.014307060754003021 -0.042846718062657996 0.026069114023764762 -0.017057285331141987 0.049043498263562899 -0.0048653470333990994 0.063753293083552057 0.028890156537320584 0.025726032379854137 -0.036801452332319469 0.010852318152639871 0.008628377412514817 0.027031974745043371 -0.032656829819718868 0.04822350663207197 -0.047284081724533085 -0.003592033537103319 -0.0031958885744396643 0.0096887016388535526 -0.030087790752583495 -0.055015005347709159 0.014671275869231766 -0.018279107612834366 -0.036328787701220867 -0.026043969851575307 -0.015359140564321869 0.028970169126387266 0.031281776370893383 -0.032678382611476271 0.0046651636627108289
leaf_weight=9.9546671211719495 17.856753472238779 14.790605284273623 17.674336373806 20.588814560323954 10.399091795086862 17.817180700600147 10.016110256314276 9.8464016020298022 16.593891888856888 12.447020113468168 16.13706594705582 9.8302263915538806 18.969079196453094 21.115270406007767 14.512232154607771 13.114853374660013 159.7664710432291 21.221126601099968 30.826067239046097 18.073436997830868 15.569202646613119 20.521980151534081 16.854440547525883 8.9462866857647878 13.913002595305441 10.117470502853392 14.53902631998062 16.334643393754959 9.3520531803369504 69.542619187384844
leaf_count=42 84 67 83 104 44 80 44 43 78 68 76 45 81 96 64 66 744 96 143 81 71 91 93 44 63 45 63 69 40 308
internal_value=-0.000794608 -0.00237276 0.00273075 -0.0122329 0.00725533 0.0204644 0.031641 0.0210479 0.00118715 -0.00251173 0.00185952 -0.00349145 0.00664121 -0.0195421 -0.00659635 -0.00269396 -0.00690653 0.0176868 -0.0164851 -0.00501284 -0.0332681 -0.0012188 0.00497168 0.00801731 -0.00623044 0.0064651 0.00527302 0.00196578 0.00556335 0.000238517
internal_weight=677.241 531.718 240.778 55.9014 184.876 58.1963 40.3791 30.363 126.68 110.086 97.639 79.9646 49.0191 30.9455 290.94 208.615 172.881 35.7334 82.3255 48.8995 33.426 41.1108 145.524 128.669 30.0501 19.9639 118.715 104.176 95.2293 78.8947
internal_count=3116 2457 1108 262 846 256 176 132 590 512 444 361 220 141 1349 970 810 160 379 224 155 195 659 566 139 88 524 461 417 348
is_linear=0
shrinkage=0.05


Tree=64
num_leaves=31
num_cat=0
split_feature=4 0 7 4 1 19 7 14 5 8 19 19 12 11 8 18 5 9 5 15 5 5 14 7 4 1 9 1 12 8
split_gain=4.61613 8.37819 5.31329 5.24352 3.75935 3.33873 3.21309 3.10125 6.88999 4.02328 4.80208 4.9845 5.15302 9.24743 6.88417 6.28257 5.05958 9.22673 5.03968 4.78108 6.29851 5.1822 3.73548 3.64642 4.81476 5.21972 4.74209 4.00085 4.92429 4.92575
threshold=0.28862550000000003 2.3178315000000005 0.85758400000000012 0.2678890000000001 0.097709000000000004 2.8418175000000008 0.6237410000000001 0.056677000000000012 0.12624950000000004 87.938389500000014 8.9888835000000018 2.1199000000000008 0.066664500000000015 0.90849300000000011 77.419070000000019 0.70000000000000007 0.036334000000000005 0.066084000000000018 0.037951500000000006 1.5000000000000002 0.042406000000000006 0.043162000000000006 0.029101500000000002 0.70818100000000006 -0.013009499999999998 0.046033000000000004 0.23061900000000005 0.046726500000000011 0.043452000000000011 67.54630250000001
decision_type=2 2 2 2 2 2 2 2 2 2 2 2 2 2 2 2 2 2 2 2 2 2 2 2 2 2 2 2 2 2
left_child=3 -2 5 7 -4 -3 -7 9 -9 10 11 23 13 19 15 16 -14 -18 -17 21 -21 -13 -16 27 25 26 -25 28 -1 -30
right_child=1 2 4 -5 -6 6 -8 8 -10 -11 -12 12 14 -15 22 18 17 -19 -20 20 -22 -23 -24 24 -26 -27 -28 -29 29 -31
leaf_value=0.015087684891315187 0.030899595371968087 -0.039900509881585888 -0.0067558226720671674 -0.035964841522386951 0.032645849396487021 0.020255843149074339 -0.020118205687065745 -0.036702923777388673 0.0097444970123931676 0.028895441539830997 0.026027582876133111 -0.01147428291705228 0.026221902893923017 -0.060000454000513626 -0.0049178500578157163 0.0018464637917159103 -0.042609443695980249 0.013319811796652243 0.042993548190496694 -0.0096265493267944577 -0.050896995835338993 0.02705244106253181 -0.037501933363855336 -0.018303343631149119 0.0031682647992856416 -0.043737036565413813 0.018655538413750582 0.035439840240999942 -0.034824378791234484 0.0049712290023015025
leaf_weight=60.551126673817635 33.069081224501133 9.3768818899989146 10.434609808027746 10.687285669147967 14.419079408049582 8.2428188547492045 12.253394216299055 17.648298177868128 14.580754246562718 12.006616577506064 16.685104947537184 23.25671748816967 10.357289507985113 10.56266303360462 23.20610935240984 12.563093766570093 14.619708612561228 14.879010342061518 18.25419582426548 33.212852619588375 12.810736436396835 13.972069166600702 14.164614677429197 25.532798670232296 154.48855704069138 11.794474869966505 13.148416794836519 13.637625098228453 11.773741587996481 22.898913681507111
leaf_count=264 145 43 46 51 67 40 56 114 97 53 81 105 45 51 100 54 65 66 80 150 71 69 63 125 684 56 59 58 53 103
internal_value=0.000336163 0.0110296 -0.000976939 -0.00126243 0.0161034 -0.0151874 -0.00388126 -0.000619228 -0.0156896 0.000272995 -0.000372532 -0.00122671 -0.00735598 -0.0159291 8.81229e-05 0.00926582 -0.00384294 -0.014399 0.0262194 -0.0103376 -0.0211142 0.00298491 -0.0172682 0.00271576 -0.00121211 -0.0146189 -0.00574038 0.0101112 0.00648366 -0.00854211
internal_weight=675.089 87.7959 54.7268 587.293 24.8537 29.8731 20.4962 576.605 32.2291 544.376 532.37 515.685 201.859 93.815 108.044 70.6733 39.856 29.4987 30.8173 83.2524 46.0236 37.2288 37.3707 313.826 204.964 50.4757 38.6812 108.861 95.2238 34.6727
internal_count=3114 397 252 2717 113 139 96 2666 211 2455 2402 2321 919 446 473 310 176 131 134 395 221 174 163 1402 924 240 184 478 420 156
is_linear=0
shrinkage=0.05


Tree=65
num_leaves=31
num_cat=0
split_feature=8 13 3 4 14 4 2 12 12 13 9 4 9 2 12 7 7 8 7 19 0 9 9 9 2 2 0 18 3 9
split_gain=2.72244 3.22855 4.19234 2.69528 9.09789 8.78629 6.88811 4.5097 10.1201 5.18278 4.49215 3.78579 4.37637 3.07075 4.34981 6.16381 3.92136 6.09723 4.17913 4.45191 8.05134 5.58777 7.61905 3.89337 3.64076 2.99121 2.79933 2.78999 5.63471 4.36887
threshold=23.904762000000002 -0.070597499999999994 -0.039647499999999995 0.076926000000000008 0.041556000000000003 0.089914500000000022 0.067223000000000019 0.0526965 0.076021500000000006 0.086223000000000008 0.061638500000000006 0.097906000000000007 0.34265150000000005 0.048666500000000008 0.029251000000000003 0.82679500000000006 0.7850990000000001 52.595491500000009 0.7570395000000002 1.0478875000000001 2.1280435000000004 0.10424150000000001 0.16164000000000003 0.18090150000000002 0.0059815000000000016 0.06416100000000001 2.3652050000000004 0.90000000000000013 0.12277 0.022707500000000002
decision_type=2 2 2 2 2 2 2 2 2 2 2 2 2 2 2 2 2 2 2 2 2 2 2 2 2 2 2 2 2 2
left_child=-1 -2 -3 4 7 6 -5 9 10 13 -9 -7 27 16 26 -16 18 -18 19 -4 24 -22 -23 -19 -21 -12 -15 -13 -29 -30
right_child=1 2 3 5 -6 11 -8 8 -10 -11 25 12 -14 14 15 -17 17 23 -20 20 21 22 -24 -25 -26 -27 -28 28 29 -31
leaf_value=-0.026253756874957398 0.022761958601456578 -0.03037591682693383 0.023737035620376819 0.04870248808154809 -0.041630878408504435 -0.024719036620396914 -0.0044987144831087093 -0.049181837937656389 0.02093489729648243 0.036166224646474281 0.0076187823331517347 -0.00096881768041560663 0.032312606903184507 0.050911605993963528 -0.020069700865366778 0.024196669593275415 -0.026739244934756701 -0.0092607809590056871 0.035338380406620414 -0.0070623466300376208 -0.013652085390078672 0.049831966798419884 -0.0029861200411903312 0.023377548980079224 -0.049811462592470733 -0.028525500210950929 0.011614792205979819 -0.01825504039147275 0.053065769592255931 0.0074228143646360503
leaf_weight=9.9852493889629823 15.286575138568876 11.522613592445849 16.21647185087204 17.756720930337909 14.786572739481924 13.943594790995119 9.2553324289619905 15.049256548285483 14.676555998623369 10.367037385702131 9.4225506484508532 255.0468539185822 11.40377490967512 8.6951872110366839 17.556411385536197 14.244383350014685 35.581007540225983 27.738188736140728 9.3638241887092573 8.62727238237858 21.221433475613594 12.275922313332559 15.384241729974745 13.625448554754255 11.782845832407473 14.583330556750296 9.4650378376245481 8.8614203184843081 10.063290968537332 10.944834038615225
leaf_count=59 68 66 74 78 95 64 41 67 64 44 43 1158 51 39 79 63 187 127 43 38 93 52 69 60 55 65 42 39 43 49
internal_value=-0.000339905 4.93496e-05 -0.000485244 5.46488e-05 -0.00338754 0.00312317 0.0304738 -0.00140946 -0.0144627 0.00161182 -0.0277648 0.000741987 0.00194008 -3.43024e-06 0.0109072 -0.00024167 -0.00317604 -0.0115636 0.00362658 0.000153889 -0.00536532 0.00564788 0.0204552 0.0014905 -0.0317416 -0.0143385 0.0304303 0.000724417 0.0151824 0.0292867
internal_weight=674.733 664.748 649.461 637.939 300.663 337.276 27.0121 285.876 53.7317 232.145 39.0551 310.264 296.32 221.778 49.961 31.8008 171.817 76.9446 94.872 85.5082 69.2917 48.8816 27.6602 41.3636 20.4101 24.0059 18.1602 284.916 29.8695 21.0081
internal_count=3115 3056 2988 2922 1399 1523 119 1304 239 1065 175 1404 1340 1021 223 142 798 374 424 381 307 214 121 187 93 108 81 1289 131 92
is_linear=0
shrinkage=0.05


Tree=66
num_leaves=31
num_cat=0
split_feature=5 11 4 12 1 0 12 12 7 14 5 3 8 8 1 11 9 5 11 12 5 4 15 5 12 5 9 8 12 12
split_gain=1.58628 5.8338 4.14644 4.72711 4.09347 2.41704 2.68532 4.58687 2.76344 2.52629 7.32979 3.04616 2.44419 4.407 3.12133 2.989 9.98023 2.97917 3.26454 3.89931 3.83521 6.21354 8.3583 5.82061 4.39543 4.23213 4.43331 3.31638 4.2927 4.84224
threshold=0.085733500000000004 0.97467950000000003 0.14224100000000003 -0.027194499999999996 0.054236500000000007 29.833681000000002 0.25649550000000004 0.22056450000000002 0.33493550000000005 0.0598985 0.071353500000000014 -0.039647499999999995 89.305802500000013 86.310349500000015 0.031753500000000011 0.97159550000000017 0.03830200000000001 0.022458000000000002 0.54951000000000005 0.10456600000000001 0.036219500000000009 0.16379600000000002 2.5000000000000004 0.045729500000000006 0.083549500000000013 0.029386000000000006 0.083364000000000008 54.330799000000006 0.035612500000000005 0.051694500000000011
decision_type=2 2 2 2 2 2 2 2 2 2 2 2 2 2 2 2 2 2 2 2 2 2 2 2 2 2 2 2 2 2
left_child=5 2 3 -2 -4 6 7 8 -1 10 11 -10 13 14 15 -13 -17 -16 19 27 25 23 -23 24 -22 -20 -27 -19 -29 -30
right_child=1 -3 4 -5 -6 -7 -8 -9 9 -11 -12 12 -14 -15 17 16 -18 18 20 -21 21 22 -24 -25 -26 26 -28 28 29 -31
leaf_value=-0.02844280301045727 0.0066973745943234245 -0.050188689040957572 0.045187935459187444 -0.052492965243925487 -0.0040285739455445989 0.020342720885756352 0.018591154343026842 -0.033505063383179545 -0.026034342577976707 -0.022678796903292952 0.039905544152610738 -0.0047560894409117921 0.025488040214454756 -0.031728141398880333 0.030816606263457821 -0.019709792847035914 0.040641443678650108 0.020540732559327875 -0.014127618354384881 0.033369737487263684 -0.019522113689374548 -0.0090480626512546101 0.032034527526984588 -0.001773521018689702 -0.06310080456169169 0.039593837705506438 -0.0017600087406171193 -0.023992679910140546 0.032089264742020514 -0.0011766740461840537
leaf_weight=8.190078563988207 7.217367835342885 7.1813464649021617 7.0887112915515926 6.3329178728163251 10.457396090030668 15.609585151076315 19.682992175221443 10.149378702044485 10.661164030432699 11.229274317622183 12.016301855444906 225.63196127861738 9.964780777692793 10.404114440083502 10.623194649815558 12.760274842381479 14.790429487824438 29.739149108529091 10.852749750018118 15.357707992196081 14.519054397940637 36.20306584239006 18.814876973628998 23.08686001598835 9.6199983805417997 16.017344370484356 10.885330975055693 14.154304906725882 14.252244919538496 47.059618607163429
leaf_count=53 41 59 42 67 60 70 87 46 56 63 52 1023 42 45 45 59 64 130 46 65 66 154 80 106 40 69 47 60 60 199
internal_value=0.000313665 -0.00957012 -0.000189745 -0.0209661 0.0158551 0.000912025 0.000420179 -0.000178932 0.000397449 0.000805651 0.00127041 0.000434525 0.000952553 0.000495366 0.00113472 -0.00285771 0.0126894 0.00486211 0.00380394 0.00983483 -0.00138967 -0.00641857 0.00500124 -0.0197226 -0.0368893 0.0122289 0.0228613 0.00639924 0.00082647 0.00655616
internal_weight=670.554 38.2777 31.0964 13.5503 17.5461 632.276 616.666 596.983 586.834 578.644 567.415 555.398 544.737 534.772 524.368 253.183 27.5507 271.186 260.562 120.563 139.999 102.244 55.0179 47.2259 24.1391 37.7554 26.9027 105.205 75.4662 61.3119
internal_count=3096 269 210 108 102 2827 2757 2670 2624 2571 2508 2456 2400 2358 2313 1146 123 1167 1122 514 608 446 234 212 106 162 116 449 319 259
is_linear=0
shrinkage=0.05


Tree=67
num_leaves=31
num_cat=0
split_feature=15 3 13 19 13 13 13 8 14 1 2 2 0 6 0 0 5 9 9 8 5 13 14 14 8 1 12 13 5 5
split_gain=2.68252 3.4892 3.73053 5.23343 3.76223 4.31529 3.58101 4.25331 2.7416 2.64897 2.7543 4.1177 1.76918 6.08646 4.81453 5.32792 4.51656 4.05977 3.90617 8.72537 5.35988 4.13426 4.11933 5.12789 4.70988 5.00072 4.17524 3.93568 3.66929 6.08991
threshold=1.0000000180025095e-35 0.21406900000000004 0.1781095 1.6782770000000002 0.12803100000000003 0.089373500000000008 -0.038007999999999993 45.509909000000007 0.023820000000000004 0.010537500000000002 0.033354500000000009 0.05598150000000001 8.761865000000002 0.097254000000000021 4.9371825000000005 4.6391450000000001 0.045466000000000006 0.041609500000000008 0.13093900000000003 41.186827000000008 0.029865500000000007 -0.00090649999999999986 0.026148500000000002 0.030771500000000004 53.359898500000007 0.031753500000000011 0.035120000000000005 0.19067150000000002 0.037412000000000008 0.043979500000000012
decision_type=2 2 2 2 2 2 2 2 2 2 2 2 2 2 2 2 2 2 2 2 2 2 2 2 2 2 2 2 2 2
left_child=1 2 4 -4 5 6 -1 -8 -7 -9 -11 -12 14 16 15 18 -14 -16 19 -2 21 -20 24 -24 25 -22 -26 -25 -21 -30
right_child=12 -3 3 -5 -6 8 7 9 -10 10 11 -13 13 -15 17 -17 -18 -19 20 28 22 -23 23 27 26 -27 -28 -29 29 -31
leaf_value=0.033221405552230417 0.05104947791742126 -0.018430433372920291 0.059942786215998606 0.0086810572610316623 -0.017259026472601281 0.050868526096980296 -0.032980410631838764 0.027051683194652849 0.012884850787197259 0.016266912618581729 -0.027454150876354062 0.0088955860114943944 -0.011577848110471897 0.0047312055892092713 -0.0031823483881301207 -0.035550789734796182 -0.052294454104009236 0.020760329421251722 -0.013861860981156186 -0.0059909626869270108 -0.059558338055658092 0.026011048017319169 0.023698515046974334 -0.019355277336888028 0.014632277904664282 -0.012370694092062845 -0.028409209291215123 0.018376981698508137 0.021841320084435831 -0.0010660696999198942
leaf_weight=9.3321841955184919 9.1281099095940572 12.251020744442938 8.2130401134490985 12.644299030303953 15.235411562025545 8.9817709028720873 8.459208317101 11.007763076573609 10.084443300962446 16.648788221180439 15.281112350523474 15.8948767632246 21.718227863311771 41.731088601052761 27.895744390785694 11.30767399817705 9.9227024763822538 48.464874155819416 10.152554899454119 99.934477403759956 13.530043818056585 18.075131446123123 12.942927867174147 35.798195317387581 10.774459213018419 9.5970437452197057 11.810644477605818 8.5642189383506757 44.113398909568787 84.760673217475414
leaf_count=44 42 58 36 63 68 39 43 51 45 74 67 70 95 210 125 52 51 218 46 443 69 80 61 184 48 45 54 40 193 401
internal_value=0.00104229 0.00709327 0.00946605 0.0288665 0.00581818 0.00949244 0.00419591 0.000170586 0.0307783 0.00493719 -0.000152878 -0.00892147 -0.000601445 -0.00780835 0.000556014 -0.00174343 -0.0243467 0.0120137 -0.000707947 0.00311182 -0.00763286 0.0116701 -0.012922 -0.00399215 -0.0241167 -0.0399769 -0.00787582 -0.012071 0.00119939 0.00677509
internal_weight=674.256 144.034 131.783 20.8573 110.926 95.6901 76.6239 67.2917 19.0662 58.8325 47.8248 31.176 530.222 73.372 456.85 380.49 31.6409 76.3606 369.182 237.937 131.245 28.2277 103.018 57.3053 45.7122 23.1271 22.5851 44.3624 228.809 128.874
internal_count=3115 658 600 99 501 433 349 305 84 262 211 137 2457 356 2101 1758 146 343 1706 1079 627 126 501 285 216 114 102 224 1037 594
is_linear=0
shrinkage=0.05


Tree=68
num_leaves=31
num_cat=0
split_feature=6 0 4 12 4 8 5 5 12 12 5 2 5 1 19 0 6 8 0 4 4 1 0 6 8 12 3 5 7 15
split_gain=2.33791 2.26862 2.0037 4.82688 4.48646 4.8089 7.61348 3.91719 3.33687 4.74801 4.00432 3.67124 3.27062 2.96803 5.78903 6.13623 5.60909 5.57969 4.33799 7.0502 5.16923 7.74451 5.70564 5.38867 4.84323 4.66565 4.73244 3.35959 5.4216 4.20137
threshold=0.19017750000000003 1.3417915 -0.021333499999999995 0.028377000000000003 -0.032206499999999992 45.801565000000004 0.032094500000000005 0.039722000000000007 -0.0091554999999999987 -0.12571049999999998 0.095165500000000014 0.13105200000000003 0.042746500000000014 0.041683500000000005 3.4131480000000001 4.516944500000001 0.047553000000000005 64.748346000000012 2.3938510000000006 0.30100200000000005 0.013041000000000002 0.018223500000000004 1.8441310000000002 0.043014000000000004 69.285193000000007 0.10554250000000001 0.11030350000000001 0.042406000000000006 0.90682200000000013 4.5000000000000009
decision_type=2 2 2 2 2 2 2 2 2 2 2 2 2 2 2 2 2 2 2 2 2 2 2 2 2 2 2 2 2 2
left_child=1 -1 3 4 5 6 -3 -8 9 -4 13 -12 -7 18 15 16 -15 -16 19 20 21 -10 -22 -24 -25 26 27 29 -29 -20
right_child=-2 2 8 -5 -6 12 7 -9 10 -11 11 -13 -14 14 17 -17 -18 -19 25 -21 22 -23 23 24 -26 -27 -28 28 -30 -31
leaf_value=0.019624223333287893 0.022623820867516849 0.02639465881530257 -0.0048456474107782983 -0.038615580668354535 -0.031822681731090194 0.0045658991096488395 -0.049869308240582222 -0.0096750105947602007 -0.014980210203504788 0.045200217530660572 -0.043832931683970761 0.012453506276284474 0.04254719143829061 0.039781278396578114 -0.039148908656764993 0.023998744126547893 -0.00083019401952376935 -0.001218749851831621 -0.018391681024258043 0.041389276476263906 -0.015130749890077566 0.041621127009438354 -0.0067795964519013693 0.0038438864143702373 0.052741466347056211 -0.026588096765796571 0.028297389745946918 0.022469352311418389 -0.021654863728434014 0.0080705658213880253
leaf_weight=13.624524995684622 11.051718536764382 10.775487601757048 9.2825144454836863 11.279446579515932 11.727109685540198 14.344791203737261 9.1720121353864688 17.874379053711891 9.7614489942789096 9.6831839606165868 9.7658503353595716 4.1187942549586287 9.370577543973921 9.3435209542512876 11.626673907041548 51.058800548315048 94.432329475879669 58.380365133285522 67.728473156690598 11.10046438872814 60.036102384328842 15.866379484534262 26.17857638001442 10.441944882273676 9.8326667249202711 30.164110772311687 10.001272797584532 19.580709114670757 10.802293717861174 19.266369625926018
leaf_count=66 57 48 53 56 56 64 46 87 49 48 106 29 44 39 54 222 407 253 300 46 275 70 116 47 41 147 44 88 51 86
internal_value=-0.000181953 -0.000565801 -0.00099361 -0.00816717 -0.00347947 0.00192188 -0.00914607 -0.0233058 9.23897e-05 0.0207059 -0.00063228 -0.0271359 0.0195733 6.78564e-05 0.00441344 0.00980819 0.00282628 -0.00751814 -0.0031808 0.00311724 -9.83709e-05 0.0200621 -0.00495021 0.00820712 0.027558 -0.00890614 -0.00471896 -0.00753214 0.00678154 -0.0125312
internal_weight=667.673 656.621 642.997 84.5438 73.2644 61.5372 37.8219 27.0464 558.453 18.9657 539.487 13.8846 23.7154 525.603 224.842 154.835 103.776 70.007 300.761 143.218 132.117 25.6278 106.489 46.4532 20.2746 157.543 127.379 117.378 30.383 86.9948
internal_count=3095 3038 2972 401 345 289 181 133 2571 101 2470 135 108 2335 975 668 446 307 1360 644 598 119 479 204 88 716 569 525 139 386
is_linear=0
shrinkage=0.05


Tree=69
num_leaves=31
num_cat=0
split_feature=0 0 18 19 7 0 19 7 19 18 14 6 14 14 19 0 11 1 7 7 11 7 6 1 19 19 12 0 4 4
split_gain=3.35339 4.59399 3.88386 4.94658 5.41236 4.67036 3.96643 3.83185 5.53219 5.63355 3.74143 7.33185 6.35122 4.13813 3.31486 3.67779 8.21319 3.49539 4.81568 3.30637 3.07103 2.96712 2.93003 4.11941 4.8768 5.8641 4.67045 4.82077 3.23259 6.08008
threshold=4.9371825000000005 4.7615205000000005 0.90000000000000013 3.4131480000000001 0.80866450000000012 5.6695355000000012 2.8613025000000003 0.73587800000000014 3.8225205000000004 0.90000000000000013 0.026538000000000003 0.04002300000000001 0.023820000000000004 0.055768000000000005 2.4767305000000004 2.4803130000000002 0.23413450000000002 0.027888000000000007 0.65192950000000016 0.59362300000000012 0.46103200000000005 0.66367650000000011 0.097254000000000021 0.078695500000000015 2.4767305000000004 2.1486445000000005 0.085324500000000011 2.7402345000000006 -0.006125499999999999 0.049507500000000003
decision_type=2 2 2 2 2 2 2 2 2 2 2 2 2 2 2 2 2 2 2 2 2 2 2 2 2 2 2 2 2 2
left_child=1 7 3 4 5 -2 -7 8 9 10 12 -12 14 21 15 17 -17 18 19 -1 -18 -13 23 24 25 28 27 -26 -9 -30
right_child=2 -3 -4 -5 -6 6 -8 22 -10 -11 11 13 -14 -15 -16 16 20 -19 -20 -21 -22 -23 -24 -25 26 -27 -28 -29 29 -31
leaf_value=0.018856739019810914 0.027887944166755153 -0.037720805145792402 0.029856540355197782 -0.0031460471626433418 0.028691323050214136 -0.023272033400761522 0.015781685702503764 -0.015597818810475833 -0.026916427094810649 -0.025298597829683595 -0.021486893002821368 0.022274685411692072 -0.027456662506977005 -0.004863022857142755 -0.018417877750521731 -0.0090517847468371739 0.065652182760595632 -0.023153598945538999 0.033604880383373996 -0.021177936973949346 0.025638284148417945 0.048548574557533419 -0.01863052682707779 0.026569431442826842 0.0036600598056091235 -0.034331606535168313 -0.0089051262152873619 0.048814870441324265 0.014224508331530345 -0.0083793458656473817
leaf_weight=8.8834675773978251 11.909338623285292 8.5409256964921934 16.269141264259815 96.961744286119938 34.001760318875313 18.323517832905058 10.077026825398205 47.893989913165569 12.835044607520102 12.481102284044026 9.5861102268099767 29.134074926376343 14.245772853493689 9.1373810023069364 9.9959597736597043 10.817311227321627 9.4894410818815249 9.8434451073408109 13.762486279010771 12.295113980770109 9.6933591216802579 17.024662718176842 32.173535089939833 11.546286605298517 11.896848320961 18.13790574669838 15.96915492415428 11.74740696698427 45.959007296711206 84.351532123982906
leaf_count=41 52 40 71 475 155 81 45 231 64 59 48 128 64 51 46 48 40 42 60 56 43 73 167 52 59 81 69 53 206 381
internal_value=0.000845217 -0.00138012 0.00651044 0.0042928 0.013999 0.00160591 -0.00941507 -0.000718185 0.00477687 0.00708304 0.0095488 0.0188814 0.00343409 0.0258796 0.0086247 0.0122393 0.0257868 0.00316412 0.0105782 -0.00438518 0.0454326 0.0319652 -0.00443606 -0.00259088 -0.00401782 -0.00724658 0.0119854 0.0260948 -0.00448983 -0.00040723
internal_weight=664.984 477.441 187.543 171.273 74.3116 40.3099 28.4005 468.9 189.225 176.39 163.909 64.8822 99.0264 55.2961 84.7806 74.7846 30.0001 44.7845 34.9411 21.1786 19.1828 46.1587 279.676 247.502 235.956 196.342 39.6134 23.6443 178.205 130.311
internal_count=3081 2202 879 808 333 178 126 2162 863 799 740 300 440 252 376 330 131 199 157 97 83 201 1299 1132 1080 899 181 112 818 587
is_linear=0
shrinkage=0.05


Tree=70
num_leaves=31
num_cat=0
split_feature=4 4 4 7 1 0 13 19 9 9 15 19 2 9 15 13 13 3 9 3 8 0 2 8 8 3 19 2 0 9
split_gain=2.22969 3.11399 3.02669 3.14395 2.90488 9.75023 3.55646 2.62604 2.38871 6.27471 6.03338 5.83801 5.09071 4.61204 5.11559 4.09003 9.87751 5.71683 5.06023 8.07869 3.61172 2.94945 3.10488 8.31976 8.03039 10.4229 7.64532 6.1406 5.2901 4.22141
threshold=0.56519100000000011 0.70926900000000004 0.46226850000000003 0.56416750000000004 0.034351500000000007 3.3086840000000004 0.100038 3.6740450000000004 0.0069450000000000007 0.013806500000000001 1.5000000000000002 1.8304110000000002 0.15667150000000005 0.021323000000000005 1.5000000000000002 0.24048700000000003 0.20250900000000002 0.17610800000000001 0.028864000000000004 0.061697000000000009 62.676617 15.225578500000003 0.097112000000000018 72.058826500000023 70.588581000000019 0.073997000000000007 3.4131480000000001 0.039439500000000009 2.2363820000000003 0.23732550000000002
decision_type=2 2 2 2 2 2 2 2 2 2 2 2 2 2 2 2 2 2 2 2 2 2 2 2 2 2 2 2 2 2
left_child=2 -2 3 4 5 6 -1 -7 11 10 -10 20 -13 14 -11 16 18 -17 19 -15 -5 22 24 -24 26 27 29 28 -26 -20
right_child=1 -3 -4 8 -6 7 -8 -9 9 13 -12 12 -14 15 -16 17 -18 -19 21 -21 -22 -23 23 -25 25 -27 -28 -29 -30 -31
leaf_value=0.021879681973936669 -0.037450677503181908 0.0031373033851248735 0.025750640710941814 0.044843004506366552 0.0047416576226715747 -0.070597336620113707 -0.018183838557582106 -0.028522195511550816 0.0015022953942347382 0.048574048039487401 -0.044927518528700014 -0.0097514326227917045 0.029964725918920156 0.0076199230400199342 0.004199388687961529 -0.051328542634220667 0.037891183145369448 0.0019094494291493147 -0.0035348967631576656 -0.057896863494900946 0.010796461789750604 0.02179456797436076 0.0018368745366890002 -0.044683981562884979 -0.0077672769729537367 0.044063393523805637 -0.028482382714057432 -0.024602603312699711 0.037011560383519881 0.011213150697030541
leaf_weight=10.960183136165144 9.325369559228422 9.580733120441435 11.687481530010698 14.023825649172069 18.804158538579941 7.8413423970341665 11.199849423021076 7.0359680950641632 13.209554880857469 10.483937658369543 14.877133086323736 39.294731426984072 10.153034962713717 9.2166881263256091 17.069132916629314 9.1103176847100276 17.45719226449728 11.293592430651186 181.5966809540987 9.6123258098959905 17.522017568349838 15.907797668129204 31.177378579974174 13.893499977886675 12.28446187078953 23.320806011557579 25.235806681215763 14.05469488352537 14.242756642401217 66.212130136787891
leaf_count=51 44 47 55 62 82 42 56 41 57 45 66 199 52 40 74 44 79 53 837 43 76 77 147 61 55 100 135 63 62 307
internal_value=4.70364e-05 -0.0168826 0.000532895 7.74226e-05 -0.0112631 -0.0193888 0.00163127 -0.0506986 0.00114849 -0.000117691 -0.0230909 0.0091254 -0.00159657 0.00122052 0.0210839 1.66475e-05 0.0010447 -0.0218612 -0.000498736 -0.0258268 0.025932 0.000699734 -0.000178686 -0.0125036 0.00146992 0.0174256 -0.0022643 0.00211788 0.016275 0.00040564
internal_weight=677.685 18.9061 658.778 647.091 55.8415 37.0373 22.16 14.8773 591.249 510.256 28.0867 80.9936 49.4478 482.169 27.5531 454.616 434.212 20.4039 416.755 18.829 31.5458 397.926 382.018 45.0709 336.947 63.9027 273.045 40.5819 26.5272 247.809
internal_count=3152 91 3061 3006 272 190 107 83 2734 2345 123 389 251 2222 119 2103 2006 97 1927 83 138 1844 1767 208 1559 280 1279 180 117 1144
is_linear=0
shrinkage=0.05


Tree=71
num_leaves=31
num_cat=0
split_feature=11 14 4 4 19 15 7 15 11 6 1 6 0 4 8 8 7 8 7 12 5 4 0 14 4 5 0 18 7 5
split_gain=2.63002 4.67111 7.87145 3.74668 5.34474 2.66282 2.3928 2.25863 4.41003 4.18429 4.81945 4.09373 4.07735 5.90742 3.33777 3.08714 8.1416 6.52773 4.01868 3.65052 5.01217 3.12901 2.68066 2.6366 5.21185 3.21428 6.03284 3.8675 3.1007 3.07168
threshold=0.92182350000000002 0.028069500000000001 0.20271600000000004 0.41650450000000006 4.3855150000000007 2.5000000000000004 0.56994600000000006 4.5000000000000009 0.48699300000000006 0.073682500000000012 0.023425000000000005 0.075846500000000025 3.7050930000000002 0.035239000000000006 68.733974000000018 76.066974500000015 0.64313400000000009 80.493336000000014 0.85758400000000012 0.12275200000000001 0.057225000000000005 0.12023800000000001 2.0781580000000006 0.012977500000000001 -0.0050844999999999996 0.030229500000000003 3.6631940000000003 0.50000000000000011 0.72238250000000015 0.026816500000000004
decision_type=2 2 2 2 2 2 2 2 2 2 2 2 2 2 2 2 2 2 2 2 2 2 2 2 2 2 2 2 2 2
left_child=7 2 5 6 -5 -2 -3 15 11 10 -10 12 13 22 -11 19 -17 21 -19 23 -21 -18 -9 24 -1 26 27 -25 -28 -29
right_child=1 3 -4 4 -6 -7 -8 8 9 14 -12 -13 -14 -15 -16 16 17 18 -20 20 -22 -23 -24 25 -26 -27 28 29 -30 -31
leaf_value=0.015557259611045295 0.0050657082657458163 -0.042459168866260451 0.03961350165038538 0.025578541169614791 -0.021423806568702717 -0.023653638399992107 -0.014659293810379191 0.053925632489620026 0.013440710742078641 -0.010179684777439808 -0.024553850356950721 -0.010615557329354229 0.053384529457051334 -0.0096275787310985805 0.034093702246250315 -0.038520629029045343 0.0063022984725301483 0.040681022069896378 8.7765806221141494e-05 0.043996873661506196 -0.00010308038715797545 -0.029812017934123219 0.015734717977171197 0.040384699761703585 -0.035208039613762961 -0.0012712135869387266 0.011566729502920045 -0.0065266526222846196 -0.026475861004092112 0.02641226523137255
leaf_weight=7.9943447932601002 21.180000513792038 8.7854460664093477 13.167717725038527 13.554947204887869 10.921324364840983 13.040425918996332 65.067148540169001 9.1399821788072639 12.730905711650847 6.7431416325271156 24.233972139656544 9.6809362769126874 9.952041879296301 12.690262094140051 11.546730089932678 18.22895835340023 9.3222538679838198 11.408811986446382 13.095188759267328 11.706573769450189 14.329802230000494 16.818235322833061 9.2395595759153348 17.004393741488457 13.75506456941366 236.39389531314373 9.2764745429158229 13.922855719923975 12.674513548612593 14.396158069372175
leaf_count=38 94 47 57 62 54 58 314 40 59 39 108 51 43 55 52 88 41 50 62 51 71 75 40 72 75 1114 40 64 54 62
internal_value=-0.00018832 -0.00613287 0.0067624 -0.0123476 0.00460607 -0.00587841 -0.0179663 0.0014576 0.00798154 -0.00178984 -0.0114683 0.0186302 0.025532 0.0166105 0.0177709 -0.000186976 -0.0098667 0.000446989 0.0189876 0.00170993 0.0197253 -0.0169329 0.0347267 0.000268537 -0.0165484 0.00147301 0.0111159 0.021536 -0.0103991 0.0102181
internal_weight=672.002 145.717 47.3881 98.3289 24.4763 34.2204 73.8526 526.285 105.958 55.2547 36.9649 50.7028 41.0218 31.0698 18.2899 420.328 68.8734 50.6445 24.504 351.454 26.0364 26.1405 18.3795 325.418 21.7494 303.668 67.2744 45.3234 21.951 28.319
internal_count=3130 686 209 477 116 152 361 2444 487 258 167 229 178 135 91 1957 316 228 112 1641 122 116 80 1519 113 1406 292 198 94 126
is_linear=0
shrinkage=0.05


Tree=72
num_leaves=31
num_cat=0
split_feature=13 5 6 3 2 11 19 6 19 5 12 12 7 2 11 6 6 7 1 6 11 14 14 11 12 6 1 14 19 11
split_gain=2.01101 5.50435 4.15176 3.28573 4.23293 2.58238 2.63311 5.51107 5.23973 4.15194 3.08413 4.96514 6.57984 3.57263 2.54549 2.44102 2.19101 5.68833 4.33003 4.31063 3.81306 2.97695 5.73598 4.26087 3.87995 8.56798 3.49941 4.88834 4.63361 3.87453
threshold=0.1781095 0.033912500000000005 0.12739750000000002 0.12175300000000001 0.070646500000000015 0.33541650000000006 1.6993880000000001 0.092483000000000024 2.0223605000000004 0.044129500000000009 0.28642000000000006 0.19789600000000004 0.80637900000000007 0.059121000000000007 0.84965750000000007 0.065840000000000024 0.030934500000000004 0.80637900000000007 0.011386000000000002 0.031914000000000005 0.17091350000000002 0.023820000000000004 0.023259500000000006 0.98742100000000022 -0.0091554999999999987 0.035558000000000013 0.057571000000000004 0.038229000000000006 1.7726575000000002 0.49341950000000007
decision_type=2 2 2 2 2 2 2 2 2 2 2 2 2 2 2 2 2 2 2 2 2 2 2 2 2 2 2 2 2 2
left_child=2 -2 16 4 -4 -3 7 15 -8 -10 11 13 -13 -11 -15 -7 17 18 -1 -18 -19 22 23 -21 -23 -26 29 28 -28 -27
right_child=1 5 3 -5 -6 6 8 -9 9 10 -12 12 -14 14 -16 -17 19 20 -20 21 -22 24 -24 -25 25 26 27 -29 -30 -31
leaf_value=-0.0022920717609258927 0.045008904777525033 -0.02507408969537088 -0.029465738321035696 -0.040188624643692772 0.023613103594966812 0.016121453502112096 -0.028761538928927251 0.038656717007846925 0.026714393816321388 -0.023178682181395592 0.020303274212416553 -0.057532506605441049 0.0013755791315687585 0.034861217953064697 -0.00056076177136848038 -0.016165074097288387 0.031072688800123649 -0.020597674292190088 -0.041489067193137844 0.00052935845703420395 0.021167670924154822 0.013231752707429456 0.038964217285169106 0.029802045186822765 -0.053567891448510985 0.0030360188568224126 -0.010066745756745014 -0.01753786112451276 0.029261524500377889 -0.01492296791328329
leaf_weight=12.245061427354814 8.2863486856222135 7.7064023092389098 8.1273687481880206 11.747929409146307 6.9836229905486098 11.919179368764164 13.445811364799736 15.553088903427122 17.202226780354977 7.4995004795491722 13.08334808796644 9.1042073890566844 9.8894343972206098 10.1777450889349 10.109840989112852 11.505012832581995 11.580535203218458 8.0578772500157374 16.5935133472085 195.95302384346724 16.98249963670969 28.445543669164181 11.296662285923956 13.273240208625792 9.2262276820838434 46.92054371535778 10.813244536519049 14.252952575683592 24.365199223160744 83.442275881767273
leaf_count=62 38 35 74 61 31 58 63 71 79 36 61 48 46 47 47 50 52 41 79 862 80 145 49 57 46 212 47 71 104 391
internal_value=0.00022766 0.00543518 -0.00120095 -0.0203548 -0.00493508 0.003045 0.00471848 0.0155836 3.96224e-05 0.00506458 -0.0011566 -0.00715836 -0.0268608 0.00630908 0.0172095 0.000263621 -0.000179093 -0.00970712 -0.0248457 0.0009628 0.00772778 0.000166687 0.00426017 0.00238641 -0.00398434 -0.00657517 -0.00416372 0.00716432 0.0171727 -0.00845912
internal_weight=675.789 145.482 530.307 26.8589 15.111 137.196 129.489 38.9773 90.5121 77.0663 59.8641 46.7807 18.9936 27.7871 20.2876 23.4242 503.448 53.879 28.8386 449.569 25.0404 437.989 220.523 209.226 217.466 189.02 179.794 49.4314 35.1784 130.363
internal_count=3143 679 2464 166 105 641 606 179 427 364 285 224 94 130 94 108 2298 262 141 2036 121 1984 968 919 1016 871 825 222 151 603
is_linear=0
shrinkage=0.05


Tree=73
num_leaves=31
num_cat=0
split_feature=19 7 7 5 4 1 4 14 7 4 19 1 6 14 6 15 1 13 13 8 9 9 6 7 5 7 7 9 12 12
split_gain=3.39672 3.19754 8.00275 4.02579 5.7878 6.42494 4.43738 4.8183 3.54297 4.49999 4.41499 4.2589 4.38685 4.09006 5.75651 4.00921 3.43468 3.37221 3.72611 6.64035 3.61101 5.87713 5.47024 4.71831 4.21975 4.17649 5.06472 4.92348 4.61719 9.31576
threshold=0.92865200000000014 0.96632750000000012 0.91853550000000006 0.049017500000000006 -0.025238499999999994 0.0058535000000000002 0.19929550000000004 0.031335000000000009 0.88175350000000019 -0.0029099999999999998 8.1737670000000016 0.099302000000000015 0.15728400000000003 0.020642500000000005 0.070070000000000007 1.5000000000000002 0.098611000000000018 0.28843200000000008 0.23047450000000003 85.595124500000011 0.36933750000000004 0.15438000000000004 0.030934500000000004 0.73316250000000005 0.033733500000000007 0.72238250000000015 0.63977350000000011 0.040363500000000004 0.055208500000000008 0.076021500000000006
decision_type=2 2 2 2 2 2 2 2 2 2 2 2 2 2 2 2 2 2 2 2 2 2 2 2 2 2 2 2 2 2
left_child=-1 2 8 6 -5 -6 7 -3 10 -10 11 17 -13 -11 -15 -12 -7 18 19 20 21 22 -2 -22 -23 26 27 -24 -28 -30
right_child=1 3 -4 4 5 16 -8 -9 9 13 15 12 -14 14 -16 -17 -18 -19 -20 -21 23 24 25 -25 -26 -27 28 -29 29 -31
leaf_value=-0.013690934484534631 -0.017981810277940043 0.015471970835534012 -0.0194192165261107 0.041430692832654076 -0.055400249682668927 -0.012414452531072828 0.040115416214801095 -0.022762629397872991 -0.017467425034883129 -0.0029249238850764434 -0.048045025868100021 -0.049049303278700183 9.6517990896686601e-05 0.058437606922744273 0.0062037609789500538 -0.002827206628003542 0.016518405585976271 0.02486754614153017 -0.019966219077091538 0.038715851324355163 0.002227644029418521 0.0016271284146473688 -0.014200369911173599 0.049659076863056387 -0.021873232215816715 -0.0021283308352275615 0.041813560726176008 0.014033288014897248 -0.030321370919842272 0.034011415694076917
leaf_weight=38.797752715647221 24.23748667538166 56.382542431354523 49.393371023237705 6.7483070641756049 6.2302665747702113 26.170744311064482 14.872108682990072 9.6501747965812665 7.9045209735631934 9.3132057338953036 8.6861544251441973 8.2112801223993319 10.157640762627123 12.66640665382147 9.0386306196451169 11.252448037266729 16.869530603289604 16.53103906661272 18.682648625224829 12.510395601391791 13.130488388240339 33.753833904862404 23.315381113439798 8.7286337018012983 44.005484152585268 72.985773276537657 22.969669014215469 45.720265932381153 8.8589498251676577 15.425543040037153
leaf_count=192 119 249 225 34 59 129 70 44 39 41 47 40 47 55 41 56 81 77 88 57 66 150 109 41 211 325 97 206 38 66
internal_value=0.000664172 0.00155614 -0.00034016 0.00830738 -0.00199592 -0.00794381 0.0154414 0.00988428 0.00181097 0.0162105 0.00040686 0.00161261 -0.0218727 0.0247928 0.0366859 -0.0225261 -0.00107429 0.0028081 0.00174903 0.00299487 0.00156773 9.68139e-05 0.00438296 0.0211676 -0.0116722 0.00724686 0.0131309 0.00449795 0.0257432 0.0105429
internal_weight=663.201 624.403 487.479 136.924 56.0188 49.2705 80.9048 66.0327 438.086 38.9228 399.163 379.225 18.3689 31.0182 21.705 19.9386 43.0403 360.856 344.325 325.642 313.132 291.272 213.513 21.8591 77.7593 189.276 116.29 69.0356 47.2542 24.2845
internal_count=3099 2907 2241 666 303 269 363 293 2016 176 1840 1737 87 137 96 103 210 1650 1573 1485 1428 1321 960 107 361 841 516 315 201 104
is_linear=0
shrinkage=0.05


Tree=74
num_leaves=31
num_cat=0
split_feature=0 14 11 3 5 19 18 14 6 9 19 2 14 6 19 14 12 12 0 2 14 2 19 6 10 14 19 1 2 3
split_gain=4.93174 3.63216 5.69066 5.82054 4.24312 3.35298 4.51691 3.7173 5.04515 4.84834 3.41987 5.33727 8.89463 4.68391 3.68227 4.20103 3.83344 4.96706 3.4376 3.26972 3.26733 3.26224 3.08745 3.09396 4.02074 3.06926 2.99114 3.76756 4.90294 3.81658
threshold=29.833681000000002 0.012977500000000001 0.14330350000000003 0.029669000000000004 0.022458000000000002 3.4131480000000001 0.90000000000000013 0.021176000000000004 0.092483000000000024 0.037669000000000008 2.6223285000000005 0.10053100000000001 0.029939500000000004 0.06033100000000001 2.0743570000000005 0.22613150000000001 0.032299500000000002 0.067350000000000007 3.5262665000000006 0.13587800000000003 0.04034200000000001 0.16392300000000001 2.7614480000000001 0.092483000000000024 1.0000000180025095e-35 0.051168500000000006 1.7726575000000002 0.064941500000000027 0.068234500000000017 0.060923000000000012
decision_type=2 2 2 2 2 2 2 2 2 2 2 2 2 2 2 2 2 2 2 2 2 2 2 2 2 2 2 2 2 2
left_child=1 2 -1 -4 -3 10 7 -7 -9 20 11 14 -13 -14 15 26 -16 -18 -12 -15 -10 -21 -20 24 -24 -11 27 28 29 -6
right_child=-2 4 3 -5 5 6 -8 8 9 25 18 12 13 19 16 -17 17 -19 22 21 -22 -23 23 -25 -26 -27 -28 -29 -30 -31
leaf_value=-0.045650205363732863 0.027480243169029507 0.023799534948142326 0.02506022657304471 -0.029965539561133032 0.0047381865928183163 -0.032992315941462159 0.01810639289530884 0.0025526625213167062 0.024650165171791971 -0.04992142058648566 -0.0047797582770209793 -0.04901178983123488 -0.04011768776203025 0.018764422131034231 0.012473410097007661 -0.030257354884010032 -0.037221329874731611 -0.001495811874685594 0.045431822586600869 -0.033791925684134881 -0.017843576120290194 0.0058765732302648033 0.025714304889485042 0.033334436809713083 -0.016872004787954968 -0.013888122507775328 0.015633003479194409 -0.019923718502259016 0.024968856020205363 -0.014466445077834404
leaf_weight=11.490984734147789 15.529257755726574 17.8879354596138 10.073501754552128 9.1904054656624776 155.65377583727241 16.962795920670033 14.639523684978483 54.141838774085045 7.3675336204469231 14.351411096751692 21.296319980174303 14.158152960240839 7.4714423641562453 18.02019514888525 13.570659317076204 8.7057260237634164 18.444491237401962 20.59080858528614 9.2132923267781717 8.6766910627484339 11.71882853657007 12.870915122330187 9.9136514216661453 12.014866970479487 12.57028716057539 10.046827748417853 53.660770811140537 17.289528843015432 25.3797647356987 31.027247160673141
leaf_count=63 78 79 46 44 710 81 65 255 33 70 99 62 36 79 64 59 86 90 42 42 70 62 44 56 56 60 238 79 110 140
internal_value=-0.000365287 -0.00103219 -0.0178026 -0.00119141 -0.000197129 -0.000912836 -0.00804648 -0.0113877 -0.00763383 -0.0203168 0.00104639 -0.000660324 -0.0142666 -0.00380881 0.00175796 0.0039537 -0.0104181 -0.0183764 0.0116928 0.00304726 -0.00144055 -0.010097 0.0197182 0.012851 0.00190521 -0.0350835 0.00500607 0.0025197 0.00434954 0.00154629
internal_weight=663.929 648.4 30.7549 19.2639 617.645 599.757 129.229 114.589 97.6264 43.4846 470.529 405.52 61.1974 47.0392 344.323 291.717 52.606 39.0353 65.0084 39.5678 19.0864 21.5476 43.7121 34.4988 22.4839 24.3982 283.011 229.35 212.061 186.681
internal_count=3098 3020 153 90 2867 2788 634 569 488 233 2154 1857 281 219 1576 1336 240 176 297 183 103 104 198 156 100 130 1277 1039 960 850
is_linear=0
shrinkage=0.05


Tree=75
num_leaves=31
num_cat=0
split_feature=0 11 19 19 2 7 19 7 11 7 11 19 1 4 5 5 12 8 2 4 11 7 5 12 8 1 1 7 6 6
split_gain=3.16883 3.48295 3.80708 6.22369 4.36933 3.51656 3.11968 6.9517 3.70005 3.09402 3.66955 3.45706 4.34466 5.34271 6.17242 7.63253 4.09821 4.63005 3.99577 7.42228 3.4314 4.01839 2.89356 2.77094 4.27865 2.54728 3.08569 2.63803 6.04839 5.57944
threshold=29.833681000000002 0.11180550000000002 1.8510290000000003 2.4767305000000004 0.055183500000000003 0.84680600000000006 0.9743440000000001 0.76485300000000012 0.45183400000000001 0.96632750000000012 0.20734100000000003 1.2041730000000002 0.079697500000000018 0.099445500000000006 0.037412000000000008 0.048100000000000011 0.11063650000000001 79.352091500000014 0.05004150000000001 0.03186350000000001 0.27475500000000003 0.94405300000000014 0.04028650000000001 0.015067500000000003 59.445537500000007 0.099302000000000015 0.11696300000000001 0.60002200000000017 0.14144500000000002 0.045045000000000009
decision_type=2 2 2 2 2 2 2 2 2 2 2 2 2 2 2 2 2 2 2 2 2 2 2 2 2 2 2 2 2 2
left_child=1 2 4 -4 5 -1 7 22 -9 10 23 -11 13 18 -15 -16 -14 -18 19 -13 -12 25 -3 -8 -25 27 -27 28 29 -22
right_child=-2 6 3 -5 -6 -7 9 8 -10 11 20 12 16 14 15 -17 17 -19 -20 -21 21 -23 -24 24 -26 26 -28 -29 -30 -31
leaf_value=0.0026337186958387184 0.021867902358934144 0.026541943966833542 -0.051264720603784314 -0.0048927208566095989 0.026984064481788791 -0.030624555792868293 -0.0080628547804552555 -0.059040302888799592 -0.016578437932706743 0.031936709209449639 -0.021231146925978824 0.00065699943115639424 0.051496855701295065 -0.046768883238127279 0.03846765186612125 -0.029372855775188889 -0.0080615375531284447 0.039442815754592908 -0.0088935395621911051 0.05414182549769541 0.0080166771980487838 -0.024092641453674832 -0.011764047884999658 0.051278140261616562 0.0081833856335709523 -0.04011608808394071 -0.0016478403811075453 0.0044204464390684896 0.028720250099484423 -0.021872719141170407
leaf_weight=20.664404235780239 16.245428305119276 11.020243048667909 12.581248268485071 17.029500514268875 10.361170291900633 12.915703061968086 8.9615768417716009 7.7624096348881748 15.130543686449526 14.45649256557226 20.890618026256561 16.304767452180389 8.3762125894427317 11.162228494882585 7.5535669475793865 9.1904962025582773 13.267454348504545 8.3621995449066144 17.179469972848892 10.772078290581701 23.917964994907379 17.063226133584976 8.9205175861716253 9.2432700991630572 15.282519698143004 8.1334207355976122 14.518279496580361 247.93058530986309 10.818177148699759 44.967718794941902
leaf_count=94 80 49 58 90 45 63 43 40 79 67 93 87 41 47 32 51 64 41 76 50 116 78 45 39 68 41 70 1128 49 219
internal_value=5.40635e-05 -0.000487184 -0.0107383 -0.0245956 -0.00140021 -0.0101582 0.000810143 -0.0121768 -0.0309762 0.00184344 -0.000149882 0.00905151 0.00581333 -0.000835366 -0.0179683 0.00123129 0.0218031 0.010304 0.00996798 0.0219351 -0.00151966 -0.0003987 0.00940572 0.0157308 0.0244249 0.000755486 -0.0154604 0.00187661 -0.00603638 -0.0114947
internal_weight=670.983 654.738 73.552 29.6107 43.9413 33.5801 581.186 42.8337 22.893 538.352 421.727 116.625 102.168 72.1626 27.9063 16.7441 30.0059 21.6297 44.2563 27.0768 388.24 367.349 19.9408 33.4874 24.5258 350.286 22.6517 327.634 79.7039 68.8857
internal_count=3143 3063 350 148 202 157 2713 213 119 2500 1944 556 489 343 130 83 146 105 213 137 1794 1701 94 150 107 1623 111 1512 384 335
is_linear=0
shrinkage=0.05


Tree=76
num_leaves=31
num_cat=0
split_feature=19 15 15 7 4 4 1 9 13 13 7 13 14 14 15 1 5 14 1 13 8 8 13 9 4 1 9 14 11 2
split_gain=3.99678 5.4495 7.63347 6.24827 3.55656 5.14881 2.1731 2.07215 5.37557 3.38223 4.72873 4.15216 2.1654 6.19049 5.91751 4.6827 5.52999 4.8203 5.29413 4.25957 3.93023 4.20133 3.2273 2.98872 5.95502 2.83871 2.62968 4.75209 5.23614 4.67848
threshold=0.9500455000000001 4.5000000000000009 1.5000000000000002 0.80040300000000009 -0.092567999999999998 -0.07359149999999999 0.032562000000000001 0.66769250000000013 -0.050568499999999995 -0.0089169999999999978 0.69459050000000011 -0.026416999999999996 0.020507000000000001 0.017568500000000004 1.5000000000000002 0.009305500000000003 0.028668000000000003 0.015592000000000002 0.024633500000000003 0.073556500000000011 46.180371500000007 51.447689000000004 0.018164000000000003 0.079337500000000019 0.0098230000000000019 0.030850500000000003 0.026612500000000004 0.029628000000000005 0.96562500000000007 0.10125550000000001
decision_type=2 2 2 2 2 2 2 2 2 2 2 2 2 2 2 2 2 2 2 2 2 2 2 2 2 2 2 2 2 2
left_child=1 2 3 -1 -2 -6 -4 8 -7 10 -10 -12 13 15 19 16 -11 23 -19 -15 -14 25 -23 -17 -25 -22 27 29 -29 -24
right_child=4 -3 6 -5 5 7 -8 -9 9 12 11 -13 20 14 -16 17 -18 18 -20 -21 21 22 26 24 -26 -27 -28 28 -30 -31
leaf_value=-0.0035450913880003669 -0.026535055431039747 -0.050475432280455368 -0.0036930048313290492 -0.063091658980041584 0.038998962769996232 0.036109452357606424 0.03039914840616751 -0.019168151486716498 -0.043770572162705058 0.06125247690213801 0.023829071637906367 -0.022002109657714927 0.028431137617388309 -0.014970437453479302 -0.032503088782969584 -0.02467273725601947 0.0047087533325752863 0.042956774968164926 -0.001577154755804445 0.026254363966445593 -0.0038977650097412418 0.027281788010770421 -0.025090191642126933 -0.03296033127872227 0.017754477594970199 -0.042099076013064583 0.0054360383688353067 0.015403639195510039 -0.010470429730740277 0.011567502535209271
leaf_weight=9.820757173001768 12.278284169733523 8.840547174215315 8.375541567802431 7.9892238974571219 8.6264194250106794 10.434184506535528 10.577150389552115 13.645037934184073 10.352893628180029 6.9912414103746441 8.7049219384789485 11.431885518133639 14.380214117467402 17.720629587769512 30.106000401079655 22.783184595406055 11.334525153040884 10.349956631660463 18.787049889564514 9.6936017125844938 11.088843107223513 13.219890885055063 35.775052573531866 8.8458578288555163 16.746489942073822 8.6615131236612779 217.87342825159431 43.841256011277437 35.295138891786337 11.502394199371336
leaf_count=48 63 43 44 42 39 47 50 77 50 32 41 59 69 79 137 102 64 45 79 43 64 60 159 40 75 47 1004 205 165 50
internal_value=-0.000942525 -0.0152291 -0.00675314 -0.0302566 0.000107504 0.000645369 0.0153332 9.35458e-05 0.000542116 -0.000102758 -0.0163087 -0.00218979 0.00080388 -0.00423264 -0.0171996 0.00354986 0.0262801 -0.00182409 0.014242 -0.000393454 0.0027761 0.00179818 0.00303838 -0.0115009 0.000225176 -0.0206509 0.00210748 -0.00362927 0.0038637 -0.0161715
internal_weight=666.073 45.6032 36.7627 17.81 620.47 608.192 18.9527 599.565 585.92 575.486 30.4897 20.1368 544.996 153.359 57.5202 95.8383 18.3258 77.5125 29.137 27.4142 391.638 377.258 357.507 48.3755 25.5923 19.7504 344.287 126.414 79.1364 47.2774
internal_count=3122 227 184 90 2895 2832 94 2793 2716 2669 150 100 2519 696 259 437 96 341 124 122 1823 1754 1643 217 115 111 1583 579 370 209
is_linear=0
shrinkage=0.05


Tree=77
num_leaves=31
num_cat=0
split_feature=14 11 3 7 4 9 4 12 3 14 12 4 0 14 12 13 0 9 9 9 10 4 9 12 3 3 0 8 12 15
split_gain=2.69804 2.11636 3.94584 2.733 2.37815 6.0658 5.40515 3.26415 3.38495 3.23116 6.39649 5.34795 3.75842 3.37385 3.63263 3.8785 6.08099 3.65205 3.22982 4.78865 5.87933 5.35103 4.40911 4.40622 7.94087 5.29198 3.29526 3.02556 3.00601 2.99503
threshold=0.29773600000000006 0.012660500000000003 0.0088110000000000011 0.79959850000000021 0.076926000000000008 0.32531650000000006 0.083378500000000008 0.12150950000000002 0.12510300000000005 0.032938500000000002 0.076710500000000015 0.060760000000000008 2.8921175000000008 0.029939500000000004 0.054016000000000002 -0.035452499999999991 1.3896210000000002 0.24098150000000004 0.039521000000000008 0.15438000000000004 1.0000000180025095e-35 0.15354600000000004 0.10156250000000001 0.055208500000000008 0.062785500000000008 0.031866500000000006 2.7009455000000004 72.248931500000012 0.047187000000000007 2.5000000000000004
decision_type=2 2 2 2 2 2 2 2 2 2 2 2 2 2 2 2 2 2 2 2 2 2 2 2 2 2 2 2 2 2
left_child=1 2 -1 -4 9 6 -6 8 18 10 11 13 -11 14 15 17 -17 -3 23 21 -21 22 29 -8 25 -25 -26 -18 -13 -20
right_child=-2 4 3 -5 5 -7 7 -9 -10 12 -12 28 -14 -15 -16 16 27 -19 19 20 -22 -23 -24 24 26 -27 -28 -29 -30 -31
leaf_value=0.041730109180509289 -0.022485493307515952 -0.045411929407532858 0.022779745876008964 -0.011661170014534103 0.031535007204286647 0.033325419615103727 -0.04250725871461937 0.0053118661528619004 -0.026495205399176786 -0.029828572245951271 0.038725776163371708 -0.0065744949351020489 0.00045475584301548505 0.021523144163520285 -0.024796732182710623 -0.046060150562133799 0.0021619713647291401 -0.0046486383368874434 0.024405261270696536 -0.041960574193677914 0.011534864933807173 -0.0072529729399987966 0.045344561230982301 -0.019829459304216063 -0.042235372977491706 0.030715016639290854 -0.0088130006864782281 0.028138893452795462 -0.041847686838843046 -0.010499062024617777
leaf_weight=8.5340260155498964 13.499674312770365 8.5943271666765231 9.6127504259347933 14.37205435335636 13.750213507562874 15.101912446320055 9.6011687777936441 133.07031310349703 16.770146697759628 23.640921991318464 9.4267827272415143 11.251190319657328 18.082153514027596 15.732601985335348 16.776144489645958 6.264930047094821 144.6636237539351 15.234574131667612 14.69673351198435 11.172343354672194 9.5063149109482765 26.008049871772528 13.338299877941607 7.4354297854006317 12.767659999430181 17.061410427093506 17.460416853427887 12.150566540658472 13.040844552218912 10.563163124024866
leaf_count=39 89 44 41 66 61 68 48 614 80 130 42 51 92 71 77 36 675 67 65 56 41 116 59 39 58 76 76 54 60 48
internal_value=-0.000359295 9.62561e-05 0.0125314 0.00214223 -0.000552655 0.00237458 0.0008822 -0.000525316 -0.00519385 -0.00381192 -0.00168694 -0.00325013 -0.0167042 -0.000785651 -0.00250879 -0.000508306 0.00224491 -0.0193507 -0.00280614 0.00357407 -0.0173679 0.010277 0.022089 -0.0112652 -0.00578392 0.0153735 -0.0229299 0.00417476 -0.0255104 0.009809
internal_weight=669.181 655.681 32.5188 23.9848 623.162 328.304 313.202 299.451 166.381 294.859 253.136 243.709 41.7231 219.417 203.684 186.908 163.079 23.8289 149.611 85.2849 20.6787 64.6062 38.5982 64.3261 54.7249 24.4968 30.2281 156.814 24.292 25.2599
internal_count=3139 3050 146 107 2904 1505 1437 1376 762 1399 1177 1135 222 1024 953 876 765 111 682 385 97 288 172 297 249 115 134 729 111 113
is_linear=0
shrinkage=0.05


Tree=78
num_leaves=31
num_cat=0
split_feature=11 6 1 6 5 9 5 5 0 1 18 3 14 5 0 0 11 5 0 0 5 5 3 1 5 6 6 13 6 14
split_gain=4.37341 3.71345 3.02674 2.9773 5.17176 2.63597 5.46404 5.59241 6.18142 3.41342 4.89821 2.93199 4.61509 6.4068 4.3514 6.33562 5.71767 5.58297 4.0313 3.94544 4.04598 6.78486 5.99343 5.5701 3.90723 3.59959 4.55461 3.99188 4.5991 3.58032
threshold=0.012660500000000003 0.027958500000000004 0.15995300000000004 0.044064000000000006 0.044129500000000009 0.20949200000000004 0.056104500000000009 0.03541650000000001 1.5688900000000003 0.031256500000000007 0.50000000000000011 0.029218500000000005 0.036991000000000003 0.043387000000000009 5.1730775000000007 4.7058245000000012 0.23413450000000002 0.029386000000000006 5.7162990000000002 5.0378300000000005 0.029227000000000003 0.038779500000000001 0.0028150000000000002 0.026215500000000003 0.04517100000000001 0.13132200000000002 0.1043555 0.14451100000000003 0.087271000000000015 0.017313000000000005
decision_type=2 2 2 2 2 2 2 2 2 2 2 2 2 2 2 2 2 2 2 2 2 2 2 2 2 2 2 2 2 2
left_child=3 -2 5 -1 -5 11 7 -7 -9 10 -8 19 14 -14 15 16 17 -13 25 20 -3 -22 24 -24 -23 26 27 -15 -29 -18
right_child=1 2 -4 4 -6 6 9 8 -10 -11 -12 12 13 18 -16 -17 29 -19 -20 -21 21 22 23 -25 -26 -27 -28 28 -30 -31
leaf_value=0.036778303444737065 -0.021533224878762951 0.014322881988219478 0.017883043772208531 -0.025047967112192461 0.027571435135644168 -0.0010328488783277925 -0.0038143620293892007 0.011645002016281193 -0.034980484839655018 -0.0063354176296834255 0.047882876736254409 0.0021251723174694655 -0.05052810515361969 0.034535202902018128 0.015915669447224858 -0.03662752361888074 0.01957917110202026 0.051076449838975795 -0.021317421879260209 -0.030910881469767199 -0.031383082553341629 0.048019607940280977 -0.05095587039841213 0.0024044669470101249 0.0051693868102153937 0.031942677969735794 -0.031693879927011198 -0.01721162525005283 0.024101506973901132 -0.0028331562105212375
leaf_weight=11.897901281714441 23.655314415693283 23.704402506351471 19.808363854885101 8.2058322280645388 10.836210984736679 37.692938268184662 8.9273512363433856 8.6454220563173276 39.988281391561031 22.524703480303288 9.4129849374294263 11.597190111875536 7.97977540642023 9.2177925184369069 71.247910033911467 10.346318542957304 20.547712653875351 11.70228788256645 23.029789168387651 15.309405781328676 23.638574026525021 7.4440676718950298 8.1066086068749446 12.328031346201895 18.643321815878153 9.2785156369209272 10.237100556492804 19.712564263492826 10.23383643478155 134.19218410551548
leaf_count=52 126 104 100 36 51 166 47 43 192 122 47 51 37 45 314 46 89 50 119 91 112 33 43 57 94 49 48 100 47 595
internal_value=-0.00119623 -0.00209875 -0.0013395 0.0171563 0.00489603 -0.00198962 -0.00835825 -0.0154884 -0.0266921 0.00670415 0.0227187 -0.000222895 0.00201237 -0.00776578 0.00539019 0.00140943 0.00361986 0.0267112 -0.0035896 -0.00737503 -0.00353632 -0.00957022 0.00151324 -0.0187641 0.0173967 0.00336796 -0.00199893 0.00576302 -0.00309334 0.000142948
internal_weight=660.093 629.153 605.497 30.9399 19.042 585.689 127.192 86.3266 48.6337 40.865 18.3403 458.497 349.323 89.6894 259.634 188.386 178.039 23.2995 81.7096 109.174 93.865 70.1606 46.522 20.4346 26.0874 58.6798 49.4013 39.1642 29.9464 154.74
internal_count=3106 2967 2841 139 87 2741 617 401 235 216 94 2124 1590 445 1145 831 785 101 408 534 443 339 227 100 127 289 240 192 147 684
is_linear=0
shrinkage=0.05


Tree=79
num_leaves=31
num_cat=0
split_feature=12 0 7 9 19 19 13 13 0 7 19 19 9 7 4 7 12 13 14 4 8 13 13 7 2 7 14 8 1 1
split_gain=6.55228 3.13814 2.26256 2.06376 1.87721 2.2437 1.71587 3.38585 2.76989 4.05321 3.4366 3.05157 2.05532 1.83034 4.32129 3.78483 3.89382 6.05869 5.84359 4.84231 5.70146 4.20042 4.20538 3.6309 4.25311 4.13709 3.59137 5.10869 3.58344 4.74202
threshold=0.35813700000000009 29.833681000000002 0.44850050000000002 0.051261000000000008 10.622859000000002 7.692822500000001 -0.017741499999999997 -0.010657499999999999 4.9988255000000015 0.8519190000000002 1.7376100000000003 1.3744200000000004 0.22367150000000005 0.72238250000000015 -0.041100499999999991 0.69006550000000011 0.090484500000000009 0.12321300000000002 0.031442500000000005 0.029040000000000003 56.766611000000005 0.063974000000000017 0.045079000000000008 0.73345550000000015 0.022284000000000002 0.80347600000000019 0.019470000000000005 66.29699650000002 0.010104000000000002 0.014736000000000001
decision_type=2 2 2 2 2 2 2 2 2 2 2 2 2 2 2 2 2 2 2 2 2 2 2 2 2 2 2 2 2 2
left_child=1 2 3 -1 5 6 8 -8 9 10 12 -11 -4 14 -9 16 17 18 19 20 -16 22 -21 -15 25 -25 -17 -28 -26 -30
right_child=-2 -3 4 -5 -6 -7 7 13 -10 11 -12 -13 -14 23 15 26 -18 -19 -20 21 -22 -23 -24 24 28 -27 27 -29 29 -31
leaf_value=-0.036788179213553956 -0.043496365843846058 0.024415577114484069 0.0017131012223945965 -0.0044421350438069128 -0.022760003437581 0.02151236645984566 -0.027350553298211868 0.041041133925401443 0.032551143640207725 -0.039791248712824717 -0.014274899861788114 0.0022026165610681699 0.032416546484307203 -0.028985505143195301 -0.013470954089398371 -0.010752581622120968 0.0097675421013830224 -0.038109870656622857 0.025496981644629765 -0.014979493634879834 0.030711221109769322 -0.0059462418064097199 -0.062281761340147172 -0.035711039601295742 0.027003438054626086 -0.0064730995768864097 0.050883857508863262 0.0064577596604507084 -0.041296382760565582 0.00052693861129537317
leaf_weight=8.3073998317122477 9.0859790816903097 12.164377350360153 8.0995873212814349 12.133824173361061 9.4841542914509755 11.521986465901135 12.514044634997843 7.1241882070899001 9.174103230237959 7.9087823331356075 8.623380742967127 9.5496741905808431 16.666069217026234 13.184367209672926 15.427171416580679 9.2787678241729719 47.71777543053031 13.976674832403658 15.238571934401987 10.262209057807924 13.863643541932104 27.119291692972183 8.6671594232320768 15.98122928291559 12.295207623392342 49.801850389689207 11.280775263905527 15.177103310823439 6.9741183929145327 240.33710779249668
leaf_count=47 45 64 39 69 56 60 65 32 43 45 45 46 76 60 69 41 216 63 69 46 60 120 40 80 61 257 49 67 34 1082
internal_value=-0.00132568 -0.000745 -0.00121754 -0.0175877 -0.000684063 -0.000345145 -0.000760559 -0.00164234 0.00726398 0.00270157 0.0129094 -0.0168208 0.022375 -0.00103955 0.00281741 0.00136901 -0.00206775 -0.00746927 -0.00274126 -0.00845288 0.00744092 -0.0185627 -0.0366377 -0.00326246 -0.0022202 -0.0135761 0.0160129 0.0253996 0.000657341 -0.000652469
internal_weight=668.941 659.855 647.69 20.4412 627.249 617.765 606.243 546.221 60.0216 50.8475 33.389 17.4585 24.7657 533.707 195.133 188.009 152.272 104.555 90.578 75.3395 29.2908 46.0487 18.9294 338.574 325.39 65.7831 35.7366 26.4579 259.606 247.311
internal_count=3146 3101 3037 116 2921 2865 2805 2511 294 251 160 91 115 2446 872 840 683 467 404 335 129 206 86 1574 1514 337 157 116 1177 1116
is_linear=0
shrinkage=0.05


Tree=80
num_leaves=31
num_cat=0
split_feature=6 6 0 14 0 9 9 6 5 14 18 15 9 11 5 8 0 5 11 15 6 6 19 0 8 5 6 7 6 5
split_gain=2.22911 5.13979 5.68541 3.71682 5.14133 3.3986 4.7805 2.63225 2.59779 3.52299 5.86802 6.24165 3.44083 5.37995 5.9188 3.70697 4.2896 3.21436 5.71905 4.49888 5.01704 4.22966 3.9024 3.81379 3.11973 3.01148 4.34148 4.66566 2.93514 2.91226
threshold=0.030934500000000004 0.032619000000000002 2.0652755000000003 0.025641000000000004 2.7589335000000004 0.14879700000000004 0.035261500000000008 0.035365500000000001 0.022458000000000002 0.015987500000000005 0.50000000000000011 2.5000000000000004 0.13093900000000003 0.53587350000000011 0.026203000000000004 49.156103000000009 1.4741935000000002 0.055739500000000004 0.58643300000000009 4.5000000000000009 0.085253500000000024 0.066476000000000021 1.5035780000000003 2.1070710000000004 73.994734000000008 0.035295000000000007 0.065585000000000018 0.86706850000000013 0.15404250000000003 0.029865500000000007
decision_type=2 2 2 2 2 2 2 2 2 2 2 2 2 2 2 2 2 2 2 2 2 2 2 2 2 2 2 2 2 2
left_child=3 2 -2 4 5 6 -1 -3 -9 10 11 -10 13 15 -15 -11 -17 18 19 20 -14 22 -19 -20 25 -18 -27 -28 -23 -16
right_child=1 7 -4 -5 -6 -7 -8 8 9 12 -12 -13 17 14 29 16 24 21 23 -21 -22 28 -24 -25 -26 26 27 -29 -30 -31
leaf_value=0.014619806929713396 -0.0041008916520640813 -0.013501715141626633 0.049630457148895406 0.018409722598331704 -0.045624375097647718 0.02017713557557009 -0.032257209496817651 0.019819023799939699 0.032509974922384992 0.038978446273967689 -0.034303821990088031 -0.024041957809354923 -0.014075750708919109 0.056000599501560624 -0.026926034710045704 -0.030992451753529715 -0.004630856865715109 -0.0044018454213124916 -0.00046302014176338908 0.020983568504318331 0.022003555571958315 -0.012463213069010576 0.038496305616084227 -0.035314363581560412 0.037381806636577794 0.033947049591937194 -0.018814759455613419 0.024900862328489655 0.021313298010088862 0.00045907281008749533
leaf_weight=8.3804740905761737 8.7718503400683421 32.732011467218399 11.220908381044863 9.7417863830924016 10.829918831586836 9.0522600784897786 15.493456378579138 17.91240756213665 10.010077636688949 13.16778130084276 18.586366757750511 9.518896356225012 52.715583026409149 4.6857878118753424 10.166200160980223 5.80935314297676 24.534573569893837 8.4596776440739649 11.186770915985106 17.687628120183945 11.790529914200304 28.845576543360949 14.200560085475443 26.315389163792133 11.690518066287039 20.748350903391838 12.321409918367864 12.094744890928267 8.2776123508810979 215.52610479667783
leaf_count=40 42 156 50 49 55 45 79 78 47 62 83 50 244 20 44 28 105 43 53 78 52 155 69 126 51 89 55 63 44 1013
internal_value=0.000270576 0.00111689 0.0260558 -0.00952132 -0.0157398 -0.00591037 -0.015802 0.000284482 0.00108139 0.000469293 -0.014194 0.00494519 0.00156469 0.00458938 0.000380304 0.0142507 0.0105167 -0.00400923 -0.00873814 -0.00135568 -0.00748112 0.0054588 0.0224813 -0.0249183 0.0134795 0.00947035 0.0171305 0.00284014 -0.00493183 -0.000774476
internal_weight=672.475 618.977 19.9928 53.4979 43.7561 32.9262 23.8739 598.984 566.252 548.339 38.1153 19.529 510.224 330.745 230.378 100.367 87.199 179.479 119.696 82.1937 64.5061 59.7834 22.6602 37.5022 81.3896 69.6991 45.1645 24.4162 37.1232 225.692
internal_count=3168 2900 92 268 219 164 119 2808 2652 2574 180 97 2394 1530 1077 453 391 864 553 374 296 311 112 179 363 312 207 118 199 1057
is_linear=0
shrinkage=0.05


Tree=81
num_leaves=31
num_cat=0
split_feature=4 4 19 5 6 0 2 13 13 19 4 7 5 0 11 7 4 4 4 9 13 14 19 7 7 14 2 9 6 9
split_gain=2.73255 4.233 2.31115 2.04504 3.20219 2.90509 2.99713 4.94481 4.96773 3.94678 3.87315 2.78827 2.59403 2.46105 2.35186 2.80015 1.8958 1.89565 3.87865 3.92682 5.7829 3.61803 4.24217 3.25286 7.23373 4.55455 3.38936 5.80951 3.34953 3.17597
threshold=0.56519100000000011 0.47522150000000002 2.2842110000000004 0.095165500000000014 0.1121545 29.833681000000002 -0.015274499999999998 -0.026416999999999996 -0.0089169999999999978 2.1199000000000008 -0.057295499999999992 0.8519190000000002 0.031104500000000004 2.9250705000000004 0.35032450000000004 0.74289400000000005 0.19929550000000004 0.20550400000000005 0.089914500000000022 0.26392600000000005 0.068215500000000026 0.041556000000000003 0.81793100000000007 0.86377050000000011 0.73836550000000012 0.029628000000000005 0.12294750000000002 0.04243750000000001 0.05327500000000001 0.13892700000000005
decision_type=2 2 2 2 2 2 2 2 2 2 2 2 2 2 2 2 2 2 2 2 2 2 2 2 2 2 2 2 2 2
left_child=1 3 -2 5 13 6 14 9 12 11 -10 -8 -9 -5 -1 -16 -6 18 21 20 -20 22 -12 24 25 -19 27 -27 -25 -22
right_child=2 -3 -4 4 16 -7 7 8 10 -11 17 -13 -14 -15 15 -17 -18 23 19 -21 29 -23 -24 28 -26 26 -28 -29 -30 -31
leaf_value=-0.03576027398458112 -0.0029523516694824618 0.034645601484696857 -0.038072683318992495 -0.016085870162836177 -0.058258159895363253 0.024834458330013787 0.021723211655324728 -0.0011922654039647439 0.031451071141003595 0.047333925954517998 -0.033361177166635149 -0.014313040256430785 -0.035666147401337452 0.024946379064589762 0.014273115974713119 -0.025262759207016816 -0.011491470074167495 0.036988584578337265 -0.044601314220539506 0.02314877553682116 -0.0039675573296555277 -0.028906667422040407 0.0046536798550662747 -0.0078043104122692457 -0.026482518113725519 -0.018643122365078802 -0.022669796634155276 0.03580005765338326 0.025877229444501094 -0.027144819814418887
leaf_weight=9.811435319483282 10.300648786127569 8.8830901086330396 8.5914499089121801 9.7085672281682509 5.0771211571991426 11.982405662536619 14.861777797341349 8.6584595292806643 9.9961540400981885 9.2398145347833616 7.5773443430662146 8.4026904627680761 14.756927303969858 5.8601121976971617 9.0433872193098086 8.8724962100386602 3.7806603275239468 11.7471676915884 11.108731627464293 9.5523781776428205 112.55179307609797 8.9573150873184186 233.06132307648659 9.8623212277889234 19.192543663084507 8.5879187211394363 10.492065772414206 11.410233810544012 29.343292355537415 17.015058308839798
leaf_count=49 47 41 44 69 64 57 66 40 46 40 38 42 78 33 43 45 29 51 52 43 503 48 1052 42 86 39 53 52 131 78
internal_value=-0.000182889 0.000370847 -0.0189238 -0.00011204 -0.0142964 0.00045962 -3.19943e-05 0.000753772 -0.000399003 0.0196877 0.000634002 0.00870759 -0.0229185 -0.00064117 -0.0160826 -0.00530626 -0.0382973 1.84632e-05 -0.00152539 -0.00787313 -0.00997963 0.00229522 0.00345665 0.00615217 -0.00102926 0.0105366 0.000345305 0.0124202 0.0174045 -0.00701126
internal_weight=658.287 639.395 18.8921 630.511 24.4265 606.085 594.103 566.375 533.871 32.5043 510.456 23.2645 23.4154 15.5687 27.7273 17.9159 8.85778 500.459 399.824 150.228 140.676 249.596 240.639 100.636 61.4299 42.2374 30.4902 19.9982 39.2056 129.567
internal_count=3101 3010 91 2969 195 2774 2717 2580 2432 148 2314 108 118 102 137 88 93 2268 1814 676 633 1138 1090 454 281 195 144 91 173 581
is_linear=0
shrinkage=0.05


Tree=82
num_leaves=31
num_cat=0
split_feature=4 12 3 14 14 4 1 1 11 4 8 4 4 1 9 4 3 2 6 2 9 2 12 8 9 6 0 14 18 4
split_gain=3.76888 4.46058 4.07627 4.48879 9.25646 3.76488 5.31665 3.6638 4.51834 3.87665 3.65149 3.9924 3.65563 4.64669 4.69713 4.57947 3.88333 3.77857 3.38314 3.26334 3.23311 3.02865 3.55515 3.37639 3.14285 4.35393 4.7261 2.93497 2.81001 2.73905
threshold=0.18241000000000004 0.037301500000000008 0.083129500000000009 0.029839000000000001 0.032938500000000002 0.054563000000000007 0.023425000000000005 0.0010515000000000001 0.45183400000000001 0.56519100000000011 67.54630250000001 0.060760000000000008 0.0098230000000000019 0.024265500000000002 0.24098150000000004 0.017000500000000005 0.018175500000000001 0.007467500000000001 0.042051500000000012 0.014714000000000001 0.11741750000000001 0.037341500000000007 0.12903050000000002 68.88888750000001 0.0080560000000000024 0.088454500000000005 6.6120160000000014 0.016120500000000006 0.50000000000000011 0.076926000000000008
decision_type=2 2 2 2 2 2 2 2 2 2 2 2 2 2 2 2 2 2 2 2 2 2 2 2 2 2 2 2 2 2
left_child=1 2 3 10 -5 6 -6 -2 -9 18 11 12 13 14 20 -14 -17 -15 -10 -20 27 -21 -23 -24 -25 -26 -27 -1 -19 -3
right_child=7 29 -4 4 5 -7 -8 8 9 -11 -12 -13 15 17 -16 16 -18 28 19 21 -22 22 23 24 25 26 -28 -29 -30 -31
leaf_value=-0.034840637667763526 0.036142877092651245 -0.012727017253597407 -0.028597139790530374 0.056694448192693883 0.022321952002747607 0.028673214137312254 -0.028370362748801323 -0.026826464307464784 -0.016158177667277653 -0.015089786786069648 0.023060111832217914 -0.029113267652485026 0.041750907737818393 -0.024224067859815422 0.0089912155870288512 0.02206763659892717 -0.011220555758809632 0.026859454092959919 0.045443910182995588 -0.018934316347808997 -0.039613165401719774 0.027386079917414641 -0.024213183144251169 0.027434951060083423 -0.014014455743438929 0.035969899018073674 -0.0032666761698625403 0.006751634598501078 -0.00011428729345990679 -0.0024614122275400298
leaf_weight=7.0284958034753826 9.6278073713183385 112.48249740898609 9.9073555171489698 11.640453789383171 8.7890564799308795 10.835890036076306 12.56985906511545 10.815096713602541 11.678820155560969 18.11465797200799 16.311039462685585 12.324924062937496 10.197205409407614 8.2996505200862867 14.115922741591929 15.899376831948755 19.514519352465868 18.73513275384903 6.8867533802986136 8.379767179489134 18.524082280695438 28.558774799108505 7.9005045816302291 19.331225790083408 20.585984535515308 14.855674073100092 15.877048425376413 10.696487735956905 19.92245988547802 153.86092327162623
leaf_count=44 49 536 53 53 46 56 68 49 53 86 72 58 45 40 66 71 91 83 33 41 100 127 46 91 91 66 75 52 91 704
internal_value=-0.000184904 -0.00241647 0.00276155 0.00420387 0.0184834 0.00466775 -0.0075108 0.00617132 0.00440084 0.00662026 0.000555499 -0.00180878 0.000545646 -0.00492847 -0.0154778 0.012226 0.00372447 0.00638639 0.00955391 0.0120077 -0.0250063 0.0100139 0.0122787 0.00678603 0.0102525 0.00378011 0.0156996 -0.00974097 0.0129583 -0.0067968
internal_weight=664.267 491.655 225.312 215.405 43.8353 32.1948 21.3589 172.612 162.984 152.169 171.569 155.258 142.933 97.3222 50.365 45.6111 35.4139 46.9572 134.055 122.376 36.2491 115.489 107.109 78.5504 70.6499 51.3187 30.7327 17.725 38.6576 266.343
internal_count=3136 2329 1089 1036 223 170 114 807 758 709 813 741 683 476 262 207 162 214 623 570 196 537 496 369 323 232 141 96 174 1240
is_linear=0
shrinkage=0.05


Tree=83
num_leaves=31
num_cat=0
split_feature=12 12 12 19 0 14 14 1 5 19 9 5 19 14 5 6 6 5 5 2 1 19 19 7 6 1 19 2 19 6
split_gain=3.35516 3.17278 3.14727 2.1998 1.58431 6.69687 6.8893 4.62116 3.77532 3.73327 3.70371 4.09589 3.12674 2.81716 6.58505 4.30836 6.39001 3.54723 4.02527 4.4053 8.05039 4.79795 4.23641 3.72542 3.14474 4.99896 5.2111 4.34729 4.0859 3.40751
threshold=0.35813700000000009 0.25649550000000004 0.22056450000000002 4.3855150000000007 1.6228845000000003 0.029939500000000004 0.033374500000000008 0.0086395000000000031 0.06338400000000001 0.92865200000000014 0.020813500000000002 0.035810000000000002 1.0478875000000001 0.023890000000000005 0.04958350000000001 0.030934500000000004 0.032619000000000002 0.040480000000000009 0.036334000000000005 0.056788500000000006 0.043940500000000007 1.6642690000000002 3.2576960000000006 0.85040250000000006 0.052332500000000004 0.010104000000000002 2.8613025000000003 0.041468000000000005 1.8078795000000001 0.039713000000000005
decision_type=2 2 2 2 2 2 2 2 2 2 2 2 2 2 2 2 2 2 2 2 2 2 2 2 2 2 2 2 2 2
left_child=1 2 4 -3 5 7 -7 -1 -8 -6 -9 12 -12 14 15 -11 -17 18 19 20 21 23 -23 -18 25 -15 27 29 -29 -27
right_child=-2 3 -4 -5 9 6 8 10 -10 13 11 -13 -14 24 -16 16 17 -19 -20 -21 -22 22 -24 -25 -26 26 -28 28 -30 -31
leaf_value=-0.032224923771065173 -0.028695444023906908 0.03957923014635098 -0.025339330465747698 0.0036160431080680417 -0.023311035555748968 0.064701359107416784 -0.0045860749472362702 -0.022300334622431247 0.032765777656680692 -0.011151948310809045 0.017993194011664614 0.030283181441057783 -0.022140893028765707 0.013163152149162799 -0.035873684942386526 0.047863686741441099 0.030590146189335494 0.024731418396674629 -0.017181134581649642 -0.0066351908505128459 0.046358200745251099 -0.012715555592704725 0.025209692802470447 -0.0047150389046972992 0.00012060834838594391 -0.064193661774820707 0.00638523007704812 0.0041108546631236573 -0.038185153650796083 -0.025157820919794086
leaf_weight=11.610646668821571 9.964973255991934 8.6244302988052386 12.051935691386459 8.387403376400469 17.49001757055521 7.913822252303361 15.459691770374777 10.954812183976172 12.028680592775343 31.119616635143757 8.7963132783770579 15.428064316511152 10.825276650488375 16.290335804224014 9.7650825046002847 9.9800021052360517 25.275286331772804 23.79287501424551 19.600560829043388 40.973012804985046 15.17709171772003 34.157334864139557 9.3870598003268224 10.608035534620283 207.84807040542364 9.8459248915314692 16.417117446660995 15.311764590442182 9.1053915023803693 12.934879854321478
leaf_count=65 48 40 60 43 88 36 73 50 64 151 42 71 52 79 58 43 108 107 89 180 66 150 41 45 1003 49 76 72 41 59
internal_value=9.97725e-05 0.000536414 -2.99421e-05 0.0218482 0.000455695 0.00647858 0.0235936 -0.00403791 0.0117588 -0.000591313 0.00307595 0.0110073 -0.00414887 0.000176416 0.00430389 0.00608667 0.00892581 0.00675451 0.00399818 0.00706009 0.0129915 0.00661574 -0.00453984 0.020153 -0.0031203 -0.0115505 -0.0178791 -0.0263191 -0.0116617 -0.0420292
internal_weight=667.126 657.161 640.149 17.0118 628.097 93.0173 35.4022 57.6151 27.4884 535.079 46.0045 35.0497 19.6216 517.589 229.836 220.071 188.951 178.971 155.178 135.578 94.6048 79.4277 43.5444 35.8833 287.753 79.9054 63.6151 47.198 24.4172 22.7808
internal_count=3149 3101 3018 83 2958 453 173 280 137 2505 215 165 94 2417 1038 980 829 786 679 590 410 344 191 153 1379 376 297 221 113 108
is_linear=0
shrinkage=0.05


Tree=84
num_leaves=31
num_cat=0
split_feature=7 2 7 2 6 12 9 9 2 8 8 14 19 7 3 7 6 6 3 4 7 19 9 19 2 8 9 6 3 3
split_gain=4.42047 7.17333 5.57585 5.18042 4.3249 4.86971 6.91324 3.92601 3.82721 4.53399 3.90558 3.06443 3.96203 3.13855 8.41217 2.62684 5.68805 6.43576 6.21779 5.61901 5.2702 4.87297 4.37909 4.37582 4.3066 4.2224 3.98705 4.5513 5.06476 6.66062
threshold=0.64212300000000011 -0.020932999999999997 0.62929250000000014 0.0082170000000000003 0.16686300000000004 0.0013155000000000003 0.13376050000000003 0.040363500000000004 0.11768350000000001 70.914794000000015 58.832986500000011 0.11132700000000002 3.1012630000000008 0.66585550000000004 0.033350500000000012 0.87470550000000002 0.10537950000000001 0.08150750000000001 0.19007450000000001 0.13064550000000003 0.71902400000000011 8.1737670000000016 0.23732550000000002 0.98560200000000009 0.037341500000000007 67.54630250000001 0.0061255000000000007 0.057436500000000008 0.080324500000000007 0.061321500000000008
decision_type=2 2 2 2 2 2 2 2 2 2 2 2 2 2 2 2 2 2 2 2 2 2 2 2 2 2 2 2 2 2
left_child=1 -1 3 -3 5 -5 7 -7 9 10 -9 13 -13 14 -2 16 17 22 19 -18 -19 -17 23 -15 -24 -22 -25 28 29 -28
right_child=11 2 -4 4 -6 6 -8 8 -10 -11 -12 12 -14 15 -16 21 18 20 -20 -21 25 -23 24 26 -26 -27 27 -29 -30 -31
leaf_value=-0.062795897978347989 0.055995530042514299 0.024295761470334652 -0.04236986275950274 0.026683599782274133 0.024849333115668535 -0.020241256074568614 -0.038588150133976679 0.017190690617135268 -0.024794788660885962 0.033173361823817818 -0.026171945665530206 -0.033675406789460356 0.017160027539276465 -0.031234811492249093 -0.0033206409981209567 0.0029613858705052989 -0.0064441522669282563 0.053538480319848238 0.0096344190309681048 -0.061960728893527918 -0.019035320137266758 0.033293599314531713 0.00098037138041348572 0.020939379529155283 0.043106250836136187 0.028230627611725539 -0.00028929460896015422 -0.022176050197270529 0.021642865425812272 -0.042570353671646924
leaf_weight=5.8805135190486899 9.5976725220680255 14.733631916344164 9.9942404069006425 8.2297472804784757 9.6132254749536497 29.70497877150774 21.184209614992142 10.74425992369652 9.5276096612215024 13.832519508898256 10.049755461513994 13.077716525644066 5.4219683632254592 16.078031145036221 15.845633476972578 219.98369248211384 7.5311565175652566 9.1587709933519381 9.4044717550277692 11.544296618551014 8.4374670684337634 14.089198626577852 17.908201843500141 14.701966062188147 9.1755975186824781 10.738757103681563 58.396130055189133 33.997098796069622 19.781584337353706 11.082261383533476
leaf_count=31 42 65 48 39 43 145 108 47 49 64 49 86 33 79 70 1037 37 39 45 55 40 79 81 64 41 47 266 152 86 50
internal_value=-0.000953441 -0.00871593 -0.00640499 -0.0035885 -0.00722788 -0.0102138 -0.0134087 -0.00618678 0.00326845 0.0109901 -0.00376649 0.00120544 -0.0187763 0.00194854 0.0190545 0.00102645 -0.00267317 0.000177489 -0.0236383 -0.0400423 0.0223363 0.00478713 -0.00328909 -0.0065491 0.015252 0.00743379 -0.00367218 -0.00660782 -0.000678236 -0.0070334
internal_weight=659.446 143.495 137.614 127.62 112.886 103.273 95.0433 73.8591 44.1541 34.6265 20.794 515.952 18.4997 497.452 25.4433 472.009 237.936 209.456 28.4799 19.0755 28.335 234.073 181.121 154.037 27.0838 19.1762 137.959 123.257 89.26 69.4784
internal_count=3117 688 657 609 544 501 462 354 209 160 96 2429 119 2310 112 2198 1082 945 137 92 126 1116 819 697 122 87 618 554 402 316
is_linear=0
shrinkage=0.05


Tree=85
num_leaves=31
num_cat=0
split_feature=14 4 1 13 3 14 14 5 2 0 7 0 14 5 13 0 5 14 19 13 7 19 11 4 14 11 14 19 0 4
split_gain=2.39864 4.53898 5.58742 4.39753 4.86334 3.45442 3.22495 8.36487 5.65235 5.00375 4.86444 4.60915 3.84835 5.74989 5.9894 4.48936 4.61547 3.78862 3.74921 4.02757 3.58069 3.22313 4.23149 3.21016 3.61495 5.97733 4.40502 4.22193 3.874 3.34313
threshold=0.044501500000000006 0.091639500000000013 0.019687000000000007 -0.070597499999999994 -0.034428999999999994 0.047751000000000009 0.029839000000000001 0.053757000000000006 -0.007308499999999999 1.4947555000000003 0.63977350000000011 4.0864985000000011 0.031596500000000007 0.037951500000000006 0.21252500000000002 6.7016925000000009 0.044752000000000007 0.037509000000000008 0.80154000000000003 0.19593750000000001 0.88749250000000013 1.6912790000000004 0.88534550000000012 0.19668700000000003 0.023820000000000004 0.19211050000000005 0.024418000000000006 1.7585160000000004 2.2117785000000008 0.10569550000000001
decision_type=2 2 2 2 2 2 2 2 2 2 2 2 2 2 2 2 2 2 2 2 2 2 2 2 2 2 2 2 2 2
left_child=3 2 -2 -1 -5 -3 7 18 -8 -10 11 -11 20 -14 15 16 -15 -16 -6 23 -12 22 -7 24 29 -26 -27 28 -28 -20
right_child=1 5 -4 4 6 21 8 -9 9 10 12 -13 13 14 17 -17 -18 -19 19 -21 -22 -23 -24 -25 25 26 27 -29 -30 -31
leaf_value=0.03654912050067282 0.011229188803814766 -0.022285493395551807 -0.044745240247537316 -0.034486352532901089 -0.031298600932985067 0.0030380040519798358 0.043509836094806499 -0.039779878554498382 0.038448863295635585 0.0014940938866437742 0.0038994591246174315 -0.042267062276588288 -0.032544507091990055 -0.039644628563858954 0.049074005011520948 0.030702092643405867 0.00078526487230413011 0.0069943241446196042 0.0032661149728345365 -0.021840576786671673 0.046514767759798389 -0.0029972825658416405 0.047224825761095497 0.025828985653240568 0.024136282905109711 -0.04303257370975451 -0.0054961636906256149 0.0029343221831985397 -0.047650500004631696 0.019731193609560604
leaf_weight=9.4987079948186857 6.5988399833440807 15.0561531111598 13.744292270392178 8.8704686388373357 8.3763498961925489 14.599963404238226 11.033833861351011 12.530846282839773 11.141057431697844 14.803808204829695 8.7257722020149249 10.137417040765284 9.7307324409484846 9.0273152440786344 12.04758080840111 9.1315883845090848 32.377258658409119 9.6204752177000028 204.93847154080868 16.167625069618225 11.328845791518686 51.600862346589565 8.615281865000723 15.636931285262106 13.51563476026058 9.9293958544731122 12.059928566217424 38.30451513081789 9.9444153606891614 36.288357004523277
leaf_count=41 44 70 94 50 43 74 51 78 50 68 38 52 44 39 52 41 150 41 934 71 51 278 44 68 61 48 57 169 45 158
internal_value=0.00146611 -0.00526132 -0.0265884 0.00282618 0.00222819 -0.000433796 0.0028464 0.000388372 0.00907272 0.00632072 0.00350075 -0.0162927 0.00834118 0.00353608 0.00839855 -0.00103096 -0.00802954 0.0303909 0.00176678 0.00254307 0.0279728 0.00396369 0.0194359 0.00370045 0.0026357 -0.00631388 -0.0121733 -0.00709252 -0.024547 0.005743
internal_weight=655.383 110.215 20.3431 545.167 535.669 89.8723 526.798 377.692 149.106 138.072 126.931 24.9412 101.99 81.935 72.2042 50.5362 41.4046 21.6681 365.162 356.785 20.0546 74.8161 23.2152 340.618 324.981 83.7539 70.2383 60.3089 22.0043 241.227
internal_count=3104 604 138 2500 2459 466 2409 1732 677 626 576 120 456 367 323 230 189 93 1654 1611 89 396 118 1540 1472 380 319 271 102 1092
is_linear=0
shrinkage=0.05


Tree=86
num_leaves=31
num_cat=0
split_feature=9 13 7 18 14 8 0 7 1 11 13 9 8 9 8 8 11 1 14 1 4 4 5 7 4 0 0 14 14 0
split_gain=2.13105 4.82835 3.88319 4.05123 9.44662 5.81181 3.912 3.89209 3.81792 3.46193 3.44878 4.31356 3.68734 4.99536 3.80805 6.42507 3.85003 3.1043 3.06195 3.60521 4.168 5.99712 3.73815 4.04802 4.54404 5.61944 4.27058 4.04098 4.01041 3.49108
threshold=0.059193000000000003 -0.47179299999999996 0.99974350000000012 0.50000000000000011 0.023820000000000004 52.997872500000007 2.3178315000000005 0.91853550000000006 0.064941500000000027 0.48699300000000006 -0.070597499999999994 0.13376050000000003 41.186827000000008 0.12572250000000004 70.588581000000019 80.245658500000005 0.85067550000000003 0.040951000000000008 0.029628000000000005 0.054236500000000007 -0.0082824999999999982 0.0057065000000000006 0.026203000000000004 0.60002200000000017 0.10323700000000001 2.0904810000000005 3.3086840000000004 0.021949000000000003 0.015859000000000002 5.6695355000000012
decision_type=2 2 2 2 2 2 2 2 2 2 2 2 2 2 2 2 2 2 2 2 2 2 2 2 2 2 2 2 2 2
left_child=18 -2 7 5 -5 -4 -6 10 -8 -9 -3 12 -12 14 16 17 -14 -16 19 20 -1 -22 28 -24 26 -26 -25 -27 -23 -21
right_child=1 2 3 4 6 -7 8 9 -10 -11 11 -13 13 -15 15 -17 -18 -19 -20 29 21 22 23 24 25 27 -28 -29 -30 -31
leaf_value=0.035815648774063312 -0.041595681487474057 0.030841762870860726 0.0055512927285691054 0.043762827905025857 0.014766055719461685 0.050697765797072726 -0.04874623346817069 0.0025587679267075991 -0.0024213518286568467 -0.027812616152109317 0.044280243917876778 -0.0044386871014962343 -0.0087120072924857395 0.03951848694504595 0.043856040605560684 -0.013116884053339415 0.02545606496972231 0.0086439073724960871 0.0021750926081583375 -0.046804265089357665 -0.060494074976930434 -0.0056308675078380046 -0.034353732377851005 -0.0058718248266178292 -0.017787325859919195 0.047379179333360805 -0.043767727176764526 0.0053737963004795346 0.033399044216858409 -0.0078377962046938011
leaf_weight=5.9626335278153411 6.1462569013237944 10.56786062568426 14.143695391714575 10.33953584730625 8.7696480751037615 14.372530639171599 9.0721574649214762 16.952036798000336 8.7254925519227964 21.013370774686337 6.7802339792251578 136.44211110845208 58.952415116131306 10.363522425293921 15.782613463699819 13.000028364360331 9.5849338956177217 10.373009517788885 130.61153167113662 11.03744910657406 5.0221727173775426 14.811550319194795 13.965643160045145 22.428194895386696 14.626622289419172 9.2786143273115176 11.120479311794041 14.951880786567925 11.845107346773146 11.994339779019354
leaf_count=28 38 49 77 45 41 65 41 79 44 103 30 662 272 46 71 63 50 48 623 47 36 68 70 100 66 39 51 68 52 52
internal_value=-6.38548e-05 0.00236212 0.00308214 0.0141508 0.00321402 0.0283057 -0.0125669 0.000744759 -0.026035 -0.0142514 0.00283909 0.00170647 0.00842291 0.00636354 0.00317298 0.0156122 -0.00393361 0.0298913 -0.00339611 -0.0083447 -0.00497073 -0.00703082 -0.00465529 -0.00970681 -0.00495291 0.00668585 -0.0184333 0.021459 0.0117124 -0.0265116
internal_weight=659.038 381.381 375.235 65.4231 36.9068 28.5162 26.5673 309.812 17.7977 37.9654 271.847 261.279 124.837 118.057 107.693 39.1557 68.5373 26.1556 277.656 147.045 124.013 118.05 113.028 86.3714 72.4058 38.8571 33.5487 24.2305 26.6567 23.0318
internal_count=3124 1824 1786 313 171 142 126 1473 85 182 1291 1242 580 550 504 182 322 119 1300 677 578 550 514 394 324 173 151 107 120 99
is_linear=0
shrinkage=0.05


Tree=87
num_leaves=31
num_cat=0
split_feature=11 12 11 13 5 9 9 2 2 6 11 4 9 5 6 13 13 4 13 0 7 6 1 15 7 1 1 4 9 19
split_gain=2.49422 3.69693 4.26606 3.65412 9.55382 4.22474 3.19523 3.17777 4.95446 3.20766 6.57319 5.28628 3.42001 3.50968 3.13923 5.44371 3.87959 6.15084 3.06118 2.95504 4.62545 4.1602 4.35533 7.71799 4.27108 2.91502 4.85592 4.18294 4.07798 5.69131
threshold=0.74841750000000007 0.089719500000000021 0.69848500000000013 0.19463300000000003 0.043979500000000012 0.0099475000000000032 0.058112000000000004 -0.015274499999999998 -0.0088904999999999974 0.08150750000000001 0.43363500000000005 -0.0050844999999999996 0.00095600000000000014 0.059898500000000007 0.031213000000000005 0.024371500000000001 0.081861500000000018 0.059737000000000005 0.012076500000000002 2.5129225000000006 0.57460950000000011 0.030088500000000004 0.034016000000000012 1.5000000000000002 0.93231750000000013 0.029718000000000005 0.022330000000000003 0.059737000000000005 0.13548300000000002 1.9080980000000001
decision_type=2 2 2 2 2 2 2 2 2 2 2 2 2 2 2 2 2 2 2 2 2 2 2 2 2 2 2 2 2 2
left_child=1 2 7 5 -5 -3 -7 18 -9 12 11 -11 -10 14 15 -14 -16 -18 -1 20 -2 -22 -23 -24 -25 26 27 -21 29 -27
right_child=19 3 -4 4 -6 6 -8 8 9 10 -12 -13 13 -15 16 -17 17 -19 -20 25 21 22 23 24 -26 28 -28 -29 -30 -31
leaf_value=-0.0028335595408689588 0.042789133174479993 -0.055548246451840359 -0.025928083009719011 0.042623145337698905 -0.020203591890534091 0.010499083122725 -0.026165805935447879 0.040624672457596607 0.017514958412184679 0.038863607082080642 0.043617181239548379 -0.012176783720089165 0.0084048645886522291 -0.033303897630284789 -0.0033094225855687821 -0.034929309190308448 0.043253023925599217 0.00022487571965644655 -0.042504812992312437 0.02979279106032592 -0.034260186368382156 0.020475486610363632 -0.027671808312175996 -0.0027549265348592328 0.037959960194951507 0.039355498967871855 -0.038435636009996693 -0.012137964498159341 -0.015222005248147439 0.0030330606624534191
leaf_weight=12.160062875598671 9.6776493191719037 8.3798729404807073 16.144040539860725 8.8399669677019137 19.179494462907314 8.5046434625983256 19.721028663218021 7.9843108206987372 21.474810227751732 6.6808319687843349 12.629528276622294 21.078651959076524 12.340158656239511 9.3884522914886457 141.41002365201712 17.560240276157856 12.595533639192579 24.385467663407326 8.1030263155698758 7.9680690653622177 5.8743170872330657 43.163063578307629 17.456217035651207 14.5455616787076 11.560756370425224 12.418420575559137 12.419699065387247 23.458381906151772 24.127152889966965 81.969200026243925
leaf_count=62 44 39 81 42 91 39 91 37 92 30 63 120 63 48 642 89 54 107 44 41 32 206 84 70 52 55 61 131 126 374
internal_value=-0.000502669 -0.0030525 -0.000874128 -0.0139717 -0.000382144 -0.0243737 -0.0151184 0.000439985 0.00178869 0.000679454 0.0137125 0.000107028 -0.0015216 -0.00339962 -0.00205172 -0.0170449 0.000461307 0.01488 -0.0186977 0.00324117 0.00989813 0.00646068 0.00921889 -0.00193449 0.015275 -0.00095231 -0.011967 -0.00150656 0.00312271 0.00781194
internal_weight=653.199 388.56 323.935 64.625 28.0195 36.6055 28.2257 307.791 287.528 279.544 40.389 27.7595 239.155 217.68 208.291 29.9004 178.391 36.981 20.2631 264.638 102.278 92.5999 86.7256 43.5625 26.1063 162.361 43.8462 31.4265 118.515 94.3876
internal_count=3110 1834 1532 302 133 169 130 1451 1345 1308 213 150 1095 1003 955 152 803 161 106 1276 488 444 412 206 122 788 233 172 555 429
is_linear=0
shrinkage=0.05


Tree=88
num_leaves=31
num_cat=0
split_feature=1 1 8 19 19 9 8 8 7 2 5 8 12 14 11 11 6 6 6 3 9 9 14 3 12 3 3 8 2 7
split_gain=1.64262 1.85819 3.60838 1.59757 3.85703 5.17629 3.69917 6.08305 3.20568 3.43192 3.04349 3.27543 4.22819 3.38907 4.15565 2.65065 2.30083 4.06582 3.45846 1.94711 1.62571 5.09577 4.21167 4.02292 3.95695 6.84422 4.98806 3.79233 5.83995 4.48683
threshold=-0.014232499999999999 -0.0014834999999999998 55.327539000000009 0.9500455000000001 1.1588225000000001 0.028101000000000004 64.193317000000022 57.217397500000011 0.69908900000000018 0.034380500000000001 0.026615000000000003 79.531763500000025 0.053395000000000005 0.013824000000000001 0.41136200000000006 0.32362800000000008 0.034600000000000006 0.041467000000000011 0.072490500000000013 0.032452500000000002 0.028864000000000004 0.021323000000000005 0.032584000000000009 0.33983850000000004 0.060953000000000007 0.013382000000000003 0.044946500000000007 62.676617 0.10362650000000002 0.91853550000000006
decision_type=2 2 2 2 2 2 2 2 2 2 2 2 2 2 2 2 2 2 2 2 2 2 2 2 2 2 2 2 2 2
left_child=-1 2 -2 16 5 -5 7 8 -7 -10 11 12 13 15 -15 -6 -3 -18 19 -19 21 27 -23 24 -22 -26 -27 -12 29 -29
right_child=1 3 -4 4 10 6 -8 -9 9 -11 20 -13 -14 14 -16 -17 17 18 -20 -21 23 22 -24 -25 25 26 -28 28 -30 -31
leaf_value=-0.016042706149991138 -0.010459218043228035 -0.037094457924246114 0.03170009530265646 0.040291827724828776 -0.020647138867007593 0.022015265176249094 -0.021722565835603221 0.047048541140546213 -0.03029443751481653 0.012082199794027746 0.014412931177690444 0.036612256814567985 -0.022674231204408007 0.042664718536173242 -0.00054277200708545198 0.015647604268467074 0.030722122772896716 -0.046890183297800044 0.010581603599540582 -0.013090988386710859 -0.0046152769231383017 -0.049119666800143659 -0.0057259168263244821 -0.031315011780401379 0.054381202007079479 -0.030160296351058172 0.006900379045917903 -0.0061331804401365654 0.0075239305892454301 -0.035836723580974714
leaf_weight=15.476485103368757 8.406670209020378 6.4072020761668673 12.807683572173117 13.068328212946652 10.440905183553697 11.48892814666033 10.315675683319567 9.4002214819192869 10.679081901907923 8.6458670012652856 25.717625988647342 9.4414828270673734 11.194926165044306 13.556343764066698 9.4401761740446073 9.7074743062257749 6.6368179321289054 6.8443858698010507 10.168064352124928 11.289435874670742 161.67536279186606 11.803678184747698 10.624871976673601 10.092229686677454 7.170582488179206 9.7694952413439733 128.48261364549398 31.537695191800594 38.356010489165783 21.299818798899651
leaf_count=82 44 38 63 58 50 51 48 41 53 44 136 42 51 58 41 45 32 36 49 58 783 53 50 50 33 47 596 142 178 94
internal_value=5.50658e-05 0.000440447 0.0149935 -5.33258e-05 0.000619209 0.0122426 0.00498834 0.0118402 0.00109938 -0.0113354 -0.000801529 0.00942933 0.00470633 0.0118108 0.0249278 -0.00316036 -0.00955124 -0.00450025 -0.0127599 -0.0258481 -0.00223087 -0.00673259 -0.0285631 -0.000253293 0.000767495 0.00675185 0.00428151 -0.00254456 -0.00732677 -0.0181073
internal_weight=661.946 646.47 21.2144 625.255 583.909 63.5981 50.5298 40.2141 30.8139 19.3249 520.311 63.7813 54.3398 43.1449 22.9965 20.1484 41.3459 34.9387 28.3019 18.1338 456.53 139.34 22.4286 317.19 307.098 145.423 138.252 116.911 91.1935 52.8375
internal_count=3146 3064 107 2957 2744 295 237 189 148 97 2449 287 245 194 99 95 213 175 143 94 2162 653 103 1509 1459 676 643 550 414 236
is_linear=0
shrinkage=0.05


Tree=89
num_leaves=31
num_cat=0
split_feature=5 9 0 15 6 6 9 2 1 0 13 4 9 3 9 4 4 18 1 1 9 13 4 4 5 9 1 1 13 8
split_gain=3.0188 3.75618 3.17158 2.88942 5.85379 4.78484 4.37911 4.35172 7.87313 4.21776 4.17063 7.85633 6.23637 6.68906 5.29439 3.85595 5.3067 4.2596 3.77077 7.19899 3.33616 3.97137 4.84072 4.10818 5.24432 3.21364 4.85601 5.3619 3.12766 3.11315
threshold=0.097730000000000011 0.065300500000000011 3.5053930000000002 2.5000000000000004 0.12926500000000005 0.098694500000000018 0.043107000000000013 0.0082170000000000003 0.023789500000000002 3.5812890000000004 0.13069150000000004 0.14909550000000002 0.11045800000000001 0.10502850000000001 0.085331000000000004 -0.041100499999999991 -0.014534999999999998 0.50000000000000011 1.0000000180025095e-35 0.024265500000000002 0.27873500000000007 0.23330300000000001 0.18241000000000004 0.041138500000000008 0.031994500000000009 0.10156250000000001 0.046726500000000011 0.033741000000000007 -0.038007999999999993 74.183634500000025
decision_type=2 2 2 2 2 2 2 2 2 2 2 2 2 2 2 2 2 2 2 2 2 2 2 2 2 2 2 2 2 2
left_child=3 -2 -3 10 5 7 -6 18 9 -9 12 -12 13 -1 -13 17 -17 28 -5 -20 21 22 23 24 -10 26 27 -25 -14 -16
right_child=1 2 -4 4 6 -7 -8 8 20 -11 11 14 15 -15 29 16 -18 -19 19 -21 -22 -23 -24 25 -26 -27 -28 -29 -30 -31
leaf_value=0.0048807679495945534 -0.054915791638604342 -0.025393138865170219 0.012108098222791006 -0.0072555856856852223 0.003090425631482104 -0.022348229946100195 0.049016105072017722 -0.024926008003741729 0.051231548885894165 0.013550334122442616 -0.035366694168430468 0.0009341911925356476 0.0037171162398383379 0.041005800632853723 -0.052786637102076595 -0.037288342303751415 -0.0062467458321545594 -0.012720381442692866 0.054104140577251297 -0.0015656681051227977 -0.018653841318630762 -0.016344073489314777 0.041058561408223782 0.00048328402038141244 0.0066882629965879271 0.019292489943598418 0.017044689491941139 -0.050251645565335762 0.045949247082509657 -0.010589131693293941
leaf_weight=122.28098453581333 5.2177270408719805 12.058188270777466 10.589101891964672 8.6556762009859067 8.9887138977646845 18.293529912829399 12.283990941941736 34.768489249050617 11.128284484148027 8.957539536058901 24.256780546158552 91.602648042142391 8.6888549476861971 14.314114734530447 7.7101940140128162 16.475779920816422 83.779005773365498 13.025437138974665 14.140178069472315 9.8544137328863126 10.672506451606749 11.963823810219763 14.247390955686567 11.351400375366213 16.267448149621487 15.572139963507651 12.04173958301544 9.6219556331634504 8.8487180918455142 10.091867335140703
leaf_count=556 80 83 65 43 42 85 57 171 48 47 112 414 40 64 40 83 397 64 62 46 48 53 60 50 75 67 52 42 43 49
internal_value=-0.000565363 -0.0166703 -0.00785884 0.000147091 0.00463063 0.00207018 0.0296104 0.00443063 0.000968466 -0.0170439 -0.00241072 -0.00962257 0.00119399 0.00866639 -0.00391468 -0.00660843 -0.0113481 0.00893894 0.0210354 0.0312409 0.00794669 0.0107247 0.0143138 0.00929893 0.024782 0.000568872 -0.00826245 -0.0227924 0.0250257 -0.0288652
internal_weight=657.749 27.865 22.6473 629.884 228.809 207.537 21.2727 189.243 156.593 43.726 401.074 133.661 267.413 136.595 109.405 130.818 100.255 30.563 32.6503 23.9946 112.867 102.194 90.2304 75.983 27.3957 48.5872 33.0151 20.9734 17.5376 17.8021
internal_count=3138 228 148 2910 1048 949 99 864 713 218 1862 615 1247 620 503 627 480 147 151 108 495 447 394 334 123 211 144 92 83 89
is_linear=0
shrinkage=0.05


Tree=90
num_leaves=31
num_cat=0
split_feature=1 14 13 2 15 2 4 13 7 2 9 4 11 9 7 1 4 12 4 11 13 5 12 7 9 9 7 2 6 2
split_gain=2.48918 4.59184 5.69943 6.09128 4.52367 2.77157 2.41807 2.41404 2.15011 2.58007 5.70227 5.79774 2.09754 2.85051 2.90918 3.52237 1.88568 1.64376 2.66325 4.4214 4.37364 3.14057 2.43443 2.41139 4.68871 3.58761 4.06906 3.53345 5.1215 3.32045
threshold=0.0058535000000000002 0.014590500000000001 0.19247900000000004 -0.025524499999999995 1.0000000180025095e-35 -0.015274499999999998 0.05810400000000001 0.036337500000000002 0.62776450000000017 0.0087465000000000025 0.22367150000000005 1.0000000180025095e-35 0.23413450000000002 0.097628500000000021 0.60002200000000017 0.035005500000000009 0.13938700000000004 -0.0091554999999999987 -0.0038319999999999999 0.46103200000000005 0.019293500000000002 0.031830500000000005 0.025882500000000006 0.8598245000000001 0.007467500000000001 0.032650500000000006 0.94405300000000014 0.04389500000000001 0.044922000000000011 0.15430300000000002
decision_type=2 2 2 2 2 2 2 2 2 2 2 2 2 2 2 2 2 2 2 2 2 2 2 2 2 2 2 2 2 2
left_child=1 -1 3 -3 -5 7 -6 -2 9 -7 11 -11 -13 14 15 -14 -8 -10 19 20 21 -19 -21 29 27 26 -26 -25 -29 -20
right_child=5 2 -4 4 6 8 16 -9 17 10 -12 12 13 -15 -16 -17 -18 18 23 22 -22 -23 -24 24 25 -27 -28 28 -30 -31
leaf_value=0.021960806083482692 -0.00059125782290248929 0.01652364716370839 0.027271891725403133 -0.0025199427689259488 -0.023954328650147488 0.035265675697310428 -0.067739420916790652 -0.03779195402062855 0.01195930133552023 0.054539510080856439 -0.025127291129931756 -0.014337850704486975 -0.016474537842591189 0.029159646281847019 0.029436038176122142 0.01468724822514318 -0.032769216670093533 0.0057424127783704693 -0.0053313139359637256 -0.015345574506110357 0.018981398119370527 -0.033439986571562663 -0.050263590229089231 0.024657412962565795 0.044838123499500067 0.005930712349170272 0.0068904357875704441 -0.049390912804658835 -0.0048692903172033678 0.01918416814785252
leaf_weight=10.487312281504272 9.070768743753435 9.7671267427504045 7.451252967119216 13.353936750441788 16.733156736940145 8.2170982062816602 8.2360963113605958 8.3989342711865884 28.267273761332035 6.9815362319350234 12.651348449289797 10.082798071205614 19.830204404890537 15.048215806484221 9.0535025931894761 16.709810048341751 7.2466512918472281 9.4522426873445529 157.40316403284669 13.09556654840708 16.691028572618961 11.142793789505957 8.0661135390400869 7.8318030759692183 14.27207999676466 102.36347598582506 13.987626753747463 7.5657105073332778 44.175821661949158 15.140554040670393
leaf_count=64 45 53 39 67 98 37 53 47 142 31 63 47 102 72 41 73 42 45 717 68 74 56 43 38 62 468 63 35 202 70
internal_value=5.58557e-06 -0.00866524 -0.0137806 -0.0193084 -0.0269884 0.00112912 -0.0371309 -0.0184763 0.00175409 0.00844152 0.00600213 0.0110703 0.00677929 0.0102904 0.00406257 -0.0022242 -0.0513717 0.000287402 -0.000495936 -0.0104009 -4.06891e-05 -0.0154569 -0.0286551 0.00110003 0.00498291 0.0102846 0.0260553 -0.00664173 -0.0113793 -0.0031801
internal_weight=638.775 73.2755 62.7882 55.337 45.5698 565.499 32.2159 17.4697 548.03 98.5745 90.3574 77.7061 70.7245 60.6417 45.5935 36.54 15.4827 449.455 421.188 58.4477 37.2861 20.595 21.1617 362.74 190.197 130.623 28.2597 59.5733 51.7415 172.544
internal_count=3057 416 352 313 260 2641 193 92 2549 466 429 366 335 288 216 175 95 2083 1941 286 175 101 111 1655 868 593 125 275 237 787
is_linear=0
shrinkage=0.05


Tree=91
num_leaves=31
num_cat=0
split_feature=1 6 5 1 13 14 19 12 13 6 7 3 6 2 9 0 6 14 9 9 19 1 2 9 19 6 5 14 7 1
split_gain=2.36793 2.69925 3.11385 4.4254 4.14764 3.47625 2.27327 2.1405 3.81073 4.11126 3.99414 3.80623 3.9682 4.01678 4.39797 2.97499 3.77599 4.14698 3.33305 4.69579 3.77396 3.21399 3.84182 2.91809 3.33063 2.81607 4.71181 7.23074 4.61694 3.49422
threshold=0.15995300000000004 0.12739750000000002 0.064809000000000019 0.099302000000000015 0.21972400000000003 0.035679000000000009 4.3855150000000007 0.029251000000000003 0.024371500000000001 0.030934500000000004 0.85335400000000006 0.040526000000000006 0.068247500000000016 0.052231500000000007 0.19062850000000003 2.2636040000000004 0.029272000000000003 0.015987500000000005 0.18324850000000001 0.12698300000000004 1.1515405000000003 0.0076210000000000002 -0.007308499999999999 0.014404500000000002 7.1669980000000004 0.1121545 0.056431500000000009 0.040618000000000008 0.92674800000000013 0.05537050000000001
decision_type=2 2 2 2 2 2 2 2 2 2 2 2 2 2 2 2 2 2 2 2 2 2 2 2 2 2 2 2 2 2
left_child=1 7 5 4 -4 -3 -2 11 -9 10 -10 15 13 14 -13 16 -1 -18 19 -19 -20 -17 -23 -11 25 26 27 29 -28 -25
right_child=6 2 3 -5 -6 -7 -8 8 9 23 -12 12 -14 -15 -16 21 17 18 20 -21 -22 22 -24 24 -26 -27 28 -29 -30 -31
leaf_value=0.024686912485109808 0.037167520555018339 -0.020089968422106544 -0.0386949147899915 -0.05892918143890355 0.021636450339383797 0.013549721341173075 0.0026008934756328044 -0.024373957644266586 -0.037357793423908943 -0.0062673135488194561 0.0046571252250310275 0.034022043249754011 -0.01277641816780715 0.050735795859277559 -0.012635787188694035 0.030007345807130228 -0.033294199922265191 0.0012739456986849654 0.03230585838189353 -0.044068695008507769 -0.0065073448784194318 -0.028128591758260314 0.0097678650682925406 0.0021822177055650662 -0.023023820048014745 -0.017686566900446735 0.011929711837759198 -0.040908010303004567 0.050714584262609566 0.018724729952123622
leaf_weight=9.3712176904082281 8.6434487104415911 13.731340378522875 5.6272072773426789 6.8823027275502673 5.7695811316370964 17.425761088728905 10.576507255434988 16.334241293370724 13.746583733707668 90.009317554533482 9.6117820069193822 11.730869948863985 7.7006623707711688 11.583761706948279 8.8690966889262182 15.045694425702093 14.049431651830671 15.164997279644014 10.920948639512064 9.1583080664277059 14.683834619820116 7.9910754710435858 41.004530720412731 167.95003279298544 10.887737624347208 12.813936799764631 28.762527093291283 8.8160570263862592 10.464793771505354 39.412859097123146
leaf_count=50 44 62 64 43 31 81 53 78 77 402 47 54 43 53 47 74 68 70 52 49 75 40 186 755 56 63 145 41 51 174
internal_value=0.000855386 0.000332471 -0.0108873 -0.0272705 -0.00815239 -0.00127573 0.0181459 0.00127886 -0.000710941 0.000273878 -0.020069 0.00586751 0.0194654 0.0271799 0.013934 0.00192004 -0.0049549 -0.00929673 -0.00254401 -0.0157986 0.0100473 0.00979415 0.00358704 0.00156121 0.00408582 0.00518627 0.00633382 0.00344091 0.0222765 0.0053264
internal_weight=654.74 635.52 49.4362 18.2791 11.3968 31.1571 19.22 586.084 408.81 392.476 23.3584 177.274 39.8844 32.1837 20.6 137.39 73.3487 63.9775 49.9281 24.3233 25.6048 64.0413 48.9956 369.117 279.108 268.22 255.406 216.179 39.2273 207.363
internal_count=3128 3031 281 138 95 143 97 2750 1889 1811 124 861 197 154 101 664 364 314 246 119 127 300 226 1687 1285 1229 1166 970 196 929
is_linear=0
shrinkage=0.05


Tree=92
num_leaves=31
num_cat=0
split_feature=15 8 13 15 1 2 1 2 13 5 11 8 8 1 1 2 11 5 11 2 3 0 7 1 0 0 2 11 2 11
split_gain=1.81187 3.37667 3.46711 2.93294 5.32718 6.72558 4.17544 5.43776 5.53257 5.24991 3.48292 9.04855 4.43834 5.30371 4.28627 4.04606 3.85122 3.58239 3.4325 4.44908 3.42504 4.42604 3.38316 3.77133 3.6958 3.36367 3.81518 3.54146 3.6698 3.47025
threshold=1.0000000180025095e-35 79.531763500000025 -0.035452499999999991 2.5000000000000004 -0.0014834999999999998 -0.007308499999999999 0.0071090000000000016 0.052231500000000007 0.16121750000000004 0.029386000000000006 0.8784185000000001 74.447983000000008 76.375443500000003 0.032275500000000006 -0.005899999999999999 -0.0040099999999999988 0.96151300000000017 0.048398500000000004 0.37171050000000005 0.037341500000000007 0.0075620000000000001 1.9119505000000003 0.95907900000000013 0.074981000000000006 2.2363820000000003 1.4853030000000003 0.040966000000000009 0.32596150000000007 0.027250000000000003 0.12310600000000001
decision_type=2 2 2 2 2 2 2 2 2 2 2 2 2 2 2 2 2 2 2 2 2 2 2 2 2 2 2 2 2 2
left_child=1 2 -1 4 -2 -6 -7 8 18 -9 11 14 -13 -14 -5 -16 -12 -18 20 -20 -8 -22 23 -11 -24 -17 27 29 -29 -27
right_child=3 -3 -4 10 5 6 7 9 -10 22 16 12 13 -15 15 25 17 -19 19 -21 21 -23 24 -25 -26 26 -28 28 -30 -31
leaf_value=0.029887291813693026 0.026280397872791808 0.021357615927815005 -0.0014103406907985333 -0.048325519633470676 -0.042386852057812591 -0.030020752506282174 0.027225912665149805 -0.038120219051511466 -0.025571142994170865 -0.0044509729823238404 -0.029810094597763993 0.060910978584348165 -0.014049720563333626 0.034100035672997998 0.027645594958049743 0.024227154998983955 -0.013288321425998657 0.015589986000138754 0.0073411517967371708 0.037666631571360097 -0.039694091482942361 0.0031262679735606863 -0.02203625396145387 -0.026758756187849238 0.017940658097104632 -0.020525921971394686 0.0042671030538368199 -0.012203979330575277 -0.051701157696553528 0.01834393111315109
leaf_weight=9.648345120251177 12.892548540607093 25.236691273748875 106.78076238557696 4.3730599880218497 12.530354730784891 15.468887880444525 7.836716763675212 14.594161197543142 12.547941640019415 61.729040186852217 15.152022659778593 8.2376448661088926 8.3617287278175372 18.096684962511063 13.800759397447107 12.068733204156159 24.33555780351162 19.221411198377609 34.511062178760767 18.620379887521267 8.7426760643720645 19.482877589762211 7.713336747139695 27.336393810808659 23.081815928220749 10.949880141764881 65.949419062584639 15.331227220594885 9.5407790616154653 12.073563253507016
leaf_count=46 68 118 502 25 67 95 37 65 62 285 73 37 42 79 67 59 111 92 164 88 42 89 37 128 111 58 306 77 47 61
internal_value=-0.000230018 0.00477717 0.00118326 -0.00160851 -0.00510322 -0.00663472 -0.00485463 -0.00320646 0.00551486 -0.00980586 0.00246885 0.00593866 0.0288615 0.0188831 0.000418862 0.00194456 -0.00809757 -0.000544509 0.00988809 0.017969 -0.00201768 -0.0101371 -0.00635832 -0.0112978 0.00792754 -0.0008724 -0.00353321 -0.0142738 -0.0273549 -0.000142454
internal_weight=656.246 141.666 116.429 514.581 277.088 264.196 251.665 236.196 101.742 134.455 237.492 178.783 34.6961 26.4584 144.087 139.714 58.709 43.557 89.1937 53.1314 36.0623 28.2256 119.861 89.0654 30.7952 125.914 113.845 47.8954 24.872 23.0234
internal_count=3138 666 548 2472 1338 1270 1203 1108 482 626 1134 858 158 121 700 675 276 203 420 252 168 131 561 413 148 608 549 243 124 119
is_linear=0
shrinkage=0.05


Tree=93
num_leaves=31
num_cat=0
split_feature=14 14 9 9 3 3 0 8 1 7 1 8 8 8 7 9 7 14 8 1 7 1 7 0 15 1 8 2 7 14
split_gain=2.73789 2.51306 1.77636 4.78921 3.59415 4.81184 3.92557 4.19777 3.16125 4.53432 3.03208 2.5446 4.53924 3.78192 3.76862 4.29053 3.57803 4.95228 4.1103 4.74334 4.29349 6.88043 5.84722 3.89308 3.56204 3.35045 3.0339 2.55139 5.35569 5.32413
threshold=0.29773600000000006 0.10054900000000001 0.014404500000000002 0.0069450000000000007 0.087666000000000008 0.066557500000000019 2.5473815000000006 67.95566700000002 0.030594000000000003 0.86377050000000011 0.046033000000000004 70.588581000000019 73.530269000000018 69.399768500000008 0.96318900000000018 0.10902850000000001 0.91599850000000005 0.017758500000000003 83.31853150000002 0.027541000000000003 0.69908900000000018 0.046726500000000011 0.81638250000000012 3.8776775000000003 1.5000000000000002 0.030850500000000003 86.310349500000015 0.040113000000000003 0.70818100000000006 0.026538000000000003
decision_type=2 2 2 2 2 2 2 2 2 2 2 2 2 2 2 2 2 2 2 2 2 2 2 2 2 2 2 2 2 2
left_child=1 2 3 4 5 10 -6 -8 -5 -10 -1 13 24 27 16 -16 17 -14 20 -20 21 23 -22 -19 -13 -26 -21 28 29 -4
right_child=-2 -3 11 8 6 -7 7 -9 9 -11 -12 12 14 -15 15 -17 -18 18 19 26 22 -23 -24 -25 25 -27 -28 -29 -30 -31
leaf_value=0.0094647842281640696 -0.022713771889748796 0.024029130208120402 -0.0024137257948212403 -0.0023464403890613721 -0.031848989489288042 0.042989883509309594 -0.029986541216390224 0.010672576536462131 -0.060951786660840647 -0.013271803297747796 -0.025270530164539569 0.0039429115934979464 0.028216189827675903 -0.027777311195672495 0.043667687511303732 -0.0026385795596637093 -0.028343915885085971 0.00053953805040743463 -0.018830749406068801 0.045012330470794032 -0.041807954081747083 0.032175124714259928 0.0062207112309563732 -0.041004713295802193 0.012645261045878299 0.053342289255128621 0.008517567464891072 0.0041094082479160455 -0.011983987753229786 0.029836020823353376
leaf_weight=28.491275487467647 13.877143647521732 10.470453485846518 47.457859836518764 12.023470401763914 14.243223845958708 8.7996751517057401 8.7006150260567647 23.477815262973309 9.0718526244163531 11.072032645344732 8.0598568171262723 16.885078579187393 14.394426971673964 13.636501282453535 10.436745315790178 9.6068738251924497 11.591528326272963 15.790222041308882 9.4848849177360517 9.4346489608287829 18.394890531897548 11.786796297878025 9.6675521060824376 8.7717722207307798 9.2143774032592791 11.20967774838209 14.366620555520056 140.56250023841858 104.90362689644098 17.52326924353838
leaf_count=150 97 63 217 55 65 38 45 111 40 48 39 77 67 63 47 44 52 74 49 41 84 52 44 47 43 50 62 655 533 80
internal_value=-0.000741935 -0.000265169 -0.000669538 -0.00603345 -0.000214454 0.0097966 -0.00999458 -0.000321102 -0.0226349 -0.0347446 0.00180533 0.000646589 0.00539479 -0.0020058 0.00136096 0.0214732 -0.00189834 0.000836421 -0.00319763 0.0110688 -0.0105702 0.000772435 -0.025262 -0.0142971 0.0209344 0.0349817 0.0229838 -0.000873774 -0.00499685 0.00628297
internal_weight=653.407 639.53 629.06 123.94 91.7725 45.3508 46.4217 32.1784 32.1674 20.1439 36.5511 505.12 181.036 324.084 143.727 20.0436 123.683 112.092 97.6974 33.2862 64.4112 36.3488 28.0624 24.562 37.3091 20.4241 23.8013 310.447 169.885 64.9811
internal_count=3132 3035 2972 591 448 227 221 156 143 88 189 2381 833 1548 663 91 572 520 453 152 301 173 128 121 170 93 103 1485 830 297
is_linear=0
shrinkage=0.05


Tree=94
num_leaves=31
num_cat=0
split_feature=7 7 7 0 5 4 2 9 4 4 8 8 5 8 9 5 5 9 4 4 8 3 9 9 3 8 8 0 8 6
split_gain=2.01782 3.99709 6.55718 4.9317 3.58066 4.79552 6.07995 4.64886 3.68832 5.18104 5.80222 4.03433 3.21314 3.01622 3.93674 2.83169 2.80522 2.67626 4.9039 2.46086 2.14617 4.48818 2.96359 4.39534 2.70768 5.82235 3.85997 5.59275 3.47457 2.95959
threshold=0.96632750000000012 0.91853550000000006 0.90030300000000019 5.2477765000000014 0.049017500000000006 -0.025238499999999994 0.056788500000000006 0.043847500000000005 0.19929550000000004 0.099445500000000006 65.160027000000014 81.40725350000001 0.062567500000000012 64.748346000000012 0.14748750000000002 0.080017000000000019 0.036687000000000004 0.055446000000000009 0.0026030000000000007 0.053727000000000004 62.676617 0.04358900000000001 0.36159850000000004 0.54077750000000013 0.10228300000000001 67.164526000000009 66.128717000000009 1.6791820000000002 72.727274500000007 0.08900000000000001
decision_type=2 2 2 2 2 2 2 2 2 2 2 2 2 2 2 2 2 2 2 2 2 2 2 2 2 2 2 2 2 2
left_child=1 2 20 13 8 -6 7 -7 9 10 17 -10 -8 14 -3 -14 -11 -2 -19 -4 22 -22 -1 -24 26 -26 -23 -28 -27 -29
right_child=4 3 19 -5 5 6 12 -9 11 16 -12 -13 15 -15 -16 -17 -18 18 -20 -21 21 24 23 -25 25 28 27 29 -30 -31
leaf_value=-0.0066677627285486422 -0.013311057775802862 0.012819413861676097 0.010864135428393143 0.016169209003078455 0.034538548249744276 -0.063433714511790196 -0.01186870060317196 -0.01212121262698336 0.056022019656237244 -0.03145964258655911 0.045481192813939524 0.0070144547166194199 0.041263564156855705 -0.035759160302081636 -0.034904224468334959 0.00061535790340874405 0.0062490739099147182 -0.0045916988481031042 0.038585056585047461 0.047966614570605429 0.015120114691587576 0.016704065814085744 0.033885337495412948 -0.010758182176851523 -0.032515346681949692 0.029579233847189926 -0.046668933085124965 -0.011591344014188498 0.0041364915488669753 0.014516154082389255
leaf_weight=161.60634090006351 11.901712775230406 10.166374769061806 8.3942741379141825 10.516070272773502 7.3516809083521357 7.0415831152349737 16.017459765076637 11.829541787505148 9.1768575906753558 10.690231353044512 12.605028778314589 7.7423034161329261 7.9028246998786953 20.157951846718788 7.5159316733479491 9.3579261824488622 9.1563434749841672 14.322129473090174 12.159654662013052 9.5575508214533311 57.030799373984337 14.418762654066084 11.697538621723654 10.428634628653525 9.419136103242634 16.44140250235796 9.850516125559805 53.978184070438147 72.990609757602215 13.587847847491501
leaf_count=784 54 51 39 48 38 65 71 63 42 47 56 41 35 90 40 59 40 72 56 44 266 65 54 62 51 75 48 248 337 62
internal_value=0.00105994 -0.000461146 0.0010086 -0.0141203 0.00620156 -0.00326709 -0.00859669 -0.031268 0.0126217 0.00761195 0.0160484 0.0335959 0.00425957 -0.022538 -0.0074657 0.0192261 -0.0140625 0.00638279 0.0152338 0.0306175 -0.000223371 0.00281368 -0.00431808 0.0128437 -0.000866946 0.00487584 -0.00704846 -0.0114723 0.00881395 -0.006341
internal_weight=645.013 497.758 449.402 48.3563 147.255 59.501 52.1493 18.8711 87.7543 70.8351 50.9885 16.9192 33.2782 37.8403 17.6823 17.2608 19.8466 38.3835 26.4818 17.9518 431.45 247.717 183.733 22.1262 190.686 98.8511 91.8353 77.4165 89.432 67.566
internal_count=3103 2364 2135 229 739 331 293 128 408 325 238 83 165 181 91 94 87 182 128 83 2052 1152 900 116 886 463 423 358 412 310
is_linear=0
shrinkage=0.05


Tree=95
num_leaves=31
num_cat=0
split_feature=0 4 6 6 6 6 15 13 8 6 15 5 11 18 2 0 8 12 13 6 15 11 15 0 15 13 8 0 8 8
split_gain=1.61116 3.47123 4.66862 3.37984 4.71906 2.9947 2.89207 4.76598 4.252 3.4227 3.58128 5.2857 3.25671 3.33271 2.66372 3.91904 3.3641 3.96692 3.2712 7.12577 3.20208 3.74042 4.41967 3.68962 2.90627 2.79076 6.58848 4.46106 3.66205 3.60576
threshold=2.1188090000000002 0.30100200000000005 0.06624300000000001 0.029272000000000003 0.027130000000000005 0.031775000000000005 1.0000000180025095e-35 0.09451950000000002 81.139808000000016 0.029272000000000003 1.5000000000000002 0.043279000000000005 0.76654000000000011 0.70000000000000007 0.08701200000000002 4.2080160000000006 58.832986500000011 0.08260300000000001 0.11239350000000002 0.10179900000000001 1.5000000000000002 0.86180550000000011 2.5000000000000004 8.761865000000002 1.5000000000000002 0.11987450000000001 61.788612000000008 2.3321950000000005 52.861692500000011 44.506516000000012
decision_type=2 2 2 2 2 2 2 2 2 2 2 2 2 2 2 2 2 2 2 2 2 2 2 2 2 2 2 2 2 2
left_child=1 6 -3 4 -2 -5 7 -1 9 -8 11 -11 -12 -14 25 18 -17 -18 -16 24 23 22 -22 -19 -20 26 28 -27 29 -7
right_child=3 2 -4 5 -6 14 8 -9 -10 10 12 -13 13 -15 15 16 17 20 19 -21 21 -23 -24 -25 -26 27 -28 -29 -30 -31
leaf_value=-0.0068162263849262869 0.0013203663122444019 0.041689449146057121 -0.0028768541956709901 0.028106404951236858 -0.048918147412306337 -0.0089264890666341905 0.015419693740151475 0.031228654781545708 -0.045085976265266892 -0.0090864074959265389 -0.011251172810186665 -0.051966006392025678 -0.0034534768945672328 0.035294345426459421 -0.038516799871312984 0.026571093884260412 -0.033072290721854712 0.031077758227647519 -0.012053204139168983 -0.038290550669522347 -0.016722117078462547 -0.020625923618946402 0.026244529045897819 -0.0020012712242143313 0.024575808029249961 0.031035873997067379 0.017389225989719228 -0.0094918381404755711 -0.010559500955741928 0.0160267117066254
leaf_weight=24.696363046765327 11.438162297010424 9.1704714447259921 16.359870940446854 10.836494475603102 7.9047358185052863 22.177088113501668 14.299513082951306 12.347668580710886 8.0629780888557416 19.114425219595436 64.666894912719727 11.517339110374449 15.728380218148233 8.5747340843081457 11.908514507114885 11.902858216315506 9.0693485587835294 15.918488122522829 9.4594491049647349 12.515827141702173 10.712867751717569 23.754517931491137 13.561624214053152 17.918838366866112 12.666882343590258 7.7140799388289443 90.478984244167805 56.686627246439457 51.467015752568841 41.696904832497239
leaf_count=121 57 39 74 49 42 113 76 56 41 91 320 63 76 39 59 62 42 76 44 61 51 110 66 90 57 36 402 271 239 219
internal_value=-0.000437192 -0.00411643 0.0131313 0.00123592 -0.0192103 0.0021547 -0.00657632 0.00586505 -0.00982276 -0.00769936 -0.0104635 -0.0252089 -0.00538672 0.0102177 0.0014845 -0.00387336 0.00157525 -0.00169654 -0.0159103 -0.00813909 0.00177934 -0.00652069 0.0072824 0.0135605 0.00891617 0.00444654 0.00728887 -0.00463733 -0.000634339 0.00736295
internal_weight=654.328 204.539 25.5303 449.789 19.3429 430.446 179.008 37.044 141.964 133.901 119.602 30.6318 88.97 24.3031 419.61 149.389 102.839 90.9357 46.5507 34.6422 81.8663 48.029 24.2745 33.8373 22.1263 270.221 205.82 64.4007 115.341 63.874
internal_count=3142 996 113 2146 99 2047 883 177 706 665 589 154 435 115 1998 718 497 435 221 162 393 227 117 166 101 1280 973 307 571 332
is_linear=0
shrinkage=0.05


Tree=96
num_leaves=31
num_cat=0
split_feature=13 6 3 11 3 5 11 9 13 3 3 0 11 6 0 7 14 13 6 0 1 6 0 0 0 14 7 5 3 7
split_gain=2.65676 3.28873 2.59716 3.97002 5.52231 3.08907 7.0089 5.26902 4.36557 3.4137 3.86283 3.37507 4.21711 3.47702 3.98287 3.18601 2.97721 2.87354 2.8949 5.97963 3.58804 2.8731 2.84132 6.46385 3.41181 3.88714 3.13492 2.60995 4.2576 6.08398
threshold=-0.070597499999999994 0.05882550000000001 -0.011894999999999998 0.096006000000000022 -0.019337499999999997 0.04997300000000001 0.28660700000000006 0.14646850000000003 0.068970500000000004 0.18662300000000004 0.044431000000000005 1.5409095000000004 0.54951000000000005 0.17252950000000003 1.8441310000000002 0.4587775 0.020948500000000005 0.14370150000000001 0.14144500000000002 3.6061075000000007 0.041469000000000006 0.052332500000000004 12.393795500000001 8.761865000000002 6.455159000000001 0.028212500000000005 0.82352950000000014 0.042406000000000006 0.062785500000000008 0.59735900000000008
decision_type=2 2 2 2 2 2 2 2 2 2 2 2 2 2 2 2 2 2 2 2 2 2 2 2 2 2 2 2 2 2
left_child=1 -1 3 -2 16 15 -7 8 -8 10 -9 -10 -13 14 -14 -4 -5 -16 19 20 -19 -18 23 24 27 -26 -25 28 -17 -30
right_child=2 -3 5 4 -6 6 7 9 11 -11 -12 12 13 -15 17 22 21 18 -20 -21 -22 -23 -24 26 25 -27 -28 -29 29 -31
leaf_value=0.00042315779917085163 0.018728397009337937 0.041064066395998799 -0.020966086549858761 -0.036988554224747602 -0.056021448415265601 -0.032229793152644952 -0.043537307330335971 -0.0010290825568583645 0.02529648093440548 -0.013205665614807002 0.036666781283553711 0.025964349735866751 -0.038560266076322472 -0.040910241789581275 0.023075527244026145 0.0039175726030966571 0.02568887391550952 0.028999499957746047 0.012644513306584729 -0.038776041070187832 -0.015387453945575775 -0.015915418902460825 0.017338800649041634 -0.044157695599280435 0.033494943297455608 -0.0077448735354112624 -0.0041942851435535933 0.0095106059377465819 -0.043908634379071172 -0.0047480012871502142
leaf_weight=12.424788996577265 7.5722705647349349 8.3052317798137647 15.189603939652441 6.8149122223258045 8.5230379551649076 22.875059824436903 8.11683117225766 11.103235840797426 8.2168552577495557 9.037082474678753 17.519285582005978 8.0803340859711152 9.1411867775022966 9.1613521017134172 8.9092890173196775 167.08486142754555 7.3386776968836811 7.9158784039318588 12.488576930016277 15.216663148254154 10.716648794710634 9.5494193062186223 29.378209143877029 11.131232738494875 17.642696931958202 8.4509671628475171 8.7764537185430509 76.709579981863499 11.175368942320345 88.158480323851109
leaf_count=62 37 45 87 35 42 133 47 61 44 49 86 39 46 47 49 764 37 42 63 78 50 56 134 50 78 40 41 351 54 391
internal_value=-0.000907759 0.0167054 -0.00148549 -0.0138496 -0.0215046 -0.000654563 -0.00662812 -0.00230998 -0.00842043 0.0135851 0.0220438 -0.00524794 -0.00832254 -0.0120894 -0.00798865 0.00152852 -0.00909312 -0.00293027 -0.00793036 -0.0155214 0.00346998 0.00216362 0.00234495 0.00121296 0.00270932 0.0201386 -0.0265395 0.00138388 -0.000956032 -0.0091537
internal_weight=652.724 20.73 631.994 39.7983 32.226 592.196 158.498 135.623 97.9636 37.6596 28.6225 89.8468 81.6299 73.5496 64.3882 433.697 23.703 55.2471 46.3378 33.8492 18.6325 16.8881 418.508 389.13 369.222 26.0937 19.9077 343.128 266.419 99.3338
internal_count=3138 107 3031 207 170 2824 834 701 505 196 147 458 414 375 328 1990 128 282 233 170 92 93 1903 1769 1678 118 91 1560 1209 445
is_linear=0
shrinkage=0.05


Tree=97
num_leaves=31
num_cat=0
split_feature=12 8 8 4 0 0 8 4 9 6 2 1 2 14 19 8 0 9 9 1 1 2 13 2 12 4 4 14 1 4
split_gain=3.24101 4.71113 2.98502 8.04112 3.64624 5.23833 2.58027 2.55631 3.45266 5.14792 4.51002 2.50488 2.16686 7.6837 3.91534 6.63778 4.38608 3.59564 4.58824 4.02014 3.84629 2.93999 2.42862 5.16428 5.14279 3.43249 3.41749 5.04547 6.28771 4.81377
threshold=0.17966900000000002 71.436930500000017 86.310349500000015 0.46226850000000003 2.5473815000000006 5.7162990000000002 79.859798000000012 0.23925600000000002 0.047415500000000006 0.10537950000000001 0.057747500000000007 0.057983000000000007 0.0082170000000000003 0.014457500000000002 3.4131480000000001 60.339212000000011 3.6061075000000007 0.18090150000000002 0.29095700000000008 0.017638500000000005 0.0064910000000000011 0.012249500000000002 0.16121750000000004 0.069924500000000014 0.10936000000000003 0.14521950000000003 0.14909550000000002 0.021949000000000003 0.038231000000000008 0.13064550000000003
decision_type=2 2 2 2 2 2 2 2 2 2 2 2 2 2 2 2 2 2 2 2 2 2 2 2 2 2 2 2 2 2
left_child=7 -2 4 -4 -3 -6 -7 12 10 -10 -9 -12 13 -1 16 -16 17 19 -19 20 -15 -14 24 -24 26 -26 29 -28 -29 -23
right_child=1 2 3 -5 5 6 -8 8 9 -11 11 -13 21 14 15 -17 -18 18 -20 -21 -22 22 23 -25 25 -27 27 28 -30 -31
leaf_value=0.041265748428863221 -0.047885379004343809 -0.023315005837643205 -0.052684864880353392 0.0081516227953261425 0.043898177380298158 -0.022761187010612402 0.015680408890584981 -0.032382707864940699 0.041590206885834473 -0.0072736602207958828 -0.0037151140115778587 0.0298510286184775 -0.026132773576180386 -0.0149743183315291 -0.050801135346776063 0.017479468244610642 0.037387187735771474 0.038280593019382532 -0.0072190327237525364 -0.028531620381798246 0.031546518219203214 -0.0015002544337582447 -0.015348753785981368 0.019785608148931745 -0.051990575559215407 -0.010960911033088758 0.018023155249204267 -0.055054167615025566 -0.0056285688098337795 0.027265844763727523
leaf_weight=13.167747927829621 7.9051874764263621 10.190140441060064 10.557749416679146 11.186885237693785 8.6013864800333995 8.8367812223732489 8.6265110895037633 8.241303928196432 15.532009683549406 8.2547561079263669 12.838805459439756 9.8010656088590604 12.806832667440174 9.8463818132877368 8.8022157885134202 5.9757125265896311 9.1613698638975603 11.17354264855385 10.991069689393042 15.863772690296171 8.0966708138585073 300.59774520993233 15.271331299096344 33.189247213304043 8.3580963574349898 13.06642661243677 7.9792127609252921 11.503847729414703 14.602820720523594 15.282706987112759
leaf_count=73 52 47 53 52 40 46 45 38 70 43 56 44 63 51 67 30 43 56 52 78 40 1413 75 155 41 58 35 58 69 70
internal_value=-0.00116778 -0.0116752 -0.00673987 -0.0213865 0.00204479 0.0119594 -0.00377182 2.5334e-05 0.0103157 0.0246329 -0.000712456 0.0108161 -0.00104469 0.005876 4.44534e-05 -0.0231907 0.00531625 6.69042e-05 0.0157181 -0.0101944 0.00601787 -0.00253355 -0.0018137 0.00871375 -0.00318736 -0.0269673 -0.00173158 -0.0167728 -0.0274079 -0.000108513
internal_weight=646.309 65.9046 57.9995 21.7446 36.2548 26.0647 17.4633 580.405 54.6679 23.7868 30.8812 22.6399 525.737 93.0785 79.9107 14.7779 65.1328 55.9714 22.1646 33.8068 17.9431 432.658 419.851 48.4606 371.391 21.4245 349.966 34.0859 26.1067 315.88
internal_count=3113 335 283 105 178 131 91 2778 251 113 138 100 2527 490 417 97 320 277 108 169 91 2037 1974 230 1744 99 1645 162 127 1483
is_linear=0
shrinkage=0.05


Tree=98
num_leaves=31
num_cat=0
split_feature=12 15 3 7 3 3 9 3 3 12 19 14 19 0 0 3 15 19 19 1 12 1 4 19 7 14 1 12 5 5
split_gain=2.31395 2.27369 3.75034 3.51755 2.45819 9.05488 6.22472 5.1158 5.46895 4.04592 3.73758 3.80419 5.83042 3.10554 2.80184 2.32953 1.94467 1.7333 2.6695 4.5317 2.83403 5.76459 4.10133 2.20474 3.51183 2.06363 2.15596 4.95358 3.48216 2.23741
threshold=0.35813700000000009 1.0000000180025095e-35 -0.010485 0.67470950000000018 0.12510300000000005 0.094466000000000008 0.11045800000000001 0.060923000000000012 0.073238500000000012 0.057347500000000003 0.99259900000000012 0.013975500000000002 1.4281410000000003 4.0650730000000008 5.2477765000000014 0.0088110000000000011 1.5000000000000002 0.80154000000000003 1.1515405000000003 0.023225500000000003 0.07413850000000001 0.043184000000000007 0.03186350000000001 1.2858070000000001 0.8598245000000001 0.010435500000000002 0.0058535000000000002 0.076021500000000006 0.035129500000000008 0.029642500000000006
decision_type=2 2 2 2 2 2 2 2 2 2 2 2 2 2 2 2 2 2 2 2 2 2 2 2 2 2 2 2 2 2
left_child=1 4 3 -3 5 7 14 9 -9 10 -1 -12 -13 15 -6 -14 -5 -4 19 -19 21 22 -21 24 -20 -25 27 28 -27 -28
right_child=-2 2 17 16 6 -7 -8 8 -10 -11 11 12 13 -15 -16 -17 -18 18 23 20 -22 -23 -24 25 -26 26 29 -29 -30 -31
leaf_value=-0.015942712619799161 -0.023904673718216956 0.0045334102953678698 -0.018999930178384174 -0.046191625006931358 -0.0084062131030028988 0.049153659771948077 -0.038645974098002633 -0.041688570824393242 0.0066859651053135022 -0.015104529883249621 -0.012755599603987531 0.051031107764986809 -0.01775842999013608 0.03699271325663863 0.031264478544540945 0.016161681963188897 -0.016797881828741347 -0.011268974819893675 -0.030697974341913431 0.043400855368899059 0.03699384997177136 -0.025136566937188611 0.0018984538768900998 0.022930115096364587 0.002813709973237002 -6.7001390190073778e-05 -0.0079301216765729765 0.014031841233184206 -0.04093187042363839 0.0029085479458805766
leaf_weight=7.9352527931332579 9.8259153068065626 13.212446060031651 11.456096332520245 8.8609259016811865 9.2666250094771438 12.777064867317675 9.9936763048171979 10.983124025166036 12.483442403376101 12.503082163631914 7.2919019609689704 15.574554063379763 8.3529621809721046 9.6666032671928388 8.5644426792860013 12.846002735197542 15.417952895164488 17.875759456306696 15.31576229631901 11.994146257638933 14.173670511692761 8.5124328657984716 11.818185746669768 9.7541804891079646 15.968825459480284 8.2029913142323512 58.409308254718781 11.735996492207049 14.301899470388888 257.61651834100485
leaf_count=39 49 65 61 48 42 59 49 50 59 59 34 70 43 45 43 59 83 92 75 54 66 44 53 58 75 42 261 67 94 1207
internal_value=0.000175879 0.000543939 -0.0010124 -0.0162275 0.00622521 0.0095723 -0.00705666 0.00439256 -0.0159549 0.0108302 0.0160885 0.020819 0.0260908 0.013506 0.010648 0.00279625 -0.0275256 0.000208732 0.000691651 0.010127 0.0183524 0.0101785 0.022803 -0.000860568 -0.0135924 0.00024578 -0.00038593 -0.0123033 -0.0260367 0.000905296
internal_weight=652.692 642.866 504.627 37.4913 138.239 110.414 27.8247 97.6369 23.4666 74.1704 61.6673 53.732 46.4401 30.8656 17.8311 21.199 24.2789 467.136 455.68 64.3742 46.4984 32.3248 23.8123 391.305 31.2846 360.021 350.267 34.2409 22.5049 316.026
internal_count=3145 3096 2445 196 651 517 134 458 109 349 290 251 217 147 85 102 131 2249 2188 309 217 151 107 1879 150 1729 1671 203 136 1468
is_linear=0
shrinkage=0.05


Tree=99
num_leaves=31
num_cat=0
split_feature=12 3 18 12 2 11 18 7 14 14 8 15 8 8 3 2 19 5 3 5 14 1 3 14 1 2 2 5 2 7
split_gain=2.97512 2.99305 1.99369 4.5046 4.25579 5.59926 3.88671 4.28531 3.36101 3.72619 7.35124 3.19338 5.96542 5.18906 3.75801 3.22464 3.17574 6.13223 4.73163 4.05511 3.78312 2.76085 2.58134 2.51432 4.45366 3.00084 3.94409 4.05791 3.06173 5.03849
threshold=0.35813700000000009 0.28676850000000004 0.50000000000000011 0.12150950000000002 0.024308500000000004 0.096006000000000022 0.70000000000000007 0.93405800000000017 0.025111000000000005 0.020642500000000005 57.217397500000011 1.0000000180025095e-35 47.386463000000006 56.953752500000007 -1.0000000180025095e-35 0.023113000000000005 1.6140520000000003 0.040133500000000009 0.026066500000000003 0.032094500000000005 0.015103 0.030330500000000003 0.0099135000000000004 0.015747500000000005 0.026953500000000002 0.13862700000000003 0.14960250000000003 0.046313500000000007 0.046463500000000005 0.79959850000000021
decision_type=2 2 2 2 2 2 2 2 2 2 2 2 2 2 2 2 2 2 2 2 2 2 2 2 2 2 2 2 2 2
left_child=1 2 3 8 5 -4 7 22 9 16 -11 15 -13 14 -14 -10 19 18 -18 20 -1 -15 -7 24 -6 28 -27 -28 29 -25
right_child=-2 -3 4 -5 23 6 -8 -9 11 10 -12 12 13 21 -16 -17 17 -19 -20 -21 -22 -23 -24 25 -26 26 27 -29 -30 -31
leaf_value=0.0010016926387722903 -0.02925639151300128 0.019764880498988776 -0.024546959727491643 0.030018310711495445 -0.034354539194108392 -0.0094582280076940198 0.038644899540484522 -0.02468270532090024 -0.010259411244963747 -0.0029605107755444624 0.046574388781862569 0.017374485836931235 -0.0088789416471393399 -0.031965186764110802 -0.05646157996285104 0.02995788081365991 -0.048980098957743232 0.019601313263421377 -0.00040573094673213993 -0.013353689878174344 0.04099090687139878 0.0025880026789006413 0.022678106645219357 -0.023223044979463189 0.0014737289161188842 -0.041374935244539876 0.012756926705537018 -0.02004193890710405 0.0017052513688387981 0.0044421638468885478
leaf_weight=10.719610720872881 8.8181886225938779 18.571311548352242 10.519356980919836 14.909662097692488 18.365892045199871 8.0742517039179784 13.456975806504486 8.1928998939692956 9.3099621310830134 14.651831520721318 15.322941198945044 13.700173053890465 6.2212804257869747 7.9543137587606934 12.460843484848736 10.727037355303763 10.995521858334547 10.96959003061056 9.215108819305895 11.234575308859347 13.193610921502112 21.158942967653275 27.638199150562286 36.113061126321554 16.435996524989605 10.754056584089993 15.473939031362532 24.144955083727837 210.09692050516605 30.238373149186373
leaf_count=50 44 93 52 76 93 41 63 41 47 73 67 73 32 48 79 50 53 66 42 56 58 96 131 174 73 52 75 123 971 145
internal_value=-0.000411757 -1.48325e-05 -0.000605166 0.00361966 -0.00250111 0.00898646 0.015136 0.00793049 0.00140641 0.00773114 0.0223615 -0.00606409 -0.0117125 -0.02005 -0.0406162 0.0112714 0.00111944 -0.0104965 -0.0268324 0.0114241 0.0230649 -0.00685261 0.0154124 -0.00465748 -0.0174338 -0.00329698 -0.0145209 -0.0072317 -0.00125182 -0.0106152
internal_weight=649.639 640.821 622.25 192.745 429.505 67.8817 57.3623 43.9054 177.835 96.3028 29.9748 81.5326 61.4956 47.7954 18.6821 20.037 66.328 31.1802 20.2106 35.1478 23.9132 29.1133 35.7125 361.623 34.8019 326.821 50.373 39.6189 276.448 66.3514
internal_count=3137 3093 3000 966 2034 328 276 213 890 465 140 425 328 255 111 97 325 161 95 164 108 144 172 1706 166 1540 250 198 1290 319
is_linear=0
shrinkage=0.05


Tree=100
num_leaves=31
num_cat=0
split_feature=12 5 5 0 12 14 7 14 7 13 7 14 1 6 1 5 14 11 6 1 7 0 19 19 5 11 0 14 1 7
split_gain=2.34559 1.97794 6.05167 3.97876 4.04642 4.19936 4.8818 4.59826 4.14079 3.53616 2.76305 2.71681 2.57725 2.36651 3.29678 2.29674 2.49594 4.44977 5.24606 4.75634 5.77128 4.76408 4.36941 5.75508 5.71125 3.65413 4.97564 4.53086 4.13404 3.25723
threshold=0.35813700000000009 0.059898500000000007 0.058614000000000006 1.6425670000000003 -0.0068439999999999994 0.049532500000000007 0.98138500000000006 0.044501500000000006 0.7850990000000001 -0.24272649999999998 0.76172150000000016 0.074816000000000007 -0.0088524999999999975 0.035365500000000001 0.0041695000000000005 0.022458000000000002 0.020809000000000005 0.53587350000000011 0.06466050000000001 0.040270500000000008 0.82070450000000006 2.4078160000000008 1.7726575000000002 3.5401890000000003 0.042166000000000002 0.42561500000000002 1.9657935000000002 0.017568500000000004 0.024928500000000003 0.84978000000000009
decision_type=2 2 2 2 2 2 2 2 2 2 2 2 2 2 2 2 2 2 2 2 2 2 2 2 2 2 2 2 2 2
left_child=1 2 12 10 9 7 11 8 -6 -5 -3 -7 -1 14 -14 -15 25 18 19 20 21 -18 29 24 -24 26 -17 28 -27 -20
right_child=-2 3 -4 4 5 6 -8 -9 -10 -11 -12 -13 13 15 -16 16 17 -19 22 -21 -22 -23 23 -25 -26 27 -28 -29 -30 -31
leaf_value=-0.021992838781011333 -0.023689195808492425 -0.0053377972794749901 0.040976392902356468 -0.014897431333712975 0.0015831004805112459 -0.0040829549424774717 0.025527158670159401 -0.06174466433871531 -0.038392698600442858 0.030174499592884176 0.033205645656350945 -0.03997525613128388 0.018162658743956967 0.021508377673716376 -0.0087018147237384932 -0.035660316937281791 0.05080592486182775 0.0010181394272309851 0.002715660988866323 0.044145064022707951 -0.013385947323674735 0.001839465366411262 0.049381735839714336 -0.020876000262957051 -0.0010738655559006415 0.047842852277980463 -0.0031615259998234108 -0.0067392327430040484 0.0029514101013776331 -0.038330814176900138
leaf_weight=11.129884414374827 9.5183930695056898 8.4290043897926825 10.05169492214918 7.3797442242503193 13.509299829602243 17.269459597766403 10.56858225725591 7.6276059076189986 12.445585831999777 10.605729818344114 10.370428457856177 7.5891900993883601 13.31777151674032 17.775736190378666 80.150268159806728 15.397223487496374 11.541172966361048 190.50783802568913 10.490270227193834 19.999080292880535 12.579446338117121 8.7207020223140699 12.722687587141996 8.5993176326155645 10.030231699347494 10.098084434866907 50.098842844367027 24.724035635590553 10.420842304825781 8.9625697582960111
leaf_count=56 47 46 46 45 64 93 70 37 84 56 58 62 69 78 392 73 50 883 47 88 60 40 58 41 45 45 223 114 45 40
internal_value=0.000949828 0.0013145 0.00254491 -0.00493459 -0.00944211 -0.0149472 -0.00293854 -0.0276155 -0.0175856 0.0116807 0.0159241 -0.0150406 0.00181226 0.00232559 -0.00487404 0.0039177 0.00314543 0.00555411 0.0138916 0.0249217 0.0132155 0.0297308 0.00241951 0.0139696 0.0271393 -0.00325271 -0.0108015 0.00767537 0.0250441 -0.0161958
internal_weight=652.631 643.112 537.318 105.795 86.9952 69.0097 35.4272 33.5825 25.9549 17.9855 18.7994 24.8586 527.266 516.136 93.468 422.668 404.892 294.153 103.645 52.8404 32.8413 20.2619 50.8051 31.3522 22.7529 110.739 65.4961 45.243 20.5189 19.4528
internal_count=3155 3108 2493 615 511 410 225 185 148 101 104 155 2447 2391 461 1930 1852 1352 469 238 150 90 231 144 103 500 296 204 90 87
is_linear=0
shrinkage=0.05


Tree=101
num_leaves=31
num_cat=0
split_feature=19 0 6 8 7 8 6 19 19 0 0 12 5 5 9 12 19 8 7 8 1 5 6 8 12 5 2 9 8 19
split_gain=4.12157 5.49717 3.0743 5.01243 4.27025 5.16516 4.75348 4.1263 4.26309 3.89335 3.52432 3.46755 4.13459 3.95243 3.21674 3.00105 4.23555 4.052 4.36604 4.00693 4.98317 3.66361 3.89059 2.97811 6.42015 5.05328 4.42362 4.83237 4.2665 3.90349
threshold=0.9500455000000001 1.6228845000000003 0.06466050000000001 66.695552000000006 0.68004250000000022 28.608631000000003 0.030934500000000004 1.1857930000000001 1.3273355000000002 1.6334680000000004 2.0075645000000004 0.024120500000000003 0.042595500000000008 0.027954000000000003 0.043847500000000005 0.017348000000000002 1.2803920000000002 79.181511000000015 0.70818100000000006 76.066974500000015 0.010537500000000002 0.027954000000000003 0.049125500000000009 66.29699650000002 0.067350000000000007 0.049017500000000006 0.042865500000000008 0.025731500000000004 71.327282000000011 1.6437355000000002
decision_type=2 2 2 2 2 2 2 2 2 2 2 2 2 2 2 2 2 2 2 2 2 2 2 2 2 2 2 2 2 2
left_child=1 -1 4 -4 6 -6 -2 -8 -9 -5 -11 -10 13 -13 -15 16 -7 18 -17 20 -20 -19 -23 24 25 29 28 -28 -25 -22
right_child=2 -3 3 9 5 15 7 8 11 10 -12 12 -14 14 -16 17 -18 21 19 -21 23 22 -24 26 -26 -27 27 -29 -30 -31
leaf_value=0.0034729204961593883 -0.030239560904524468 -0.033131458597733206 -0.011363786705098394 0.041578104744620405 0.056015458417372335 -0.02244987221009272 0.028478336823190471 -0.039332662382009914 0.0193708098237938 -0.027699890735178846 0.0035546662530303108 0.01206511672881583 0.014204298744661687 -0.0072774301689206879 -0.042266634130966256 0.045449003940684352 0.0062407168537589207 0.02275569936846748 0.037137955020285794 0.03690620761163832 0.02407657275638472 -0.032148805753880808 0.0082282180055447303 -0.0094774452813458435 0.050059184548881343 -0.030122094956441386 -0.047537647877456277 -0.0012719695817260805 0.033669480947508809 -0.004043168712498213
leaf_weight=20.262820161879063 15.001944594085215 20.77080500125885 103.12376565858722 6.2856256291270247 5.4497207254171363 19.01684096455574 11.257437728345392 7.6577759161591521 17.305450618267059 9.7105025202035886 126.7743198685348 9.257805719971655 16.539647903293371 12.337954498827459 14.048207923769949 9.9262804239988309 39.757958754897118 8.3163026571273786 13.486720532178877 13.637822687625883 27.762394204735756 14.572162397205831 10.101909831166266 12.184678554534914 9.3873782381415349 8.5015710294246656 9.5056442618370074 13.892652004957197 10.814699590206144 22.218802779912949
leaf_count=106 80 109 555 30 26 95 51 37 79 45 598 42 80 60 68 43 197 36 64 60 123 67 45 55 45 45 42 62 47 99
internal_value=0.000273247 -0.0150558 0.00132539 -0.00296417 0.00432243 0.00787501 -0.00421607 0.000200041 -0.00392639 0.00310292 0.00133099 -2.45775e-05 -0.00645659 -0.0160437 -0.025906 0.00679574 -0.00304225 0.00993301 0.0133946 0.0111443 0.00839419 -0.00594457 -0.0156179 0.00500164 0.0116757 0.00551451 -0.00476104 -0.0200676 0.010811 0.0115761
internal_weight=638.868 41.0336 597.834 245.894 351.94 248.534 103.406 88.4043 77.1468 142.77 136.485 69.4891 52.1836 35.644 26.3862 243.084 58.7748 184.309 151.319 141.392 127.755 32.9904 24.6741 114.268 67.8701 58.4828 46.3977 23.3983 22.9994 49.9812
internal_count=3091 215 2876 1228 1648 1151 497 417 366 673 643 329 250 170 128 1125 292 833 685 642 582 148 112 518 312 267 206 104 102 222
is_linear=0
shrinkage=0.05


Tree=102
num_leaves=31
num_cat=0
split_feature=19 3 19 0 3 14 12 14 6 0 14 9 19 19 6 5 6 0 13 4 1 9 1 19 4 4 14 8 5 5
split_gain=3.33814 4.45611 3.43789 3.40281 3.05817 2.94292 3.07046 5.30902 8.86404 5.27651 4.86342 4.26823 3.34031 4.48349 4.08032 5.72928 4.22499 3.52079 3.064 7.48444 4.99983 3.87525 3.48034 2.70026 3.47399 4.14952 3.57334 3.3987 6.16246 3.71396
threshold=3.4325490000000003 0.15345850000000003 2.9978175000000005 5.7980585000000007 0.13185750000000004 0.11132700000000002 0.030959500000000004 0.047751000000000009 0.10537950000000001 3.7440720000000005 0.056677000000000012 0.022121500000000006 1.7298430000000002 1.6437355000000002 0.043294500000000007 0.037009500000000008 0.032619000000000002 1.8028220000000001 0.124432 0.055476500000000005 0.066774000000000014 0.043847500000000005 0.044660500000000013 1.4729180000000002 -0.032206499999999992 -0.014534999999999998 0.015987500000000005 48.624816000000003 0.033589500000000008 0.039405500000000003
decision_type=2 2 2 2 2 2 2 2 2 2 2 2 2 2 2 2 2 2 2 2 2 2 2 2 2 2 2 2 2 2
left_child=2 4 5 -3 -2 6 11 8 12 -10 -9 -1 13 -8 15 16 -14 -16 19 22 -20 -21 -19 24 -13 -26 -27 28 -25 -29
right_child=1 3 -4 -5 -6 -7 7 10 9 -11 -12 23 14 -15 17 -17 -18 18 20 21 -22 -23 -24 27 25 26 -28 29 -30 -31
leaf_value=0.035999015228158862 -0.010600985482290395 0.023175380364952085 0.016612114651647577 -0.0034892007612377512 -0.039710775592478272 -0.02014279875113234 -0.0037476881531000278 0.039857234205339889 -0.05953444719078245 -0.0097263129354567927 4.0052699436855807e-05 0.012406661624093478 0.030350600841951 -0.037773489065721859 0.042465526112034545 -0.043799201878846263 -0.012438298588675768 -0.03151460530410357 -0.018131059718828158 0.058201512001839706 0.026509880205184518 0.019052959387013919 0.010962483830802892 0.033030252955382998 -0.038051756936874459 -0.027378119453235691 0.0067806755237820385 0.010265523753425355 -0.021132172120083989 0.04299124002042165
leaf_weight=12.030179426074026 70.464842326939106 16.218957807868719 37.58334894105792 45.617076892405748 10.347312308847902 16.05399302393198 115.16391020268202 14.188459873199465 10.591747719794514 10.677545141428707 16.690389357507229 30.020949237048626 8.8968595191836375 10.570003159344195 7.9550642892718306 9.0233969539403898 16.409584261476994 9.0753334164619464 21.27645126730204 9.0866953581571597 8.8944104015827161 20.771272599697113 10.28994934260845 8.0887831598520297 9.9257295019924623 10.286573380231856 29.939847342669964 23.611850835382938 14.972885161638258 13.699729174375532
leaf_count=56 382 80 177 228 49 108 523 64 53 49 91 147 44 49 37 44 76 41 94 40 40 94 45 36 51 53 141 106 78 62
internal_value=0.000157267 -0.00659793 0.0020625 0.00350465 -0.0143282 0.000894548 0.00164152 -0.00129909 -0.00355564 -0.0345299 0.0183356 0.00741496 -0.000892886 -0.00660812 0.0050128 -0.00959223 0.00260478 0.0107529 0.00757533 0.0152654 -0.00497085 0.0309671 -0.00894395 0.00496829 -0.00104582 -0.00909844 -0.0019543 0.0129548 -0.00213493 0.0222815
internal_weight=648.423 142.648 505.775 61.836 80.8122 468.192 452.138 299.561 268.682 21.2693 30.8788 152.577 247.413 125.734 121.679 34.3298 25.3064 87.3492 79.3941 49.2233 30.1709 29.858 19.3653 140.546 80.1731 50.1522 40.2264 60.3732 23.0617 37.3116
internal_count=3138 739 2399 308 431 2222 2114 1384 1229 102 155 730 1127 572 555 164 120 391 354 220 134 134 86 674 392 245 194 282 114 168
is_linear=0
shrinkage=0.05


Tree=103
num_leaves=31
num_cat=0
split_feature=11 5 8 5 8 18 6 2 4 19 11 19 5 5 6 1 9 19 12 11 9 11 6 19 0 7 11 1 1 11
split_gain=2.75306 3.8595 4.79125 4.59379 3.77234 3.53853 4.02908 3.51468 4.49781 3.29548 2.399 5.96551 3.43907 4.98295 4.94582 4.25384 3.17294 3.09067 3.47546 3.66714 3.07099 2.8808 2.51972 8.2047 5.93303 3.679 3.56666 5.17553 3.99168 3.16934
threshold=0.96562500000000007 0.044129500000000009 75.891030500000014 0.04028650000000001 79.066996500000016 0.50000000000000011 0.082772000000000012 0.091120500000000007 0.46226850000000003 2.9626380000000005 0.83766900000000011 1.0166875000000002 0.055184000000000004 0.031104500000000004 0.072490500000000013 0.020941500000000005 0.28430900000000009 3.4131480000000001 0.069161000000000014 0.56173800000000018 0.36159850000000004 0.88895550000000012 0.075846500000000025 0.93750650000000013 2.4078160000000008 0.98770150000000012 0.48864800000000003 0.049859500000000008 0.042008500000000011 0.51115200000000016
decision_type=2 2 2 2 2 2 2 2 2 2 2 2 2 2 2 2 2 2 2 2 2 2 2 2 2 2 2 2 2 2
left_child=10 3 5 4 -2 -3 -7 -4 -9 -6 16 -12 13 -13 15 -15 22 18 19 20 -18 -14 26 -24 -25 29 28 -28 -1 -26
right_child=1 2 7 -5 9 6 -8 8 -10 -11 11 12 21 14 -16 -17 17 -19 -20 -21 -22 -23 23 24 25 -27 27 -29 -30 -31
leaf_value=0.0045780671175796881 0.01223692113869757 -0.058669526013233345 0.018048654256765117 0.032222409471858664 -0.041622872758167347 3.5893340528407284e-06 -0.043312369827451666 -0.039517491553028139 0.0054779250478133156 -0.0022536253151303905 -0.037177173928304205 0.03835814516836162 0.010680136511400318 0.013465848072193493 0.027799849005315541 -0.030902167222447371 -0.01761321342960925 -0.034562072002467074 0.022787746983957718 -0.038195439655987699 0.013412525082148683 0.04171283734710135 0.050550860453114944 -0.039614582187940756 -0.021448985901461722 0.016545520627565806 0.00037414759471386428 -0.034403188598227906 0.024163231594103992 0.00063753561801177625
leaf_weight=144.83853448927402 17.63802669942379 8.06131110340357 12.59190049767494 10.528538562357424 9.1961260885000247 11.709285974502565 9.9136835709214193 10.179128356277944 12.223348423838614 12.596464298665522 6.3911623172461978 8.3789660781621915 14.986808937042953 8.0572781488299388 8.6008780151605588 16.395045936107635 17.458085730671883 11.290565900504587 8.873693719506262 9.934969633817671 14.684436380863188 14.927242945879696 6.1365829668939105 13.651311198249457 29.873925203457475 17.198383143171668 106.1546211913228 11.896923415362833 31.712254643440247 35.596534356474876
leaf_count=680 81 51 61 49 41 63 55 47 57 58 35 38 74 40 43 77 80 64 40 58 68 70 30 80 141 115 505 56 140 168
internal_value=-0.000523665 -0.00755764 -0.0156207 0.00288102 -0.00495356 -0.0303964 -0.0198559 -0.00308702 -0.0149669 -0.0188668 0.000977829 0.00910082 0.0132464 0.0039187 -0.00481167 -0.0162825 -0.000396999 -0.0108934 -0.00564848 -0.0116454 -0.00343898 0.0261656 0.00124838 -0.00550571 -0.00907708 -0.00403435 0.00359731 -0.00313062 0.00809598 -0.00944046
internal_weight=651.676 114.638 64.6787 49.9592 39.4306 29.6843 21.623 34.9944 22.4025 21.7926 537.038 77.7374 71.3462 41.4322 33.0532 24.4523 459.301 62.2418 50.9512 42.0775 32.1425 29.9141 397.059 102.457 96.3202 82.6688 294.602 118.052 176.551 65.4705
internal_count=3165 563 334 229 180 169 118 165 104 99 2602 377 342 198 160 117 2225 310 246 206 148 144 1915 534 504 424 1381 561 820 309
is_linear=0
shrinkage=0.05


Tree=104
num_leaves=31
num_cat=0
split_feature=6 13 19 2 5 14 11 11 14 19 0 5 14 4 9 5 19 19 2 19 2 11 14 14 0 7 4 14 19 5
split_gain=2.24063 4.76504 4.17055 2.73565 2.17228 9.93325 4.50933 5.64101 4.27384 4.04816 4.9267 4.00881 5.41657 5.11368 3.17561 2.92955 2.77004 2.71917 2.62661 4.6494 4.43696 4.60056 4.00837 5.80036 4.02288 5.60047 3.73365 3.46528 3.31042 4.68053
threshold=0.17551850000000002 0.48554500000000006 4.3855150000000007 0.24862100000000001 0.046103500000000006 0.027470500000000002 0.97419250000000013 0.8784185000000001 0.044501500000000006 2.8613025000000003 5.7162990000000002 0.045466000000000006 0.035198500000000008 0.17803850000000002 0.066768000000000008 0.068408500000000011 2.4126380000000007 2.5227060000000003 0.056788500000000006 2.3522600000000002 0.12040300000000002 0.69848500000000013 0.029839000000000001 0.024858000000000005 2.9250705000000004 0.77275250000000006 0.13604750000000002 0.020507000000000001 2.1352345000000006 0.034812000000000003
decision_type=2 2 2 2 2 2 2 2 2 2 2 2 2 2 2 2 2 2 2 2 2 2 2 2 2 2 2 2 2 2
left_child=1 3 -2 4 11 17 7 8 -7 -8 -11 12 18 -14 -9 -10 -17 -6 22 28 21 27 23 26 25 -25 -1 -21 29 -20
right_child=2 -3 -4 -5 5 6 9 14 15 10 -12 -13 13 -15 -16 16 -18 -19 19 20 -22 -23 -24 24 -26 -27 -28 -29 -30 -31
leaf_value=0.0044778007227668981 0.043553749957156968 -0.0351608628198746 -0.0060088455301184861 0.026659573322641517 -0.047576493366888739 0.00663078855512332 -0.034003274398020165 0.051805199422877028 -0.030910106885571061 0.022866089439916824 -0.026555378126106335 0.032012089318867468 -0.0480362461450171 0.00061700786041588658 0.012725516823513692 -0.016386264757332635 0.016382236480513113 -0.013507803883020753 -0.022833867354511372 -0.040317200708017614 0.030892232520094133 0.014243917046534238 0.033291089842552767 0.02288168434570384 -0.045055081676710532 -0.03228915297790616 0.028961315022143486 -0.0017543459644268709 -0.039722768431251221 0.005365604997053729
leaf_weight=179.79817595332861 8.0617651492357272 10.000383984297512 8.9639861620962602 9.2231571525335294 15.412892811000349 67.177454020828009 17.164556201547384 7.8267953209579018 15.543406933546065 10.452382422983648 9.7433940824121219 10.368299365043638 10.85156997293234 10.751687206327913 15.479221269488333 16.65173097699881 10.526105931028722 9.4465158041566593 28.477556884288788 9.3029926121234912 13.997935727238653 24.851121559739113 11.967129334807394 9.2859266102314049 9.1229392886161786 9.1151176244020444 17.047734163701534 15.585085682570933 9.744817301630972 30.447293721139431
leaf_count=845 42 50 48 48 77 322 97 36 78 49 56 48 54 53 75 102 72 61 129 42 64 114 53 42 43 46 75 71 44 138
internal_value=-0.000433429 -0.00092848 0.0174593 -0.000362973 -0.000781051 -0.00510303 -0.000799479 0.00350605 -0.00123229 -0.0161504 -0.000977155 0.00132673 0.000511671 -0.0238221 0.0258495 -0.0135967 -0.00369487 -0.0346305 0.00193729 -0.00370059 0.00602463 -0.000973778 0.00509589 0.00359205 -0.0179072 -0.00444767 0.00659818 -0.0161689 -0.0127272 -0.00826281
internal_weight=632.389 615.363 17.0258 605.363 596.14 195.424 170.565 133.205 109.899 37.3603 20.1958 400.715 390.347 21.6033 23.306 42.7212 27.1778 24.8594 368.744 132.407 63.7371 49.7392 236.337 224.37 27.524 18.401 196.846 24.8881 68.6697 58.9249
internal_count=3074 2984 90 2934 2886 1025 887 685 574 202 105 1861 1813 107 111 252 174 138 1706 602 291 227 1104 1051 131 88 920 113 311 267
is_linear=0
shrinkage=0.05


Tree=105
num_leaves=31
num_cat=0
split_feature=8 6 19 9 9 12 3 8 14 6 14 3 13 9 7 14 14 9 15 14 15 5 5 7 7 14 13 14 8 14
split_gain=1.92066 5.54597 4.11982 3.31446 6.28937 2.6977 5.30654 4.04315 3.97913 3.71204 4.46048 3.79206 3.54027 3.17076 3.15381 3.10677 3.52433 2.9909 2.98026 2.8963 2.55029 2.43935 2.35044 2.20725 4.82896 2.10486 2.09833 6.56287 6.16245 2.69554
threshold=44.506516000000012 0.033030500000000011 1.6782770000000002 0.12008800000000001 0.23061900000000005 0.029625000000000002 0.036688500000000006 65.735985500000012 0.014253500000000001 0.079369500000000023 0.023690000000000006 -0.0065584999999999992 0.013898500000000001 0.039521000000000008 0.63603900000000013 0.017568500000000004 0.021059500000000005 0.06770950000000002 4.5000000000000009 0.020088000000000005 1.5000000000000002 0.049186500000000008 0.043279000000000005 0.63603900000000013 0.78804150000000017 0.012839000000000001 0.097765500000000019 0.021949000000000003 57.217397500000011 0.030947000000000002
decision_type=2 2 2 2 2 2 2 2 2 2 2 2 2 2 2 2 2 2 2 2 2 2 2 2 2 2 2 2 2 2
left_child=1 -1 3 -3 -5 6 7 9 25 10 13 -12 -10 -2 -8 -14 18 -15 19 20 -17 -4 -16 -19 -25 -7 28 -28 29 -18
right_child=5 2 21 4 -6 8 14 -9 12 -11 11 -13 15 17 22 16 26 23 -20 -21 -22 -23 -24 24 -26 -27 27 -29 -30 -31
leaf_value=0.021485983191614065 0.031868800042287759 0.023397414679734212 -0.05605198482733155 -0.043568533138223731 0.0070743112608403604 -0.006605965992081954 0.050908023436004729 0.032308578513722236 -0.032071781917874777 0.025047367131819317 0.0012713586990894408 -0.043253133182392767 0.015066250107291549 -0.034607582473992003 0.0038740934637984678 0.012894089403684167 -0.027181359975414196 -0.021094682888388575 -0.039273105810090553 -0.029729611740413817 -0.01736477741384574 -0.018258504748684342 0.031597872162840192 0.029934607294141685 -0.01047835548070998 -0.038278771811947214 0.041584744175210728 -0.0027834144398697731 0.015804388733960843 0.0045499523415553651
leaf_weight=12.387912228703497 7.1083965748548499 7.6198830269277087 7.9373275861144093 10.587659507989885 14.563736863434313 10.573946952819826 7.8102834895253173 9.0237191915512067 8.449665252119301 10.376282310113309 7.6115333735942867 12.864331260323523 34.189435407519341 6.8043144866824141 18.372470982372764 17.434205844998363 14.54829625785351 8.5137048289179784 8.9718216359615308 10.599350869655607 11.594381198287008 9.2394842989742738 13.093620492145417 13.476005598902704 16.372381113469601 10.409452877938746 8.6333205252885801 240.97550389915705 65.814769499003887 12.395119886845348
leaf_count=63 31 36 41 60 74 52 36 40 45 68 37 67 151 34 84 80 66 40 42 48 55 58 67 62 81 51 37 1165 308 68
internal_value=-0.000116761 -0.00846077 -0.015888 -0.00549185 -0.0142442 0.000770811 0.00708008 0.000520897 -0.00105327 -0.00292977 -0.00692009 -0.026702 -2.42019e-05 0.000828403 0.0224693 0.00061272 -0.000651219 -0.00405681 -0.0132511 -0.00735971 0.000808319 -0.0357227 0.0154105 0.00136201 0.00776736 -0.0223182 0.00113737 -0.00124884 0.00755855 -0.0125836
internal_weight=648.352 62.336 49.9481 32.7713 25.1514 586.016 131.427 92.1507 454.589 83.1269 72.7507 20.4759 433.606 52.2748 39.2764 425.156 390.967 45.1664 48.5998 39.6279 29.0286 17.1768 31.4661 38.3621 29.8484 20.9834 342.367 249.609 92.7582 26.9434
internal_count=3147 332 269 170 134 2815 647 460 2168 420 352 104 2065 248 187 2020 1869 217 225 183 135 99 151 183 143 103 1644 1202 442 134
is_linear=0
shrinkage=0.05


Tree=106
num_leaves=31
num_cat=0
split_feature=5 5 15 19 3 3 13 5 3 5 18 8 9 9 5 7 7 1 5 1 7 3 0 19 1 3 5 0 7 13
split_gain=2.18782 1.58006 1.5087 6.19042 3.59845 6.49849 5.75161 5.11579 3.58292 3.5001 3.79772 4.79383 8.65701 4.17197 3.30972 3.86181 7.88234 3.63717 3.22709 3.20612 6.49971 6.96711 6.9224 5.93288 4.17507 3.97929 4.26691 3.93085 3.92903 4.87646
threshold=0.020271500000000005 0.021498500000000004 1.0000000180025095e-35 1.2485160000000002 0.14787400000000003 0.094466000000000008 -0.035452499999999991 0.052115500000000002 0.010480000000000001 0.029865500000000007 0.70000000000000007 73.530269000000018 0.0069450000000000007 0.20697200000000002 0.031830500000000005 0.55322800000000016 0.56676650000000006 -0.0014834999999999998 0.025975500000000002 0.057983000000000007 0.7570395000000002 0.047716500000000009 4.0864985000000011 3.7391315000000005 0.038231000000000008 0.040526000000000006 0.048398500000000004 5.9882205000000015 0.98865750000000008 0.096542000000000003
decision_type=2 2 2 2 2 2 2 2 2 2 2 2 2 2 2 2 2 2 2 2 2 2 2 2 2 2 2 2 2 2
left_child=-1 -2 3 8 5 6 -5 -6 -3 -4 14 13 -13 -12 -11 -16 -17 -18 -8 20 22 24 -19 25 -22 -21 27 -27 29 -23
right_child=1 2 9 4 7 -7 18 -9 -10 10 11 12 -14 -15 15 16 17 19 -20 23 21 28 -24 -25 -26 26 -28 -29 -30 -31
leaf_value=-0.019776935299170597 0.021647581924785261 0.0017479142384140976 -0.010772156627345323 0.045153894042457551 0.0089794150686327932 0.032008028336829468 0.026859572816288996 -0.041252464140528772 0.041694878882002559 0.017505496156455972 0.0234168403581759 0.029932429153556928 -0.011515469382667006 -0.0050647838243640473 0.024723121115177341 -0.053302579126016041 0.02008043573030047 0.011958825276378968 -0.011093615380283677 0.040167683137715279 -0.020957743275080709 0.014190175853599591 -0.028283917200257681 -0.022356357990166935 -0.051863388972813555 0.0015504879169887559 -0.012058552519989576 0.04574926798177157 0.024321640027941759 -0.039488482138531511
leaf_weight=13.884158946573733 8.5422540083527547 8.7275498434901255 81.014153204858303 5.7170924693346015 9.0241993665695208 16.703071191906929 6.228995092213153 11.563717283308504 15.730135656893252 18.348501451313496 53.037660028785467 16.386028543114662 54.496249619871378 16.971588581800461 10.782154716551302 8.4456625580787641 14.54635934717953 45.481193210929632 55.540706560015678 9.987696744501589 38.00437187217176 8.0316500291228312 13.968060836195944 16.875695709139109 15.337932292371987 11.585072293877603 19.222371384501457 8.8911101222038251 10.956533389165999 8.9409939460456354
leaf_count=68 40 41 371 27 43 79 30 57 72 83 253 76 256 86 57 43 85 215 268 49 223 38 67 88 80 52 96 41 58 43
internal_value=-0.000147848 0.000292369 -6.41545e-06 0.0047902 -0.000496837 0.00408532 -0.00282559 -0.0192346 0.0274401 -0.00129434 0.000623829 0.00723209 -0.00193386 0.0165123 -0.00296534 -0.00452351 -0.00589293 -0.00408791 -0.00726633 -0.00578396 -0.0100607 -0.0192513 0.00250348 0.00325763 -0.0298443 0.0119573 0.00485988 0.0207424 0.00098052 -0.0140871
internal_weight=632.973 619.089 610.547 129.235 104.778 84.1899 67.4868 20.5879 24.4577 481.311 400.297 140.892 70.8823 70.0092 259.405 241.057 230.275 221.829 61.7697 207.283 140.721 81.2715 59.4493 66.5619 53.3423 49.6863 39.6986 20.4762 27.9292 16.9726
internal_count=3085 3017 2977 617 504 404 325 100 113 2360 1989 671 332 339 1318 1235 1178 1135 298 1050 724 442 282 326 303 238 189 93 139 81
is_linear=0
shrinkage=0.05


Tree=107
num_leaves=31
num_cat=0
split_feature=15 13 1 2 11 19 19 13 11 19 4 8 7 8 11 2 1 7 4 7 13 2 11 11 19 2 13 8 1 0
split_gain=1.80725 4.81663 4.57288 3.90695 4.27733 4.20945 5.39889 3.53999 4.43452 3.79395 5.15901 4.52174 5.77322 4.97993 4.10537 3.70556 5.07274 3.62417 4.95135 4.20606 4.20101 3.76568 3.46606 3.43279 3.34676 3.65954 5.43357 3.22123 3.05803 2.94209
threshold=2.5000000000000004 0.1398655 -0.005899999999999999 0.033354500000000009 0.56173800000000018 1.3949305000000003 2.9383255000000008 0.13069150000000004 0.82466200000000012 2.4273750000000005 0.13272300000000001 70.063511500000018 0.87897750000000008 48.624816000000003 0.62418850000000015 0.069924500000000014 0.062261500000000004 0.70041450000000005 0.10569550000000001 0.74289400000000005 0.032762000000000006 0.05598150000000001 0.88534550000000012 0.28660700000000006 3.4325490000000003 0.039028500000000008 0.070736500000000008 58.088663500000003 0.038473500000000008 10.395269000000003
decision_type=2 2 2 2 2 2 2 2 2 2 2 2 2 2 2 2 2 2 2 2 2 2 2 2 2 2 2 2 2 2
left_child=7 2 -2 -3 -5 -6 -7 9 -9 11 24 13 -13 14 -1 -10 -17 20 19 -19 -15 23 -8 27 25 -11 -27 -21 -23 -26
right_child=1 3 -4 4 5 6 22 8 15 10 -12 12 -14 17 -16 16 -18 18 -20 21 -22 28 -24 -25 29 26 -28 -29 -30 -31
leaf_value=-0.0039830331894360046 -0.045834126943610241 0.046582933084408543 -0.00090082376069329268 0.03733625672058806 0.031456798695324494 -0.023016059391710211 0.038381309918702228 -0.019776361540330883 -0.017510336490896134 0.033813352670977716 0.036192229429388566 -0.0071260118981489222 -0.055420209016620481 0.039983937503808957 -0.035577659292081343 0.022700377126315542 -0.0080990730277805279 -0.038713305125868173 0.027336038569946208 -0.028001444379017911 0.0040374589215174178 -0.04318789885991689 -0.0017719548792944615 0.020814216866812684 -0.019181503914293671 -0.022800750613863201 0.028798610568930873 0.013337892862756729 -0.0033192503870310892 0.0097134075976195167
leaf_weight=31.257537428289652 5.8840806968510142 7.7352770008146754 150.22647322528064 11.041307017207144 10.569778084754942 19.74375556409359 8.3234545737504959 61.028705023229122 25.704344596713781 14.322094220668076 14.364325374364851 20.140386819839481 8.9329549819231016 13.811823487281798 15.321539700031279 23.996349178254604 30.186571452766657 8.6036661341786367 13.274747904390095 9.8706048838794249 19.75094597786665 7.9500514417886761 15.169231422245502 21.933457635343075 21.368979912251234 11.113281667232515 9.4320889860391599 9.0172441229224187 12.176196873188017 14.988799547776578
leaf_count=156 34 37 737 49 47 92 41 294 140 68 67 97 42 62 85 116 146 39 63 51 91 37 72 103 115 52 44 42 58 76
internal_value=-0.0012209 0.0023534 -0.00259444 0.0129952 0.0089887 0.00317164 -0.00374308 -0.0031739 -0.00962825 0.000102114 0.00885736 -0.00379996 -0.0219647 -0.000559382 -0.0143756 -0.00187575 0.00554128 0.00496992 -0.000646556 -0.00598739 0.0188302 -0.00136764 0.0124543 0.00735909 0.00334462 0.0144122 0.000887786 -0.00826564 -0.0190677 -0.00726933
internal_weight=647.24 228.693 156.111 72.5828 64.8475 53.8062 43.2364 418.547 140.916 277.631 85.5896 192.041 29.0733 162.968 46.5791 79.8873 54.1829 116.389 82.826 69.5512 33.5628 60.9476 23.4927 40.8213 71.2252 34.8675 20.5454 18.8878 20.1262 36.3578
internal_count=3153 1109 771 338 301 252 205 2044 696 1348 422 926 139 787 241 402 262 546 393 330 153 291 113 196 355 164 96 93 95 191
is_linear=0
shrinkage=0.05


Tree=108
num_leaves=31
num_cat=0
split_feature=5 5 2 9 9 7 5 5 9 19 4 3 19 6 3 19 9 9 3 5 9 8 13 19 4 8 2 6 6 19
split_gain=1.81481 2.08002 3.93811 1.57905 5.14305 4.4645 4.33502 5.23595 3.96495 3.35438 3.97966 6.27119 3.11233 3.0761 3.41737 4.16539 4.12921 5.56213 3.43013 5.49863 3.24053 4.38075 4.56715 3.12381 2.98568 3.09085 3.33776 2.97598 4.72904 2.8662
threshold=0.020271500000000005 0.022809500000000003 0.039028500000000008 0.056212500000000006 0.11045800000000001 0.56994600000000006 0.027216000000000001 0.029642500000000006 0.10156250000000001 1.5747355000000003 0.13064550000000003 0.04358900000000001 1.7298430000000002 0.16246850000000004 0.12175300000000001 4.8963390000000011 0.15990850000000004 0.22819450000000002 0.045707000000000005 0.042406000000000006 0.26392600000000005 54.330799000000006 -0.028861499999999995 1.5633560000000004 0.086285500000000015 60.000000500000006 -0.0052149999999999992 0.048792000000000009 0.082150500000000015 1.2485160000000002
decision_type=2 2 2 2 2 2 2 2 2 2 2 2 2 2 2 2 2 2 2 2 2 2 2 2 2 2 2 2 2 2
left_child=-1 2 -2 9 5 -5 -6 -8 29 10 11 -3 -11 14 15 18 -16 -18 20 23 24 22 -22 -20 25 26 -9 -12 -29 -7
right_child=1 3 -4 4 6 8 7 13 -10 12 27 -13 -14 -15 16 -17 17 -19 19 -21 21 -23 -24 -25 -26 -27 -28 28 -30 -31
leaf_value=-0.016757394334293945 0.039960045733914401 0.013320367563152097 -0.0040887666402792651 -0.010583294572681742 -0.022290481420921219 0.029104844936768987 0.026228706455769885 0.014481924527209526 0.039997085600500616 -0.029370109799924427 0.036467744174700049 -0.031203678739495089 -0.0048700588261067794 0.024918483680351024 -0.049938279486921366 0.028053722012278317 0.019911555504014078 -0.027656614880448412 -0.036266739941588015 0.020845806688533725 -0.0026319279814618467 -0.026180066612522403 0.041455698484089649 0.00071964932249597865 -0.041088807542228122 0.016499855748843485 -0.024838426215587156 -0.010176356271297123 0.030261429754043525 0.0060895748043435158
leaf_weight=15.596888072788714 9.4084128141403216 16.934531494975094 11.014251016080378 19.783304035663605 23.660238355398178 17.383760206401348 17.803259804844856 6.6498789712786595 14.099006764590738 14.096451193094252 12.465415030717848 14.838268108665941 161.15139399655163 10.055413253605364 7.7721391543745986 11.889617212116717 10.361192166805269 15.103427335619925 7.837100692093375 31.679922170937061 15.684630960226057 9.3761575594544393 9.3916053771972674 21.020820155739784 10.150744117796419 8.2875100523233396 28.648488752543933 16.707769896835092 12.745302531868218 60.979153614491224
leaf_count=76 43 81 52 100 109 85 80 36 66 65 58 72 792 52 40 65 51 81 39 158 78 45 45 96 55 41 153 74 59 288
internal_value=8.9934e-05 0.000509032 0.0162039 -1.941e-05 0.00210907 0.0109745 -0.00194641 0.000224627 0.015587 -0.00307711 0.0058734 -0.00747288 -0.00684078 -0.00204579 -0.00344446 -0.000424553 -0.0180381 -0.0083018 -0.00270118 0.00646364 -0.00899243 0.00297763 0.0138799 -0.00932494 -0.0166668 -0.0109792 -0.0174308 0.0159894 0.00732239 0.0111952
internal_weight=642.576 626.979 20.4227 606.557 357.617 112.245 245.372 221.712 92.4619 248.939 73.6913 31.7728 175.248 203.909 193.853 160.616 33.2368 25.4646 148.727 60.5378 88.189 34.4524 25.0762 28.8579 53.7366 43.5859 35.2984 41.9185 29.4531 78.3629
internal_count=3135 3059 95 2964 1763 539 1224 1115 439 1201 344 153 857 1035 983 811 172 132 746 293 453 168 123 135 285 230 189 191 133 373
is_linear=0
shrinkage=0.05


Tree=109
num_leaves=31
num_cat=0
split_feature=4 4 12 13 7 9 9 6 4 0 15 1 7 19 0 6 0 4 6 19 9 11 11 4 3 1 0 4 1 1
split_gain=2.993 5.74311 3.72047 4.13224 4.42693 3.36449 3.26122 2.84174 3.99655 2.84215 3.73907 4.78288 6.12294 3.2881 2.79717 3.02244 3.19398 3.65991 3.08302 4.50479 3.08097 2.55594 3.88867 3.49765 2.93248 4.02524 3.24828 3.35252 2.98628 2.96182
threshold=0.076926000000000008 0.089914500000000022 0.033188500000000003 0.013898500000000001 0.64313400000000009 0.057321000000000004 0.082314000000000012 0.036367000000000003 0.13064550000000003 8.761865000000002 4.5000000000000009 0.14920050000000004 0.53981900000000016 5.0088500000000016 7.6689785000000006 0.062509000000000023 1.9241480000000002 0.18432400000000002 0.072490500000000013 1.8996455000000003 0.022121500000000006 0.012660500000000003 0.08308550000000002 0.0057065000000000006 0.012220000000000002 0.024403500000000005 2.4803130000000002 -0.063865499999999978 0.016345500000000002 0.041683500000000005
decision_type=2 2 2 2 2 2 2 2 2 2 2 2 2 2 2 2 2 2 2 2 2 2 2 2 2 2 2 2 2 2
left_child=2 5 21 -4 6 -2 -5 8 -3 14 11 12 -11 -14 15 16 17 -9 19 -17 -18 -1 23 -23 26 28 27 -24 -26 -27
right_child=1 7 3 4 -6 -7 -8 9 -10 10 -12 -13 13 -15 -16 18 20 -19 -20 -21 -22 22 24 -25 25 29 -28 -29 -30 -31
leaf_value=0.019863051840577503 0.0050535489975099537 -0.035909466569594047 -0.04702124328398314 -0.0092964738775366471 -0.0032391413902564019 0.040013441495203951 -0.046032059173333501 0.0066852091026190072 0.0028587868603860574 0.02860526889810884 -0.033704476005548413 0.032204799861976906 -0.041402028114048771 -0.0060001434472029547 0.033499095129580846 -0.038648392567618886 0.018073916908791867 0.040468102088104439 0.0031263891567650422 0.0028418288639551811 -0.0062737600132986519 -0.040614355692753415 0.0073057798262608888 0.0026621214887910644 0.0068783125083657195 -0.011355471913145143 0.007728541900521968 -0.024489090179818956 0.035684915157317379 0.014403120550171842
leaf_weight=15.97816572524607 12.212646070867779 12.001664195209743 7.2645945996046057 12.369961835443975 93.606276789680123 15.767233416438101 11.809131264686583 15.891509447246788 14.901843965053557 8.1930103003978711 10.960543727502225 8.6718022301793081 11.241108767688276 15.746767632663248 8.3684636801481229 12.057880513370039 22.131193429231644 16.179440014064312 97.948985550552607 14.301915630698202 31.467539720237255 11.02595390379429 11.735660165548323 8.0978636592626554 19.103873351588845 29.749466568231583 25.3304573148489 28.244529031217098 17.005139395594597 17.859189812093973
leaf_count=74 57 64 40 63 448 72 66 75 72 43 58 45 54 81 42 55 100 73 476 65 149 65 58 40 97 140 135 150 77 87
internal_value=-0.000237713 0.00308902 -0.00376741 -0.010423 -0.0081657 0.0247542 -0.0272382 0.00106882 -0.0144357 0.00259586 -0.00758339 -0.00105468 -0.00925287 -0.0207459 0.00515123 0.00402146 0.0112475 0.0237283 -0.00095848 -0.0161372 0.00377952 0.000752628 -0.00106328 -0.0222892 0.0016605 0.00785543 -0.0062804 -0.0151561 0.0204445 -0.00169278
internal_weight=637.224 328.044 309.18 125.05 117.785 27.9799 24.1791 300.064 26.9035 273.16 54.8132 43.8527 35.1809 26.9879 218.347 209.978 85.6697 32.0709 124.309 26.3598 53.5987 184.13 168.152 19.1238 149.028 83.7177 65.3106 39.9802 36.109 47.6087
internal_count=3121 1581 1540 617 577 129 129 1452 136 1316 281 223 178 135 1035 993 397 148 596 120 249 923 849 105 744 401 343 208 174 227
is_linear=0
shrinkage=0.05


Tree=110
num_leaves=31
num_cat=0
split_feature=6 7 1 14 1 9 9 12 5 6 5 13 9 19 8 19 7 19 12 5 5 5 15 8 9 14 12 7 9 13
split_gain=2.47912 3.2994 2.33278 1.73977 3.66686 2.34752 3.82069 3.09127 2.29455 3.04446 1.64933 4.01974 3.13563 1.61052 5.43173 3.85831 3.31845 2.96974 2.19018 2.68001 3.81698 2.39468 1.95413 4.47306 4.92189 3.39368 4.32094 2.81299 2.58496 2.49706
threshold=0.027958500000000004 0.80637900000000007 -0.014232499999999999 0.061122000000000003 0.14920050000000004 0.32531650000000006 0.66769250000000013 0.13038900000000003 0.069716000000000014 0.16246850000000004 0.067677000000000015 0.039925000000000009 0.079337500000000019 4.8963390000000011 82.137523500000015 5.6324385000000001 0.82070450000000006 7.692822500000001 0.14947000000000002 0.042406000000000006 0.04979250000000001 0.057573500000000007 4.5000000000000009 74.447983000000008 0.026158500000000005 0.016610500000000004 0.0061595000000000009 0.70606600000000019 0.40653450000000008 0.077381000000000019
decision_type=2 2 2 2 2 2 2 2 2 2 2 2 2 2 2 2 2 2 2 2 2 2 2 2 2 2 2 2 2 2
left_child=1 -1 -2 4 10 7 -7 -5 -9 -10 13 -12 -13 18 15 -15 17 -17 22 -20 -21 -22 28 24 -24 -26 -27 -25 -4 -28
right_child=2 -3 3 5 -6 6 -8 8 9 -11 11 12 -14 14 -16 16 -18 -19 19 20 21 -23 23 27 25 26 29 -29 -30 -31
leaf_value=-0.033456881952535836 -0.020869271933827659 0.0023665413128441462 -0.0023203832346833596 -0.050445015580784652 0.032367701869255389 0.032668147956104655 -0.014020599096755806 0.011380308870421638 -0.048419133598440675 0.0018819463875509722 0.051407845231442817 0.017215681151213854 -0.021670218461810178 0.027401386931170585 0.03434062740397463 -0.0045655003001757524 0.0087738447912081314 -0.046490206236325798 -0.034345013246178745 0.020656070725730093 -0.036271647326622629 -0.00083694179394938845 -0.030968618369050967 0.005295963285701831 -0.017194062207501779 0.044558075512666051 -0.0058656071460351043 0.04261326606916855 0.02417278029656628 0.019192199545314002
leaf_weight=13.006946440786125 12.988543651998041 12.706491045653818 321.62511546164751 5.9054802451282766 9.3442231938242895 7.3311828225851086 10.892027810215948 8.0447123497724551 5.9792323783040029 6.0537175238132477 5.3881655074656036 14.535496188327672 8.0581774637103063 8.9799455255269987 14.614412687718866 8.8359555453062111 13.29027073830366 8.0924934446811658 10.078515127301214 9.9703429341316241 8.9987880662083644 10.141086950898169 10.454835951328276 8.649808272719385 12.404591679573057 8.4705246239900571 22.372447639703751 12.134125724434851 9.478530175983904 17.894368104636669
leaf_count=75 71 69 1489 63 51 37 66 35 54 34 36 85 42 41 68 44 63 42 46 46 41 45 49 40 56 38 105 53 43 81
internal_value=-0.000545933 -0.0157545 9.40979e-05 0.000549408 0.00131135 -0.00899608 0.00476225 -0.0186454 -0.00929218 -0.0231129 0.000778354 0.0126014 0.00334678 0.000137813 0.00832466 -0.00137486 -0.00992615 -0.0246072 -0.000814391 -0.0121231 -0.00442938 -0.0174969 0.000232099 0.00666223 0.000734355 0.00615534 0.0120982 0.0270826 -0.00156196 0.00526995
internal_weight=636.721 25.7134 611.007 598.019 553.812 44.2064 18.2232 25.9831 20.0777 12.0329 544.468 27.9818 22.5937 516.486 53.8131 39.1987 30.2187 16.9284 462.673 39.1887 29.1102 19.1399 423.484 92.3807 71.5968 61.1419 48.7373 20.7839 331.104 40.2668
internal_count=3108 144 2964 2893 2604 289 103 186 123 88 2553 163 127 2390 258 190 149 86 2132 178 132 86 1954 422 329 280 224 93 1532 186
is_linear=0
shrinkage=0.05


Tree=111
num_leaves=31
num_cat=0
split_feature=7 11 19 19 3 2 14 4 11 0 9 4 19 7 19 2 3 2 0 10 14 0 1 6 19 19 9 19 13 5
split_gain=1.91588 3.28532 2.92562 3.80756 2.74975 4.3853 6.42599 3.51366 3.44212 3.14856 5.36893 2.36304 2.90516 1.89607 1.4694 3.68892 3.43489 5.28895 4.15379 3.85415 3.65926 3.32451 4.64369 4.12877 3.30497 2.93964 2.93256 2.8831 4.62187 5.62955
threshold=0.96707200000000004 0.049590000000000009 0.9500455000000001 1.2041730000000002 -1.0000000180025095e-35 0.092811000000000018 0.031596500000000007 0.10323700000000001 0.87339750000000016 4.2080160000000006 0.00095600000000000014 0.021005500000000003 2.0890365000000002 0.95080650000000011 1.4608605000000001 0.09616100000000001 0.081055000000000016 0.048047000000000006 8.2899515000000026 1.0000000180025095e-35 0.011138500000000001 1.6334680000000004 0.017638500000000005 0.030613500000000005 2.5698855000000003 1.5176095000000003 0.025731500000000004 3.6740450000000004 0.14236050000000003 0.043279000000000005
decision_type=2 2 2 2 2 2 2 2 2 2 2 2 2 2 2 2 2 2 2 2 2 2 2 2 2 2 2 2 2 2
left_child=13 -2 -3 -4 -5 6 7 11 -8 -7 -11 -6 -13 14 21 16 20 -18 19 -19 -16 22 -1 -23 -17 -22 -21 -26 -29 -30
right_child=1 2 3 4 5 9 8 -9 -10 10 -12 12 -14 -15 15 24 17 18 -20 26 25 23 -24 -25 27 -27 -28 28 29 -31
leaf_value=-0.016523110905564582 -0.022148929139619068 -0.02152909880212435 0.032393899712459644 0.034121402795746263 -0.0020396790514203987 -0.0012656841577467367 -0.055072357593235005 -0.021121323788756738 -0.010664388642580968 -0.003118589757580423 0.045634254429393215 0.045546073805644127 0.005211258039718141 -0.019400438247386142 0.035109593564542595 -0.022908113556191212 -0.0091834159311470331 0.048837010121360741 -0.0083472671760861841 -0.0027792226348967741 0.024579025930234744 -0.040480377870996426 0.016050411997248437 -0.0068476557989172867 0.013592744288669573 -0.0028395037692522918 0.033013437571278295 -0.041628279617563983 0.032735248168714821 -0.015339980887333241
leaf_weight=16.133092172443867 10.274934189394115 8.2833306491374952 15.424398034811018 7.9330602325499049 13.483274048194291 15.497616477310656 7.8456156235188272 9.3792599849402887 9.831977214664219 8.9644035398960131 15.260501757264135 9.0681592375040072 8.7931395657360536 14.456352975219486 7.2670615762472144 26.118829093873501 18.129514146596193 15.590770274400709 8.8456702791154367 10.541050106287004 10.42468214035034 10.096727628260849 34.000485062599182 94.821377519518137 20.471508465707302 157.01529762521386 12.519356943666933 8.7125296965241414 8.9649502485990542 18.984116431325674
leaf_count=87 56 45 70 41 75 75 48 46 49 52 76 40 41 72 34 124 89 70 44 48 47 55 165 452 97 761 58 45 42 98
internal_value=-9.42055e-05 0.00506694 0.00722192 0.00918234 0.00580657 0.00351739 -0.00520005 0.00572732 -0.0303734 0.0163341 0.0275933 0.0137613 0.0256892 -0.00155998 -0.00102114 0.000896559 0.00403862 0.0137916 0.0225611 0.0296347 0.000375065 -0.0050233 0.00556818 -0.0100843 -0.00817402 -0.00113245 0.0166524 -0.00143822 -0.00983137 8.06427e-05
internal_weight=633.133 140.04 129.765 121.481 106.057 98.1239 58.4014 40.7238 17.6776 39.7225 24.2249 31.3446 17.8613 493.093 478.637 323.585 240.333 65.6264 47.4968 38.6512 174.707 155.052 50.1336 104.918 83.2519 167.44 23.0604 57.1331 36.6616 27.9491
internal_count=3102 714 658 613 543 502 299 202 97 203 128 156 81 2388 2316 1557 1151 309 220 176 842 759 252 507 406 808 106 282 185 140
is_linear=0
shrinkage=0.05


Tree=112
num_leaves=31
num_cat=0
split_feature=8 8 13 7 11 7 4 13 4 7 8 1 0 7 0 2 10 2 9 14 9 0 0 2 11 2 8 12 18 2
split_gain=2.85706 2.39771 2.54498 1.84832 3.01642 1.98009 1.63428 2.55622 3.99156 2.57449 2.88609 2.5247 2.2286 6.15172 3.38715 4.84481 3.00245 2.74659 4.25995 4.03687 2.80156 2.25693 2.73505 2.11551 4.26847 3.36895 1.69268 4.32192 1.86009 2.85118
threshold=23.904762000000002 33.480826000000008 -0.070597499999999994 0.4587775 0.87138150000000014 0.35857150000000004 -0.021333499999999995 0.028643500000000002 -0.07359149999999999 0.78129550000000003 46.476355000000005 0.016345500000000002 7.2000365000000004 0.53981900000000016 12.956759500000002 0.20929800000000001 1.0000000180025095e-35 0.12040300000000002 0.14290250000000002 0.044501500000000006 0.04858500000000001 6.5340700000000007 6.1576795000000013 0.14960250000000003 0.78590700000000002 0.12829900000000002 49.156103000000009 0.013848500000000001 0.3000000000000001 -0.012108999999999998
decision_type=2 2 2 2 2 2 2 2 2 2 2 2 2 2 2 2 2 2 2 2 2 2 2 2 2 2 2 2 2 2
left_child=-1 -2 -3 4 5 -4 7 8 -5 11 -11 -10 21 -14 17 16 -16 18 20 -19 -15 22 23 25 -25 26 27 -8 -28 -30
right_child=1 2 3 6 -6 -7 12 -9 9 10 -12 -13 13 14 15 -17 -18 19 -20 -21 -22 -23 -24 24 -26 -27 28 -29 29 -31
leaf_value=-0.028216321240538796 0.02226626492686198 0.022368089906252438 -0.019825930417655093 0.023520203830833284 -0.038023421216039209 0.01675423499395846 -0.0046806432851066613 -0.030076771802516635 -0.018252993460436469 -0.046375919079620992 -0.0084036707626647389 0.019051387141965619 0.041237968676460963 -0.025429729439684409 -0.015276167216036569 -0.030932945172056987 0.020641714724714138 0.018763608779147518 -0.00056060608887080964 -0.029538514806561167 -0.062821490585457579 0.02267251658152597 -0.025850529788424406 -0.012067120802947516 0.032051713453349666 -0.023833262508233914 -0.014809165875045081 0.033034043773735436 0.022721196992569172 0.00078902811812728085
leaf_weight=9.1367896534502488 11.805958293378351 11.953553110361097 7.1662314683198947 10.856144957244394 8.7084646821022016 7.6470634043216705 15.949248157441618 10.873167835175989 7.9605857729911831 7.9408045001328018 13.530326217412947 10.541721925139425 6.2886308878660193 12.237524151802068 7.9841794557869461 9.0501939728856069 21.448015239089727 9.5734178125858325 9.681299686431883 7.8912415504455558 8.4812149927020055 12.859922811388968 9.0052296146750432 8.4904371052980441 15.473920769989489 13.077780015766619 17.688073828816414 14.50409124419093 15.565103679895399 308.88836078159511
leaf_count=61 59 55 49 53 50 36 85 61 42 46 66 49 28 61 46 45 110 44 47 42 44 62 43 44 74 60 102 68 77 1430
internal_value=-0.000456211 -5.55963e-05 -0.000479746 -0.00092794 -0.0146708 -0.000942161 -0.00037616 -0.00807302 -0.00336611 -0.010668 -0.0224472 0.00300124 0.000529933 -0.0065067 -0.00998393 0.00106041 0.0108981 -0.0188634 -0.0279416 -0.00306125 -0.040736 0.00204057 0.0014068 0.00200601 0.0164207 0.00111033 0.00198583 0.0132818 0.000980395 0.00184119
internal_weight=642.259 633.122 621.316 609.362 23.5218 14.8133 585.841 61.7028 50.8296 39.9734 21.4711 18.5023 524.138 92.6357 86.3471 38.4824 29.4322 47.8647 30.4 17.4647 20.7187 431.502 418.642 409.637 23.9644 385.673 372.595 30.4533 342.142 324.453
internal_count=3139 3078 3019 2964 135 85 2829 317 256 203 112 91 2512 467 439 201 156 238 152 86 105 2045 1983 1940 118 1822 1762 153 1609 1507
is_linear=0
shrinkage=0.05


Tree=113
num_leaves=31
num_cat=0
split_feature=12 0 0 12 1 1 12 2 12 19 0 5 13 5 0 13 4 5 12 2 12 1 11 11 0 7 5 0 1 15
split_gain=3.31794 1.44637 3.45675 1.85958 2.66815 6.16261 3.33881 4.83832 4.01346 3.54685 5.8746 3.25256 3.06604 2.17688 6.3879 4.90331 5.85066 4.14776 4.14237 3.97925 3.74434 3.38611 3.36637 4.38188 5.35125 3.56411 3.17848 2.93786 2.39992 2.3809
threshold=0.35813700000000009 1.3417915 1.3808685000000003 0.25649550000000004 0.069678000000000004 0.066774000000000014 0.10456600000000001 0.10875700000000001 0.16084650000000003 1.9173665000000002 8.2899515000000026 0.059244000000000005 0.24771050000000003 0.056431500000000009 1.6334680000000004 0.20250900000000002 0.20097400000000001 0.059555500000000004 0.092621500000000009 0.11197850000000002 0.086078000000000016 0.023602000000000001 0.99687500000000007 0.88534550000000012 4.0650730000000008 0.77614400000000006 0.050749000000000009 2.7827545000000007 0.044375000000000005 2.5000000000000004
decision_type=2 2 2 2 2 2 2 2 2 2 2 2 2 2 2 2 2 2 2 2 2 2 2 2 2 2 2 2 2 2
left_child=1 -1 -3 4 5 13 7 -6 9 -8 -11 12 -10 15 -15 16 18 -16 20 -20 26 -18 23 24 29 -26 -4 -28 -17 -19
right_child=-2 2 3 -5 6 -7 8 -9 11 10 -12 -13 -14 14 17 28 21 22 19 -21 -22 -23 -24 -25 25 -27 27 -29 -30 -31
leaf_value=0.018230517404873144 -0.029791642917829902 -0.028683534300524519 0.0018768667988912733 0.018090837884559993 -0.031883824891658051 0.042772449625851632 0.036928086596111076 0.0070533777198973462 -0.022044779960200798 -0.028607924488775721 0.028473902315653821 -0.037109635488927824 0.018029461096239204 0.040044808981958835 0.029627680716932944 -0.029065673401161812 0.047281515370454746 -0.0091727275336011636 -0.030429347376657031 0.0084356022853238916 0.032375301316255135 0.010594827882532618 -0.036173513097711517 0.034180389797295256 -0.0081579687792436954 0.043147943875117827 -0.041384014901704153 0.00066238154818612754 -0.001556328476156141 -0.042780469976833886
leaf_weight=12.154352668672798 8.7853183746337873 9.7749332524836046 291.03514734655619 16.032206490635872 23.913064442574978 9.2252748012542707 10.498761437833311 11.972701139748095 9.0789431706070953 8.8779114596545714 9.1558361276984197 9.2320547960698587 10.063501566648482 13.785302255302666 11.630324676632879 20.315769262611866 9.9460769072175044 16.872908931225542 20.278401128947738 9.7539544105529767 9.5980889052152616 17.108655661344528 6.8051005993038407 8.3950546048581582 6.2980933561921102 7.3182497546076775 8.4063456878066081 8.2136998102068883 13.002387717366217 7.6634024344384661
leaf_count=63 44 53 1376 79 123 41 49 61 42 43 43 55 49 70 53 98 46 98 96 46 42 76 53 42 35 59 45 40 56 51
internal_value=0.000722521 0.00115048 0.000812514 0.00128949 0.000831738 0.00228851 -0.00694958 -0.0188931 0.000582019 0.0138236 0.000372843 -0.0127333 -0.000977085 0.00152071 0.00913011 5.04118e-05 0.00168638 0.00257197 -5.83109e-05 -0.0178067 0.00162182 0.0240819 -0.00332588 0.00147632 -0.00571983 0.0194169 0.000662386 -0.0206045 -0.0183302 -0.0196694
internal_weight=635.192 626.407 614.252 604.477 588.445 495.652 92.7928 35.8858 56.907 28.5325 18.0337 28.3745 19.1424 486.427 78.7684 407.659 374.34 64.9831 347.286 30.0324 317.253 27.0547 53.3528 46.5477 38.1527 13.6163 307.655 16.62 33.3182 24.5363
internal_count=3127 3083 3020 2967 2888 2423 465 184 281 135 86 146 91 2382 461 1921 1767 391 1645 142 1503 122 338 285 243 94 1461 85 154 149
is_linear=0
shrinkage=0.05


Tree=114
num_leaves=31
num_cat=0
split_feature=2 14 1 4 2 1 4 14 11 14 2 1 12 1 1 1 4 4 4 12 1 14 1 9 4 13 0 11 4 13
split_gain=2.10211 5.10439 5.88527 3.28984 4.38355 2.97343 1.68418 1.385 7.39329 5.24488 5.21012 4.11523 6.43884 4.90772 3.67803 3.63845 3.55768 3.50448 4.40294 3.70542 4.47961 4.80834 3.57425 3.36533 3.34281 3.00465 2.84775 2.44229 2.40831 3.80876
threshold=-0.015274499999999998 0.022273000000000005 0.012015500000000002 -0.063865499999999978 0.021109500000000003 0.034351500000000007 -0.048234499999999993 0.017568500000000004 0.54147750000000017 0.015592000000000002 0.021109500000000003 0.0071090000000000016 0.061527000000000005 0.0010515000000000001 0.012759500000000002 0.014934500000000002 0.0071170000000000009 -0.030900499999999997 -0.014534999999999998 0.035120000000000005 0.041176500000000005 0.040618000000000008 0.032275500000000006 0.069485000000000019 0.0071170000000000009 0.031280000000000009 1.7145010000000001 0.69399600000000017 0.056752000000000004 0.08407000000000002
decision_type=2 2 2 2 2 2 2 2 2 2 2 2 2 2 2 2 2 2 2 2 2 2 2 2 2 2 2 2 2 2
left_child=1 -1 -3 4 -2 -6 -5 8 9 10 24 12 16 -14 -13 -16 -9 -17 -19 20 22 -22 26 -12 -8 -25 -20 -10 29 -21
right_child=3 2 -4 6 5 -7 7 11 27 -11 23 14 13 -15 15 17 -18 18 19 28 21 -23 -24 25 -26 -27 -28 -29 -30 -31
leaf_value=-0.039712754104949149 0.045829596219175664 0.030208186152607255 -0.023396154021643599 -0.017055961781540105 -0.020115901216313389 0.021501855308935808 -0.014313683455183549 -0.0088677646059735025 0.048361330231281516 0.014874347014914066 -0.047575268212017699 0.024022716499734267 0.02305558539138693 -0.028074295309013727 -0.034531768234231174 0.028017427069492548 -0.051141395242814858 -0.031851253642104761 0.035860706020185873 -0.020527619933947836 0.054527884648399111 0.0050039708254715929 -0.025098292739837821 -0.029287516377866599 0.028537701152236084 0.0092141056757519459 0.00073690113650261356 0.01660705998136466 -0.0002946019223829901 0.012614918523374756
leaf_weight=11.467935297638176 8.9685842245817202 9.7054210938513297 10.838835544884203 15.188106313347815 7.8037108629941967 9.5367494374513608 8.4507468044757861 7.8995744381099966 9.3616414964199084 27.166096225380898 10.690236017107965 15.505902599543331 12.561102302744986 7.492726568132638 7.8346582129597655 10.763844683766363 13.452620880678294 11.16378293558955 7.9571215286850956 35.845001919195056 10.3370443508029 9.3204743117094022 9.3990937918424589 12.016234628856184 9.8627392612397653 8.7624668180942518 21.003411121666431 17.144875556230545 274.53296181373298 11.433770570904015
leaf_count=61 42 53 62 77 38 49 52 49 41 122 52 78 69 46 42 53 85 59 39 169 46 56 44 58 45 43 97 79 1292 57
internal_value=-0.000499761 -0.0129897 0.00192736 0.000154136 0.0174505 0.00277266 -0.000623534 -0.000185646 0.00504824 -0.0027967 -0.0124397 -0.00134635 -0.0163934 0.00395189 0.000119291 -0.000785621 -0.0355016 -0.000127537 -0.000902355 7.28312e-06 0.0116383 0.0310465 0.00169251 -0.0247793 0.00876396 -0.0130512 0.0103874 0.0278221 -0.00208959 -0.0125125
internal_weight=643.467 32.0122 20.5443 611.455 26.309 17.3405 585.146 569.958 103.455 76.9485 49.7824 466.503 41.406 20.0538 425.097 409.591 21.3522 401.757 390.993 379.829 58.0171 19.6575 38.3596 31.4689 18.3135 20.7787 28.9605 26.5065 321.812 47.2788
internal_count=3155 176 115 2979 129 87 2850 2773 492 372 250 2281 249 115 2032 1954 134 1912 1859 1800 282 102 180 153 97 101 136 120 1518 226
is_linear=0
shrinkage=0.05


Tree=115
num_leaves=31
num_cat=0
split_feature=5 6 0 0 2 2 11 7 13 11 0 2 1 1 5 2 13 9 2 1 3 6 3 0 13 11 3 13 7 2
split_gain=2.91414 2.99993 2.39175 2.28505 2.12526 2.01279 4.33042 3.63863 3.17074 2.08899 3.31806 2.90282 4.4555 4.81844 4.18842 3.8431 6.08094 3.46323 2.8623 2.53019 4.43825 2.43003 4.17449 2.12374 2.49548 2.31583 3.36835 2.26211 3.38641 3.32944
threshold=0.095165500000000014 0.11119250000000001 4.3586750000000007 29.833681000000002 0.13105200000000003 -0.015274499999999998 0.33935500000000007 0.75343500000000019 -0.064387999999999987 0.82519850000000006 1.3737930000000003 0.05598150000000001 0.022047500000000005 0.035540000000000009 0.035129500000000008 0.08888900000000001 0.30505650000000006 0.018898500000000002 0.044900500000000003 0.029528000000000002 0.065964500000000023 0.16666450000000002 0.21406900000000004 10.585051000000002 -0.035452499999999991 0.7895835000000001 0.080324500000000007 0.13069150000000004 0.77275250000000006 0.10992850000000001
decision_type=2 2 2 2 2 2 2 2 2 2 2 2 2 2 2 2 2 2 2 2 2 2 2 2 2 2 2 2 2 2
left_child=3 2 -2 5 -3 6 -1 -8 -7 10 -10 18 -13 -14 -15 -16 -17 -18 19 -11 -21 22 23 24 -12 27 -27 -26 -29 -30
right_child=1 4 -4 -5 -6 8 7 -9 9 11 21 12 13 14 15 16 17 -19 -20 20 -22 -23 -24 -25 25 26 -28 28 29 -31
leaf_value=-0.038965190019945993 -0.016244883061893169 -0.057814870535045505 0.024627167133374619 0.022193992307500347 -0.011603948827412692 0.031984163657168017 0.022029181362708247 -0.022709513505890566 0.029967837339102896 -0.018129958850925349 -0.02141937885639833 0.025169198791238353 -0.02965771354672397 0.031952780898805669 0.018588881239233898 -0.02629809054867719 0.030589352280318817 -0.011975392775323165 -0.033240870538860129 0.020906361456316511 -0.023199243677880673 0.028642306999570356 -0.030196417213402788 -0.014525106591482539 0.0052449085972367197 0.041174844366630256 -0.0012497335350852498 0.0065988290665478198 -0.027668478238265522 0.0085099451920798916
leaf_weight=9.7565843313932437 10.338736589998009 5.5309241060167533 5.4747351501137009 13.009507551789282 4.5225291401147842 8.491185858845709 10.270831525325777 8.1519450992345792 11.218548037111757 24.094150584191084 9.7670818865299207 16.773450762033463 14.156573820859192 10.192335806787012 15.673904053866861 25.317845083773136 10.380899101495745 8.8553963825106603 12.746006168425081 15.506181031465532 9.0227349996566755 8.6104663684964162 9.9379504770040494 17.155355803668499 258.5751022323966 9.9752272069454211 8.8115065544843656 29.478429540991783 21.797438323497776 8.9789224416017515
leaf_count=54 77 77 32 63 37 38 51 45 57 120 47 85 67 48 73 117 47 41 63 73 41 43 52 82 1218 46 42 137 97 42
internal_value=0.000764157 -0.0156715 -0.00209469 0.00146489 -0.037027 0.00101066 -0.0120314 0.00223263 0.00166054 0.00119829 0.00316529 -0.00356819 0.00162845 -0.0030402 0.00231071 -0.00270559 -0.0101969 0.0109947 -0.0121504 -0.00662173 0.00468252 0.00238038 0.00177654 0.00264817 0.00349627 0.00421706 0.0212765 0.00321185 -0.00551274 -0.0171135
internal_weight=632.572 25.8669 15.8135 606.706 10.0535 593.696 28.1794 18.4228 565.517 557.026 394.306 162.719 101.35 84.577 70.4204 60.228 44.5541 19.2363 61.3691 48.6231 24.5289 383.087 374.477 364.539 347.384 337.617 18.7867 318.83 60.2548 30.7764
internal_count=3112 223 109 2889 114 2826 150 96 2676 2638 1863 775 478 393 326 278 205 88 297 234 114 1806 1763 1711 1629 1582 88 1494 276 139
is_linear=0
shrinkage=0.05


Tree=116
num_leaves=31
num_cat=0
split_feature=14 2 3 12 18 14 2 13 12 1 4 2 19 14 12 9 0 6 19 14 19 7 12 2 14 4 12 0 1 13
split_gain=3.89827 3.41812 3.65818 2.31346 2.26905 2.09449 2.59091 2.04522 2.89051 2.0502 1.52514 4.35889 2.08982 1.92361 3.61971 5.63549 4.48687 4.89118 3.98311 3.12851 2.37629 2.12095 3.05974 3.04709 2.06743 2.01292 2.99184 3.65597 3.5102 3.18179
threshold=0.062328000000000008 0.092811000000000018 0.0062175000000000017 0.17966900000000002 0.70000000000000007 0.053122000000000009 0.12829900000000002 0.32071450000000007 0.20502700000000004 -0.016050999999999996 0.2678890000000001 0.08888900000000001 1.582651 0.029628000000000005 0.036828500000000007 0.10902850000000001 1.6425670000000003 0.056040500000000007 1.7794765000000001 0.031442500000000005 2.6680620000000004 0.74937200000000004 0.10936000000000003 0.041468000000000005 0.028379500000000005 0.20271600000000004 0.092621500000000009 5.6695355000000012 0.035540000000000009 0.067611000000000018
decision_type=2 2 2 2 2 2 2 2 2 2 2 2 2 2 2 2 2 2 2 2 2 2 2 2 2 2 2 2 2 2
left_child=5 2 -2 -3 -4 7 -7 8 9 -1 13 12 -12 24 16 19 -15 -18 -17 -16 -20 22 -21 -23 25 26 29 28 -28 -11
right_child=1 3 4 -5 -6 6 -8 -9 -10 10 11 -13 -14 14 15 18 17 -19 20 21 -22 23 -24 -25 -26 -27 27 -29 -30 -31
leaf_value=-0.026772972063812447 0.007025126020094221 0.018864084663619898 -0.05548380770976289 -0.014688783888970601 -0.015848619927023352 0.031175399329353322 -0.002958007797409627 -0.01674830487720667 0.029512010687529611 -0.002668212962357237 0.023402124709740957 -0.030480359091694616 -0.010460008130578216 0.048622151768965068 0.030077402953859862 -0.040038226652487109 -0.012410194010621423 0.033525913757839511 0.018841322645626036 -0.0037547561052083626 -0.016313275571488178 -0.029154412061367187 0.033530100688490765 0.0049282499210184074 -0.01959048525856328 0.016395470226830605 -0.0065759226442164394 0.006626712612805008 -0.052062240765052087 0.0085393633565644302
leaf_weight=6.8905424997210494 5.2208391707390573 8.796878684312107 10.080561781302093 12.349587418138979 5.6263745911419383 12.358870916068556 10.105086132884024 17.152974128723145 8.6190057396888715 207.67594130896032 9.0748840868473071 14.295413337647913 9.1510082036256772 10.064042896032332 14.663066212087868 11.072218507528307 12.620952010154726 10.714372057467697 7.825525842607024 10.185700200498106 12.462186079472302 8.6428973935544473 11.967593625187872 27.182715315371752 13.728701841086147 18.163973718881607 7.9680189192295137 10.585801124572752 9.0687381029129011 91.10899730026722
leaf_count=40 41 54 82 66 41 62 52 78 43 1009 40 66 42 47 69 56 62 53 36 48 62 44 57 125 69 82 40 48 40 416
internal_value=-0.000209753 -0.0149083 -0.0292339 -0.000730872 -0.0412861 0.000850386 0.015821 0.0002508 0.000787066 0.000324397 0.000677876 -0.00981133 0.00640034 0.00136604 0.00639579 0.00179683 0.0207164 0.00868129 -0.0159174 0.00944415 -0.00275318 0.00422592 0.0163872 -0.00329416 -0.000562776 0.000195342 -0.000706165 -0.0164498 -0.0307885 0.000749332
internal_weight=625.423 42.0742 20.9278 21.1465 15.7069 583.349 22.464 560.885 543.732 535.113 528.223 32.5213 18.2259 495.701 137.401 104.002 33.3994 23.3353 31.3599 72.642 20.2877 57.9789 22.1533 35.8256 358.3 344.571 326.407 27.6226 17.0368 298.785
internal_count=3070 284 164 120 123 2786 114 2672 2594 2551 2511 148 82 2363 659 497 162 115 154 343 98 274 105 169 1704 1635 1553 128 80 1425
is_linear=0
shrinkage=0.05


Tree=117
num_leaves=31
num_cat=0
split_feature=12 8 6 18 4 0 4 4 5 13 7 8 4 13 8 13 0 0 0 4 18 11 3 11 4 8 5 1 7 11
split_gain=1.98545 3.63713 2.2355 3.36516 2.91843 2.216 1.85227 3.48038 4.29602 3.71223 4.60141 4.15952 3.56116 2.92469 5.06611 4.9936 2.32646 5.16599 3.97637 5.38507 3.41955 3.90915 3.37773 3.78971 2.74111 3.91269 3.91032 3.752 2.6359 2.55919
threshold=0.17966900000000002 71.436930500000017 0.09043950000000002 0.90000000000000013 0.56519100000000011 5.7162990000000002 0.0071170000000000009 -0.063865499999999978 0.032445000000000009 0.005216000000000001 0.73316250000000005 54.510317000000008 -0.10197749999999998 0.019293500000000002 50.303744000000009 0.027688500000000001 9.974829500000002 6.455159000000001 12.956759500000002 0.12158400000000001 0.70000000000000007 0.72250000000000003 0.14787400000000003 0.12701600000000005 0.043924000000000012 55.788255500000005 0.033463000000000007 0.035282000000000008 0.73009050000000009 0.65689200000000014
decision_type=2 2 2 2 2 2 2 2 2 2 2 2 2 2 2 2 2 2 2 2 2 2 2 2 2 2 2 2 2 2
left_child=6 -2 -3 4 5 -4 7 8 -1 -9 11 -11 -10 14 -8 -15 17 22 -18 -20 21 -19 23 -17 26 27 28 -26 -25 -24
right_child=1 2 3 -5 -6 -7 13 9 12 10 -12 -13 -14 15 -16 16 18 20 19 -21 -22 -23 29 24 25 -27 -28 -29 -30 -31
leaf_value=0.04279704105515833 -0.040571820763058208 -0.020812274176666996 0.024151354758792182 0.030108703067316101 -0.029295258785059442 -0.0074588971197610907 -0.0070339803055706812 -0.018287293519809393 -0.023589276023266374 0.041501204295095601 -0.011767001521962446 -0.0027735198099822431 0.01505256019341873 -0.028809926127591465 0.029519252172132849 0.017173128460464811 -0.029790598777134632 0.055078359418250483 -0.024419579216693917 0.022551796492065998 0.00032872926595378009 0.0096674385948714199 -0.0016209734921512017 -0.019046444300405654 0.038710383018579528 -0.0026725173656631878 -0.035454749203734905 -0.0039488183208982548 0.019404543791925036 0.030633452810047319
leaf_weight=7.496840924024581 7.9832786060869685 15.459782235324381 8.5022748932242411 8.2241177111864072 9.3600705415010435 15.937052316963671 15.828574586659668 54.204321600496769 9.9293283224105835 10.129808686673643 31.60054855979979 11.137250877916811 14.923622451722622 13.945381097495554 23.629892557859421 27.164495907723904 15.265854639932511 10.937756009399896 10.607084957882764 14.366418834775684 10.859486281871794 8.3625183068215829 9.9642918184399623 9.2133002355694789 11.793883075937631 195.02931696549058 14.42005981504917 9.1558747515082342 8.6339405775070173 16.064887378364801
leaf_count=35 59 74 41 38 48 86 90 290 53 45 177 51 74 70 109 123 76 53 55 70 50 44 50 44 60 913 73 48 39 76
internal_value=-0.000704913 -0.0089476 -0.00455563 0.00142493 -0.00555445 0.00353809 0.000250735 -0.00475054 0.00962157 -0.0090928 0.000334159 0.0183152 -0.000385747 0.00189047 0.0148561 0.000564333 0.00166598 0.00304369 -0.00968731 0.00260148 0.0227736 0.0354025 0.00106966 -0.000557464 -0.00249764 -0.000466843 -0.0160907 0.0200666 -0.000445051 0.0182861
internal_weight=630.131 65.4666 57.4833 42.0235 33.7994 24.4393 564.665 139.422 32.3498 107.072 52.8676 21.2671 24.853 425.243 39.4585 385.785 371.839 331.6 40.2394 24.9735 30.1598 19.3003 301.44 275.411 248.246 215.979 32.2673 20.9498 17.8472 26.0292
internal_count=3114 346 287 213 175 127 2768 725 162 563 273 96 127 2043 199 1844 1774 1573 201 125 147 97 1426 1300 1177 1021 156 108 83 126
is_linear=0
shrinkage=0.05


Tree=118
num_leaves=31
num_cat=0
split_feature=2 19 0 13 12 0 15 1 0 11 1 3 14 14 0 0 0 19 0 0 12 0 14 19 4 11 11 13 4 19
split_gain=1.77083 1.5416 2.70835 4.58 3.11543 1.71787 3.31731 5.88672 2.98356 3.1619 4.3754 3.74628 3.30849 2.28427 2.13752 3.00422 2.70481 2.99606 3.26331 2.7834 2.57706 3.13485 2.21265 2.16526 4.21999 2.49284 3.95378 5.48276 5.85026 4.41298
threshold=0.31011100000000008 0.9500455000000001 1.6228845000000003 0.04329750000000001 0.021163000000000005 1.5480150000000001 2.5000000000000004 0.022047500000000005 1.7747450000000002 0.91194600000000003 0.025654000000000003 0.023380500000000002 0.029939500000000004 0.030606000000000005 1.8222830000000003 1.9048875000000003 2.1188090000000002 1.1741075000000001 2.3321950000000005 2.0540730000000003 -0.0048614999999999986 2.8381455000000004 0.032117500000000007 1.3542405000000002 0.0071170000000000009 0.6645835000000001 0.28660700000000006 0.07969900000000002 0.091639500000000013 3.4872465000000008
decision_type=2 2 2 2 2 2 2 2 2 2 2 2 2 2 2 2 2 2 2 2 2 2 2 2 2 2 2 2 2 2
left_child=1 2 3 -1 -4 6 13 -8 9 10 11 -7 -12 -3 -10 -16 19 18 -18 -17 21 -19 -23 24 -22 26 27 29 -29 -25
right_child=-2 5 4 -5 -6 8 7 -9 14 -11 12 -13 -14 -15 15 16 17 20 -20 -21 23 22 -24 25 -26 -27 -28 28 -30 -31
leaf_value=-0.026882592056510769 -0.021348214708940359 -0.027168104490699781 0.0027023683773229742 0.021955747694155779 -0.03915365946330826 -0.0020954217942152197 -0.020745045546206885 0.03369001007673162 -0.024744196630375689 0.039979792065225145 -0.035084282428595764 0.041083465394194309 0.0093135101883171836 0.00039646977180268262 0.024553389121039802 -0.0043386243214036408 0.044950980780757301 0.04403536921058876 0.0045551392798684571 -0.03428504441024801 -0.046404139146818228 -0.011402615510219153 0.02245828500324594 -0.0063150688372868458 -0.0022511168489650264 -0.003656831819562085 0.010962155215260876 0.047561210915358261 -0.0083254250532536767 -0.046326082902338195
leaf_weight=7.7606117241084602 9.5881900861859304 21.248797759413719 7.2370386868715313 12.585402209311722 11.526390761137007 8.6957626603543776 9.2701351698488015 10.698245108127592 8.1559425462037307 9.2865253612399083 7.9023289903998402 11.894840288907288 8.946854427456854 11.629447914659975 13.242409609258173 31.304364632815123 8.0643476434052008 7.1367816403508213 13.154754690825937 10.316507674753664 7.3287582620978382 9.8087178319692629 9.4945174716413003 45.024116074666381 20.687957789748907 171.22319945879281 105.51117754541337 9.1671785116195696 9.5725060328841192 8.1369529683142883
leaf_count=45 48 108 40 64 61 45 50 50 42 42 38 58 44 60 62 151 38 37 63 50 38 51 52 209 93 852 494 41 43 57
internal_value=-2.31808e-05 0.00030344 -0.00930841 0.00332726 -0.0230098 0.000943944 -0.00765544 0.00841904 0.00179488 0.013864 0.00738623 0.0228483 -0.0115092 -0.0174182 0.000637669 0.00106969 0.000402251 0.00159539 0.0199076 -0.0117614 0.000631418 0.0157207 0.00525226 -0.000427814 -0.0138009 0.000646862 0.00480043 -0.00424163 0.0190135 -0.0124392
internal_weight=635.601 626.013 39.1094 20.346 18.7634 586.903 52.8466 19.9684 534.057 46.7263 37.4398 20.5906 16.8492 32.8782 487.33 479.174 465.932 424.311 21.2191 41.6209 403.092 26.44 19.3032 376.652 28.0167 348.635 177.412 71.9008 18.7397 53.1611
internal_count=3126 3078 210 109 101 2868 268 100 2600 227 185 103 82 168 2373 2331 2269 2068 101 201 1967 140 103 1827 131 1696 844 350 84 266
is_linear=0
shrinkage=0.05


Tree=119
num_leaves=31
num_cat=0
split_feature=6 1 13 12 6 7 7 4 9 12 12 5 19 11 5 9 5 5 4 4 1 3 11 11 7 7 1 5 1 6
split_gain=2.48878 2.76296 2.34308 5.32626 2.99699 3.86251 6.5464 3.55333 2.20703 2.98142 3.21713 4.40527 3.95434 3.61384 2.80309 3.34577 3.28191 2.61308 4.12979 3.9483 2.60651 2.92457 2.20004 2.19249 2.5055 3.89959 2.89783 2.55994 2.18205 3.92747
threshold=0.12739750000000002 0.016081500000000002 -0.010657499999999999 -0.0091554999999999987 0.030613500000000005 0.74289400000000005 0.84978000000000009 -0.017023999999999994 0.37537900000000007 0.029625000000000002 0.025882500000000006 0.04517100000000001 1.4729180000000002 0.27674050000000006 0.029386000000000006 0.11168450000000001 0.030229500000000003 0.037153500000000013 0.026038500000000003 -0.020129499999999998 0.026215500000000003 0.018579000000000002 0.84168750000000003 0.58643300000000009 0.47165750000000006 0.8598245000000001 0.19738950000000002 0.055184000000000004 0.10169850000000001 0.089618000000000017
decision_type=2 2 2 2 2 2 2 2 2 2 2 2 2 2 2 2 2 2 2 2 2 2 2 2 2 2 2 2 2 2
left_child=2 -2 4 -4 -1 7 -7 -6 9 10 11 12 17 -13 15 22 -16 18 19 -5 21 -14 -11 -3 -25 27 -27 -26 29 -18
right_child=1 23 3 8 5 6 -8 -9 -10 14 -12 13 20 -15 16 -17 28 -19 -20 -21 -22 -23 -24 24 25 26 -28 -29 -30 -31
leaf_value=0.023748324520953601 -0.039804539428011015 0.012491028209516619 0.040378882968380714 0.0073431290122778397 -0.041833611066582795 0.028749971646889069 -0.016482323872368858 -0.0021816676670718578 -0.016412241255901478 -0.020985242009088523 0.031835772040080139 0.012929406287738599 0.015258134061723012 -0.031246999978075327 0.032994649527745404 0.009428766669716886 -0.00012805197127026955 0.024999962272754479 0.022098215944323971 -0.037895483190188595 0.0035901504145189529 0.052003622570773511 0.0044717767747248878 0.018299532376534183 -0.011186988689377977 0.019955248151696289 -0.021098967130377358 -0.047803886657222731 -0.020381479501310844 0.015485744716047828
leaf_weight=6.9406272396445265 6.5031868517398825 13.145205754786728 9.2168495506048185 8.4122362434864026 14.622879896312954 12.411673232913015 22.500492829829454 9.2075833901762945 15.729419462382792 38.737109959125519 14.658005490899084 7.4923157691955593 10.001458376646047 12.115486830472944 8.6260444074869138 18.660774260759354 235.37519000284374 9.1040774583816511 9.1184885352849943 11.304705522954469 9.3434636294841749 11.807971850037573 10.86813612282276 6.2922747507691374 8.6787916421890277 9.4837033264338988 7.8612591512501231 10.606539145112036 10.773452848196028 48.589082334190607
leaf_count=37 76 70 46 42 76 63 123 46 78 184 66 40 49 64 40 87 1115 43 43 56 42 53 49 30 40 52 41 65 53 239
internal_value=0.000508368 -0.00895386 0.00155512 0.00272159 -0.00732322 -0.0109944 -0.000401727 -0.0265129 0.00201429 0.0026245 0.0101359 0.00654996 0.0124859 -0.0143668 0.000535405 -0.00861863 0.00259534 0.0016468 -0.00572639 -0.0185944 0.0256864 0.0351527 -0.0154078 -0.00537555 -0.0108473 -0.015854 0.00134824 -0.0313255 0.00170565 0.00254362
internal_weight=628.188 62.571 565.618 499.934 65.6833 58.7426 34.9122 23.8305 490.717 474.988 103.358 88.7002 69.0924 19.6078 371.63 68.266 303.364 37.9395 28.8354 19.7169 31.1529 21.8094 49.6052 56.0678 42.9226 36.6303 17.345 19.2853 294.738 283.964
internal_count=3108 374 2734 2389 345 308 186 122 2343 2265 498 432 328 104 1767 320 1447 184 141 98 144 102 233 298 228 198 93 105 1407 1354
is_linear=0
shrinkage=0.05


Tree=120
num_leaves=31
num_cat=0
split_feature=13 13 12 5 5 12 19 13 1 6 19 0 0 5 12 4 4 6 12 18 0 2 12 6 5 5 11 2 7 5
split_gain=1.83437 3.03907 1.79678 3.36713 8.67111 3.59306 6.34902 3.3966 4.27942 2.96112 2.70731 3.53959 2.67099 2.66275 4.57788 2.58712 5.2213 2.57088 2.41279 3.57904 2.96068 2.16153 3.29802 2.4571 4.26548 3.42729 3.35024 3.16247 2.10861 4.05007
threshold=-0.13871249999999999 -0.070597499999999994 0.038477000000000004 0.031740500000000012 0.038602000000000004 0.028377000000000003 1.007592 -0.017741499999999997 0.012759500000000002 0.028591500000000002 1.3542405000000002 1.8717425000000001 1.9502845000000002 0.045368000000000006 0.0080690000000000015 0.0071170000000000009 0.03186350000000001 0.034600000000000006 0.012118000000000002 0.50000000000000011 2.5264605000000002 0.037782500000000004 0.120384 0.037687500000000006 0.032202000000000008 0.032818000000000007 0.32362800000000008 0.059675000000000006 0.62113250000000009 0.027216000000000001
decision_type=2 2 2 2 2 2 2 2 2 2 2 2 2 2 2 2 2 2 2 2 2 2 2 2 2 2 2 2 2 2
left_child=-1 -2 3 7 10 6 -6 -3 -9 -4 11 -5 -7 14 -8 17 -17 -10 19 20 -15 22 28 25 26 -23 -25 -28 -11 -30
right_child=1 2 9 4 5 12 13 8 15 21 -12 -13 -14 18 -16 16 -18 -19 -20 -21 -22 23 -24 24 -26 -27 27 -29 29 -31
leaf_value=-0.020697625106915044 0.026104248985570334 0.037716728014538889 -0.030111998803338959 -0.028596373166997743 -0.033375720517961692 0.049275060537385784 -0.00037920091264208463 0.03263790978603371 -0.03333778146545345 -0.033274957086093349 -0.032217863114956884 0.013770143209915781 0.0093845618978794978 -0.028213769654321902 0.04680517983859947 0.031815328560116089 -0.010389066307460941 0.00080208888510931967 -0.018879894549851988 0.03577219420869817 0.014603786798558642 0.029431552535176937 0.017818631607807812 -0.034697643030124035 0.0012956982893272846 -0.0053659011644689308 0.016478433131965172 -0.015550626246110656 0.02988362240379357 -0.014055347726199267
leaf_weight=11.181197822093962 10.73847972601652 10.535579472780226 9.5802381709218007 9.608114995062353 10.563610345125197 7.8770431205630329 10.285252228379251 13.219866566359995 8.5254242569208163 11.158017002046106 22.549455031752586 10.125454239547251 8.9807064533233625 7.2456185705959859 10.276872083544729 14.751043200492861 14.56334079056978 15.613395199179648 10.98678665794432 8.4138186387717706 9.1176425237208587 15.762397632002832 9.6602255031466466 14.675887301564215 239.3818389903754 12.840595781803129 10.696526013314722 27.573949135839939 5.8541223704814902 50.360515894368291
leaf_count=68 50 48 55 52 62 36 54 63 43 56 112 49 48 44 46 68 67 71 59 42 65 71 50 66 1158 66 49 127 26 256
internal_value=-0.000625301 -0.0002642 -0.000727796 0.00311244 -0.00192479 0.00739416 0.00219496 0.0113349 0.00716606 -0.00264289 -0.0203823 -0.00685777 0.028024 0.00886603 0.0232034 0.000866447 0.0108483 -0.0112555 0.000622899 0.00927093 -0.00435574 -0.00198162 -0.00950299 -0.000176274 -0.00154478 0.0138101 -0.0143872 -0.00659856 -0.0134205 -0.0094796
internal_weight=632.703 621.522 610.783 203.239 126.03 83.7474 66.8896 77.2086 66.6731 407.544 42.283 19.7336 16.8577 56.326 20.5621 53.4532 29.3144 24.1388 35.7639 24.7771 16.3633 397.964 77.0329 320.931 292.328 28.603 52.9464 38.2705 67.3727 56.2146
internal_count=3127 3059 3009 1029 669 456 372 360 312 1980 213 101 84 310 100 249 135 114 210 151 109 1925 388 1537 1400 137 242 176 338 282
is_linear=0
shrinkage=0.05


Tree=121
num_leaves=31
num_cat=0
split_feature=4 4 4 13 7 0 4 13 1 2 3 0 18 13 1 9 18 2 13 8 8 7 3 15 5 10 2 7 1 2
split_gain=1.80965 3.85015 1.65731 3.73676 1.94441 1.98404 2.25332 4.00628 3.81331 2.52079 5.18027 3.18583 2.76051 3.41954 2.65262 2.24005 2.09397 3.18398 3.19256 5.99501 4.68361 4.09064 5.3746 4.35455 3.03334 5.32429 2.9848 3.03647 2.92963 3.30048
threshold=0.56519100000000011 0.70926900000000004 0.46226850000000003 0.34589850000000005 0.33493550000000005 15.225578500000003 0.0071170000000000009 0.018164000000000003 0.046033000000000004 0.038622500000000011 0.057358500000000007 2.2019295000000008 0.50000000000000011 0.013898500000000001 0.05631450000000001 0.28430900000000009 0.70000000000000007 0.026110500000000005 0.068970500000000004 62.818897500000006 58.219704000000007 0.94885150000000007 0.076347500000000013 1.0000000180025095e-35 0.046978500000000006 1.0000000180025095e-35 0.058311000000000009 0.71033550000000012 0.064941500000000027 0.052231500000000007
decision_type=2 2 2 2 2 2 2 2 2 2 2 2 2 2 2 2 2 2 2 2 2 2 2 2 2 2 2 2 2 2
left_child=2 -2 3 4 -1 6 9 8 15 12 11 -11 13 -6 -12 -8 24 -18 19 -19 -20 22 -22 -24 28 26 27 -26 29 -9
right_child=1 -3 -4 -5 5 -7 7 16 -10 10 14 -13 -14 -15 -16 -17 17 18 20 -21 21 -23 23 -25 25 -27 -28 -29 -30 -31
leaf_value=-0.023338380879962886 -0.038486643514118145 0.0076578812209416791 0.020184557951350778 -0.03168914172304995 -0.011211317147349492 0.013767975306534367 0.03925309403436008 0.0042888799782346857 -0.010260604873997702 0.039153352401936029 -0.02479529222525912 0.0031967484783857352 -0.022449858756719312 0.018186000037290911 0.010286445768566981 0.010117907296242384 0.03084213236153116 -0.039034280163048718 0.038560648770808517 0.011549692584877693 -0.017182142879616967 -0.015772677095092818 0.044634409105811283 0.0094731922368789384 0.0072450263820790272 -0.033152953823267571 0.013777745263494609 -0.021856101882109506 0.0160331297743047 -0.012379639240185321
leaf_weight=8.2299162372946721 9.035125285387041 9.04647698253393 10.669135078787802 8.9899010360240919 37.730654926970601 29.503143591806293 16.212159320712093 86.185563534498215 8.9149549901485425 11.417936496436598 15.809705354273321 13.378464139997957 30.810097735375166 13.407321702688931 8.1743173673748952 11.123925782740114 11.406439788639544 11.573286935687067 10.556115329265593 11.859776228666304 15.73173316568136 21.491486541926861 10.653719097375868 50.75846403837204 14.529256545007227 19.203295296058059 18.522587105631828 23.400717902928591 29.281333848834038 45.310833677649498
leaf_count=63 45 46 52 47 204 160 74 398 46 55 83 66 157 70 41 59 52 54 52 55 75 98 49 230 74 110 95 132 133 208
internal_value=0.00018675 -0.0153999 0.000652713 0.00030199 0.00079346 0.00113769 0.000457013 0.00225372 0.0181362 -0.00527024 0.00372888 0.0197536 -0.0106271 -0.00350395 -0.0128386 0.0273971 0.000740422 0.00549295 0.00331278 -0.0134331 0.00690653 0.00351886 0.00889328 0.0155729 -0.00215473 -0.0104107 -0.00267453 -0.0107088 0.00173021 -0.00145473
internal_weight=622.918 18.0816 604.836 594.167 585.177 576.947 547.444 416.716 36.251 130.728 48.7804 24.7964 81.9481 51.138 23.984 27.3361 380.465 144.031 132.625 23.4331 109.192 98.6354 77.1439 61.4122 236.434 75.6559 56.4526 37.93 160.778 131.496
internal_count=3083 91 2992 2940 2893 2830 2670 1994 179 676 245 121 431 274 124 133 1815 665 613 109 504 452 354 279 1150 411 301 206 739 606
is_linear=0
shrinkage=0.05


Tree=122
num_leaves=31
num_cat=0
split_feature=11 8 14 1 1 11 8 2 14 0 1 14 3 14 2 6 6 8 15 2 6 0 6 7 7 8 14 6 14 1
split_gain=1.97897 4.60465 5.19304 2.44568 3.11076 3.02768 2.50359 2.35559 6.58409 5.1137 3.79461 3.76822 3.70683 2.18826 1.93357 1.91034 1.78622 3.03645 2.77547 2.82427 2.70197 3.06435 2.8924 2.56004 3.31885 2.86502 2.27212 5.44195 3.82243 2.12406
threshold=0.97419250000000013 69.106077500000012 0.032380000000000006 0.11696300000000001 0.10003300000000002 0.81165550000000009 86.560893000000007 0.087927000000000019 0.042034000000000009 5.4035935000000004 0.047006500000000007 0.029342000000000003 0.29447600000000002 0.22613150000000001 0.16892800000000002 0.042051500000000012 0.08150750000000001 64.748346000000012 2.5000000000000004 0.099993500000000027 0.068247500000000016 2.1908770000000009 0.073165500000000008 0.61122350000000003 0.74937200000000004 51.260788500000011 0.033898500000000005 0.056247000000000012 0.040935500000000007 0.021318500000000004
decision_type=2 2 2 2 2 2 2 2 2 2 2 2 2 2 2 2 2 2 2 2 2 2 2 2 2 2 2 2 2 2
left_child=3 2 -2 4 6 -5 13 10 9 -9 11 15 -10 14 16 -3 20 23 19 -19 26 -22 -23 -18 -25 -26 29 28 -28 -1
right_child=1 7 -4 5 -6 -7 -8 8 12 -11 -12 -13 -14 -15 -16 -17 17 18 -20 -21 21 22 -24 24 25 -27 27 -29 -30 -31
leaf_value=0.0056575601470267092 -0.0016749163633281103 -0.0028208710497093074 -0.050631702738020846 0.031527816417513864 -0.02417161835401687 -0.0074227486566828928 0.026760369746837931 -0.057029554453739167 0.035353898795503484 -0.0069032104504731925 0.033808116698569202 -0.018750642807417377 -0.0056025208929381069 0.024171356469558682 -0.018045306172742571 0.02906217691634155 -0.029889895504183351 -0.012153208127446538 0.032464545064368841 0.023078895795753292 -0.032976894052218556 -0.019092000876263244 0.011241408734800756 0.032632965549986619 -0.02952182519383071 0.0082444681765810601 0.013940634277052303 0.037221901839496266 -0.023598108084472671 -0.0031236531719976784
leaf_weight=111.98609706386924 11.055342417210342 8.5421540215611476 10.620246939361094 14.935475435107948 11.407376181334255 7.4916414245963088 10.194119455292819 9.0093868970870989 8.9157382473349589 11.689453314989803 10.873351536691187 15.105184582993386 14.524721316993235 10.611515730619429 12.684350002557037 10.440406218171118 6.666997216641902 10.844834301620724 18.308335956186056 11.962458834052084 11.934432171285151 15.025108963251116 16.477017104625702 7.6963996756821897 7.9277737289667156 13.699896493926643 18.130342446267608 14.736245118081568 10.833575896918772 178.84228455275297
leaf_count=564 53 40 81 80 56 40 53 42 44 55 50 76 70 62 69 47 36 52 86 55 60 70 75 42 66 77 88 70 58 824
internal_value=0.00107635 -0.00499389 -0.025662 0.00236357 0.00163899 0.0185166 0.00224164 3.40651e-05 -0.00817106 -0.0287212 0.00808922 -0.000114625 0.00997553 0.00171914 0.00120979 0.0147148 0.00174649 0.00868198 0.0179653 0.00632608 0.000331616 -0.0114004 -0.00322627 -0.00192307 0.00443534 -0.00559903 0.00185495 0.0124853 -0.000100243 0.000257632
internal_weight=633.172 110.776 21.6756 522.396 499.969 22.4271 488.562 89.1004 44.1393 20.6988 44.9611 34.0877 23.4405 478.368 467.756 18.9826 455.072 77.1067 41.1156 22.8073 377.965 43.4366 31.5021 35.9911 29.3241 21.6277 334.529 43.7002 28.9639 290.828
internal_count=3141 558 134 2583 2463 120 2407 424 211 97 213 163 114 2354 2292 87 2223 414 193 107 1809 205 145 221 185 143 1604 216 146 1388
is_linear=0
shrinkage=0.05


Tree=123
num_leaves=31
num_cat=0
split_feature=11 11 12 14 14 9 13 14 8 8 12 11 13 0 11 11 9 0 0 11 0 7 11 4 5 5 8 9 0 12
split_gain=1.70058 3.33975 2.94083 2.87884 8.03965 3.11277 2.77044 2.12709 2.04359 3.6202 3.09814 4.0025 8.99338 4.9247 4.26247 4.21739 3.07148 6.72437 4.16592 3.06295 3.0489 3.46257 3.15115 4.77334 3.61056 5.25575 3.54627 3.37006 3.96092 3.33543
threshold=0.012660500000000003 0.11180550000000002 0.0069445000000000002 0.012839000000000001 0.016370000000000006 0.12822950000000002 0.042788500000000007 0.012087000000000002 73.530269000000018 74.447983000000008 0.067350000000000007 0.74841750000000007 0.078432000000000016 1.6334680000000004 0.54951000000000005 0.45183400000000001 0.10513800000000002 4.7058245000000012 6.5340700000000007 0.82033400000000012 1.3964285000000003 0.57785800000000009 0.85375000000000012 0.089914500000000022 0.035129500000000008 0.042746500000000014 60.973242000000006 0.30727700000000008 1.8441310000000002 0.012118000000000002
decision_type=2 2 2 2 2 2 2 2 2 2 2 2 2 2 2 2 2 2 2 2 2 2 2 2 2 2 2 2 2 2
left_child=2 3 -1 -2 -5 -6 -4 -3 10 -10 16 12 -12 -13 15 -14 17 -9 20 -15 -18 -22 23 24 26 -26 29 28 -27 -23
right_child=1 7 6 4 5 -7 -8 8 9 -11 11 13 14 19 -16 -17 18 -19 -20 -21 21 22 -24 -25 25 27 -28 -29 -30 -31
leaf_value=0.038915004773809457 -0.044606818402160908 0.020110451668062287 -0.020744595066508373 0.041113758844660897 0.0035385681165981914 -0.032053598206853516 0.016769069217319504 -0.0012213010905227219 -0.027789128855000195 -0.0020352233745026746 0.046905382818243781 0.054817484087206825 -0.010455071774478158 0.035381468123208554 -0.027064623955157793 0.029706172058571897 0.028152005664670566 -0.034877304404638619 0.026396777905437305 0.0055936653362437458 0.027816488590754359 0.015208033653197429 0.015235115059290106 -0.037583414411921139 -0.035887181353593672 -0.020700579492618984 0.033483741300513063 -0.026293536481121732 0.02595213628296017 -0.019059469897452615
leaf_weight=7.5462086964398649 6.5218940470367661 13.71469498798251 7.9444850534200695 6.6238706409931174 9.2060164697468299 18.462793856859207 12.934759449213741 74.257512647658587 14.856553845107554 167.38287930376828 8.602996997535227 8.0830725841224176 18.85907864198089 11.295333705842493 18.930894989520311 10.004636969417332 9.3178789094090444 18.548139654099941 17.712525613605976 36.569898081943393 9.3022391349077207 14.914963081479074 18.072553791105747 11.608837142586706 16.089740067720413 6.7641770690679612 10.016502544283865 8.7836999446153623 13.897141255438326 13.55449181050062
leaf_count=37 42 73 36 31 46 97 62 360 72 804 41 41 88 55 96 46 52 100 88 192 46 71 94 64 87 39 44 48 69 63
internal_value=0.000217523 -0.000356129 0.0121637 -0.014157 -0.00836594 -0.0202113 0.00249524 0.000665891 0.00016968 -0.00413474 0.0023782 0.00924373 -0.00015611 0.018719 -0.00862715 0.00346547 -0.000798022 -0.00794779 0.00362455 0.0126231 0.000576277 -0.00151265 -0.00391214 -0.00753068 -0.00337841 -0.0129073 0.00789576 -0.000350362 0.0106788 -0.00110695
internal_weight=620.38 591.955 28.4255 40.8146 34.2927 27.6688 20.8792 551.14 537.426 182.239 355.186 112.346 56.3976 55.9483 47.7946 28.8637 242.84 92.8057 150.035 47.8652 132.322 123.004 113.702 95.6296 84.0207 45.5348 38.486 29.445 20.6613 28.4695
internal_count=3084 2949 135 216 174 143 98 2733 2660 876 1784 559 271 288 230 134 1225 460 765 247 677 625 579 485 421 243 178 156 108 134
is_linear=0
shrinkage=0.05


Tree=124
num_leaves=31
num_cat=0
split_feature=4 19 4 5 5 2 19 2 5 19 8 6 0 5 19 4 19 13 5 4 3 5 3 6 11 19 6 5 19 2
split_gain=1.84713 4.39438 3.74841 1.62975 2.30673 2.21186 1.68301 3.53982 3.09605 2.07323 4.97944 2.44244 3.22856 3.11188 4.7863 4.33957 4.23124 5.10243 3.0992 3.03613 2.99604 6.85817 2.8515 3.62885 4.42259 2.75065 3.08852 2.68303 3.47579 2.59436
threshold=0.56519100000000011 2.2474955000000003 0.46226850000000003 0.020271500000000005 0.022809500000000003 0.036913000000000008 0.87144450000000007 0.017688000000000002 0.035810000000000002 0.9743440000000001 49.652761000000005 0.064014000000000015 2.2978180000000004 0.056104500000000009 2.1199000000000008 -0.0029099999999999998 2.3730625000000005 0.015457000000000002 0.030944000000000003 0.2678890000000001 0.17897850000000001 0.045002500000000008 0.045707000000000005 0.072183500000000025 0.55064100000000016 2.4126380000000007 0.044246500000000008 0.047826500000000001 2.7614480000000001 0.052231500000000007
decision_type=2 2 2 2 2 2 2 2 2 2 2 2 2 2 2 2 2 2 2 2 2 2 2 2 2 2 2 2 2 2
left_child=2 -2 3 -1 5 -5 7 -6 -9 10 -8 13 -13 14 15 29 17 -15 -14 20 22 -22 23 -20 -25 26 -16 28 -27 -11
right_child=1 -3 -4 4 6 -7 9 8 -10 11 -12 12 18 16 25 -17 -18 -19 19 -21 21 -23 -24 24 -26 27 -28 -29 -30 -31
leaf_value=-0.016612322999269374 0.0060160766116589487 -0.044319607938366652 0.029939273221147662 0.034122536783175859 0.041953695841881862 -0.0011588206472178937 -0.053552553375865779 -0.026216141335341447 0.017368212294431515 -0.013827412869344287 0.00041741677551714095 -0.018792845980684907 -0.023739224270415776 0.03098263556100448 -0.047875231142783255 0.0099533319772867751 0.036657808385292694 -0.016754404120709412 -0.014368351648660219 -0.014272704947662009 0.052601649757256674 -0.0043679934464354621 -0.0047793342878074303 0.043147609853155348 -0.0057147034596824811 0.021031842951788646 -0.0073250233097811928 -0.026797210702623003 -0.0066399155204532089 0.015607460532594373
leaf_weight=15.668863587081431 9.6258459910750407 7.8900198601186267 10.151845946907995 9.394947215914728 7.0341601297259357 8.4267828091979009 6.399008288979533 6.8391925245523479 10.080049388110636 37.155606977641582 12.868631567806004 34.981351677328348 15.292538814246653 9.3115825131535548 8.6123173162341136 126.92214327305555 14.523249620571731 14.034501880407332 8.2145832628011721 31.190149296075106 9.2666154131293315 12.287949273362754 85.0320267919451 12.56091075204313 7.3353070486336938 14.409323021769522 10.32567150890827 11.584988728165625 53.413953926414251 9.374691501259802
leaf_count=77 46 44 49 43 34 40 38 36 54 183 69 188 70 48 45 579 75 78 40 156 46 69 417 79 53 69 47 59 257 45
internal_value=-0.000647978 -0.0166576 -0.000190289 -0.000697924 -0.000273026 0.0174402 -0.000827775 0.0121438 -0.000249704 -0.00139779 -0.0175066 -0.000807521 -0.00488619 0.00203957 0.000168654 0.0051648 0.0154676 0.00228551 -0.00220117 -0.000215655 0.00303936 0.0201241 -0.000215412 0.0135899 0.0251331 -0.00864301 -0.0257658 -0.00455941 -0.000760941 -0.00789702
internal_weight=630.209 17.5159 612.693 602.541 586.872 17.8217 569.051 23.9534 16.9192 545.097 19.2676 525.829 216.161 309.668 271.799 173.452 37.8693 23.3461 181.18 165.888 134.697 21.5546 113.143 28.1108 19.8962 98.3463 18.938 79.4083 67.8233 46.5303
internal_count=3133 90 3043 2994 2917 83 2834 124 90 2710 107 2603 1118 1485 1284 807 201 126 930 860 704 115 589 172 132 477 92 385 326 228
is_linear=0
shrinkage=0.05


Tree=125
num_leaves=31
num_cat=0
split_feature=13 4 4 14 13 4 15 2 2 9 9 8 2 5 5 0 5 4 18 18 14 6 5 5 14 9 9 14 8 12
split_gain=2.34702 6.77257 5.54841 3.2148 5.46892 4.14336 4.00909 5.24902 3.78782 3.02867 7.77763 2.96931 2.66757 2.23939 2.88577 2.21319 3.09625 4.65911 3.86187 2.28878 4.28091 1.96042 3.49782 5.63233 3.3879 2.56637 1.91058 1.78612 1.70181 2.22357
threshold=0.098826000000000011 0.13064550000000003 0.15746350000000003 0.023820000000000004 0.11503450000000001 0.11548950000000001 2.5000000000000004 0.032319000000000007 0.041468000000000005 0.03151650000000001 0.082314000000000012 73.305520000000016 0.078357000000000024 0.089715000000000003 0.064248000000000013 1.7267555000000001 0.045729500000000006 0.15153350000000002 0.70000000000000007 0.70000000000000007 0.051940000000000007 0.04762750000000001 0.045894000000000011 0.059898500000000007 0.029101500000000002 0.031000500000000004 0.032210000000000009 0.020230500000000002 78.69208900000001 0.067350000000000007
decision_type=2 2 2 2 2 2 2 2 2 2 2 2 2 2 2 2 2 2 2 2 2 2 2 2 2 2 2 2 2 2
left_child=1 13 -3 11 5 -5 8 -8 9 -6 -11 -2 27 14 28 -10 17 -17 -19 20 -18 -9 24 25 -23 -24 -21 -13 29 -1
right_child=3 2 -4 4 6 -7 7 21 15 10 -12 12 -14 -15 -16 16 19 18 -20 26 -22 22 23 -25 -26 -27 -28 -29 -30 -31
leaf_value=-0.0016452913061627717 0.023098300810724851 0.052439321430257479 0.005073700699382862 -0.010672275296492284 -0.055312318475483485 -0.057453645385166424 0.038886028374395663 -0.025695657797390088 0.012650418390910564 0.018735812251286156 -0.05050195784753863 0.00055068413630357418 0.01872929879859405 -0.024467998145716416 0.024159858645741356 -0.02755855356450981 -0.042705251117451791 0.033003748976434093 -0.0042912458511460043 0.0043124797389506022 -0.00058199278466940869 0.011959343483501672 0.011075586497990406 -0.011803761279141135 -0.026979742543377257 0.046794371515320593 -0.021064242705555843 -0.028468592902825843 -0.018043390870676409 0.014345317029573815
leaf_weight=270.67998738586903 17.241335496306419 11.065997229889037 14.010845351964234 9.7164049018174428 7.3970373868942287 9.2285869307816011 9.342397438362239 7.2469498589634886 13.009377863258122 7.9225098416209248 8.3108936436474306 11.629868745803838 9.8861037194728834 9.8435123320668918 11.661524061113594 10.081506177783011 16.82778545469046 12.351462945342066 15.846713833510874 16.120112869888548 9.4013231582939607 8.8026839047670382 9.9315963536500949 14.393561389297245 15.286275386810301 10.186947062611578 13.73832158744335 9.7460199519991857 14.266801483929155 23.638651207089424
leaf_count=1320 79 54 76 47 40 50 46 37 62 38 51 52 44 93 60 47 77 58 76 77 61 39 46 77 74 47 77 45 68 110
internal_value=-0.00175609 0.000925212 0.0259754 -0.00523618 -0.00775159 -0.0334607 -0.0053895 0.00381325 -0.0106713 -0.0287946 -0.0167113 0.00643985 -0.00274747 -0.000977839 -0.000255816 -0.00668294 -0.00934822 0.00161471 0.0120448 -0.0168304 -0.027607 -0.00116281 0.00187107 0.0120767 -0.0127505 0.0291617 -0.00736374 -0.0126802 -0.00117849 -0.000360981
internal_weight=628.813 355.167 25.0768 273.646 225.142 18.945 206.197 75.1904 131.007 23.6304 16.2334 48.5033 31.262 330.09 320.247 107.377 94.3672 38.2797 28.1982 56.0875 26.2291 65.848 58.6011 34.5121 24.089 20.1185 29.8584 21.3759 308.585 294.319
internal_count=3128 1781 130 1347 1127 97 1030 366 664 129 89 220 141 1651 1558 535 473 181 134 292 138 320 283 170 113 93 154 97 1498 1430
is_linear=0
shrinkage=0.05


Tree=126
num_leaves=31
num_cat=0
split_feature=4 4 12 6 6 6 9 15 8 4 1 12 14 14 5 8 4 11 6 14 11 14 8 12 4 5 11 11 3 1
split_gain=2.78062 2.7809 2.31215 4.69083 4.14473 7.07189 4.97764 4.74609 3.80391 3.62735 3.04526 4.18419 3.45293 3.58507 3.70562 3.83077 3.65656 4.38934 2.43315 2.40032 2.39368 1.97058 1.94127 4.76926 2.88074 4.16341 2.74934 2.30415 2.27183 2.22154
threshold=0.56519100000000011 0.47522150000000002 0.029625000000000002 0.026683500000000002 0.078501000000000015 0.06466050000000001 0.028864000000000004 2.5000000000000004 65.543379500000015 -0.014534999999999998 0.0086395000000000031 0.0032160000000000005 0.012389000000000002 0.035404500000000012 0.040975000000000004 47.386463000000006 -0.063865499999999978 0.26138700000000009 0.041467000000000011 0.074816000000000007 0.86180550000000011 0.020302000000000004 86.310349500000015 0.18940400000000004 0.30529900000000004 0.048398500000000004 0.69848500000000013 0.71339300000000005 0.12510300000000005 0.043940500000000007
decision_type=2 2 2 2 2 2 2 2 2 2 2 2 2 2 2 2 2 2 2 2 2 2 2 2 2 2 2 2 2 2
left_child=1 2 4 -4 5 6 -1 -6 10 -5 11 -8 -12 14 16 -16 -14 18 -18 22 -15 -19 24 -24 26 -26 -11 -28 -27 -29
right_child=-2 -3 3 9 7 -7 8 -9 -10 19 12 -13 13 20 15 -17 17 21 -20 -21 -22 -23 23 -25 25 28 27 29 -30 -31
leaf_value=0.038236586144522543 -0.01965849910297059 0.028891231953809327 -0.044171218883436975 -0.028354630549024734 0.045458341904176802 -0.029366103354421531 0.0038112558774334206 -0.0013673291059745174 0.034899804958257029 0.004313715339652034 -0.026374861014953083 -0.038228043648906015 0.033125161091862206 -0.034120848038421615 0.010844039712803677 0.054580189418815699 0.029031410235128719 -0.026196426247392535 -0.0049474364288691853 -0.025974011404756383 0.0060155520912655858 0.0038511385491319886 0.0027875318252956749 -0.042246343894857631 0.040199100449124919 0.022273267896100943 -0.030648946766014314 -0.0085625897017171815 -0.010567383763785403 0.0041295460579376811
leaf_weight=11.114648327231405 16.529329042881727 8.8861937895417196 6.2892186492681494 11.499181419610975 12.81837913952768 15.585690744221209 13.306737147271635 9.3648131210356933 8.9297909587621671 185.43747994303703 8.0637826099991781 10.660910211503504 9.8558389022946269 7.6684511676430684 11.145737193524839 9.089684918522833 13.335305370390424 15.173887968063356 8.709557965397833 8.6217386424541456 7.2050016336143017 8.5204457715153676 17.389541838318113 8.8819753155112249 11.379914045333861 8.9184853434562701 8.1453783288598043 83.214956296607852 12.859115839004515 58.864950221031904
leaf_count=49 86 43 37 65 73 81 75 70 40 867 43 61 45 46 56 40 62 75 40 87 37 41 82 42 54 40 40 407 63 280
internal_value=0.000577117 0.00112461 0.000714774 -0.00131318 0.00544916 0.00261384 0.00610474 0.0256905 0.00339229 -0.000664014 0.00109992 -0.014888 0.00497966 0.00776714 0.0121695 0.0304902 0.00550122 -0.000451155 0.0156069 0.000124712 -0.014678 -0.0153914 0.000694241 -0.0124377 0.00162965 0.0156893 0.000240799 -0.00478679 0.0028817 -0.00330413
internal_weight=627.466 610.937 602.051 421.502 180.549 158.365 142.78 22.1832 131.665 415.213 122.735 23.9676 98.7677 90.7039 75.8305 20.2354 55.595 45.7392 22.0449 403.714 14.8735 23.6943 395.092 26.2715 368.82 33.1575 335.663 150.225 21.7776 142.08
internal_count=3127 3041 2998 2064 934 791 710 143 661 2027 621 136 485 442 359 96 263 218 102 1962 83 116 1875 124 1751 157 1594 727 103 687
is_linear=0
shrinkage=0.05


Tree=127
num_leaves=31
num_cat=0
split_feature=3 14 14 7 4 3 14 8 5 19 1 4 3 3 5 3 4 9 7 7 7 3 9 4 13 9 14 8 14 13
split_gain=1.65974 3.43878 4.96347 3.60512 3.47295 3.28838 3.2019 5.25239 2.96093 5.76377 3.58941 2.72289 1.76179 1.81348 1.40672 2.9188 2.53397 1.3696 1.34597 2.3677 2.90909 2.35247 4.68337 4.19997 4.98035 3.50514 3.01904 4.47966 3.01099 2.85054
threshold=0.0062175000000000017 0.016501500000000006 0.018998500000000005 0.77614400000000006 0.13272300000000001 -0.010485 0.013824000000000001 71.876564500000015 0.055739500000000004 2.0223605000000004 0.028877500000000004 0.011859500000000002 0.0099135000000000004 0.015445500000000003 0.080017000000000019 0.066958000000000004 0.23925600000000002 0.12698300000000004 0.68544950000000016 0.71902400000000011 0.73345550000000015 0.069322000000000009 0.14040000000000002 0.20271600000000004 0.21703750000000002 0.026612500000000004 0.023259500000000006 70.759178500000004 0.031777500000000007 0.088639000000000009
decision_type=2 2 2 2 2 2 2 2 2 2 2 2 2 2 2 2 2 2 2 2 2 2 2 2 2 2 2 2 2 2
left_child=1 3 -3 -1 8 -6 7 17 9 10 -4 -10 -8 -14 18 -16 -17 -2 21 -20 -21 22 29 25 -25 -23 -27 28 -28 -15
right_child=6 2 4 -5 5 -7 12 -9 11 -11 -12 -13 13 14 15 16 -18 -19 19 20 -22 23 -24 24 -26 26 27 -29 -30 -31
leaf_value=0.047167454089225846 -0.040916202573551101 -0.033793939431142971 -0.013452510054119106 0.0036452650736597046 0.00067159303168174811 0.046462773576276289 -0.020511193955378332 0.013979170182769816 0.037005661239187082 -0.045721189073847882 0.024440026621319801 -0.007300413926045724 0.018375826929999589 0.023397724949604178 -0.036916460777162964 -0.021988641644618473 0.013222544253337102 -0.014452732817993219 0.015648591377520324 -0.023046933228412399 0.00098326860478161089 -0.048245284622518411 -0.018545654322529973 0.03230627054663026 -0.0095981915640471118 -0.034494828413834631 -0.043539013268099322 0.015995023770457258 -0.00040306776823317831 -0.0029622364037382755
leaf_weight=8.8754051923751849 13.813201658427721 9.4476613476872426 15.24180541187525 10.256962750107048 7.2633231133222571 8.5192019753158075 11.711592294275759 9.0017703101038915 7.9388214983046037 8.3404674902558309 10.593215204775332 6.157234339043498 11.919853119179605 23.798981942236423 8.3814974222332257 8.9891666397452372 11.838811967521904 7.5679293498396865 25.914380095899105 13.215388610959051 268.09704519808292 8.5825442932546121 17.864367518573999 10.465467393398283 21.987369917333126 11.912803016602991 8.3555142432451301 13.95780026912689 7.8426607549190512 18.022721782326698
leaf_count=41 73 48 77 64 39 41 56 44 50 49 51 45 60 109 68 76 70 38 117 60 1263 45 90 49 107 56 43 69 43 86
internal_value=-0.00122479 0.00495285 3.78612e-05 0.023835 0.00502789 0.0253891 -0.00229796 -0.0180603 -0.00162927 -0.00958225 0.00208469 0.0176525 -0.00134559 -0.000888579 -0.00136774 -0.0120007 -0.00197428 -0.0315494 -0.000677583 0.00118662 -0.000145613 -0.00468859 0.00288423 -0.0101274 0.00391526 -0.0191248 -0.0131838 -0.00476511 -0.0226539 0.0120381
internal_weight=625.875 92.6341 73.5017 19.1324 64.0541 15.7825 533.241 30.3829 48.2715 34.1755 25.835 14.0961 502.858 491.146 479.227 29.2095 20.828 21.3811 450.017 307.227 281.312 142.79 59.6861 83.1042 32.4528 50.6513 42.0688 30.156 16.1982 41.8217
internal_count=3127 505 400 105 352 80 2622 155 272 177 128 95 2467 2411 2351 214 146 111 2137 1440 1323 697 285 412 156 256 211 155 86 195
is_linear=0
shrinkage=0.05


Tree=128
num_leaves=31
num_cat=0
split_feature=4 11 2 9 13 6 14 13 13 4 3 8 12 2 7 9 11 14 15 14 11 8 11 15 8 3 5 2 8 8
split_gain=3.27347 2.37613 2.29157 7.71317 5.4946 4.46101 3.45733 2.19256 2.84367 3.569 2.524 3.19921 2.69048 2.00417 1.98285 1.9172 1.41452 4.19533 3.47534 2.33454 2.5024 3.52026 2.39107 2.16024 4.0829 2.85509 4.49381 3.14889 2.09023 2.65448
threshold=-0.015837999999999998 0.024695000000000005 0.019515000000000001 0.21078800000000003 -0.010657499999999999 0.036572000000000007 0.032200000000000006 -0.0042344999999999995 -0.012736999999999998 0.03186350000000001 -0.011894999999999998 56.360075500000008 0.0069445000000000002 -0.007308499999999999 0.87547450000000004 0.19824700000000003 0.11180550000000002 0.012087000000000002 1.5000000000000002 0.013975500000000002 0.20734100000000003 63.547942000000006 0.24828750000000002 4.5000000000000009 62.818897500000006 0.09659050000000001 0.040480000000000009 0.068234500000000017 73.305520000000016 74.861047000000028
decision_type=2 2 2 2 2 2 2 2 2 2 2 2 2 2 2 2 2 2 2 2 2 2 2 2 2 2 2 2 2 2
left_child=1 -1 3 4 -3 -4 14 8 9 -2 11 -9 -12 -14 15 -7 18 -18 -15 -19 21 -21 -22 28 -25 27 -27 -26 -24 -30
right_child=7 2 5 -5 -6 6 -8 10 -10 -11 12 -13 13 16 -16 -17 17 19 -20 20 22 -23 23 24 25 26 -28 -29 29 -31
leaf_value=0.016787678847181128 -0.017325831564119456 -0.057480882867981559 -0.052300761115330996 0.024413917346193591 0.00015032571338764069 0.024285887006969199 -0.035195851089533797 0.010468156282827221 0.038571015253998156 0.023706634425231913 -0.023277070200306092 -0.030498880521291061 0.021615834834624433 0.0079449160514033067 -0.019399500655444012 -0.0085392324843533065 0.034655757040731927 -0.018277381899150982 -0.021868239533902614 0.033160040727842517 -0.02275570487972315 -0.0047975566817142698 0.0087470319335072357 -0.026339146509157071 0.001521303293742793 -0.036840147960167359 0.003858338430642089 0.036822723510858558 -0.018118778080715173 0.0027834091707128147
leaf_weight=8.6647225655615312 9.593070246279245 7.1404876336455336 7.8492160141468039 15.840740360319613 9.828556567430498 9.1552786976099068 10.640952739864586 7.4900955520570305 9.2026794701814634 11.84036837518215 10.09484509192407 13.101060245186089 13.755264587700365 19.69462862610817 10.097194798290728 8.6521826647222024 10.268657118082045 13.335270613431929 19.407915096729994 15.430474042892458 9.5347073748707754 10.110587552189825 148.09826356545091 17.158692341297865 20.558716870844368 10.036341682076456 20.921593807637691 9.1190244406461698 17.226514846086502 128.43669980950654
leaf_count=41 52 44 43 79 53 45 65 42 47 67 65 70 70 94 49 41 47 68 96 69 44 47 738 92 96 47 101 42 79 620
internal_value=0.000883605 -0.00807137 -0.0107909 -0.000677527 -0.0241006 -0.0179429 -0.0109464 0.00232895 0.0153232 0.00534153 0.00155411 -0.015597 0.00227019 0.00280403 -0.00169934 0.00833701 0.0022527 0.00308023 -0.00685236 0.00230817 0.00298326 0.0181343 0.00196783 0.00260227 -0.00480626 0.00128712 -0.00933582 0.0123683 0.00456421 0.000311462
internal_weight=632.285 87.8693 79.2046 32.8098 16.969 46.3948 38.5456 544.415 30.6361 21.4334 513.779 20.5912 493.188 483.093 27.9047 17.8075 469.338 430.236 39.1025 419.967 406.632 25.5411 381.091 371.556 77.7944 60.6357 30.9579 29.6777 293.761 145.663
internal_count=3153 460 419 176 97 243 200 2693 166 119 2527 112 2415 2350 135 86 2280 2090 190 2043 1975 116 1859 1815 378 286 148 138 1437 699
is_linear=0
shrinkage=0.05


Tree=129
num_leaves=31
num_cat=0
split_feature=12 12 14 14 4 4 7 12 5 8 6 0 4 7 11 6 0 4 18 4 12 8 5 6 11 5 11 9 14 11
split_gain=2.13491 3.72125 2.96096 4.50886 2.8404 4.85573 2.82264 2.63725 2.70115 4.08573 3.27907 2.3943 2.35253 2.80286 2.37533 2.3041 1.79238 1.73601 5.94164 3.64948 5.41926 2.80257 2.74547 2.67869 2.55635 2.31896 2.94371 3.58572 2.7158 2.72342
threshold=0.35813700000000009 0.25649550000000004 0.045396000000000006 0.047751000000000009 0.091639500000000013 0.14116500000000001 0.4587775 0.21036850000000004 0.056884500000000011 68.634518000000014 0.10328700000000002 3.3086840000000004 0.37170500000000006 0.51793450000000008 0.012660500000000003 0.044064000000000006 1.3417915 -0.015837999999999998 0.50000000000000011 -0.032206499999999992 -0.014812999999999998 46.476355000000005 0.030477000000000004 0.11886550000000001 0.49341950000000007 0.051373500000000009 0.45183400000000001 0.090829000000000007 0.036991000000000003 0.20409100000000002
decision_type=2 2 2 2 2 2 2 2 2 2 2 2 2 2 2 2 2 2 2 2 2 2 2 2 2 2 2 2 2 2
left_child=1 2 6 -4 -5 -6 11 8 -7 10 -10 -1 13 -8 15 -15 -16 18 19 20 -18 -22 -20 25 -24 28 -27 -28 29 -19
right_child=-2 -3 3 4 5 7 12 -9 9 -11 -12 -13 -14 14 16 -17 17 23 22 -21 21 -23 24 -25 -26 26 27 -29 -30 -31
leaf_value=0.004485621823896932 -0.024475812220772247 0.023604780812009275 -0.041570422249138449 -0.022597419246574213 0.037976864132819983 -0.027320507150038267 0.030127319334661902 -0.031928644886532132 0.011577047544535281 0.031222020280333967 -0.030284360524864457 -0.03435818342888828 -0.021454259145468731 0.035348853605803456 0.024005884279288795 0.0044181800757739833 -0.0078049545623824247 0.012693828247865994 -0.04873123243707194 -0.021380800958658186 0.053687147693307104 0.013556820762130207 0.0010063404643137787 -0.016605685415592316 -0.031781791131188557 -0.0089664653543022801 0.0072587466220731811 0.038904065587587952 -0.020026984876583699 0.00036399979390396372
leaf_weight=6.6165638640522983 8.4525399804115278 17.418950200080872 9.3110384196042997 16.478746026754379 7.6633897740393868 7.1014636158943167 9.138454042375086 7.6025576367974272 10.48561985418201 10.995441615581511 8.4461762197315675 9.9072387814521772 10.295854076743124 10.285833999514582 8.5709897801280004 14.520858323201535 15.065618731081484 55.065584756433964 7.582923315465453 9.29393023252487 8.5015539452433604 8.9105439633131009 12.816527858376505 17.845641225576401 11.087217465043066 11.241853155195711 21.805599797517061 15.185321964323519 13.80136565864086 239.90362076461315
leaf_count=38 42 89 49 127 48 37 43 43 56 59 65 62 45 48 44 68 78 260 39 49 42 44 63 108 62 57 102 71 66 1114
internal_value=0.000481173 0.00082533 0.00015904 -0.00891675 -0.00449585 0.00120819 0.00152862 -0.00510516 0.000402115 0.00698044 -0.00709888 -0.0188041 0.00219933 0.00269571 0.00217506 0.0172433 0.00135656 0.000923344 -0.00611636 0.00624645 0.0141524 0.0331507 -0.0225174 0.00229914 -0.0142017 0.00324414 0.0134401 0.0202496 0.00165145 0.00266576
internal_weight=621.399 612.946 595.528 78.0844 68.7734 52.2946 517.443 44.6313 37.0287 29.9272 18.9318 16.5238 500.919 490.623 481.485 24.8067 456.678 448.107 73.2583 41.7716 32.4777 17.4121 31.4867 374.849 23.9037 357.003 48.2328 36.9909 308.771 294.969
internal_count=3118 3076 2987 484 435 308 2503 260 217 180 121 100 2403 2358 2315 116 2199 2155 377 213 164 86 164 1778 125 1670 230 173 1440 1374
is_linear=0
shrinkage=0.05


Tree=130
num_leaves=31
num_cat=0
split_feature=3 9 3 6 7 7 4 4 11 19 4 4 4 19 7 3 1 4 0 19 7 19 11 11 1 3 3 8 8 0
split_gain=2.10153 3.4209 3.21253 2.93906 2.50176 7.29799 3.01263 2.73572 3.01188 2.46226 1.26049 2.66491 2.51977 1.70329 7.00571 2.74654 3.85755 3.32095 3.8697 3.1406 3.47067 1.89293 4.24658 4.42357 7.37075 6.18996 6.39326 5.07899 3.96678 3.86284
threshold=1.0000000180025095e-35 0.30065450000000005 0.011710500000000002 0.04002300000000001 0.77614400000000006 0.86543250000000016 0.035743000000000004 0.0057065000000000006 0.71201900000000007 1.4459840000000004 0.56519100000000011 0.70926900000000004 0.47522150000000002 7.9403085000000013 0.77614400000000006 0.15855950000000005 0.11696300000000001 0.12677950000000002 3.8776775000000003 5.5288880000000011 0.92508500000000016 1.7726575000000002 0.071875000000000008 0.68841850000000016 0.0071090000000000016 0.043030500000000006 0.050202500000000004 85.595124500000011 79.181511000000015 3.9052725000000001
decision_type=2 2 2 2 2 2 2 2 2 2 2 2 2 2 2 2 2 2 2 2 2 2 2 2 2 2 2 2 2 2
left_child=1 4 3 -2 6 -6 -1 -7 -9 -5 12 -12 13 15 -15 16 21 -17 -19 20 -20 28 -23 24 -24 -26 -27 -25 29 -4
right_child=2 -3 10 9 5 7 -8 8 -10 -11 11 -13 -14 14 -16 17 -18 18 19 -21 -22 22 23 27 25 26 -28 -29 -30 -31
leaf_value=0.038592590503979507 -0.032580718816757274 -0.01413692442494238 0.0014687124324123261 0.012908562543471128 -0.034648606952067201 -0.0057508078829616796 0.0050563762736923141 0.048362139783137532 0.0054429497422358716 -0.022110935327365324 -0.033141676630431091 0.0067609312403969293 0.028188274191145515 -0.016447641051896052 0.036639591008839005 -0.036167614417486157 0.035031634541327232 0.01273746884991111 -0.047100304093780278 0.0048863677264292448 -0.0043869179854753113 -0.025202116427761073 -0.026019239129007818 -0.0070720414806189087 0.041476545809683019 -0.031143537859309872 0.015528544445892937 0.029635715887724484 -0.025067818514539736 -0.024674514101035709
leaf_weight=15.822683684527876 14.653172984719275 14.093759298324583 152.58926180377603 10.9320220425725 8.9434387385845167 8.1118304654955882 11.610640540719031 9.3845541030168551 7.2421212624758473 9.2805792763829213 8.4315007366240042 8.3065255880355817 8.1473191827535612 11.269231326878071 13.855273049324751 10.433592295274137 8.1336071789264661 18.788867322728038 10.825621016323572 11.263668008148668 8.4820939823985082 12.091636620461939 11.147674936801193 79.827203340828419 20.215007662773132 8.287449084222315 64.013064496219158 10.684545576572416 18.976372636854649 15.571448400616644
leaf_count=79 75 73 748 52 53 60 58 47 45 49 41 42 39 64 73 59 41 91 56 54 44 60 66 399 92 39 298 50 93 71
internal_value=0.000232957 0.00806887 -0.000845996 -0.0155309 0.0131897 0.00405999 0.024399 0.0180539 0.0296677 -0.00317058 0.000155293 -0.0133393 0.000611969 0.000150112 0.0128281 -0.000540342 0.000948408 -0.0105378 -0.0051203 -0.0160955 -0.0283358 0.000243738 0.00354731 0.00533759 0.0123894 0.0170174 0.0101788 -0.00273884 -0.00339753 -0.000952114
internal_weight=621.416 75.209 546.207 34.8658 61.1153 33.6819 27.4333 24.7385 16.6267 20.2126 511.341 16.738 494.603 486.456 25.1245 461.331 401.537 59.7938 49.3603 30.5714 19.3077 393.404 206.267 194.175 103.663 92.5155 72.3005 90.5117 187.137 168.161
internal_count=3111 415 2696 176 342 205 137 152 92 101 2520 83 2437 2398 137 2261 1957 304 245 154 100 1916 1004 944 495 429 337 449 912 819
is_linear=0
shrinkage=0.05


Tree=131
num_leaves=31
num_cat=0
split_feature=8 13 2 2 5 14 4 0 8 13 18 7 4 4 7 0 7 4 8 0 0 3 1 8 14 12 6 12 14 7
split_gain=2.10634 2.23674 1.63816 5.21984 2.1657 8.20422 3.36266 4.22995 4.43118 3.95967 3.24259 3.33044 2.65049 2.90527 2.61261 3.66447 2.46075 3.5202 4.3068 3.41732 6.72633 3.29073 3.2596 6.65082 2.72114 2.39529 3.0045 2.88003 3.42161 3.67901
threshold=23.904762000000002 -0.070597499999999994 0.18641600000000003 0.16892800000000002 0.045002500000000008 0.035198500000000008 0.046686000000000012 1.4853030000000003 40.690578500000008 0.12321300000000002 0.50000000000000011 0.87470550000000002 0.11417100000000001 0.068895500000000012 0.74289400000000005 3.1775060000000006 0.61122350000000003 0.033615000000000006 64.748346000000012 6.7016925000000009 2.2978180000000004 0.023380500000000002 0.0034305000000000004 55.327539000000009 0.018278000000000003 0.096764500000000017 0.063167500000000015 0.16528350000000003 0.053122000000000009 0.72238250000000015
decision_type=2 2 2 2 2 2 2 2 2 2 2 2 2 2 2 2 2 2 2 2 2 2 2 2 2 2 2 2 2 2
left_child=-1 -2 3 4 5 16 7 -6 -9 10 11 -8 13 -12 -10 -16 17 21 -19 20 -20 -3 23 -18 -22 26 -11 28 29 -27
right_child=1 2 -4 -5 6 -7 9 8 14 25 12 -13 -14 -15 15 -17 22 18 19 -21 24 -23 -24 -25 -26 27 -28 -29 -30 -31
leaf_value=-0.023730964063446203 0.020105961488051081 -0.017113456247367372 -0.0098166026900815412 0.039471156169639192 0.035069560523091597 -0.040043489707926212 -0.018515943195808068 0.028669426489830459 -0.0346898259897832 0.00715992045110736 0.021689203468597672 0.027050704282469053 0.012435938726651835 0.062798484353572104 -0.026509295597302276 0.011499025276165071 -0.011361554211035635 -0.051682124087917586 0.017212314478522499 0.017338920046536043 -0.011140939054276065 0.023509879276075372 -0.00018246562106793225 0.042050482404858119 -0.053630055147793912 0.027047035580636425 -0.033612515975984608 -0.0061894867104473235 0.043126047670296201 -0.0054919739200079672
leaf_weight=9.0132036730647069 14.377251535654066 8.3468701466918009 38.579492647200823 8.6078237369656545 5.5140244103968135 13.638563543558119 8.5189753547310847 6.0153884999454013 14.06081218831241 8.8957667797803897 8.1481056623160892 7.5763350818306199 11.568058356642721 9.0951085947453958 12.897338094189765 12.475752137601374 10.209640935063364 7.7581982761621466 8.2188540063798445 8.3606269359588605 5.9051886424422291 12.377869501709936 268.01341339945793 13.581067733466623 10.412806909531353 14.737996637821196 9.1821085028350335 26.550694800913334 8.5128870308399183 21.157476749271154
leaf_count=61 68 40 204 45 34 68 49 31 75 41 41 49 57 45 85 77 55 39 42 40 30 58 1242 63 59 70 50 143 48 98
internal_value=0.000264375 0.00061702 0.00014918 0.000835328 0.00023255 -0.00199155 0.00464478 -0.00628639 -0.0113038 0.00880391 0.020909 0.00293305 0.0309512 0.0433727 -0.0174015 -0.0078209 -0.000522138 -0.00962197 -0.0181711 -0.0102682 -0.019675 0.00714887 0.00139199 0.019129 -0.038254 0.00269859 -0.0135492 0.00683795 0.0146267 0.00786792
internal_weight=622.308 613.294 598.917 560.338 551.73 366.823 184.907 50.9633 45.4493 133.944 44.9066 16.0953 28.8113 17.2432 39.4339 25.3731 353.185 61.3804 40.6557 32.8975 24.5368 20.7247 291.804 23.7907 16.318 89.0369 18.0779 70.9591 44.4084 35.8955
internal_count=3107 3046 2978 2774 2729 1736 993 302 268 691 241 98 143 86 237 162 1668 308 210 171 131 98 1360 118 89 450 91 359 216 168
is_linear=0
shrinkage=0.05


Tree=132
num_leaves=31
num_cat=0
split_feature=19 11 11 1 5 19 11 0 5 7 11 14 7 14 3 7 0 0 5 9 13 12 5 5 5 5 19 0 19 1
split_gain=1.55254 3.23854 2.7208 2.94898 2.75281 2.64448 2.54401 2.26114 2.0095 1.95236 3.31886 3.18136 2.6807 3.15121 3.04735 2.40863 2.39198 4.33295 3.07407 4.02208 2.58513 5.74637 2.39943 5.41073 2.63421 3.94756 5.86773 4.63224 4.2853 5.89047
threshold=1.1358470000000003 0.031498000000000005 0.21231050000000004 0.025397000000000003 0.04028650000000001 1.1741075000000001 0.51115200000000016 1.6726375000000002 0.026615000000000003 0.96632750000000012 0.08308550000000002 0.016370000000000006 0.9200640000000001 0.026653000000000003 0.052927000000000009 0.90030300000000019 5.6695355000000012 5.1730775000000007 0.046741500000000005 0.20949200000000004 0.056882000000000009 0.075398500000000021 0.070551000000000016 0.095165500000000014 0.062987500000000016 0.056884500000000011 2.1486445000000005 1.9241480000000002 1.4608605000000001 0.023789500000000002
decision_type=2 2 2 2 2 2 2 2 2 2 2 2 2 2 2 2 2 2 2 2 2 2 2 2 2 2 2 2 2 2
left_child=1 -1 3 -3 8 -2 -6 -8 -4 12 -11 -12 15 14 -14 16 17 22 19 20 -18 -22 24 -24 25 26 27 -7 29 -29
right_child=5 2 4 -5 6 9 7 -9 -10 10 11 -13 13 -15 -16 -17 18 -19 -20 -21 21 -23 23 -25 -26 -27 -28 28 -30 -31
leaf_value=0.023514507926934661 0.024329988100322594 -0.047001455063853954 -0.014815394078447229 -0.0055472872370571913 0.0075353435478844842 -0.011103451178985596 -0.0057903488915941638 -0.035438623994784126 0.014226133417478627 -0.017374110011184055 0.037016398158328558 0.0068503107199718808 -0.01907327201631134 -0.028356628361109082 0.022279370538467839 0.020650744843867141 0.025179928491035876 0.029745545282829855 -0.01904158531386043 -0.031372667030871361 -0.031447801470128774 0.011110860353924534 0.041970302059133942 -0.012648072616953119 -0.026282750019427217 0.026146553683129715 -0.013791857017248131 -0.038334616511132645 0.017184406996973885 0.0093173727949406714
leaf_weight=8.8489693533629161 12.591459408402441 8.4912358447909373 7.9408822283148792 8.671369004994629 10.534037068486212 34.364470191299915 12.046819772571327 13.79483770765364 23.835730493068695 12.84164199978113 9.5811425205320102 99.563628528267145 9.0437527298927325 18.011331468820572 8.7804872691631299 14.564288005232809 12.32417857646942 13.724310606718062 33.601776018738747 8.7961814701557142 11.126836907118557 27.619592741131783 10.408422611653807 8.0346414521336538 9.5502304434776288 14.07286427170038 63.335686214268208 9.3823372945189494 68.09855318069458 21.002934128046036
leaf_count=43 60 50 39 42 50 169 65 78 116 71 52 509 44 93 40 71 55 64 193 42 53 127 53 60 48 67 315 46 311 95
internal_value=0.000639213 -0.00527727 -0.00826359 -0.0260568 -0.00378277 0.00168955 -0.0131749 -0.0216172 0.00696874 0.00113903 0.00666951 0.0094984 -0.000565294 -0.0136069 0.00129766 0.000732883 -0.000106878 0.00242717 -0.00693823 -0.000144903 0.00523363 -0.00111074 0.000853509 0.018176 -0.00059995 0.000566607 -0.00126832 0.0047023 0.0102175 -0.00539657
internal_weight=624.585 94.1639 85.3149 17.1626 68.1523 530.421 36.3757 25.8417 31.7766 517.829 121.986 109.145 395.843 35.8356 17.8242 360.007 345.443 251.974 93.4686 59.8668 51.0706 38.7464 238.25 18.4431 219.807 210.257 196.184 132.848 98.4838 30.3853
internal_count=3121 483 440 92 348 2638 193 143 155 2578 632 561 1946 177 84 1769 1698 1228 470 277 235 180 1164 113 1051 1003 936 621 452 141
is_linear=0
shrinkage=0.05


Tree=133
num_leaves=31
num_cat=0
split_feature=5 4 13 13 5 9 0 0 5 2 6 8 12 5 2 6 6 6 3 8 12 8 2 7 4 8 2 13 2 7
split_gain=1.62924 1.49457 1.69689 2.22331 1.63588 4.65574 2.47665 2.31376 3.17714 1.90711 4.17876 4.67081 5.07462 4.04272 3.78481 2.85439 6.18212 2.56679 3.51813 3.57223 3.3167 4.49765 4.60973 4.26417 2.5375 2.46202 4.33333 2.47664 2.34853 2.25391
threshold=0.020271500000000005 0.70926900000000004 0.45713300000000007 0.35623200000000005 0.095165500000000014 0.35520100000000004 2.9250705000000004 15.626373000000003 0.046741500000000005 0.09616100000000001 0.08150750000000001 70.759178500000004 0.039025000000000011 0.06338400000000001 0.063538500000000012 0.06033100000000001 0.070070000000000007 0.062915000000000013 0.13185750000000004 28.608631000000003 0.0069445000000000002 64.376246000000023 0.060630500000000011 0.72930000000000006 0.20097400000000001 76.558337000000009 0.14960250000000003 0.14451100000000003 0.062007500000000007 0.70041450000000005
decision_type=2 2 2 2 2 2 2 2 2 2 2 2 2 2 2 2 2 2 2 2 2 2 2 2 2 2 2 2 2 2
left_child=-1 2 3 4 7 -6 -7 9 -9 10 17 12 -12 15 -14 -11 -17 18 19 -2 -19 22 -22 -23 -21 26 27 -18 -26 -13
right_child=1 -3 -4 -5 5 6 -8 8 -10 13 11 29 14 -15 -16 16 25 20 -20 24 21 23 -24 -25 28 -27 -28 -29 -30 -31
leaf_value=-0.01670882416413447 0.038308342521232636 0.021029417981338325 -0.021947512033900905 0.020894952391710409 -0.045157870612445153 -0.017600077971276423 0.023774923514812862 0.028936406762479872 -0.0059320863553048737 -0.019015664454634103 0.024687960518964928 0.049729422136443047 -0.035384622705897421 -0.034388032502175689 0.0056989498809578111 0.038587262035245033 -0.020756645881374894 -0.04444867550823918 0.031012466546456785 -0.002158695663365491 0.020998744865426966 -0.00055242255712041209 -0.022219956142652444 -0.036298671218996666 0.0028428468632745196 -0.018055155419923984 0.029214355069618437 0.011166933333713132 0.033927653236193248 0.016474515114739168
leaf_weight=14.61082963645458 5.9826406836509696 8.4805604889988881 8.7649328075349313 12.718704417347906 7.6384359579533365 7.2311015315353853 7.2362168431282043 15.864783041179182 11.106484815478323 21.192178525030613 16.100018359720707 9.9591269195079821 9.8290361762046832 11.618868000805376 13.047448463737963 9.8665596693754178 15.184390328824522 6.2326134145259848 9.465413846075533 270.17464188858867 20.596016883850101 16.37367831915617 8.8085390925407392 17.009799808263779 16.759641230106357 20.68040432035923 11.33551401644945 10.127708792686461 9.5322759449481946 10.432851817458866
leaf_count=74 29 44 44 63 116 46 41 79 60 104 82 46 50 63 60 46 74 35 43 1311 97 79 41 78 77 99 55 46 43 51
internal_value=-0.000205862 0.000183452 -0.000105948 0.000212003 -0.000234326 -0.0135785 0.00309474 0.000285669 0.0145779 -0.000427775 0.000987929 0.0133265 0.00318234 -0.00666082 -0.0119529 -0.00301594 0.00203013 -0.000935029 0.000995654 5.6251e-05 -0.00966007 -0.00620681 0.00805199 -0.0187661 -0.000715669 -0.00426161 0.00352214 -0.0079836 0.0141128 0.0327157
internal_weight=633.961 619.351 610.87 602.105 589.386 22.1058 14.4673 567.281 26.9713 540.309 440.304 59.3685 38.9765 100.006 22.8765 88.3868 67.1946 380.935 311.915 302.449 69.0206 62.788 29.4046 33.3835 296.467 57.328 36.6476 25.3121 26.2919 20.392
internal_count=3176 3102 3058 3014 2951 203 87 2748 139 2609 2122 289 192 487 110 424 320 1833 1503 1460 330 295 138 157 1431 274 175 120 120 97
is_linear=0
shrinkage=0.05


Tree=134
num_leaves=31
num_cat=0
split_feature=2 2 5 19 11 2 9 8 4 8 13 4 14 8 6 4 4 12 5 5 12 2 5 6 6 5 5 4 8 2
split_gain=2.02564 3.37329 2.73577 1.77928 3.34942 2.62731 4.02137 3.41677 5.65373 4.09986 4.57027 9.2717 3.19425 2.80858 3.24446 2.78513 6.28255 4.47261 3.94156 3.77136 3.61567 2.7781 2.59871 2.77721 6.02168 3.80516 7.07795 3.25099 3.94629 7.31879
threshold=0.14960250000000003 0.13862700000000003 0.04028650000000001 2.1352345000000006 0.096006000000000022 0.11768350000000001 0.069485000000000019 57.615721500000014 0.054563000000000007 75.587673500000008 0.12537600000000002 0.22855900000000004 0.029704500000000005 67.54630250000001 0.064342000000000024 0.075500000000000012 0.091639500000000013 0.029251000000000003 0.04028650000000001 0.062987500000000016 0.0032160000000000005 0.055183500000000003 0.020271500000000005 0.06466050000000001 0.08150750000000001 0.050470500000000008 0.041386500000000007 0.12882000000000002 50.12089850000001 0.058311000000000009
decision_type=2 2 2 2 2 2 2 2 2 2 2 2 2 2 2 2 2 2 2 2 2 2 2 2 2 2 2 2 2 2
left_child=1 3 -2 22 -5 6 7 -6 -9 13 -11 -12 -7 -10 -15 17 -17 20 -18 -20 -8 -19 -1 -24 27 26 -26 28 -25 -30
right_child=2 -3 -4 4 5 12 15 8 9 10 11 -13 -14 14 -16 16 18 21 19 -21 -22 -23 23 24 25 -27 -28 -29 29 -31
leaf_value=-0.025185274347744459 0.030136470682506574 -0.028640410158700221 0.0024591291886774513 -0.026390686398126202 -0.040259085483810263 0.039273414378743682 -0.01307357245013529 0.022755389540402737 -0.0056350842020122284 0.028437096944658236 -0.043300793822033945 0.017138255070093603 -0.0025535424421789465 -0.06439929338467637 -0.021470140128317643 0.052225367368746028 -0.018323413763328467 -0.0082168123521028629 0.030493064425303307 -0.0092524800414509403 0.023903596949102632 -0.044274456225000168 0.0040766806269903703 -0.039960719756066278 0.013990952324265268 0.017371383577093343 -0.043501770126580824 -0.039672167827201357 0.035157052965673945 -0.02953839200244775
leaf_weight=9.5761470273137075 10.631388127803801 11.93681615963578 55.736152645200491 17.378918128088117 10.471995277330278 7.6053101383149651 12.234777960926296 11.296963378787039 7.573800943791869 8.0468277186155301 13.451688364148142 12.011646341532467 11.416395876556633 8.4497283548116702 9.1860960870981199 7.4882677197456351 14.620887286961077 12.498521849513056 14.752420939505102 10.023821439594029 14.382146850228308 9.3291622363030893 237.09355920180678 7.622480824589732 12.626996263861658 28.282397422939539 9.2932254150509817 14.500708706676958 8.8357678465545195 8.6522088572382909
leaf_count=51 53 61 293 98 79 37 69 55 39 39 63 56 59 39 43 33 68 64 70 62 67 49 1156 40 59 156 44 68 41 41
internal_value=-0.00136724 -0.00234504 0.00689275 -0.00177299 -0.00535819 -0.00348218 -0.00539194 -0.0136214 -0.00963737 -0.0158693 -0.00441006 -0.0147903 0.0141698 -0.0311017 -0.0420385 0.00155634 0.0102436 -0.00685131 0.00226404 0.0144131 0.00690661 -0.0236279 0.000488184 0.00124024 -0.00624749 0.00525264 -0.0103835 -0.0208226 -0.0099374 0.00314886
internal_weight=627.007 560.64 66.3675 548.703 212.219 194.84 175.819 80.4887 70.0168 58.7198 33.5102 25.4633 19.0217 25.2096 17.6358 95.33 46.8854 48.4446 39.3971 24.7762 26.6169 21.8277 336.483 326.907 89.8138 50.2026 21.9202 39.6112 25.1105 17.488
internal_count=3152 2806 346 2745 1089 991 895 413 334 279 158 119 96 121 82 482 233 249 200 132 136 113 1656 1605 449 259 103 190 122 82
is_linear=0
shrinkage=0.05


Tree=135
num_leaves=31
num_cat=0
split_feature=5 5 0 13 8 6 2 2 13 4 0 6 9 5 9 11 9 6 13 4 4 4 13 15 3 6 3 5 9 11
split_gain=2.3954 1.72739 3.1513 2.78087 3.22334 2.25126 4.44658 3.17561 3.88872 3.25603 2.49336 2.14467 2.0152 1.9065 3.91602 3.48631 7.26551 3.43229 2.86117 3.50136 3.55814 5.27888 4.68422 3.58681 2.96992 2.83761 3.8772 4.91298 3.9046 3.30631
threshold=0.16534550000000003 0.055739500000000004 1.5619595000000002 -0.028861499999999995 53.196230000000007 0.07660500000000002 0.046463500000000005 0.082054000000000002 0.39942550000000004 0.33341700000000002 4.2762905000000009 0.062915000000000013 0.075520000000000018 0.036334000000000005 0.11741750000000001 0.87339750000000016 1.0000000180025095e-35 0.09043950000000002 0.16873800000000003 0.060760000000000008 0.10569550000000001 0.089914500000000022 0.13069150000000004 2.5000000000000004 0.051876000000000005 0.03840600000000001 0.0046005000000000013 0.042862000000000004 0.25713100000000005 0.60753200000000007
decision_type=2 2 2 2 2 2 2 2 2 2 2 2 2 2 2 2 2 2 2 2 2 2 2 2 2 2 2 2 2 2
left_child=1 13 -3 -4 11 12 -7 -8 9 10 -9 -5 -6 18 15 17 -17 -15 19 -1 21 23 -22 24 -21 -16 -27 -28 29 -29
right_child=-2 2 3 4 5 6 7 8 -10 -11 -12 -13 -14 14 25 16 -18 -19 -20 20 22 -23 -24 -25 -26 26 27 28 -30 -31
leaf_value=0.0060300958194098343 -0.022296447964195665 0.027060168713820318 0.030247326900715271 -0.044512862525382398 0.030302191357403183 -0.031056611787906637 0.031154713714488233 -0.023776614193180504 0.021012393128937067 -0.038608564228834324 0.014887128209769715 -0.0067712993702048144 0.0021410243925192632 0.0011265571639548263 0.01015122248555393 -0.048171343435934204 -0.0012947577710482464 0.022921814410192427 0.023733195904498374 -0.039021999739359908 0.014902527782538736 -0.044507793996128059 -0.018633367625850477 0.015100127455087368 -0.0015460759800513197 -0.040074451300239788 -0.026752190219026119 0.01089832210582288 0.030839554235545342 -0.029680821459742435
leaf_weight=136.09864738956094 11.71727276034653 15.262771109119056 8.5148621909320337 5.6686194073408869 13.354077486321332 10.113226262852548 9.5942401960492116 6.849115349352366 13.255672905594109 8.0802604705095273 10.659350749105213 11.20348037779331 12.116704639047382 80.918804474174976 11.359674893319605 9.9542514309287053 48.737236067652702 23.254475340247154 14.649506393820046 9.7379493638873118 29.961298517882824 12.271627590060232 15.958751462399958 12.455078907310961 11.565415091812609 14.222274497151373 25.546252258121967 10.284493617713457 8.9230648502707464 9.8057297393679601
leaf_count=649 94 84 42 39 66 71 48 37 66 41 59 84 63 375 63 49 228 112 71 49 139 59 72 57 53 82 128 51 44 55
internal_value=9.68023e-05 0.000526681 0.00577677 0.00280771 0.000491989 0.00449674 -0.00090129 0.00539467 -0.000967849 -0.0123542 -0.000237694 -0.0194516 0.0169056 -0.000820932 -0.00395153 0.000500918 -0.00924517 0.00599189 0.00231364 0.000937679 -0.00659979 -0.0164237 0.00324768 -0.0062148 -0.0186766 -0.0129999 -0.0168234 -0.0107624 0.00331658 -0.00890774
internal_weight=622.094 610.377 124.672 109.41 100.895 84.0226 58.5519 48.4386 38.8444 25.5887 17.5085 16.8721 25.4708 485.705 243.006 162.865 58.6915 104.173 242.698 228.049 91.9501 46.0301 45.92 33.7584 21.3034 80.1415 68.7818 54.5595 29.0133 20.0902
internal_count=3130 3036 700 616 574 451 322 251 203 137 96 123 129 2336 1187 764 277 487 1149 1078 429 218 211 159 102 423 360 278 150 106
is_linear=0
shrinkage=0.05


Tree=136
num_leaves=31
num_cat=0
split_feature=5 5 2 1 6 6 19 3 3 11 4 19 2 11 19 19 9 2 1 1 1 1 9 18 9 13 13 19 19 19
split_gain=2.17086 4.64627 2.9738 2.6901 3.38202 2.62952 3.03192 4.28557 3.77979 2.44157 5.43519 2.8342 2.41974 2.35356 2.63884 2.74571 2.00206 3.65822 5.09305 6.10748 4.96668 3.43779 3.41656 2.84918 2.58426 2.53225 3.10038 2.77512 4.51242 3.71101
threshold=0.055739500000000004 0.053757000000000006 -0.015274499999999998 0.15995300000000004 0.10790600000000002 0.096205500000000013 0.9743440000000001 0.015445500000000003 0.046200500000000012 0.48699300000000006 0.23698650000000002 1.8304110000000002 -0.028142999999999998 0.98692300000000011 1.6334060000000001 3.1434940000000005 0.11045800000000001 0.0050975000000000005 0.041683500000000005 0.035540000000000009 0.032275500000000006 0.069678000000000004 0.18090150000000002 0.50000000000000011 0.32048450000000006 0.021650500000000003 0.012076500000000002 2.6223285000000005 2.3911505000000006 2.7919525000000003
decision_type=2 2 2 2 2 2 2 2 2 2 2 2 2 2 2 2 2 2 2 2 2 2 2 2 2 2 2 2 2 2
left_child=1 2 12 4 5 6 -2 -8 -9 -6 -11 -12 -1 14 -10 -16 25 22 19 20 24 23 -18 -20 -19 26 -4 28 -27 -29
right_child=3 -3 16 -5 9 -7 7 8 13 10 11 -13 -14 -15 15 -17 17 18 21 -21 -22 -23 -24 -25 -26 27 -28 29 -30 -31
leaf_value=-0.00051076295327581267 -0.020683996175593272 -0.028821556733117416 0.0024436957679359818 0.032783180204203025 0.017061790218888106 0.037841201861758732 0.030043223850081471 -0.019363299223448698 -0.002217932847005155 -0.04804321536954001 0.022996455950213514 -0.014843575232113363 -0.037121438809386821 -0.013262392555308694 0.046847628544168546 0.0091179993758406432 -0.010459683693481993 -0.016922290898085272 0.029979951073454403 -0.043571552028258832 0.02489556456884822 -0.014721916175081125 0.030958961545833719 0.0029453314682781301 0.013265177717650442 -0.00018112029198091308 0.042384227129797308 0.037622569076447503 -0.035803526150701467 0.005161755296732116
leaf_weight=8.3762918934226054 8.9416375402361137 14.825056068599222 10.875608190894129 8.7068757191300374 7.5006613209843627 7.4386111907660952 19.739072076976299 14.158435776829718 11.093414202332498 8.7458443734794873 7.7058229148387936 13.828974578529595 9.786300487816332 8.0030359793454391 9.8543148338794726 9.4426083639264089 7.9316770732402828 58.445642292499542 14.701455213129519 14.693164944648741 9.7830495685338956 16.524074427783489 13.374470405280588 28.912371963262558 8.0683186799287778 159.29935969039798 8.7823855057358724 9.8126768693327886 9.4154659584164602 85.710713259875774
leaf_count=47 56 75 51 47 62 39 102 79 59 77 41 81 53 49 46 49 41 301 71 75 45 77 67 134 40 737 41 45 47 409
internal_value=0.000291878 -0.00125749 -0.000396279 0.00590107 0.0040501 0.00938765 0.00678211 0.0101794 0.00271829 -0.00847691 -0.014803 -0.00130323 -0.0202372 0.0108614 0.0172142 0.0283853 0.000393417 -0.00385608 -0.00659055 -0.0140527 -0.00836798 0.00469985 0.01554 0.0120582 -0.0132605 0.0029745 0.0202875 0.0016865 -0.0021691 0.0084963
internal_weight=624.477 489.318 474.493 135.159 126.452 88.6711 81.2325 72.2909 52.5518 37.7813 30.2806 21.5348 18.1626 38.3934 30.3903 19.2969 456.33 172.434 151.128 90.9902 76.297 60.1379 21.3061 43.6138 66.514 283.896 19.658 264.238 168.715 95.5234
internal_count=3143 2356 2281 787 740 479 440 384 282 261 199 122 100 203 154 95 2181 851 743 461 386 282 108 205 341 1330 92 1238 784 454
is_linear=0
shrinkage=0.05


Tree=137
num_leaves=31
num_cat=0
split_feature=8 14 5 18 2 6 9 5 12 1 5 8 11 13 2 14 0 6 9 9 9 8 1 14 0 14 5 18 9 6
split_gain=1.68846 3.69784 3.46281 2.58569 3.09167 5.56638 2.42614 1.79062 3.16561 4.10338 4.64665 2.72613 5.19512 3.8164 3.69508 3.52692 4.03766 3.18273 3.02189 4.19571 3.31435 2.63771 2.6295 2.552 2.52873 2.49968 4.7536 4.09192 3.96959 3.70835
threshold=47.386463000000006 0.015859000000000002 0.032094500000000005 0.70000000000000007 0.020020000000000003 0.062509000000000023 0.21425850000000005 0.046978500000000006 -0.0030019999999999999 0.0034305000000000004 0.054235000000000005 85.595124500000011 0.96562500000000007 0.21972400000000003 0.099993500000000027 0.037687000000000005 3.3696890000000006 0.06033100000000001 0.0024360000000000002 0.036421000000000002 0.082314000000000012 59.853907500000005 0.06822750000000001 0.052494500000000006 3.0456640000000004 0.035955000000000008 0.037758500000000007 0.70000000000000007 0.13376050000000003 0.033030500000000011
decision_type=2 2 2 2 2 2 2 2 2 2 2 2 2 2 2 2 2 2 2 2 2 2 2 2 2 2 2 2 2 2
left_child=1 -1 -3 4 6 -6 -4 25 -9 10 -10 12 14 24 15 16 17 -11 -16 -20 -21 -12 -17 -13 -14 26 -2 -27 29 -28
right_child=7 2 3 -5 5 -7 -8 8 9 11 21 23 13 -15 18 22 -18 -19 19 20 -22 -23 -24 -25 -26 27 28 -29 -30 -31
leaf_value=-0.028546225824934886 0.0010145427865398888 0.02211508949572091 -0.016695456679394299 0.016649458835244456 -0.050258314955183028 0.0044056968599529697 0.014239948531998442 0.021908399357739233 -0.063848425920049259 0.0055230988721679036 -0.038954472061047379 0.035910476704130216 -0.063211270223753835 -0.0048140986427402934 -0.036665916226382211 0.030243635473252498 0.021210689394083201 -0.031406382916475711 0.029643771756839778 -0.041973079129451286 -0.00084748451069443132 0.0096571971871816029 -1.5476272203953566e-05 -0.0032220607208293425 -0.022523636338423941 0.0062896946014922104 -0.015404959716509112 -0.03217361070344809 -0.0036247207246488688 0.022986493676883754
leaf_weight=14.820532402023671 223.8399397470057 13.097752109169958 11.92962120100856 9.8533248379826528 10.899918787181379 8.1310743317008001 13.521433930844067 12.713905312120913 5.724140606820586 10.872266441583635 4.5221320129930955 8.9497024118900317 6.2608051672577885 17.893712554126978 8.6337969824671728 22.349963521584868 12.155863933265207 12.591075239703057 7.3809858709573772 7.1353153921663788 15.631774775683878 7.2875544000416994 10.577450312674044 7.7948983237147322 9.7900520879775268 15.890959180891514 6.9049291089177123 12.24132813513279 24.211391873657703 70.630559027194977
leaf_count=81 1053 62 74 55 66 50 72 64 35 49 54 41 37 94 42 116 59 63 34 37 82 47 58 46 57 81 36 65 123 324
internal_value=0.000742527 -0.00593255 -0.000962494 -0.00652543 -0.011659 -0.0269029 -0.000260341 0.00175556 -0.00218377 -0.00392859 -0.026877 -0.0013822 -0.00364319 -0.0206927 0.00174901 0.00872725 -0.0021774 -0.0142943 -0.010585 -0.00311591 -0.0137364 -0.00895705 0.0205233 0.0176936 -0.0383943 0.00385225 0.00508778 -0.010447 0.0140488 0.0195675
internal_weight=624.238 82.2537 67.4331 54.3354 44.482 19.031 25.4511 541.985 188.265 175.551 17.5338 158.018 141.273 33.9446 107.328 68.5466 35.6192 23.4633 38.7819 30.1481 22.7671 11.8097 32.9274 16.7446 16.0509 353.719 325.587 28.1323 101.747 77.5355
internal_count=3157 460 379 317 262 116 146 2697 1015 951 136 815 728 188 540 345 171 112 195 153 119 101 174 87 94 1682 1536 146 483 360
is_linear=0
shrinkage=0.05


Tree=138
num_leaves=31
num_cat=0
split_feature=3 0 6 11 11 13 4 13 6 0 11 9 11 13 8 11 11 4 6 8 13 9 5 5 4 11 13 12 9 2
split_gain=1.38059 1.5393 1.40638 1.2637 3.23415 2.5023 9.51527 4.49514 4.69442 4.08661 4.27033 2.43809 2.28867 3.40687 5.39841 2.75278 2.45553 3.064 2.21994 2.02841 5.70715 5.15761 3.72644 3.18893 3.83533 3.78233 3.62818 3.68226 3.12805 2.99923
threshold=-0.047645999999999994 1.3342770000000004 0.19017750000000003 0.27475500000000003 0.24828750000000002 0.081861500000000018 0.056752000000000004 0.062935000000000005 0.045485000000000005 2.2555965000000007 0.055612000000000009 0.23508100000000001 0.40312500000000007 0.047628500000000011 56.766611000000005 0.42462100000000008 0.35817300000000002 0.076926000000000008 0.064342000000000024 56.953752500000007 0.021650500000000003 0.065300500000000011 0.027393500000000005 0.033912500000000005 -0.0082824999999999982 0.86180550000000011 -0.0062674999999999996 -0.010636999999999999 0.022121500000000006 0.0082170000000000003
decision_type=2 2 2 2 2 2 2 2 2 2 2 2 2 2 2 2 2 2 2 2 2 2 2 2 2 2 2 2 2 2
left_child=-1 -2 3 4 5 7 -7 8 9 -3 -11 18 13 14 -5 -14 17 -15 -10 21 -21 28 -23 -24 26 -26 27 -25 -17 -22
right_child=1 2 -4 12 -6 6 -8 -9 11 10 -12 -13 15 16 -16 19 -18 -19 -20 20 29 22 23 24 25 -27 -28 -29 -30 -31
leaf_value=-0.018925484246608983 -0.0203794084038935 0.0024071163958135685 0.020227701624901229 0.018284536618318147 -0.02862858008007459 0.053706348485179828 -0.0087797624419064489 -0.036651381861333668 0.016834443333654841 -0.056148763336380692 -0.011013512251046343 0.029891432831393523 -0.032090243149749585 -0.010421852096636883 -0.022598946192809347 -0.0097255299492041754 0.042517298265699728 0.028705067880701585 -0.012869306522581149 0.040243073187772337 0.018453360949812769 -0.036177483628315105 0.030366515722029676 -0.026008578965048924 -0.0040117581820052648 0.030947797406706765 -0.045454417370815882 0.021380755203063682 -0.053550498964534281 -4.8600877319531844e-05
leaf_weight=9.3910094872117025 8.7912764195352775 23.634842328727245 9.0764627046883088 17.269247239455581 12.017623841762541 9.0854525100439805 18.494290947914124 10.207020834088324 13.255527704954149 8.1952643319964427 14.534692242741583 12.298276372253893 6.4795347005128852 8.5483773201704079 15.164851255714892 8.2671238621696848 10.15604320168495 12.066015928983687 11.97036777064204 9.8003992736339551 23.841465588659048 6.5241937935352317 9.4188984483480436 8.5238141827285325 19.032484732568264 13.036303922533987 7.3655946627259246 7.8967224173247823 8.0231288410723192 269.468665946275
leaf_count=59 48 123 49 87 60 42 88 50 63 44 70 59 32 40 72 58 46 55 77 45 118 32 45 47 115 73 45 45 45 1316
internal_value=0.000100242 0.000391976 0.00069448 0.000396297 -0.00388356 -0.00143955 0.0118047 -0.00532147 -0.00150947 -0.0121502 -0.027287 0.0116382 0.0016378 0.0104759 -0.000830899 0.000233129 0.022394 0.0124799 0.00273921 0.000768511 0.00270943 -0.00591017 -0.000147244 0.00345402 -0.00108427 0.0101997 -0.0162974 -0.0032188 -0.0313098 0.00145532
internal_weight=621.835 612.444 603.653 594.576 133.693 121.676 27.5797 94.096 83.889 46.3648 22.73 37.5242 460.883 63.2045 32.4341 397.678 30.7704 20.6144 25.2259 391.199 303.111 88.0883 71.798 65.2738 55.8549 32.0688 23.7861 16.4205 16.2903 293.31
internal_count=3148 3089 3041 2992 676 616 130 486 436 237 114 199 2316 300 159 2016 141 95 140 1984 1479 505 402 370 325 188 137 92 103 1434
is_linear=0
shrinkage=0.05


Tree=139
num_leaves=31
num_cat=0
split_feature=14 14 18 13 6 6 6 0 19 12 11 9 7 0 6 11 14 9 1 9 9 1 15 1 4 18 6 9 14 9
split_gain=1.48282 4.16829 2.52098 2.8529 2.50783 2.43625 5.05501 4.25072 4.25715 4.19662 5.27151 2.27908 2.23392 3.85318 3.2521 2.40449 3.67323 2.3111 2.20382 2.14337 2.24753 4.19206 3.48284 3.47029 4.93367 5.05057 4.44135 2.97388 2.76047 4.0329
threshold=0.025503500000000002 0.024858000000000005 0.50000000000000011 0.085269000000000011 0.031914000000000005 0.06466050000000001 0.083346000000000017 2.4622405000000005 1.6642690000000002 0.015067500000000003 0.26138700000000009 0.25713100000000005 0.62776450000000017 2.0362950000000004 0.036176000000000007 0.59838700000000011 0.039175000000000008 0.056212500000000006 0.013094500000000002 0.21078800000000003 0.12286900000000002 0.038231000000000008 1.5000000000000002 0.020941500000000005 0.096570500000000017 0.70000000000000007 0.052634500000000008 0.026158500000000005 0.017049500000000006 0.024705000000000005
decision_type=2 2 2 2 2 2 2 2 2 2 2 2 2 2 2 2 2 2 2 2 2 2 2 2 2 2 2 2 2 2
left_child=1 2 3 5 -2 7 -7 9 -9 10 -1 18 13 -6 -14 -15 17 -17 -4 20 23 22 -22 27 26 -26 28 -20 -25 -30
right_child=4 -3 11 -5 12 6 -8 8 -10 -11 -12 -13 14 15 -16 16 -18 -19 19 -21 21 -23 -24 24 25 -27 -28 -29 29 -31
leaf_value=0.034833586248501178 0.024571550770412537 -0.033674172318851926 -0.020243845296559173 0.029447753866426882 0.030980110096963626 -0.048310494657639633 0.013631800190771218 0.046384059946689205 0.0057482414171556783 -0.028121134828315204 -0.011804449502193701 0.011969578943593582 -0.032864595987258743 0.021185297037460488 -0.00047816502181156342 -0.040339865604773734 0.011914088566404683 -0.0041392214163480266 -0.0087287547728355577 -0.02609997285061216 0.02000730687341018 0.037433073498054713 -0.022848341114298634 -0.051351362369176173 0.026187853936143292 -0.012912105731211172 -0.00069210080363623413 0.029050299418942188 0.003531750786416109 -0.042303534982458001
leaf_weight=9.9476764723658579 11.287984760478137 11.01301785930991 27.779607597738504 10.198149278759955 15.176565036177633 6.7926141992211324 6.3943143803626299 9.9096728116273898 18.436196900904179 13.428249739110468 15.49903656542301 16.746937826275826 8.0052335411310178 12.114800486713646 244.41783054172993 8.0728123113513011 17.040705911815166 9.7140577435493451 9.6559097021818179 10.9495268240571 8.5281718224287086 9.0675830915570241 10.675387777388094 12.03780283778906 14.206651292741297 19.72758212685585 16.789262644946575 11.311092287302015 9.0280494540929812 10.245115116238592
leaf_count=51 60 57 155 47 72 36 46 45 88 63 81 79 46 60 1262 42 95 49 46 54 40 42 51 58 66 88 76 55 39 48
internal_value=-0.000895161 -0.00350662 -0.00230875 0.0045349 0.00141604 0.00137519 -0.0182748 0.00522999 0.0199545 -0.00550642 0.00642738 -0.00562912 0.000585061 0.00907915 -0.00150525 0.00199852 -0.00467561 -0.0205694 -0.00736277 -0.00484677 -0.00307402 0.00941378 -0.00381644 -0.00650159 -0.0111414 0.00345719 -0.0214406 0.011652 -0.0325661 -0.0208331
internal_weight=614.198 288.368 277.355 90.6059 325.83 80.4078 13.1869 67.2208 28.3459 38.875 25.4467 186.749 314.542 62.1189 252.423 46.9424 34.8276 17.7869 170.002 142.222 131.273 28.2711 19.2036 103.001 82.0345 33.9342 48.1002 20.967 31.311 19.2732
internal_count=3097 1411 1354 457 1686 410 82 328 133 195 132 897 1626 318 1308 246 186 91 818 663 609 133 91 476 375 154 221 101 145 87
is_linear=0
shrinkage=0.05


Tree=140
num_leaves=31
num_cat=0
split_feature=12 1 8 7 12 7 8 12 14 3 2 15 7 18 0 8 9 19 14 14 12 8 19 7 14 7 8 7 0 19
split_gain=1.44651 4.01894 2.79501 2.69602 3.41868 3.45551 4.78299 2.56778 2.31473 1.50209 2.64276 2.79432 1.7639 3.0726 2.42806 5.00874 3.65948 6.23857 3.51485 3.38281 3.87914 3.15154 3.67383 3.04487 2.3247 2.08221 3.2093 2.3918 4.03471 2.89757
threshold=0.0039745000000000006 0.045461500000000009 51.447689000000004 0.84680600000000006 -0.0057019999999999996 0.65729100000000018 40.11801950000001 0.0088605000000000021 0.024019500000000003 -0.011894999999999998 -0.007308499999999999 1.5000000000000002 0.68202000000000018 0.90000000000000013 1.8133860000000002 64.006920500000021 0.024705000000000005 1.7726575000000002 0.028212500000000005 0.024418000000000006 0.055749500000000007 58.374425000000009 1.4459840000000004 0.58856200000000014 0.045774500000000003 0.70818100000000006 73.68081500000001 0.74289400000000005 2.1188090000000002 7.9403085000000013
decision_type=2 2 2 2 2 2 2 2 2 2 2 2 2 2 2 2 2 2 2 2 2 2 2 2 2 2 2 2 2 2
left_child=1 2 3 4 5 -1 -7 -2 -5 -9 11 -11 13 14 23 21 -17 -18 19 20 -19 22 -16 -12 -20 26 -14 28 -27 -29
right_child=7 -3 -4 8 -6 6 -8 9 -10 10 12 -13 25 -15 15 16 17 18 24 -21 -22 -23 -24 -25 -26 27 -28 29 -30 -31
leaf_value=-0.017240282751635409 -0.021631456292261899 -0.019794103341333417 0.036716572859825297 -0.025000766368004676 0.039818803753018273 0.039016786205829851 -0.011556350263866 -0.015280280006134114 0.013099111361282773 8.302718199841363e-05 0.034735761381904581 0.041778111520715006 0.029043038402551936 -0.027172982550326519 -0.032885816331675581 -0.026716198656013709 0.040134863300127256 0.026235843578037089 -0.024903440959272393 0.038308271092033941 -0.0188758953788273 -0.040117753289085172 0.009469726844062774 -0.0022829706470484218 0.007312073580614694 0.01811033355250527 -0.0085806477929505597 0.00046929668139889121 -0.025315991284527023 0.021878533440137515
leaf_weight=10.540723755955694 14.53618139401078 12.339294027537106 9.291314981877802 9.9849750008434075 9.8032240793108958 11.436428856104614 7.9079601950943461 16.277332358062267 6.6359042674303046 8.3767316713929194 8.9791029989719409 7.7231766991317263 15.712308675050737 14.232762455940245 9.1887990832328814 9.9930553939193469 10.977153636515139 8.1575616672635132 17.456923887133602 8.0898201167583448 11.459759969264267 13.802511982619761 11.560902385041116 14.56532948091626 8.2445334009826166 7.287920035421851 8.8663784861564618 278.1264132745564 20.101009834557772 16.756318215280771
leaf_count=56 89 76 46 70 50 59 43 88 36 43 43 41 74 73 43 52 51 40 89 38 59 73 57 71 50 35 42 1360 99 92
internal_value=1.70619e-05 0.006385 0.0113092 0.00711687 0.0141969 0.0057922 0.0183426 -0.000901239 -0.00978935 -0.000328282 0.00014925 0.0200843 -0.000501032 -0.00509705 -0.00272528 -0.00587231 0.00143524 0.00580451 -0.00125146 0.0111023 -0.000116872 -0.0216029 -0.009287 0.0118348 -0.0145693 0.00144296 0.0154709 0.000373093 -0.0137607 0.00168585
internal_weight=618.412 77.9398 65.6005 56.3092 39.6883 29.8851 19.3444 540.472 16.6209 525.936 509.658 16.0999 493.559 146.708 132.475 108.931 74.3788 64.3858 53.4086 27.7071 19.6173 34.5522 20.7497 23.5444 25.7015 346.85 24.5787 322.272 27.3889 294.883
internal_count=3138 436 360 314 208 158 102 2702 106 2613 2525 84 2441 739 666 552 379 327 276 137 99 173 100 114 139 1702 116 1586 134 1452
is_linear=0
shrinkage=0.05


Tree=141
num_leaves=31
num_cat=0
split_feature=11 1 14 1 11 3 2 2 0 14 4 1 8 3 6 4 2 1 3 8 4 3 13 13 4 8 6 8 4 9
split_gain=1.73224 4.17077 4.44145 4.83813 3.54403 2.75078 6.18898 3.70637 3.00595 3.52026 4.07363 2.95758 2.578 2.22363 2.86688 2.64533 2.20369 3.11665 2.82907 2.16448 2.11569 3.18367 5.41041 2.08739 4.54733 3.48609 3.72046 5.0283 3.58886 3.76651
threshold=0.27475500000000003 0.076574000000000017 0.018382500000000003 0.0071090000000000016 0.48699300000000006 0.073238500000000012 0.060630500000000011 0.099993500000000027 2.4803130000000002 0.021879500000000003 0.0026030000000000007 0.016985000000000004 48.884743000000007 0.2780645000000001 0.12926500000000005 0.40560900000000005 0.042080500000000007 0.028056500000000002 0.0055280000000000008 62.966467000000009 0.074421000000000015 0.058467000000000005 0.022579000000000005 0.12537600000000002 0.10010450000000003 72.727274500000007 0.10328700000000002 68.385988500000011 0.28363500000000003 0.057321000000000004
decision_type=2 2 2 2 2 2 2 2 2 2 2 2 2 2 2 2 2 2 2 2 2 2 2 2 2 2 2 2 2 2
left_child=1 2 16 -4 5 6 8 -7 9 10 -2 -10 -5 23 -15 -16 17 18 -1 -13 21 22 -14 -6 -25 26 28 -28 29 -26
right_child=4 -3 3 12 13 7 -8 -9 11 -11 -12 19 20 14 15 -17 -18 -19 -20 -21 -22 -23 -24 24 25 -27 27 -29 -30 -31
leaf_value=0.0069982782699162752 0.012694274698914524 -0.036657813383693456 -0.025084370530446383 0.030942114188147858 0.0011925351603463516 0.03647371641546724 -0.034640175541880029 0.0011650709964257698 0.047087952114035096 0.020496998823517763 -0.032664745252435429 0.0008517752076430251 -0.016776480648070441 0.036275821701478743 -0.02062928464889759 0.017773487363997892 -0.030209561472878926 0.017903887900952247 -0.025974182164419924 0.031784132327536074 0.019912611891049786 -0.021436583261384638 0.034831101362945253 -0.041265950763684639 0.020984806687631551 -0.0094329671876882248 -0.043578640818970893 0.017301330754195193 0.042827282589369818 -0.021157760567103799
leaf_weight=9.5508190188556927 8.3911011666059547 9.9460220374166948 11.332183908671139 12.298355393111704 185.10137791465968 17.72726561315358 9.1597103700041753 12.798111211508511 7.6794347763061515 11.515244066715239 12.069791711866854 16.273426420986656 9.6554693877697009 8.6061526983976382 7.8585330545902279 10.443853735923765 14.997809514403341 9.133521154522894 20.402789682149887 8.6677289307117444 16.674758072942495 12.820977911353109 10.713866740465162 8.9240883588790876 14.689593924209477 108.60851992107928 7.19578133150935 6.4155721291899681 9.1309749931097013 8.2964317277073842
leaf_count=60 42 50 74 60 964 81 43 65 38 54 58 76 48 41 44 51 72 42 108 40 78 62 49 57 70 527 51 34 44 44
internal_value=-0.000525478 -0.00547233 -0.00304114 0.00496176 0.000893184 0.00904714 0.00382289 0.0216702 0.00927689 -0.00161714 -0.0140628 0.0199557 0.0104391 -0.00137267 0.0124757 0.00128441 -0.0139162 -0.00766444 -0.0154608 0.0116016 0.00538234 -0.00191764 0.0103681 -0.00244236 -0.00656352 -0.00455695 0.00702397 -0.0148835 0.0163085 0.00577413
internal_weight=617.079 137.527 127.581 73.4956 479.553 104.282 73.7564 30.5254 64.5967 31.9761 20.4609 32.6206 62.1634 375.271 26.9085 18.3024 54.0849 39.0871 29.9536 24.9412 49.8651 33.1903 20.3693 348.362 163.261 154.337 45.7284 13.6114 32.117 22.986
internal_count=3127 703 653 371 2424 497 351 146 308 154 100 154 297 1927 136 95 282 210 168 116 237 159 97 1791 827 770 243 85 158 114
is_linear=0
shrinkage=0.05


Tree=142
num_leaves=31
num_cat=0
split_feature=12 13 12 13 5 11 19 7 11 19 18 12 13 5 5 5 5 8 6 11 0 6 6 14 7 5 5 6 19 0
split_gain=1.58921 1.47515 3.63267 2.86624 2.6063 3.99926 1.77741 4.82204 2.30221 2.17272 4.51726 3.07575 2.85393 2.80122 1.85167 1.98546 1.53826 2.95015 1.42884 3.00163 1.35635 5.06574 2.44094 3.3513 2.96484 3.39221 2.80538 2.41844 2.85113 2.31711
threshold=0.35813700000000009 -0.0089169999999999978 -0.0091554999999999987 -0.017741499999999997 0.032094500000000005 0.83766900000000011 7.692822500000001 0.77614400000000006 0.83617550000000007 4.0154435000000008 0.70000000000000007 0.13539050000000002 0.19771650000000004 0.043387000000000009 0.020271500000000005 0.022458000000000002 0.083108000000000015 59.609017000000009 0.051120500000000006 0.42462100000000008 7.9298225000000011 0.092483000000000024 0.065585000000000018 0.047751000000000009 0.59735900000000008 0.059898500000000007 0.061470000000000004 0.058599500000000006 2.2842110000000004 2.0781580000000006
decision_type=2 2 2 2 2 2 2 2 2 2 2 2 2 2 2 2 2 2 2 2 2 2 2 2 2 2 2 2 2 2
left_child=1 3 -3 4 -1 18 9 -8 -9 14 11 13 -12 -11 -4 -16 20 -18 -6 -20 22 -22 27 24 -24 29 -25 -17 -29 -26
right_child=-2 2 6 -5 5 -7 7 8 -10 10 12 -13 -14 -15 15 16 17 -19 19 -21 21 -23 23 26 25 -27 -28 28 -30 -31
leaf_value=0.016722217962991792 -0.022994267983550969 0.031036304086193303 -0.019370516335654973 -0.027862719824071042 -0.030639185070234477 0.014547411136035455 -0.0097823764493991834 0.051999055439125197 0.013152843494897338 -0.029466617955723608 0.019786834028837855 -0.046454267550213445 -0.012292916115481676 0.0046704889913707602 0.020504205604582024 0.001141749398632983 -0.042537940741179003 0.0022942773545704246 0.014191797967953796 -0.02936222434279805 -0.012578343042039154 0.034913660058128557 -0.029064170989709776 -0.0083047687033528644 -0.019152638001616096 -0.027609091457324028 0.030338160269614667 0.025577129251996001 -0.009046490268186512 0.002523514136105878
leaf_weight=13.472360596060751 8.0507165789604169 9.4136852622032148 11.727634184062479 13.826062414795159 13.570536550134422 13.025135051459072 13.762107264250517 7.0454877968877563 8.315789000131188 12.251743692904713 15.083304110914471 9.3995472937822324 12.830545634031294 11.794658267870544 12.374200463294981 219.10326415300369 6.0482679344713679 9.3299266174435598 7.580658081918954 8.2729815915226919 10.554009512066843 11.998068749904631 15.517389893531798 8.198422700166704 15.150899723172186 14.705242130905388 10.99611598998308 22.04324766993523 8.1420122534036619 66.19108708947897
leaf_count=63 42 49 62 79 78 66 77 47 47 61 71 49 67 78 58 1051 65 68 39 53 52 59 78 40 74 73 53 102 40 302
internal_value=-0.000924174 -0.000633716 0.0002471 -0.00747812 -0.00243824 -0.00851929 -0.000297136 0.0117125 0.0309698 -0.000991882 -0.0098086 -0.0222024 0.00504144 -0.0127225 0.000231861 0.000766051 0.000181704 -0.0153383 -0.0187302 -0.00853621 0.000774526 0.0126882 6.75686e-05 -0.00546522 -0.00878544 -0.00550921 0.0138329 0.00296968 0.0162379 -0.00151392
internal_weight=619.775 611.724 541.977 69.7477 55.9217 42.4493 532.563 29.1234 15.3613 503.44 61.3598 33.4459 27.9138 24.0464 442.08 430.352 417.978 15.3782 29.4242 15.8536 402.6 22.5521 380.048 130.759 111.565 96.0472 19.1945 249.289 30.1853 81.342
internal_count=3143 3101 2723 378 299 236 2674 171 94 2503 326 188 138 139 2177 2115 2057 133 170 92 1924 111 1813 620 527 449 93 1193 142 376
is_linear=0
shrinkage=0.05


Tree=143
num_leaves=31
num_cat=0
split_feature=0 0 3 3 6 5 8 19 9 1 0 0 18 0 19 19 9 11 11 0 8 0 0 0 3 8 0 5 9 5
split_gain=1.44541 2.18858 2.11645 3.96139 3.26271 3.52274 3.2501 1.83767 2.37792 1.87256 1.72941 2.96232 1.97838 4.3068 5.38838 5.34434 4.9933 5.01976 4.6379 4.28257 3.79254 3.25583 3.60336 3.25035 2.86331 2.66756 4.16742 4.43395 6.94224 3.34302
threshold=8.761865000000002 8.1330380000000009 0.045707000000000005 0.067515000000000006 0.071632000000000015 0.03654000000000001 54.510317000000008 4.4454680000000009 0.044664500000000003 0.072309500000000013 7.2000365000000004 6.455159000000001 0.70000000000000007 2.2117785000000008 2.1973475000000007 1.1857930000000001 0.082314000000000012 0.91194600000000003 0.74841750000000007 3.2326430000000004 63.157896000000008 5.1033885000000012 5.7980585000000007 1.6617020000000002 0.069322000000000009 58.634863000000003 1.3896210000000002 0.056431500000000009 0.052924000000000006 0.043387000000000009
decision_type=2 2 2 2 2 2 2 2 2 2 2 2 2 2 2 2 2 2 2 2 2 2 2 2 2 2 2 2 2 2
left_child=1 10 6 -4 -5 -6 -2 -7 -9 -10 11 12 21 16 15 -15 17 18 -14 20 -17 25 -23 -18 -21 -1 -27 29 -29 -28
right_child=2 -3 3 4 5 7 -8 8 9 -11 -12 -13 13 14 -16 19 23 -19 -20 24 -22 22 -24 -25 -26 26 27 28 -30 -31
leaf_value=-0.0060003156857576217 -0.011283769368547247 0.025328738651932855 -0.0447487773681811 -0.035899235210684277 0.021526910268340207 0.010394812365865026 0.037305822405340694 -0.00024782311798676943 -0.010485041911019457 -0.045716733811087401 -0.018395593047372944 0.021251393403483879 -0.0013738415125539279 0.028645037317057566 0.0097453823758877987 -0.0051620224466808542 0.013139530124045076 -0.025689863075117628 0.044206443794912315 0.01757728732118766 -0.046760464611320128 -0.034395541827058472 0.004014745409357018 0.04793441477657015 -0.017467012957205964 -0.032226386099284202 0.005658073707703333 -0.0031061874845210776 0.042810692735363455 -0.013534021166011524
leaf_weight=141.70231094677001 7.4893184695392829 8.7118974700570089 7.4666855596005908 7.939043551683425 12.574674241244791 9.2803237289190275 6.3675715588033199 13.911812752485277 7.2180290371179563 7.8983835615217686 12.3927547596395 16.651249393820763 15.514624726027252 6.8837292790412894 51.969372540712357 8.1794653721153754 13.13550950586796 11.012321814894674 8.716412886977194 9.6963164731860179 16.597152970731258 15.776771863922479 9.9610794782638532 13.72459840774536 14.613019485026596 7.8003476187586775 88.723219390958548 15.39949521049857 17.68571175262332 30.4866032153368
leaf_count=773 56 47 38 40 64 49 32 73 44 42 59 84 75 34 251 40 68 52 40 45 81 79 50 67 71 39 417 80 96 146
internal_value=-0.000464827 0.000472706 -0.00672707 -0.010442 -0.00608718 -0.00143576 0.0110443 -0.00897319 -0.0151651 -0.0288937 6.15132e-05 0.000506323 -0.000187902 0.00418777 -0.00184806 -0.0126129 0.0146784 0.0023012 0.0150223 -0.0183988 -0.0330276 -0.00245957 -0.01953 0.0309185 -0.00348882 -0.00100377 0.00341873 0.00524443 0.0214387 0.000749906
internal_weight=615.48 535.334 80.1458 66.289 58.8223 50.8832 13.8569 38.3085 29.0282 15.1164 526.622 514.229 497.578 170.043 107.939 55.9697 62.1035 35.2434 24.231 49.086 24.7766 327.536 25.7379 26.8601 24.3093 301.798 160.095 152.295 33.0852 119.21
internal_count=3132 2694 438 350 312 272 88 208 159 86 2647 2588 2504 824 522 271 302 167 115 237 121 1680 129 135 116 1551 778 739 176 563
is_linear=0
shrinkage=0.05


Tree=144
num_leaves=31
num_cat=0
split_feature=1 13 9 5 3 11 11 3 7 15 1 13 7 15 4 13 1 11 4 7 3 3 9 9 9 15 7 1 14 5
split_gain=2.43973 3.48625 3.22323 3.73049 3.49904 3.02796 4.12135 3.75241 5.73192 3.59344 3.04684 2.93609 2.91272 6.77513 6.09576 2.83791 3.00716 2.68522 2.65743 2.52521 2.46271 4.0598 3.53633 3.57953 3.40964 4.8411 5.85344 3.73192 3.51296 3.40349
threshold=0.041683500000000005 0.28843200000000008 0.22819450000000002 0.026203000000000004 0.085890500000000022 0.56173800000000018 0.35817300000000002 0.22926100000000002 0.69264500000000007 2.5000000000000004 0.069678000000000004 0.096542000000000003 0.96182950000000011 2.5000000000000004 0.18661350000000002 0.23330300000000001 0.040584500000000003 0.76220250000000012 -0.014534999999999998 0.83964300000000003 0.11030350000000001 0.091018000000000016 0.113804 0.12286900000000002 0.059933000000000007 1.5000000000000002 0.74289400000000005 0.019687000000000007 0.036586000000000007 0.024927000000000005
decision_type=2 2 2 2 2 2 2 2 2 2 2 2 2 2 2 2 2 2 2 2 2 2 2 2 2 2 2 2 2 2
left_child=1 15 3 -2 18 6 9 8 -7 -5 11 -8 13 17 -14 16 20 -10 -4 -19 21 22 24 -24 28 -26 27 -27 -1 -25
right_child=2 -3 4 5 -6 7 10 -9 12 -11 -12 -13 14 -15 -16 -17 -18 19 -20 -21 -22 -23 23 29 25 26 -28 -29 -30 -31
leaf_value=-0.0066677204102113729 0.038078300358930922 0.026858588851275095 -0.020540218105882354 0.014118379671041551 -0.02491679525920994 0.017996972011312905 0.017142144467976017 0.014762168503001992 -0.054646181528012372 -0.017003554126271119 0.005576214655067903 0.057398929033900627 -0.021598162298122069 0.0047894374354453045 0.021678848910357387 -0.029937213831580246 -0.031681045614763446 -0.0090980854052864473 0.0155961151711606 -0.042889463403239361 0.010199504428753394 -0.026643682169519831 -0.03958247066194015 0.017531168523537168 -0.0056000118048288514 0.020685883029674012 -0.0022305758727061446 0.062944627745751811 0.025984923281982465 -0.0096049682654796922
leaf_weight=83.575315494090319 8.3329733684658986 9.1511181667447072 7.6048450507223633 23.848079688847065 20.13491316139698 21.991564514115453 8.2366548329591804 31.971606284379959 9.3969645947217924 15.178213700652121 10.584559231996534 10.062804147601126 15.519264994189141 20.182463213801384 17.104992438107729 10.55384738370776 9.2749104201793653 13.53521364927292 15.37013256177306 9.3464791849255544 32.73744585365057 18.947729371488094 8.8395945671945793 13.003424420952795 23.074034739285707 11.190878070890905 13.049260891973971 9.7991247959434968 9.1377587355673295 103.73398844897747
leaf_count=428 40 48 42 111 110 106 39 157 48 73 51 45 82 97 88 59 48 63 77 49 173 97 48 66 116 54 66 44 56 554
internal_value=-0.000919494 -0.00360343 0.00277887 0.00527773 -0.00970052 0.00395706 0.0126111 -0.000269509 -0.00475775 0.00201435 0.0269287 0.0392792 -0.010639 -0.0179343 0.0010921 -0.00440696 -0.00360592 -0.0321425 0.00363479 -0.0229008 -0.00280982 -0.00425671 -0.00271648 -0.00890521 0.0024706 0.0120808 0.024066 0.0404143 -0.00344949 -0.00658226
internal_weight=614.47 356.068 258.402 215.292 43.1099 206.959 67.9103 139.049 107.077 39.0263 28.884 18.2995 85.0854 52.4611 32.6243 346.917 336.363 32.2787 22.975 22.8817 327.089 294.351 275.403 125.577 149.826 57.1133 34.0393 20.99 92.7131 116.737
internal_count=3135 1857 1278 1049 229 1009 319 690 533 184 135 84 427 257 170 1809 1750 160 119 112 1702 1529 1432 668 764 280 164 98 484 620
is_linear=0
shrinkage=0.05


Tree=145
num_leaves=31
num_cat=0
split_feature=0 4 14 2 12 4 12 9 12 2 6 11 9 9 8 13 13 13 2 11 8 18 6 9 12 0 15 14 13 6
split_gain=1.4662 3.48477 3.51428 2.67901 2.42751 4.44934 2.48016 4.93264 3.97577 3.1108 2.86059 3.70652 2.8186 2.65976 3.2539 2.51116 2.2364 3.46822 3.39139 3.41327 4.23065 2.18686 4.48287 4.76627 3.14838 2.48849 2.44448 2.18482 2.13526 2.52852
threshold=2.3321950000000005 0.30100200000000005 0.058814000000000012 0.072084000000000009 0.030959500000000004 0.015265000000000003 0.043452000000000011 0.043847500000000005 0.0526965 0.036501000000000006 0.14481350000000001 0.58643300000000009 0.29671000000000008 0.046553000000000004 77.269350000000017 0.036337500000000002 0.07969900000000002 0.124432 0.074255000000000015 0.63605750000000005 73.188486500000025 0.70000000000000007 0.032832500000000008 0.032650500000000006 0.06977700000000002 2.1420060000000007 1.5000000000000002 0.026653000000000003 0.38653950000000004 0.16599550000000002
decision_type=2 2 2 2 2 2 2 2 2 2 2 2 2 2 2 2 2 2 2 2 2 2 2 2 2 2 2 2 2 2
left_child=1 2 21 -3 -2 -6 7 -7 9 -8 12 -12 13 16 -15 -9 -10 -18 27 -20 -21 25 -23 -24 -25 -1 -27 -19 29 -13
right_child=4 3 -4 -5 5 6 8 15 10 -11 11 28 -14 14 -16 -17 17 18 19 20 -22 22 23 24 -26 26 -28 -29 -30 -31
leaf_value=-0.0029967105775275948 0.0059208070279106167 0.043108452870766381 -0.028279897613877832 0.0095648443637656403 -0.026835754096284348 -0.05023212763006471 -0.0063588793910948349 -0.023717059615608129 -0.025889192189430577 0.032364442757172977 0.040420381186786543 0.015854752974023067 0.022265864435751723 -0.0065913719786542648 -0.028878410429845014 0.013233487208836894 0.018671975590378771 -0.040784142659771261 -0.020853769853787955 0.043241314723734443 0.0018377604398098709 0.037213639787359573 -0.020460579493989123 0.0031127585361487844 0.037817537323555375 0.036939179056254011 0.0012421142032886714 -0.0078604930712155817 0.020463407292665488 -0.019371283374383933
leaf_weight=119.63295873627067 91.829151827841997 8.9646192193031329 9.3753066118806583 17.71517226845026 18.929381791502237 7.6405167318880585 7.7918213568627861 8.0386950299143809 8.1604878678917867 15.510689485818146 7.9295179285109034 7.9901333004236248 9.1112018376588804 56.34736623428762 23.087515883147717 10.742801861837505 22.116640523076057 8.2869850099086779 11.271650969982145 7.8175852280110112 29.271750576794147 12.946895264089106 13.864955604076384 18.718583427369598 10.04034088551998 8.2460026275366562 11.461971148848532 12.85633044503629 10.882834251970051 14.055590134114025
leaf_count=615 487 44 78 84 99 44 40 38 39 72 43 45 45 278 122 51 106 39 52 37 136 64 64 94 46 38 56 64 56 81
internal_value=0.000684533 0.00384114 0.00162165 0.0208358 -0.00118647 -0.00337777 -0.0017857 -0.0163609 -0.000260452 0.0194163 -0.00226109 0.00973175 -0.00486296 -0.00624217 -0.013069 -0.00258177 -0.000807375 0.00142661 -0.00406096 0.00324188 0.0105647 0.00305993 0.0114464 0.00361962 0.0152289 -0.000284681 0.0161781 -0.0207647 0.00234163 -0.00660415
internal_weight=620.635 230.967 204.287 26.6798 389.669 297.839 278.91 26.422 252.488 23.3025 229.186 40.8581 188.328 179.216 79.4349 18.7815 99.7814 91.6209 69.5043 48.361 37.0893 194.912 55.5708 42.6239 28.7589 139.341 19.708 21.1433 32.9286 22.0457
internal_count=3157 1183 1055 128 1974 1487 1388 133 1255 112 1143 225 918 873 400 89 473 434 328 225 173 977 268 204 140 709 94 103 182 126
is_linear=0
shrinkage=0.05


Tree=146
num_leaves=31
num_cat=0
split_feature=2 11 1 4 2 9 1 1 9 7 9 11 15 19 2 7 19 19 6 6 2 0 8 9 6 6 6 4 11 6
split_gain=1.68561 2.43563 2.92325 1.59313 3.33987 1.63213 2.42644 6.17489 4.72873 2.56478 2.46975 3.05576 3.35837 2.69795 2.35407 2.59255 2.22529 5.52762 3.70813 2.43438 2.101 3.02951 2.59774 3.27376 2.03036 3.59373 2.92236 4.49033 4.14125 3.66169
threshold=-0.015274499999999998 0.21231050000000004 0.0041695000000000005 -0.063865499999999978 0.021109500000000003 0.13093900000000003 0.029528000000000002 0.026953500000000002 0.34886900000000004 0.84978000000000009 0.28430900000000009 0.71201900000000007 2.5000000000000004 2.6223285000000005 0.040966000000000009 0.86874550000000006 1.4952420000000004 1.7376100000000003 0.05882550000000001 0.041467000000000011 0.084844500000000017 15.225578500000003 83.02296250000002 0.075520000000000018 0.11886550000000001 0.08150750000000001 0.062915000000000013 0.041138500000000008 0.92353900000000011 0.058599500000000006
decision_type=2 2 2 2 2 2 2 2 2 2 2 2 2 2 2 2 2 2 2 2 2 2 2 2 2 2 2 2 2 2
left_child=1 -1 -3 4 -2 20 7 16 10 -10 11 12 14 -13 -8 -16 19 -18 -19 -7 24 22 23 -22 25 26 29 -28 -29 -5
right_child=3 2 -4 5 -6 6 8 -9 9 -11 -12 13 -14 -15 15 -17 17 18 -20 -21 21 -23 -24 -25 -26 -27 27 28 -30 -31
leaf_value=-0.039300571325226713 0.037176548263081644 0.017588438316137808 -0.018547743922957403 -0.0011909498794010921 -0.00097839151752526299 -0.00047963992615847122 0.0035831769537339139 0.045038809704627286 0.029411823405685867 -0.0038688901527423668 -0.036484782882999452 -0.0093829726599880814 0.010125316901848508 -0.051706001178114497 -0.045742736988259342 -0.0090766822979390857 0.049872998306163659 -0.015129511396206149 0.023617619677108626 -0.031624275722736683 0.0039654657597399858 0.025698730928421044 -0.0091811001404243937 0.031028557848881151 -0.02303260415917905 0.01859613382986194 0.019404171134490174 -0.033788298627022449 0.0071334645135136326 0.025535252223088997
leaf_weight=6.256975736469033 9.0780325159430522 9.2924713436514157 14.071198210120199 168.01495786197484 15.576799619942902 15.317564003169538 9.9375235885381716 7.8231653273105612 10.241502769291401 13.315749414265156 11.404229409992693 7.3743687607347947 20.670617766678333 7.6943736970424652 9.1182882562279719 10.229623153805731 5.9758989959955207 19.701644197106365 8.9933004155755025 10.62733944877982 66.292345866560936 18.762892182916403 27.976224772632122 13.44016323238611 9.8079877402633411 23.876475103199482 7.9333071187138549 22.835416376590732 8.4777680002152902 13.874111503362654
leaf_count=37 43 51 84 818 83 82 50 37 55 72 59 44 98 41 46 49 29 115 51 60 329 100 132 70 84 115 38 107 42 65
internal_value=3.6408e-05 -0.011595 -0.00417524 0.000636246 0.0130704 7.85715e-05 -0.00402066 0.00323321 -0.00898581 0.0105999 -0.0150226 -0.0112585 -0.0053055 -0.0309939 -0.0161971 -0.0263567 -0.00216229 0.00612503 -0.00298575 -0.0132369 0.00188929 0.00715764 0.00392778 0.00852737 -0.000725479 0.000167489 -0.00182229 -0.0141963 -0.0227091 0.000847668
internal_weight=603.992 29.6206 23.3637 574.372 24.6548 549.717 168.425 68.4389 99.9863 23.5573 76.429 65.0248 49.9561 15.0687 29.2854 19.3479 60.6157 34.6708 28.6949 25.9449 381.292 126.472 107.709 79.7325 254.82 245.012 221.136 39.2465 31.3132 181.889
internal_count=3086 172 135 2914 126 2788 888 374 514 127 387 328 243 85 145 95 337 195 166 142 1900 631 531 399 1269 1185 1070 187 149 883
is_linear=0
shrinkage=0.05


Tree=147
num_leaves=31
num_cat=0
split_feature=9 6 13 14 8 11 13 14 8 19 14 9 14 4 9 0 7 9 14 4 6 14 6 6 18 6 11 6 13 15
split_gain=1.91171 1.63414 1.55959 1.50846 3.4315 2.93799 5.06963 3.25342 3.19287 3.04115 2.95264 2.82207 4.69287 2.65166 2.41559 3.62818 3.58227 2.12043 1.92756 1.56858 3.91496 3.16348 2.70387 2.70241 4.88938 4.70261 3.21953 4.34005 3.28137 4.70139
threshold=0.66769250000000013 0.077103000000000019 -0.070597499999999994 0.019470000000000005 46.787540500000006 0.51115200000000016 0.0034700000000000004 0.017313000000000005 52.208936000000008 1.5102110000000002 0.015747500000000005 0.079337500000000019 0.016501500000000006 0.079378000000000018 0.34886900000000004 1.8370255000000002 0.85040250000000006 0.113804 0.016370000000000006 0.089914500000000022 0.039713000000000005 0.045017500000000009 0.043808000000000007 0.089618000000000017 0.90000000000000013 0.084619000000000014 0.78590700000000002 0.074117500000000017 0.11239350000000002 2.5000000000000004
decision_type=2 2 2 2 2 2 2 2 2 2 2 2 2 2 2 2 2 2 2 2 2 2 2 2 2 2 2 2 2 2
left_child=2 -2 -1 4 17 6 -6 10 -8 -10 -7 18 -13 -9 19 -16 -17 -4 -11 21 -21 -5 -22 25 -25 26 28 -28 -24 -30
right_child=1 -3 3 14 5 7 8 13 9 11 -12 12 -14 -15 15 16 -18 -19 -20 20 22 -23 23 24 -26 -27 27 -29 29 -31
leaf_value=0.019939546900012144 -0.035167581878651162 -0.00044379473597153509 -0.0017362012242224676 0.0058080952021376557 0.023119979500068083 0.0079526941370516128 0.015153595682630916 -0.028889535275794978 -0.030843995214373823 -0.035148732804123943 0.043302206155971738 0.02259925818902301 -0.023911542458853852 0.0094987322974626927 0.046057662180066128 0.027068795587538236 -0.019765454660182667 -0.034139231356397161 -0.004058072780864141 -0.022178513435611363 0.026242416504192664 -0.02456090868181271 0.0048489565567816752 0.00074542934112175414 0.035985937796786049 -0.041016214282903508 -0.0018640789641064328 0.034769594016289165 -0.036485237650814198 0.0064081466298525555
leaf_weight=9.6560119092464429 7.251338101923464 6.360016442835331 7.7758469525724676 153.21190099418163 12.129614569246767 16.797554135322574 9.614639117382465 7.9424777552485493 21.981664471328259 11.38619811832905 9.1114861071109754 13.670903995633127 8.9896999746561033 10.374026723206041 7.2929190322756794 8.1623125746846217 8.16936546564102 14.396492324769495 8.8679450899362546 22.34707591496408 9.2464098297059518 9.0836117872968298 15.768067270517347 88.227557083591819 11.078489780426024 9.1261281184852105 50.974560184404254 9.608918331563471 20.811990685760978 9.2177141308784467
leaf_count=47 45 40 40 771 60 78 57 42 110 57 41 67 43 49 35 40 43 81 43 116 44 84 76 481 51 44 245 46 100 43
internal_value=-0.000415006 -0.0189426 8.82039e-06 -0.000319951 -0.00458603 -0.00150423 -0.00685673 0.00898166 -0.0117366 -0.0157205 0.0203841 -0.00797401 0.00414793 -0.00714735 0.00119019 0.0167354 0.00364156 -0.0227755 -0.0215362 0.000291613 -0.00222228 0.00410835 -0.0002319 -0.00137146 0.00467683 -0.0065714 -0.00361648 0.00394625 -0.0136208 -0.023319
internal_weight=608.633 13.6114 595.022 585.366 153.039 130.866 86.6407 44.2255 74.5111 64.8964 25.909 42.9147 22.6606 18.3165 432.327 23.6246 16.3317 22.1723 20.2541 408.702 246.407 162.296 224.06 214.813 99.306 115.507 106.381 60.5835 45.7978 30.0297
internal_count=3119 85 3034 2987 768 647 437 210 377 320 119 210 110 91 2219 118 83 121 100 2101 1246 855 1130 1086 532 554 510 291 219 143
is_linear=0
shrinkage=0.05


Tree=148
num_leaves=31
num_cat=0
split_feature=5 3 5 19 8 3 5 13 19 19 1 7 15 15 4 7 8 8 15 19 2 1 8 15 0 0 13 0 0 10
split_gain=1.149 5.74392 3.39119 5.04562 2.73769 3.84218 2.81759 5.52519 4.00531 3.89225 3.535 3.02399 2.98678 2.74619 2.71634 2.56482 4.16332 3.2578 2.87157 2.24855 2.73367 3.4391 2.09275 1.40875 5.03738 2.37413 3.63001 3.67729 3.10922 2.40026
threshold=0.036334000000000005 0.15345850000000003 0.037758500000000007 2.1826475000000003 78.508535000000009 0.062785500000000008 0.029386000000000006 0.062381500000000006 2.6223285000000005 1.8757730000000004 0.012759500000000002 0.83964300000000003 4.5000000000000009 1.5000000000000002 0.079378000000000018 0.81321200000000016 62.676617 54.902625500000006 2.5000000000000004 1.0673570000000001 0.029346500000000005 0.034577500000000004 60.155451000000006 2.5000000000000004 1.5775790000000003 3.3492435000000005 0.26386100000000007 2.7589335000000004 11.366207500000002 1.0000000180025095e-35
decision_type=2 2 2 2 2 2 2 2 2 2 2 2 2 2 2 2 2 2 2 2 2 2 2 2 2 2 2 2 2 2
left_child=1 4 3 -2 6 -6 7 10 12 -9 -1 -10 14 -7 19 16 17 -12 -17 -8 -21 -22 -14 -4 -25 26 27 29 -27 -26
right_child=2 -3 23 -5 5 13 8 9 11 -11 15 -13 22 -15 -16 18 -18 -19 -20 20 21 -23 -24 24 25 28 -28 -29 -30 -31
leaf_value=0.030411397110598454 0.0010103578061170591 0.039965558946030516 -0.0017254257512124699 -0.047531230733501108 0.01212792059071781 -0.0037277850069945464 0.026074557467018769 -0.0043899036809303222 0.014776564813955168 -0.042282555266317155 -0.0041619555959522582 0.050846462858030045 0.0045366330036892746 -0.040045259288688406 -0.01930255653330119 -0.00078865120554340762 0.014828717609730389 -0.043624292302190865 0.032959201534143619 -0.018966334456812797 -0.0076244161281268305 0.034116404626108258 0.039346291238863206 0.029468998175276307 0.0016886077208307813 0.016157907298463451 0.024371667765020179 -0.046139025474936361 -0.010617117505327012 -0.028269079727030785
leaf_weight=12.069251298904417 12.555202044546606 10.522511109709738 222.82082244940102 9.332682713866232 11.392040520906447 9.3663956224918383 10.080434799194334 15.886206820607187 16.645019438117746 11.818597141653298 11.633067719638349 8.9271959215402585 8.2783081904053706 11.716432012617586 14.994037955999373 16.192630559206012 12.14827900379896 9.5017160549759847 10.320887401700018 12.807310193777083 11.301141366362573 8.7597257643938047 9.0249643847346288 17.890148229897022 24.896318528801203 36.185078658163548 7.6487340554594985 7.0042414888739577 15.481425939127801 9.1412502741441113
leaf_count=59 62 54 1179 48 53 46 53 76 79 59 55 41 40 56 70 78 57 45 47 64 53 40 42 94 131 187 35 42 95 50
internal_value=0.00117349 0.00383146 -0.000608858 -0.0196871 0.00219865 -0.0112685 0.00438112 -0.00158478 0.0102732 -0.0205545 0.0057282 0.0273685 0.00446339 -0.0239106 -0.000980321 0.000746185 -0.00849617 -0.0219033 0.0123483 0.00541626 -0.000919491 0.010602 0.0226925 0.000615478 0.00502659 0.000669369 -0.00725256 -0.0131462 0.008135 -0.00635694
internal_weight=606.342 243.386 362.956 21.8879 232.864 32.4749 200.389 99.5706 100.818 27.7048 71.8658 25.5722 75.2459 21.0828 57.9427 59.7966 33.2831 21.1348 26.5135 42.9486 32.8682 20.0609 17.3033 341.068 118.247 100.357 48.6905 41.0418 51.6665 34.0376
internal_count=3090 1167 1923 110 1113 155 958 476 482 135 341 120 362 102 280 282 157 100 125 210 157 93 82 1813 634 540 258 223 282 181
is_linear=0
shrinkage=0.05


Tree=149
num_leaves=31
num_cat=0
split_feature=6 12 11 11 19 3 19 13 3 1 1 6 11 19 2 2 9 3 2 7 9 7 2 2 3 3 1 8 6 6
split_gain=1.89657 2.32569 4.30899 2.18733 4.05924 3.31946 3.40934 3.07257 2.7385 2.69186 3.76224 3.42437 3.89326 4.14158 2.83064 4.81125 4.19583 3.42039 3.0264 2.92941 7.71281 5.00307 4.38052 4.8171 3.51263 3.87891 3.17088 3.06912 3.00913 2.91195
threshold=0.12739750000000002 0.25649550000000004 0.79873400000000017 0.74239600000000017 4.2744530000000003 0.17049650000000002 3.7731715000000006 0.045770000000000012 0.13185750000000004 0.069678000000000004 0.041683500000000005 0.048792000000000009 0.26138700000000009 1.5176095000000003 0.079214000000000021 0.046463500000000005 0.0061255000000000007 0.056891500000000005 0.056351000000000005 0.71401150000000013 0.14442350000000001 0.65408350000000015 -0.0065849999999999997 0.0087465000000000025 0.025387000000000003 0.0088110000000000011 0.021318500000000004 58.374425000000009 0.031914000000000005 0.044246500000000008
decision_type=2 2 2 2 2 2 2 2 2 2 2 2 2 2 2 2 2 2 2 2 2 2 2 2 2 2 2 2 2 2
left_child=3 2 -2 4 5 6 8 -6 9 10 14 -12 -13 -14 15 16 -1 -17 -19 21 28 22 -18 -24 25 -22 -23 -25 -21 -30
right_child=1 -3 -4 -5 7 -7 -8 -9 -10 -11 11 12 13 -15 -16 17 19 18 -20 20 24 26 23 27 -26 -27 -28 -29 29 -31
leaf_value=0.02338780613011783 -0.001810351235639517 0.0082817831356287747 -0.032985667659223734 0.0047475236326378258 -0.0012825838901921135 -0.031258174414769274 0.031549534761058706 -0.037369792378833068 0.022965811102224742 -0.017204598841419626 0.03602556583685166 0.023245824626679724 -0.023951231047875422 0.01128639292321966 -0.024875737554686014 -0.0025866315240086358 -0.046730972467941043 0.049845814033480651 0.012162042170590248 -0.010122097520756672 0.006738251975118334 0.037286826656017222 0.030142709606865006 0.00072247486914339297 0.024045211248880028 -0.0367628411601598 -0.00094907140947327051 -0.035032217996543734 -0.050664900874491971 -0.016679948250258744
leaf_weight=11.488344013690947 28.270109876990318 15.59050292521715 18.232289922423661 214.29531799629331 10.507714085280897 8.3798144757747632 8.6682811677455884 13.446478717029093 12.190553992986677 24.163766909390688 11.101554252207277 19.529335975646973 15.364145018160341 18.235645666718483 13.917978480458258 17.652857139706612 6.8949609473347655 8.7280261069536227 13.676719404757021 13.810727268457411 14.022560559213163 11.535442501306536 8.2641518414020521 14.644126936793329 12.453816771507261 8.0756830051541311 10.231519907712935 10.170112982392309 17.909129425883297 9.7261070869863016
leaf_count=53 187 80 118 1088 59 42 44 73 59 115 53 92 75 86 69 87 37 40 65 75 75 55 38 71 62 45 46 54 92 51
internal_value=-0.000140173 -0.00843037 -0.0140333 0.00078055 -0.00168502 -0.000202625 0.00063026 -0.0215398 -0.000251992 -0.00122264 0.000221401 0.0107696 0.00549228 -0.00482668 -0.00311281 -0.00151259 -0.0056427 0.0138733 0.0268422 -0.00806404 -0.0146363 2.59749e-05 -0.0104771 -0.00292027 0.00280901 -0.00915899 0.0193141 -0.0139316 -0.0291799 -0.038704
internal_weight=621.178 62.0929 46.5024 559.085 344.79 320.835 312.456 23.9542 303.787 291.597 267.433 64.2307 53.1291 33.5998 203.202 189.284 149.227 40.0576 22.4047 137.738 75.998 61.7403 39.9734 33.0784 34.5521 22.0982 21.767 24.8142 41.446 27.6352
internal_count=3186 385 305 2801 1713 1581 1539 132 1495 1436 1321 306 253 161 1015 946 754 192 105 701 400 301 200 163 182 120 101 125 218 143
is_linear=0
shrinkage=0.05


Tree=150
num_leaves=31
num_cat=0
split_feature=4 4 3 13 4 4 3 14 14 3 6 3 6 13 6 14 8 11 13 8 5 13 13 2 11 7 14 13 8 12
split_gain=1.40785 1.91166 3.21223 2.65238 4.28108 2.61174 2.79726 3.81739 4.3225 3.67593 3.88967 2.66628 3.9187 3.06812 2.70354 2.5986 3.24892 3.20116 2.58733 2.68067 4.05935 2.95203 2.93849 3.28127 3.04021 2.67508 3.23976 4.0036 3.51573 5.17479
threshold=0.56519100000000011 0.13064550000000003 0.16209700000000002 0.10211750000000001 0.16146450000000004 0.12334150000000001 0.011710500000000002 0.016370000000000006 0.018030500000000001 0.0028150000000000002 0.038724500000000002 -0.014237499999999998 0.05327500000000001 -0.00090649999999999986 0.052332500000000004 0.015747500000000005 78.69208900000001 0.14330350000000003 0.11503450000000001 90.936076000000014 0.031565000000000003 0.12537600000000002 0.35623200000000005 0.047672000000000006 0.88534550000000012 0.9787610000000001 0.028212500000000005 0.17330700000000002 71.628458000000009 0.13179550000000004
decision_type=2 2 2 2 2 2 2 2 2 2 2 2 2 2 2 2 2 2 2 2 2 2 2 2 2 2 2 2 2 2
left_child=1 2 5 4 -3 6 7 9 -9 10 -1 14 13 -13 -10 17 -17 -8 -5 20 -20 -22 23 24 -23 26 27 -25 -28 -30
right_child=-2 3 -4 18 -6 -7 15 8 11 -11 -12 12 -14 -15 -16 16 -18 -19 19 -21 21 22 -24 25 -26 -27 28 -29 29 -31
leaf_value=0.055441668511276167 -0.012597936138937119 0.040692219678750918 -0.031463040039927698 -0.02326970426402046 -0.0013091599480503937 -0.024710823365362421 -0.030055703007731877 -0.049521959049209467 0.016805293466938542 -0.017968276572917424 0.0043529452557758679 -0.0075075687075086793 0.005039613671786969 -0.045077175815948223 -0.016941057565581018 0.0072580948355646345 -0.015659032003154435 0.00016370910335348747 -0.023524970750918733 -0.023434525333185966 0.03739046550517041 -0.025908340085952282 0.030027195288703387 0.042957922007043216 0.0061848704353274732 0.022512060006922626 0.015452779387003049 -0.0014510298052681446 -0.043426139219938237 -0.00072350033624043
leaf_weight=6.2000000253319767 17.812969643622637 12.937490165233614 8.1618143338710052 8.6355621330440027 11.424099802970884 10.205112121999262 11.619550868868826 7.1277307868003836 15.697148732841017 7.4555518701672545 9.3354397788643819 9.1730217561125738 12.624313632957636 13.332826877012851 9.543180709704755 214.16577028483152 16.669014155864716 35.652834512293339 10.855913326144217 8.0600448679178935 8.1467842385172826 15.223195236176252 12.212854117155073 10.531698271632196 14.321641243994236 25.777604807168245 21.122552733868361 9.7955790236592275 8.8957605287432653 35.037864875048399
leaf_count=30 93 63 51 41 65 51 61 38 84 41 61 50 74 72 60 1072 90 177 50 43 39 81 62 48 74 130 107 47 42 170
internal_value=0.00125452 0.00166581 -0.000428077 0.00547022 0.0209961 0.000240615 0.000931431 -0.00670462 -0.0126982 0.0108917 0.0247418 -0.00835057 -0.0172573 -0.0297644 0.00404605 0.00341601 0.00560321 -0.00726422 0.00346491 0.00474764 0.00606888 0.00806353 0.00650113 0.00445914 -0.0103514 0.00839554 0.0041337 0.0215575 -0.0013105 -0.00937001
internal_weight=617.755 599.942 386.963 212.979 24.3616 378.801 368.596 90.4892 67.4982 22.991 15.5354 60.3705 35.1302 22.5058 25.2403 278.107 230.835 47.2724 188.617 179.981 171.921 161.066 152.919 140.706 29.5448 111.161 85.3835 20.3273 65.0562 43.9336
internal_count=3167 3074 2012 1062 128 1961 1910 510 378 132 91 340 196 122 144 1400 1162 238 934 893 850 800 761 699 155 544 414 95 319 212
is_linear=0
shrinkage=0.05


Tree=151
num_leaves=31
num_cat=0
split_feature=13 13 9 8 10 14 14 1 13 8 6 14 12 2 13 13 5 8 13 8 9 1 8 8 1 6 18 1 2 6
split_gain=1.02722 1.29513 1.05369 2.63603 3.57427 4.65771 3.84216 3.00649 2.41617 2.49877 2.5045 2.09916 3.168 6.77961 4.30343 3.82282 2.68342 2.01317 1.94622 1.70312 1.65403 3.36399 4.71673 3.21828 3.90582 5.07986 3.20753 3.15537 2.68245 2.54223
threshold=-0.13871249999999999 -0.064387999999999987 0.13200750000000003 64.006920500000021 1.0000000180025095e-35 0.023468500000000003 0.042034000000000009 0.036189000000000006 0.015457000000000002 47.747565000000002 0.045952500000000007 0.016746000000000004 0.062130000000000012 0.079214000000000021 0.18716500000000005 0.10094600000000002 0.035810000000000002 45.294045500000003 -0.038007999999999993 54.510317000000008 0.03830200000000001 0.017331000000000003 69.106077500000012 64.544081500000019 0.023225500000000003 0.038724500000000002 0.50000000000000011 0.009305500000000003 0.0093605000000000025 0.032091500000000009
decision_type=2 2 2 2 2 2 2 2 2 2 2 2 2 2 2 2 2 2 2 2 2 2 2 2 2 2 2 2 2 2
left_child=-1 -2 20 4 5 8 17 -8 9 18 -11 -5 16 -14 15 -15 -13 -7 -4 -19 21 22 27 -22 28 -26 -27 -3 -25 -23
right_child=1 2 3 11 -6 6 7 -9 -10 10 -12 12 13 14 -16 -17 -18 19 -20 -21 23 29 -24 24 25 26 -28 -29 -30 -31
leaf_value=-0.015074561284696487 0.017204947426961506 0.019771983205518973 0.0014215348457823143 0.010157690355831268 0.032716630689363084 0.00063536233777987362 0.010644175306225641 -0.030450965318804597 -0.028797096598953048 0.022036828283002026 -0.012522772651914652 -0.014548359564133605 0.020094353934992159 -0.01131218586889856 0.0084199831088587231 -0.05918717648294073 -0.052546756901314176 0.036418084327270166 -0.033009869959470146 0.01210070102006067 -0.0014574428625245468 0.029351615268901367 -0.032662406716661201 0.051880389209872535 -0.034862688819566584 0.028920433164076349 0.0035378882635099303 -0.024912252376630955 0.017846418141612638 0.00063773926934852917
leaf_weight=9.9319249615073186 12.286322660744188 11.076955655589702 6.9657355546951321 10.945448957383631 8.9055124223232252 11.935193482786415 8.8939748294651526 8.908440448343752 14.040889933705328 11.939297363162042 9.3459421917796117 11.107670553028585 15.585105050355194 7.953522637486464 7.874224327504634 8.7646866962313634 7.987126260995864 15.391991756856443 9.9903931990265828 13.529202383011578 91.575114944949746 8.096721835434435 18.220288619399071 7.640418708324435 7.1703543886542311 16.099501177668571 54.850190099328756 6.1410924624651662 23.899873457849026 160.77780447527766
leaf_count=64 60 82 36 53 48 69 52 64 72 57 44 54 78 38 44 46 43 77 62 66 474 40 102 35 35 79 261 33 124 769
internal_value=0.000875593 0.00113619 0.000804721 -0.00226723 0.00223995 -0.000206488 0.00946561 -0.00992009 -0.0110582 -0.00454514 0.00686237 -0.00996002 -0.013675 -0.00570606 -0.0220567 -0.0364111 -0.0304426 0.0179126 -0.0188651 0.0250425 0.00224442 -0.000924598 -0.01493 0.00546191 0.0112401 0.00524424 0.00929755 0.00383464 0.0260909 0.00201443
internal_weight=617.831 607.899 595.613 190.064 119.847 110.941 58.6588 17.8024 52.2823 38.2414 21.2852 70.2178 59.2723 40.1775 24.5924 16.7182 19.0948 40.8564 16.9561 28.9212 405.548 204.313 35.4383 201.235 109.66 78.12 70.9497 17.218 31.5403 168.875
internal_count=3161 3097 3037 1003 647 599 328 116 271 199 101 356 303 206 128 84 97 212 98 143 2034 1026 217 1008 534 375 340 115 159 809
is_linear=0
shrinkage=0.05


Tree=152
num_leaves=31
num_cat=0
split_feature=19 4 19 4 14 19 14 1 1 7 0 19 1 19 1 6 3 14 0 1 14 14 8 6 6 0 6 1 7 4
split_gain=2.58149 2.36352 1.74246 3.44007 3.32243 3.24805 2.68604 2.74364 4.17147 3.21792 2.69561 3.92467 2.67778 2.63211 2.98477 2.86357 4.00683 3.95189 2.65043 2.35201 2.09458 4.58498 2.00912 1.94611 4.60544 3.06049 3.37797 2.98692 2.3022 2.78481
threshold=0.91340100000000013 -0.092567999999999998 1.8406630000000002 0.42720950000000008 0.058814000000000012 1.7726575000000002 0.046869000000000008 0.050011500000000007 0.041683500000000005 0.80347600000000019 2.9933320000000001 1.6334060000000001 0.045461500000000009 1.4608605000000001 0.014736000000000001 0.047215500000000007 0.041983500000000007 0.014590500000000001 2.0781580000000006 0.0010515000000000001 0.021462000000000005 0.024997500000000002 57.796205500000006 0.052064000000000006 0.058258000000000011 1.6791820000000002 0.032619000000000002 0.010104000000000002 0.94405300000000014 0.078481000000000009
decision_type=2 2 2 2 2 2 2 2 2 2 2 2 2 2 2 2 2 2 2 2 2 2 2 2 2 2 2 2 2 2
left_child=-1 -2 3 4 5 6 7 8 10 -9 13 22 -10 14 19 17 -17 -16 -15 -3 -19 -22 -12 25 -25 -4 27 -27 29 -28
right_child=1 2 23 -5 -6 -7 -8 9 12 -11 11 -13 -14 18 15 16 -18 20 -20 -21 21 -23 -24 24 -26 26 28 -29 -30 -31
leaf_value=-0.014770167494069397 -0.020400463408748234 0.0017875942504740124 -0.033463372710685987 0.030875904718573557 -0.023177160127929763 0.025968042440622577 0.03054864037017746 0.011693211958484096 0.043253989873128895 -0.022694444056440829 -0.019009090233310461 -0.04204352879002566 0.0097947915731643187 0.0014792734606801161 -0.02135755358034077 0.01101262199924913 -0.031525120812951682 0.028307223752814654 0.030026385657652269 -0.03115509948704754 -0.021859867880298915 0.029071236202258877 0.013341141154173453 0.023971327602388799 -0.0013397587408694371 0.037644864869571457 -0.014340921500975979 -0.0012684622139072415 -0.023764526585701468 0.0076349227792064552
leaf_weight=29.912128146737814 13.475553169846533 9.6518214084208029 10.004883553832768 11.247309722006319 11.896964598447083 15.575746044516562 8.1181751973927003 9.7860967107117158 9.5929826349020022 22.318862682208419 8.7010482847690636 8.4190101176500303 15.876077786087988 16.094355352222919 7.6893013864755622 11.005076050758364 11.139525301754473 21.561833947896957 16.432308323681355 12.352795660495756 8.3445676416158694 9.3928823024034482 10.703333511948584 19.974798180162907 179.21305706072599 7.895346067845824 31.141277834773064 13.135959006845949 20.211052000522614 26.841585319489241
leaf_count=166 75 52 57 55 89 73 40 47 45 106 42 40 76 79 40 51 55 99 76 70 40 44 49 93 961 41 159 70 103 133
internal_value=-0.000447583 0.000293891 0.000788059 0.00383823 0.00259524 0.00391256 0.00233078 0.00123504 0.00367481 -0.0122125 0.000527071 -0.0135343 0.0223973 0.00369075 -0.000667085 0.00443785 -0.0103854 0.0114237 0.0159011 -0.0167055 0.0178377 0.00511074 -0.00116491 -0.00174272 0.00119847 -0.00710617 -0.00444857 0.01334 -0.00923304 -0.0041678
internal_weight=607.706 577.794 564.318 255.9 244.653 232.756 217.18 209.062 176.957 32.105 151.488 27.8234 25.4691 123.664 91.1378 69.1332 22.1446 46.9886 32.5267 22.0046 39.2993 17.7374 19.4044 308.418 199.188 109.23 99.2252 21.0313 78.1939 57.9829
internal_count=3126 2960 2885 1268 1213 1124 1051 1011 858 153 737 131 121 606 451 329 106 223 155 122 183 84 91 1617 1054 563 506 111 395 292
is_linear=0
shrinkage=0.05


Tree=153
num_leaves=31
num_cat=0
split_feature=5 5 2 8 8 9 14 9 8 11 12 19 5 14 3 3 1 11 6 9 14 5 3 14 1 11 3 11 2 19
split_gain=1.83817 2.13183 3.76742 4.56324 2.64535 1.59928 3.88854 2.77078 2.49262 5.20861 4.78205 3.87618 4.64601 3.73773 3.76758 3.69751 2.44565 2.1919 2.18736 2.38543 2.18354 2.83881 2.49364 2.4712 2.19436 2.11017 3.36374 2.4043 2.70488 3.24928
threshold=0.020271500000000005 0.024605500000000002 0.056788500000000006 66.666666500000019 55.588892000000008 0.028864000000000004 0.032200000000000006 0.13200750000000003 60.339212000000011 0.23413450000000002 0.12372800000000002 1.2099550000000001 0.037153500000000013 0.023890000000000005 0.077891000000000016 0.11543400000000002 0.015495500000000002 0.87339750000000016 0.16857650000000002 0.049791500000000009 0.05056900000000001 0.061808500000000009 0.056891500000000005 0.061122000000000003 0.040270500000000008 0.68502000000000007 0.043992500000000011 0.08308550000000002 -0.012108999999999998 1.7585160000000004
decision_type=2 2 2 2 2 2 2 2 2 2 2 2 2 2 2 2 2 2 2 2 2 2 2 2 2 2 2 2 2 2
left_child=-1 2 3 4 -2 6 -3 8 9 16 15 -11 -13 -14 -15 -10 -7 25 19 -12 22 -22 -8 -23 -24 27 -27 -9 -29 -30
right_child=1 5 -4 -5 -6 7 20 17 10 11 18 12 13 14 -16 -17 -18 -19 -20 -21 21 23 24 -25 -26 26 -28 28 29 -31
leaf_value=-0.017382094729351 0.024990541677964277 -0.011556633412188403 -0.014488620330817124 0.04805434744208139 -0.012648589169055376 -0.0075625964224398934 0.035052034436037813 -0.018235409579247987 0.011739073423613336 0.0082548069077195887 0.0036647239915723177 -0.046325793907856627 0.024440060043175449 -0.047860448396374766 0.005386257913686898 0.041462099609076923 0.028932759942552885 0.0096772207481031491 0.017357675021727605 -0.023409962372461214 -0.032725136051151807 0.029869229521042168 -0.015912305282699303 -0.016679046913995656 0.01130220383452946 -0.035466738501209905 -0.0034301349574713813 -0.023905998126613211 -0.0055336813848791532 0.01312950756141463
leaf_weight=14.947560861706732 9.4011341333389336 89.238210150972009 10.159944370388983 10.073997139930723 9.2723047956824285 6.5751163624227074 8.2017106711864454 20.0755635201931 81.072942268103361 16.297205172479153 15.241654872894285 11.969936795532705 6.4349807612597969 6.8347985949367267 6.4640724714845419 12.013619713485239 15.208372071385382 28.330390449613333 8.7518531866371614 17.449035841971636 8.0127961114048976 5.584726404398678 9.7107474580407125 5.8254943918436766 31.223541751503944 13.818544052541254 20.128208935260773 10.104512542486189 49.132897581905127 44.393195115029812
leaf_count=78 45 439 47 49 44 40 43 110 386 85 77 61 32 42 39 58 70 153 44 98 40 28 49 54 148 88 119 59 248 221
internal_value=-6.73198e-05 0.000373588 0.011683 0.0209326 0.00630081 -0.000429227 -0.00467692 0.00128812 0.00530752 -0.0023604 0.00928511 -0.0115626 -0.0217496 -0.00684246 -0.0219793 0.0155751 0.017917 -0.00312744 -0.00484316 -0.0107867 0.00427791 -0.00991463 0.00988809 0.00610398 0.00484617 -0.00542845 -0.0164711 -0.00239818 0.000669846 0.00332501
internal_weight=601.949 587.002 38.9074 28.7474 18.6734 548.094 157.797 390.297 204.314 69.7845 134.529 48.001 31.7038 19.7339 13.2989 93.0866 21.7835 185.983 41.4425 32.6907 68.559 19.423 49.136 11.4102 40.9343 157.653 33.9468 123.706 103.631 93.5261
internal_count=3094 3016 185 138 89 2831 801 2030 1032 369 663 259 174 113 81 444 110 998 219 175 362 122 240 82 197 845 207 638 528 469
is_linear=0
shrinkage=0.05


Tree=154
num_leaves=31
num_cat=0
split_feature=2 6 6 2 5 4 3 3 18 15 11 7 7 0 14 1 5 1 3 6 6 6 4 5 11 7 11 8 8 8
split_gain=1.69691 2.7917 4.06772 2.70677 2.59153 1.90581 3.25853 5.25698 3.05249 2.99852 2.69146 2.18394 3.43924 4.94639 2.67951 4.35502 2.75816 1.92385 2.48361 3.29439 2.44601 4.19147 1.79066 1.63683 1.58254 2.55418 2.67298 2.82789 2.43887 1.94768
threshold=0.18641600000000003 0.15162200000000001 0.1737255 0.16892800000000002 0.048665000000000007 0.13272300000000001 0.013382000000000003 0.031866500000000006 0.90000000000000013 2.5000000000000004 0.79873400000000017 0.62929250000000014 0.56994600000000006 2.5938610000000004 0.024340000000000004 0.032275500000000006 0.033067000000000006 0.037235000000000011 0.14432250000000002 0.062081000000000004 0.089618000000000017 0.10640650000000001 0.35391500000000004 0.046550000000000008 0.88534550000000012 0.96182950000000011 0.94935900000000006 70.588581000000019 33.480826000000008 57.217397500000011
decision_type=2 2 2 2 2 2 2 2 2 2 2 2 2 2 2 2 2 2 2 2 2 2 2 2 2 2 2 2 2 2
left_child=3 4 -3 5 -2 8 10 -8 24 -10 -7 12 13 -9 15 -13 -16 23 19 -19 -21 -22 -20 -18 28 26 -26 -28 -1 -30
right_child=1 2 -4 -5 -6 6 7 11 9 -11 -12 14 -14 -15 16 -17 17 18 22 20 21 -23 -24 -25 25 -27 27 -29 29 -31
leaf_value=0.021008448781427991 0.00015465624006226499 0.018735526223734957 -0.025478192851678835 0.029620383013107987 -0.038099119231572401 0.0020141092874184532 -0.03580004106242226 0.034078160405129287 -0.041622866353839959 -0.00047436643170804317 0.0415946207033802 0.043224737925583512 0.03524638323680046 -0.017580123227151224 -0.036881581502080658 -0.0053487132885381324 -0.029563950227415117 0.036639612366248422 -0.02063261966353503 -0.012890329799686261 0.041294697381712125 -0.0047414579272635022 0.0078269255280250579 -0.0012058625181235402 -0.042484390339614105 0.011595771603488705 -0.023815286228090295 0.013252663707694942 -0.0046897271539800226 0.0033946669616612699
leaf_weight=14.190487705171106 7.1024846285581615 14.107358239591123 8.2409231998026353 8.1368803158402425 11.754843197762964 7.3173175565898445 8.4241118598729354 7.598122954368594 9.1370147150009888 8.5891074910759908 10.398689061403273 9.200859948992731 13.733181193470953 11.878061160445212 5.3403249233961096 9.2576307505369169 8.7597535848617571 9.9216631911694986 13.547671068459751 13.224063556641338 8.5772088840603846 11.673605930060146 9.3359281867742521 12.141429241746662 7.8112851381301907 10.208385376259683 12.254976037889721 8.8688024114817363 134.2066038325429 167.46485569141805
leaf_count=81 36 78 45 44 67 41 45 37 51 44 53 41 66 66 24 42 42 47 70 62 41 58 46 68 42 56 74 47 736 817
internal_value=0.000264263 -0.00952312 0.00243173 0.000995932 -0.0236911 0.000567042 0.0049487 0.00259245 -0.00143527 -0.0216846 0.0252465 0.00483549 0.0160845 0.002573 0.00146936 0.0188633 -0.00200082 0.000135815 0.00430679 0.0113352 0.00383514 0.0147571 -0.00902185 -0.0130908 -0.000424188 -0.00990725 -0.0174936 -0.00825234 0.000751009 -0.000201892
internal_weight=592.404 41.2056 22.3483 551.198 18.8573 543.061 170.33 152.614 372.732 17.7261 17.716 144.19 33.2094 19.4762 110.98 18.4585 92.5216 87.1813 66.2801 43.3965 33.4749 20.2508 22.8836 20.9012 355.005 39.1434 28.9351 21.1238 315.862 301.671
internal_count=3067 226 123 2841 103 2797 849 755 1948 95 94 710 169 103 541 83 458 434 324 208 161 99 116 110 1853 219 163 121 1634 1553
is_linear=0
shrinkage=0.05


Tree=155
num_leaves=31
num_cat=0
split_feature=2 1 1 8 15 8 1 1 9 8 19 14 0 2 2 9 12 0 0 8 19 9 13 9 8 4 13 1 4 14
split_gain=1.60845 2.31403 3.17798 2.66962 5.16768 3.44865 3.13346 2.99394 2.1595 2.12752 2.35762 2.73205 1.64755 3.89238 2.18817 2.697 4.95225 3.96228 4.28668 5.81823 3.38573 2.0162 1.79239 3.35729 2.64954 3.7003 3.04726 3.67975 2.98106 3.14396
threshold=0.24862100000000001 0.062261500000000004 0.057983000000000007 67.95566700000002 2.5000000000000004 72.424845500000018 0.10003300000000002 0.090918000000000013 0.028864000000000004 59.242620500000008 1.2904395000000002 0.043154000000000005 1.4178870000000001 0.014714000000000001 0.079214000000000021 0.025731500000000004 0.14810000000000004 2.0904810000000005 3.0456640000000004 65.389205000000018 2.2842110000000004 0.04105000000000001 0.19771650000000004 0.026612500000000004 71.77468300000001 0.17970900000000004 0.12612800000000005 0.013365500000000001 0.15746350000000003 0.03727550000000001
decision_type=2 2 2 2 2 2 2 2 2 2 2 2 2 2 2 2 2 2 2 2 2 2 2 2 2 2 2 2 2 2
left_child=1 2 12 9 6 -6 8 -7 -5 10 -3 -12 13 -1 22 16 20 -17 -19 -20 -16 -15 24 -24 28 26 27 -26 29 -14
right_child=-2 3 -4 4 5 7 -8 -9 -10 -11 11 -13 14 21 15 17 -18 18 19 -21 -22 -23 23 -25 25 -27 -28 -29 -30 -31
leaf_value=-0.037497523744353271 0.014163785432090402 -0.03023592200968624 0.024228657136157614 -0.018690194722454697 0.044094321722896554 -0.012631523583360758 -0.032340405063245446 0.026359990781447434 0.0092542748692377129 -0.02718979048355712 0.025736026379843204 -0.016137836669189134 0.00055175029500823816 -0.016330682104634033 -0.0356124009123392 0.011634026448790051 0.035883087354125216 -0.052936750636695111 0.025240414452541778 -0.02629428225267734 0.010032787422065771 0.019173243224005751 -0.029532641030001472 0.010234126427664162 -0.016282341299693207 0.03370300728865732 -0.018371836215013076 0.018844756152004628 -0.01903676213603863 0.019610612722049284
leaf_weight=9.5652392860502022 18.60206812992692 6.7484655305743244 14.032447405159472 12.124284252524378 7.7441316731274155 11.028729900717737 13.108968779444693 8.8928316831588727 16.086454153060913 23.104104120284319 7.9201780632138234 7.6652324385941029 217.16818150877953 7.429478436708453 7.2973971515893998 11.477105289697645 9.0259237289428693 8.5899084284901601 7.4662129357457188 20.555117934942245 9.1647614073008281 8.6594401113688928 11.743345467373731 9.6844014767557365 9.4075651783496124 15.291317820549009 10.469951543956993 35.928940370678902 17.298983154818416 24.032928600907326
leaf_count=62 95 41 69 54 39 51 69 45 78 122 37 54 1097 37 34 58 42 46 39 113 47 44 60 56 54 71 54 169 91 148
internal_value=-0.000308035 -0.000773216 0.000796374 -0.00714204 -0.000943802 0.0157805 -0.0121416 0.00477399 -0.00275557 -0.0165524 -0.00554818 0.00514158 6.60954e-05 -0.0122386 0.000809538 -0.00703052 0.00611848 -0.0139998 -0.0220357 -0.012563 -0.010201 0.00277838 0.00245285 -0.0115598 0.00336383 0.0119119 0.00594094 0.0115557 0.00101279 0.00245075
internal_weight=597.314 578.712 464.289 114.423 68.9854 27.6657 41.3197 19.9216 28.2107 45.438 22.3339 15.5854 450.256 25.6542 424.602 73.5764 25.4881 48.0883 36.6112 28.0213 16.4622 16.0889 351.026 21.4277 329.598 71.0978 55.8065 45.3365 258.5 241.201
internal_count=3076 2981 2391 590 336 135 201 96 132 254 132 91 2322 143 2179 379 123 256 198 152 81 81 1800 116 1684 348 277 223 1336 1245
is_linear=0
shrinkage=0.05


Tree=156
num_leaves=31
num_cat=0
split_feature=3 19 7 11 19 11 12 3 18 14 14 14 13 1 7 1 1 11 7 2 19 9 1 9 14 2 11 19 19 13
split_gain=1.76335 1.92646 1.37585 2.77521 2.33446 3.13276 2.06015 2.48992 4.19018 2.29542 3.01058 2.86943 3.16342 2.47748 1.92774 3.21502 4.26942 2.43469 2.03881 1.74214 1.81343 1.85145 4.33708 1.96369 1.64891 3.56637 4.31797 2.72926 3.12333 2.68497
threshold=-0.039647499999999995 1.6531425000000002 0.96632750000000012 0.049590000000000009 0.9500455000000001 0.91836350000000011 0.14544100000000001 0.12175300000000001 0.70000000000000007 0.016370000000000006 0.021176000000000004 0.031596500000000007 0.056882000000000009 0.05537050000000001 0.91853550000000006 0.037668000000000007 0.068925000000000014 0.71201900000000007 0.90976950000000012 0.24862100000000001 8.1737670000000016 0.0061255000000000007 0.029107000000000004 0.011191000000000001 0.038727500000000005 0.013989000000000001 0.77459700000000009 1.6782770000000002 2.1656360000000006 0.16121750000000004
decision_type=2 2 2 2 2 2 2 2 2 2 2 2 2 2 2 2 2 2 2 2 2 2 2 2 2 2 2 2 2 2
left_child=1 -1 14 -4 -5 6 7 8 9 -6 -11 12 -12 -13 18 17 -17 -16 19 20 21 22 -2 -23 29 -26 -27 -28 -29 -25
right_child=2 -3 3 4 5 -7 -8 -9 -10 10 11 13 -14 -15 15 16 -18 -19 -20 -21 -22 23 -24 24 25 26 27 28 -30 -31
leaf_value=0.0037042519601364135 -0.0081627621675076489 -0.033135549635840082 -0.019079825545660293 -0.018617822197784933 0.032637648255280947 -0.0028868091172788699 0.035650552575090089 -0.01001986242906904 0.042160524994984377 -0.020594555518573941 0.0025618126982859517 -0.027907913487027359 0.046170528705773851 0.015997487289250486 -0.042699325044382008 0.019434535179415572 -0.023637649440284 -0.0051514129345277904 0.024381885012074167 0.02256530677233802 -0.017706800152265931 -0.021174625711754748 0.033217077477712319 0.00043497746329323474 0.023288793362998057 -0.039062464845567024 0.015161192767358229 -0.045721096240424003 -0.0027431776448870325 0.014154183217494393
leaf_weight=6.6734957396984083 11.70120692998171 7.5786437056958675 9.8676741831004602 7.4528031274676314 8.778371421620248 32.395902954041958 10.969962336122988 10.567764956504105 12.421725507825611 9.2352990955114347 7.812185248360044 6.3375228028744441 8.8921808730810863 6.517072981223464 9.6958153396844882 14.392453493550422 9.5846693031489831 7.7827416565269223 9.626822102814911 9.2296518012881261 13.092028405517338 10.353345546871422 13.800726160407065 245.0567985586822 8.1582587584853155 11.514887958765028 12.308881314471362 5.7984375935047892 15.601740418002008 41.737281512469053
leaf_count=40 59 54 58 41 52 164 63 57 58 45 43 45 44 36 51 69 49 42 47 50 78 51 64 1219 45 66 72 35 92 194
internal_value=0.00148987 -0.0158855 0.00191633 0.00642006 0.00849308 0.0102666 0.0154929 0.0123591 0.0163011 0.00954894 0.00432443 0.01211 0.0257759 -0.00564858 0.000601108 -0.00967166 0.00221676 -0.0259802 0.00164495 0.00109547 0.000586227 0.00122312 0.0142305 0.000276802 0.000929681 -0.00713901 -0.0126281 -0.0035982 -0.0143882 0.00243154
internal_weight=594.936 14.2521 580.684 131.248 121.381 113.928 81.5321 70.5621 59.9944 47.5726 38.7943 29.559 16.7044 12.8546 449.436 41.4557 23.9771 17.4786 407.98 398.353 389.124 376.032 25.5019 350.53 340.176 53.3822 45.2239 33.7091 21.4002 286.794
internal_count=3083 94 2989 706 648 607 443 380 323 265 213 168 87 81 2283 211 118 93 2072 2025 1975 1897 123 1774 1723 310 265 199 127 1413
is_linear=0
shrinkage=0.05


Tree=157
num_leaves=31
num_cat=0
split_feature=3 14 3 7 11 3 3 8 8 14 14 5 13 13 4 11 13 9 5 13 11 18 11 9 8 14 11 7 12 9
split_gain=1.53757 1.41861 2.92265 3.68837 2.49482 2.84183 3.51253 1.79462 2.3054 1.95507 3.4561 3.22692 3.10079 5.0154 3.10996 6.25409 2.27696 2.1875 2.18519 2.03817 2.02696 3.60157 3.28627 4.51607 2.16392 1.96964 1.90226 1.88387 1.8836 1.6617
threshold=-0.039647499999999995 0.0598985 0.05924200000000001 0.85335400000000006 0.97467950000000003 0.12067050000000001 0.20028650000000003 89.305802500000013 86.560893000000007 0.051168500000000006 0.044501500000000006 0.059898500000000007 0.25167200000000006 0.20471050000000005 0.19929550000000004 0.96151300000000017 0.19247900000000004 0.013512500000000002 0.066223000000000018 -0.05555199999999999 0.88534550000000012 0.70000000000000007 0.95445200000000008 0.04105000000000001 40.11801950000001 0.031915000000000006 0.97467950000000003 0.70041450000000005 0.18940400000000004 0.059193000000000003
decision_type=2 2 2 2 2 2 2 2 2 2 2 2 2 2 2 2 2 2 2 2 2 2 2 2 2 2 2 2 2 2
left_child=-1 7 3 -3 5 -4 -7 8 9 10 12 29 13 14 18 25 -11 -14 19 -2 24 22 -22 -24 27 -16 -15 -21 -9 -12
right_child=1 2 4 -5 -6 6 -8 28 -10 16 11 -13 17 26 15 -17 -18 -19 -20 20 21 -23 23 -25 -26 -27 -28 -29 -30 -31
leaf_value=-0.017292683828950807 -0.021309666154942526 -0.057066316381732742 0.036536921893764347 0.0022389215580935636 -0.020616658268504125 -0.030490650149716764 0.018533174064246091 0.03463911268988789 -0.021676311878343176 0.036277443154871414 0.012157409859627565 -0.040203241473602269 0.039166637795091497 -0.010885053951893021 -0.018869563563750094 0.045832832615599339 0.0024177503983720777 0.0045876312348829976 0.025148476209961624 0.038257014613141752 -0.043144559750123886 0.0070176816486730064 -0.036055770397156434 0.011390386706204458 0.00092665726746616077 0.014812043224949082 -0.040684455339251295 0.0035712235342791436 0.0013569709665154309 -0.020927726756920104
leaf_weight=13.030212715268133 11.14430223405361 6.0478040017187578 6.4414003118872669 4.6279721446335316 10.892163770273326 6.5757254641503087 8.2228085696697217 7.8864001501351622 11.727798476815222 8.1947801373899001 8.0110125467181224 9.8867108384147269 8.8239101767539996 13.309292986989021 8.4931775666773337 11.537922248244287 12.598180264234541 9.4953025057911855 8.6674510911107046 7.4148857891559592 10.07746894657612 21.2946522757411 8.5781724303960818 12.075260870158671 312.87817069888115 8.8773835301399213 8.9612860754132271 8.292525112628935 9.2225451990962011 7.2114795371890059
leaf_count=88 55 55 41 43 77 42 48 40 57 42 40 55 41 63 41 54 65 45 66 35 53 105 44 58 1540 41 44 47 44 42
internal_value=-0.00030446 7.23436e-05 -0.00869183 -0.0313574 -0.00116128 0.00881573 -0.00325055 0.000761169 0.000244309 0.000742698 0.000111824 -0.0179617 0.00107754 0.000259513 0.0014596 0.0172975 0.0157623 0.0212435 0.000316188 -0.000233218 0.000383901 -0.00878606 -0.0197371 -0.00831584 0.0018358 -0.00165627 -0.0228758 0.0199451 0.0166984 -0.00351629
internal_weight=600.498 587.468 42.8079 10.6758 32.1321 21.2399 14.7985 544.66 527.551 515.823 495.03 25.1092 469.921 451.602 429.331 28.9085 20.793 18.3192 400.423 391.755 380.611 52.0256 30.7309 20.6534 328.586 17.3706 22.2706 15.7074 17.1089 15.2225
internal_count=3111 3023 306 98 208 131 90 2717 2633 2576 2469 137 2332 2246 2139 136 107 86 2003 1937 1882 260 155 102 1622 82 107 82 84 82
is_linear=0
shrinkage=0.05


Tree=158
num_leaves=31
num_cat=0
split_feature=19 14 14 6 1 13 19 5 5 5 0 14 1 0 14 6 19 14 3 3 19 0 1 8 8 8 1 2 0 1
split_gain=1.84139 4.26805 3.55272 4.42739 4.13307 6.73074 2.41387 2.33799 2.25956 7.21351 2.70248 2.33852 2.11957 3.31925 2.00513 4.15509 1.79365 1.71028 1.68553 4.36643 2.55512 3.1668 1.85258 4.91815 4.01604 5.50181 4.42408 6.64888 4.01597 3.49926
threshold=1.4608605000000001 0.011138500000000001 0.014137500000000002 0.041710500000000005 0.014934500000000002 0.023453500000000006 1.4862210000000002 0.039915500000000007 0.051077000000000004 0.059898500000000007 2.4622405000000005 0.022487000000000004 0.025997000000000003 1.7837515000000004 0.020642500000000005 0.062081000000000004 1.0957755000000002 0.028069500000000001 0.024061000000000003 0.0037120000000000005 1.6531425000000002 3.2541435000000001 0.023225500000000003 58.219704000000007 58.832986500000011 60.549889000000007 0.031528000000000007 0.055507500000000008 2.4803130000000002 0.019687000000000007
decision_type=2 2 2 2 2 2 2 2 2 2 2 2 2 2 2 2 2 2 2 2 2 2 2 2 2 2 2 2 2 2
left_child=2 -2 -1 4 5 -4 -3 12 10 -10 14 -12 13 -6 -5 17 -11 -16 19 20 -8 -22 23 -20 -24 -26 27 -27 -28 -25
right_child=1 6 3 8 7 -7 18 -9 9 16 11 -13 -14 -15 15 -17 -18 -19 22 -21 21 -23 24 29 25 26 28 -29 -30 -31
leaf_value=-0.025585256992046074 0.037177977314687409 0.029980149808714291 0.02041209191853469 -0.036200804535443332 0.032826628304657296 -0.046605315410045596 0.02991601239824206 -0.0043233840931090157 0.030307599010028066 -0.00064366494037272843 0.021233234365290319 -0.012241795343392816 0.040194848878061462 -0.008617409128813527 0.008762142941465394 -0.036910948637545564 -0.026819027744875108 -0.018626606359574836 -0.013756095279976899 -0.022227503685830444 -0.018100839035062776 0.013347379171711832 0.014271716091611692 0.010324278323642144 -0.041717773022377579 0.0056099565975868603 -0.017413706785999485 -0.042071929650542739 0.0054479193355158207 0.040307075797631785
leaf_weight=16.233824238181114 8.8115354124456626 7.5718188472092143 7.7030297219753248 12.33244117349386 10.74593495577574 7.2941821329295635 7.8687075376510611 8.865878673270343 14.833888240158556 13.507490839809181 9.3883538246154803 11.742825545370577 13.09573359787464 8.7774150520563108 15.762141086161138 12.09702695161104 12.69659107737243 8.9285296648740751 17.795609605498612 25.104129867628217 15.521568707190452 16.530779574066401 45.703339647501707 51.571458056569099 8.4023568928241712 14.498924948275091 21.96916663274169 14.747532688081263 152.92409374751151 11.994655210524796
leaf_count=94 57 36 40 64 51 43 39 52 71 79 42 57 59 42 77 60 75 46 107 132 96 99 235 280 43 69 104 77 743 59
internal_value=0.000922093 0.00274567 -0.00325036 -0.0010892 0.0103121 -0.0121831 0.00200962 0.0184444 -0.00687567 0.00244591 -0.012321 0.0026308 0.0246327 0.014194 -0.0187531 -0.0129041 -0.0133263 -0.00114205 0.00148621 -0.00588868 0.00438589 -0.00188164 0.00289829 0.00947755 0.000825463 -0.00206591 -0.000433847 -0.0184336 0.00257616 0.0159819
internal_weight=605.021 421.016 184.005 167.771 56.4822 14.9972 412.204 41.485 111.289 41.038 70.2513 21.1312 32.6191 19.5234 49.1201 36.7877 26.2041 24.6907 404.632 65.0252 39.9211 32.0523 339.607 81.3617 258.245 212.542 204.14 29.2465 174.893 63.5661
internal_count=3128 2176 952 858 287 83 2119 204 571 225 346 99 152 93 247 183 154 123 2083 366 234 195 1717 446 1271 1036 993 146 847 339
is_linear=0
shrinkage=0.05


Tree=159
num_leaves=31
num_cat=0
split_feature=8 14 4 12 4 8 13 9 13 4 0 19 8 0 0 12 14 0 13 9 4 1 19 0 13 14 2 2 14 0
split_gain=2.72139 3.75785 3.47711 4.78305 1.57151 3.80707 3.60446 3.42235 4.42458 3.03678 2.90406 3.43371 3.45637 2.7411 2.66588 4.39024 4.63085 4.15048 2.63276 2.16086 2.02167 1.97814 2.83243 3.37252 2.56755 2.25654 3.49463 2.25535 3.8442 2.61371
threshold=85.595124500000011 0.022826500000000003 0.46226850000000003 0.19605850000000002 0.23925600000000002 79.066996500000016 0.12537600000000002 0.055446000000000009 0.23330300000000001 0.087555000000000008 8.2899515000000026 1.582651 79.661742000000018 1.9502845000000002 10.585051000000002 0.12627600000000003 0.038727500000000005 21.579681000000004 0.19247900000000004 0.049791500000000009 0.16748250000000003 1.0000000180025095e-35 3.3334640000000006 1.8717425000000001 0.018164000000000003 0.013568500000000002 0.021109500000000003 0.098268500000000022 0.030260500000000003 3.560076
decision_type=2 2 2 2 2 2 2 2 2 2 2 2 2 2 2 2 2 2 2 2 2 2 2 2 2 2 2 2 2 2
left_child=4 -2 3 -3 5 14 9 10 -9 -7 11 13 -13 -6 15 18 -17 19 21 -16 -8 22 23 -1 -25 26 -23 -27 -29 -30
right_child=1 2 -4 -5 7 6 20 8 -10 -11 -12 12 -14 -15 17 16 -18 -19 -20 -21 -22 25 -24 24 -26 27 -28 28 29 -31
leaf_value=-0.026681753452481874 0.039287564768772043 0.009561179021131086 0.025193150961849223 -0.039089891338026539 -0.010523342024624521 -0.025457948458405624 -0.016303047023491609 0.037939918981876479 -0.0015928737210270036 0.015461938877159038 0.021473133752017908 -0.036674178412911422 0.0018763031568301679 0.027765453930419251 -0.050878447480881918 0.046160754195608542 -0.0045191890607340548 0.0066089352710175702 -0.030197323640109283 -0.016323421874881752 -0.048897318983488453 0.008120466164626779 -0.039107610139226437 -0.012506904729950972 0.027329368692613615 0.0023483448800941205 -0.032133531144532865 -0.030959548342605517 -0.02122070013635036 0.017216275408211908
leaf_weight=10.778726287186148 9.2382207140326482 13.484516682103278 11.694780409336088 8.0786153227090818 10.041633412241938 8.1292762160301226 8.9397749006748217 14.322087496519091 13.992853514850138 10.25197511166334 9.7612516637891513 14.476809095591308 9.717002831399439 8.7452571839094144 7.8419968970120015 9.9663814008235949 8.2291635200381261 12.202423591166733 8.0435899160802347 10.69365246593952 10.168769620358942 9.1732729673385638 7.8333086948841801 7.3716424107551601 8.9626927413046342 288.66853036917746 13.07888302952051 14.318718783557413 6.9350756034255054 12.209133192896841
leaf_count=66 42 77 57 42 48 42 43 72 81 52 53 72 46 40 49 46 57 73 43 61 52 50 65 41 47 1441 71 71 41 59
internal_value=-0.00111799 0.0110766 0.00324025 -0.00866592 -0.00205197 -0.00315259 -0.0184426 0.00438144 0.0184034 -0.00263525 -0.00314634 -0.00873761 -0.0211911 0.00730001 -0.00183879 -0.000762819 0.0232401 -0.0160355 -0.00189027 -0.0309428 -0.0336484 -0.00129003 -0.0126247 -0.00497351 0.00935136 -0.00013984 -0.0155391 0.000923911 -0.011364 0.00329231
internal_weight=597.35 42.4961 33.2579 21.5631 554.854 473.797 37.4898 81.0569 28.3149 18.3813 52.742 42.9807 24.1938 18.7869 436.307 405.569 18.1955 30.7381 387.374 18.5356 19.1085 379.33 34.9464 27.1131 16.3343 344.384 22.2522 322.131 33.4629 19.1442
internal_count=3100 218 176 119 2882 2470 189 412 153 94 259 206 118 88 2281 2098 103 183 1995 110 95 1952 219 154 88 1733 121 1612 171 100
is_linear=0
shrinkage=0.05


Tree=160
num_leaves=31
num_cat=0
split_feature=12 14 14 12 2 8 3 8 8 19 2 8 8 9 12 4 14 2 4 4 14 5 9 12 12 19 4 9 1 9
split_gain=2.13718 3.48347 6.99293 3.83771 3.07187 4.50481 3.19143 2.79681 2.4667 2.36416 2.27114 2.67609 2.21168 1.92701 1.78707 1.66836 2.58452 1.89139 2.2346 3.41043 1.85212 4.21815 2.14622 5.10296 2.64852 2.34314 2.23251 2.13966 1.92005 1.72852
threshold=0.11063650000000001 0.042034000000000009 0.03727550000000001 0.13539050000000002 0.19107000000000005 78.149704500000027 0.066958000000000004 86.310349500000015 84.763288000000017 7.1669980000000004 0.098268500000000022 72.424845500000018 74.447983000000008 0.013512500000000002 0.15841250000000004 0.23925600000000002 0.045017500000000009 0.084844500000000017 0.15354600000000004 0.032817000000000006 0.036376500000000006 0.050206000000000008 0.0099475000000000032 0.080345500000000014 0.086895500000000014 2.0459230000000006 0.056752000000000004 0.044664500000000003 0.025997000000000003 0.058112000000000004
decision_type=2 2 2 2 2 2 2 2 2 2 2 2 2 2 2 2 2 2 2 2 2 2 2 2 2 2 2 2 2 2
left_child=8 2 3 12 6 -6 -3 13 15 -7 -8 -12 -2 -5 -4 16 20 18 19 -18 22 -22 23 25 29 28 -27 -26 -1 -24
right_child=1 4 14 7 5 9 10 -9 -10 -11 11 -13 -14 -15 -16 -17 17 -19 -20 -21 21 -23 24 -25 27 26 -28 -29 -30 -31
leaf_value=-0.0056556024123733013 -0.03584003166313645 -0.020709521566636632 -0.054920502288661216 0.031141626489231057 -0.030486874498949837 -0.0086643273756688219 0.0043231601978998288 -0.016009419621431164 0.029211319982092584 0.028913371099310328 0.0088557743752109928 0.047305485894170288 -0.006912376832966827 0.0040940277933904168 -0.023515522009080549 0.019729074699805099 -0.02556180090001477 -0.035266889339175267 -0.032826469183805503 0.018873897012454781 -0.016452503477827896 0.027214086894742091 -0.0051976411315253317 -0.042502254815262805 0.034122243460696783 -0.032252521638839286 0.0052849523791542851 0.0056467523575388159 0.025895249590794891 0.0038428385910806669
leaf_weight=8.8409989606589097 10.117253281176092 5.7556506637483826 8.6630572602152842 11.465819515287878 12.619872357696297 8.8809443861246127 13.782623378559945 9.4481366723775846 8.5675568915903551 7.9167764112353316 7.8168981745839146 10.747085981070994 19.046647384762764 15.470040850341318 9.494427412748335 13.066245749592779 6.7818151814863183 6.9362421911209813 5.788804465904831 11.885784468613563 7.6399383917450931 20.030195869505405 68.244158376008272 8.8695937991142255 11.811464525759222 8.2981511522084457 7.5784365609288207 14.942748241126536 10.607604295015333 234.73654146492481
leaf_count=44 48 45 44 53 70 48 79 43 45 42 48 55 90 74 45 68 55 47 40 77 40 104 345 42 57 51 40 71 48 1183
internal_value=0.000923869 -0.00422512 -0.0110407 -0.00343444 0.00422426 -0.0079132 0.0135952 0.0073972 0.00263661 0.00904607 0.0196993 0.0311151 -0.0169477 0.0156074 -0.038499 0.00212618 0.00159499 -0.0122217 -0.00568564 0.0027307 0.00267502 0.0151574 0.00175135 -0.00859552 0.00313815 -8.20728e-05 -0.0143346 0.0182181 0.0115528 0.00180654
internal_weight=605.852 151.225 83.7054 65.5479 67.5199 29.4176 38.1023 36.384 454.626 16.7977 32.3466 18.564 29.1639 26.9359 18.1575 446.059 432.992 31.3926 24.4564 18.6676 401.6 27.6701 373.93 44.1948 329.735 35.3252 15.8766 26.7542 19.4486 302.981
internal_count=3141 784 397 308 387 160 227 170 2357 90 182 103 138 127 89 2312 2244 219 172 132 2025 144 1881 225 1656 183 91 128 92 1528
is_linear=0
shrinkage=0.05


Tree=161
num_leaves=31
num_cat=0
split_feature=12 9 6 9 19 7 0 5 3 2 6 6 7 6 3 19 13 18 6 6 2 7 3 13 7 2 15 7 15 3
split_gain=1.81898 1.1871 2.27448 2.04962 1.26885 5.35459 2.17176 1.63084 1.2603 1.92672 2.36329 2.29054 6.68097 4.00229 2.8403 2.83964 2.21523 2.20085 1.96889 2.69089 4.87349 2.63364 3.89269 3.31423 2.8329 2.95203 2.83752 3.72087 3.74358 4.60209
threshold=0.35813700000000009 0.66769250000000013 0.077103000000000019 0.49961950000000005 7.692822500000001 0.84248050000000008 19.744029000000001 0.044752000000000007 0.28676850000000004 0.18148700000000004 0.15728400000000003 0.10179900000000001 0.75927400000000012 0.092483000000000024 0.098385000000000014 2.3911505000000006 0.30093850000000005 0.70000000000000007 0.045184500000000009 0.043294500000000007 0.042080500000000007 0.60782750000000008 0.027805500000000004 0.09451950000000002 0.62929250000000014 0.074255000000000015 1.0000000180025095e-35 0.6561880000000001 1.5000000000000002 0.043030500000000006
decision_type=2 2 2 2 2 2 2 2 2 2 2 2 2 2 2 2 2 2 2 2 2 2 2 2 2 2 2 2 2 2
left_child=1 3 -3 4 8 7 -7 -6 9 10 11 13 -13 16 -15 -14 18 -11 19 -1 -21 22 -20 -24 -23 26 -26 -28 -29 -30
right_child=-2 2 -4 -5 5 6 -8 -9 -10 17 -12 12 15 14 -16 -17 -18 -19 21 20 -22 24 23 -25 25 -27 27 28 29 -31
leaf_value=0.00012035085616820371 -0.022738881882696488 -0.033548751671761835 0.0068746027367942138 0.024504797006253101 0.0056300555366175682 0.051852297297910993 0.012184338455306309 -0.027663654478811712 0.015467977063456673 -0.034391134882895996 0.021199734451792449 0.008841638588081983 -0.016611640301175647 0.0057015642250823591 0.043716022199955039 -0.05314776456585505 0.024502788118624007 -0.00041030997114386517 -0.047445791593656902 0.041671563958115582 -0.0071230356702501043 0.022788211536036464 0.01082088360932554 -0.02356807425108725 0.0052591294567655607 0.0061144791616309351 -0.046691363914178122 -0.025938888022136654 0.010455398684834838 -0.014500918199543342
leaf_weight=167.48743237927556 9.1570153273642045 7.4548230394721013 6.5261681228876114 8.453218609094618 7.361607201397419 7.0177228562533855 6.7877669911831617 7.350927822291851 11.596622854471205 9.2008642554283142 12.123973528854547 19.735323179513216 13.373375672847034 11.70730295404792 8.4676463007926923 8.8291948549449426 8.2750195413827878 9.8835868984460831 8.1451506614685041 11.145196817815306 9.4613833501934987 10.585401400923727 12.648038409650328 15.706840582191942 32.713394235819578 54.315403662621975 7.0443788915872565 24.781670726835728 32.981088414788246 41.993735119700432
leaf_count=858 47 49 43 43 37 43 44 50 60 55 87 102 71 62 40 49 41 50 42 52 47 49 65 85 158 258 35 126 173 204
internal_value=-0.000624214 -0.000282812 -0.0146796 6.472e-05 -0.000297274 0.00998254 0.0323487 -0.0110047 -0.000837958 -0.00119433 -0.000612361 -0.0011419 -0.0123257 -0.000116616 0.0216566 -0.0311408 -0.00112117 -0.0167929 -0.00161542 0.00221805 0.0192678 -0.00460839 -0.01698 -0.00822846 -0.00239934 -0.00377488 -0.00762498 -0.0115714 -0.0090914 -0.00352275
internal_weight=602.311 593.154 13.981 579.173 570.72 28.518 13.8055 14.7125 542.202 530.605 511.521 499.397 41.9379 457.459 20.1749 22.2026 437.284 19.0845 429.009 188.094 20.6066 240.915 36.5 28.3549 204.415 193.83 139.514 106.801 99.7565 74.9748
internal_count=3125 3078 92 2986 2943 174 87 87 2769 2709 2604 2517 222 2295 102 120 2193 105 2152 957 99 1195 192 150 1003 954 696 538 503 377
is_linear=0
shrinkage=0.05


Tree=162
num_leaves=31
num_cat=0
split_feature=14 1 4 13 1 19 8 4 1 1 2 0 2 8 3 19 14 2 4 9 2 3 1 13 0 13 9 14 1 19
split_gain=1.80103 3.06634 2.08905 2.51606 5.06007 1.84098 1.82942 1.80881 1.46993 3.97415 2.83264 5.39939 5.95419 2.40004 2.38505 3.91652 3.89399 3.74343 3.19487 3.1277 6.19316 5.12317 3.3464 4.8345 2.68284 3.89813 4.30068 3.72321 2.43547 2.58653
threshold=0.015514000000000002 0.0046515000000000003 0.0071170000000000009 0.024988000000000003 0.019687000000000007 10.622859000000002 80.707881500000028 -0.015837999999999998 0.0071090000000000016 0.010104000000000002 0.046463500000000005 1.5688900000000003 -0.0040099999999999988 66.128717000000009 0.062785500000000008 2.9626380000000005 0.0598985 -0.0052149999999999992 -0.07359149999999999 0.065300500000000011 0.078357000000000024 0.097494000000000011 0.037921500000000004 0.15793650000000001 2.7827545000000007 0.11239350000000002 0.045468000000000008 0.018278000000000003 0.016985000000000004 2.7422565000000003
decision_type=2 2 2 2 2 2 2 2 2 2 2 2 2 2 2 2 2 2 2 2 2 2 2 2 2 2 2 2 2 2
left_child=1 -1 7 -4 -5 8 -7 -3 10 -10 11 -2 -13 -12 16 28 17 -11 -19 20 -17 -21 -23 -24 -20 26 -26 -28 -16 -30
right_child=5 2 3 4 -6 6 -8 -9 9 14 13 12 -14 -15 15 19 -18 18 24 21 -22 22 23 -25 25 -27 27 -29 29 -31
leaf_value=0.01662371260086503 -0.052674216413925494 -0.012896705346680058 0.019246311858974765 -0.046031051317019955 -1.910045675840683e-05 -0.030067940067629157 0.0035919119005065137 -0.0447317578256054 0.03149346447077795 -0.014875838605015367 0.035387992156051158 0.019540369069312651 -0.025028663545266151 -0.0048515837901383779 -0.03645397645817227 -0.031786895824292595 -0.025476347597944822 0.035311225947363384 0.01246640739704697 0.046570903655436396 0.0078883649226196197 0.030905460397127906 -0.027804714901630535 0.021205721958931494 0.028929041880774969 -0.025444473580420998 0.024926080147354895 -0.011060062582569577 -0.0037894305143144208 -0.029408524423356671
leaf_weight=10.435917381197212 7.3604049030691376 10.178674831986429 7.7265333980321875 8.2656076252460497 21.563805066049099 9.597673689946534 6.9670358560979357 7.9444707483053199 11.089379813522099 18.209370836615562 6.1517700459808102 13.651152119040487 16.613599934615198 9.3187111727893335 6.6840216666460028 13.079375490546225 9.8648266755044443 10.777948595583437 99.278710605576634 10.506213173270224 39.663047848269343 9.2084417566657084 11.026659838855268 9.2549180053174478 14.28845728933811 12.667906567454336 9.2890036702156049 31.772880956530571 138.98643144220114 10.603779036551712
leaf_count=68 52 54 38 46 104 63 38 42 57 95 37 73 113 53 37 63 92 51 479 50 202 48 58 51 67 61 44 154 687 51
internal_value=-0.000462218 -0.00824831 -0.0129101 -0.00618222 -0.0127688 0.000498345 -0.0159108 -0.0268519 0.00102172 0.00191937 -0.00686088 -0.0142663 -0.00492545 0.0111495 0.00119884 -0.00209434 0.00517676 0.00671732 0.00892536 0.00604562 -0.00195054 0.01659 0.00590896 -0.0054402 0.00722548 -0.000424128 0.00530222 -0.00291929 -0.00692488 -0.00560545
internal_weight=602.027 66.115 55.6791 37.5559 29.8294 535.912 16.5647 18.1231 519.347 466.251 53.0956 37.6252 30.2648 15.4705 455.162 249.013 206.149 196.284 178.075 92.7387 52.7424 39.9962 29.49 20.2816 167.297 68.0182 55.3503 41.0619 156.274 149.59
internal_count=3128 352 284 188 150 2776 101 96 2675 2347 328 238 186 90 2290 1247 1043 951 856 472 265 207 157 109 805 326 265 198 775 738
is_linear=0
shrinkage=0.05


Tree=163
num_leaves=31
num_cat=0
split_feature=4 7 7 3 19 4 19 19 8 13 9 19 13 9 9 12 6 6 8 4 19 8 2 6 19 4 4 11 7 1
split_gain=2.96565 1.33271 5.51797 3.91853 5.07393 3.40218 2.8299 2.6592 3.83907 2.58003 3.58003 3.07055 2.5877 2.43913 2.3152 3.16252 2.22263 2.10233 2.05091 2.06422 1.6443 3.76979 3.48292 3.93649 3.37553 2.91792 3.24373 3.50266 2.12953 2.09451
threshold=0.56519100000000011 0.69006550000000011 0.69908900000000018 0.09659050000000001 1.7105685000000002 0.20550400000000005 0.99259900000000012 7.9403085000000013 54.510317000000008 -0.010657499999999999 0.10156250000000001 1.5035780000000003 -0.044320499999999992 0.12698300000000004 0.19062850000000003 0.038014000000000013 0.030613500000000005 0.037110500000000012 57.454748000000009 0.096570500000000017 3.4325490000000003 49.156103000000009 0.079214000000000021 0.052064000000000006 3.8795215000000005 -0.014534999999999998 -0.032206499999999992 0.44658100000000006 0.87105400000000011 0.037235000000000011
decision_type=2 2 2 2 2 2 2 2 2 2 2 2 2 2 2 2 2 2 2 2 2 2 2 2 2 2 2 2 2 2
left_child=1 3 -3 5 -5 6 -1 20 -9 12 16 -12 -8 -6 15 -13 -11 -18 -19 -20 25 -22 23 -23 -24 26 27 -4 -26 -29
right_child=-2 2 7 4 13 -7 9 8 -10 10 11 14 -14 -15 -16 -17 17 18 19 -21 21 22 24 -25 28 -27 -28 29 -30 -31
leaf_value=0.023228944774558107 -0.020075559485943334 0.04179369134687843 0.013536920343682608 0.024841471313571725 -0.014236155487756405 0.024754719105554067 -0.0015732911018521132 -0.011766085384063584 0.035837932354013551 -0.036715484598155483 -0.0081837489186598177 0.056189112864099139 -0.042760289347091633 -0.043011119871275691 0.0026020491111234528 0.012699781636715408 0.016417697078067905 0.013228408409220667 -0.028441438538379639 -0.0017813271273127694 0.033857103024895856 -0.0066830186005350876 -0.026667334644634052 -0.048880289006711708 0.031773627521283154 0.0047617202074202126 -0.028547701889060542 -0.0021747599688707038 -0.0010984389665691825 -0.035078758793859188
leaf_weight=11.353888045996426 16.687898267060518 8.932083558291195 20.883140876889229 7.2254240736365309 34.508317410945892 14.962123297154902 7.6629271246492863 6.3091580588370588 12.884313657879828 6.2029858827590934 13.844250630587338 7.5831058621406617 7.5917758196592313 9.3626258820295316 10.830511815845965 9.3157879710197431 9.2889068312942964 7.4384113103151313 15.783571938052775 13.445736281573771 5.2002418152987948 12.273634243756534 8.2147591263055819 10.054474023170767 7.8378766477108028 257.08232717961073 14.161172242835162 11.715713206678631 13.265493508428333 8.2366337254643422
leaf_count=59 89 45 106 35 186 71 43 48 70 36 67 34 40 54 58 50 47 37 78 67 30 65 44 71 38 1291 83 64 67 51
internal_value=0.000707313 0.00130175 0.00293907 -0.00218592 -0.0139828 0.00226908 -0.00052656 0.00204488 0.0201898 -0.0030013 0.000102168 0.0110474 -0.0220707 -0.0203771 0.0206488 0.0322149 -0.00862168 -0.00482973 -0.0102123 -0.0161776 0.00110088 -0.00672029 -0.010806 -0.0256847 0.000525296 0.00252554 -0.00792749 -0.000776686 0.0111104 -0.015758
internal_weight=600.139 583.451 397.051 186.4 51.0964 135.304 120.342 388.119 19.1935 108.988 93.7333 41.5737 15.2547 43.8709 27.7294 16.8989 52.1596 45.9566 36.6677 29.2293 368.925 56.8465 51.6462 22.3281 29.3181 312.079 54.9967 40.8355 21.1034 19.9523
internal_count=3124 3035 2073 962 275 687 616 2028 118 557 474 209 83 240 142 84 265 229 182 145 1910 315 285 136 149 1595 304 221 105 115
is_linear=0
shrinkage=0.05


Tree=164
num_leaves=31
num_cat=0
split_feature=18 0 0 7 1 2 13 8 6 0 7 19 19 11 1 1 14 14 7 13 14 14 14 14 3 13 19 2 2 19
split_gain=1.60905 3.56035 3.23303 2.49369 2.43223 2.37609 1.95995 1.95632 1.89845 1.66702 1.4846 1.45199 1.82729 1.21842 2.46994 2.84583 3.10589 2.34433 2.79406 4.0531 2.50748 2.33588 3.09237 6.82043 4.53657 2.32294 4.10093 3.18137 2.21965 1.94416
threshold=0.3000000000000001 2.1280435000000004 2.5473815000000006 0.94885150000000007 0.19738950000000002 0.21732050000000003 0.42032100000000006 79.859798000000012 0.027958500000000004 1.3417915 0.74937200000000004 0.81793100000000007 0.87144450000000007 0.28251700000000007 1.0000000180025095e-35 0.010537500000000002 0.013824000000000001 0.022487000000000004 0.89371100000000003 0.077381000000000019 0.019259500000000002 0.013425500000000002 0.015747500000000005 0.017313000000000005 0.042550000000000011 -0.0032709999999999996 1.2904395000000002 0.021109500000000003 0.027949000000000005 1.2485160000000002
decision_type=2 2 2 2 2 2 2 2 2 2 2 2 2 2 2 2 2 2 2 2 2 2 2 2 2 2 2 2 2 2
left_child=1 -1 -3 -4 5 6 8 -7 10 -10 -2 -11 -13 14 -14 -16 -17 20 19 -19 28 -15 24 -24 -23 26 -25 -28 -18 -27
right_child=4 2 3 -5 -6 7 -8 -9 9 11 -12 12 13 21 15 16 17 18 -20 -21 -22 22 23 25 -26 29 27 -29 -30 -31
leaf_value=-0.028693983544915737 -0.029719625058966193 0.038175885133239267 -0.020647264709977475 0.015036022577242382 -0.022298503808532849 0.0029771041090869373 -0.020541513334804216 0.034974529717639022 0.024453625174868925 -0.016292329650240973 -0.002260252703985706 0.027098609567376281 -0.029281127093497252 0.026586098476664672 0.027709761385353967 -0.027640435464268826 0.020699964154176607 -0.03674808998607567 0.0080359126529742277 0.0061787020610667067 0.024297719687912653 -0.044092408374899777 0.038384617349582983 -0.014256219812130376 0.0072209555743187551 0.011631719907820989 0.046895309558503386 0.011102007322585171 -0.010069854964785952 -0.0004623410305352769
leaf_weight=14.084267158992587 7.8858735412359264 5.1136501319706467 12.171668175607921 8.1910287914797646 10.183048225939272 9.1573018059134501 9.6907032672315818 9.9863672852516157 8.7110087238252145 10.187043953686951 13.097920589148996 7.6044529974460593 7.8383806478232136 10.894470684230326 8.4067120887339097 10.980391941964625 8.4810580909252185 13.645393133163454 15.528567541390656 9.2104913741350156 16.082712605595589 8.3326112627983111 13.936563447117804 9.0711937062442285 8.9164150729775411 38.379988728091121 10.022587176412346 16.310990676283836 18.972334168851376 247.63147765025496
leaf_count=89 53 30 64 64 59 52 54 53 44 57 75 39 48 53 45 59 39 69 77 42 76 41 64 53 42 195 53 87 85 1261
internal_value=0.00122468 -0.00852026 0.00263252 -0.00629343 0.00191416 0.00236329 0.00173801 0.0196687 0.0021531 0.00277246 -0.0125797 0.00238737 0.0027836 0.00239239 -0.00224045 -0.000148258 -0.00266916 0.000677915 -0.00833012 -0.0194494 0.00862002 0.00378348 0.00307894 0.0041409 -0.0175674 0.00265609 0.0147375 0.024725 -0.000564267 0.00116057
internal_weight=598.707 39.5606 25.4763 20.3627 559.146 548.963 529.819 19.1437 520.129 499.145 20.9838 490.434 480.247 472.642 109.146 101.308 92.9009 81.9206 38.3845 22.8559 43.5361 363.496 352.602 335.353 17.249 321.416 35.4048 26.3336 27.4534 286.011
internal_count=3122 247 158 128 2875 2816 2711 105 2657 2529 128 2485 2428 2389 540 492 447 388 188 111 200 1849 1796 1713 83 1649 193 140 124 1456
is_linear=0
shrinkage=0.05


Tree=165
num_leaves=31
num_cat=0
split_feature=19 9 9 8 2 14 7 13 7 6 19 8 3 3 3 4 9 3 2 8 3 6 6 18 8 12 11 6 8 7
split_gain=1.26686 1.4842 6.05442 4.91865 3.75176 3.21499 2.84201 2.77598 5.05553 2.59732 3.31902 2.38171 2.34122 2.17243 4.5604 5.25941 4.23253 2.03812 2.01493 1.99155 1.97 1.93003 2.49535 1.90274 1.88935 8.48454 2.96531 2.77117 3.47465 3.85492
threshold=0.75543800000000016 0.021323000000000005 0.014404500000000002 61.532255500000012 0.055507500000000008 0.032380000000000006 0.94521850000000007 0.24771050000000003 0.9227685000000001 0.049406500000000013 1.7376100000000003 84.763288000000017 0.028650000000000005 0.11439500000000001 0.050202500000000004 0.039137500000000006 0.10902850000000001 -1.0000000180025095e-35 0.15170650000000002 75.181237000000024 0.088791500000000009 0.045184500000000009 0.062081000000000004 0.50000000000000011 60.339212000000011 0.042806000000000004 0.21231050000000004 0.04002300000000001 66.29699650000002 0.60920500000000011
decision_type=2 2 2 2 2 2 2 2 2 2 2 2 2 2 2 2 2 2 2 2 2 2 2 2 2 2 2 2 2 2
left_child=-1 2 3 5 -4 12 24 9 -9 20 -11 -10 -2 14 17 -16 -15 -8 -18 -12 -5 23 -23 -19 25 -3 -26 28 -28 -30
right_child=1 6 4 7 -6 -7 13 8 11 10 19 -13 -14 16 15 -17 18 21 -20 -21 -22 22 -24 -25 26 -27 27 -29 29 -31
leaf_value=0.01776138307439817 0.027248086245808181 -0.003707314030749038 0.0017632286778880989 0.0097467366470905745 0.040116526954616066 0.042889748389606429 0.01810869613216326 0.040211495844901177 0.0070614333112026147 -0.046377062013174486 -0.024446936241502445 -0.027526049397739012 -0.0080570601829725984 0.018513004906758057 0.054663715065368747 0.0096665179130298179 -0.040674741213702549 0.022950504125730263 -0.0053440818893548863 0.0060890491192677051 -0.017772587211954124 -0.037229813799793371 0.0011423236461481027 -0.011728104530928488 0.016154049853679291 -0.036462274666641641 0.011888310625695911 -0.00057999577757845164 0.0066726846455994046 -0.034869393133116176
leaf_weight=8.9473545923829061 7.6711708139628234 118.8839067928493 10.626162495464088 15.14774561673403 15.943096991628407 8.1897668531164509 10.56399694085121 7.6055668182671097 11.780176490545275 10.441690742969511 13.315914414823057 8.6188092380762082 12.10662588663399 9.7157476395368594 9.6962614953517932 19.662636606022716 8.1842893883585948 7.8243881501257402 7.9607445038855067 8.914020184427498 11.395670384168623 8.8465382903814334 8.1308670658618194 7.9993159025907516 20.967826493084431 23.713966121897101 8.7334373891353589 146.77388889342546 7.5437186285853413 21.501423060894012
leaf_count=49 50 640 54 76 75 58 60 38 59 52 65 41 58 51 46 96 42 40 44 47 54 50 50 42 99 141 42 739 44 112
internal_value=-0.000911481 -0.0011954 0.00326215 -0.0017006 0.0247774 0.0165455 -0.00260995 -0.00755135 0.00541963 -0.0136857 -0.0231244 -0.00755218 0.00563667 0.00488436 0.00931045 0.0245276 -0.00756238 -0.000991808 -0.023254 -0.0122023 -0.00206791 -0.00714336 -0.0188525 0.00541952 -0.00473229 -0.00915445 -0.00166403 -0.00368842 -0.015765 -0.0240799
internal_weight=597.407 588.459 141.756 115.187 26.5693 27.9676 446.703 87.2196 28.0046 59.215 32.6716 20.399 19.7778 98.5848 72.724 29.3589 25.8608 43.3651 16.145 22.2299 26.5434 32.8011 16.9774 15.8237 348.118 142.598 205.52 184.552 37.7786 29.0451
internal_count=3114 3065 727 598 129 166 2338 432 138 294 164 100 108 521 384 142 137 242 86 112 130 182 100 82 1817 781 1036 937 198 156
is_linear=0
shrinkage=0.05


Tree=166
num_leaves=31
num_cat=0
split_feature=1 1 11 7 3 15 6 13 3 5 6 3 7 8 6 15 5 1 11 1 6 8 1 2 6 8 7 1 3 12
split_gain=1.62486 1.79139 1.53577 2.25079 2.02311 3.7267 2.00128 1.93659 3.48799 3.15123 2.63558 2.38913 3.49926 3.76515 2.13275 3.57023 3.62497 2.21162 2.73278 2.22993 1.90547 4.19905 2.29986 3.37283 2.25828 1.90814 3.79997 1.89989 1.83249 1.65893
threshold=0.19972100000000001 0.15995300000000004 0.012660500000000003 0.93698650000000006 -0.011894999999999998 4.5000000000000009 0.048489000000000011 0.16121750000000004 0.16745800000000002 0.044129500000000009 0.12507450000000003 0.073238500000000012 0.7974865000000001 80.245658500000005 0.04762750000000001 2.5000000000000004 0.059898500000000007 0.086988000000000024 0.8489000000000001 0.10169850000000001 0.077794000000000016 50.12089850000001 -0.005899999999999999 -0.0088904999999999974 0.073165500000000008 70.212206000000023 0.64941800000000016 0.068925000000000014 -0.031092999999999999 0.025882500000000006
decision_type=2 2 2 2 2 2 2 2 2 2 2 2 2 2 2 2 2 2 2 2 2 2 2 2 2 2 2 2 2 2
left_child=1 2 3 6 5 28 -1 8 10 11 20 -9 -13 -14 -11 17 27 18 -16 -19 22 -22 -6 -24 29 26 -23 -17 -4 -25
right_child=-2 -3 4 -5 7 -7 -8 9 -10 14 -12 12 13 -15 15 16 -18 19 -20 -21 21 25 23 24 -26 -27 -28 -29 -30 -31
leaf_value=0.035704517094330437 -0.022823410037676992 0.022562427396211952 -0.0059453528160014609 -0.011271328470114209 -0.028234234546873918 0.02137432567821787 0.005590473339934547 -0.0087959754169073517 -0.030912845256162308 -0.022093835089056706 -0.022495859020270927 0.035837397226322253 0.027613327280941364 -0.01804285976348911 0.019888511511804919 0.014349003957700222 -0.0072681825409392723 -0.0035404727151045474 -0.0092487190285249557 -0.041156910011778146 0.040207062141347061 -0.035352059884752131 0.028473759060866629 -0.0066542737320776785 -0.025220711394343277 0.016522462253382667 0.0055971747236223971 0.047821672750738946 -0.030494750672563672 0.0016566691222300979
leaf_weight=10.04320309311152 7.6896123178303233 8.9076805487275106 13.960711222141983 8.3526233099400979 7.8724562972784033 6.89402076229453 12.242083270102738 8.0126641690731031 9.9005434308201057 9.8733347635716182 13.541915406472979 19.703647810965776 9.2706860601902026 8.8040645197033864 13.048719760030506 8.3706478327512794 9.507059268653391 8.6496661081910116 20.9952054284513 7.2355189807713023 8.8100646398961526 7.6514013372361687 9.4903876483440381 87.973655141890049 9.9545732513070089 15.756313391029833 21.826508168131113 8.5891454219818097 16.688120771199465 189.12572103179991
leaf_count=49 46 48 89 44 44 37 60 37 64 61 103 95 45 41 69 40 54 45 109 42 45 43 49 472 50 75 108 40 95 922
internal_value=1.25281e-05 0.000309624 -3.08766e-05 0.010865 -0.000636178 -0.011841 0.0191618 0.000182289 -0.00162252 0.00540159 -0.000842983 0.016003 0.0212627 0.00537457 -0.000225524 0.00260071 0.0174467 -0.00526896 0.00191931 -0.0206743 -2.49827e-05 0.00862689 -0.00156098 -0.000852879 -0.00182246 0.00247616 -0.00503177 0.031301 -0.0193124 -0.000981893
internal_weight=598.742 591.052 582.145 30.6379 551.507 37.5429 22.2853 513.964 381.904 132.06 372.003 45.7911 37.7784 18.0748 86.2693 76.396 26.4669 49.9291 34.0439 15.8852 358.461 54.0443 304.417 296.544 287.054 45.2342 29.4779 16.9598 30.6488 277.099
internal_count=3121 3075 3027 153 2874 221 109 2653 1975 678 1911 218 181 86 460 399 134 265 178 87 1808 271 1537 1493 1444 226 151 80 184 1394
is_linear=0
shrinkage=0.05


Tree=167
num_leaves=31
num_cat=0
split_feature=7 11 14 5 5 4 11 3 2 1 19 1 5 4 7 3 2 9 4 3 5 5 7 18 13 14 14 4 13 14
split_gain=1.79552 3.61677 1.98649 1.71383 2.70483 2.7074 2.04122 2.66236 4.33673 1.72043 3.6278 2.59452 1.67262 1.63099 1.4982 3.59425 1.74964 1.51825 2.52012 3.76703 1.70085 2.60438 4.41739 5.70528 2.54618 4.06763 3.389 2.60157 4.3324 3.73955
threshold=0.97941600000000018 0.049590000000000009 0.017313000000000005 0.062567500000000012 0.073520000000000016 0.19668700000000003 0.6469180000000001 0.063484000000000027 0.027949000000000005 0.10169850000000001 1.3949305000000003 0.052643000000000002 0.042595500000000008 0.10323700000000001 0.94405300000000014 0.1079085 0.032575000000000007 0.36159850000000004 0.085145500000000013 0.018579000000000002 0.044319000000000004 0.045466000000000006 0.85758400000000012 0.70000000000000007 0.17330700000000002 0.032756500000000008 0.029839000000000001 0.049507500000000003 0.08407000000000002 0.024340000000000004
decision_type=2 2 2 2 2 2 2 2 2 2 2 2 2 2 2 2 2 2 2 2 2 2 2 2 2 2 2 2 2 2
left_child=14 -2 -3 6 -5 -6 7 8 -4 10 -8 12 -12 -9 17 16 -16 20 19 -19 24 -22 -23 -24 25 26 27 28 29 -1
right_child=1 2 3 4 5 -7 9 13 -10 -11 11 -13 -14 -15 15 -17 -18 18 -20 -21 21 22 23 -25 -26 -27 -28 -29 -30 -31
leaf_value=0.004189688241893131 -0.023795750059167738 0.02637153597615572 0.023732041289586586 0.042428395723028763 -0.022818186998236064 0.0243138329295964 0.026467328706353613 0.037801915717041085 -0.028060573378951015 -0.025068519400603329 -0.036881670196171161 0.011245438224123277 -0.0068794737329919871 0.0073265941398052807 0.016923578825319779 -0.039084240120578775 -0.012742320568719165 0.021864425686975317 0.027356630792828171 -0.023499101855972815 -0.03182886887272731 -0.009022666959630686 -0.0032467198746594442 0.050076190791372793 0.013980057080216754 -0.030621892494384823 0.027654840697978706 -0.0073255627969180618 0.039005394162023796 -0.024097634775540378
leaf_weight=103.48287974670529 10.208005441352723 12.160716060549019 7.6669122204184559 7.2714379280805614 5.3476773351430875 7.0819622576236725 9.4469589293003065 10.002677753567697 8.5478516519069654 8.692118324339388 8.3485307544469887 10.081429295241831 10.473201677203177 7.8246199637651435 7.9956912314519348 9.1126803345978242 13.135132705792783 8.643430940806871 11.934469215571879 9.7260525077581388 9.5742802545428258 105.89165341481566 14.170492177829148 7.7652842812240115 29.620842829346657 11.459961265325544 10.495038092136381 102.10490391403437 8.0118545889854413 13.170589216053484
leaf_count=520 59 71 40 36 58 42 47 50 42 47 39 51 53 42 42 48 67 46 66 55 51 590 76 40 142 60 48 502 37 70
internal_value=-0.000675504 0.00470599 0.00728196 0.00497862 0.0182062 0.00403595 0.00176473 0.0110905 -0.0035712 -0.00498383 -0.000431603 -0.00922348 -0.0201872 0.0244259 -0.00206698 -0.0128364 -0.00151704 -0.00133678 0.00946797 -0.00215411 -0.00212434 -0.00667616 -0.00479222 0.0156296 0.000122598 -0.0015277 -0.00012244 -0.00140799 0.0034387 0.000995949
internal_weight=599.449 123.154 112.946 100.785 19.7011 12.4296 81.0843 34.0421 16.2148 47.0422 38.3501 28.9032 18.8217 17.8273 476.295 30.2435 21.1308 446.052 30.304 18.3695 415.748 137.402 127.827 21.9358 278.346 248.725 237.265 226.77 124.665 116.653
internal_count=3137 677 618 547 136 100 411 174 82 237 190 143 92 92 2460 157 109 2303 167 101 2136 757 706 116 1379 1237 1177 1129 627 590
is_linear=0
shrinkage=0.05


Tree=168
num_leaves=31
num_cat=0
split_feature=1 3 0 0 0 13 15 6 15 4 7 1 1 3 7 19 6 0 1 8 1 2 7 8 7 4 3 7 13 4
split_gain=1.4324 3.42565 4.18835 3.65355 3.33701 2.79506 2.5826 2.49047 2.42628 2.40918 2.21699 2.48352 2.07037 1.80226 1.63131 2.82016 1.85546 1.50286 1.29099 2.82282 3.04704 2.13936 3.6516 3.24119 2.86381 3.95484 2.48243 1.80189 2.99663 3.21317
threshold=0.011386000000000002 0.047299500000000001 3.8354655000000002 2.0904810000000005 2.4622405000000005 0.15149650000000003 1.5000000000000002 0.027958500000000004 1.5000000000000002 0.026038500000000003 0.48946200000000006 0.033337500000000006 0.014472000000000002 1.0000000180025095e-35 0.56676650000000006 2.9383255000000008 0.029638000000000001 3.9052725000000001 0.020069500000000001 53.533358500000006 0.017882500000000006 0.017362500000000003 0.74091450000000003 53.683639500000005 0.87105400000000011 0.025004500000000002 0.0028150000000000002 0.79959850000000021 0.23047450000000003 0.24695500000000001
decision_type=2 2 2 2 2 2 2 2 2 2 2 2 2 2 2 2 2 2 2 2 2 2 2 2 2 2 2 2 2 2
left_child=1 3 5 13 -5 8 -6 9 -3 -2 11 -9 -12 -1 15 -14 -16 -8 19 -18 -21 22 23 -20 -24 -26 -23 28 29 -28
right_child=7 2 -4 4 6 -7 17 10 -10 -11 12 -13 14 -15 16 -17 18 -19 21 20 -22 26 24 -25 25 -27 27 -29 -30 -31
leaf_value=-0.0039231689281990457 -0.0029766147255696697 0.036165837413246485 -0.011724090443649337 0.039148813075259914 -0.021174250944948424 0.051258960633006445 -0.0035056765314135322 -0.0038624632176195517 -0.0003147319236574454 -0.044177786479135686 -0.02061898403550087 0.032711854065613881 -0.028909287714921208 -0.032780540177926094 0.024726427170952969 0.0085920759106879342 0.029844157760608898 0.03004561354178591 -0.015255763189316762 -0.015449931560269867 0.021788032848375091 0.021413690030766385 -0.039474695552722462 0.028841185597907139 0.017810839341439323 -0.031645896947777523 -0.0043803357269040733 0.0022085470902251554 -0.022612943886757424 0.027821538455844688
leaf_weight=10.949515227228405 7.7729445174336416 8.4708147346973472 9.1137638036161643 6.9549469854682711 9.0196678806096333 8.4744710251688939 6.6013865694403631 8.4425903297960776 9.8667318541556579 6.5277070179581642 13.452224329113958 10.30906071513891 12.874445913359525 10.695829154923556 7.4172568656504145 8.2103158310055715 10.891118731349705 6.750844250433147 8.1690929587930459 14.180250421166422 8.9674996957182866 13.068665988743303 13.082494057714941 8.5058347396552545 7.7382880598306683 8.4629429336637241 108.45456877537072 202.48681549355388 20.958398059010506 8.3424967974424344
leaf_count=72 46 45 62 39 57 42 39 51 61 42 71 49 65 72 38 44 54 48 42 70 43 69 77 42 41 52 523 1014 113 40
internal_value=-0.00019917 0.00573319 0.0175582 -0.00260118 0.00889915 0.0275116 -0.00050482 -0.00121333 0.016537 -0.0217834 -0.000617866 0.0162449 -0.00128319 -0.0181827 -0.000719955 -0.0143064 -6.99652e-05 0.0134577 -0.000494423 0.00885272 -0.00102385 -0.00129129 -0.0114391 0.00723797 -0.0220744 -0.00802359 2.87357e-05 -0.000792658 -0.00520413 -0.00208024
internal_weight=595.213 86.898 35.9258 50.9722 29.3268 26.812 22.3719 508.315 18.3375 14.3007 494.014 18.7517 475.263 21.6453 461.81 21.0848 440.726 13.3522 433.308 34.0389 23.1478 399.27 45.9587 16.6749 29.2837 16.2012 353.311 340.242 137.755 116.797
internal_count=3123 537 210 327 183 148 144 2586 106 88 2498 100 2398 144 2327 109 2218 87 2180 167 113 2013 254 84 170 93 1759 1690 676 563
is_linear=0
shrinkage=0.05


Tree=169
num_leaves=31
num_cat=0
split_feature=6 11 3 5 3 9 8 5 5 19 3 6 7 19 2 3 5 5 3 19 6 7 13 4 4 9 8 6 9 6
split_gain=1.7777 4.05973 3.39476 2.17672 2.042 1.76686 2.69167 3.1027 3.89273 4.45869 2.27097 3.25503 2.85994 2.77412 2.18265 3.53951 3.4598 2.75567 1.97131 2.65161 1.96972 1.95951 1.88481 1.87231 2.8741 1.86371 3.09626 2.7667 2.71868 2.65242
threshold=0.030934500000000004 0.57181350000000009 0.023380500000000002 0.019437500000000003 0.046708000000000006 0.13376050000000003 41.186827000000008 0.029511000000000006 0.028287500000000004 1.2099550000000001 0.11543400000000002 0.097931000000000004 0.99974350000000012 2.9383255000000008 0.054121000000000009 0.072246000000000019 0.030944000000000003 0.067677000000000015 0.053564500000000008 1.1515405000000003 0.043634000000000013 0.74937200000000004 0.024988000000000003 0.056752000000000004 0.09530000000000001 0.051261000000000008 57.796205500000006 0.034813500000000004 0.066768000000000008 0.084619000000000014
decision_type=2 2 2 2 2 2 2 2 2 2 2 2 2 2 2 2 2 2 2 2 2 2 2 2 2 2 2 2 2 2
left_child=1 2 -1 -2 -4 6 -5 8 9 -8 11 12 14 -12 16 -16 20 18 19 -18 -7 -15 -13 -11 -25 26 -9 -28 29 -27
right_child=3 -3 4 5 -6 10 7 25 -10 23 13 22 -14 21 15 -17 17 -19 -20 -21 -22 -23 -24 24 -26 28 27 -29 -30 -31
leaf_value=-0.0037251950841094904 0.027778459723849482 0.0075037147615494796 -0.054791504877929442 0.030544155531930434 -0.017469743466021544 -0.00071672259218862652 -0.037451790896950249 -0.016374527711994394 -0.036738193199709133 0.016832966059333501 -0.030490197581543574 0.040131077795039084 0.010265356591414587 -0.023368846228753296 -0.036604094347904827 -0.00027154822609067687 0.00095488476276306313 0.015987365833462906 0.005378983421983413 -0.028313892877478278 0.028827709250073455 0.011937890825519944 0.0048013358289382716 -0.027854749610963236 0.012535422588268808 0.034535525208486635 0.032768566834796682 0.0013919385361803006 0.0040104408431418494 0.0028896519059848475
leaf_weight=13.635787665843965 7.1632836833596221 20.340679900720716 8.281509615480898 8.1121985800564271 6.57454515621066 12.091410085558893 7.6436443179845801 24.150569815188646 10.676664441823958 16.608113422989845 16.330854441970587 6.7967203296720973 28.3316993676126 6.3434251956641701 14.575198858976366 12.411600105464457 10.843711283057926 8.58767521381378 9.6543805897235853 27.019909381866455 10.575861334800718 10.328328590840099 8.4914577119052392 8.3496935814619082 9.3215291425585729 16.807751540094618 7.3587532714009276 155.22581707499921 83.882875433191657 10.925440873950718
leaf_count=73 35 113 50 43 40 61 39 163 51 79 88 37 150 42 75 65 57 53 50 153 49 55 49 40 45 82 35 767 432 57
internal_value=-0.000417002 -0.00955874 -0.0217398 0.000396719 -0.0382748 3.44602e-05 0.00207009 0.00141192 -0.00978476 -0.00292044 -0.00397317 -0.00135069 -0.00384286 -0.0158433 -0.00762228 -0.0198943 -0.00341802 -0.0100785 -0.0147892 -0.0199316 0.0130678 -0.00149595 0.020508 0.0047794 -0.00654903 0.00338591 0.000330663 0.00281208 0.00849737 0.0220687
internal_weight=597.441 48.8325 28.4918 548.609 14.8561 541.445 359.063 350.951 52.5996 41.923 182.382 149.38 134.091 33.0026 105.76 26.9868 78.7729 56.1057 47.518 37.8636 22.6673 16.6718 15.2882 34.2793 17.6712 298.351 186.735 162.585 111.616 27.7332
internal_count=3128 276 163 2852 90 2817 1833 1790 254 203 984 799 713 185 563 140 423 313 260 210 110 97 86 164 85 1536 965 802 571 139
is_linear=0
shrinkage=0.05


Tree=170
num_leaves=31
num_cat=0
split_feature=5 13 14 9 14 7 3 3 5 7 19 5 4 7 14 13 3 19 12 19 7 6 1 15 12 14 13 9 12 3
split_gain=1.65559 2.98448 4.7991 3.26246 2.91364 2.66623 4.3589 3.8926 4.7169 3.1833 2.52125 3.23185 2.53938 4.64215 7.527 2.497 2.39235 3.65706 3.0366 2.3827 3.93689 2.36827 3.35369 2.09758 2.04236 1.7816 5.13114 1.70622 3.0553 3.33008
threshold=0.044129500000000009 0.16121750000000004 0.031596500000000007 0.03151650000000001 0.029839000000000001 0.6237410000000001 0.030404500000000004 0.098385000000000014 0.051873000000000009 0.64727050000000019 2.1199000000000008 0.045599000000000008 0.16146450000000004 0.84978000000000009 0.036222500000000005 0.075302000000000022 0.17897850000000001 4.0154435000000008 0.21036850000000004 1.7901650000000002 0.90976950000000012 0.087271000000000015 0.074981000000000006 1.5000000000000002 0.057920000000000006 0.032200000000000006 0.21252500000000002 0.083364000000000008 0.033810500000000007 0.012220000000000002
decision_type=2 2 2 2 2 2 2 2 2 2 2 2 2 2 2 2 2 2 2 2 2 2 2 2 2 2 2 2 2 2
left_child=1 2 4 25 -1 6 -2 -8 -9 -7 19 -12 13 14 -13 -4 17 -14 -18 21 -21 27 -23 -10 -15 26 -3 -11 29 -29
right_child=5 3 15 -5 -6 9 7 8 23 10 11 12 16 24 -16 -17 18 -19 -20 20 -22 22 -24 -25 -26 -27 -28 28 -30 -31
leaf_value=0.0020520048190656149 -0.020458271364421663 0.018996865826932535 -0.002023117888251995 0.035986205898834688 0.029488869844702705 -0.032020553536678292 0.03557056386562777 -0.029921957840616825 -0.00016697088169178123 -0.0010494368306788544 -0.02589616518039688 -6.3805802304649952e-05 0.0012809797892088417 -0.010754496888968975 0.071900150134693322 -0.04001655712460353 0.033808235391440733 -0.043087581744304583 -0.0043811437083057982 -0.054748487536524143 -0.0032187097998781877 0.033154908883018995 -0.0071563826144311468 0.037463178200319518 0.019169678730243059 0.022353224083083899 -0.031127721433066052 -0.031342374912918601 -0.040456935694638152 0.010428165925414221
leaf_weight=276.6161673553288 10.27856323122978 12.13376058638096 7.5357240661978748 13.314318895339964 10.027009107172487 10.169931929558514 15.42690099403262 7.3388956859707859 7.2355924472212774 23.27859084866941 8.9466069974005205 6.9848271012306196 12.424831200391056 13.957825144752862 7.5731707345694304 10.148566588759421 7.7859696708619621 7.4165683016180983 15.704216575250028 7.0014057680964452 7.8764833249151707 8.372598949819805 13.444671511650084 7.5858308225870132 9.6401859074830991 11.566324926912783 8.8147546350955945 8.2800999023020321 10.752525387331842 11.260435309261082
leaf_count=1373 58 59 38 67 48 60 81 38 44 120 47 41 65 110 41 51 48 45 79 39 44 51 73 39 52 59 42 48 65 64
internal_value=0.00105448 0.00324353 0.00145221 0.0151388 0.00301177 -0.00215622 0.00839533 0.0162856 0.00286039 -0.0048023 -0.00327044 0.00263014 0.00576208 0.0151682 0.0373723 -0.0238266 -0.00252053 -0.0153037 0.00827697 -0.00918197 -0.0274682 -0.00557321 0.00831348 0.0190927 0.00147003 0.00660206 -0.00209465 -0.0112286 -0.0190508 -0.00727167
internal_weight=588.893 350.157 304.327 45.8292 286.643 238.737 47.8658 37.5872 22.1603 190.871 180.701 90.4342 81.4876 38.156 14.558 17.6843 43.3316 19.8414 23.4902 90.2668 14.8779 75.3889 21.8173 14.8214 23.598 32.5148 20.9485 53.5717 30.2931 19.5405
internal_count=3089 1737 1510 227 1421 1352 260 202 121 1092 1032 528 481 244 82 89 237 110 127 504 83 421 124 83 162 160 101 297 177 112
is_linear=0
shrinkage=0.05


Tree=171
num_leaves=31
num_cat=0
split_feature=12 3 14 8 13 19 5 5 5 9 4 5 11 11 11 11 13 13 14 14 14 4 13 5 8 14 5 19 3 19
split_gain=1.80269 1.81599 2.37106 2.15202 6.45107 3.69235 3.37522 2.31586 2.76831 2.26509 1.98807 1.93517 2.23016 1.87356 1.61692 1.68745 2.92399 1.54205 1.97436 2.28076 4.9283 1.82664 1.71957 1.71923 1.69038 1.61341 2.8151 2.12449 2.15599 1.49092
threshold=0.33517300000000011 0.13185750000000004 0.024019500000000003 69.399768500000008 0.16121750000000004 2.6680620000000004 0.044129500000000009 0.048100000000000011 0.052115500000000002 0.020813500000000002 0.083378500000000008 0.056884500000000011 0.91194600000000003 0.78590700000000002 0.012660500000000003 0.055612000000000009 0.027688500000000001 -0.070597499999999994 0.06992000000000001 0.049532500000000007 0.045017500000000009 0.15524950000000001 0.21972400000000003 0.11481900000000002 85.595124500000011 0.036376500000000006 0.060591000000000006 1.3838325000000002 0.046708000000000006 1.6060825000000001
decision_type=2 2 2 2 2 2 2 2 2 2 2 2 2 2 2 2 2 2 2 2 2 2 2 2 2 2 2 2 2 2
left_child=1 14 -3 5 -5 10 9 -8 -9 -6 -4 -10 -13 -7 29 16 -16 -17 19 20 22 -21 24 -20 25 26 -19 -27 -29 -1
right_child=-2 2 3 4 6 13 7 8 11 -11 -12 12 -14 -15 15 17 -18 18 23 21 -22 -23 -24 -25 -26 27 -28 28 -30 -31
leaf_value=0.024217626013933156 -0.01949251281838435 0.037589204892467282 0.016788787724448292 -0.037300477526367608 0.0058106590776155253 0.048350370851049922 -0.024474261571421064 0.031995417826504634 -0.025070826353355002 0.038561572265987776 -0.021028734430447203 -0.013645949760108106 0.022025264519114195 0.015467476498554109 -0.040870675587335363 0.014303136833329514 0.0019055547050510593 -0.00051046893792027165 -0.049971563263260466 0.038940895485889908 -0.040271656920910441 0.0057611741920708072 -0.016178283843644819 -0.0046305022078215463 0.019378964133815717 -0.006229479297850931 -0.027277707332570952 0.0041363874994757863 0.039693645994749734 0.00089950134733417827
leaf_weight=12.591229215264322 10.81079640239477 5.9622465074062339 6.6233244277536887 9.8013388402760011 10.310968570411207 8.4596695806831139 8.97134270519018 7.0266460999846485 7.3554786741733578 10.818507760763167 7.3116831928491592 8.1791086718440074 9.4374554045498353 8.8775307536125165 7.0874139759689596 17.253773503005505 9.1557364352047426 315.86042023077607 3.7745326887816173 6.1252972390502718 7.9388243034481993 12.850427374243734 16.659639701247215 4.6865263367071748 11.192415576428173 10.722509965300562 10.137888837605713 8.4040989279747027 8.6520876809954625 15.046948671340941
leaf_count=64 56 27 40 53 54 48 46 34 36 55 41 44 50 56 47 95 48 1582 42 38 43 70 79 51 55 55 73 42 43 74
internal_value=0.000739553 0.00111199 0.0069317 0.00516004 0.000397685 0.0161096 0.00634769 -0.00202352 0.0042709 0.0225795 -0.00305402 -0.00353024 0.00546365 0.0315127 -0.000216354 -0.000936538 -0.0167591 -0.000344705 -0.000950767 -0.000455652 -0.00128017 0.0164715 -0.000469048 -0.0248574 0.000248026 -0.000357218 -0.00134288 0.01121 0.0221735 0.0115226
internal_weight=598.086 587.275 109.135 103.173 71.9008 31.2722 62.0995 40.97 31.9987 21.1295 13.935 24.972 17.6166 17.3372 478.14 450.502 16.2432 434.258 417.005 408.544 389.568 18.9757 381.629 8.46106 364.969 353.777 325.998 27.7787 17.0562 27.6382
internal_count=3141 3085 584 557 372 185 319 210 164 109 81 130 94 104 2501 2363 95 2268 2173 2080 1972 108 1929 93 1850 1795 1655 140 85 138
is_linear=0
shrinkage=0.05


Tree=172
num_leaves=31
num_cat=0
split_feature=12 15 2 3 11 5 8 19 19 19 7 5 3 19 11 19 5 5 19 11 9 0 0 5 7 9 5 0 0 11
split_gain=1.07329 2.15773 2.83253 2.63558 2.77814 2.75345 2.46541 3.02198 2.91212 5.23131 2.05098 2.0463 3.33944 1.67935 3.82358 3.82029 2.44937 2.42032 3.14527 3.41222 3.2892 2.94963 2.12502 3.84451 2.86136 2.77486 1.88284 1.74129 2.02899 3.75039
threshold=0.020620000000000003 4.5000000000000009 0.016365000000000005 0.036337000000000001 0.012660500000000003 0.041600500000000006 52.997872500000007 1.0566615000000001 1.2803920000000002 1.6531425000000002 0.93698650000000006 0.041386500000000007 0.082577000000000025 4.0154435000000008 0.51115200000000016 2.9978175000000005 0.020271500000000005 0.054637500000000006 5.3871400000000005 0.96151300000000017 0.030230000000000003 5.8744025000000013 8.2899515000000026 0.045368000000000006 0.69006550000000011 0.04858500000000001 0.06338400000000001 7.2000365000000004 4.516944500000001 0.7796105000000001
decision_type=2 2 2 2 2 2 2 2 2 2 2 2 2 2 2 2 2 2 2 2 2 2 2 2 2 2 2 2 2 2
left_child=1 3 -3 4 -1 6 7 -6 -9 -10 -7 -5 -13 15 -15 16 -2 18 19 -16 -20 -19 23 24 -17 -25 -23 28 -18 -30
right_child=13 2 -4 11 5 10 -8 8 9 -11 -12 12 -14 14 17 22 27 21 20 -21 -22 26 -24 25 -26 -27 -28 -29 29 -31
leaf_value=0.02294875758848736 -0.030460388183045729 0.033064161265643398 -3.796812496841354e-05 -0.0036563389813845586 0.022881397900200065 -0.029039310585875729 0.020104968690362431 -0.040373071171001827 0.026296104506758122 -0.030166612263589989 0.0011310281910871531 0.042681975384666268 -0.00063227989477964417 -0.031955632621523532 0.0080034752217739129 -0.030345523080679476 -0.00070503571715247555 0.011170847695617353 -0.0036038730069392097 -0.035330600356611057 0.028893165803499744 -0.052023408986093957 0.030004545667810585 0.0035163001196191097 0.0081215430714768125 0.044881223752012783 -0.01455081985251987 -0.016702050115488171 0.0021205192912473027 0.036106332786145993
leaf_weight=9.3208945989608747 6.6906437352299681 14.265199662186207 11.815100770443676 9.47383561730385 6.9662491157650974 17.192172668874267 12.654532864689825 7.4920670017600086 7.9727546609938171 8.4503157287836057 8.3781267404556257 10.866264019161465 7.536078877747058 12.419392582029102 9.6677538082003611 7.9198348894715336 261.43156327307224 6.6834798790514496 14.568794950842859 8.5693729370832425 16.725965071469545 5.4941872432827941 14.961440367624162 7.5507760606706169 12.408556558191774 8.7554556764662248 8.5981503278017026 14.690587842836974 30.381699096411467 11.0770992860198
leaf_count=47 36 78 63 49 39 108 64 42 39 47 64 57 42 70 49 44 1318 43 75 42 82 33 77 39 58 46 66 77 150 55
internal_value=0.0012146 0.00518048 0.018068 0.00201869 -0.00267505 -0.00613113 0.00151768 -0.00609899 -0.0145407 -0.00275618 -0.019154 0.0152241 0.024944 6.97579e-05 -0.00637964 0.00148925 -0.000521485 -0.00186181 0.00414635 -0.0123586 0.0137647 -0.016186 0.0141263 0.00764172 -0.00686502 0.0257268 -0.0291603 0.000109254 0.000924624 0.011201
internal_weight=590.978 132.384 26.0803 106.303 78.4271 69.1062 43.5359 30.8814 23.9151 16.4231 25.5703 27.8762 18.4023 458.595 82.7271 375.868 324.272 70.3077 49.5319 18.2371 31.2948 20.7758 51.5961 36.6346 20.3284 16.3062 14.0923 317.581 302.89 41.4588
internal_count=3099 739 141 598 450 403 231 167 128 86 172 148 99 2360 460 1900 1636 390 248 91 157 142 264 187 102 85 99 1600 1523 205
is_linear=0
shrinkage=0.05


Tree=173
num_leaves=31
num_cat=0
split_feature=15 2 3 14 9 9 5 9 0 2 3 11 9 9 9 5 14 19 9 3 13 19 13 11 11 12 12 13 14 12
split_gain=1.30998 1.80848 2.30166 2.6927 3.21833 3.22089 2.90139 2.27646 2.58983 2.81317 2.22491 2.2068 1.58699 2.93542 2.80082 2.12946 1.62669 4.87039 1.58855 1.43908 1.2579 3.21057 1.87763 2.8263 2.26319 2.20726 2.21998 2.08043 2.00373 1.88367
threshold=1.0000000180025095e-35 -0.012108999999999998 1.0000000180025095e-35 0.021059500000000005 0.14040000000000002 0.059933000000000007 0.039405500000000003 0.32531650000000006 4.2762905000000009 0.091120500000000007 0.08201700000000002 0.89261250000000014 0.43695250000000002 0.28430900000000009 0.66769250000000013 0.048398500000000004 0.012087000000000002 1.5557880000000004 0.32048450000000006 0.065056000000000017 0.35623200000000005 4.3855150000000007 0.23047450000000003 0.82033400000000012 0.71201900000000007 0.12150950000000002 0.12903050000000002 0.17522500000000005 0.043154000000000005 0.15337900000000002
decision_type=2 2 2 2 2 2 2 2 2 2 2 2 2 2 2 2 2 2 2 2 2 2 2 2 2 2 2 2 2 2
left_child=1 -1 -3 4 5 -4 10 8 9 19 -5 -10 13 16 -14 18 17 -2 -15 -8 22 -22 25 24 -24 -18 -27 -28 -25 -29
right_child=12 2 3 6 -6 -7 7 -9 11 -11 -12 -13 14 15 -16 -17 20 -19 -20 -21 21 -23 23 28 -26 26 27 29 -30 -31
leaf_value=-0.018460111381253055 -0.018073355297548551 0.026827463457884872 -0.015423885515645115 0.0095554544812019322 -0.032854978643781556 0.023613868670543631 -0.011763554083485124 0.02694002970613496 -0.0025061140025122324 -0.033366527220872209 0.041005562715432819 0.034410972485174322 0.034487414867241925 -0.038551225840479014 -0.0057173424718195706 0.001155775557130798 -0.0019887492982762415 0.037615358740928341 -0.012552513314748208 0.016018282351368505 0.026245716969082362 -0.010839074309584846 -0.014911367262128696 -0.036092853454393968 0.02347070107036163 0.032393288492397178 -0.016675504739581053 -0.00020198892381941263 -0.006396819309170923 0.030146924290869875
leaf_weight=7.8943498544394961 6.592435076832774 12.197489278391002 11.709649264812475 12.290033146739008 9.4525553211569768 9.6285139471292478 10.943029604852205 8.1110309697687608 9.0564548373222369 9.3885605521500093 10.367214322090147 7.3199706226587287 8.4281940534710902 10.491118907928469 8.912609610706566 13.013002842664717 298.24723200779408 9.7076266389340145 13.354336902499197 8.1200901921838504 13.435225971043112 10.318503074347971 7.6194249838590604 13.113132603466513 7.7441642507910728 9.0450840741395933 8.5688311196863669 12.155837411060931 10.021703030914066 8.8243228755891305
leaf_count=47 40 65 58 59 45 50 58 43 49 49 52 39 42 55 58 72 1551 59 69 44 68 54 40 61 40 42 49 63 62 50
internal_value=0.000195896 0.00471242 0.00625505 0.00389638 -0.00856769 0.00219129 0.00897305 0.00256482 -0.00184554 -0.0109632 0.023946 0.0139952 -0.00102057 -0.00158974 0.0138235 -0.0151128 -0.000389817 0.0150925 -0.023991 7.0344e-05 -0.00102216 0.0101363 -0.00172833 -0.0121889 0.00443548 -0.000532766 0.0107188 0.00408411 -0.0232289 0.0125629
internal_weight=596.072 126.479 118.585 106.387 30.7907 21.3382 75.5964 52.9391 44.8281 28.4517 22.6572 16.3764 469.593 452.252 17.3408 36.8585 415.394 16.3001 23.8455 19.0631 399.093 23.7537 375.34 38.4984 15.3636 336.841 38.5941 29.549 23.1348 20.9802
internal_count=3133 658 611 546 153 108 393 282 239 151 111 88 2475 2375 100 196 2179 99 124 102 2080 122 1958 203 80 1755 204 162 123 113
is_linear=0
shrinkage=0.05


Tree=174
num_leaves=31
num_cat=0
split_feature=4 4 2 12 0 13 4 12 6 8 14 19 4 13 9 12 12 1 6 8 12 0 12 1 8 19 6 0 8 8
split_gain=1.77126 2.52118 1.81435 2.25156 1.85451 1.48774 4.97899 2.63169 4.76139 2.62351 3.54486 2.7595 3.63267 4.42316 2.97253 4.23847 2.65941 2.53158 5.20233 3.21716 2.54005 2.93514 3.20695 2.52814 2.85211 2.28399 2.17601 2.00085 1.98628 2.27048
threshold=0.70926900000000004 0.56519100000000011 0.31011100000000008 0.24783150000000001 29.833681000000002 0.097765500000000019 0.074421000000000015 0.0526965 0.046649500000000003 82.553920500000018 0.026837000000000003 1.9698685000000002 0.062532000000000018 0.11503450000000001 0.013806500000000001 0.078137500000000013 0.067350000000000007 0.010104000000000002 0.036367000000000003 53.196230000000007 0.050157500000000008 2.9933320000000001 0.073185000000000014 0.0082305000000000017 63.547942000000006 2.6223285000000005 0.065131500000000009 2.1740530000000002 78.364446500000014 74.861047000000028
decision_type=2 2 2 2 2 2 2 2 2 2 2 2 2 2 2 2 2 2 2 2 2 2 2 2 2 2 2 2 2 2
left_child=1 2 3 4 5 6 7 -1 -9 11 -11 12 -7 -14 -15 -16 -13 -8 -19 -20 -21 -22 -23 -18 -25 -26 -12 -17 29 -27
right_child=-2 -3 -4 -5 -6 9 17 8 -10 10 26 16 13 14 15 27 23 18 19 20 21 22 -24 24 25 28 -28 -29 -30 -31
leaf_value=0.00025491183546515607 0.023357441395268505 -0.028278958529957113 -0.023613085689091193 0.026766015559526582 0.022032591433820102 0.029630953057567428 0.032269185659885111 -0.041220986678236135 -0.0021931370134683765 0.024317956617934375 -0.026219296719202607 -0.041219629868851554 -0.033589460125218643 -0.014433058683467427 -0.015501776818212746 0.0076757846227483995 0.018732664289452864 -0.020325941156481529 -0.010468425681034253 0.038778898847706772 -0.0099105339000820775 0.041620414546729823 0.0017939017560566117 0.016921676424220641 -0.028348859538122474 -0.012865597313734836 0.0062481436515833752 0.03335114710464325 -0.026169703002119283 0.013079596145317529
leaf_weight=220.40848082583398 7.8990116193890563 8.0434108171612007 8.0846905782818776 7.8895283993333569 9.28291282430291 9.3626361824572069 13.444147570058702 11.292096141725777 25.378818213939667 17.977130122482777 8.090213483199479 7.286449756473302 10.438581399619578 19.984905006363988 12.660908143967388 17.43171634525061 7.1396642010658971 12.683552391827105 9.9026098921895009 13.868796061724423 9.5910632461309451 11.186634022742512 9.2211238220334035 7.5467744041234246 23.095160763710737 22.837914649397135 14.251477584242819 13.43686458095908 12.847564171999691 13.368000857532023
leaf_count=1183 41 43 43 48 54 52 77 62 128 83 43 44 51 99 64 86 42 69 58 67 44 54 45 47 116 121 77 68 63 68
internal_value=-0.000162004 -0.000477938 -9.2389e-05 0.000240109 -0.000130939 -0.000501823 0.00157967 -0.00180857 -0.014211 -0.00372294 0.00779022 -0.00633906 0.000288356 -0.00342649 0.00153079 0.00885998 -0.0122056 0.0124817 0.0084785 0.015273 0.0210838 0.0129032 0.023625 -0.00977099 -0.0123245 -0.0153837 -0.00550873 0.0188521 -0.00927951 -0.00328608
internal_weight=595.933 588.034 579.99 571.906 564.016 554.733 336.977 257.079 36.6709 217.756 40.3188 177.437 83.3156 73.953 63.5144 43.5295 94.1215 79.8979 66.4538 53.7702 43.8676 29.9988 20.4078 86.8351 79.6954 72.1486 22.3417 30.8686 49.0535 36.2059
internal_count=3140 3099 3056 3013 2965 2911 1787 1373 190 1124 203 921 420 368 317 218 501 414 337 268 210 143 99 457 415 368 120 154 252 189
is_linear=0
shrinkage=0.05


Tree=175
num_leaves=31
num_cat=0
split_feature=12 0 3 12 8 13 12 9 19 5 11 0 0 12 12 5 0 5 9 1 3 3 1 3 2 0 19 2 2 11
split_gain=2.00145 2.08717 1.25032 1.80439 1.32597 2.32308 1.92046 1.61185 4.47697 2.05972 1.97133 1.79073 2.37006 2.91959 3.86159 2.33523 2.99861 2.95813 2.45133 2.27478 3.43806 2.21564 2.38653 2.28227 2.20992 1.65215 2.739 1.31693 1.78162 1.2006
threshold=0.35813700000000009 29.833681000000002 -0.039647499999999995 -0.027194499999999996 36.348385500000006 -0.070597499999999994 -0.027194499999999996 0.37537900000000007 2.4933670000000006 0.095165500000000014 0.76654000000000011 1.8441310000000002 1.7747450000000002 -0.0019179999999999998 0.012118000000000002 0.035295000000000007 1.5775790000000003 0.030229500000000003 0.018194500000000002 0.018842500000000002 0.054864500000000004 0.0046005000000000013 0.0086395000000000031 -0.0024229999999999994 0.045494000000000007 20.758309000000004 7.9403085000000013 0.21732050000000003 0.18148700000000004 0.76043500000000008
decision_type=2 2 2 2 2 2 2 2 2 2 2 2 2 2 2 2 2 2 2 2 2 2 2 2 2 2 2 2 2 2
left_child=1 2 3 -1 6 -6 -4 9 -9 11 -11 12 13 -7 -15 17 18 -16 -17 -20 -21 22 -13 -24 -18 26 27 28 29 -23
right_child=-2 -3 4 -5 5 7 -8 8 -10 10 -12 21 -14 14 15 16 24 -19 19 20 -22 25 23 -25 -26 -27 -28 -29 -30 -31
leaf_value=0.0026616372911105347 -0.024484362683838867 0.021547296761454129 -0.027947883790576628 -0.03584788779073516 0.024390403058593968 -0.034152364945997618 0.0045961961426583594 0.0042003883637125134 -0.042956305107071519 0.0067135323793187157 -0.045171787506306071 0.03494356335615631 -0.026643900344869881 0.032171621237745168 -0.0015133977572212988 -0.012794027746520482 -0.030790356371406691 -0.036300450738465766 -0.0033739915904700277 0.050124406594310916 0.0063079795542468689 -0.0013860468547192497 -0.0071247650763407479 0.025113697384978297 0.0015344549116871314 -0.020836464590016982 0.027495627237347144 0.018130517305939779 -0.020988314444044861 0.0049449263654269531
leaf_weight=6.0956560559570789 8.6740237139165384 10.7419046908617 10.25520120188594 6.071685962378977 9.6623790264129621 6.7929289862513533 8.1244920007884485 13.172098081558945 8.1455940231680852 2.9616897888481608 4.7938020760193467 10.008582588285206 11.437611892819403 8.3735455982387048 14.506827458739282 7.9167612046003333 9.2535933554172534 10.559339638799427 7.8823344483971622 9.2232460156083125 8.6997288689017278 208.90837433561683 13.821322143077849 9.1072303950786608 12.33622734993696 8.4376876801252347 9.8886906951665861 10.633875470608471 9.5849610641598684 116.72728158906102
leaf_count=37 45 66 66 45 48 43 46 69 46 51 63 52 59 47 76 41 49 55 44 43 43 1029 72 43 62 45 56 56 52 580
internal_value=-0.000642963 -0.000288928 -0.000698013 -0.0165552 -0.000354224 9.29809e-05 -0.0135622 -0.000347347 -0.0138184 0.000213694 -0.0253577 0.000607105 -0.00513447 -0.00255958 -0.000141515 -0.0035078 0.00222942 -0.0161677 0.0115445 0.0190113 0.0288561 0.00215387 0.0145726 0.00568037 -0.0123203 0.0010307 0.00154935 0.000807497 0.000257976 0.000883352
internal_weight=592.799 584.125 573.383 12.1673 561.215 542.836 18.3797 533.173 21.3177 511.856 7.75549 504.1 106.982 95.5445 88.7516 80.3781 55.3119 25.0662 33.7221 25.8053 17.923 397.118 32.9371 22.9286 21.5898 364.181 355.743 345.854 335.221 325.636
internal_count=3129 3084 3018 82 2936 2824 112 2776 115 2661 114 2547 562 503 460 413 282 131 171 130 86 1985 167 115 111 1818 1773 1717 1661 1609
is_linear=0
shrinkage=0.05


Tree=176
num_leaves=31
num_cat=0
split_feature=13 13 15 2 14 19 11 13 4 19 14 14 2 19 12 13 2 5 2 4 13 6 4 11 19 7 13 7 5 8
split_gain=2.31098 2.23601 1.42146 3.64516 3.07823 2.02786 2.44997 2.22108 3.27414 2.0817 2.50066 3.77351 3.60539 3.23117 2.8731 4.82344 2.00057 2.21029 2.41373 2.01311 1.59202 4.14137 4.41283 3.29003 2.8338 2.64607 2.68793 2.60945 2.53754 2.52087
threshold=-0.13871249999999999 -0.070597499999999994 1.0000000180025095e-35 -0.011019999999999997 0.014773000000000001 1.2485160000000002 0.57181350000000009 -0.0042344999999999995 -0.006125499999999999 1.4375020000000003 0.045774500000000003 0.034296500000000008 0.036111500000000012 3.4131480000000001 0.064394000000000021 0.13069150000000004 -0.025524499999999995 0.022458000000000002 0.036501000000000006 0.027958000000000004 0.035487500000000012 0.032341000000000002 -0.0072079999999999991 0.08308550000000002 1.3648885000000002 0.67139150000000003 0.0082785000000000011 0.79959850000000021 0.032818000000000007 44.506516000000012
decision_type=2 2 2 2 2 2 2 2 2 2 2 2 2 2 2 2 2 2 2 2 2 2 2 2 2 2 2 2 2 2
left_child=-1 -2 3 -3 -5 6 -6 -7 -9 -10 11 12 -11 -12 -14 -16 19 18 -18 -4 21 -19 24 -24 27 -25 -27 -23 -28 -26
right_child=1 2 16 4 5 7 -8 8 9 10 13 -13 14 -15 15 -17 17 20 -20 -21 -22 22 23 25 29 26 28 -29 -30 -31
leaf_value=-0.026604303133441278 0.021863902664731625 -0.030984010511676558 -0.0044363968026374491 -0.021881907709774502 0.037689446318651898 0.034543411473589677 0.0023809163258672883 -0.034651126698551742 -0.019407803519689362 0.031653147626482761 0.012139604062159935 0.038098713659592671 -0.024926748720503867 -0.037902980753512214 0.031769969083823228 -0.015264591188370808 0.026675189007452284 0.013068129203857071 -0.0057750244186776023 0.034377759442706074 -0.0015719441884711549 -0.00079915143095732474 -0.057411044608262407 -0.044247357101875634 -0.013844780398097084 0.012124575902113993 -0.0035309567712502148 -0.039665657852670885 -0.041471774411969087 0.019559986583303456
leaf_weight=8.3946862928569299 11.279171966016291 6.9489830620586863 6.0373474247753602 8.9297303184866887 11.760179020464422 6.0458275601267806 8.4379787277430278 5.3548989221453658 7.3600574508309355 10.496875524520872 6.94438413903117 11.979568205773829 9.636046454310419 6.0236626490950584 10.721072584390642 11.088426224887369 13.116810418665411 17.870981443673372 10.176459170877932 7.4788767863065004 314.27100684866309 9.9188160039484519 6.6585393706336609 7.9306298196315756 8.4809929728508013 8.3467264659702796 8.9002134129405039 7.648711033165454 8.7292902991175634 16.905653662979603
leaf_count=57 55 42 38 48 56 31 44 28 38 51 41 60 47 42 53 54 67 96 52 43 1632 53 41 42 47 48 40 46 54 84
internal_value=-0.000556307 -0.000182826 -0.000615897 0.0041804 0.00630934 0.00868764 0.022939 0.00532689 0.00310796 0.00583114 0.00860823 0.0133492 0.00628032 -0.0111052 -0.00218942 0.00785657 -0.00190624 -0.00248964 0.0124982 0.0170405 -0.00332955 -0.00877743 -0.0134518 -0.0252784 -0.00228292 -0.0189683 -0.0112505 -0.0177212 -0.0223174 0.00840036
internal_weight=593.873 585.478 574.199 121.728 114.779 105.849 20.1982 85.6508 79.605 74.2501 66.89 53.922 41.9424 12.968 31.4455 21.8095 452.471 438.955 23.2933 13.5162 415.662 101.391 83.5196 40.5654 42.9542 33.9069 25.9762 17.5675 17.6295 25.3866
internal_count=3130 3073 3018 635 593 545 100 445 414 386 348 265 205 83 154 107 2383 2302 119 81 2183 551 455 225 230 184 142 99 94 131
is_linear=0
shrinkage=0.05


Tree=177
num_leaves=31
num_cat=0
split_feature=13 7 19 1 0 19 19 2 0 1 13 4 19 19 3 7 1 13 12 15 13 7 2 13 6 12 12 6 7 1
split_gain=1.85716 3.88294 2.60538 2.53484 1.54156 1.77643 2.89923 2.81204 4.31391 3.11265 4.10025 3.46386 2.35655 3.20567 3.19082 2.83055 4.202 4.21572 2.71379 2.36053 4.03064 2.41433 2.32829 3.98965 2.2287 1.9961 3.10717 2.54636 2.94886 2.01638
threshold=-0.028861499999999995 0.74615050000000005 1.3744200000000004 0.022047500000000005 29.833681000000002 4.0154435000000008 4.8963390000000011 0.042865500000000008 6.1576795000000013 0.10773500000000001 0.22184900000000005 0.12023800000000001 2.9978175000000005 2.2474955000000003 0.054864500000000004 0.56840450000000009 0.026456500000000004 0.17031300000000002 0.086078000000000016 1.5000000000000002 0.11620500000000002 0.80866450000000012 0.13105200000000003 0.22184900000000005 0.10790600000000002 0.10554250000000001 0.16806100000000004 0.082150500000000015 0.75343500000000019 0.016677000000000001
decision_type=2 2 2 2 2 2 2 2 2 2 2 2 2 2 2 2 2 2 2 2 2 2 2 2 2 2 2 2 2 2
left_child=1 3 -3 -1 5 12 24 -8 -9 10 11 -10 13 22 -15 -14 -17 18 -18 21 -21 -16 25 -24 -7 29 27 28 -27 -2
right_child=4 2 -4 -5 -6 6 7 8 9 -11 -12 -13 15 14 19 16 17 -19 -20 20 -22 -23 23 -25 -26 26 -28 -29 -30 -31
leaf_value=0.0072580974756620053 -0.0088597168809841538 -0.004976315243069694 0.032306354141131935 -0.030708060144452012 0.017583514664092813 -0.012946685114688434 -0.021475977400014289 0.031902189787249381 -0.024674281076329768 0.021280564142801019 -0.043721097323455832 0.021592816501979795 0.037292385376754826 -0.026057507765192441 -0.01015737264777971 0.024950502962011727 -0.0043431038631776553 0.017592766931536812 -0.040314490550666111 0.0043334248496577103 -0.037302770780237075 0.022730800886564859 -0.041104638122194559 0.0031745993481425826 -0.046203770221813274 0.031821474197259877 -0.01038314447782054 0.037811909785971445 -0.0061495913853615034 0.0021196476194349501
leaf_weight=11.187131341546776 52.820544352754951 6.3095441833138493 18.210125684738159 7.2426640838384619 10.794067148119209 16.902709353715185 14.210608499124644 10.582496389746664 7.4928731396794381 8.4444181751459819 7.8318264186382285 8.7921638004481775 7.6897889971733084 24.20908117480576 10.152031879872085 17.269499440677464 13.306815259158613 12.791017979383467 8.6526636406779271 12.683782331645491 10.729773327708243 12.3915983363986 8.8823703378438967 11.906024899333714 7.1764108892530194 8.4582727886736411 12.173562343232332 11.785830326378344 12.928805710747836 200.74688480049372
leaf_count=64 309 40 96 40 62 89 105 55 45 48 44 45 40 134 51 89 69 68 44 61 56 61 50 61 41 41 73 57 64 985
internal_value=-0.000329417 0.00967867 0.0227126 -0.0076621 -0.00112277 -0.00150302 -0.00829807 -0.00218518 0.00416878 -0.00484464 -0.0139923 0.000304962 -0.000272208 -0.00168888 -0.0113667 0.00897779 0.00479222 -0.00522557 -0.0185169 -0.00362801 -0.0147473 0.00792033 0.000435157 -0.0157448 -0.0228584 0.00156042 0.0112223 0.0191509 0.0088674 -0.00016746
internal_weight=584.755 42.9495 24.5197 18.4298 541.806 531.012 81.4335 57.3544 43.1438 32.5613 24.1169 16.285 449.578 389.869 70.1663 59.7098 52.02 34.7505 21.9595 45.9572 23.4136 22.5436 319.702 20.7884 24.0791 298.914 45.3465 33.1729 21.3871 253.567
internal_count=3087 240 136 104 2847 2785 472 342 237 182 134 90 2313 2003 363 310 270 181 113 229 117 112 1640 111 130 1529 235 162 105 1294
is_linear=0
shrinkage=0.05


Tree=178
num_leaves=31
num_cat=0
split_feature=19 1 7 7 2 0 0 7 4 14 4 1 3 1 2 6 19 3 19 6 0 4 0 7 4 6 19 0 7 7
split_gain=1.47422 3.14458 2.30418 2.4013 2.22148 4.48235 2.04811 2.01574 1.64846 1.42919 1.71369 1.31798 1.69634 1.15752 1.17787 2.52864 2.63154 2.21144 2.22368 2.07355 3.27468 3.04158 2.70352 3.36882 3.07821 2.46792 4.34653 2.7656 2.99207 2.34773
threshold=4.2744530000000003 0.14920050000000004 0.73345550000000015 0.53981900000000016 0.041468000000000005 16.089484000000002 27.805858500000003 0.84680600000000006 0.15746350000000003 0.044082500000000004 0.086285500000000015 0.10003300000000002 0.11879650000000001 0.095531000000000019 0.13862700000000003 0.092483000000000024 2.8613025000000003 0.062190000000000002 1.8078795000000001 0.064014000000000015 2.2821840000000004 0.14116500000000001 3.8064020000000003 0.87470550000000002 0.12023800000000001 0.052634500000000008 1.0673570000000001 1.6228845000000003 0.79462900000000014 0.6237410000000001
decision_type=2 2 2 2 2 2 2 2 2 2 2 2 2 2 2 2 2 2 2 2 2 2 2 2 2 2 2 2 2 2
left_child=1 11 3 -2 5 -4 7 -6 -9 10 -5 13 -13 14 15 19 17 -17 -19 25 21 -21 23 24 -22 -1 -27 -28 29 -29
right_child=2 -3 4 9 6 -7 -8 8 -10 -11 -12 12 -14 -15 -16 16 -18 18 -20 20 22 -23 -24 -25 -26 26 27 28 -30 -31
leaf_value=0.00045044636258867752 0.0044191496256728658 0.032411664742135166 -0.04154457768552923 -0.035911225920527812 0.035439945613206951 0.020311320302036501 -0.015564850334600087 0.023297147868759298 -0.0044069986190416509 -0.042285742464113922 -0.0045361564221631876 0.007388294939751669 -0.022741252308760951 0.018999653641317414 -0.01008048850753265 -0.0081537592259588437 0.038725152786765991 0.038975798365492954 0.0023598157022034156 -0.0024372047772966803 0.045947314178393178 -0.035700491081660422 -0.0081269760831772925 -0.013508994665617944 0.0044573204813461555 -0.020994266153470331 -0.014658073805857239 0.030048979482792088 0.03412226285985509 -0.0013297619710482735
leaf_weight=250.59316672198474 11.345661815255879 8.196523964405058 7.3620370924472791 6.8408010937273565 7.7083739638328579 4.8635774552822113 7.6748575866222373 8.5476193800568598 14.440861131995915 7.0957533642649642 11.963017575442789 7.4854406062513617 12.427664797753094 9.4920620173215848 21.454166449606419 13.131689719855787 8.5052050277590734 7.7071441747248199 8.9747787434607726 12.839430879801514 8.8295779675245338 14.787628207355736 38.412816382944584 8.3595602735877019 9.0550809353589994 8.8955679945647699 6.2495432645082465 9.0229324400424975 22.403473999351263 17.565627429634333
leaf_count=1293 68 45 64 43 39 35 40 44 77 52 60 40 66 50 116 82 50 38 48 71 44 75 191 41 44 50 32 44 111 87
internal_value=0.000653592 0.00169465 -0.00532413 -0.0147627 0.00162367 -0.0169371 0.00753734 0.0133134 0.00589401 -0.0231655 -0.0159504 0.00118724 -0.0114154 0.00171415 0.00136266 0.00191394 0.0141931 0.00719464 0.0192766 0.000757898 -0.00583275 -0.0202417 0.000323979 0.0126934 0.0249407 0.00269038 0.0114422 0.0166654 0.0206611 0.00931874
internal_weight=592.232 504.389 87.8426 37.2452 50.5973 12.2256 38.3717 30.6969 22.9885 25.8996 18.8038 496.193 19.9131 476.279 466.787 445.333 38.3188 29.8136 16.6819 407.014 92.2841 27.6271 64.657 26.2442 17.8847 314.73 64.1371 55.2416 48.992 26.5886
internal_count=3140 2618 522 223 299 99 200 160 121 155 103 2573 106 2467 2417 2301 218 168 86 2083 466 146 320 129 88 1617 324 274 242 131
is_linear=0
shrinkage=0.05


Tree=179
num_leaves=31
num_cat=0
split_feature=13 8 9 11 8 19 2 14 19 8 2 2 4 8 12 13 12 11 13 0 14 19 9 14 2 19 9 19 12 0
split_gain=1.50223 4.03689 3.26205 5.12979 2.21927 2.14506 2.72017 3.61323 2.35404 1.74706 2.71661 3.11346 2.9924 1.70815 2.47102 3.03761 5.2366 2.83465 2.18048 3.00289 2.18964 2.11797 1.9855 2.37399 3.6853 3.28204 3.32136 3.18232 3.39426 3.37066
threshold=0.10408800000000001 64.544081500000019 0.052924000000000006 0.56173800000000018 57.615721500000014 6.3064405000000008 0.18641600000000003 0.053799000000000007 8.1737670000000016 74.447983000000008 0.042397500000000012 0.023478500000000003 0.087555000000000008 72.727274500000007 0.067350000000000007 0.08407000000000002 0.055208500000000008 0.23875000000000002 0.061542000000000006 2.7827545000000007 0.022363500000000005 2.3522600000000002 0.022121500000000006 0.015103 0.0065485000000000005 1.2966645000000001 0.13548300000000002 1.6531425000000002 0.024120500000000003 3.8064020000000003
decision_type=2 2 2 2 2 2 2 2 2 2 2 2 2 2 2 2 2 2 2 2 2 2 2 2 2 2 2 2 2 2
left_child=9 2 -2 -4 -5 6 7 -3 -7 13 11 -11 -12 14 15 16 18 -17 22 20 -20 -18 -1 24 -24 -26 -27 -25 -29 -30
right_child=1 5 3 4 -6 8 -8 -9 -10 10 12 -13 -14 -15 -16 17 21 -19 19 -21 -22 -23 23 27 25 26 -28 28 29 -31
leaf_value=0.016370888209382196 -0.037423123933241549 -0.0031388651807421775 0.024045720484383991 -0.0032934197084971573 -0.044650865871062095 0.02909388212558486 -0.020634473683685872 0.025961898105700931 0.00030806113482541281 0.0036334504685630806 -0.022040399295956817 0.045981633660920201 0.016912962031035782 -0.022376913625307027 0.015660647201476943 0.041514556117740284 -0.049389961049919197 0.0031419795309385358 -0.045783059747118257 0.0065572777230562861 -0.0099584540938071273 -0.01297526241524128 0.013617541694635058 0.0087876694563802215 -0.049747185274288827 -0.028862235685312144 0.013006784158761773 0.0032934107074159211 -0.040951782914986398 -0.003129819405539839
leaf_weight=20.27815830335021 14.633444430306552 143.60651900619268 8.2733616605401057 5.8509386871010047 7.2792897149920464 11.44442353397608 19.851450562477112 11.522466611117123 18.719140522181988 8.2220394872128981 9.1597831696271914 9.193050801753996 10.677349813282488 8.2192442268133146 25.347759777680039 7.8321307003498104 7.4157330356538322 12.48434176109731 7.9023039266467157 11.513802470639346 9.2674709539860469 8.6515800282359105 10.526840357109903 88.18813356757164 7.3534582778811481 10.784356065094473 8.4464170485734922 37.548535294830799 11.104966111481192 12.545544549822806
leaf_count=119 88 698 41 42 50 58 106 72 105 44 48 43 52 42 131 38 39 65 42 58 50 47 60 470 46 56 41 215 64 60
internal_value=-0.000772799 -0.00379589 -0.0192298 -0.00679126 -0.0262216 -0.00108466 -0.00320745 -0.000977357 0.0112298 0.00135499 0.0115775 0.0259881 -0.00107373 0.000108108 0.000729963 -0.000662232 -0.00216436 0.0179349 -0.000279781 -0.0131986 -0.0264466 -0.0297822 0.00151228 -0.000103307 -0.0114215 -0.0213365 -0.0104728 0.00270838 -0.0060519 -0.0208889
internal_weight=583.844 241.181 36.037 21.4036 13.1302 205.144 174.98 155.129 30.1636 342.663 37.2522 17.4151 19.8371 305.411 297.192 271.844 251.527 20.3165 235.46 28.6836 17.1698 16.0673 206.776 186.498 37.1111 26.5842 19.2308 149.387 61.199 23.6505
internal_count=3090 1260 221 133 92 1039 876 770 163 1830 187 87 100 1643 1601 1470 1367 103 1281 150 92 86 1131 1012 203 143 97 809 339 124
is_linear=0
shrinkage=0.05


Tree=180
num_leaves=31
num_cat=0
split_feature=3 3 11 19 15 1 3 11 14 13 14 13 1 1 2 1 7 1 0 19 2 15 3 19 0 19 19 3 13 11
split_gain=2.39392 3.02988 2.75213 2.62714 2.24239 2.42179 2.2398 3.49146 3.45512 4.55595 2.92244 3.27504 2.14337 3.32648 2.31858 2.33756 3.13172 3.88753 2.68758 2.84977 2.54689 2.19711 4.92592 3.53521 2.18386 2.38187 3.79854 2.91094 2.79961 2.08378
threshold=0.17897850000000001 0.0062175000000000017 0.71201900000000007 5.7255035000000012 4.5000000000000009 0.11058200000000001 -0.010485 0.10172400000000002 0.014590500000000001 0.07592900000000001 0.018480000000000003 0.031280000000000009 0.11977750000000002 0.10169850000000001 0.092811000000000018 0.035005500000000009 0.57460950000000011 0.037668000000000007 1.6148625000000003 2.7422565000000003 0.059121000000000007 1.5000000000000002 0.1079085 2.9626380000000005 6.5340700000000007 1.2353910000000001 1.1178925000000002 0.037252 0.0082785000000000011 0.28251700000000007
decision_type=2 2 2 2 2 2 2 2 2 2 2 2 2 2 2 2 2 2 2 2 2 2 2 2 2 2 2 2 2 2
left_child=1 6 -2 12 5 -4 7 -1 -8 -10 -9 -12 13 14 15 24 -17 -18 -19 -20 -21 22 -16 -23 25 26 27 28 -3 -27
right_child=2 3 4 -5 -6 -7 8 10 9 -11 11 -13 -14 -15 21 16 17 18 19 20 -22 23 -24 -25 -26 29 -28 -29 -30 -31
leaf_value=0.03031514800312668 -0.010737572321211489 -0.015399830838907752 0.027081090389048875 -0.016686552938488679 -0.0039929565182939978 0.001755178788966515 0.049098861996002802 -0.031878432281492876 -0.0036215795063052761 0.033480796236436489 0.01765515263965511 -0.016245834523454857 0.024300241670661655 -0.032657827142787116 0.021303367178348923 0.021305035756894717 -0.035550169661826697 -0.028978626056951173 0.0005936469987147528 -0.038362308473226664 -0.0037286907743860095 0.0066294108291622611 -0.018213782146219718 0.042546666793723605 0.02447754047872849 -0.013379037443315676 0.033704949537986549 -0.019699407932283405 0.024944999434783937 0.00057625898791630839
leaf_weight=8.2317546159028989 13.249079557135699 6.2550294548273149 32.327991908416152 27.086884098127484 12.801226589828728 13.332378268241881 6.9572583250701419 8.2700943574309331 21.698296589776874 13.373641720972953 15.295316286385061 13.335399199277161 8.4586440846323949 8.1968032792210561 13.873088419437407 8.9781698361039144 12.649445358663796 11.740891236811875 80.434083862230182 9.9950738251209277 11.320508345961569 23.253923553973436 18.273151785135269 9.7122979015111905 9.6995960660278779 36.235421814024448 12.42361190356314 10.98421625047922 13.756901042535899 102.17875582166016
leaf_count=44 79 38 169 152 68 71 43 47 124 71 86 83 42 43 72 42 64 61 398 51 57 121 89 50 51 191 63 64 70 532
internal_value=0.00127144 9.60775e-05 0.00983815 -0.001607 0.0145012 0.0196862 0.00860558 0.000870894 0.0169114 0.0105263 -0.00569747 0.00186501 -0.00060691 -0.00113366 -0.000474089 -0.00219144 -0.0072273 -0.00925813 -0.00632766 -0.00371397 -0.0199687 0.00814139 -0.00115969 0.0172111 0.00136113 0.000128032 0.0103454 0.000982604 0.0123346 -0.0030771
internal_weight=594.379 522.668 71.7107 435.506 58.4616 45.6604 87.1618 45.1326 42.0292 35.0719 36.9008 28.6307 408.42 399.961 391.764 326.652 135.118 126.14 113.491 101.75 21.3156 65.1125 32.1462 32.9662 191.534 181.834 43.4198 30.9961 20.0119 138.414
internal_count=3136 2749 387 2251 308 240 498 260 238 195 216 169 2099 2057 2014 1682 673 631 567 506 108 332 161 171 1009 958 235 172 108 723
is_linear=0
shrinkage=0.05


Tree=181
num_leaves=31
num_cat=0
split_feature=19 3 8 2 8 2 0 8 7 19 2 8 3 11 6 7 6 19 7 6 8 5 11 19 6 1 13 5 0 2
split_gain=2.17019 1.98207 1.90894 1.25217 2.81368 2.29655 2.66454 3.766 4.72356 4.23991 2.30867 2.16288 2.16171 3.67243 1.87939 3.13455 3.04035 3.92793 2.96405 1.87537 5.30236 3.25043 3.04901 2.68429 2.25767 2.77498 3.52974 2.13486 3.74665 2.61984
threshold=10.622859000000002 0.2780645000000001 72.546550500000009 0.046463500000000005 86.310349500000015 0.044900500000000003 2.5473815000000006 74.447983000000008 0.72238250000000015 5.1889700000000003 0.030511000000000003 89.305802500000013 0.033350500000000012 0.55064100000000016 0.044246500000000008 0.60002200000000017 0.057436500000000008 1.6782770000000002 0.78287050000000014 0.043808000000000007 71.628458000000009 0.031830500000000005 0.23413450000000002 6.6157090000000016 0.05327500000000001 0.040951000000000008 0.08407000000000002 0.046103500000000006 3.8064020000000003 0.10992850000000001
decision_type=2 2 2 2 2 2 2 2 2 2 2 2 2 2 2 2 2 2 2 2 2 2 2 2 2 2 2 2 2 2
left_child=1 3 -2 5 19 6 10 9 -9 14 -1 -6 -12 -14 -8 -16 -17 -18 -19 20 22 -22 -5 24 25 26 -21 28 -26 -30
right_child=2 -3 -4 4 11 -7 7 8 -10 -11 12 -13 13 -15 15 16 17 18 -20 23 21 -23 -24 -25 27 -27 -28 -29 29 -31
leaf_value=-0.0033179226043903126 2.2097796180515833e-05 0.014977697673935433 -0.033529514909310734 0.049540021947523841 -0.034646413137197928 -0.030779879725439347 -0.0072234566184394451 -0.0015061670444262397 0.049373021782314369 -0.035609334105757624 -0.0035653294399997366 -0.0012056618524047371 -0.051838825231471 -0.0099987823462361 -0.024867269056761149 0.027007249990011473 -0.027769660071105103 0.038999770714178393 -0.0053338016397940849 -0.043550273383795378 -0.034333156184652193 0.0091068301918155788 0.01441744918303605 0.027132195775405078 0.021203498582640343 0.00426768597818219 -0.0046803031610684314 -0.0041878701088833934 -0.007125354063924708 0.01636730498709844
leaf_weight=109.76689054165035 7.7263503996655372 20.414095267653465 9.3936911560595018 8.5711576119065302 9.1220501251518744 7.4315376020967951 30.292819058522582 9.0596172362566012 9.1881939806044084 7.9752883296459904 15.503404352813957 10.28923894651234 9.2399819307029265 12.128808951005338 6.1571527048945418 20.955890513956547 7.9444270618259933 7.158669997006653 7.9649765491485596 10.559978961944582 7.7881542965769794 9.6320896744728071 22.141083175316453 9.2405514493584615 31.718154244124889 17.382038615643978 13.068598192185162 71.414003927260637 40.388825960457325 16.805029645562172
leaf_count=600 56 108 54 41 47 40 156 48 44 64 80 54 50 71 33 102 44 35 52 56 41 49 115 52 153 85 62 386 194 86
internal_value=-0.000851991 -0.000315235 -0.0183875 -0.000894559 0.00143924 -0.00338366 -0.00258 0.00343148 0.0241127 -0.000835229 -0.00695405 -0.0169207 -0.0177787 -0.0280906 0.00261102 0.0085478 0.0132212 0.000697451 0.0156512 0.0028168 0.011721 -0.0103141 0.0242194 0.000781539 -0.000427852 -0.0108965 -0.0220519 0.00224999 0.00742087 -0.000222605
internal_weight=576.423 559.303 17.12 538.889 278.121 260.768 253.336 106.697 18.2478 88.4492 146.639 19.4113 36.8722 21.3688 80.4739 50.1811 44.024 23.0681 15.1236 258.71 48.1325 17.4202 30.7122 210.577 201.337 41.0106 23.6286 160.326 88.912 57.1939
internal_count=3058 2948 110 2840 1421 1419 1379 578 92 486 801 101 201 121 422 266 233 131 87 1320 246 90 156 1074 1022 203 118 819 433 280
is_linear=0
shrinkage=0.05


Tree=182
num_leaves=31
num_cat=0
split_feature=9 14 8 12 13 12 0 1 9 0 19 8 13 8 5 5 19 2 14 11 14 14 11 2 15 5 9 0 0 0
split_gain=1.71155 2.78323 1.95102 2.71898 5.40438 3.17583 2.30028 2.17701 1.89395 5.32563 2.35803 2.03669 3.93726 1.88053 1.45305 3.67201 2.96221 3.50588 2.39899 1.90554 3.34061 3.91219 2.48993 2.41229 4.17737 3.8357 2.3123 2.28716 2.2692 3.93136
threshold=0.0069450000000000007 0.018153500000000006 80.871244000000019 0.080345500000000014 0.2070525 0.056891000000000004 4.1344205000000009 0.024265500000000002 0.014404500000000002 4.7615205000000005 1.7376100000000003 87.408380000000008 0.23047450000000003 85.595124500000011 0.042264000000000003 0.044319000000000004 2.0743570000000005 0.039028500000000008 0.033138500000000008 0.97419250000000013 0.026404500000000004 0.028773000000000003 0.12310600000000001 0.029911500000000004 2.5000000000000004 0.066223000000000018 0.029510500000000005 6.1576795000000013 2.6720590000000004 2.0362950000000004
decision_type=2 2 2 2 2 2 2 2 2 2 2 2 2 2 2 2 2 2 2 2 2 2 2 2 2 2 2 2 2 2
left_child=1 -1 3 5 6 7 -5 -3 9 10 -2 14 -13 -4 18 16 17 -16 -10 20 -17 -22 -23 24 25 -24 -25 -21 29 -28
right_child=8 2 13 4 -6 -7 -8 -9 11 -11 -12 12 -14 -15 15 19 -18 -19 -20 27 21 22 23 26 -26 -27 28 -29 -30 -31
leaf_value=-0.017347931831634581 -0.012508273152031497 -0.012805172586344818 0.044329936413711829 -0.042168119462230196 0.018882916862097667 0.043722953092768052 -0.0048976776170135414 0.021242798653788943 -0.0010534172827387103 -0.045116267903982293 0.022112281906737891 0.045772212640462467 -0.0014210669507770668 0.0097021144353727686 0.0085202392296027229 -0.016233570943537876 -0.0024099514377068959 0.052821666747437761 -0.022604264239766185 -0.0015284583153469867 0.039829230982582668 -0.025696204767322858 -0.013634035060983341 0.028191535456192986 0.045280325664585348 0.028666911971813903 0.0014099543739867848 -0.031074558798548764 0.0054206566341182972 -0.038990566911244487
leaf_weight=9.7013965016230923 11.94964081048966 8.0273901000618988 7.7421581819653493 7.9333104416728082 14.743907595053313 8.5366059616208059 8.6579810306429845 11.308678593486546 247.76610212773085 8.6453214138746244 8.3587579205632192 7.2953465431928661 11.211310336366294 7.9434582702815533 8.2873341441154533 18.879844920709729 9.266228184103964 9.6846099346876127 13.62343307584524 21.845607440918688 8.1555269658565503 6.6586278174072495 11.905926559120422 6.992524839937686 9.4287899844348413 9.7456287480890733 16.191988453269008 9.354749968275426 39.875441474840045 9.5867009125649911
leaf_count=55 63 57 40 43 75 43 45 57 1255 41 41 37 62 44 42 117 47 47 70 127 40 42 65 33 57 59 93 60 218 58
internal_value=0.00126894 0.00785073 0.0111149 0.00696111 -0.00314435 0.0183219 -0.022719 0.00710775 0.000165762 -0.01225 0.00174124 0.000921364 0.0171826 0.0267938 0.000263209 0.00351936 0.0205534 0.0323931 -0.00217663 0.000767785 0.00330044 0.00641159 0.00394262 0.00584525 0.0175027 0.00540614 0.000857853 -0.0103872 -0.00205333 -0.0136144
internal_weight=589.304 84.5949 74.8935 59.2079 31.3352 27.8727 16.5913 19.3361 504.709 28.9537 20.3084 475.756 18.5067 15.6856 457.249 195.86 27.2382 17.9719 261.39 168.621 137.421 118.541 110.386 103.727 31.0803 21.6516 72.6467 31.2004 65.6541 25.7787
internal_count=3133 459 404 320 163 157 88 114 2674 145 104 2529 99 84 2430 1105 136 89 1325 969 782 665 625 583 181 124 402 187 369 151
is_linear=0
shrinkage=0.05


Tree=183
num_leaves=31
num_cat=0
split_feature=6 15 6 6 5 13 1 13 3 19 12 5 11 5 5 19 14 11 2 6 2 6 6 5 5 14 12 13 19 14
split_gain=1.64712 2.12046 3.39209 6.19218 3.16131 2.21506 1.91945 1.74992 2.54219 2.74471 2.10693 3.48437 2.81797 3.49302 2.57487 2.54057 2.5868 2.369 2.35064 3.55452 2.2135 1.5535 1.49521 1.34103 1.29949 1.26546 1.77905 2.10291 2.86711 2.41306
threshold=0.062915000000000013 4.5000000000000009 0.070604500000000014 0.085253500000000024 0.045894000000000011 0.21457000000000004 0.14920050000000004 0.23047450000000003 0.17897850000000001 2.7919525000000003 0.07413850000000001 0.03654000000000001 0.6469180000000001 0.060222500000000005 0.043162000000000006 4.675507500000001 0.030947000000000002 0.27475500000000003 0.059675000000000006 0.10328700000000002 0.10053100000000001 0.10537950000000001 0.16857650000000002 0.034185000000000007 0.050470500000000008 0.0598985 0.120384 0.13069150000000004 2.0743570000000005 0.039484500000000006
decision_type=2 2 2 2 2 2 2 2 2 2 2 2 2 2 2 2 2 2 2 2 2 2 2 2 2 2 2 2 2 2
left_child=25 6 -3 -4 -5 -6 7 10 21 -10 12 20 14 -14 23 16 -13 -16 -18 -20 -12 -9 -8 -2 -11 26 27 29 -29 -1
right_child=1 2 3 4 5 -7 22 8 9 24 11 15 13 -15 17 -17 18 -19 19 -21 -22 -23 -24 -25 -26 -27 -28 28 -30 -31
leaf_value=0.0028988256814331311 0.0025676381889271471 -0.041226246558926087 0.023598191433014774 -0.035524170090410319 -0.02347914924001071 0.013972427785415339 0.033303407229852873 -0.012714937803442451 0.022135192343575298 0.0047280787523454899 0.0092554680613554843 -0.023727418114794802 -0.040797947878518363 -0.0004070558051486341 -0.0022182684069866183 0.022438084118494763 -0.02462672590744849 0.030596555840512858 0.02886775335996359 -0.0098086398519294862 0.045441512524252749 -0.041692959633843618 0.00058660108852304097 -0.020196011768493182 -0.024824591330190104 -0.014621557262002108 0.016126839001138177 0.0007052941765150442 -0.029380187778134472 0.029782670718972976
leaf_weight=261.56531731039286 12.734937168657781 8.1699025332927686 12.454087436199186 14.150239244103433 7.2364291725680223 8.6881989315152151 7.2740960717201215 12.222250096499922 9.1476174890995043 6.3855388611555091 8.612232908606531 12.464618362486361 10.45830111205578 10.964540762826799 10.947558600455524 10.934758003801106 5.9799691122025278 11.053054971620439 12.46625415235758 11.348504673689602 8.2979392856359464 7.4406283386051646 6.7169631496071815 13.151251960545776 8.9103682134300453 10.164243843406437 24.954871948808432 24.295937575399876 11.748209498822687 8.622057877480982
leaf_count=1329 62 40 62 68 63 47 42 63 46 33 41 58 61 75 72 61 38 63 62 63 41 45 40 69 52 83 122 118 60 46
internal_value=0.000502557 -0.00259671 -0.0117183 -0.0060498 -0.0183271 -0.00304622 -0.000255295 -0.00161626 -0.0102966 0.000469628 0.00112996 0.00724172 -0.00505188 -0.0201253 0.00169142 0.000956762 -0.00460161 0.0142678 0.00339967 0.0104372 0.0270122 -0.0236805 0.0175964 -0.00899724 -0.0124873 0.00275616 0.00328949 0.00224337 -0.00910075 0.00375673
internal_weight=589.561 248.21 50.6989 42.529 30.0749 15.9246 197.511 183.52 44.1064 24.4435 139.414 70.1043 69.3096 21.4228 47.8868 53.1941 42.2593 22.0006 29.7947 23.8148 16.9102 19.6629 13.9911 25.8862 15.2959 341.351 331.186 306.232 36.0441 270.187
internal_count=3125 1367 280 240 178 110 1087 1005 239 131 766 364 402 136 266 282 221 135 163 125 82 108 82 131 85 1758 1675 1553 178 1375
is_linear=0
shrinkage=0.05


Tree=184
num_leaves=31
num_cat=0
split_feature=4 12 19 11 11 9 0 4 8 15 11 9 12 8 3 3 4 3 12 12 9 3 9 5 8 3 3 5 3 8
split_gain=1.59547 2.47621 2.14242 2.18933 5.59805 2.33316 2.24908 5.43074 2.53578 3.10699 1.58872 1.33444 2.06949 1.25021 1.33557 2.85206 3.02512 2.24651 2.6339 2.50901 2.22025 1.49528 1.33839 2.29597 2.49904 2.15558 5.15074 2.94017 4.60246 3.44895
threshold=0.0071170000000000009 -0.011619499999999998 1.1178925000000002 0.74841750000000007 0.53587350000000011 0.14188700000000001 4.0864985000000011 -0.0082824999999999982 40.11801950000001 2.5000000000000004 0.33935500000000007 0.19062850000000003 0.010103500000000003 45.509909000000007 -0.017751999999999997 0.0028150000000000002 0.1188675 0.022856500000000005 0.027704500000000003 0.030959500000000004 0.11045800000000001 0.012220000000000002 0.065300500000000011 0.027393500000000005 66.695552000000006 0.056307500000000003 0.064121500000000012 0.042406000000000006 0.11439500000000001 68.198949000000013
decision_type=2 2 2 2 2 2 2 2 2 2 2 2 2 2 2 2 2 2 2 2 2 2 2 2 2 2 2 2 2 2
left_child=2 -2 11 4 6 -5 8 -8 -4 10 -10 12 -1 -3 -15 16 -16 18 -17 20 -19 -20 -21 24 -24 -25 -27 -28 29 -29
right_child=1 13 3 5 -6 -7 7 -9 9 -11 -12 -13 -14 14 15 17 -18 19 21 22 -22 -23 23 25 -26 26 27 28 -30 -31
leaf_value=-0.020112293072670592 0.023030432686000149 -0.016122933473501935 0.013525701059751351 0.03039604797110362 -0.04452133771726538 -0.0067556230474557057 0.030534973878698791 -0.022512058755085922 -0.035226421512848334 0.0030706219159485669 -0.0088503297505167517 0.018461707800636436 0.016228087245510257 -0.016187560730665046 0.0030093202345962242 0.0052419094374859775 0.040571883868739361 0.039181835166942368 -0.0082210684372566109 -0.0016039615028407253 0.0044798566081803081 -0.036718279182191692 -0.033341043630260574 -0.0045952493992249188 0.0032769804714881121 0.04842673343577486 -0.003569073858003962 0.012670613845925108 0.0045054483060377919 0.059813825090982743
leaf_weight=8.2968653216958064 12.94554306194186 10.594576012343166 7.8007528670132151 6.7758481763303307 11.384831597097216 11.229859411716459 11.16686210408807 8.4952396247535926 18.756533924490217 12.36612683534622 8.2071490585803968 13.541668713092802 7.4223414640873662 10.698414497077463 12.355123610235752 12.991996988654138 9.4673614762723428 8.1976324226707238 8.2706346549093741 213.15417342074215 10.529956541955469 10.380797773599623 7.7182530015707043 29.039873738773167 11.756360054016112 8.3698108289390785 35.65272269397974 7.3070850837975732 31.669353928416967 8.2710413336753827
leaf_count=53 76 63 41 35 70 71 56 58 104 68 42 75 42 68 67 63 52 42 40 1082 54 58 37 148 61 43 181 41 183 40
internal_value=0.000108302 0.00147304 -0.00488931 -0.00849336 -0.0121136 0.00722517 -0.00658972 0.00761539 -0.0125159 -0.017681 -0.0271981 0.00695754 -0.00295299 0.000847913 0.00126046 0.00169953 0.0193053 0.000746914 -0.0120422 0.00183577 0.01967 -0.0240817 0.000889452 0.0046916 -0.0112356 0.00726975 0.0110449 0.00727073 0.0154504 0.0377008
internal_weight=584.815 459.371 125.444 96.1832 78.1775 18.0057 66.7927 19.6621 47.1306 39.3298 26.9637 29.2609 15.7192 446.425 435.831 425.132 21.8225 403.31 31.6434 371.666 18.7276 18.6514 352.939 139.785 19.4746 120.31 91.27 82.9002 47.2475 15.5781
internal_count=3114 2399 715 545 439 106 369 114 255 214 146 170 95 2323 2260 2192 119 2073 161 1912 96 98 1816 734 98 636 488 445 264 81
is_linear=0
shrinkage=0.05


Tree=185
num_leaves=31
num_cat=0
split_feature=13 13 5 11 13 15 7 2 1 4 15 5 15 9 14 8 1 5 13 2 9 3 11 14 4 0 3 8 13 7
split_gain=1.735 2.11455 2.99153 2.28489 2.1047 1.70849 1.5843 1.49098 1.21496 2.96295 2.09317 1.25729 3.92688 1.08338 1.22748 3.16519 2.19525 2.06142 2.29971 1.81111 2.69892 4.59445 7.16999 2.46097 3.06507 1.99276 4.01507 4.98538 3.10352 2.68134
threshold=-0.010657499999999999 -0.017741499999999997 0.032094500000000005 0.83766900000000011 -0.0032709999999999996 1.5000000000000002 0.80555200000000016 -0.04014199999999999 -0.0014834999999999998 0.13179200000000005 1.5000000000000002 0.097730000000000011 1.5000000000000002 0.37537900000000007 0.049118500000000002 73.850961000000012 0.070352000000000012 0.063695000000000015 0.28843200000000008 0.099993500000000027 0.058112000000000004 0.11879650000000001 0.82466200000000012 0.036222500000000005 0.12504000000000001 1.6791820000000002 0.05924200000000001 69.803981000000007 0.15503250000000005 0.7120605000000001
decision_type=2 2 2 2 2 2 2 2 2 2 2 2 2 2 2 2 2 2 2 2 2 2 2 2 2 2 2 2 2 2
left_child=1 2 -1 5 -2 -4 -7 -6 9 10 -9 13 -13 14 17 16 -16 18 19 25 21 -21 -23 24 -22 26 27 29 -28 -10
right_child=4 -3 3 -5 7 6 -8 8 11 -11 -12 12 -14 -15 15 -17 -18 -19 -20 20 23 22 -24 -25 -26 -27 28 -29 -30 -31
leaf_value=0.017954331257750606 0.019505476393103141 -0.028698493972969637 -0.00018270896841563676 0.0074293336360557868 -0.022575551904652012 -0.014852400479640244 -0.045026885730357402 0.017403857988885836 0.03589556630349152 0.03727650763486496 -0.021015962311311878 0.011607705650654269 -0.051918252973312567 -0.014882840669935308 0.037474418601928683 -0.0043820382007945585 0.0067470040280562475 -0.018728141657501262 0.019347401348430604 -0.021668435519547793 -0.0098693915100597166 0.041252029768307219 -0.010365244128423981 0.0042021576924576179 -0.048948238313012704 0.0034380027350584702 -0.04448629557166249 -0.029482532169370326 -0.0028167213892874056 0.0023401365307076085
leaf_weight=12.110133625566958 14.983295083045958 10.170262929052113 8.3391719087958354 12.07624841481447 6.9091034904122344 10.296198755502703 7.532529115676879 7.3108622338622826 8.8560180962085742 7.7112213894724837 6.8826583372429013 5.3210166515782458 4.4815932642668486 10.960938915610312 11.363670608028771 23.063273299485445 11.899119488894938 13.954157575964926 16.08012081682682 14.73006960749626 10.496927253901964 12.297462828457355 14.85420685261488 8.0243867430835945 9.6124381721019727 264.86721511557698 10.214811101555826 9.0818883553147298 7.9431464411318293 18.164283834397793
leaf_count=59 78 61 50 65 43 61 49 40 43 41 44 55 66 59 61 126 70 77 79 71 55 61 74 46 47 1307 58 47 41 99
internal_value=0.000116837 -0.00790318 -0.00370307 -0.010561 0.00103259 -0.0188633 -0.0276009 0.000495229 0.000808899 0.0123279 -0.00122651 0.000290007 -0.0174353 0.000654682 0.00102053 0.00874381 0.0217571 0.000166984 0.000817652 5.19678e-05 -0.0072304 0.000815397 0.0130131 -0.0192079 -0.0285494 0.0016497 -0.0070798 0.00256609 -0.0262581 0.0133381
internal_weight=590.588 60.5245 50.3543 38.2441 530.064 26.1679 17.8287 515.081 508.171 21.9047 14.1935 486.267 9.80261 476.464 465.503 46.3261 23.2628 419.177 405.223 389.143 70.0155 41.8817 27.1517 28.1338 20.1094 319.127 54.2601 36.1022 18.158 27.0203
internal_count=3133 345 284 225 2788 160 110 2710 2667 125 84 2542 121 2421 2362 257 131 2105 2028 1949 354 206 135 148 102 1595 288 189 99 142
is_linear=0
shrinkage=0.05


Tree=186
num_leaves=31
num_cat=0
split_feature=2 3 9 9 4 12 12 11 1 4 6 5 2 2 2 3 2 9 3 9 19 18 4 13 11 11 19 12 13 2
split_gain=1.74759 2.38676 1.46142 2.44267 1.92427 2.06795 4.05442 3.88778 3.1939 4.12589 3.17737 3.02127 1.59453 3.39909 2.82425 3.25628 3.52118 5.4677 3.2126 3.20052 3.13001 3.88403 4.4297 2.47146 3.326 3.53232 2.36862 2.1668 2.35843 1.81214
threshold=0.31011100000000008 0.30576100000000006 0.013806500000000001 0.016694500000000004 0.31996250000000004 0.12727650000000004 0.080345500000000014 0.91836350000000011 0.020069500000000001 0.05810400000000001 0.050653000000000011 0.041958000000000002 0.099993500000000027 0.10875700000000001 0.040113000000000003 0.083129500000000009 0.052231500000000007 0.032210000000000009 0.073997000000000007 0.026612500000000004 1.2803920000000002 0.50000000000000011 0.029568000000000001 0.057482500000000006 0.43363500000000005 0.63605750000000005 5.9852445000000012 0.14544100000000001 0.29565350000000007 0.0093605000000000025
decision_type=2 2 2 2 2 2 2 2 2 2 2 2 2 2 2 2 2 2 2 2 2 2 2 2 2 2 2 2 2 2
left_child=1 2 4 -4 5 6 8 -7 11 -10 -8 -1 14 -14 19 16 20 -18 -19 -5 -16 -22 -23 -17 -25 -26 27 -15 -29 -21
right_child=-2 -3 3 12 -6 7 10 -9 9 -11 -12 -13 13 26 15 23 17 18 -20 29 21 22 -24 24 25 -27 -28 28 -30 -31
leaf_value=-0.04229821690764661 -0.021377462148997401 0.022414209103356664 0.023404489850163281 -0.030737362581904543 -0.02284405150453217 0.036370434534282507 0.0016522515638585688 -0.0085547298852395297 -0.0078593711250944873 0.029436403366525751 -0.037750592306646631 0.00401796799317006 -0.030185633163986526 0.0015571554018543002 0.034059621613725992 -0.0073431618456470046 0.029243257878275489 -0.017152067296501771 0.011989978096455692 0.0043175114613584562 0.028471925423276902 0.02078626192817035 -0.028245489115329932 0.04854034297444685 -0.013602083884746308 0.022772985188789938 0.020998186729248285 -0.03294700936771524 0.0021830852056698735 -0.0053363152619561385
leaf_weight=6.7568907812237722 9.9644584804773313 11.379059825092552 11.328467786312101 9.6586016044020635 14.762729387730358 8.5174135193228722 7.7003807127475765 11.080785658210516 14.873313806951048 14.788793189451097 15.245887648314236 7.352151800878346 12.794661611318586 34.838541977107525 12.089900854974983 9.4109734669327718 9.6096654329448921 47.879706241190434 11.784758158028124 84.044615752995014 10.462763991206886 7.5037488564848926 11.92982107773423 8.7391620427370054 8.7111686170101148 28.540495473891497 9.5586948022246343 12.112201150506737 7.8894817400723687 115.29945724550635
leaf_count=37 50 61 56 50 71 50 37 58 74 73 79 66 68 191 61 49 48 250 59 479 52 36 62 41 42 147 53 66 42 625
internal_value=-0.000616733 -0.000257986 -0.000714388 0.000471967 -0.00616254 -0.00330947 -0.00750401 0.0109698 0.00142035 0.0107354 -0.0245277 -0.0181631 -0.000101701 -0.00664677 0.00124321 0.0060981 0.00116632 -0.00575856 -0.011396 -0.00262815 0.0125918 0.00391039 -0.0093132 0.0160023 0.0207795 0.0142668 -0.00197011 -0.00597351 -0.0190903 -0.00126621
internal_weight=586.609 576.644 565.265 464.187 101.078 86.3156 66.7174 19.5982 43.7711 29.6621 22.9463 14.109 452.858 77.1936 375.665 166.662 111.26 69.2741 59.6645 209.003 41.9862 29.8963 19.4336 55.4018 45.9908 37.2517 64.3989 54.8402 20.0017 199.344
internal_count=3133 3083 3022 2477 545 474 366 108 250 147 116 103 2421 420 2001 847 568 357 309 1154 211 150 98 279 230 189 352 299 108 1104
is_linear=0
shrinkage=0.05


Tree=187
num_leaves=31
num_cat=0
split_feature=4 19 1 1 19 19 12 13 12 5 1 9 5 1 2 2 12 4 14 2 6 14 1 0 9 19 12 4 11 14
split_gain=1.40462 1.78744 1.17423 2.32179 2.08336 2.99455 2.68062 2.22729 3.48363 4.36278 2.41655 2.1217 3.13868 2.59816 4.17537 2.5762 4.15657 3.94977 3.35485 2.56702 3.31989 3.30992 2.86976 3.70798 4.73283 2.37288 4.11066 2.32981 2.09239 3.42613
threshold=0.56519100000000011 2.2842110000000004 0.041683500000000005 0.039800000000000009 0.87144450000000007 0.9500455000000001 0.012118000000000002 0.12321300000000002 0.086078000000000016 0.037153500000000013 0.0010515000000000001 0.021323000000000005 0.067677000000000015 0.029528000000000002 0.045494000000000007 0.04445000000000001 0.037301500000000008 -0.0072079999999999991 0.021059500000000005 0.027250000000000003 0.044645500000000012 0.014253500000000001 0.0010515000000000001 2.1280435000000004 0.18324850000000001 2.6390270000000005 0.053395000000000005 0.032817000000000006 0.24828750000000002 0.022487000000000004
decision_type=2 2 2 2 2 2 2 2 2 2 2 2 2 2 2 2 2 2 2 2 2 2 2 2 2 2 2 2 2 2
left_child=2 -2 3 4 6 -6 -1 11 -9 -10 -11 28 13 14 19 16 17 -15 -17 21 27 -13 -23 24 -24 26 -16 -21 -7 -30
right_child=1 -3 -4 -5 5 7 -8 8 9 10 -12 12 -14 15 25 18 -18 -19 -20 20 -22 22 23 -25 -26 -27 -28 -29 29 -31
leaf_value=0.044357438501205826 0.0018995854409931475 -0.030301559070028645 0.0035829370924945845 -0.022004204642139671 -0.031620198297889042 -0.0027265119258240785 0.0025436739040445157 -0.028746056171304199 0.024802976250544815 0.019851634509755963 -0.015504901568059054 0.019448116899169744 0.023364137335791541 0.010790563047028634 0.021449585547470069 -0.005321052940896639 0.024934015054474769 -0.038236740076636251 -0.046296984080728534 0.0077254101687150847 -0.044742471437424595 -0.02468378420250714 -0.030352928456823653 0.016404047977271678 0.013941435658443128 0.034374160717419715 -0.023696962191461401 -0.025124367816639116 0.038487020281688669 8.6827771012001843e-05
leaf_weight=5.7965496629476574 8.8695109672844428 8.3823117297142726 220.80950022861362 12.775717204436658 7.8904900625348082 13.801263296976684 11.315159017220138 16.154670003801584 11.615903250873087 5.6832839995622626 32.293288606218994 19.078280575573444 13.202379470691083 7.3110952973365828 15.805108942091467 10.045607835054399 9.315567918121813 9.376807376742363 9.935897044837473 12.721704140305524 7.4840581268072119 13.574421040713785 14.413469687104227 21.938288539648056 10.369131896644829 12.078010894358156 7.4039313606917849 9.3752783164381963 13.347765736281874 10.284128335304557
leaf_count=34 44 48 1143 69 49 84 65 85 56 33 191 99 87 39 79 48 45 45 50 67 43 86 78 110 51 63 45 51 65 67
internal_value=0.000307778 -0.0137463 0.000736758 -0.00108812 -0.000282299 -0.00120673 0.016708 -0.000424047 -0.00858069 -0.00201185 -0.0102137 0.00180244 -0.000210591 -0.00184676 0.0014526 -0.0121959 -0.0018218 -0.0167575 -0.0256965 -0.00338864 -0.0159603 0.00129659 -0.00444681 0.0014329 -0.01182 0.0164007 0.00704736 -0.00621205 0.0127422 0.021776
internal_weight=582.449 17.2518 565.197 344.387 331.612 314.5 17.1117 306.609 65.7471 49.5925 37.9766 240.862 203.429 190.227 144.242 45.985 26.0035 16.6879 19.9815 108.955 29.581 79.3736 60.2953 46.7209 24.7826 35.2871 23.209 22.097 37.4332 23.6319
internal_count=3119 92 3027 1884 1815 1716 99 1667 365 280 224 1302 1086 999 772 227 129 84 98 585 161 424 325 239 129 187 124 118 216 132
is_linear=0
shrinkage=0.05


Tree=188
num_leaves=31
num_cat=0
split_feature=5 14 3 14 1 14 11 5 1 11 0 19 14 11 4 4 19 5 18 4 4 3 11 11 2 3 11 4 5 19
split_gain=1.3964 2.584 3.12421 2.62637 2.74464 2.54888 2.12917 1.87301 2.53273 3.6173 2.05861 2.41612 2.1876 1.94714 1.79921 3.17142 2.33158 1.7856 2.14317 1.65829 3.944 1.70592 1.63749 3.0189 2.08701 3.41094 2.63088 2.74725 2.0532 1.99525
threshold=0.046103500000000006 0.035955000000000008 0.13185750000000004 0.030064000000000004 0.035540000000000009 0.023890000000000005 0.72250000000000003 0.055489500000000004 0.0058535000000000002 0.57181350000000009 1.6228845000000003 1.2099550000000001 0.049974500000000012 0.80890950000000006 0.070486000000000007 0.16146450000000004 1.7901650000000002 0.020271500000000005 0.90000000000000013 0.20271600000000004 0.23698650000000002 0.11281900000000002 0.98405950000000009 0.88534550000000012 -0.015274499999999998 1.0000000180025095e-35 0.75162350000000011 0.035743000000000004 0.033463000000000007 4.0154435000000008
decision_type=2 2 2 2 2 2 2 2 2 2 2 2 2 2 2 2 2 2 2 2 2 2 2 2 2 2 2 2 2 2
left_child=1 2 17 4 -4 -2 -3 8 -7 -10 12 13 -9 -12 -11 -16 -17 -1 19 21 -21 22 23 24 -19 28 29 -28 -26 -27
right_child=5 6 3 -5 -6 7 -8 10 9 14 11 -13 -14 -15 15 16 -18 18 -20 20 -22 -23 -24 -25 25 26 27 -29 -30 -31
leaf_value=-0.01604529762378553 -0.023603724914199761 0.0049486211619894716 0.030707846952702646 0.038369815321313304 -0.0064765219424547243 -0.037246407043427812 -0.025973119323288298 0.032848127565159695 0.015039337306247869 -0.033228848902804607 -0.0025536514110698089 0.002855381959371225 -0.0013214340025126036 -0.039304824913811966 0.019976509737421502 0.0047672501041934427 -0.024300235482670227 -0.018308905933106582 -0.015279280289288903 0.042806035032582075 -0.0034984561331498931 -0.014066081984210069 0.020055989961210115 -0.020648394383469982 0.04100907568547988 0.002302673167836907 0.04142964432282404 0.0053250709124447442 0.011008969352532677 -0.019067585306452667
leaf_weight=13.104082681238649 13.563244921155272 9.2283164970576781 8.151858210563665 10.891059249639509 12.684245675802229 6.5569504722952834 14.031636737287043 10.56086450442672 17.168566100299358 8.0810348428785783 8.0035123415291292 89.717670653015375 8.4176618084311468 6.5565994968637815 8.37603050470352 10.311694592237474 20.84424202516675 10.015241075307129 15.588584758341311 8.6723164021968859 9.7899299934506399 14.26085528731346 14.444468840956686 13.074328079819677 9.4546005278825778 169.88528228923678 8.5271078422665614 13.78878830373287 14.374265309423206 11.672870963811873
leaf_count=73 89 52 40 54 61 41 75 53 82 51 45 554 59 44 41 48 106 60 79 42 47 70 71 68 45 841 41 69 80 63
internal_value=0.000647637 0.00244441 0.00349255 0.018472 0.00807139 -0.00264658 -0.013705 -0.00118587 -0.00763375 -0.00463646 0.00254604 -0.000210648 0.0176927 -0.0191032 -0.0117313 -0.00733679 -0.0146798 0.00203763 0.00279336 0.00373888 0.0182523 0.0027802 0.00368597 0.00274313 0.00402965 0.00501218 0.00292003 0.019121 0.0229121 0.000928721
internal_weight=589.798 381.64 358.38 31.7272 20.8361 208.158 23.26 194.595 71.3385 64.7816 123.256 104.278 18.9785 14.5601 47.613 39.532 31.1559 326.653 313.549 297.96 18.4622 279.498 265.237 250.792 237.718 227.703 203.874 22.3159 23.8289 181.558
internal_count=3144 1931 1804 155 101 1213 127 1124 369 328 755 643 112 89 246 195 154 1649 1576 1497 89 1408 1338 1267 1199 1139 1014 110 125 904
is_linear=0
shrinkage=0.05


Tree=189
num_leaves=31
num_cat=0
split_feature=11 14 14 11 0 6 0 11 1 11 9 4 3 1 1 1 1 19 19 3 3 19 4 7 7 9 19 6 1 1
split_gain=2.15141 1.93111 3.37518 1.58449 3.31767 4.2157 2.44697 1.89634 2.51856 2.36202 3.25768 3.35214 3.42128 2.2592 3.12364 2.95646 2.69829 2.50773 2.83786 2.70609 2.23113 3.81947 3.1661 2.67802 2.23828 2.14312 2.05774 1.96874 1.93516 1.91705
threshold=0.012660500000000003 0.034296500000000008 0.022487000000000004 0.096006000000000022 2.7124865000000002 0.052064000000000006 1.8028220000000001 0.6129165000000002 -0.0024214999999999996 0.74239600000000017 0.21425850000000005 0.09530000000000001 0.077305500000000013 0.041683500000000005 0.045461500000000009 0.035282000000000008 0.048028500000000009 1.3648885000000002 2.4126380000000007 0.088102000000000014 0.060222500000000005 1.7585160000000004 -0.021333499999999995 0.91853550000000006 0.99974350000000012 0.17021700000000003 1.548281 0.046132000000000006 0.19151250000000003 0.066774000000000014
decision_type=2 2 2 2 2 2 2 2 2 2 2 2 2 2 2 2 2 2 2 2 2 2 2 2 2 2 2 2 2 2
left_child=1 2 -1 4 6 -6 -2 13 -9 10 11 12 -10 15 -15 20 -16 -18 25 -20 22 -22 26 -24 -25 -19 -5 -23 29 -11
right_child=3 -3 -4 7 5 -7 -8 8 9 28 -12 -13 -14 14 16 -17 17 18 19 -21 21 27 23 24 -26 -27 -28 -29 -30 -31
leaf_value=0.022589840976224535 -0.017818693968472764 0.034167320250858314 -0.018075970697896678 0.0015783077137321673 -0.057815523983963737 -0.0049152395946188256 0.021109896347574632 0.018579163914258959 -0.0096352845258746295 -0.0039819777920316142 -0.044765456025333321 -0.021631994951226606 0.032647165355621927 0.032602719506417258 -0.023276213550545301 -0.019151100487779311 -0.0098171359964318791 0.036666560910397765 0.02393991399137551 -0.011793469670368683 -0.035674615683950986 0.016635664958194924 0.016271769277224117 -0.027730325786441551 0.01005322248261614 0.0073900010097917223 -0.028442056533767836 -0.013675182893598313 -0.026549928612403198 0.0064578527818011768
leaf_weight=11.727044135332113 7.3613940104842248 7.7337599508464328 9.0324858613312227 14.871003661304714 6.9019329994916907 8.2892175875604135 8.9381352253258211 12.680490588769315 12.931565174832942 165.61478459369391 7.3282874859869471 23.563467787578702 7.593497432768344 12.3574021756649 7.370529666543006 19.299766696989536 14.207116786390541 16.025607004761699 8.3154798895120638 14.602132845669983 9.7519980296492594 11.142434202134611 54.729243993759155 7.1745369257405374 8.6398793281987309 10.248469036072491 9.2642792612314206 10.317824527621267 7.7948674745857707 59.868956061080098
leaf_count=57 45 44 45 81 41 46 49 71 70 897 47 130 40 59 36 97 72 79 42 74 51 56 273 41 61 50 50 61 45 322
internal_value=-0.000559755 0.012841 0.00489612 -0.00124504 -0.0121391 -0.0289499 0.00352849 -0.000592453 -0.0032238 -0.00419492 -0.0138957 -0.00876459 0.00600762 0.00283479 0.00940799 -0.000928591 0.00535784 0.00868674 0.0140309 0.00117211 0.00186501 -0.00972807 0.00568684 0.011035 -0.00708807 0.0252469 -0.00994495 0.00206259 -0.00205678 -0.00121006
internal_weight=585.678 28.4933 20.7595 557.184 31.4907 15.1912 16.2995 525.694 297.376 284.695 51.4168 44.0885 20.5251 228.318 83.1267 145.191 70.7693 63.3988 49.1917 22.9176 125.891 31.2123 94.6789 70.5437 15.8144 26.2741 24.1353 21.4603 233.279 225.484
internal_count=3132 146 102 2986 181 87 94 2805 1622 1551 287 240 110 1183 412 771 353 317 245 116 674 168 506 375 102 129 131 117 1264 1219
is_linear=0
shrinkage=0.05


Tree=190
num_leaves=31
num_cat=0
split_feature=8 5 14 5 14 11 8 5 5 2 6 5 12 11 3 12 3 3 3 18 1 6 8 6 12 3 8 2 14 0
split_gain=1.69638 1.85255 1.48949 3.07403 3.15663 2.11224 1.61127 2.05638 2.00514 1.60423 2.95049 2.38675 2.08959 1.96685 1.37784 7.13144 2.84993 2.36211 1.73745 2.15185 1.82237 2.88766 1.96094 2.06935 3.9257 2.64911 2.59097 2.2923 2.54899 2.06353
threshold=90.936076000000014 0.020271500000000005 0.044501500000000006 0.046741500000000005 0.047751000000000009 0.39871800000000007 40.11801950000001 0.033733500000000007 0.046978500000000006 0.19799350000000002 0.12739750000000002 0.066223000000000018 -0.010636999999999999 0.4732905 0.16745800000000002 0.15337900000000002 0.14787400000000003 0.13818000000000003 0.12846300000000002 0.90000000000000013 0.083151000000000017 0.09196950000000001 83.593863500000012 0.05882550000000001 0.088205500000000006 0.085890500000000022 72.248931500000012 0.059675000000000006 0.026653000000000003 3.3492435000000005
decision_type=2 2 2 2 2 2 2 2 2 2 2 2 2 2 2 2 2 2 2 2 2 2 2 2 2 2 2 2 2 2
left_child=1 -1 6 -4 -5 -6 7 -3 -9 10 11 12 -8 -12 16 -16 17 18 19 20 21 22 23 24 29 -26 27 28 -25 -14
right_child=-2 2 3 4 5 -7 9 8 -10 -11 13 -13 14 -15 15 -17 -18 -19 -20 -21 -22 -23 -24 26 25 -27 -28 -29 -30 -31
leaf_value=-0.017535047050445434 -0.016629343029149136 0.032156911220557013 0.029041636536199057 -0.029009011016914988 -0.029105338616027737 0.00023168649322666745 -0.020632901926648808 -0.01189233349493587 0.023174265445340746 0.022270492026568039 -0.040212565562208133 0.026322046578903427 0.00091467856756109246 -0.0059189342191493244 -0.045295154381927903 0.016483526371171776 0.025724134037787633 -0.024200552066020516 0.022920881698256661 -0.015833266406733101 -0.01412851881701861 0.023940999699141745 -0.01651354517490906 -0.011472341193166077 0.047771340471761015 0.0088031538580511954 0.011539490921611826 -0.021670011005812423 0.016868386381668855 0.012371207548137081
leaf_weight=12.774878121912478 13.51077703386545 10.39658407866955 6.5113727636635295 13.277174700051544 6.7647428289055815 65.962527508847415 9.9894077479839307 9.1304983682930487 7.3648634888231745 9.6800958439707738 6.4296325072646168 10.301959257572888 136.75068317726254 11.955234671011565 8.3247553110122698 10.644140437245367 13.51824728399515 8.1920808553695661 10.572939813137053 15.548621617257593 14.506085127592085 17.161397233605385 12.526449620723723 21.194629773497581 9.0379375219345111 8.428691551089285 21.227949187159538 21.728648945689201 12.680717475712298 55.158294200897217
leaf_count=72 74 54 43 71 49 430 57 55 40 51 51 56 700 62 46 53 67 41 53 81 72 82 61 109 44 42 102 109 66 274
internal_value=0.000884121 0.00129368 0.00171943 -0.00408216 -0.00658995 -0.0024971 0.00285551 0.014741 0.00376423 0.00213815 0.00169105 0.0025543 0.00195298 -0.0179122 0.002521 -0.0106289 0.00318048 0.0023449 0.00295485 0.00234465 0.0032001 0.00399584 0.00285005 0.00369753 0.00627299 0.0289669 -0.00332087 -0.00899412 -0.000863424 0.0042075
internal_weight=591.252 577.741 564.966 92.5158 86.0044 72.7273 472.451 26.8919 16.4954 445.559 435.879 417.494 407.192 18.3849 397.202 18.9689 378.233 364.715 356.523 345.95 330.401 315.895 298.734 286.208 209.376 17.4666 76.8319 55.604 33.8753 191.909
internal_count=3167 3093 3021 593 550 479 2428 149 95 2279 2228 2115 2059 113 2002 99 1903 1836 1795 1742 1661 1589 1507 1446 1060 86 386 284 175 974
is_linear=0
shrinkage=0.05


Tree=191
num_leaves=31
num_cat=0
split_feature=3 3 3 6 3 3 9 11 13 13 12 0 15 1 9 14 11 6 0 14 6 11 0 5 1 1 3 6 15 7
split_gain=1.71445 5.33902 3.24243 3.52242 2.90853 2.6919 3.09854 2.65888 2.5507 2.27942 2.24327 2.20005 5.90879 4.38696 3.13482 2.89004 2.69115 4.37868 3.43721 2.88439 2.60298 2.67951 2.35164 2.85216 2.55191 4.73678 2.3904 2.29332 4.55303 3.40397
threshold=0.058467000000000005 0.056891500000000005 0.073997000000000007 0.082150500000000015 0.088102000000000014 0.065964500000000023 0.041609500000000008 0.071875000000000008 0.038665500000000005 0.07251500000000001 0.042806000000000004 1.4643440000000003 1.5000000000000002 0.018525500000000004 0.0069450000000000007 0.018998500000000005 0.91194600000000003 0.039713000000000005 2.3652050000000004 0.024019500000000003 0.030934500000000004 0.32362800000000008 2.4501490000000001 0.022809500000000003 0.022047500000000005 0.010537500000000002 0.044946500000000007 0.05882550000000001 1.0000000180025095e-35 0.72630250000000018
decision_type=2 2 2 2 2 2 2 2 2 2 2 2 2 2 2 2 2 2 2 2 2 2 2 2 2 2 2 2 2 2
left_child=1 11 3 5 8 10 -7 -6 -4 -10 -2 12 -1 -14 15 -13 19 -18 -19 20 21 -16 24 -24 25 -22 -25 28 -21 -30
right_child=2 -3 4 -5 7 6 -8 -9 9 -11 -12 14 13 -15 16 -17 17 18 -20 27 22 -23 23 26 -26 -27 -28 -29 29 -31
leaf_value=-0.039704121430627876 0.014705766886981006 0.044810056079038332 0.038023817007072795 0.014510468207274736 -0.033989931591437726 -0.011545867202945963 -0.049078343065916991 -0.0017773884324461696 -0.018518795793073212 0.012952113398410282 -0.019263177176404772 -0.005660117662823691 -0.023233988256887505 0.029666773198860765 -0.028976970054540974 0.030778552441965049 -0.017847009496923239 0.05017667249105056 0.0089472377500423722 0.011196850804663974 -0.013059940195573614 0.0054577387877724655 0.037115232190945029 0.014093221432372252 -0.012320188261193958 0.035430006415950878 -0.011847653104259689 0.00040684222214507282 -0.0022626612724962556 -0.042049721762759416
leaf_weight=11.273140270262958 7.5155952200293568 7.3076910991221657 7.5695336237549773 8.9255474694073182 6.6209367886185637 10.01738732121885 12.191369742155073 197.34641797188669 7.4368834942579261 25.421223055571318 13.756248433142899 7.8565485840663341 6.7461642399430302 9.3517442643642408 11.519221447408201 17.702207763679326 7.197706873528662 9.1931085437536257 11.230641668662427 9.414236553013323 9.9797326400876063 11.086642466485499 10.239286683499811 38.889157028868794 25.879488125443459 10.16760044544935 11.508674860000609 30.393987104296684 7.8241801746189621 17.179059259593487
leaf_count=71 39 38 38 49 36 51 67 1050 39 128 73 48 42 45 69 106 41 47 63 47 56 60 51 199 128 49 58 178 44 104
internal_value=-0.000162267 0.00262992 -0.00281465 -0.0141003 -0.000394638 -0.0199735 -0.0321491 -0.00282303 0.0118572 0.0058292 -0.00726155 0.00150755 -0.0119431 0.00749761 0.00299649 0.0195776 0.00108496 0.0156873 0.0275054 -0.00099323 0.00332278 -0.0120891 0.0065891 0.0130573 -0.00193228 0.0114111 0.00816945 -0.00960174 -0.0184403 -0.0295993
internal_weight=578.741 281.94 296.801 52.4061 244.395 43.4806 22.2088 203.967 40.4276 32.8581 21.2718 274.633 27.371 16.0979 247.261 25.5588 221.703 27.6215 20.4238 194.081 129.27 22.6059 106.664 60.6371 46.0268 20.1473 50.3978 64.8115 34.4175 25.0032
internal_count=3114 1544 1570 279 1291 230 118 1086 205 167 112 1506 158 87 1348 154 1194 151 110 1043 670 129 541 308 233 105 257 373 195 148
is_linear=0
shrinkage=0.05


Tree=192
num_leaves=31
num_cat=0
split_feature=15 19 19 14 12 8 0 0 4 14 6 6 13 6 19 7 9 13 13 2 8 19 19 14 13 19 12 12 9 2
split_gain=1.19076 4.84321 4.96073 2.96788 2.32352 2.31148 2.51397 4.10984 3.09273 3.24815 2.98676 5.09477 3.55176 2.82817 2.59835 2.43429 2.38143 2.27194 3.09534 3.37436 2.29743 2.21984 2.02979 1.99642 2.22049 3.3832 4.26878 2.94025 1.98 3.10901
threshold=2.5000000000000004 1.2416425000000004 1.1358470000000003 0.023355500000000005 0.035612500000000005 43.953711000000006 3.5812890000000004 4.2080160000000006 0.28862550000000003 0.017758500000000003 0.072490500000000013 0.086480500000000002 0.14657050000000002 0.051120500000000006 1.8177225000000001 0.67139150000000003 0.070785000000000001 0.22410400000000003 0.1781095 0.044201500000000012 72.058826500000023 4.3855150000000007 1.4608605000000001 0.011445500000000003 0.13069150000000004 1.8630815000000003 0.10754950000000001 0.093186000000000005 0.019612500000000001 0.075752500000000014
decision_type=2 2 2 2 2 2 2 2 2 2 2 2 2 2 2 2 2 2 2 2 2 2 2 2 2 2 2 2 2 2
left_child=17 2 3 -2 -5 -3 8 -8 9 16 13 -12 -13 -9 22 -16 -7 18 23 -20 -21 -14 -11 -1 27 -26 -27 -25 -19 -30
right_child=1 5 -4 4 -6 6 7 10 -10 14 11 12 21 -15 15 -17 -18 28 19 20 -22 -23 -24 24 25 26 -28 -29 29 -31
leaf_value=-0.02646006870248177 -0.011490796090481134 -0.023004042665302725 0.043825575121435596 -0.0024360050226205922 0.035455430123362434 0.02798023673722318 0.029283981636754698 0.0061415968480448384 0.021370162058024139 -0.012840048346627914 0.044975582490017485 -0.021510689873335195 0.034424298751448527 -0.029601900527005672 -0.027654922825398734 0.0066974513207345363 -0.010897052709176066 -0.00087606961642132635 -0.013581105205663255 0.047660591674078372 0.013304740555139114 -0.00046195690569674316 -0.042903497853388248 -0.00091902073890047183 0.0076565857508707411 -0.045978375040858228 -0.0052865909096151574 0.02439872009180348 0.0090170792658050124 -0.028413069645424435
leaf_weight=8.2336886608973128 13.034582547843458 11.574193049222229 12.60536517202854 6.7479055933654335 10.103509772568939 8.0303009413182718 15.668773509562014 9.8609647899866122 8.611696243286131 10.196692779660227 7.8462446406483641 11.941841254942121 7.5114791765809086 12.612605825066565 7.9727513343095806 14.602096291258929 7.7313459217548361 24.478156583383679 7.7187411151826408 7.3437248263508108 14.423199586570261 11.604324348270891 12.493964077904819 222.35168698709458 13.842602293938397 11.359409891068937 14.897906632162629 12.091259613633154 7.1952364984899786 24.229796703904867
leaf_count=54 69 73 63 40 52 39 75 53 43 53 40 81 42 61 42 81 42 126 43 42 77 62 65 1185 74 60 78 64 44 139
internal_value=-0.000565806 0.00253197 0.0175199 0.0064247 0.0202824 -0.00149218 0.000205217 0.00642832 -0.00667983 -0.010638 0.000593603 0.00897671 -0.000117863 -0.0139184 -0.0174448 -0.00543477 0.00891029 -0.00225494 -0.000593039 0.0148233 0.0248957 0.0132465 -0.0293936 -0.00220053 -0.00147297 -0.0123456 -0.0228906 0.000386727 -0.0115379 -0.0198429
internal_weight=568.916 200.751 42.4914 29.886 16.8514 158.259 146.685 77.0462 69.6388 61.0272 61.3775 38.9039 31.0576 22.4736 45.2655 22.5748 15.7616 368.165 312.262 29.4857 21.7669 19.1158 22.6907 282.777 274.543 40.0999 26.2573 234.443 55.9032 31.425
internal_count=3062 1076 224 161 92 852 779 414 365 322 339 225 185 114 241 123 81 1986 1677 162 119 104 118 1515 1461 212 138 1249 309 183
is_linear=0
shrinkage=0.05


Tree=193
num_leaves=31
num_cat=0
split_feature=19 11 8 9 7 19 19 9 11 7 7 4 14 5 12 4 2 14 14 18 7 2 8 8 5 4 1 19 19 1
split_gain=1.55671 2.63194 2.87483 5.0959 2.47528 1.64899 1.47191 1.22934 2.77454 2.57259 8.30521 3.40653 3.3548 2.26851 2.48069 3.79031 3.19465 3.13688 2.9306 2.7672 3.14645 3.0657 2.26484 2.20792 1.96105 1.5654 1.45528 1.34869 3.66566 2.66657
threshold=0.9743440000000001 0.82466200000000012 62.966467000000009 0.073533500000000016 0.83964300000000003 1.0391535000000003 1.0673570000000001 0.28430900000000009 0.88534550000000012 0.7570395000000002 0.82785550000000019 0.085145500000000013 0.025932500000000004 0.095165500000000014 0.029251000000000003 0.0071170000000000009 0.051726000000000008 0.016257000000000004 0.029839000000000001 0.50000000000000011 0.67470950000000018 0.0087465000000000025 51.113975000000003 60.549889000000007 0.076411500000000007 0.03186350000000001 0.018223500000000004 1.2416425000000004 1.3123250000000002 0.025654000000000003
decision_type=2 2 2 2 2 2 2 2 2 2 2 2 2 2 2 2 2 2 2 2 2 2 2 2 2 2 2 2 2 2
left_child=1 2 3 -1 -5 -2 -7 13 9 11 -11 26 -12 14 15 16 18 -17 19 21 -21 -8 -14 -15 27 -19 -9 29 -29 -16
right_child=5 -3 -4 4 -6 6 7 8 -10 10 12 -13 22 23 24 17 -18 25 -20 20 -22 -23 -24 -25 -26 -27 -28 28 -30 -31
leaf_value=-0.051233690674769829 0.015315772795409497 -0.035992454082958064 0.021423131249401137 0.011362306374698775 -0.024964048472517333 -0.022779682353763101 -0.01548680778466789 -0.019731819484487538 0.019882391247658771 0.044618107643217185 0.0097339523701525706 0.0041696006422238087 -0.010151832944247702 -0.054926914374748219 0.03637653179380506 0.043652641461627395 0.029076620753152201 -0.0048508564564518335 0.022132314011132515 0.0019537690319958324 -0.039806437598764254 0.018446629231849043 -0.047719623117365384 0.00037971442197268408 0.019304384988398707 0.022425727052269043 -0.050837707385218256 -0.027720874629638584 -0.00099454991508539045 -7.2386786196480484e-05
leaf_weight=6.3000276032835272 17.597745584324002 7.7319235354661933 8.5864232927560789 14.804549008607866 6.8634728528559199 7.1473364531993857 12.940287638455631 6.7558400034904507 8.6407075524330121 7.4879811182618132 8.5738396346569079 7.4728942885994902 7.9935082867741611 3.5512222526594988 6.8963985964655903 11.286957263946531 8.9661850184202176 8.9659030362963694 9.5071742907166463 7.5217282027006176 11.267494969069956 13.705768194049595 8.054152984172104 3.668881107121706 12.027108270674942 12.725747674703596 8.4797270148992521 13.405984461307524 298.41746133193374 18.422005288302898
leaf_count=36 87 51 45 80 46 40 77 41 46 39 43 43 48 79 35 55 43 46 51 37 65 72 46 41 74 65 46 69 1509 91
internal_value=-0.000476228 -0.00948921 -0.0038833 -0.0116526 -0.000144279 0.000260922 -0.000244786 6.69107e-05 -0.00645099 -0.0106018 -0.0014928 -0.0234818 -0.0155162 0.000979416 0.00142944 0.00850801 0.00140389 0.022275 -0.00311209 -0.00839439 -0.0230889 0.00196733 -0.0290067 -0.026823 -0.000534719 0.0111514 -0.0370446 -0.00124245 -0.00214357 0.00985582
internal_weight=585.766 44.2864 36.5545 27.968 21.668 541.48 523.882 516.735 63.4587 54.8179 32.1095 22.7085 24.6215 453.276 446.056 96.8872 63.9086 32.9786 54.9425 45.4353 18.7892 26.6461 16.0477 7.2201 349.169 21.6917 15.2356 337.142 311.823 25.3184
internal_count=3146 258 207 162 126 2888 2801 2761 352 306 176 130 137 2409 2289 511 345 166 302 251 102 149 94 120 1778 111 87 1704 1578 126
is_linear=0
shrinkage=0.05


Tree=194
num_leaves=31
num_cat=0
split_feature=15 19 8 1 7 14 5 7 7 14 8 19 19 5 3 19 13 14 8 13 12 13 1 7 14 8 13 13 8 13
split_gain=1.57144 3.38167 3.32963 2.60076 3.51204 2.84599 1.65983 2.16248 3.42775 2.53395 1.44063 2.80277 3.25599 3.0074 2.01775 3.96743 1.93717 2.94585 1.69587 1.36359 2.67991 2.40415 1.69486 1.26667 3.0572 3.35691 2.40365 3.97362 6.66402 3.37006
threshold=1.0000000180025095e-35 4.5857260000000011 74.306313000000003 0.010537500000000002 0.66585550000000004 0.013975500000000002 0.025763500000000005 0.94521850000000007 0.87470550000000002 0.024738000000000003 79.066996500000016 2.0104145000000004 2.3730625000000005 0.040975000000000004 0.092883500000000022 7.4819150000000008 0.16306300000000004 0.035404500000000012 78.149704500000027 0.07969900000000002 0.030246000000000006 0.124432 0.045815500000000009 0.90976950000000012 0.019259500000000002 74.861047000000028 0.098826000000000011 0.082634500000000013 64.748346000000012 0.11503450000000001
decision_type=2 2 2 2 2 2 2 2 2 2 2 2 2 2 2 2 2 2 2 2 2 2 2 2 2 2 2 2 2 2
left_child=1 3 -3 4 -1 -5 -7 8 19 -9 18 13 -13 -12 -14 16 -16 -18 23 20 -8 -21 -23 26 -25 -26 27 -2 -29 -28
right_child=10 2 -4 5 -6 6 7 9 -10 -11 11 12 14 -15 15 -17 17 -19 -20 21 -22 22 -24 24 25 -27 29 28 -30 -31
leaf_value=0.050876673437850017 -0.0018956310250303002 -0.038363366489208142 0.0082117331835913406 -0.028400492099168246 0.0069643041023651131 0.031870397486381562 0.010241379028649505 -0.033350005697360047 0.036570809022202312 0.0031362869756456054 -0.04165910319755084 0.027877975508999883 0.019292386647265899 -0.0067240200709916976 -0.039619280211441829 0.014536787913129387 0.010066182378202566 -0.026588270651250318 0.019899858329085227 0.03583698129844947 -0.024344762344255824 -0.014192372807337445 0.017052507795574823 -0.012657457794052644 0.0044487040758840858 0.035629943343603677 -0.033427831928083497 0.055065321581881925 -0.0073394478081529185 -0.0053988376377946739
leaf_weight=7.6568166315555599 157.63402629457414 8.4024757165461761 7.0628481172025195 6.1714833453297606 11.233619436621664 6.1093032136559478 13.16343090683222 7.0106487199664143 9.9623140916228277 14.813483025878666 10.575394589453937 8.1720922142267209 6.7339430022984734 14.756144350394605 8.6211036518216151 11.836049135774372 9.1926211044192332 13.577786162495611 10.238783963024614 7.6164074018597629 9.7489283904433233 8.2964366888627428 9.1018665656447393 22.985767873004079 81.703113652765751 9.6512426622211915 12.768987022340296 8.4498253837227839 8.6648722514510137 66.967279523611069
leaf_count=38 847 54 40 34 63 32 70 35 49 77 55 40 36 78 44 62 46 74 50 38 49 43 49 135 463 49 65 40 43 366
internal_value=-0.000131827 0.00481 -0.017093 0.00786486 0.0247632 0.0043949 0.0067532 0.0048282 0.00988469 -0.00858434 -0.0014818 -0.00742856 -0.00138033 -0.0213087 -0.00616605 -0.0101319 -0.0194332 -0.0117905 -0.000172395 0.00433761 -0.0044746 0.0124092 0.00215329 -0.000729612 0.00364181 0.00774288 -0.00269369 0.000588737 0.0234709 -0.00988741
internal_weight=588.879 126.35 15.4653 110.885 18.8904 91.9943 85.8228 79.7135 57.8894 21.8241 462.529 83.4651 58.1336 25.3315 49.9615 43.2276 31.3915 22.7704 379.064 47.9271 22.9124 25.0147 17.3983 368.825 114.34 91.3544 254.485 174.749 17.1147 79.7363
internal_count=3164 671 94 577 101 476 442 410 298 112 2493 435 302 133 262 226 164 120 2058 249 119 130 92 2008 647 512 1361 930 83 431
is_linear=0
shrinkage=0.05


Tree=195
num_leaves=31
num_cat=0
split_feature=1 6 11 12 12 19 4 14 12 11 14 0 18 4 12 12 2 18 5 11 19 2 14 2 2 9 9 5 14 11
split_gain=1.66134 3.07564 3.52711 1.8899 3.13523 1.60878 3.28688 2.69852 2.48904 2.37915 3.24716 2.45894 2.30089 4.04463 2.51062 2.79273 2.13881 4.05462 1.99552 3.24494 7.54983 4.53503 3.97739 3.4647 3.6378 2.47845 2.15469 2.30224 3.74771 2.13447
threshold=0.089573500000000014 0.16686300000000004 0.28660700000000006 0.20502700000000004 0.2642560000000001 1.7976185000000002 0.30100200000000005 0.040935500000000007 0.0039745000000000006 0.096006000000000022 0.012087000000000002 3.8064020000000003 0.3000000000000001 0.0044345000000000009 -0.0030019999999999999 0.019001500000000001 0.087927000000000019 0.90000000000000013 0.037951500000000006 0.56173800000000018 2.7139155000000006 0.08701200000000002 0.028212500000000005 0.014714000000000001 0.076411000000000021 0.046553000000000004 0.060549000000000006 0.025763500000000005 0.018382500000000003 0.41136200000000006
decision_type=2 2 2 2 2 2 2 2 2 2 2 2 2 2 2 2 2 2 2 2 2 2 2 2 2 2 2 2 2 2
left_child=3 2 -2 5 -5 6 7 16 -9 11 -11 -7 -12 14 -14 -16 17 -1 26 -20 21 25 -22 -24 -25 -21 27 -15 -29 -28
right_child=1 -3 -4 4 -6 9 -8 8 -10 10 12 -13 13 18 15 -17 -18 -19 19 20 22 -23 23 24 -26 -27 29 28 -30 -31
leaf_value=0.0039011607391318879 -0.019107242434687505 -0.0093355946775312542 0.020318830614704242 -0.032412341623487335 0.0093003148990848279 -0.039367063542496611 0.026531628619771971 0.0069537400021701182 -0.030504812330653653 0.031225939112397173 -0.025489889256287347 -0.0043174944499782836 -0.0029509133168844717 0.020651271627564742 0.05066783847752121 0.0087255129933420487 0.022024166374379275 -0.030512094799937262 0.018078517773380525 0.009132049124232362 0.039215201328486986 -0.051178952660373839 0.032769229924858582 -0.031648836697045414 0.0091467348906318323 -0.025916167521381612 -0.0021140504353535953 -0.037149556997829805 0.0013334182484888014 -0.02590178676749268
leaf_weight=191.17498039454222 6.5524138920009127 17.638291155919433 42.253972567617893 11.084156333468856 7.5891434662044039 8.3206167332828063 14.67077825963497 7.2146073095500496 11.509659586474298 7.7203464284539214 9.7658939221873862 12.554207708686588 8.919800631701948 9.4663808643817884 8.1317923460155708 7.7526290640234938 14.855092383921145 8.9604840949177724 23.135651148855686 9.6354015506804043 9.4084329977631551 9.446133812889455 6.9436605926603105 9.2767937406897563 13.297406047582625 10.585875775665043 14.947719618678091 8.0609067976474744 29.405032940208912 25.548165410757065
leaf_count=986 34 101 238 69 43 53 74 47 77 48 68 75 52 46 42 41 74 49 121 49 45 56 40 59 75 60 74 41 142 131
internal_value=0.00112272 0.00855883 0.0150258 0.000152745 -0.0154596 0.000746854 0.0035746 0.00213354 -0.0160717 -0.00215164 -0.000630539 -0.0182881 -0.00178127 -0.000646078 0.0182769 0.0301973 0.0037191 0.00236041 -0.00326595 0.00188577 -0.0035758 -0.0225769 0.0109057 0.00188247 -0.00761807 -0.00921576 -0.00867112 -0.0013798 -0.00694631 -0.0171213
internal_weight=575.826 66.4447 48.8064 509.382 18.6733 490.708 248.386 233.715 18.7243 242.323 221.448 20.8748 213.728 203.962 24.8042 15.8844 214.991 200.135 179.158 91.7294 68.5937 29.6674 38.9263 29.5179 22.5742 20.2213 87.4282 46.9323 37.4659 40.4959
internal_count=3110 373 272 2737 112 2625 1307 1233 124 1318 1190 128 1142 1074 135 83 1109 1035 939 505 384 165 219 174 134 109 434 229 183 205
is_linear=0
shrinkage=0.05


Tree=196
num_leaves=31
num_cat=0
split_feature=7 6 2 9 2 14 5 19 18 1 8 8 9 13 5 19 11 7 6 6 9 12 11 1 6 6 6 11 2 6
split_gain=1.83432 3.92441 2.90115 3.2675 6.61486 2.48448 1.85807 2.1995 2.90916 3.36804 1.81845 3.94037 3.13822 3.02175 4.18158 2.24555 1.71156 1.77061 3.81925 2.80737 1.799 1.62884 1.53797 1.39964 2.30675 2.59038 2.87676 1.32163 1.26837 3.23328
threshold=0.65729100000000018 0.17022900000000002 0.14560400000000004 0.21078800000000003 0.0082170000000000003 0.015514000000000002 0.066814500000000013 9.4136120000000023 0.3000000000000001 0.018223500000000004 76.066974500000015 67.668253500000006 0.037669000000000008 0.10729800000000002 0.042746500000000014 1.8177225000000001 0.35032450000000004 0.99974350000000012 0.11119250000000001 0.15728400000000003 0.20697200000000002 0.022325500000000002 0.43363500000000005 0.13189450000000003 0.12337950000000002 0.10537950000000001 0.092483000000000024 0.55753450000000015 0.12040300000000002 0.062915000000000013
decision_type=2 2 2 2 2 2 2 2 2 2 2 2 2 2 2 2 2 2 2 2 2 2 2 2 2 2 2 2 2 2
left_child=1 2 3 5 -5 -1 7 8 9 -2 11 13 -12 14 21 -13 -8 18 20 -19 -18 -7 -6 24 25 26 28 -17 29 -10
right_child=6 -3 -4 4 22 10 16 -9 23 -11 12 15 -14 -15 -16 27 17 19 -20 -21 -22 -23 -24 -25 -26 -27 -28 -29 -30 -31
leaf_value=-0.021600584205723566 0.0086397240718685975 0.030032837906716171 -0.032380751713089649 0.017192221497264026 -0.059511830277227319 0.0069096056999881977 -0.030638216407938547 0.022492910078448978 0.004468849616620846 -0.030108979367218427 -0.030503115934446785 0.043072584986313833 0.006446829626837583 -0.03116720838805502 0.027339959443523659 -0.0053824146167814587 -0.015227597702152457 -0.0098096974512117217 -0.036257405049252144 0.036729802278085352 0.017459631822017953 -0.022280941415702485 -0.026921851349487175 -0.013956699812952729 0.026839904155772077 -0.020432897547287814 0.025532428726493403 0.022002987237303279 0.013209241868221661 -0.0085607856762745238
leaf_weight=13.290731206536291 9.083031293004753 7.4218400977551928 10.631264500319956 6.9678537026047733 6.7559777796268445 7.8831425905227723 7.1790728066116563 13.100846815854309 208.36639754474163 14.65773134306073 10.603245098143818 7.9078425467014339 12.545280486345289 8.2162075443193299 11.223483707755802 7.2629808373749283 7.6071996297687354 7.2690531834959966 9.8484848979860526 5.8467305945232511 9.423972085118292 12.136334642767904 7.7991061359643936 12.006535708904265 10.191739421337841 11.683494254946707 14.200875498354433 11.19863001257181 25.253497906029224 61.714158765971661
leaf_count=73 59 39 67 38 41 40 68 69 1057 79 58 37 68 50 60 36 59 49 81 46 57 62 49 65 50 56 71 60 127 311
internal_value=-0.000434404 -0.00536131 -0.00731553 -0.00516291 -0.0228702 -0.00143629 0.0012006 0.00236173 0.00164341 -0.015284 0.0015757 0.00581443 -0.0104782 -0.00418575 0.00290978 0.0207787 -0.00815891 -0.00412394 -0.0114726 0.0109366 0.00285945 -0.0107865 -0.042049 0.00281362 0.00342119 0.00267815 0.00355048 0.0112293 0.0024935 0.00149154
internal_weight=569.277 141.844 134.422 123.791 21.5229 102.268 427.433 380.258 367.157 23.7408 88.9771 65.8286 23.1485 39.4592 31.243 26.3695 47.1745 39.9954 26.8797 13.1158 17.0312 20.0195 14.5551 343.417 331.41 321.218 309.535 18.4616 295.334 270.081
internal_count=3082 778 739 672 128 544 2304 1944 1875 138 471 345 126 212 162 133 360 292 197 95 116 102 90 1737 1672 1622 1566 96 1495 1368
is_linear=0
shrinkage=0.05


Tree=197
num_leaves=31
num_cat=0
split_feature=1 1 19 5 14 4 12 19 1 4 5 0 8 8 12 5 4 14 14 12 1 6 1 8 6 4 19 6 12 1
split_gain=1.35156 1.31125 1.11764 1.09732 3.88326 2.29149 2.19514 3.30215 1.97211 1.93724 1.42259 3.06901 2.83187 2.58987 1.40421 1.19021 1.30304 1.31059 1.47553 1.03942 2.83493 1.1087 4.97422 2.16948 1.52189 2.69345 1.11966 4.59059 1.59399 4.72848
threshold=0.19972100000000001 0.15995300000000004 12.667637500000001 0.024927000000000005 0.015366500000000002 0.0071170000000000009 0.030246000000000006 1.5316875000000003 0.0046515000000000003 0.072948000000000013 0.029386000000000006 2.7827545000000007 56.127729500000008 70.588581000000019 0.037613000000000008 0.030229500000000003 -0.10197749999999998 0.016370000000000006 0.017949000000000003 -0.024654499999999999 0.031753500000000011 0.036176000000000007 0.019835500000000002 58.374425000000009 0.041467000000000011 0.080284000000000008 0.98560200000000009 0.072490500000000013 0.037301500000000008 0.0041695000000000005
decision_type=2 2 2 2 2 2 2 2 2 2 2 2 2 2 2 2 2 2 2 2 2 2 2 2 2 2 2 2 2 2
left_child=1 2 3 5 8 -1 -7 -8 -5 -9 11 12 -6 -13 -10 -12 -17 -18 -19 20 -20 22 23 -21 25 -23 27 -26 29 -28
right_child=-2 -3 -4 4 10 6 7 9 14 -11 15 13 -14 -15 -16 16 17 18 19 21 -22 24 -24 -25 26 -27 28 -29 -30 -31
leaf_value=-0.012838373583493382 -0.020726582134254875 0.018814233072715916 0.015163774864802016 0.0035175491438385188 0.026018265712219851 0.030724935120929581 -0.024619245038088065 0.027523591574505193 -0.036540851395130372 -0.0037010858730772813 0.01692070409047532 -0.039127628760436489 -0.0096147458278163025 -0.0027153369765659553 -0.010920786645617239 -0.020440827853074606 0.020779670386229604 -0.01678721335208027 0.029986049273520859 -0.013251705992105157 -0.0099373226197859189 -0.0037155103937178014 -0.032611494107527061 0.017612507780482695 -0.029335892318757675 0.02799256116603659 -0.027128231597137165 0.016062909432636465 -0.0011102449153534417 0.01461441367720453
leaf_weight=12.194550625979899 8.2104813996702415 8.8382909595966321 11.03264864720404 7.2452099593356278 8.5618252307176608 11.162795946002005 7.2185503914952305 12.093718081712725 13.628986176103355 8.4298908486962301 10.587333805859087 11.441511474549772 15.987581692636011 8.5197303853929025 8.8025279939174634 7.6940584331750861 7.6864012777805319 12.770202301442621 9.9912076406180876 9.4000097159296292 8.0126486197113973 13.295187035575511 13.422144450247286 14.439751431345938 13.61567682772875 13.496136095374821 7.9618576550856224 9.4211146086454374 231.8706144252792 45.868418192490935
leaf_count=67 49 49 72 50 43 55 39 60 76 43 50 54 79 44 45 46 39 68 59 58 52 70 74 79 82 66 61 49 1226 241
internal_value=-0.000583657 -0.00029588 -0.000594369 -0.000907721 -0.00161595 0.00607375 0.0120017 0.00446784 -0.0191618 0.0146983 -0.00051752 -0.00902629 0.00281259 -0.0235864 -0.0264871 0.000364207 -5.41991e-05 0.000327212 -6.23305e-05 0.000484197 0.0122181 -8.24883e-05 -0.0082648 0.00544276 0.000826192 0.0122574 -0.000165778 -0.0107696 0.000689237 0.0084404
internal_weight=582.901 574.691 565.852 554.82 503.72 51.0995 38.905 27.7422 29.6767 20.5236 474.043 44.5106 24.5494 19.9612 22.4315 429.533 418.945 411.251 403.565 390.795 18.0039 372.791 37.2619 23.8398 335.529 26.7913 308.738 23.0368 285.701 53.8303
internal_count=3145 3096 3047 2975 2711 264 197 142 171 103 2540 220 122 98 121 2320 2270 2224 2185 2117 111 2006 211 137 1795 136 1659 131 1528 302
is_linear=0
shrinkage=0.05


Tree=198
num_leaves=31
num_cat=0
split_feature=6 19 19 6 6 5 9 6 19 4 9 5 19 19 6 9 2 18 3 3 11 19 2 13 5 9 5 5 14 12
split_gain=1.77526 1.74155 2.11362 2.25398 1.72377 3.24537 3.79525 2.89435 2.92768 2.375 2.27088 1.90977 3.85154 3.93904 2.57671 2.43201 2.08756 1.95279 2.8219 2.31152 1.90105 3.53045 2.89538 2.46227 2.44893 2.92871 2.02933 3.5221 1.8067 1.73135
threshold=0.19017750000000003 1.6531425000000002 1.7298430000000002 0.047932000000000009 0.068247500000000016 0.040133500000000009 0.27288850000000003 0.052634500000000008 4.0859990000000002 0.076324000000000017 0.34886900000000004 0.046741500000000005 5.9852445000000012 2.0104145000000004 0.14481350000000001 0.11498300000000002 0.10875700000000001 0.70000000000000007 0.081055000000000016 0.20478050000000003 0.63605750000000005 2.7919525000000003 0.073536000000000004 0.109282 0.034812000000000003 0.025731500000000004 0.023395500000000003 0.026615000000000003 0.022041000000000002 0.13038900000000003
decision_type=2 2 2 2 2 2 2 2 2 2 2 2 2 2 2 2 2 2 2 2 2 2 2 2 2 2 2 2 2 2
left_child=1 -1 3 -3 5 6 20 8 9 -7 11 12 13 -6 15 17 28 18 -13 -19 24 23 -23 -22 25 -4 -27 -28 -15 -18
right_child=-2 2 4 -5 10 7 -8 -9 -10 -11 -12 14 -14 16 -16 -17 29 19 -20 -21 21 22 -24 -25 -26 26 27 -29 -30 -31
leaf_value=0.0040179836854895958 0.022914746053171994 -0.03835667054353939 -0.027567096559325651 -0.0023719479979000032 0.023355825515315277 -0.020614173658614673 -0.033117008860612855 0.02286481157573593 0.023040984063912848 0.0077707588448546906 0.017737096389758282 -0.0021745895670715748 0.026026299782842956 -0.0060929368525878165 0.0012683865738799451 -0.040355149548211594 0.01558203263116438 0.020389419691541889 -0.043932723861596419 -0.018880322058388466 0.033044603064154458 -0.021729660695490469 0.014459086906970026 0.0014003808108372002 -0.026667259162669644 -0.015583996140742086 0.040135195054470725 0.00028130319614510759 -0.032815552787726611 -0.015569563675058316
leaf_weight=235.57982969749719 9.1486610267311317 7.8647107854485538 8.2849716171622259 9.7420952245593053 9.2834150046110135 14.430540456436576 9.4358591437339765 29.489893864840269 12.156102307140825 15.060160255059598 10.281900748610495 7.4346630945801797 11.207798946648834 10.930134274065496 21.495204425416887 10.887888442724941 9.3057746365666407 7.250962505117057 8.8756637908518297 7.7553108111023903 14.994554936885836 13.577249944210054 9.3219480961561185 10.41867522895336 11.685795787721871 8.5791283175349218 7.9776780605316189 18.170234017074108 15.012770980596541 8.5660657808184606
leaf_count=1243 56 43 41 49 45 85 50 153 70 79 57 49 58 56 153 73 47 39 53 42 75 72 45 51 66 44 39 93 74 46
internal_value=0.00106256 0.000714911 -0.00157725 -0.0184458 -0.000654517 0.00252122 -0.0027664 0.0108794 0.00239259 -0.0061187 -0.00487045 -0.00668638 -0.000607979 -0.00622986 -0.0128226 -0.0199993 -0.0124984 -0.0129222 -0.0248983 9.46372e-05 1.37482e-05 0.00724114 -0.00699772 0.0200714 -0.00636992 -0.000855405 0.00551731 0.0124406 -0.0215569 0.000650911
internal_weight=584.206 575.057 339.477 17.6068 321.87 183.583 112.446 71.1367 41.6468 29.4907 138.288 128.006 64.306 53.0982 63.6997 42.2045 43.8147 31.3166 16.3103 15.0063 103.01 48.3124 22.8992 25.4132 54.6978 43.012 34.727 26.1479 25.9429 17.8718
internal_count=3146 3090 1847 92 1755 963 576 387 234 164 792 735 326 268 409 256 223 183 102 81 526 243 117 126 283 217 176 132 130 93
is_linear=0
shrinkage=0.05


Tree=199
num_leaves=31
num_cat=0
split_feature=3 6 5 5 7 6 13 5 5 11 11 14 1 0 19 19 11 4 11 14 1 6 12 14 1 3 11 13 14 13
split_gain=2.07406 2.63175 1.86709 3.14243 2.48688 1.7566 1.85181 2.00067 4.62612 2.82397 4.38324 2.99897 2.81053 2.79053 3.65523 3.22855 3.6326 3.53838 3.202 3.10354 2.55321 2.43247 4.88215 2.50407 4.05466 3.70613 3.69265 3.56988 3.40471 5.86955
threshold=0.48165400000000008 0.15404250000000003 0.064809000000000019 0.046313500000000007 0.98138500000000006 0.12739750000000002 0.035487500000000012 0.044129500000000009 0.044752000000000007 0.41136200000000006 0.99687500000000007 0.014253500000000001 0.0016725000000000002 7.4787215000000007 2.9626380000000005 1.8406630000000002 0.79873400000000017 0.15153350000000002 0.87339750000000016 0.045017500000000009 0.049396000000000009 0.077794000000000016 0.092621500000000009 0.017568500000000004 0.032562000000000001 0.029218500000000005 0.54951000000000005 0.13349650000000005 0.027916000000000003 0.11239350000000002
decision_type=2 2 2 2 2 2 2 2 2 2 2 2 2 2 2 2 2 2 2 2 2 2 2 2 2 2 2 2 2 2
left_child=1 5 3 -3 -4 6 -1 9 -9 11 12 -8 -11 14 15 16 -10 -17 -18 -16 -19 23 -23 26 25 -25 -14 -27 29 -26
right_child=-2 2 4 -5 -6 -7 7 8 13 10 -12 -13 21 -15 19 17 18 20 -20 -21 -22 22 -24 24 28 27 -28 -29 -30 -31
leaf_value=-0.0039505995567951802 -0.026201952393252976 0.00031841199101122989 -0.019759857143441167 0.041044225994260268 0.02243503989622601 -0.014604237159101363 -0.014506791034514153 -0.042025185266798604 -0.0090656728247777724 0.025956494712558488 0.017432842658396015 0.017682855085748874 -0.020525413764990671 -0.024282217444725644 0.029847607566565539 0.0035290967910670597 0.038792632689365308 -0.052755356937984825 0.0047272557683202101 -0.0070608519298985279 -0.012261358588507488 0.038290001708017218 -0.0098822141740793398 0.0065157975863254893 0.01146163176926155 -0.047507389478863654 0.024102900642304234 -0.0091709566802867654 0.021695519395534213 -0.038795167658788404
leaf_weight=156.99190878495574 7.1688265800476065 8.0118593610823172 7.2787745585665089 11.586534567177294 6.7122117169201374 19.811197463423014 8.2096511125564557 6.9335270822048178 29.221031002700329 7.8657949268817893 34.177891872823238 60.991141851991415 7.5019284859299686 10.886476114392279 18.421183496713642 11.990257190540435 9.9887218028306943 7.8236662931740266 22.295170711353421 8.2449409104883653 7.7472822293639183 8.9581858590245265 12.739445798099039 7.1263794973492613 12.462219044566156 17.328671321272854 12.12902797013521 9.348575469106434 11.074438109993933 10.883426934480665
leaf_count=865 34 46 57 58 73 120 46 36 159 43 168 297 38 67 94 66 54 45 124 49 39 45 64 36 65 98 59 50 52 52
internal_value=0.000523054 0.000862301 0.0144353 0.0243954 0.000483253 3.96246e-06 0.000569937 0.00257273 -0.002258 0.00549467 0.00167421 0.013864 -0.00291279 -8.03837e-05 0.00219619 -0.00266591 0.00370662 -0.0168867 0.0152672 0.0184358 -0.0326077 -0.00498559 0.0100064 -0.00868819 -0.0132163 -0.0255162 0.00704828 -0.0340731 -0.00113658 -0.0119674
internal_weight=571.91 564.742 33.5894 19.5984 13.991 531.152 511.341 354.349 133.552 220.797 151.596 69.2008 117.418 126.619 115.732 89.0661 61.5049 27.5612 32.2839 26.6661 15.5709 109.552 21.6976 87.8547 68.2237 33.8036 19.631 26.6772 34.4201 23.3456
internal_count=3099 3065 234 104 130 2831 2711 1846 733 1113 770 343 602 697 630 487 337 150 178 143 84 559 109 450 353 184 97 148 169 117
is_linear=0
shrinkage=0.05


end of trees

feature_importances:
atr_pct=459
vol_std20=459
vol_trend5=420
ret1=410
vol_ratio=404
close_pos=401
dist_ath300=392
ret20=391
range_pct=379
ema50_dist=372
rsi14=371
bb_pct=361
ret3=345
ret5=337
ema20_dist=294
dow=126
mom_consist=66
hi20_break=13

parameters:
[boosting: gbdt]
[objective: binary]
[metric: auc]
[tree_learner: serial]
[device_type: cpu]
[data_sample_strategy: bagging]
[data: ]
[valid: ]
[num_iterations: 200]
[learning_rate: 0.05]
[num_leaves: 31]
[num_threads: 0]
[seed: 42]
[deterministic: 0]
[force_col_wise: 0]
[force_row_wise: 0]
[histogram_pool_size: -1]
[max_depth: -1]
[min_data_in_leaf: 40]
[min_sum_hessian_in_leaf: 0.001]
[bagging_fraction: 0.8]
[pos_bagging_fraction: 1]
[neg_bagging_fraction: 1]
[bagging_freq: 1]
[bagging_seed: 400]
[bagging_by_query: 0]
[feature_fraction: 0.8]
[feature_fraction_bynode: 1]
[feature_fraction_seed: 30056]
[extra_trees: 0]
[extra_seed: 12879]
[early_stopping_round: 0]
[early_stopping_min_delta: 0]
[first_metric_only: 0]
[max_delta_step: 0]
[lambda_l1: 0]
[lambda_l2: 0]
[linear_lambda: 0]
[min_gain_to_split: 0]
[drop_rate: 0.1]
[max_drop: 50]
[skip_drop: 0.5]
[xgboost_dart_mode: 0]
[uniform_drop: 0]
[drop_seed: 17869]
[top_rate: 0.2]
[other_rate: 0.1]
[min_data_per_group: 100]
[max_cat_threshold: 32]
[cat_l2: 10]
[cat_smooth: 10]
[max_cat_to_onehot: 4]
[top_k: 20]
[monotone_constraints: ]
[monotone_constraints_method: basic]
[monotone_penalty: 0]
[feature_contri: ]
[forcedsplits_filename: ]
[refit_decay_rate: 0.9]
[cegb_tradeoff: 1]
[cegb_penalty_split: 0]
[cegb_penalty_feature_lazy: ]
[cegb_penalty_feature_coupled: ]
[path_smooth: 0]
[interaction_constraints: ]
[verbosity: -1]
[saved_feature_importance_type: 0]
[use_quantized_grad: 0]
[num_grad_quant_bins: 4]
[quant_train_renew_leaf: 0]
[stochastic_rounding: 1]
[linear_tree: 0]
[max_bin: 255]
[max_bin_by_feature: ]
[min_data_in_bin: 3]
[bin_construct_sample_cnt: 200000]
[data_random_seed: 175]
[is_enable_sparse: 1]
[enable_bundle: 1]
[use_missing: 1]
[zero_as_missing: 0]
[feature_pre_filter: 1]
[pre_partition: 0]
[two_round: 0]
[header: 0]
[label_column: ]
[weight_column: ]
[group_column: ]
[ignore_column: ]
[categorical_feature: ]
[forcedbins_filename: ]
[precise_float_parser: 0]
[parser_config_file: ]
[objective_seed: 16083]
[num_class: 1]
[is_unbalance: 0]
[scale_pos_weight: 1]
[sigmoid: 1]
[boost_from_average: 1]
[reg_sqrt: 0]
[alpha: 0.9]
[fair_c: 1]
[poisson_max_delta_step: 0.7]
[tweedie_variance_power: 1.5]
[lambdarank_truncation_level: 30]
[lambdarank_norm: 1]
[label_gain: ]
[lambdarank_position_bias_regularization: 0]
[eval_at: ]
[multi_error_top_k: 1]
[auc_mu_weights: ]
[num_machines: 1]
[local_listen_port: 12400]
[time_out: 120]
[machine_list_filename: ]
[machines: ]
[gpu_platform_id: -1]
[gpu_device_id: -1]
[gpu_use_dp: 0]
[num_gpu: 1]

end of parameters

pandas_categorical:[]
