tree
version=v4
num_class=1
num_tree_per_iteration=1
label_index=0
max_feature_idx=19
objective=binary sigmoid:1
feature_names=vol_ratio ret1 ret3 ret5 ret20 atr_pct range_pct close_pos rsi14 dist_ath300 hi20_break bb_pct ema20_dist ema50_dist vol_std20 dow is_bull is_bear mom_consist vol_trend5
feature_infos=[1.300243:30] [-0.16666700000000001:0.33333299999999999] [-0.216667:0.72787800000000002] [-0.28611999999999999:1.292468] [-0.53500000000000003:3.1690909999999999] [0.010626999999999999:0.5] [0.025000000000000001:0.59999999999999998] [0:1] [1.8518520000000001:99.893401999999995] [0:0.99033300000000002] [0:1] [0:1] [-0.288049:0.5] [-0.5:0.5] [0:0.29999999999999999] [0:6] none none [0:1] [0.471802:20]
tree_sizes=3362 3392 3419 3416 3412 3419 3425 3413 3404 3417 3406 3405 3408 3427 3416 3409 3414 3434 3417 3420 3410 3444 3406 3409 3435 3426 3424 3414 3398 3415 3427 3413 3456 3411 3407 3426 3403 3407 3426 3423 3425 3424 3430 3415 3414 3438 3436 3410 3422 3436 3429 3441 3439 3420 3395 3432 3399 3432 3414 3403 3440 3440 3418 3414 3432 3427 3411 3443 3406 3421 3421 3445 3412 3431 3413 3425 3432 3433 3412 3421 3431 3422 3442 3451 3421 3431 3429 3424 3448 3439 3444 3448 3433 3428 3440 3425 3439 3427 3428 3440 3445 3433 3428 3416 3435 3435 3428 3427 3418 3433 3451 3442 3446 3433 3428 3432 3415 3412 3437 3423 3425 3421 3442 3436 3435 3443 3446 3446 3428 3408 3423 3445 3456 3429 3456 3424 3442 3435 3428 3446 3435 3439 3423 3441 3436 3434 3434 3435 3447 3424 3448 3430 3423 3441 3433 3431 3427 3426 3438 3420 3431 3437 3431 3434 3435 3455 3448 3442 3425 3418 3443 3425 3428 3417 3463 3433 3439 3405 3436 3412 3433 3415 3436 3456 3438 3423 3445 3450 3436 3420 3440 3449 3438 3437 3462 3430 3449 3423 3462 3422

Tree=0
num_leaves=31
num_cat=0
split_feature=14 1 12 9 9 13 2 0 19 14 14 13 0 8 8 0 14 7 13 9 19 3 12 9 9 19 0 1 1 1
split_gain=37.7917 29.3897 34.6078 10.9901 10.8516 8.52216 8.00972 8.60421 10.6671 8.71824 7.6523 9.7131 7.35606 7.27307 8.74462 6.95967 6.80117 8.19493 6.45607 6.18256 5.77672 5.72725 5.32173 4.84991 4.60031 9.48742 6.50773 3.84765 4.07363 3.57131
threshold=0.060733000000000009 0.027944500000000004 -0.018438999999999997 0.14580100000000004 0.11181650000000001 -0.051171999999999995 0.0014635000000000002 3.1021255000000001 6.4952590000000008 0.039230500000000008 0.017692500000000003 0.087035500000000016 2.1703260000000006 46.906888000000002 56.814213000000002 3.0440840000000002 0.020500500000000001 0.79996750000000005 -0.040305499999999994 0.042080500000000007 4.4890155000000007 0.027137500000000005 -0.051224999999999993 0.0049730000000000009 0.078168500000000016 1.8145950000000004 5.5668130000000007 0.05000700000000001 0.039264000000000007 0.016907500000000002
decision_type=2 2 2 2 2 2 2 2 2 2 2 2 2 2 2 2 2 2 2 2 2 2 2 2 2 2 2 2 2 2
left_child=1 2 18 6 10 -5 -3 9 20 23 -4 15 21 -14 -15 -12 17 -6 22 29 24 -7 -1 -8 25 -9 -27 28 -25 -13
right_child=-2 3 4 5 16 12 7 8 -10 -11 11 19 13 14 -16 -17 -18 -19 -20 -21 -22 -23 -24 27 -26 26 -28 -29 -30 -31
leaf_value=-0.22921978716634078 -0.30096615488206779 -0.26636526590274068 -0.28178360385705703 -0.21357958559311979 -0.25088451118500699 -0.26272398111639356 -0.16986041762648096 -0.18907081195758407 -0.19094030647298452 -0.25125182518720729 -0.21168208949562889 -0.30783654722616438 -0.29997983932815731 -0.22223401901338313 -0.27683331220886803 -0.26156926738234476 -0.30531919053672579 -0.2996148354769142 -0.24497770493340745 -0.23910483655630416 -0.27543333033206074 -0.21436478344082063 -0.18507086373813464 -0.21352867716123589 -0.25828644486571012 -0.26144727059963196 -0.21959603663394456 -0.23099411144321683 -0.17492237851258285 -0.26576072827411934
leaf_weight=13.29233103990555 33.47698187828064 11.81540536880493 28.307742029428482 14.030793875455855 19.446188002824783 10.584633976221086 10.092325419187544 12.061559647321699 12.553868204355238 10.338479697704313 18.953879445791248 9.8461711406707817 13.046176761388777 12.061559647321703 18.707725167274475 11.076942533254622 28.800050586462021 15.507719546556471 18.215416610240936 10.584633976221083 10.338479697704313 14.523102432489393 14.030793875455855 17.230799496173862 16.246182382106781 18.215416610240936 18.953879445791245 13.046176761388777 11.323096811771391 10.338479697704313
leaf_count=54 136 48 115 57 79 43 41 49 51 42 77 40 53 49 76 45 117 63 74 43 42 59 57 70 66 74 77 53 46 42
internal_value=-0.24974 -0.245873 -0.26018 -0.234296 -0.271578 -0.249099 -0.226725 -0.223611 -0.233631 -0.209337 -0.26031 -0.250312 -0.25633 -0.268695 -0.25543 -0.230083 -0.287328 -0.272504 -0.22192 -0.270055 -0.2407 -0.234752 -0.206549 -0.200954 -0.235216 -0.227602 -0.240106 -0.208498 -0.198219 -0.286286
internal_weight=477.047 443.57 198.4 245.17 152.862 82.954 162.216 150.4 88.3694 62.0309 89.1078 60.8001 68.9232 43.8155 30.7693 30.0308 63.754 34.9539 45.5385 30.7693 75.8155 25.1077 27.3231 51.6924 65.477 49.2309 37.1693 41.6001 28.5539 20.1847
internal_count=1938 1802 806 996 621 337 659 611 359 252 362 247 280 178 125 122 259 142 185 125 308 102 111 210 266 200 151 169 116 82
is_linear=0
shrinkage=1


Tree=1
num_leaves=31
num_cat=0
split_feature=5 13 1 7 2 5 7 13 6 0 19 15 19 19 0 0 5 1 4 6 0 1 7 9 6 12 12 6 9 13
split_gain=53.7699 19.0457 26.5779 13.2579 13.2126 11.1751 13.6968 12.188 10.1143 9.80077 13.6739 9.53943 8.54742 10.6812 7.11373 9.38566 6.80717 6.56698 6.44108 6.22081 5.93826 5.70486 5.70074 4.99684 4.8848 4.33897 8.2634 4.0949 3.52982 3.40959
threshold=0.080603500000000008 -0.037813499999999993 0.023966500000000005 0.79996750000000005 -0.011704999999999998 0.053340500000000006 0.85330000000000006 0.13765150000000001 0.050022000000000004 2.4504060000000005 0.95142700000000013 4.5000000000000009 1.3168210000000002 1.628989 6.169038500000001 8.0818495000000024 0.029894000000000004 0.0064200000000000012 0.13447450000000002 0.056546500000000006 2.3836335000000006 0.097343000000000013 0.65187900000000021 0.10889200000000002 0.053583500000000006 -0.020635999999999998 -0.051224999999999993 0.04403300000000001 0.018185000000000003 0.095359500000000014
decision_type=2 2 2 2 2 2 2 2 2 2 2 2 2 2 2 2 2 2 2 2 2 2 2 2 2 2 2 2 2 2
left_child=1 11 3 8 -5 7 -7 9 17 10 -4 25 -11 -14 24 -16 -12 22 -10 27 -19 29 -3 -6 -15 26 -1 -18 -9 -8
right_child=-2 2 5 4 23 6 21 28 18 12 16 -13 13 14 15 -17 19 20 -20 -21 -22 -23 -24 -25 -26 -27 -28 -29 -30 -31
leaf_value=-0.0022947833419497991 -0.059311618540077771 -0.063453850234702777 -0.017200736042709341 0.012957034401753293 -0.028121609616224633 -0.029174774601920101 0.024250221502397844 0.057349925923728923 0.043092725091422673 -0.041263822364531119 0.0073421088486363556 0.068284685253571495 0.044597310887844993 -0.034348193286659716 0.053597626448111113 -0.0068393180620888398 0.046827183529324953 0.018141982287931374 -0.0080124362638023389 0.020911187364682799 -0.021470893985052308 0.048966856277049053 -0.012229013299716741 -0.06202175148716154 0.0019203989331357933 -0.005769369309254869 0.053818429286565939 0.089123886811177611 0.0265841826630695 -0.015503408229226171
leaf_weight=10.857492908835409 33.779649436473846 10.067014485597612 13.077139988541601 11.802250012755392 19.897995412349701 31.746905133128166 10.107099309563642 20.996557667851448 15.966540470719339 10.351600438356398 11.341110721230505 14.82205283641815 15.281960278749464 18.435473367571831 10.841796383261682 15.764748752117155 12.084826663136484 19.180193573236465 10.0440466850996 10.850490182638167 18.669777169823647 9.8248496651649457 11.795090571045874 23.958173930644989 18.701586112380028 10.824524879455568 16.579871848225594 10.8687607049942 16.768909722566605 11.566012322902678
leaf_count=44 138 41 53 48 81 129 41 85 65 42 46 60 62 75 44 64 49 78 41 44 76 40 48 98 76 44 67 44 68 47
internal_value=0.00149596 0.00613188 0.0023073 -0.0150015 -0.0340033 0.0121506 -0.0059978 0.0183426 -0.00266393 0.0118574 0.0278208 0.0342299 0.00145844 0.00705465 -0.00194586 0.0177879 0.0408621 -0.0139992 0.0233584 0.052108 -0.00139736 0.0173624 -0.0358169 -0.0466409 -0.016084 0.0210375 0.0316134 0.0668551 0.0436891 0.00303541
internal_weight=476.855 443.075 389.991 141.381 55.6584 248.61 63.2449 185.365 85.7227 147.599 58.2223 53.0839 89.3772 79.0256 63.7436 26.6065 45.1452 59.7121 26.0106 33.8041 37.85 31.498 21.8621 43.8562 37.1371 38.2619 27.4374 22.9536 37.7655 21.6731
internal_count=1938 1800 1585 576 227 1009 257 752 349 599 236 215 363 321 259 108 183 243 106 137 154 128 89 179 151 155 111 93 153 88
is_linear=0
shrinkage=0.05


Tree=2
num_leaves=31
num_cat=0
split_feature=5 1 13 5 6 3 5 1 19 11 9 13 14 14 5 6 9 4 4 19 11 14 13 6 19 19 4 11 4 9
split_gain=46.2637 25.5549 16.7675 10.3211 9.99388 14.937 9.1225 9.09948 8.774 8.20239 7.26252 9.33226 8.43565 7.41543 7.01544 6.87348 6.52442 9.91331 7.24594 7.21038 5.02254 5.03998 5.21122 4.79559 4.32014 9.08696 3.84479 3.57737 3.3036 3.18309
threshold=0.075155500000000014 0.028200000000000003 -0.043558999999999994 0.040038500000000012 0.049704000000000005 0.059041500000000004 0.040267000000000004 0.0094695000000000005 1.5817605000000003 0.71458350000000015 0.15360550000000003 0.019229500000000004 0.020682000000000002 0.028017000000000004 0.037989000000000002 0.11373950000000001 0.19216100000000003 -0.009637999999999999 0.021349000000000003 1.4849065000000004 0.037618000000000006 0.038953500000000009 0.04168850000000001 0.055042500000000001 1.8060995000000004 1.2938240000000003 0.24329300000000001 0.46201900000000007 0.03529150000000001 0.026981500000000002
decision_type=2 2 2 2 2 2 2 2 2 2 2 2 2 2 2 2 2 2 2 2 2 2 2 2 2 2 2 2 2 2
left_child=1 2 14 10 6 8 16 -8 -6 20 12 -12 23 28 -1 -2 17 -4 -19 -20 -5 22 -22 29 25 -11 -26 -24 -14 -3
right_child=15 3 4 9 5 -7 7 -9 -10 24 11 -13 13 -15 -16 -17 -18 18 19 -21 21 -23 27 -25 26 -27 -28 -29 -30 -31
leaf_value=0.05866380819938706 -0.022928413903143995 0.010307616551791115 -0.049273513027203703 0.023371222488633801 -0.001237088069005732 -0.033901434103768911 -0.067233603253797611 -0.017253297393909208 0.048731692661220925 0.011373620218338364 0.030788038388719824 -0.023861742189970631 0.090054972171893052 0.020055880072063274 0.0058949421060381819 -0.06422483592715901 0.022716779372574842 0.024193924575048164 -0.053616618539193674 -0.0016497743204050579 -0.02040839945846154 -0.031967751137093887 0.035995349870122408 -0.0056006999071424382 -0.0058792038873951777 0.072839831199765878 0.028391580002249631 -0.0025864980531436505 0.05429613445315476 0.046703447897030417
leaf_weight=11.909840106964113 16.559409722685814 9.8856415152549761 17.913992643356323 14.55604802072048 17.692512884736061 16.664579063653946 18.046602681279182 18.383103355765343 17.449058338999748 13.814663201570513 19.481091752648354 13.041218280792235 9.9073572903871554 12.12978023290634 13.368446052074431 25.735858738422394 11.757761657238005 14.232468992471693 10.065050750970842 19.817295715212822 17.998355656862259 17.473517179489136 11.104394078254701 12.357665121555327 17.262427493929863 10.647179171442984 15.56164215505123 13.091153815388678 18.556497424840927 15.312792867422102
leaf_count=48 68 40 73 59 72 68 74 75 71 56 79 53 40 49 54 106 48 58 41 81 73 71 45 50 70 43 63 53 75 62
internal_value=0.00183751 0.00675105 -0.00711764 0.017477 -0.0130267 0.00508592 -0.0215404 -0.0420126 0.0235742 0.00800798 0.0287288 0.00887386 0.0369915 0.0527922 0.0307569 -0.0480565 -0.0114329 -0.0179061 -0.00516853 -0.0191534 -0.00296224 -0.00938637 -3.48706e-05 0.0199128 0.0222217 0.0381272 0.0103683 0.0151204 0.0667426 0.0324249
internal_weight=471.777 429.482 187.301 242.181 162.022 51.8062 110.216 36.4297 35.1416 131.509 110.672 32.5223 78.1497 40.5936 25.2783 42.2953 73.7866 62.0288 44.1148 29.8823 74.2235 59.6674 42.1939 37.5561 57.2859 24.4618 32.8241 24.1955 28.4639 25.1984
internal_count=1918 1744 763 981 661 211 450 149 143 533 448 132 316 164 102 174 301 253 180 122 301 242 171 152 232 99 133 98 115 102
is_linear=0
shrinkage=0.05


Tree=3
num_leaves=31
num_cat=0
split_feature=5 13 1 6 9 4 0 19 0 19 5 2 7 2 11 3 13 19 15 13 5 9 13 19 6 19 0 3 2 11
split_gain=40.4829 15.5386 17.945 13.4035 13.2778 9.48442 9.27277 8.47248 9.43993 8.01253 8.19497 7.13273 6.98782 6.41408 8.53797 7.13018 6.47119 6.25915 5.21795 6.20161 6.50989 4.91185 6.78751 10.7551 4.86053 4.41702 12.5159 4.09685 8.0241 3.87742
threshold=0.075155500000000014 -0.043558999999999994 0.017556000000000006 0.051944000000000011 0.038606000000000008 -0.081941999999999987 2.4093380000000004 1.2852090000000003 1.4463330000000003 1.0822355000000001 0.038638000000000013 0.053015000000000007 0.80026700000000017 0.062223500000000008 0.47182550000000006 0.12333150000000002 0.027798500000000004 2.1214510000000004 2.5000000000000004 0.058685000000000008 0.053544000000000001 0.22099100000000002 0.075308000000000014 1.3985875000000003 0.063643000000000019 1.8425275000000003 6.266899500000001 0.087077000000000016 0.11375150000000002 0.46770850000000003
decision_type=2 2 2 2 2 2 2 2 2 2 2 2 2 2 2 2 2 2 2 2 2 2 2 2 2 2 2 2 2 2
left_child=1 9 3 21 18 -6 7 8 -7 -1 -11 -10 -5 14 16 17 -8 -15 19 -4 27 22 23 -3 -12 -20 -27 -21 -29 -25
right_child=-2 2 4 12 5 6 13 -9 11 10 24 -13 -14 15 -16 -17 -18 -19 25 20 -22 -23 -24 29 -26 26 -28 28 -30 -31
leaf_value=0.068815576583958787 -0.04785953509862613 -0.046636378463125058 -0.023853943313674696 0.02840801080182407 -0.039863226675389857 -0.038208082039268322 0.022718850990842532 0.037203143292590439 -0.0007277957400478657 0.051073750693114151 -0.025187706980192837 0.048242321440741087 -0.017706057304336598 0.045563465941825559 -0.040528002838811306 -0.01666906818234995 -0.023726813605129078 -0.0016530668338534075 0.052903475575417851 0.049664828182724281 -0.014120257205580035 -0.056170696711343338 -0.048762752108048715 -0.0084329418615432233 0.024358083379302523 -0.016082272395841427 0.06027504466366107 -0.015276306626284739 0.041043630116517099 0.031363616948484711
leaf_weight=11.164465114474295 41.214556664228439 13.871988505125044 9.8551733642816526 19.461658373475075 14.255149990320204 10.816412732005118 14.756064757704737 28.893869549036026 22.431022450327873 12.696203023195265 9.889634922146799 11.1232773065567 14.215984687209128 14.325267195701601 24.816581025719643 19.938821017742157 15.250197649002073 13.761541277170179 19.3119857609272 14.855848550796507 11.321753978729246 13.791785702109335 17.502290621399879 14.64506644010544 9.9106196761131269 11.366304457187654 10.167023599147795 11.140056669712068 14.629648104310034 10.515121653676031
leaf_count=45 171 57 40 79 58 44 60 117 91 51 40 45 58 58 101 81 62 56 78 60 46 57 72 60 40 46 41 45 59 43
internal_value=-0.000471785 0.00396014 0.000846607 -0.0169959 0.00717969 -0.000635958 0.00253922 0.0161327 0.0024118 0.0322723 0.0197175 0.0155058 0.00894237 -0.00714416 -0.0188309 0.00619666 -0.000886407 0.022429 0.0216744 0.0125098 0.0194086 -0.0294172 -0.0228906 -0.0112894 -0.000388557 0.0355412 0.0199701 0.0287525 0.0166969 0.00819911
internal_weight=481.895 440.681 397.02 104.004 293.016 190.368 176.113 73.2646 44.3707 43.6609 32.4965 33.5543 33.6776 102.848 54.8228 48.0256 30.0063 28.0868 102.648 61.8025 51.9473 70.3263 56.5345 39.0322 19.8003 40.8453 21.5333 40.6256 25.7697 25.1602
internal_count=1961 1790 1614 426 1188 773 715 297 180 176 131 136 137 418 223 195 122 114 415 250 210 289 232 160 80 165 87 164 104 103
is_linear=0
shrinkage=0.05


Tree=4
num_leaves=31
num_cat=0
split_feature=5 1 10 13 19 9 9 9 8 0 1 14 19 8 19 11 15 2 14 14 19 19 2 2 12 12 5 8 13 0
split_gain=34.4952 15.9666 17.1583 10.0458 10.0854 12.1032 9.41949 9.16796 10.1957 9.64259 8.01741 6.57664 8.78791 6.5283 6.33416 5.43455 9.4888 5.77228 4.4873 9.35108 4.41478 8.3895 3.98676 11.7601 7.06531 7.78924 5.84033 4.90945 3.95024 3.92365
threshold=0.075155500000000014 0.028200000000000003 1.0000000180025095e-35 -0.032866999999999993 2.1646450000000006 0.10040200000000001 0.078168500000000016 0.14516350000000003 35.00195750000001 3.0748385000000007 0.0068995000000000003 0.029193000000000004 1.2710285000000001 65.302375000000012 3.2469280000000005 0.52306350000000013 1.5000000000000002 0.093237000000000014 0.022944000000000003 0.015726500000000001 8.3595145000000013 3.6419900000000003 0.029250000000000002 0.046283000000000012 -0.0039779999999999989 0.0071330000000000013 0.040038500000000012 60.6918705 0.056816500000000013 5.2887855000000004
decision_type=2 2 2 2 2 2 2 2 2 2 2 2 2 2 2 2 2 2 2 2 2 2 2 2 2 2 2 2 2 2
left_child=1 2 3 18 22 10 -4 9 -9 11 -6 12 -3 14 28 16 -10 -17 19 -1 21 29 24 -24 26 -26 -5 -27 -11 -15
right_child=-2 7 6 4 5 -7 -8 8 15 13 -12 -13 -14 20 -16 17 -18 -19 -20 -21 -22 -23 23 -25 25 27 -28 -29 -30 -31
leaf_value=-0.0023220325770367087 -0.044718545095414737 0.018794097372917099 -0.018417900637343946 -0.054441312315336478 0.07242653138896514 -0.015293220178891904 -0.072773482223597225 0.045605161989426574 -0.018382648669061079 -0.012412417643837751 0.0092100943106549257 0.014096919143327081 0.064663529987782714 0.015431235059659191 -0.037609623569771128 -0.034920285971926639 0.033440979854418414 0.010272135784575111 -0.0017631105149638025 0.060370804545637528 0.049901179769506483 -0.019765762749721527 -0.066651811134854314 0.0021275787013848337 0.034467587897677288 -0.030040524414055636 -0.003139107432170744 0.014446582596590441 0.025024117721351463 0.053575677811656709
leaf_weight=9.9022063463926333 39.419198036193848 17.870217740535736 21.202742993831635 12.419474795460703 10.277763694524767 17.521613359451294 12.77125898003578 10.156227350234984 18.957738175988197 14.074032261967661 9.7957903891801816 26.963742837309837 25.119845807552338 21.025336846709255 11.56746359169483 24.832750961184502 16.538184136152267 9.8756678551435453 12.142289772629736 14.894662886857985 10.171270355582235 13.344510376453398 12.643282115459444 12.223465889692305 13.468696281313894 15.644709900021555 10.026126042008398 10.274410158395765 14.111904978752134 9.9236558824777585
leaf_count=40 165 72 87 51 42 72 53 41 77 57 40 109 101 85 47 101 67 40 49 60 41 54 52 50 55 64 41 42 57 40
internal_value=8.92437e-05 0.0041059 -0.00655753 0.000247055 -0.0065567 0.0150722 -0.0388509 0.0126184 -0.00121934 0.0193919 0.0415772 0.0334549 0.0455964 0.00895055 -0.00645486 -0.00799328 0.00576291 -0.0220616 0.0231408 0.0353355 0.0201948 0.0133733 -0.0159355 -0.0328427 -0.00913612 0.00362265 -0.0315254 -0.0124057 0.006331 0.0276621
internal_weight=479.16 439.741 195.208 161.234 124.295 37.5952 33.974 244.533 80.3606 164.172 20.0736 69.9538 42.9901 94.2182 39.7534 70.2043 35.4959 34.7084 36.9392 24.7969 54.4648 44.2935 86.7002 24.8667 61.8334 39.3878 22.4456 25.9191 28.1859 30.949
internal_count=1952 1787 798 658 509 154 140 989 326 663 82 282 173 381 161 285 144 141 149 100 220 179 355 102 253 161 92 106 114 125
is_linear=0
shrinkage=0.05


Tree=5
num_leaves=31
num_cat=0
split_feature=5 13 1 7 9 0 7 19 19 11 9 7 7 3 19 19 19 19 2 9 5 1 13 5 1 18 12 2 8 5
split_gain=31.4611 18.1892 17.064 10.3294 10.1092 9.53386 8.05002 8.48078 13.6768 7.20834 6.73201 6.62411 6.46606 6.06158 8.94913 5.59846 5.75376 5.47066 6.73923 5.3761 5.31271 4.80286 4.66971 4.59497 4.472 4.19893 4.10368 5.36303 4.03413 3.80274
threshold=0.075155500000000014 -0.043558999999999994 0.017556000000000006 0.97315300000000005 0.038606000000000008 2.3553785000000005 0.68438750000000004 2.2719390000000002 1.3831270000000002 0.47386350000000005 0.013028000000000001 0.86748350000000007 0.63842600000000005 0.046482500000000003 2.4966370000000002 2.8005405000000003 1.8636845000000004 1.2938240000000003 0.056894500000000008 0.039584500000000002 0.031459500000000008 0.039847500000000001 0.026424500000000004 0.033596500000000008 0.047646500000000008 0.50000000000000011 -0.027009499999999995 -1.0000000180025095e-35 30.930736000000003 0.033673500000000002
decision_type=2 2 2 2 2 2 2 2 2 2 2 2 2 2 2 2 2 2 2 2 2 2 2 2 2 2 2 2 2 2
left_child=1 26 3 13 10 17 12 8 -8 -9 11 -4 21 14 29 16 -2 18 20 -15 -6 -7 -22 -12 -10 -19 27 28 -1 -3
right_child=15 2 4 -5 5 6 7 9 24 -11 23 -13 -14 19 -16 -17 -18 25 -20 -21 22 -23 -24 -25 -26 -27 -28 -29 -30 -31
leaf_value=0.051105118335401371 -0.044917688528301788 -0.029297644795230077 -0.0094844717129205711 -0.052893904596176988 0.021319122466044248 -0.039296662608403331 -0.029812972593747003 0.0094543357360636696 0.013708092486354359 -0.039440770420093099 0.061243624629068974 0.022462570049786676 -0.063053685874732951 -0.001916976876107916 0.039392920856456126 -0.068932552762416943 0.0027836636169052981 0.054756319750298592 0.030410329402271882 -0.047740451255263862 -0.042407803356274199 0.0076774734717238047 0.0026370324974953328 0.024000019477697698 0.050260026687603744 0.015920249465031368 0.0077622628744533489 0.074426946787252493 0.0076530793472982198 0.00044000452691821845
leaf_weight=11.21042910218239 18.985348418354992 16.745581269264221 26.182393491268158 16.474906757473946 9.8558311313390714 10.483707681298258 13.516028240323065 12.259925916790964 19.200844869017601 19.570140853524208 12.637333944439886 42.668256893754005 10.258677095174788 10.68520124256611 11.289229705929754 12.72224524617195 9.4773865789175016 11.146842017769815 15.575589165091513 15.963161453604696 12.996314361691477 11.314118817448614 10.324247688055037 24.028284966945648 14.831978902220724 18.529775142669678 9.9184586703777295 10.21791246533394 10.203233510255812 30.027484953403473
leaf_count=45 80 69 106 69 40 43 55 50 78 80 51 172 42 44 46 54 40 45 63 66 53 46 42 97 60 75 40 41 41 123
internal_value=0.000421848 0.00434945 0.00105176 -0.0166691 0.00712222 0.000226556 -0.00917303 -0.000632943 0.0127387 -0.0206079 0.0195301 0.0103138 -0.0303202 -0.00962394 -0.000562812 -0.0413591 -0.0290343 0.013582 0.00327898 -0.0293666 -0.0094586 -0.0149148 -0.022466 0.0368366 0.0296379 0.0305075 0.0358237 0.0446226 0.030401 -0.0102066
internal_weight=479.301 438.116 396.566 101.186 295.38 189.864 111.435 79.3789 47.5489 31.8301 105.516 68.8507 32.0565 84.7107 58.0623 41.185 28.4627 78.4286 48.752 26.6484 33.1764 21.7978 23.3206 36.6656 34.0328 29.6766 41.55 31.6316 21.4137 46.7731
internal_count=1956 1782 1615 417 1198 772 454 323 193 130 426 278 131 348 238 174 120 318 198 110 135 89 95 148 138 120 167 127 86 192
is_linear=0
shrinkage=0.05


Tree=6
num_leaves=31
num_cat=0
split_feature=5 5 5 6 11 8 14 4 9 18 19 0 3 9 14 6 11 5 2 2 8 19 4 8 14 7 3 11 4 6
split_gain=30.6273 12.5418 13.8502 12.498 12.4754 10.5484 9.3598 8.53297 8.22794 8.10045 7.89244 7.18627 6.30981 6.10793 6.0079 8.55481 5.60137 5.44189 5.39628 5.39453 6.94994 5.20236 5.05683 4.55268 4.32961 3.93225 3.92333 3.7373 3.62966 3.42853
threshold=0.080603500000000008 0.020611500000000005 0.040267000000000004 0.051944000000000011 0.017392500000000002 34.358902000000008 0.017783500000000004 -0.022760499999999996 0.068563000000000013 0.70000000000000007 2.7022870000000005 2.5737845000000008 0.025412500000000005 0.15642550000000002 0.038576000000000006 0.093063000000000021 0.84861100000000012 0.03383450000000001 0.089638000000000009 0.026754000000000003 69.229054000000005 1.6680045000000001 0.0060300000000000006 46.306042500000011 0.032580000000000005 0.91310150000000012 0.0086805000000000025 0.89915250000000013 -0.017378499999999995 0.039793000000000002
decision_type=2 2 2 2 2 2 2 2 2 2 2 2 2 2 2 2 2 2 2 2 2 2 2 2 2 2 2 2 2 2
left_child=1 -1 6 11 -5 -6 10 13 19 14 12 16 23 -8 15 28 22 -15 25 -9 -21 -16 -4 29 -11 -10 -2 -26 -7 -3
right_child=26 2 3 4 5 9 7 8 18 24 -12 -13 -14 17 21 -17 -18 -19 -20 20 -22 -23 -24 -25 27 -27 -28 -29 -30 -31
leaf_value=-0.042634081352325208 -0.026302417875525525 -0.032821803107547863 0.0012364598323648742 0.043751590920897344 0.043698376966295409 -0.041788267906302981 0.070485016871966261 -0.001340987963952539 -0.021275588801734784 -0.0095397725477084569 0.038754719380220855 -0.043328681339490527 -0.030605064091944953 0.00066539708147248054 -0.0084311498061509227 0.02581389208799751 0.023381115248162821 0.05187567856650175 0.03068146852843397 0.059679101756218482 0.018665234951463477 -0.048814945014832745 -0.035600896363688281 0.024168679632689635 0.043153637417570501 0.015457888609139351 -0.061051121925764444 0.0060270431040429853 -0.0070904718405867991 0.008992296667218673
leaf_weight=14.39380696415901 14.024983733892439 9.7597683370113391 17.299392908811569 17.763797879219055 12.18406657874584 10.558271884918208 13.090142533183096 12.302769124507902 24.659451678395271 13.733564510941504 10.546107068657873 23.86035044491291 20.350947305560112 10.136741876602175 14.421110361814497 17.040848627686501 10.081672355532644 10.625603064894674 10.344635322690008 18.113325655460358 24.034733891487122 17.841122150421143 20.188234075903893 15.925715193152426 13.799242481589317 10.340473026037214 19.302927881479263 13.322777047753334 26.339805677533153 9.8499597012996656
leaf_count=59 60 40 71 72 49 43 53 50 101 56 43 99 83 41 59 69 41 43 42 73 97 73 83 65 56 42 83 54 107 40
internal_value=-0.00020441 0.00327383 0.00481588 -0.00359684 0.00429162 -0.000742523 0.0144208 0.0220453 0.0146869 -0.00500417 -0.000918023 -0.0209359 -0.00840451 0.0437372 -0.0136957 -0.00348696 -0.00970392 0.0268734 -0.00104564 0.0277884 0.0362911 -0.0307635 -0.0186016 0.00430961 0.013334 -0.010423 -0.0464282 0.0249165 -0.0170191 -0.0118186
internal_weight=476.236 442.908 428.515 228.434 157.005 139.241 200.08 133.648 99.7954 127.057 66.4325 71.4296 55.8864 33.8525 86.2012 53.9389 47.5693 20.7623 45.3446 54.4508 42.1481 32.2622 37.4876 35.5354 40.8556 34.9999 33.3279 27.122 36.8981 19.6097
internal_count=1947 1804 1745 932 638 566 813 542 405 517 271 294 228 137 351 219 195 84 185 220 170 132 154 145 166 143 143 110 150 80
is_linear=0
shrinkage=0.05


Tree=7
num_leaves=31
num_cat=0
split_feature=14 1 13 9 6 14 7 6 19 19 3 6 14 4 4 8 9 13 4 19 19 14 4 6 7 13 6 9 19 7
split_gain=15.8687 13.741 12.6094 10.9564 8.24585 10.0549 8.03798 8.09558 7.95416 7.90109 6.30945 6.22451 7.9124 11.1758 5.37164 5.20665 5.04108 4.95609 4.9478 5.85301 6.77708 5.57755 6.90359 9.42194 7.30641 6.9263 7.41986 5.37063 4.84632 4.79846
threshold=0.065078500000000011 0.027944500000000004 -0.019215499999999996 0.14580100000000004 0.037620500000000008 0.025559000000000002 0.97315300000000005 0.051944000000000011 1.7486895000000002 1.2938240000000003 0.059041500000000004 0.04403300000000001 0.021825000000000004 -0.009637999999999999 0.055780000000000003 47.643754000000008 0.089167500000000025 -0.037813499999999993 -0.019145499999999996 8.8042925000000007 3.6419900000000003 0.042996500000000007 0.09516200000000001 0.057817500000000008 0.94119700000000017 0.11593400000000001 0.058939000000000012 0.050008500000000004 1.1077400000000002 0.9459535
decision_type=2 2 2 2 2 2 2 2 2 2 2 2 2 2 2 2 2 2 2 2 2 2 2 2 2 2 2 2 2 2
left_child=1 2 4 18 17 -6 7 11 9 28 -9 12 13 -4 -15 -11 -2 -1 -3 20 21 22 23 24 -20 -24 -27 -25 -5 -10
right_child=16 3 6 8 5 -7 -8 10 29 15 -12 -13 -14 14 -16 -17 -18 -19 19 -21 -22 -23 25 27 -26 26 -28 -29 -30 -31
leaf_value=0.0071266782481034865 -0.0098053655053895027 0.038893330697786783 -0.040372746163881881 0.0026881957648264738 0.041054369622537439 -0.018471777862910082 -0.043500642850114603 0.024100247735495135 -0.039774322494394637 0.0038245769505824015 -0.018815695648476117 -0.046852687610789735 -0.037279711654937202 0.033465806215427038 -0.011403063561037964 0.054825925040716608 -0.054082144250725876 -0.040494483362981774 0.047219109844854688 0.0471448488994788 -0.017249290651050957 -0.011357197424208295 0.069562426992037241 0.0094942418305919568 -0.0065858831027827336 -0.011756410920171699 0.039055650941527784 -0.037973818398998598 -0.038022705826008724 0.0022947757804605332
leaf_weight=12.15463098883629 9.8101381659507769 19.349437490105629 12.308543384075163 23.750968977808952 25.715243130922318 9.7969220578670484 25.397313475608826 21.869466707110405 21.941553980112079 9.8696253746747988 14.077111870050429 18.314079269766808 22.923700153827667 17.796985894441608 10.669497460126875 10.151154890656469 18.649362355470657 9.92496410012245 16.608859628438953 10.919074192643164 20.662165373563766 18.26320381462574 10.217293009161947 10.945764824748041 10.17490930855274 10.694055736064909 21.89289653301239 13.079075187444685 10.560646608471869 9.8081682026386243
leaf_count=49 42 78 51 97 104 40 107 89 90 40 58 76 95 73 44 41 81 41 67 44 84 75 41 44 41 43 88 53 43 40
internal_value=-0.00261159 -0.000320837 -0.0100463 0.00753136 0.00971445 0.0246326 -0.017985 -0.0124913 -0.00689582 0.00472272 0.00729385 -0.0211632 -0.0137772 -0.000564173 0.0166485 0.0296838 -0.0388197 -0.0142794 0.0151596 0.0119584 0.00905954 0.0139185 0.0188496 0.00638679 0.0267791 0.0336429 0.0223807 -0.0163473 -0.00984206 -0.0267783
internal_weight=478.297 449.837 200.948 248.889 57.5918 35.5122 143.357 117.959 86.0821 54.3324 35.9466 82.0128 63.6987 40.775 28.4665 20.0208 28.4595 22.0796 162.807 143.457 132.538 111.876 93.6129 50.8086 26.7838 42.8042 32.587 24.0248 34.3116 31.7497
internal_count=1959 1836 827 1009 234 144 593 486 351 221 147 339 263 168 117 81 123 90 658 580 536 452 377 205 108 172 131 97 140 130
is_linear=0
shrinkage=0.05


Tree=8
num_leaves=31
num_cat=0
split_feature=5 12 1 13 6 5 1 10 5 1 0 0 19 2 19 0 19 4 0 11 7 19 5 6 7 13 6 7 11 12
split_gain=29.6819 15.0115 14.9546 13.6698 8.87651 7.4968 7.17079 6.84341 6.83985 6.44415 5.49826 8.42214 5.43072 6.17172 5.71787 8.89736 5.30254 4.78052 11.7498 5.66302 4.57311 4.49189 4.29955 5.68958 4.13327 3.95911 3.64969 3.35615 5.40926 5.02061
threshold=0.080603500000000008 -0.024371499999999997 0.023966500000000005 -0.028218999999999998 0.0378345 0.049879500000000007 0.14538000000000004 1.0000000180025095e-35 0.043875000000000004 0.0094695000000000005 2.4093380000000004 1.9398145000000002 1.6431430000000002 0.057621000000000006 1.260067 1.9595280000000002 4.8289950000000008 -0.009637999999999999 1.6875445000000002 0.22223850000000003 0.76396550000000019 1.2710285000000001 0.039722000000000007 0.05485750000000001 0.96813650000000007 0.067560500000000009 0.038125500000000007 0.97014250000000013 0.47182550000000006 0.083784500000000026
decision_type=2 2 2 2 2 2 2 2 2 2 2 2 2 2 2 2 2 2 2 2 2 2 2 2 2 2 2 2 2 2
left_child=1 4 7 -4 -1 21 8 17 12 -9 11 -10 13 14 15 -5 24 18 -3 20 -19 -6 -21 -24 -12 -15 -20 28 -14 -30
right_child=-2 2 3 6 5 -7 -8 9 10 -11 16 -13 27 25 -16 -17 -18 19 26 22 -22 -23 23 -25 -26 -27 -28 -29 29 -31
leaf_value=-0.012776575235352914 -0.047438473735541442 0.016244877494031792 -0.042203074179511517 0.025500854788204783 0.028964431826542278 0.011491476808540943 0.047555212988802678 -0.06619165994933926 -0.0046861401947439077 -0.017089212151252097 -0.031552095845399079 0.044219269782845752 0.026856155066371498 0.069072808342126632 0.034428607331247751 -0.035935840117543999 0.012134157695986436 0.040064523482308954 -0.065916028701283658 0.0043345860845097079 -0.0061997993764129353 0.071622292105687685 -0.047510818688399105 -0.0013355049864216284 0.0034728374145609111 0.024738875929452696 -0.025462194310594363 -0.014559723334295768 0.013255176314175816 -0.026905450427979344
leaf_weight=11.814686000347136 33.691847831010818 11.140648558735846 14.714411631226538 12.620837092399599 10.657967537641527 18.051267310976982 10.637892365455626 11.782479554414751 30.561806097626686 15.435338780283926 33.227976307272911 12.365171000361441 25.91487555205822 9.9437000602483767 17.623682379722595 11.055175021290777 14.507760673761366 11.533726170659067 11.684473708271982 21.702148541808128 9.9489728510379773 14.659298494458197 14.069093659520151 12.686902806162832 11.283629566431044 10.202686622738836 10.663792476058005 18.525524124503136 18.196814075112346 13.596968308091162
leaf_count=48 148 46 60 51 43 73 43 51 124 64 136 50 105 40 71 45 59 47 49 89 41 59 59 52 46 41 44 75 74 55
internal_value=-0.00216931 0.00121394 -0.00219364 0.00463226 0.025644 0.0361107 0.00738597 -0.0160379 0.00560271 -0.0383455 -0.00421422 0.00940113 0.0128717 0.0239326 0.0128651 -0.00318613 -0.0141172 -0.0101676 -0.0257022 -0.00272939 0.0186388 0.0536643 -0.0122024 -0.0256158 -0.0226733 0.0466209 -0.0466129 0.00395645 0.00990048 -0.00391997
internal_weight=484.502 450.81 395.626 264.979 55.1832 43.3685 250.264 130.648 239.627 27.2178 101.946 42.927 137.68 61.4461 41.2997 23.676 59.0194 103.43 33.4889 69.9408 21.4827 25.3173 48.4581 26.756 44.5116 20.1464 22.3483 76.2342 57.7087 31.7938
internal_count=1988 1840 1617 1075 223 175 1015 542 972 115 415 174 557 248 167 96 241 427 139 288 88 102 200 111 182 81 93 309 234 129
is_linear=0
shrinkage=0.05


Tree=9
num_leaves=31
num_cat=0
split_feature=14 13 1 8 15 13 19 0 4 19 19 3 7 3 1 4 6 14 3 3 6 13 2 13 0 7 3 13 11 6
split_gain=18.626 11.3489 10.4171 9.53554 9.11871 8.15792 6.82388 8.06843 9.54669 6.81721 13.0349 7.80955 6.63204 6.06536 6.17219 5.98533 5.96441 6.28936 7.03205 7.83088 5.80961 5.74428 4.62661 4.56363 3.52527 3.47464 3.34753 2.88084 7.86817 3.13227
threshold=0.081542000000000017 -0.051171999999999995 0.017556000000000006 46.078043500000007 4.5000000000000009 0.0082355000000000015 8.8042925000000007 2.4504060000000005 0.009470000000000001 1.260067 1.7662435000000003 0.046482500000000003 0.97315300000000005 0.083890500000000021 0.091187000000000018 -0.037926999999999995 0.05485750000000001 0.021825000000000004 0.0046840000000000007 0.038851000000000004 0.086872500000000005 -0.081303499999999987 0.085771000000000014 0.053971500000000013 3.7742210000000003 0.64672150000000006 0.033938500000000003 0.15155300000000002 0.61180550000000011 0.048667500000000009
decision_type=2 2 2 2 2 2 2 2 2 2 2 2 2 2 2 2 2 2 2 2 2 2 2 2 2 2 2 2 2 2
left_child=1 4 12 5 21 15 7 8 26 -9 24 -12 16 23 20 -4 17 18 -3 -20 22 -1 -15 -13 -11 -10 -5 28 29 -27
right_child=-2 2 3 6 -6 -7 -8 9 25 10 11 13 -14 14 -16 -17 -18 -19 19 -21 -22 -23 -24 -25 -26 27 -28 -29 -30 -31
leaf_value=-0.015020012711555689 -0.052620883375592377 -0.033482409312704971 -0.017762025293650226 0.027875708175941306 0.063943631907773107 -0.045848850888214748 0.042962261964928077 -0.038414745974468437 0.034271559293042389 0.04236764721941625 -0.033513294959321947 -0.0043280582850958689 -0.041727929100194912 -0.030804934001966544 0.014921034770290038 0.023453390149396711 0.008913219948867096 -0.039273235657060063 0.03944454015173135 -0.019436220342296705 -0.046608908437397761 0.029158279799821218 0.011109044922650847 0.037948130599266702 0.0087621777468322309 0.012552683354344063 0.066579215659653454 -0.013407168331209416 0.043131891117503707 -0.022911279099822154
leaf_weight=12.439622193574904 17.197134748101234 14.190520226955412 26.043483749032021 12.806165158748628 11.160435453057287 16.341532975435257 12.339821040630339 11.952738255262373 10.065679818391798 19.245431065559387 22.678276062011719 11.264014780521395 19.635663390159607 11.437401950359346 18.100372657179832 13.310685530304907 29.165561482310295 22.862481504678726 11.86033818125725 10.77861128747463 13.758102878928183 18.011866897344593 15.515298321843146 14.73281469941139 13.126700952649115 12.103396177291872 9.9102230519056302 19.104093104600906 12.336582303047178 12.822226732969282
leaf_count=51 77 59 107 52 45 67 50 49 41 78 93 46 85 47 74 54 119 96 49 45 57 73 63 60 53 49 40 78 50 52
internal_value=-0.00153313 0.000380534 -0.00210135 0.00257867 0.025281 -0.0161529 0.00669737 0.0048402 0.0167797 -0.00217108 0.00092642 -0.00745057 -0.0154303 -0.000481212 -0.00937138 -0.00382181 -0.00961908 -0.018674 -0.00588666 0.0114109 -0.020172 0.0111112 -0.00667719 0.0196305 0.0287408 0.00721176 0.0447605 0.00237952 0.0104733 -0.00569067
internal_weight=476.297 459.1 417.488 308.995 41.6119 55.6957 253.299 240.96 89.1484 151.811 139.858 107.486 108.493 84.808 58.8112 39.3542 88.8575 59.692 36.8295 22.6389 40.7108 30.4515 26.9527 25.9968 32.3721 66.432 22.7164 56.3663 37.2622 24.9256
internal_count=1959 1882 1713 1260 169 228 1032 982 362 620 571 440 453 347 241 161 368 249 153 94 167 124 110 106 131 270 92 229 151 101
is_linear=0
shrinkage=0.05


Tree=10
num_leaves=31
num_cat=0
split_feature=5 12 1 6 10 5 8 0 1 6 1 7 6 6 7 6 0 11 5 5 6 2 12 8 11 2 6 12 3 5
split_gain=20.2259 7.97975 12.3402 8.74515 8.34179 8.11108 6.58661 7.48764 5.58087 8.27863 5.40288 5.38129 5.34666 6.47102 4.86063 5.05386 4.78651 4.50601 9.97803 7.28969 6.94925 5.87133 5.83131 5.3962 5.12476 3.46989 3.0436 2.94299 4.3694 2.91423
threshold=0.080603500000000008 -0.018438999999999997 0.020881000000000004 0.034541000000000009 1.0000000180025095e-35 0.0496715 43.597194500000008 2.3720210000000006 0.14538000000000004 0.13777300000000001 0.0085455000000000027 0.56591350000000007 0.062708500000000014 0.028922500000000004 0.81226500000000013 0.035995000000000006 1.9595280000000002 0.81559350000000008 0.039905000000000003 0.026852000000000004 0.083403000000000019 0.020583000000000001 0.058796500000000008 56.693744000000002 0.32916650000000008 -0.018024999999999996 0.042645000000000009 0.16055500000000003 0.0086805000000000025 0.031332000000000006
decision_type=2 2 2 2 2 2 2 2 2 2 2 2 2 2 2 2 2 2 2 2 2 2 2 2 2 2 2 2 2 2
left_child=1 3 4 -1 12 25 7 -4 9 11 -6 -8 13 -3 15 -15 -17 18 19 26 21 -20 -19 -23 -22 -5 -13 28 -2 -21
right_child=27 2 6 5 10 -7 8 -9 -10 -11 -12 17 -14 14 -16 16 -18 22 20 29 24 23 -24 -25 -26 -27 -28 -29 -30 -31
leaf_value=-0.020871085163899038 -0.026317169428829158 0.02033779572067412 0.0040215416177282488 0.027146716253328443 -0.066616063255740265 0.0014102017980484804 -0.023709885117686551 -0.04562167145662438 0.042510328125045488 -0.027986745186297707 -0.017017539744336296 0.010893017719375748 0.018280766937002757 -0.039046704096199647 -0.04322541311034727 0.027732602669051337 -0.016370780927575365 0.057427323285925924 -0.050765646182448866 0.039182801590735762 0.041330797275394481 0.01363386073708093 0.015753758039078556 -0.026833913258890413 -0.0062142694969195651 0.059270925004430146 -0.026226802116954401 -0.013167408744880231 -0.069856614986364626 0.018181803800439562
leaf_weight=10.746732503175734 12.106933429837232 11.79204875230789 19.894345358014107 16.856320217251778 10.733815774321558 17.779098838567734 11.269147187471388 12.286722511053084 11.91205222904682 15.414252087473868 11.2406899780035 11.777675479650499 17.142477542161942 10.812605381011961 16.400226190686226 10.449424445629122 14.958861410617827 10.86561408638954 10.735483348369597 27.195934668183327 10.378570511937143 15.252046644687651 36.907277569174767 17.912445738911629 12.486310705542563 16.768058970570564 10.397222340106962 8.87651479244232 10.99571633338928 42.076815128326416
leaf_count=44 54 49 81 68 48 72 46 51 48 63 47 48 70 45 69 43 62 44 44 110 42 62 150 73 51 68 42 40 50 170
internal_value=0.000762723 0.00353826 0.000823705 0.0201484 -0.0139026 0.0287242 0.00633245 -0.0149322 0.00913038 0.00742141 -0.0412448 0.00993363 -0.00653541 -0.0131398 -0.0206419 -0.0104165 0.0017672 0.0117742 0.00771055 0.0184396 -0.00698495 -0.0186267 0.0252321 -0.00822315 0.0153669 0.0431667 -0.00651148 -0.0376378 -0.0470398 0.0264266
internal_weight=474.421 442.442 380.292 62.1502 103.53 51.4035 276.762 32.1811 244.581 232.669 21.9745 217.255 81.5556 64.4132 52.6211 36.2209 25.4083 205.985 158.213 91.4476 66.7649 43.9 47.7729 33.1645 22.8649 33.6244 22.1749 31.9792 23.1026 69.2727
internal_count=1954 1810 1558 252 433 208 1125 132 993 945 95 882 338 268 219 150 105 836 642 370 272 179 194 135 93 136 90 144 104 280
is_linear=0
shrinkage=0.05


Tree=11
num_leaves=31
num_cat=0
split_feature=5 2 19 11 19 5 15 0 3 7 11 9 0 7 5 3 11 1 11 13 19 0 1 15 18 3 11 11 3 13
split_gain=19.9279 9.70358 9.1328 10.0959 8.86192 9.75391 8.4771 6.51241 6.33266 8.21892 5.67718 5.57137 5.4225 5.03829 4.91745 5.42666 4.8208 4.47829 4.22725 4.46537 6.67652 4.08287 6.28971 4.39649 3.51957 3.93017 3.43798 3.07406 3.50733 2.5825
threshold=0.062851000000000004 0.11727950000000002 1.7739385000000003 0.86306800000000006 1.2852090000000003 0.04070300000000001 2.5000000000000004 2.2797325000000002 0.083049000000000026 0.9957990000000001 0.34665650000000009 0.030095 1.8868775000000002 0.75572500000000009 0.028489500000000004 0.068781500000000009 0.89359700000000009 0.031956000000000005 0.18795300000000001 -0.027668999999999996 2.6856215000000003 1.4379750000000002 0.036400500000000009 1.5000000000000002 0.70000000000000007 0.0071025000000000012 0.5395835000000001 0.31142250000000005 0.026169000000000001 0.012470500000000001
decision_type=2 2 2 2 2 2 2 2 2 2 2 2 2 2 2 2 2 2 2 2 2 2 2 2 2 2 2 2 2 2
left_child=1 2 3 4 7 26 24 21 9 14 -7 -10 -5 -3 -4 18 -15 -13 -16 -20 -21 -1 23 -23 25 -2 27 28 -6 -25
right_child=6 13 8 12 5 10 -8 -9 11 -11 -12 17 -14 16 15 -17 -18 -19 19 20 -22 22 -24 29 -26 -27 -28 -29 -30 -31
leaf_value=-0.019981798407806669 -0.020940694830987525 0.0023173783825367689 -0.016183967999686018 0.065303619732684379 0.043483183864698127 -0.032320434776706805 0.0062020766232709322 -0.033335719742786894 -0.0023172798018334553 -0.030047538694907391 0.013537759315904714 -0.060499291115518786 0.019398636840270912 0.052999906226974085 0.025543504089109721 0.042582617947024642 0.013302116326372513 -0.019357763336187436 0.024476197536846829 -0.031565219923691601 0.017249281250527253 -0.024206935601787199 0.030958110286033666 0.026357628838838562 -0.0093842930160936821 -0.052094244466029109 0.0096573057188437048 0.056245205923598163 0.0043540940046799675 -0.0087275107254132598
leaf_weight=18.366547018289566 16.414068847894669 15.155830532312391 19.950965240597725 10.623604550957682 13.183439314365389 12.518693387508394 17.852158859372139 17.619192078709602 19.624451830983162 19.476242646574974 14.64347657561302 11.760308936238291 16.308904185891151 19.353881448507313 18.410116598010063 11.986641675233839 12.643757596611975 15.116432309150694 10.633049368858336 18.671956151723865 11.210237309336661 16.230548307299614 18.585740894079208 11.523661404848101 11.867833137512205 26.416329309344292 15.702696979045866 13.824033588171003 10.125281959772108 9.6260432004928571
leaf_count=75 72 62 82 43 54 51 75 73 80 82 60 50 66 78 75 49 51 62 43 77 46 67 75 47 50 115 64 56 41 40
internal_value=0.000407937 0.00475198 0.00192676 0.00904132 0.00458288 0.0167524 -0.0237147 -0.00600459 -0.00709487 -0.000572568 -0.00759769 -0.0225712 0.037506 0.0260652 0.00574532 0.0119151 0.0373135 -0.0373598 0.00567667 -0.00335082 -0.0132526 0.000473762 0.00718673 -0.00463258 -0.0334788 -0.0401551 0.0292706 0.0375647 0.0264856 0.010389
internal_weight=475.426 402.876 355.722 198.882 171.949 79.9976 72.5504 91.9517 156.84 110.339 27.1622 46.5012 26.9325 47.1535 90.863 70.912 31.9976 26.8767 58.9254 40.5152 29.8822 74.3325 55.966 37.3803 54.6982 42.8304 52.8355 37.1328 23.3087 21.1497
internal_count=1961 1649 1458 812 703 326 312 377 646 454 111 192 109 191 372 290 129 112 241 166 123 304 229 154 237 187 215 151 95 87
is_linear=0
shrinkage=0.05


Tree=12
num_leaves=31
num_cat=0
split_feature=5 8 6 2 0 19 9 19 2 18 0 9 6 13 8 0 5 19 19 2 6 11 9 3 3 0 14 19 19 9
split_gain=17.4791 11.5068 7.92503 7.07265 6.93505 9.42403 7.86571 5.48812 6.0969 5.40307 5.3691 7.65969 11.3779 7.23576 8.14208 7.56298 5.19679 5.99926 5.11428 5.33225 5.23624 4.67689 4.84683 4.30313 8.69738 5.02542 7.62089 3.98208 5.19239 3.72611
threshold=0.075155500000000014 30.023847500000006 0.056936500000000008 0.087047000000000027 2.3553785000000005 1.2457090000000004 0.22317500000000004 1.7006880000000002 0.016359000000000002 0.50000000000000011 1.4379750000000002 0.12491400000000001 0.035762000000000009 0.13452350000000005 58.45142950000001 1.8691300000000004 0.063376500000000016 1.8552290000000002 2.8005405000000003 0.11727950000000002 0.12123150000000001 0.39595050000000004 0.019077000000000004 0.021902500000000002 0.055321500000000003 2.0073370000000001 0.022056500000000003 1.3499745000000003 1.0244550000000003 0.049260500000000006
decision_type=2 2 2 2 2 2 2 2 2 2 2 2 2 2 2 2 2 2 2 2 2 2 2 2 2 2 2 2 2 2
left_child=1 2 -1 4 10 -6 7 -7 -9 -10 27 12 -12 14 15 -14 17 -5 -19 -20 -21 -11 -23 25 -25 26 -13 28 -3 -2
right_child=29 3 -4 16 5 6 -8 8 9 21 11 23 13 -15 -16 -17 -18 18 19 20 -22 22 -24 24 -26 -27 -28 -29 -30 -31
leaf_value=0.0074077838798430121 -0.0053517156782521844 -0.024178773664588746 0.067228356379686369 0.036844152310674803 -0.048489909414843067 0.014046616064636745 -0.036141058324644558 0.012908974852775274 -0.043913993192441443 -0.02968563513434835 -0.01533995848168497 -0.0010308355550528935 0.060901426138476079 -0.0018308451665676924 0.081220972282243981 0.0030347891343972082 -0.017232841100538507 -0.013474207653295765 -0.0068551956883828036 0.059396718907530836 0.01140221829893099 0.026858703076891245 -0.013141162647002639 0.036969848958601191 -0.021838121779729019 0.014497756846735807 -0.056003084551924043 -0.03880136258995498 0.023214577614093748 -0.041818393438091815
leaf_weight=11.258599877357485 9.1575588136911374 12.411507129669191 10.893636316061018 25.234340876340866 15.250817328691481 35.872835531830788 20.117601782083511 23.033533543348312 14.514497041702269 17.961300417780876 15.599105417728422 13.346880361437799 10.139794737100603 10.550011724233626 10.878077283501623 12.741989865899084 13.173279657959936 19.14192821085453 13.180746823549269 10.351101234555246 12.60146191716194 12.278492003679274 19.762524470686913 14.707117512822153 10.981833219528196 10.254108399152754 11.948844119906424 10.849183917045591 10.815254300832747 29.799774527549744
leaf_count=46 41 51 44 102 64 146 85 95 60 74 65 55 41 43 44 52 54 78 54 42 51 50 82 60 45 42 49 45 44 135
internal_value=-0.00117652 0.00172996 0.0368253 -0.000176938 -0.00377399 -0.0111206 -0.00715017 -0.00242474 -0.0091737 -0.0170576 0.00374145 0.00867328 0.0213844 0.0343131 0.0456082 0.0286777 0.01188 0.0166435 0.00742154 0.0184912 0.0330467 -0.00926179 0.00218725 -0.00376186 0.0118299 -0.0150287 -0.0269979 -0.0137923 -0.00211065 -0.0332463
internal_weight=468.808 429.85 22.1522 407.698 314.015 158.792 143.541 123.423 87.5503 64.5168 155.224 121.148 59.909 44.3099 33.7599 22.8818 93.6829 80.5096 55.2752 36.1333 22.9526 50.0023 32.041 61.2388 25.689 35.5498 25.2957 34.0759 23.2268 38.9573
internal_count=1939 1763 90 1673 1292 656 592 507 361 266 636 496 245 180 137 93 381 327 225 147 93 206 132 251 105 146 104 140 95 176
is_linear=0
shrinkage=0.05


Tree=13
num_leaves=31
num_cat=0
split_feature=5 9 14 8 8 4 5 14 9 9 4 13 2 6 13 6 5 14 14 9 7 18 5 4 14 2 2 6 8 4
split_gain=26.2419 11.8728 12.1774 11.9392 7.52492 7.45553 6.53006 9.48727 9.44728 8.68116 6.70486 6.19696 5.96111 5.91138 5.79453 5.29769 4.89533 5.90886 8.15986 5.85728 6.02319 5.9668 4.71406 7.32703 4.66195 4.49397 4.4335 3.98957 6.02445 4.00673
threshold=0.080603500000000008 0.037045500000000009 0.017175000000000003 30.023847500000006 74.135628000000011 -0.022760499999999996 0.039905000000000003 0.018244500000000004 0.14580100000000004 0.19397050000000002 -0.012201999999999999 0.028687000000000001 0.071024000000000018 0.093063000000000021 -0.049372499999999993 0.035762000000000009 0.059608000000000008 0.032393000000000012 0.029338000000000003 0.013028000000000001 0.93276800000000015 0.70000000000000007 0.056178500000000006 0.017265500000000003 0.04227100000000001 0.030724000000000005 0.036150000000000009 0.054338000000000004 44.065148500000006 0.020100500000000004
decision_type=2 2 2 2 2 2 2 2 2 2 2 2 2 2 2 2 2 2 2 2 2 2 2 2 2 2 2 2 2 2
left_child=1 2 -1 -3 6 -4 7 9 13 10 -5 15 26 22 -10 -9 17 18 19 20 -7 -21 23 -8 -19 -12 -13 -16 -29 -30
right_child=-2 3 5 4 -6 16 8 11 14 -11 25 12 -14 -15 27 -17 -18 24 -20 21 -22 -23 -24 -25 -26 -27 -28 28 29 -31
leaf_value=-0.017657442719769652 -0.042871176662882191 0.037526977685006846 0.0628610667738215 -0.046036286357459599 -0.035140810724543274 -0.0065056083008264327 0.016591675441063786 0.0015454379612115314 0.0071967572508210816 0.02245299141028885 0.017626122321888881 0.0091835545487637428 0.027836220702002146 0.037415340761265632 -0.045422744892608745 0.044777654376818389 -0.0082032002293192293 0.061012527513399251 -0.023618777498990495 0.020004489072331239 0.036304196554266484 0.069087628836415879 0.025188141743892747 -0.030691485425975908 0.017459737367720392 -0.025539683150283439 -0.036634541261383491 -0.046662365570145435 0.016002325572253333 -0.022600090824198643
leaf_weight=22.621783792972565 31.549828410148621 18.486447677016258 10.356223136186598 16.387064322829247 18.099275156855583 22.144898995757103 13.676554620265959 9.7305711805820447 14.583140492439268 15.687928795814512 11.712189823389055 10.696309298276903 14.939253121614454 11.728774502873419 21.184574142098427 26.074803367257118 14.864094793796538 15.10872168838978 11.356625705957411 14.538771286606789 13.063162267208098 10.784878090023994 11.57920929789543 20.435623064637184 10.355795577168463 12.427493959665297 10.426093831658362 12.949434012174605 12.228529840707781 14.928002610802649
leaf_count=94 147 75 42 68 75 90 56 40 59 64 48 44 61 48 92 106 61 61 46 59 53 44 48 85 42 51 43 54 50 62
internal_value=0.00118784 0.00432455 0.0160484 -0.00138843 -0.00396258 0.0222691 -0.0018036 0.00625867 -0.00955062 -0.00912773 -0.0213526 0.018294 0.00366393 0.00575081 -0.0211305 0.0330287 0.018523 0.0226036 0.0152722 0.0225687 0.00937801 0.0409081 -0.00237734 -0.0117343 0.0433007 -0.00459632 -0.0134324 -0.0278706 -0.0185992 -0.0052175
internal_weight=474.706 443.156 145.195 297.961 279.475 122.573 261.376 128.082 133.294 56.2147 40.5267 71.867 36.0617 57.4202 75.8737 35.8054 112.217 97.3529 71.8883 60.5317 35.2081 25.3236 45.6914 34.1122 25.4645 24.1397 21.1224 61.2905 40.106 27.1565
internal_count=1968 1821 592 1229 1154 498 1079 525 554 231 167 294 148 237 317 146 456 395 292 246 143 103 189 141 103 99 87 258 166 112
is_linear=0
shrinkage=0.05


Tree=14
num_leaves=31
num_cat=0
split_feature=5 5 6 8 6 14 12 9 11 12 9 4 11 18 0 9 6 6 11 14 5 0 0 12 14 5 14 6 11 0
split_gain=16.9566 8.46666 13.219 9.80288 8.06007 7.866 8.91353 8.64232 10.1636 7.84609 9.69476 7.1671 7.14454 6.58876 6.83397 6.27602 6.17524 6.06726 5.89233 7.83 5.18039 4.95692 6.49508 5.70533 11.1814 8.14789 4.78086 4.40471 4.68175 4.1186
threshold=0.080603500000000008 0.04070300000000001 0.035345000000000008 46.906888000000002 0.045485500000000005 0.013794500000000003 -0.019581499999999998 0.13810400000000003 0.52306350000000013 -0.024371499999999997 0.12320700000000001 0.045765500000000008 0.49224150000000005 0.50000000000000011 1.8551440000000003 0.23495450000000004 0.041782000000000007 0.029372500000000006 0.42956350000000004 0.023366000000000001 0.031169000000000006 1.5643830000000001 10.812590500000002 0.12047200000000001 0.035617500000000003 0.053544000000000001 0.017100500000000001 0.063643000000000019 0.49224150000000005 2.5129150000000005
decision_type=2 2 2 2 2 2 2 2 2 2 2 2 2 2 2 2 2 2 2 2 2 2 2 2 2 2 2 2 2 2
left_child=1 2 3 26 29 -4 -7 16 15 12 21 17 -6 -12 -15 -9 -8 -5 19 20 -18 -11 23 24 27 -25 -1 -23 -29 -3
right_child=-2 4 5 11 9 6 7 8 -10 10 13 -13 -14 14 -16 -17 18 -19 -20 -21 -22 22 -24 25 -26 -27 -28 28 -30 -31
leaf_value=-0.057363086246023758 -0.036369032265889133 -0.014724679500897364 -0.017320707919137129 0.051801206977263176 -0.0080551369126042986 0.057759098341161302 0.054936290148724282 -0.0065545728685804956 -0.03463575714623638 0.036687352390706494 -0.044701964956799817 -0.022559617933864975 0.046405964279690418 0.025377406499483231 -0.022721063278970593 0.045508790422992815 0.010896459351856635 -0.0021449668463358524 0.030669912925267651 0.034371768544050739 -0.038185369828547623 -0.027090818122444668 0.0326744144228866 0.0048063531168415705 0.049704006291789671 -0.05026155941849321 -0.011219294844994725 -0.016891405720428281 0.03123175987411388 -0.049337286334561886
leaf_weight=12.82765915989876 30.971608847379684 29.325847461819649 15.802903622388838 9.9521137773990649 9.8207102119922656 13.994230881333349 13.830765724182127 12.709747135639192 15.942630276083944 10.801538616418837 19.617422491312027 14.125378191471098 15.568580761551855 10.447761937975882 25.191886469721794 10.62935049831867 10.114580959081652 10.943212345242499 44.705828577280045 12.630595147609709 11.475279495120047 16.414650619029999 13.524634554982184 13.112653091549875 10.965499222278593 13.772318899631498 9.9809219688177091 9.8626147061586398 10.366120576858519 12.157489120960234
leaf_count=54 147 123 65 41 40 57 56 52 66 44 82 59 63 43 105 43 41 45 181 51 47 68 55 53 45 57 41 40 42 54
internal_value=-0.000608305 0.00190538 0.00885662 -0.0116622 -0.00500545 0.0161887 0.0198149 0.0157933 -0.00386345 -0.000414127 -0.00465799 0.00495123 0.0253401 -0.0214305 -0.008621 0.0171567 0.0241178 0.0235487 0.0187173 0.00310227 -0.0151911 0.00472067 0.000797753 -0.00498957 0.00540869 -0.0234032 -0.0371708 -0.00784664 0.00776908 -0.0248686
internal_weight=471.587 440.615 219.665 57.8293 220.95 161.836 146.033 132.039 39.2817 179.466 154.077 35.0207 25.3893 55.2571 35.6396 23.3391 92.757 20.8953 78.9263 34.2205 21.5899 98.82 88.0185 74.4939 47.6089 26.885 22.8086 36.6434 20.2287 41.4833
internal_count=1960 1813 899 240 914 659 594 537 161 737 634 145 103 230 148 95 376 86 320 139 88 404 360 305 195 110 95 150 82 177
is_linear=0
shrinkage=0.05


Tree=15
num_leaves=31
num_cat=0
split_feature=5 15 12 1 9 11 9 7 13 12 9 13 7 7 13 0 1 12 11 9 2 2 2 11 9 12 9 0 5 5
split_gain=13.704 9.02675 8.95139 12.8628 9.71992 7.74975 6.02645 6.02069 6.89621 5.62297 8.29203 6.09491 5.39303 7.92514 7.5338 4.49895 4.43146 5.06228 4.37654 4.50691 3.80141 5.79573 5.16864 4.3193 3.37803 5.66108 3.565 3.72179 3.23294 3.17195
threshold=0.062851000000000004 2.5000000000000004 -0.018438999999999997 0.031696000000000009 0.21769450000000004 0.5870835000000002 0.068563000000000013 0.68343200000000015 0.105673 -0.051224999999999993 0.16705350000000002 -0.032866999999999993 0.60838750000000008 0.82626650000000013 0.052993500000000006 2.8305295000000004 0.085317500000000004 0.019671500000000005 0.77232850000000008 0.013028000000000001 0.029250000000000002 0.049571000000000011 0.0081035000000000013 0.43405800000000005 0.012630500000000001 0.15483600000000003 0.027964500000000003 1.7375265000000002 0.042704000000000006 0.035253000000000007
decision_type=2 2 2 2 2 2 2 2 2 2 2 2 2 2 2 2 2 2 2 2 2 2 2 2 2 2 2 2 2 2
left_child=2 16 9 6 7 -6 12 8 -5 -1 11 -11 -4 18 -15 20 17 -2 19 -14 22 -22 23 -8 25 29 -26 -28 -12 -9
right_child=1 -3 3 4 5 -7 15 24 -10 10 28 -13 13 14 -16 -17 -18 -19 -20 -21 21 -23 -24 -25 26 -27 27 -29 -30 -31
leaf_value=-0.0065474229333650578 -0.019661295904272191 0.0083019521573460351 -0.027379074700264044 -0.03158117206614193 0.0022701964399112757 -0.05011113741067133 -0.0445348456937655 0.01208789688657564 0.016536645065291039 0.030910771005490362 0.068475505452407298 -0.023202224001787009 0.011445983636920561 0.018260380460354979 -0.037704836649501056 -0.037602372134730569 -0.011407594913680435 -0.057655211012300082 -0.0044278347840578996 0.057746453467831929 -0.053814984887303956 -0.0039638348732220332 0.015310163735738087 0.0015072468624922643 0.046477723736107111 0.036180177539027761 0.044063962797764582 0.012754606698083738 0.029508748980836226 -0.020429824778570003
leaf_weight=16.032934188842773 14.226347997784613 16.945743754506111 16.238832101225853 15.528291240334513 16.636638924479488 12.268135368824003 10.115527033805849 13.364839002490045 14.306783705949782 11.239055857062342 11.310594484210016 9.6900029331445676 10.260547563433652 9.9357925206422824 15.232298105955122 28.818435117602348 15.736253574490545 22.846650764346123 10.446911439299582 10.775722250342367 12.010308310389521 11.331023275852202 18.204631119966507 10.260788440704344 12.925591781735418 10.658444181084631 11.348298788070677 58.017299965023994 10.054839849472044 17.087866216897964
leaf_count=65 63 72 68 64 68 51 43 54 58 46 46 40 42 41 64 125 71 103 43 44 51 47 75 43 52 43 46 236 41 69
internal_value=-0.0029844 -0.0234502 0.000548367 -0.00250804 0.00663245 -0.0199622 -0.0126826 0.0116489 -0.00850728 0.0186672 0.0282255 0.00585685 -0.00197639 0.00530517 -0.015611 -0.0212826 -0.033639 -0.0430755 0.0220259 0.0351632 -0.0136875 -0.0296148 -0.00405153 -0.0213497 0.0165221 0.00481804 0.0223692 0.0178769 0.0501373 -0.00615871
internal_weight=473.855 69.755 404.1 345.773 182.142 28.9048 163.631 153.237 29.8351 58.3274 42.2945 20.9291 72.8901 56.6513 25.1681 90.7407 52.8093 37.073 31.4832 21.0363 61.9223 23.3413 38.5809 20.3763 123.402 41.1111 82.2912 69.3656 21.3654 30.4527
internal_count=1974 309 1665 1427 741 119 686 622 122 238 173 86 302 234 105 384 237 166 129 86 259 98 161 86 500 166 334 282 87 123
is_linear=0
shrinkage=0.05


Tree=16
num_leaves=31
num_cat=0
split_feature=5 13 2 14 14 19 8 4 4 15 0 1 1 8 11 19 0 1 11 11 4 4 1 2 19 5 14 1 1 19
split_gain=12.9956 7.3381 6.40641 6.80785 14.0737 6.71839 8.18773 9.84928 11.2777 5.54111 5.23419 6.04677 5.049 7.75378 4.92447 6.47942 5.81996 4.71029 5.22186 3.86327 4.81323 5.14494 7.51191 8.71818 4.19311 5.69784 3.56774 3.53112 3.75505 3.75239
threshold=0.063376500000000016 -0.037813499999999993 0.053645500000000006 0.022130500000000004 0.021131000000000004 8.8042925000000007 70.92291950000002 0.17722050000000003 0.28641950000000005 2.5000000000000004 2.8080605000000003 0.053036000000000007 0.083221500000000018 64.874293000000009 0.7477275000000001 1.5659515000000004 1.7998365000000003 0.05417700000000001 0.012579000000000002 0.87321450000000012 0.025691000000000002 0.0069645000000000011 0.033872500000000007 0.019085500000000002 2.3321650000000003 0.03246000000000001 0.037708500000000013 0.018714000000000005 0.0021495000000000008 1.2981100000000001
decision_type=2 2 2 2 2 2 2 2 2 2 2 2 2 2 2 2 2 2 2 2 2 2 2 2 2 2 2 2 2 2
left_child=1 14 3 4 19 6 10 -8 -9 12 -4 -12 -2 -14 16 -16 -1 18 -5 20 21 22 23 -3 25 -22 27 28 -20 -29
right_child=9 2 5 17 -6 -7 7 8 -10 -11 11 -13 13 -15 15 -17 -18 -19 26 -21 24 -23 -24 -25 -26 -27 -28 29 -30 -31
leaf_value=0.010358841330228241 -0.040418757339949395 0.0017084473818498394 0.029632119086256282 0.019604253352993328 0.058744771987600398 0.047066370630314401 -0.036853772801720579 0.037117022312966673 -0.029651480482635176 0.0045540245446411848 -0.012809627457778222 0.021154636562554147 -0.041065339365858169 0.025134441113600095 0.032010814393773422 -0.025053201480205026 0.057377223253627034 -0.042688512173088632 -0.01738083641212675 0.027553130486866903 -0.012588902286773722 0.025397678741385512 0.030505552160805551 -0.046968005525273089 0.007264598333808177 -0.062435857798995922 0.011088158206497754 -0.034196787423915076 -0.060791094743047537 0.0020630326646266651
leaf_weight=12.081756412982942 32.836554139852524 25.32448048889637 35.377996847033501 11.94659201800823 10.257749199867247 10.62763938307762 20.721500754356384 15.203735634684564 10.82887080311775 16.502954602241516 25.350077107548714 27.127951607108116 8.6695179194211978 9.0308169424533826 9.8087848424911517 10.093365222215651 14.45676866173744 13.583903327584265 10.345293298363687 9.7995944917201978 14.828538879752161 17.830296441912651 11.125410228967665 14.446027815341948 9.5546925514936429 9.346246197819708 9.7715443074703199 11.282129481434824 9.6084278970956785 19.410820662975311
leaf_count=49 149 108 144 49 42 43 85 62 44 70 106 110 40 40 40 41 59 56 44 40 61 73 45 61 40 40 41 47 41 80
internal_value=-0.000227537 0.00318586 0.000732348 -0.00488442 0.00268374 0.00879417 0.00577254 -0.0111314 0.0093431 -0.020601 0.0147683 0.00474783 -0.0288155 -0.00728981 0.0218722 0.00307083 0.0359719 -0.0156722 -0.0106009 -0.00243905 -0.00530771 0.00228442 -0.00581282 -0.0159725 -0.0207772 -0.0318603 -0.0165734 -0.0219103 -0.0382844 -0.0112654
internal_weight=467.18 400.14 353.7 208.462 122.513 145.238 134.61 46.7541 26.0326 67.0398 87.856 52.478 50.5369 17.7003 46.4407 19.9022 26.5385 85.9487 72.3648 112.255 102.456 68.7262 50.8959 39.7705 33.7295 24.1748 60.4182 50.6467 19.9537 30.693
internal_count=1950 1651 1462 868 510 594 551 191 106 299 360 216 229 80 189 81 108 358 302 468 428 287 214 169 141 101 253 212 85 127
is_linear=0
shrinkage=0.05


Tree=17
num_leaves=31
num_cat=0
split_feature=14 6 9 12 9 4 14 9 13 13 3 7 4 19 14 9 19 19 2 3 14 7 2 14 7 13 4 7 7 14
split_gain=9.23716 5.28008 6.01445 4.71788 11.2699 6.10043 5.25969 5.15858 6.7586 3.9746 5.44504 7.91559 5.91058 6.64056 7.24396 4.06079 3.48215 11.9377 4.24401 8.04379 6.22087 6.51593 4.49384 5.19419 4.44849 4.81476 7.29725 4.17557 4.00632 3.22512
threshold=0.081542000000000017 0.031983500000000005 0.16705350000000002 -0.024371499999999997 0.13144900000000001 -0.028873999999999997 0.057919000000000005 0.17592800000000003 -0.086150499999999991 0.096140500000000018 0.021902500000000002 0.96559100000000009 -0.05193699999999999 1.1141975000000002 0.032227500000000006 0.21769450000000004 8.3595145000000013 4.6899265000000012 0.13607400000000003 0.083049000000000026 0.017783500000000004 0.61408250000000009 0.082371500000000014 0.026640500000000001 0.97493700000000005 0.14844450000000001 0.069150000000000003 0.79777550000000008 0.83304900000000004 0.022056500000000003
decision_type=2 2 2 2 2 2 2 2 2 2 2 2 2 2 2 2 2 2 2 2 2 2 2 2 2 2 2 2 2 2
left_child=1 2 -1 7 5 -5 16 -3 -9 10 11 29 -12 -14 15 -15 17 18 19 20 -7 -22 28 -24 25 26 27 -23 -21 -6
right_child=-2 3 -4 4 9 6 -8 8 -10 -11 12 -13 13 14 -16 -17 -18 -19 -20 22 21 24 23 -25 -26 -27 -28 -29 -30 -31
leaf_value=-0.025450905878829252 -0.038336655968410641 -0.0044007246498421297 0.016110005804136615 0.036015032505808162 0.0039997981852727535 -0.006722144980713083 -0.026307596261979083 -0.00057939857744322286 0.046296653452077029 -0.032557790302000005 -0.027332054741049307 -0.06058124632553355 0.043297317648874199 0.0043037576992753677 0.037096018515216864 -0.030662704686954024 0.031600824662078357 -0.042594770134945656 0.031432356683788652 -0.0079171911736678289 -0.014089440632784634 7.8298126311428603e-05 0.029383585014166932 -0.016061988469100494 0.0032161736804788132 0.0019212670357864653 0.064245216257221224 0.040651378343579396 -0.051628221665532603 -0.028798457836430785
leaf_weight=34.795632347464561 15.478780671954153 18.187222316861153 11.609282016754149 17.135968923568726 18.247495725750927 28.949574366211891 12.615276396274565 12.273510172963141 20.587902441620827 18.546704009175301 14.518188193440436 10.029329359531401 10.990286037325857 18.578089848160744 10.031078636646269 15.013186082243918 13.397712185978888 12.209210202097891 18.144279643893242 11.067065909504892 11.854747503995894 11.262159869074823 10.61057583987713 15.431811138987539 16.478010043501854 10.196167096495627 18.248511299490929 14.5131429284811 9.959591016173361 12.719998151063917
leaf_count=147 77 75 49 70 75 120 55 51 85 81 60 45 45 77 42 63 56 51 74 46 49 46 43 63 68 42 74 59 41 54
internal_value=-0.000347787 0.000935537 -0.0150535 0.00273732 0.000724097 0.00730463 0.00501569 0.0169643 0.0287888 -0.0111444 -0.00753814 -0.0219753 0.00102359 0.00856164 -0.000189724 -0.0113241 0.00696877 0.00522197 0.00852561 0.00590454 0.0132212 0.020215 -0.011428 0.00245412 0.0259672 0.0328814 0.040052 0.0229235 -0.0286216 -0.00947219
internal_weight=473.68 458.202 46.4049 411.797 360.748 232.074 214.938 51.0486 32.8614 128.674 110.128 40.9968 69.1308 54.6126 43.6224 33.5913 202.323 188.925 176.716 158.571 111.502 82.5527 47.069 26.0424 70.698 54.22 44.0238 25.7753 21.0267 30.9675
internal_count=1983 1906 196 1710 1499 957 887 211 136 542 461 174 287 227 182 140 832 776 725 651 458 338 193 106 289 221 179 105 87 129
is_linear=0
shrinkage=0.05


Tree=18
num_leaves=31
num_cat=0
split_feature=5 6 5 13 3 6 2 3 3 6 1 14 2 6 7 13 6 14 6 14 14 3 9 1 3 7 5 2 5 3
split_gain=15.8558 6.45625 7.80271 10.8371 7.35337 10.1747 8.62359 6.97079 9.919 6.39953 7.09569 5.77027 5.56905 6.08989 5.758 4.83791 4.82422 4.77044 5.4484 6.10436 5.61784 5.20605 4.12251 3.74555 3.66163 3.60179 5.38375 3.24846 2.71469 2.6542
threshold=0.075155500000000014 0.16372450000000002 0.040267000000000004 0.17422250000000003 0.087077000000000016 0.035345000000000008 0.085771000000000014 0.0029300000000000007 0.026169000000000001 0.050022000000000004 0.0094695000000000005 0.025786500000000004 0.024163000000000004 0.062408000000000005 0.66722350000000008 -0.019215499999999996 0.13777300000000001 0.022130500000000004 0.10535900000000001 0.032580000000000005 0.044899500000000009 0.073591500000000018 0.075393000000000016 0.042690000000000013 0.049038500000000006 0.90898750000000017 0.028872000000000005 0.029824000000000003 0.031036000000000005 0.012062000000000002
decision_type=2 2 2 2 2 2 2 2 2 2 2 2 2 2 2 2 2 2 2 2 2 2 2 2 2 2 2 2 2 2
left_child=1 2 3 4 5 7 -6 -1 -9 10 -4 -12 13 15 -14 -7 29 -11 19 21 22 23 -21 -19 -13 26 -16 -10 -27 -2
right_child=16 -3 9 -5 6 12 -8 8 27 17 11 24 14 -15 25 -17 -18 18 -20 20 -22 -23 -24 -25 -26 28 -28 -29 -30 -31
leaf_value=-0.033016107242002622 0.0053417596280026904 0.031924283136224189 -0.04283219377682812 0.053181912570786985 -0.046555397427251247 0.066606764199384258 0.0090983636769591397 0.039998230249690292 -0.037173214959951482 0.030892149331856401 0.019206327775559428 -0.039537863992590794 -0.016192150057907344 -0.00012199436856274629 0.001228305451823944 0.028309225817477066 -0.049892845459274027 -0.012704751299679063 -0.023171084762143579 0.04471394171764121 -0.013032053310444694 -0.02990049040556966 0.010521041722228321 0.020489557552202407 -0.0020330303446977767 0.016691954719226802 0.043793789423174419 0.0009340657908709876 -0.017892848685769496 -0.03185027470927275
leaf_weight=18.29215270280838 9.5553859025239962 19.650567412376404 19.692168861627579 13.120051100850104 13.35505646467209 12.453855991363524 14.536948531866072 12.9057210534811 9.4942144006490725 12.435043945908545 14.369413048028944 12.661437168717386 16.880553618073463 11.725104629993437 11.770799949765207 24.407568827271461 17.026452228426933 17.675306797027588 23.657646045088768 16.579262971878052 12.01687817275524 18.152960255742073 18.82363261282444 16.367781981825829 13.390520110726355 13.5800848454237 20.137775406241417 13.608115613460539 9.7461026608943921 9.6331344991922361
leaf_count=77 45 80 89 53 56 51 59 53 40 51 60 53 70 48 48 100 84 73 98 67 50 75 78 67 56 55 82 57 40 46
internal_value=0.00125763 0.00392473 0.00258874 0.00914144 0.00629359 0.0100937 -0.0175494 -0.00788117 0.00488742 -0.00463964 -0.0182206 -0.00623051 0.0181801 0.0312646 0.00936455 0.0412483 -0.0305198 0.0013762 -0.00160119 0.00352142 0.0165071 -0.00827599 0.0265337 0.00325494 -0.0202606 0.0171751 0.0280917 -0.0147266 0.0022418 -0.0133296
internal_weight=467.702 431.487 411.836 216.014 202.894 175.002 27.892 54.3002 36.0081 195.822 60.1135 40.4214 120.702 48.5865 72.1153 36.8614 36.215 135.709 123.273 99.6158 47.4198 52.196 35.4029 34.0431 26.052 55.2348 31.9086 23.1023 23.3262 19.1885
internal_count=1961 1786 1706 889 836 721 115 227 150 817 258 169 494 199 295 151 175 559 508 410 195 215 145 140 109 225 130 97 95 91
is_linear=0
shrinkage=0.05


Tree=19
num_leaves=31
num_cat=0
split_feature=14 4 4 1 19 7 15 14 6 1 12 7 4 1 7 8 18 4 1 14 4 13 14 19 0 4 19 3 12 13
split_gain=11.373 8.79396 8.94957 10.5345 8.41844 6.21844 6.02689 9.85415 8.8306 5.53109 4.92743 4.5931 4.47159 4.05975 3.85441 4.34272 3.78662 3.39406 3.35079 4.30376 3.97037 5.61584 3.18335 3.0691 9.92514 5.13297 3.67709 9.31009 5.68401 4.63777
threshold=0.081542000000000017 0.025691000000000002 0.069150000000000003 0.044638500000000005 4.942819000000001 0.97493700000000005 4.5000000000000009 0.019039000000000004 0.072613000000000011 0.055146500000000008 0.065180000000000016 0.97315300000000005 -0.10173899999999998 0.013495000000000002 0.86552850000000003 62.591493000000007 0.70000000000000007 0.13938550000000002 0.083221500000000018 0.038953500000000009 0.16034200000000001 0.24991050000000001 0.025922000000000004 1.2981100000000001 2.3421755000000006 -0.020725999999999998 1.7739385000000003 0.038438500000000007 -0.014159999999999997 0.020313500000000002
decision_type=2 2 2 2 2 2 2 2 2 2 2 2 2 2 2 2 2 2 2 2 2 2 2 2 2 2 2 2 2 2
left_child=1 6 11 4 5 10 12 -8 -9 16 -4 14 22 -12 15 -3 -5 -15 19 -11 -20 -22 -1 24 25 -14 27 -25 -28 -30
right_child=-2 2 3 9 -6 -7 7 8 -10 18 13 -13 23 17 -16 -17 -18 -19 20 -21 21 -23 -24 26 -26 -27 28 -29 29 -31
leaf_value=0.0077674129950463123 -0.042126780246788308 -0.03368393249891858 0.018733089049509134 0.014066326908227842 -0.054216557983907225 -0.03986780080267141 -0.0048235287695331634 0.019183333940347488 0.072929976297552643 0.010191587674500168 -0.03806916199317234 -0.045168694184270997 0.023083323523363966 -0.025071545462516848 0.010325880898610385 0.0017718247582343867 0.056812837742111225 0.010759193021099317 -0.0094444511183339793 -0.029234648586394293 0.053556112901947242 0.0068316734612023618 -0.028019581989768613 0.011371890466616167 -0.046722362834926291 -0.013541618495353229 0.039099859836608047 0.064749578816167372 -0.018045362214353936 0.018293504526653969
leaf_weight=10.413103714585306 14.593333423137663 24.105965331196785 24.5830337703228 9.7157075852155685 9.7133278548717481 10.80148224532604 17.166871264576912 17.727958709001545 13.433367714285849 17.473380282521251 9.5948401540517789 13.954842627048491 26.48749166727066 9.7371570169925707 13.316370800137518 13.457719400525091 11.099139884114265 20.573897942900658 9.9432029128074628 11.462426885962484 11.621278792619707 14.398407578468321 15.409953117370604 31.203440517187119 9.5338445007801038 14.975124627351759 9.6775894463062269 11.0662704706192 22.624654427170753 14.348767235875128
leaf_count=43 75 101 103 40 43 47 71 73 55 71 42 60 109 40 55 56 45 85 41 49 48 61 66 129 41 62 40 45 97 60
internal_value=0.00131366 0.0027236 -0.0039425 0.00206361 -0.0104086 -0.00475691 0.0100587 0.0255952 0.042353 0.0144326 0.00112394 -0.0197572 0.00552841 -0.00972374 -0.0127876 -0.0209814 0.0368601 -0.000751113 0.00723942 -0.00542644 0.0174304 0.0277004 -0.0135885 0.00905663 -0.000721851 0.00985543 0.0146646 0.0253462 0.00498621 -0.00394286
internal_weight=464.214 449.621 235.552 170.717 85.0037 75.2904 214.068 48.3282 31.1613 85.7135 64.4889 64.8349 165.74 39.9059 50.8801 37.5637 20.8148 30.3111 64.8987 28.9358 35.9629 26.0197 25.8231 139.917 50.9965 41.4626 88.9207 42.2697 46.651 36.9734
internal_count=1953 1878 987 715 360 317 891 199 128 355 270 272 692 167 212 157 85 125 270 120 150 109 109 583 212 171 371 174 197 157
is_linear=0
shrinkage=0.05


Tree=20
num_leaves=31
num_cat=0
split_feature=5 9 8 6 4 1 14 6 6 9 6 5 14 14 14 6 0 3 13 6 18 5 14 9 8 9 9 9 0 5
split_gain=11.8856 6.9345 8.21696 10.3926 8.84611 6.14952 7.70849 7.17974 11.6749 7.3011 5.59702 7.02886 5.89647 8.43366 5.49713 5.26597 4.49432 4.43641 5.06552 4.25173 3.98584 3.93191 6.50725 5.14542 4.7346 3.91748 3.88919 3.77474 3.42326 3.35209
threshold=0.080603500000000008 0.035932500000000013 34.358902000000008 0.056936500000000008 -0.10709699999999998 0.017556000000000006 0.05190150000000001 0.049704000000000005 0.029372500000000006 0.11426800000000002 0.030892500000000003 0.033419000000000011 0.019746500000000004 0.025663000000000002 0.031106500000000006 0.056936500000000008 2.3553785000000005 0.037059000000000009 0.036035500000000005 0.0575535 0.50000000000000011 0.037783500000000005 0.023730500000000005 0.14860500000000001 61.415235000000003 0.17004650000000002 0.015263000000000001 0.013028000000000001 3.1335215000000005 0.055479500000000008
decision_type=2 2 2 2 2 2 2 2 2 2 2 2 2 2 2 2 2 2 2 2 2 2 2 2 2 2 2 2 2 2
left_child=1 10 3 -3 -4 7 16 8 -6 -9 -1 15 -13 -14 28 27 17 19 -19 -7 -10 22 23 24 -18 -23 29 -12 -15 -16
right_child=-2 2 4 -5 5 6 -8 9 20 -11 11 12 13 14 26 -17 21 18 -20 -21 -22 25 -24 -25 -26 -27 -28 -29 -30 -31
leaf_value=-0.024687874727427905 -0.031399977953572987 -0.0071970653009794027 -0.053889624951653205 0.051558303220805173 0.015452196695699836 0.012022029375486463 -0.037050361126533607 0.034721950164383335 -0.030497496757532456 -0.017397246960688697 0.0072118680772486265 -0.029780655150120579 0.041746801460021792 0.0018889286755577467 0.040580101161422931 0.063857651779030994 -0.037411369454450775 0.049772532415275815 0.010554676411202195 -0.025234617290097461 -0.069817251794233384 -0.0030308552213182557 0.038085065755435972 0.018869975847851134 0.0080487519579748087 -0.032109326148906686 -0.011344059188005705 0.04569040738925817 -0.03780961534590422 0.0075426474295596461
leaf_weight=9.9846154898405057 28.031294927000999 14.847282916307451 8.9332761764526349 15.262865543365477 9.5673558413982374 28.020859390497208 12.298366621136664 10.661528557538988 13.548852756619455 18.172960698604584 17.491024851799015 9.8673995137214643 17.654256761074066 10.983946263790132 13.97586999833584 9.8360500037670118 13.36421909928322 13.938259333372114 20.117982164025307 10.537415415048597 12.293071508407591 36.717969238758087 12.775080427527426 15.99712961912155 10.022957816720007 16.919855535030365 11.753960698843001 10.027753204107283 10.740339294075964 17.038059875369072
leaf_count=42 143 61 38 63 41 115 53 44 61 76 72 42 72 45 57 40 56 57 82 43 55 152 52 66 41 72 48 41 44 70
internal_value=0.000153526 0.00219457 -0.00216 0.0225861 -0.00498359 -0.00326998 0.00123703 -0.0166492 -0.0317329 0.00187378 0.0113815 0.0141653 0.0067395 0.0111263 0.00274415 0.0324569 0.00387628 0.0134552 0.0266054 0.00184033 -0.049202 -0.00269826 0.00707646 -0.0029818 -0.0179287 -0.0122036 0.0131481 0.0212333 -0.0177378 0.0224304
internal_weight=461.382 433.351 293.997 30.1101 263.887 254.954 190.71 64.2438 35.4093 28.8345 139.353 129.369 92.0138 82.1464 64.4922 37.3548 178.412 72.6145 34.0562 38.5583 25.8419 105.797 52.1594 39.3843 23.3872 53.6378 42.7679 27.5188 21.7243 31.0139
internal_count=1944 1801 1228 124 1104 1066 789 277 157 120 573 531 378 336 264 153 736 297 139 158 116 439 215 163 97 224 175 113 89 127
is_linear=0
shrinkage=0.05


Tree=21
num_leaves=31
num_cat=0
split_feature=5 1 5 6 14 11 14 14 11 14 2 11 11 14 12 9 9 5 14 12 4 4 1 3 2 1 2 0 11 14
split_gain=9.8245 5.87704 4.39386 8.79033 6.39343 6.71711 5.47938 8.40801 5.32654 4.47546 4.90399 3.91424 4.43298 5.52709 8.42818 6.61878 9.28404 5.1624 8.67325 4.77758 4.49185 5.62109 3.80099 3.75579 3.56294 3.40545 4.28466 4.15833 3.1845 3.15631
threshold=0.080603500000000008 -0.034459999999999998 0.040267000000000004 0.050022000000000004 0.022130500000000004 0.017392500000000002 0.032227500000000006 0.038953500000000009 0.9364920000000001 0.046938000000000007 0.19827000000000003 0.98990400000000012 0.77232850000000008 0.021131000000000004 0.058796500000000008 0.16355700000000004 0.055111000000000007 0.031459500000000008 0.022130500000000004 0.031535000000000007 0.096205500000000013 -0.0061999999999999998 0.0094695000000000005 0.044439500000000007 0.10853800000000001 0.039264000000000007 0.046283000000000012 2.4641665000000006 0.39595050000000004 0.025786500000000004
decision_type=2 2 2 2 2 2 2 2 2 2 2 2 2 2 2 2 2 2 2 2 2 2 2 2 2 2 2 2 2 2
left_child=1 -1 11 8 -5 -6 25 23 22 24 -11 12 13 14 15 16 19 -14 -19 -3 21 -15 -4 -8 -9 27 -27 -7 -18 -24
right_child=-2 2 3 4 5 6 7 9 -10 10 -12 -13 17 20 -16 -17 28 18 -20 -21 -22 -23 29 -25 -26 26 -28 -29 -30 -31
leaf_value=0.044082238833840923 -0.030024073066811027 0.0014276767884628702 -0.048670182581365871 0.032819392966393364 0.027435156595377291 -0.013260557987196019 -0.00012661334150170276 -0.0072101205194576318 0.0091862690069713562 -0.013000307183602972 0.030512793655416443 0.03040043286271309 -0.038338846100822215 0.037716983005230298 -0.038382802836213814 0.025227766627585798 -0.029401652677270657 0.036724664231176513 -0.028489599215984734 0.040808026614700128 0.047737957878426121 -0.0016094783924744652 0.0012527503379991356 0.038291806068803121 -0.04855451273436806 0.018960334927304881 -0.022949390276101853 -0.057679193184379501 0.00046943688793226108 -0.031360654070688478
leaf_weight=7.9709427356719962 26.126739472150803 18.90263016521931 15.532286033034323 15.086320415139197 17.631204709410667 11.367771357297899 9.8659419119358081 10.70363435149193 11.75513234734535 17.233055308461193 10.372525885701178 15.070850327610968 12.355569466948507 14.317405045032499 12.045192703604696 30.74471652507782 25.320633590221405 9.7435205429792422 10.694446355104445 12.997461602091787 11.985024511814116 24.869588658213615 12.337972581386568 17.909708902239799 10.154544770717619 9.9284949600696581 15.809492796659468 9.8211378604173643 13.777047142386435 18.606668338179588
leaf_count=33 135 78 74 62 72 47 41 45 49 73 43 62 51 59 50 127 106 40 44 53 49 102 52 73 42 41 65 42 58 79
internal_value=-0.000244764 0.00154419 0.000750008 -0.00430702 0.00188494 -0.00142965 -0.00556164 0.00271227 -0.0208826 -0.00985816 0.00334931 0.00583774 0.0039658 0.00730361 0.00116602 0.00584817 -0.00254393 -0.0128242 0.00260041 0.0174729 0.0209513 0.0127589 -0.0284877 0.0246455 -0.0273381 -0.0190038 -0.00678261 -0.0338488 -0.0188758 -0.0183573
internal_weight=461.038 434.911 426.94 214.116 155.884 140.798 123.166 76.2394 58.2321 48.4638 27.6056 212.824 197.753 164.96 113.788 101.742 70.9978 32.7935 20.438 31.9001 51.172 39.187 46.4769 27.7757 20.8582 46.9269 25.738 21.1889 39.0977 30.9446
internal_count=1947 1812 1779 900 646 584 512 317 254 203 116 879 817 682 472 422 295 135 84 131 210 161 205 114 87 195 106 89 164 131
is_linear=0
shrinkage=0.05


Tree=22
num_leaves=31
num_cat=0
split_feature=12 9 11 8 0 3 1 1 3 13 13 0 11 11 19 3 9 1 11 8 7 1 3 19 19 9 11 12 3 7
split_gain=5.84713 8.93351 11.3735 6.28462 6.64904 5.57095 5.65506 5.86387 5.84906 5.97274 4.72022 5.058 4.59317 5.51989 5.41434 4.6263 4.56732 4.78757 4.3303 5.6441 4.52185 4.19703 4.17658 4.07553 9.75023 3.60316 3.18705 3.08226 6.9321 2.75803
threshold=-0.025141499999999994 0.21966000000000002 0.62132350000000003 43.807417000000008 1.3990190000000002 0.11957250000000001 0.067518000000000009 0.055146500000000008 0.10135350000000001 0.13452350000000005 -0.086150499999999991 1.6069980000000001 0.8277540000000001 0.236932 1.2852090000000003 -1.0000000180025095e-35 0.11426800000000002 0.13361350000000002 0.31142250000000005 51.976562500000007 0.85773800000000011 0.020881000000000004 0.063465500000000022 1.7739385000000003 2.4966370000000002 0.038606000000000008 0.9240385000000001 0.0045485000000000013 -0.0041559999999999991 0.66666650000000016
decision_type=2 2 2 2 2 2 2 2 2 2 2 2 2 2 2 2 2 2 2 2 2 2 2 2 2 2 2 2 2 2
left_child=10 3 18 27 -5 6 7 8 9 12 -1 -12 13 15 -15 -6 17 -7 19 -3 -20 -14 -8 -16 -25 -11 -4 28 -2 -13
right_child=1 2 26 4 5 16 22 -9 -10 25 11 29 21 14 23 -17 -18 -19 20 -21 -22 -23 -24 24 -26 -27 -28 -29 -30 -31
leaf_value=-0.0083834916332042302 -0.044170704233678471 -0.039815608930690305 -0.053572673889219463 -0.033744280475811378 0.047280388170552155 -0.0086086018005123773 0.0074440834123410352 -0.024970203035615531 0.04013951535440994 -0.00016488938153550348 -0.0019581565491921314 0.056431792888185783 0.0054028963767862341 -0.029019687454577687 0.021786362548034482 0.0097953352384667087 -0.037452909408674656 0.029970207181479622 -0.0091228068729418497 0.010497862710338384 0.037448818007773409 0.049968497479437643 0.049151843324444708 -0.03861337952570322 0.018620299146073147 -0.041445405662841744 -0.017913295964022261 -0.042719399753072242 0.010282335009489114 0.022913760306530966
leaf_weight=16.476333111524582 9.3988690674304962 12.855658009648325 20.985190242528919 12.165302664041517 10.319360181689261 51.807987868785858 10.734783932566645 14.874036625027655 12.896021604537962 11.246243774890901 12.840760946273802 10.339432850480081 9.4895845353603381 16.808777943253517 19.26868811249733 40.674574136734009 11.1166914999485 9.5195357501506788 10.702682524919512 9.8407680392265302 10.159860685467718 11.917964830994604 13.615800544619558 13.772624731063845 16.187406405806541 9.9743182212114316 8.9332001507282239 10.407408535480497 15.455939769744873 15.101354017853735
leaf_count=72 40 59 96 52 42 218 45 61 54 47 54 43 40 71 80 168 49 40 45 41 44 49 56 59 69 44 39 44 64 64
internal_value=-0.00134217 -0.0034149 -0.0191892 7.98775e-05 0.00245394 0.00400328 0.00809743 0.00515246 0.00774898 0.00513274 0.013993 0.0236238 0.00891898 0.00502378 -0.0045184 0.017381 -0.00796536 -0.00262022 -0.00288603 -0.0180006 0.0135571 0.0302134 0.0307653 0.00384738 -0.00769002 -0.019568 -0.0429253 -0.0198748 -0.0103091 0.0365359
internal_weight=459.887 405.129 73.4774 331.652 296.39 284.224 211.78 187.43 172.556 159.66 54.7579 38.2815 138.439 117.031 66.0375 50.9939 72.4442 61.3275 43.559 22.6964 20.8625 21.4075 24.3506 49.2287 29.96 21.2206 29.9184 35.2622 24.8548 25.4408
internal_count=1949 1716 324 1392 1244 1192 885 784 723 669 233 161 578 489 279 210 307 258 189 100 89 89 101 208 128 91 135 148 104 107
is_linear=0
shrinkage=0.05


Tree=23
num_leaves=31
num_cat=0
split_feature=5 9 12 1 8 9 12 19 5 14 12 8 0 5 14 19 19 9 5 0 2 13 4 9 13 5 12 14 14 9
split_gain=9.52559 5.72495 8.26704 7.46971 7.79639 5.39026 5.25341 5.1378 4.86234 8.53142 6.01146 4.30529 4.30039 5.65149 5.65182 5.28578 5.67289 4.95518 4.26395 3.98034 3.92781 4.83552 14.9092 4.55702 3.48344 3.41217 3.18622 2.67224 2.66981 2.45114
threshold=0.075155500000000014 0.076377000000000014 -0.025141499999999994 0.019376000000000001 43.597194500000008 0.18533300000000003 -0.061470999999999991 1.0630310000000003 0.038232000000000009 0.016723500000000006 0.0098735000000000021 69.229054000000005 3.5918745000000007 0.03748400000000001 0.019861000000000004 1.2852090000000003 1.0384560000000003 0.13718000000000002 0.029511500000000003 2.0973660000000005 0.1157055 0.12668850000000001 0.08409800000000002 0.022993000000000003 0.026016000000000004 0.037604000000000005 0.14319600000000002 0.025922000000000004 0.039360000000000006 0.0020890000000000001
decision_type=2 2 2 2 2 2 2 2 2 2 2 2 2 2 2 2 2 2 2 2 2 2 2 2 2 2 2 2 2 2
left_child=1 8 5 24 7 -3 -7 -5 9 -1 -10 29 15 14 -14 16 -6 -17 -13 -2 21 22 -12 -23 25 -4 -21 -26 -22 -11
right_child=19 2 3 4 12 6 -8 -9 10 11 20 18 13 -15 -16 17 -18 -19 -20 26 28 23 -24 -25 27 -27 -28 -29 -30 -31
leaf_value=-0.0053714094842373002 -0.00074330949417293689 -0.0073236746827840277 0.0045459131276798905 0.0051058087705494644 0.020068217165157373 0.0025804780006110518 0.047923064873708586 -0.035110332270243794 0.036964653712146564 0.021236202928849899 -0.022860577400726778 0.039384512928251514 -0.014963626809850831 -0.024918081798023611 0.036332939840151943 0.051191584943292859 -0.021704312295695326 0.013194750621297597 -0.0030056897762938931 -0.050870808729680084 0.032297214734024429 -0.0023040244868249736 0.046673333099889941 -0.040279642387699349 -0.055507941388220676 -0.028660681918053651 -0.011016630621655643 -0.020297753296415789 0.0015654234700868679 0.050358875143761021
leaf_weight=25.008637592196465 11.862935945391653 13.260196030139921 16.275790974497799 12.354756012558935 16.356453701853752 10.029996186494825 17.592853590846065 22.23391181230545 11.512638404965399 10.532208353281019 18.973071873188022 9.8081890493631381 10.321158140897753 20.597805887460709 11.19306769967079 13.426962494850157 16.155241534113884 23.770765781402588 15.0119152367115 14.111070811748506 11.697678551077844 15.096394166350366 12.985132843255995 16.571164697408676 10.477604895830156 14.744190856814383 7.7798617035150519 11.094547122716902 17.853192031383514 23.010229989886284
leaf_count=104 58 55 69 51 67 41 73 94 47 44 80 40 43 87 46 55 67 98 62 74 48 62 54 69 46 67 40 50 73 94
internal_value=0.00150486 0.00352185 -0.0015986 -0.00580573 1.4719e-07 0.01888 0.0314589 -0.0207455 0.0100534 0.0190626 0.00287873 0.0295327 0.0064172 -0.00619829 0.0117241 0.0140383 -0.000688784 0.0269102 0.0137457 -0.0240674 -0.00133283 -0.008329 0.00539217 -0.0221761 -0.0219686 -0.0112376 -0.036707 -0.0373994 0.0137306 0.0412145
internal_weight=461.7 427.946 239.885 199.002 146.41 40.883 27.6228 34.5887 188.06 83.3712 104.689 58.3625 111.821 42.112 21.5142 69.7094 32.5117 37.1977 24.8201 33.7539 93.1766 63.6258 31.9582 31.6676 52.5921 31.02 21.8909 21.5722 29.5509 33.5424
internal_count=1958 1786 1009 840 608 169 114 145 777 344 433 240 463 176 89 287 134 153 102 172 386 265 134 131 232 136 114 96 121 138
is_linear=0
shrinkage=0.05


Tree=24
num_leaves=31
num_cat=0
split_feature=14 1 1 10 1 5 3 12 13 12 13 9 19 19 14 1 12 4 5 1 9 13 15 0 19 9 14 4 12 9
split_gain=7.35162 5.67254 7.26045 6.33771 6.12961 5.45301 7.33543 6.28603 5.30499 4.85937 4.80396 7.80129 4.39988 6.70132 3.91718 3.64683 4.70723 3.4369 3.39544 4.12794 3.26691 6.92661 5.73203 4.85048 4.74633 3.64102 6.34013 3.66156 4.8631 2.95813
threshold=0.076863500000000015 -0.037804499999999991 0.027496500000000004 1.0000000180025095e-35 0.0094695000000000005 0.038860000000000013 0.065293500000000018 -0.0011599999999999998 0.085820500000000008 0.082896500000000012 -0.049372499999999993 0.20874150000000002 7.918197000000001 1.4849065000000004 0.036753500000000008 0.022835500000000005 0.013713000000000001 0.0084150000000000023 0.047612000000000008 0.085317500000000004 0.083392500000000022 0.045267500000000009 1.5000000000000002 1.8691300000000004 1.8145950000000004 0.12491400000000001 0.022194500000000002 -0.059601999999999995 0.0023630000000000005 0.024571500000000007
decision_type=2 2 2 2 2 2 2 2 2 2 2 2 2 2 2 2 2 2 2 2 2 2 2 2 2 2 2 2 2 2
left_child=1 -1 3 15 -5 7 10 -4 -9 -10 -7 14 13 -8 17 20 -17 -12 -15 -20 22 25 24 -24 -3 -22 27 -27 -29 -6
right_child=-2 2 5 4 29 6 12 8 9 -11 11 -13 -14 18 -16 16 -18 -19 19 -21 21 -23 23 -25 -26 26 -28 28 -30 -31
leaf_value=0.048521464031222816 -0.031693119442495199 -0.031506610250117716 0.047315158252146605 -0.053841928872129047 0.0087625787640154846 0.018257946785583276 0.028973086901866216 0.0025044120606748828 0.056385209339866807 0.013430073464236565 0.017991360644142935 -0.050933711984440133 0.039801136111272346 -0.022759788812466167 -0.032566297836645962 -0.043208111500767435 0.00108818541363515 -0.013522804534031136 -0.01019742703191806 0.026268969996462988 -0.023691116727188655 -0.035238340758107854 0.055491230481452283 0.011400458063324142 0.016116007095310313 0.042151338879557555 -0.018311788013880472 -0.01381294821859046 0.032450309571393061 -0.029352092421038912
leaf_weight=6.5438971370458594 16.483926102519035 10.439420506358148 13.88081634044647 12.295697197318075 10.824041575193407 11.913940921425818 22.651967450976372 58.867676645517349 10.221168100833895 18.502327129244804 16.426881596446037 12.889194563031195 11.60628794133663 16.08074988424778 11.241971954703329 11.171229839324953 12.949946105480192 18.278209343552589 18.084915250539783 13.593661457300184 10.694248035550116 14.868820130825041 9.7162408679723757 17.423633545637131 10.488858208060263 12.301030158996573 15.404269739985464 11.886790275573739 10.879471406340597 9.6106011271476728
leaf_count=28 90 44 57 63 45 50 93 241 42 76 68 56 48 66 49 47 54 75 77 57 46 67 40 73 44 52 66 50 46 42
internal_value=0.00109192 0.00231533 0.00162054 -0.0060345 -0.0259474 0.007069 0.00110107 0.0160538 0.0110997 0.0287155 -0.0106955 -0.0165584 0.0112771 0.00657529 -0.00691535 -0.00163739 -0.0194267 0.00139372 -0.00404785 0.00545075 0.00182023 -0.00462994 0.0120232 0.0271852 -0.00763905 0.00281067 0.00842605 0.0201714 0.0082952 -0.0091631
internal_weight=458.222 441.738 435.194 180.954 32.7303 254.24 152.768 101.472 87.5912 28.7235 70.7502 58.8363 82.0176 70.4113 45.9471 148.224 24.1212 34.7051 47.7593 31.6786 124.103 76.0346 48.0682 27.1399 20.9283 61.1658 50.4716 35.0673 22.7663 20.4346
internal_count=1952 1862 1834 779 150 1055 639 416 359 118 298 248 341 293 192 629 101 143 200 134 528 327 201 113 88 260 214 148 96 87
is_linear=0
shrinkage=0.05


Tree=25
num_leaves=31
num_cat=0
split_feature=5 1 7 9 15 4 4 19 1 14 11 2 4 2 19 1 4 2 14 1 13 19 0 14 4 1 9 4 0 3
split_gain=7.95575 10.4994 5.38281 5.29348 6.06027 6.93699 6.02743 5.93156 5.42935 5.04382 8.82724 6.84066 4.93239 4.61079 8.89351 6.41286 6.32372 9.66299 7.13637 5.54524 5.13756 7.5299 5.08896 4.48827 4.45048 4.20092 3.98565 3.65416 7.01374 3.69346
threshold=0.12057350000000001 -0.037804499999999991 0.45245050000000003 0.038606000000000008 1.5000000000000002 0.004650500000000001 0.13242650000000003 4.2319050000000002 0.042690000000000013 0.037085500000000007 0.99615400000000009 0.071024000000000018 0.029337000000000005 0.034701500000000003 1.260067 0.022144500000000001 -0.0073779999999999991 0.050900500000000008 0.022438500000000004 0.0058585000000000009 0.033161500000000003 1.6680045000000001 1.8985335000000003 0.022130500000000004 -0.019145499999999996 0.051974000000000006 0.014471000000000003 0.29188950000000008 2.4341915000000003 0.05159600000000001
decision_type=2 2 2 2 2 2 2 2 2 2 2 2 2 2 2 2 2 2 2 2 2 2 2 2 2 2 2 2 2 2
left_child=1 -1 -3 4 6 -6 -4 9 -9 10 11 13 25 14 22 19 18 -18 -15 24 21 -17 23 -5 -16 -13 -8 28 -7 -30
right_child=-2 2 3 7 5 27 26 8 -10 -11 -12 12 -14 16 15 20 17 -19 -20 -21 -22 -23 -24 -25 -26 -27 -28 -29 29 -31
leaf_value=0.062164431276687443 -0.045171804672979467 -0.036895869368847541 -0.018862724765196823 0.013084772076356733 0.054164479105450448 -0.0076415134098138139 -0.00062250051010256263 -0.048812387643609116 -0.0032100717923259554 -0.016689353971248221 0.043331967332734506 0.013066082769445512 -0.0019987244564968281 0.024986994831829843 0.041145901513428222 0.044728940303978476 -0.05556625023614066 -0.0018985961059108146 -0.029240733588008883 -0.021823461311268378 0.058231472130212653 -0.017393467487755655 -0.04020797884710639 -0.029693483624625674 -0.0047115683628314768 0.058997638374797393 0.038251412170882598 -0.0139437796716188 0.0072972530573037139 0.041871671389342807
leaf_weight=6.7261717170476905 9.8899278789758664 10.081322863698004 31.369727820158005 15.552864864468576 11.056550875306128 18.876065224409103 19.273916885256771 13.340928152203562 12.779182136058806 45.262011557817459 12.005792677402495 10.122405186295511 15.439132556319235 14.781978458166124 9.6210123300552315 10.021451145410543 17.910575792193413 15.774409756064413 10.290605440735815 17.850449323654175 10.230845615267752 9.5038513243198377 15.301177904009817 10.122172906994818 11.755576252937322 9.7952825576066953 10.022197753190992 11.726409584283827 11.637050449848173 22.973893895745277
leaf_count=29 56 45 130 65 46 79 80 61 54 202 50 42 64 61 40 41 76 66 43 77 42 40 66 43 52 40 42 49 48 95
internal_value=-0.000821125 0.000173027 -0.000786663 7.10911e-05 0.00816178 0.0175429 -0.00363225 -0.00378301 -0.0265016 -0.00151237 0.00166674 -0.000784451 0.0192127 -0.00497511 0.00106707 0.0120264 -0.0162825 -0.0304341 0.00273017 -0.00125119 0.0295301 0.0144911 -0.0173829 -0.0037802 0.0159276 0.0356547 0.0126763 0.0113339 0.0168757 0.0302469
internal_weight=451.095 441.205 434.479 424.398 136.936 76.27 60.6658 287.462 26.1201 261.342 216.08 204.074 35.3568 168.717 109.959 68.9832 58.7576 33.685 25.0726 39.227 29.7561 19.5253 40.9762 25.675 21.3766 19.9177 29.2961 65.2134 53.487 34.6109
internal_count=1924 1868 1839 1794 569 317 252 1225 115 1110 908 858 146 712 466 292 246 142 104 169 123 81 174 108 92 82 122 271 222 143
is_linear=0
shrinkage=0.05


Tree=26
num_leaves=31
num_cat=0
split_feature=5 9 0 11 11 3 3 1 12 19 8 11 8 1 10 1 11 5 19 9 9 3 8 19 12 7 9 13 3 8
split_gain=9.60816 6.80345 6.15212 7.22963 4.71544 4.20423 5.60817 3.75967 5.28684 8.62822 6.0661 6.28675 5.70799 4.49361 4.15891 7.69991 4.10091 3.90507 3.75417 7.98574 4.77496 4.05974 5.08507 3.67638 3.31228 3.0749 3.6146 8.40937 2.93266 4.30801
threshold=0.068206000000000003 0.0017515000000000002 2.4093380000000004 0.72100850000000005 0.98990400000000012 0.17424300000000001 0.075076500000000004 0.039264000000000007 -0.018438999999999997 1.2069470000000002 46.078043500000007 0.61416050000000011 38.340063000000008 0.0094695000000000005 1.0000000180025095e-35 0.025568500000000004 0.84861100000000012 0.034020000000000009 2.0758865000000006 0.0029255000000000006 0.0029255000000000006 0.035776000000000009 41.206792000000007 1.8847885000000002 0.095392500000000005 0.95293450000000013 0.027964500000000003 0.045267500000000009 0.072799000000000016 51.149577500000007
decision_type=2 2 2 2 2 2 2 2 2 2 2 2 2 2 2 2 2 2 2 2 2 2 2 2 2 2 2 2 2 2
left_child=4 -2 3 -3 7 6 -6 8 9 -1 17 14 -11 -13 25 -16 23 -10 19 -9 -20 22 -21 -15 -22 26 -12 -28 29 -23
right_child=1 2 -4 -5 5 -7 -8 18 10 12 11 13 -14 16 15 -17 -18 -19 20 21 24 28 -24 -25 -26 -27 27 -29 -30 -31
leaf_value=-0.018046776045241207 0.020223684517555279 -0.04017506978299009 -0.047850765696053767 0.024676226777858343 0.02479097618654481 0.039730268691384636 -0.017431770020735992 0.051110716163076476 -0.042950652439518351 0.011101417093818653 0.03242331361265359 -0.049542394742748803 0.0581627559471957 -0.044445571575776673 -0.042876032203816937 0.012759884861352487 0.015457675611738839 -0.010378510994287906 -0.032277568252928546 0.017845432077144369 -0.0079211154270696828 0.0026651707436353787 -0.028501261470942653 -0.0036964387182265874 0.021738292583005078 -0.013977261667565927 0.020168468283043278 -0.023611940592836254 0.0025498902331494602 0.045054328397314262
leaf_weight=16.626473143696785 7.7774782925844184 8.7365258038043994 22.894293576478958 8.4580875188112241 18.076738506555561 13.458021774888037 13.920850068330763 11.396213933825491 18.380630388855934 18.774326279759411 17.028281718492508 9.9862634837627393 9.8096206337213498 10.578694522380831 12.510624080896379 12.365914121270178 9.987392306327818 18.426943421363831 12.186420157551764 9.7311171293258685 24.451711386442184 10.538571685552599 15.104963421821592 11.609475314617155 15.305582791566847 13.069789230823515 33.246677175164223 16.368584096431732 25.563528195023537 13.898964136838911
leaf_count=70 36 42 117 41 75 55 58 47 79 78 70 46 41 44 61 51 42 78 50 41 102 44 63 50 63 56 140 70 104 57
internal_value=-0.00136862 -0.0225732 -0.030876 -0.0082745 0.00109254 0.0162833 0.00642158 -0.000789215 -0.00472256 0.0105932 -0.0084948 -0.00394268 0.0272522 -0.0202423 0.00262794 -0.0152199 -0.0111485 -0.0266441 0.00572293 0.0121194 -0.00489598 0.00618176 -0.010342 -0.0231245 0.00349703 0.0081978 0.0125467 0.00572486 0.0143893 0.0267742
internal_weight=460.269 47.8664 40.0889 17.1946 412.402 45.4556 31.9976 366.947 228.77 45.2104 183.559 146.752 28.5839 42.1618 104.59 24.8765 32.1756 36.8076 138.177 86.2334 51.9437 74.8371 24.8361 22.1882 39.7573 79.7133 66.6435 49.6153 50.0011 24.4375
internal_count=1971 236 200 83 1735 188 133 1547 976 189 787 630 119 182 448 112 136 157 571 356 215 309 104 94 165 336 280 210 205 101
is_linear=0
shrinkage=0.05


Tree=27
num_leaves=31
num_cat=0
split_feature=5 9 12 14 11 0 14 14 9 9 2 12 4 3 2 2 4 5 5 14 3 14 2 2 5 19 19 0 0 5
split_gain=6.09389 5.28284 6.28861 6.15601 5.75879 5.40952 5.22008 6.67749 6.6016 5.10979 5.09759 4.61171 6.54639 4.43461 4.62876 4.83626 4.24352 4.16208 9.63983 4.40201 3.99029 4.41899 3.90086 7.57769 4.09342 3.80407 4.84777 3.43398 3.32843 3.19217
threshold=0.083888500000000019 0.068563000000000013 0.019671500000000005 0.021225500000000005 0.41047550000000005 1.4047395000000003 0.022130500000000004 0.019179000000000005 0.17004650000000002 0.12320700000000001 0.068569500000000019 0.0023630000000000005 -0.05193699999999999 -0.061605999999999994 -1.0000000180025095e-35 0.039882000000000008 -0.042526999999999988 0.030166000000000002 0.028084500000000002 0.016723500000000006 0.0108395 0.022802000000000003 0.15388550000000004 0.22667700000000005 0.059407000000000008 2.9451770000000006 1.7227885000000003 2.2797325000000002 3.0136540000000003 0.047925500000000003
decision_type=2 2 2 2 2 2 2 2 2 2 2 2 2 2 2 2 2 2 2 2 2 2 2 2 2 2 2 2 2 2
left_child=1 5 6 -4 -5 -1 7 8 16 28 13 12 -10 -8 -15 27 -3 18 19 -7 21 -19 24 -24 -22 26 -2 -16 -6 -11
right_child=25 2 3 4 9 17 10 -9 11 29 -12 -13 -14 14 15 -17 -18 20 -20 -21 22 -23 23 -25 -26 -27 -28 -29 -30 -31
leaf_value=-0.027254508136658639 -0.036267595752973718 -0.043167878091365436 -0.032654626753999924 0.016638018321968078 0.025446277994344749 -0.01188445977890322 0.017403951078235981 0.035118781931853381 0.033194695188710786 -0.0092222341793539338 0.023506265159305234 0.046711196444055775 -0.024529121555221804 -0.044826130464996304 0.026787186876247062 -0.038784006716457514 -5.4339011298451577e-05 0.00053265341298188731 0.060709297010966883 0.030281592591787827 0.0019979554146492204 0.045753222931737197 0.047396160227242294 -0.011808505219872811 -0.028360596624884628 -0.052511819065095111 0.019004559440388407 -0.015766707798920528 -0.013277194138115409 -0.040088104929857191
leaf_weight=10.230401396751402 8.4171497076749819 9.213836222887041 27.674316346645355 21.753519460558891 10.46359930932522 13.842024549841883 9.3700666576623899 22.928662165999413 9.9776095598936099 15.461655497550963 11.250517562031744 9.8403448164463025 9.673894405364992 13.432377308607096 9.3864858299493878 9.2621225416660291 14.99734281003475 9.7532979249954241 12.517113864421843 11.19612219929695 77.021437108516693 12.110693275928496 12.192105755209925 9.7081132680177671 12.9739803224802 7.9818987548351279 7.5035346001386634 9.5790051966905576 11.815228596329687 18.280281484127045
leaf_count=43 47 40 118 91 44 58 39 96 42 66 48 42 43 57 40 40 63 42 52 46 319 50 50 40 55 46 40 42 51 81
internal_value=0.000225214 0.00160391 -0.00319589 -0.0124021 -0.00519569 0.00806447 0.00379257 0.0125305 0.00288641 -0.013674 -0.00695886 0.0187701 0.00477885 -0.0136755 -0.0206658 -0.00916882 -0.0164617 0.0101736 0.0248816 0.00697062 0.00604409 0.0255808 0.00222668 0.0211514 -0.00237861 -0.024341 -0.0102174 0.00529426 0.00490989 -0.0259444
internal_weight=449.809 425.906 244.361 105.449 77.7743 181.545 138.912 76.6317 53.703 56.0208 62.2806 29.4918 19.6515 51.0301 41.66 28.2276 24.2112 171.315 37.5553 25.0381 133.76 21.864 111.896 21.9002 89.9954 23.9026 15.9207 18.9655 22.2788 33.7419
internal_count=1931 1798 1043 451 333 755 592 326 230 242 266 127 85 218 179 122 103 712 156 104 556 92 464 90 374 133 87 82 95 147
is_linear=0
shrinkage=0.05


Tree=28
num_leaves=31
num_cat=0
split_feature=5 19 11 1 0 1 7 11 4 7 14 7 12 19 7 19 19 8 1 5 15 7 2 2 8 12 4 8 19 14
split_gain=4.496 8.90313 9.93691 8.11255 5.79326 5.66167 7.272 8.55594 5.11563 5.5704 4.95093 5.57901 5.34392 6.75966 6.8284 6.19882 4.91264 6.01237 5.79522 4.76693 4.65037 5.52696 4.39174 7.66855 4.34954 4.1396 4.11253 3.893 3.7363 3.61994
threshold=0.040267000000000004 1.0434510000000004 0.79772750000000014 -0.012433999999999999 1.7375265000000002 0.0085455000000000027 0.86552850000000003 0.11180550000000002 -0.081941999999999987 0.58533700000000011 0.021013500000000001 0.9997370000000001 0.058080000000000007 1.2385570000000004 0.9740215000000001 1.1293320000000002 1.2938240000000003 59.38294650000001 0.097343000000000013 0.031459500000000008 4.5000000000000009 0.61685250000000014 0.020583000000000001 0.065099500000000018 76.25349150000001 0.0016455 -0.024785999999999996 69.229054000000005 1.6431430000000002 0.038576000000000006
decision_type=2 2 2 2 2 2 2 2 2 2 2 2 2 2 2 2 2 2 2 2 2 2 2 2 2 2 2 2 2 2
left_child=10 2 4 -3 -2 26 8 -8 -7 -10 12 -12 13 15 20 19 -9 -18 27 -1 21 -15 -11 -24 29 -23 -5 -19 -27 -25
right_child=1 3 -4 5 -6 6 7 16 9 22 11 -13 -14 14 -16 -17 17 18 -20 -21 -22 25 23 24 -26 28 -28 -29 -30 -31
leaf_value=0.013548392977761585 0.020430930399910049 0.032045102744396918 0.061268630533940618 -0.0019344263676507691 -0.025841061495277526 -0.051313895778143361 0.045888794725576672 -0.034882678285013527 0.013001596504528562 -0.043985776940739921 0.0098635418108828643 0.050124319238577755 -0.026001149567197315 -0.0042873328543693882 -0.024348922170317932 -0.048338692139915804 0.023203742220252382 -0.050053431000212673 0.017128373819502801 -0.030505008610492376 -0.0067542094459427425 0.0097374865156839331 0.016736697808114001 -0.022230117813926788 0.00076053830418458318 0.067026944649152917 -0.042893771959265914 -0.0047863014787002493 0.029424240598272686 -0.06340046911469964
leaf_weight=17.185605198144916 17.258234113454822 11.225202202796934 9.5449009984731656 8.5021193176507968 11.12465927004814 9.9730642884969694 10.347858026623724 10.231486618518828 16.018735513091087 14.661430597305296 66.860417783260345 9.8755857199430448 18.262065231800079 13.09627555310726 11.659661948680876 9.998634994029997 21.563484191894531 9.8235523402690941 11.231742188334463 9.5548534989356977 15.935383230447767 13.008055731654165 15.103554919362066 13.264090687036516 10.11136384308338 10.736430585384371 21.949856653809547 9.1956333070993406 17.171809211373329 8.9362045973539335
leaf_count=72 73 50 41 37 50 43 44 44 71 65 279 41 76 55 49 43 96 43 48 41 67 55 65 55 43 44 110 40 71 40
internal_value=-0.000399402 -0.00509306 0.017136 -0.00926394 0.00229465 -0.0116928 -0.00794182 0.00379824 -0.0175923 -0.013286 0.00488216 0.0150449 -0.000826485 0.00305821 0.011076 -0.0147514 -0.00322152 0.00303042 -0.0113495 -0.00219269 0.016981 0.0239836 -0.0200694 -0.0126742 -0.0264218 0.0330324 -0.031458 -0.0281671 0.0438902 -0.0388023
internal_weight=453.412 240.067 37.9278 202.139 28.3829 190.914 160.462 72.3938 88.0684 78.0954 213.345 76.736 136.609 118.347 81.6076 36.7391 62.0459 51.8144 30.2509 26.7405 69.948 54.0126 62.0766 47.4152 32.3117 40.9163 30.452 19.0192 27.9082 22.2003
internal_count=1951 1058 164 894 123 844 697 315 382 339 893 320 573 497 341 156 271 227 131 113 292 225 268 203 138 170 147 83 115 95
is_linear=0
shrinkage=0.05


Tree=29
num_leaves=31
num_cat=0
split_feature=14 2 2 19 9 11 4 13 7 2 9 5 14 11 13 11 19 19 14 2 5 9 5 19 9 14 9 7 5 11
split_gain=6.06302 6.47479 5.4685 6.30581 5.94381 4.96459 4.57584 6.90016 5.87103 5.09205 4.3658 4.57087 4.19706 4.13264 3.95658 3.63211 4.17516 9.43762 6.98335 6.80496 6.76357 3.4656 3.4308 6.40478 4.51436 4.92197 2.9487 2.93895 5.43694 4.77182
threshold=0.061694000000000006 -0.053459999999999994 1.0000000180025095e-35 1.8060995000000004 0.0029255000000000006 0.98581450000000015 -0.035555999999999997 0.056116500000000007 0.6786795000000001 -0.0087229999999999999 0.14339500000000002 0.025365500000000003 0.018667500000000004 0.66160700000000017 0.13765150000000001 0.41728850000000006 1.009978 1.2776010000000002 0.028191000000000004 0.054508000000000008 0.031036000000000005 0.25758950000000008 0.03838550000000001 1.0434510000000004 0.17156700000000003 0.015281500000000002 0.08525400000000001 0.66398150000000011 0.035253000000000007 0.32173150000000006
decision_type=2 2 2 2 2 2 2 2 2 2 2 2 2 2 2 2 2 2 2 2 2 2 2 2 2 2 2 2 2 2
left_child=1 -1 6 4 -4 15 8 9 -3 -8 11 -5 -13 21 -2 22 -17 19 20 -18 -19 -12 24 -24 25 -6 -27 -14 -29 -30
right_child=14 2 3 10 5 -7 7 -9 -10 -11 13 12 27 -15 -16 16 17 18 -20 -21 -22 -23 23 -25 -26 26 -28 28 29 -31
leaf_value=0.036165490154734546 0.0010165396541553008 0.030097324982122843 0.035752010305550572 -0.028694767309919114 -0.018688091365396804 0.040051783805890404 -0.019951556126006006 0.0041336478910186008 -0.014145567822176255 -0.06347781416561496 -0.019857946455117494 0.031540532073208109 0.015302324165591009 -0.037446031979955628 -0.039296309294415216 0.018397227508556067 -0.057350193907412229 -0.010937193832314746 -0.024270728984708018 -0.0023152370611886444 0.040231898671692967 0.017473324511482886 0.029092881577570597 -0.02358521852532397 0.045907065359686514 0.044750218127100984 0.0056738997619458151 0.024588548612421768 0.017638331686012178 -0.019035733876664435
leaf_weight=13.622176632285116 10.232127815485002 12.743567258119585 20.366591155529022 11.270794719457625 9.4888173043727893 10.635263115167616 18.679624915122989 17.457016915082932 18.217847317457199 10.494419917464255 15.604732841253282 12.886889666318892 26.180010214447975 15.764050692319868 15.023011282086371 18.687116712331772 13.25946317613125 10.522363796830179 12.830911338329313 9.7447039783000928 16.719588667154312 10.333854019641874 9.8451138883829135 13.940428689122198 13.425053313374518 9.6935517638921755 9.6176619231700879 12.990302860736845 11.186748027801512 42.821674019098282
leaf_count=58 57 53 85 48 40 44 79 78 77 50 68 54 111 70 79 78 58 44 54 41 70 45 41 60 55 40 40 54 46 180
internal_value=0.000844253 0.00224571 0.00113341 0.0038828 0.0103259 0.00705693 -0.0108367 -0.0207306 0.00406459 -0.0356087 -0.00335996 0.00157877 0.00479572 -0.0172558 -0.0229635 0.00468231 -0.00236097 -0.00851077 0.00614281 -0.0340371 0.0204675 -0.00498528 0.0134065 -0.00178114 0.0219617 0.0107997 0.0252888 0.00109683 -0.00445402 -0.0114394
internal_weight=454.285 429.03 415.408 337.816 178.777 158.41 77.5925 46.6311 30.9614 29.174 159.039 117.336 106.066 41.7026 25.2551 147.775 81.7641 63.077 40.0729 23.0042 27.242 25.9386 66.0106 23.7855 42.2251 28.8 19.3112 93.1787 66.9987 54.0084
internal_count=1957 1821 1763 1426 750 665 337 207 130 129 676 493 445 183 136 621 345 267 168 99 114 113 276 101 175 120 80 391 280 226
is_linear=0
shrinkage=0.05


Tree=30
num_leaves=31
num_cat=0
split_feature=1 14 14 1 19 6 12 14 19 19 2 19 4 4 7 3 11 6 6 6 14 11 13 7 7 4 12 14 1 3
split_gain=5.37937 4.29285 9.23685 6.83235 5.03804 5.3245 4.83483 4.29888 5.60023 5.99261 7.2475 8.89703 6.97622 8.73244 4.99368 4.1591 5.87393 3.76818 5.11809 6.21194 6.94769 4.65528 3.80338 3.72317 5.15242 4.22314 7.31728 5.60111 3.66983 3.47151
threshold=-0.044764999999999992 0.022194500000000002 0.021013500000000001 0.039264000000000007 4.942819000000001 0.039052500000000011 0.017071000000000006 0.068146500000000013 5.7515980000000004 1.9056530000000003 0.12815000000000001 1.3747805000000002 -1.0000000180025095e-35 0.10917500000000001 0.88900150000000011 0.084889000000000006 0.9240385000000001 0.028643000000000005 0.034165000000000008 0.041264000000000009 0.014167000000000001 0.18397400000000003 0.0065335000000000011 0.96678950000000008 0.86077450000000011 0.065592500000000012 0.11519050000000002 0.029454000000000004 0.056073500000000005 0.026817000000000004
decision_type=2 2 2 2 2 2 2 2 2 2 2 2 2 2 2 2 2 2 2 2 2 2 2 2 2 2 2 2 2 2
left_child=-1 2 15 4 5 -3 -4 8 9 10 11 12 -5 -14 -11 16 17 -2 21 29 -21 -19 -22 24 25 -7 27 -27 -13 -20
right_child=1 3 6 7 -6 23 -8 -9 -10 14 -12 28 13 -15 -16 -17 -18 18 19 20 22 -23 -24 -25 -26 26 -28 -29 -30 -31
leaf_value=0.049571668748919301 0.027288237834847552 -0.02980616760881279 0.06330422263499999 0.014260818311868519 -0.041148872062445052 -0.017949830296882598 0.016892487558148952 -0.024142770629970327 0.033915157275672042 -0.024510840527863887 0.047779555517132671 0.0072188405878018018 -0.061846918162470468 0.0015266035371004441 0.0075122473355169559 -0.030126946873173972 0.036510024479605829 -0.050556108252387814 0.039142055086065816 -0.034825801802966301 0.02175654975866512 -0.0042482241466799435 -0.0061217016994023028 -0.031724657721776767 0.03499340041499522 0.00088531797301204045 -0.026380644098311996 0.052781800830208496 0.047162881490764919 0.00259344813989724
leaf_weight=5.666632428765296 12.401083663105963 23.251877769827843 9.5573359280824679 16.767214238643639 13.625875443220137 28.520636662840843 13.590780422091482 12.848399356007574 15.998237073421476 28.667943939566612 11.621499150991438 10.456778436899187 10.373655647039422 11.41956080496311 21.159552857279778 9.36532114446163 12.854515939950941 9.1713678389787692 15.514195352792742 14.879566088318823 19.007969215512276 13.29399301111698 34.331117913126945 9.6201103925704938 9.8345493972301465 10.909450009465223 10.017123535275458 9.9331754744052869 12.775378435850142 11.178346112370489
leaf_count=26 53 103 40 72 66 123 57 69 66 121 49 44 44 48 88 40 53 40 65 68 81 57 143 49 42 46 43 43 54 47
internal_value=0.00116414 0.000544865 0.00663145 -0.00343585 -0.0125919 -0.00878026 0.0360548 0.00353029 0.00608383 0.00247099 0.0115543 0.00474132 -0.00998514 -0.0286394 -0.010912 0.00215048 0.00426984 0.00107644 -0.0016929 0.00338672 -0.00461472 -0.0231532 0.00381302 -0.0025788 0.00147215 -0.00407962 0.00873925 0.0256181 0.0291841 0.0238362
internal_weight=448.613 442.947 175.146 267.801 115.713 102.087 23.1481 152.088 139.24 123.242 73.4141 61.7926 38.5604 21.7932 49.8275 151.997 142.632 129.778 117.377 94.9112 68.2187 22.4654 53.3391 78.835 69.2149 59.3804 30.8597 20.8426 23.2322 26.6925
internal_count=1940 1914 744 1170 515 449 97 655 586 520 311 262 164 92 209 647 607 554 501 404 292 97 224 346 297 255 132 89 98 112
is_linear=0
shrinkage=0.05


Tree=31
num_leaves=31
num_cat=0
split_feature=6 5 9 9 0 8 9 12 11 12 4 14 14 11 6 15 11 11 8 11 11 8 7 0 6 4 5 9 12 0
split_gain=4.05219 8.4264 6.07808 8.63916 7.38421 5.14989 4.83273 6.71609 5.53914 5.32017 5.07301 6.42538 4.78383 5.57539 7.84311 8.49397 7.34447 5.16016 4.98585 4.67196 4.42198 4.14838 3.3731 3.34712 3.24998 4.35113 7.66208 5.6822 5.91433 6.53478
threshold=0.035345000000000008 0.040267000000000004 0.16705350000000002 0.035932500000000013 2.2939155000000002 35.413826500000006 0.22459950000000004 -0.016898999999999994 0.57321450000000007 0.017071000000000006 -0.020725999999999998 0.025119500000000006 0.023080000000000003 0.90399400000000008 0.04207700000000001 1.5000000000000002 0.31871100000000002 0.71047750000000021 54.546780000000005 0.53576000000000013 0.54772750000000014 45.657622500000009 0.70904800000000012 2.7860245000000003 0.053153000000000013 0.17722050000000003 0.060308500000000008 0.094817500000000013 0.12047200000000001 6.266899500000001
decision_type=2 2 2 2 2 2 2 2 2 2 2 2 2 2 2 2 2 2 2 2 2 2 2 2 2 2 2 2 2 2
left_child=2 5 3 4 -1 -2 10 20 9 -9 11 -3 13 14 18 23 -17 -14 -7 -18 -8 -4 -5 -16 -12 26 -26 28 -27 -30
right_child=1 6 21 22 -6 12 7 8 -10 -11 24 -13 17 -15 15 16 19 -19 -20 -21 -22 -23 -24 -25 25 27 -28 -29 29 -31
leaf_value=-0.022617182865053938 0.044543476856946609 0.052344810409571743 -0.010515366990227556 -0.015188033725988384 0.037438256687341707 0.048452763417824812 -0.019459130923109112 -0.036451356992088159 -0.048054883740572027 0.016707794558615614 -0.01661026540800736 0.003235099207890869 0.038190246284362406 0.039398087254116761 -0.051358980043517237 -0.016311653682033814 0.053044807312756938 0.0027975345778676747 0.0025601172313415373 0.0034816451383671587 0.025252413346483107 0.034371653870630486 -0.05120745345024489 -0.015899821655307046 0.0025225651500571148 0.052272652087663823 -0.041715008068007133 -0.024469889794152811 -0.0087266920780029438 0.03657224794180574
leaf_weight=10.952209681272508 11.877927511930464 10.509198412299158 9.6782642900943774 10.540918752551081 9.6093395650386793 11.471971631050112 9.4351075440645236 9.1244767308235186 17.571645066142082 9.7208883315324766 29.469532638788223 18.186754465103149 25.997138872742653 10.091194808483122 10.785499885678293 17.500951394438744 9.6288541704416293 17.054540783166885 12.224959343671797 9.3927979618310911 13.360433876514433 10.99465064704418 16.953807711601257 17.378111764788628 42.472464621067047 10.605583325028418 12.719601854681967 8.7007725834846479 19.917788028717041 13.262933805584906
leaf_count=47 51 44 41 47 40 48 43 47 89 44 130 77 108 42 45 73 40 71 51 40 59 47 75 72 177 45 60 43 86 57
internal_value=0.00185586 0.00388414 -0.00931299 -0.0190653 0.00544943 0.0129208 -0.00227546 -0.0145375 -0.0278603 -0.0090306 0.00210255 0.0212203 0.0102668 0.00418863 0.000168568 -0.00884651 0.00706394 0.0241697 0.0247773 0.0285708 0.00674624 0.0133573 -0.0373983 -0.0294792 -0.00189751 0.00212906 -0.00767246 0.0124357 0.0197692 0.00938011
internal_weight=447.19 378.461 68.7292 48.0563 20.5615 153.404 225.057 59.2126 36.417 18.8454 165.845 28.696 141.526 98.4743 88.3831 64.6862 36.5226 43.0517 23.6969 19.0217 22.7955 20.6729 27.4947 28.1636 137.149 107.679 55.1921 52.4871 43.7863 33.1807
internal_count=1939 1642 297 209 87 641 1001 282 180 91 719 121 590 411 369 270 153 179 99 80 102 88 122 117 598 468 237 231 188 143
is_linear=0
shrinkage=0.05


Tree=32
num_leaves=31
num_cat=0
split_feature=5 3 3 5 3 3 1 13 9 5 12 5 1 3 3 7 0 13 13 1 11 1 1 4 8 8 19 13 18 19
split_gain=7.22958 4.26879 3.93752 3.74292 3.82534 3.34849 3.16829 4.33106 3.0877 4.63271 5.14226 5.04725 3.63512 4.55272 7.43902 4.13668 4.08619 3.34871 3.31344 3.21872 3.41267 2.91398 5.64929 4.1917 3.47227 5.34515 4.77504 4.32932 4.04594 5.56877
threshold=0.080603500000000008 -0.082649999999999987 0.0046840000000000007 0.019045500000000003 -0.057367499999999995 -0.045356999999999995 0.14538000000000004 0.3248640000000001 0.11041350000000001 0.047925500000000003 -0.028238499999999996 0.051150500000000008 0.031106500000000006 0.025412500000000005 -0.0063599999999999993 0.85522050000000005 2.0306335000000004 0.011566500000000002 0.0092030000000000011 0.053518500000000004 0.52306350000000013 -0.0076629999999999988 0.0010855000000000003 -1.0000000180025095e-35 65.302375000000012 71.148065500000016 3.1527575000000003 0.12364350000000002 0.50000000000000011 1.7227885000000003
decision_type=2 2 2 2 2 2 2 2 2 2 2 2 2 2 2 2 2 2 2 2 2 2 2 2 2 2 2 2 2 2
left_child=1 -1 -2 -3 -5 -6 7 8 21 10 -10 -11 13 14 -12 17 -16 -14 -17 20 -13 -7 -23 -24 26 27 28 -26 -25 -30
right_child=2 3 -4 4 5 6 -8 -9 9 11 12 19 15 -15 16 18 -18 -19 -20 -21 -22 22 23 24 25 -27 -28 -29 29 -31
leaf_value=0.035028123000780662 -0.0055980107048797297 -0.031568825106689659 -0.043923689789349914 -0.028031682519271441 0.029626229960449713 0.033757966898783701 0.026640645324897919 -0.030385706689380339 0.037806678067912304 -0.048310779597268365 -0.0391904025273178 -0.0013704030862282022 0.00059784802115234788 -0.029595489052309288 0.037378704765248828 0.01183038041311339 -0.0075719860482706186 0.037643209639192099 -0.022858714131371888 0.0093941300024263374 -0.036844447324914271 -0.026757538110052964 0.022555150022962659 0.022494491906954794 0.042967815299673154 -0.00063728932841174168 -0.032841256582016892 0.0051189231545756067 -0.021989110086214469 0.015985349406090282
leaf_weight=8.5656903684139234 12.249025747179987 9.5515958517789823 14.797828018665312 11.746973887085913 9.9049280136823636 8.1546340733766538 11.000716075301169 11.807807594537733 8.7580240219831449 10.336550086736677 8.1782854497432727 13.227332159876825 10.653766080737116 20.874782294034958 11.2815328091383 13.176820054650308 9.1613586246967298 14.2727764993906 14.414143949747084 14.863280817866324 13.908700853586195 14.520235702395437 30.518567159771919 15.163494721055029 16.667412564158443 51.159706592559814 13.351684629917143 13.819862082600592 25.689914748072624 15.466428413987158
leaf_count=36 67 41 89 50 42 34 46 50 38 47 36 58 45 92 48 55 44 59 60 64 63 66 129 63 69 213 56 59 108 64
internal_value=-0.00149244 8.4004e-05 -0.0265667 -0.000625907 9.13194e-05 0.000916533 0.000188185 -0.00057875 0.000378639 -0.00475247 0.00103964 -0.0170117 -0.00211688 -0.0118392 0.00111138 0.00704604 0.0172343 0.0218098 -0.00629199 -0.00930867 -0.0195528 0.00447092 0.00325465 0.00565121 0.00224195 0.00923857 -0.00595728 0.0258109 0.00041607 -0.00771842
internal_weight=457.244 430.197 27.0469 421.631 412.08 400.333 390.428 379.427 367.619 163.107 110.771 52.3359 102.013 49.496 28.6212 52.5175 20.4429 24.9265 27.591 41.9993 27.136 204.512 196.357 181.837 151.319 81.647 69.6715 30.4873 56.3198 41.1563
internal_count=1991 1835 156 1799 1758 1708 1666 1620 1570 709 477 232 439 220 128 219 92 104 115 185 121 861 827 761 632 341 291 128 235 172
is_linear=0
shrinkage=0.05


Tree=33
num_leaves=31
num_cat=0
split_feature=8 6 1 3 6 3 1 6 0 6 19 0 1 9 18 2 14 13 9 8 13 8 8 7 19 14 14 0 2 4
split_gain=5.02171 5.70806 5.51748 5.98925 6.90433 5.77602 4.75297 8.17881 4.19577 7.56181 6.52071 5.37091 7.70059 7.27795 5.11294 8.15292 6.55572 5.67904 4.40889 4.35379 3.97794 4.05607 5.84576 3.65338 3.52272 3.25084 9.283 6.39239 3.76899 3.12852
threshold=30.023847500000006 0.056936500000000008 0.14538000000000004 0.092288500000000009 0.14964700000000003 0.098764500000000019 0.067518000000000009 0.10651300000000001 2.3836335000000006 0.035345000000000008 1.2069470000000002 1.4379750000000002 0.026007500000000003 0.13144900000000001 0.3000000000000001 0.016359000000000002 0.030051000000000005 0.087035500000000016 0.16705350000000002 48.052600500000004 -0.037813499999999993 42.729275500000007 49.829796000000009 0.80862050000000008 1.5588140000000001 0.040862000000000002 0.031732000000000003 3.1335215000000005 0.12815000000000001 0.021349000000000003
decision_type=2 2 2 2 2 2 2 2 2 2 2 2 2 2 2 2 2 2 2 2 2 2 2 2 2 2 2 2 2 2
left_child=1 -1 3 6 5 -5 8 -8 9 18 -10 12 -11 23 -12 -16 17 -17 19 -2 -15 -22 -23 24 -13 26 27 -7 -28 -25
right_child=2 -3 -4 4 -6 25 7 -9 10 11 14 13 -14 20 15 16 -18 -19 -20 -21 21 22 -24 29 -26 -27 28 -29 -30 -31
leaf_value=-0.0019250762895979458 -0.051594600291080497 0.049989354119148517 0.030019948111899276 -0.044161171059317883 -0.045287331591834984 0.012617411106176044 0.040580230605987012 -0.015826799572505341 -0.046363155504001691 0.018368504173439888 -0.030772683543997849 0.0035251556198473387 -0.038497077878869607 0.030800730462129 0.023936292890590502 -0.0093272453875793571 -0.045771847586824489 0.025938311883302478 0.011071674049660925 -0.0094871772018825119 -0.034475769097032642 0.037483975782048366 -0.013024513929211176 0.06741402054210642 0.041161324383715822 -0.020668283566161724 0.01015114355072891 -0.029229573407227268 0.050375046964604278 0.029186664930683476
leaf_weight=10.401310458779337 9.7292000800371188 10.784986585378645 14.385807186365126 9.3300741016864759 13.475876271724699 15.277115792036055 18.878311812877659 9.7429086863994581 9.5152432024478895 12.344987392425539 15.008531987667082 15.660049453377725 11.498655587434767 9.851391986012457 27.428659498691559 57.405115351080894 9.8739503324031812 14.249815225601195 12.455019697546957 16.635503172874451 8.810629874467848 8.9026229530572909 16.068149536848068 9.6810359358787554 10.31110295653343 19.042477756738663 13.517919436097147 22.664954796433449 10.231526806950567 11.969570904970167
leaf_count=44 43 49 65 41 67 64 81 45 43 54 73 65 48 42 119 244 46 60 53 72 38 38 72 41 43 85 57 97 42 51
internal_value=0.00073287 0.0245022 -0.000427607 -0.00147159 -0.0119083 -0.00691392 0.00194786 0.0213788 1.27887e-05 0.00563878 -0.00647457 0.012075 -0.00905506 0.017596 -0.00341284 0.000355882 -0.00757725 -0.00231408 -0.0134442 -0.0250258 0.00284425 -0.00530846 0.00498286 0.0311121 0.0184675 -0.00260942 0.00296486 -0.0123802 0.0274801 0.04628
internal_weight=455.133 21.1863 433.946 419.56 103.54 90.0641 316.02 28.6212 287.399 153.918 133.481 115.098 23.8436 91.2546 123.966 108.958 81.5289 71.6549 38.8197 26.3647 43.6328 33.7814 24.9708 47.6218 25.9712 80.734 61.6915 37.9421 23.7494 21.6506
internal_count=1982 93 1889 1824 453 386 1371 126 1245 660 585 492 102 390 542 469 350 304 168 115 190 148 110 200 108 345 260 161 99 92
is_linear=0
shrinkage=0.05


Tree=34
num_leaves=31
num_cat=0
split_feature=14 1 1 7 7 19 10 19 15 8 0 6 0 0 13 11 8 19 18 12 1 7 7 11 11 0 3 8 3 6
split_gain=4.04719 4.88963 5.10488 5.58816 5.0832 4.47943 4.1669 4.78925 4.92661 3.24702 3.23493 5.4227 4.01407 4.27596 3.99205 2.95613 3.17156 3.05088 2.71841 2.60619 3.04813 2.57036 3.48116 5.6961 4.6943 4.31661 2.27482 3.57184 3.46188 2.68897
threshold=0.078752000000000016 -0.044764999999999992 0.028200000000000003 0.69582600000000017 0.60279850000000013 1.6173655000000002 1.0000000180025095e-35 1.628989 2.5000000000000004 83.502577500000015 9.4528325000000013 0.10017200000000001 6.7311115000000017 4.7373520000000005 0.077536000000000008 0.88147500000000012 45.004892500000004 2.1512260000000003 0.50000000000000011 0.045158500000000011 0.0090970000000000027 0.62500050000000018 0.76579100000000011 0.5870835000000002 0.98581450000000015 1.4332040000000001 0.032301500000000004 71.647188500000013 0.018470000000000004 0.070190000000000016
decision_type=2 2 2 2 2 2 2 2 2 2 2 2 2 2 2 2 2 2 2 2 2 2 2 2 2 2 2 2 2 2
left_child=1 -1 3 4 19 18 7 8 -5 10 12 -12 13 21 -15 16 -9 -18 -6 20 -3 -4 23 -23 25 -24 28 29 -27 -28
right_child=-2 2 9 6 5 -7 -8 15 -10 -11 11 -13 -14 14 -16 -17 17 -19 -20 -21 -22 22 24 -25 -26 26 27 -29 -30 -31
leaf_value=0.050232575894107345 -0.02935215230154737 -0.020370115457025554 0.02635037737876025 -0.033040978212869374 0.014262312224224243 0.030491268866742024 -0.038880240318614236 0.031983528565374827 0.0016252323409539676 0.03042933547005186 -0.044184121381495731 0.0037015535531052983 0.027826590793155182 -0.041415357700357494 -0.0003126671882506807 -0.024075756355976339 -0.023543377594182298 0.012715567067516146 -0.021641104907633837 -0.027893932106702747 0.018017241634850769 0.0092108619458778126 -0.025599283762279545 -0.031944237923916791 0.039741706690005207 0.0088058252219177027 0.025760505894638935 -0.013838689381767192 -0.025695480196529303 0.0019451096506225023
leaf_weight=4.7140538394451132 12.428046040236948 9.7600603103637713 13.426804542541502 31.535400927066803 11.758873149752619 21.551330074667931 15.335853599011896 9.856913670897482 15.183389723300932 10.913819804787634 9.5100243687629717 15.627130299806593 17.040821090340614 9.946322903037073 14.547590196132658 9.0503955483436567 9.6091231703758258 14.640558928251265 9.5569661259651166 14.088074177503584 10.998914659023283 17.414714157581329 10.740787178277968 16.255462750792503 10.342911764979361 21.122670039534569 37.555857867002487 10.304206311702726 11.087179735302923 17.318058401346207
leaf_count=21 76 44 57 139 50 93 80 42 66 46 40 66 72 42 61 40 42 64 41 64 46 74 45 71 44 91 156 43 47 73
internal_value=-0.00122218 -0.000410653 -0.000970958 -0.00728083 0.00288747 0.0144169 -0.0147916 -0.0106813 -0.0217746 0.00377598 0.00252345 -0.0144148 0.00457933 0.002495 -0.0170034 0.00132761 0.00806855 -0.00165232 -0.001835 -0.0112955 -3.09963e-05 0.00537955 0.00352884 -0.0106582 0.00756086 0.00448264 0.00780034 0.0131723 -0.00307011 0.0182444
internal_weight=443.222 430.794 426.08 182.926 77.7142 42.8672 105.212 89.8758 46.7188 243.154 232.241 25.1372 207.103 190.063 24.4939 43.157 34.1066 24.2497 21.3158 34.847 20.759 165.569 152.142 33.6702 118.472 108.129 97.388 65.1781 32.2098 54.8739
internal_count=1936 1860 1839 811 338 184 473 393 205 1028 982 106 876 804 103 188 148 106 91 154 90 701 644 145 499 455 410 272 138 229
is_linear=0
shrinkage=0.05


Tree=35
num_leaves=31
num_cat=0
split_feature=1 5 1 6 6 6 7 2 8 11 5 14 14 5 8 6 4 1 14 0 0 11 0 4 0 0 6 6 2 8
split_gain=5.12594 6.79062 4.93901 4.98712 3.80261 5.61442 3.60073 3.43925 6.85046 5.69833 3.7816 4.85509 4.40326 6.33075 4.87388 11.2685 8.22034 5.15359 4.53994 4.20146 5.37007 4.18559 3.98153 5.33466 3.36782 5.27391 5.53315 4.53465 3.13085 2.99689
threshold=0.14538000000000004 0.10459850000000002 -0.034459999999999998 0.11850600000000001 0.095112500000000016 0.10299100000000001 0.65928700000000007 0.091874000000000011 67.17674700000002 0.83424300000000018 0.042312000000000009 0.023480500000000005 0.019549500000000004 0.037076500000000005 46.516572000000004 0.034541000000000009 0.025691000000000002 0.023634000000000002 0.017348000000000006 2.3553785000000005 2.0073370000000001 0.11258800000000001 1.6701560000000002 0.071759000000000003 4.1493380000000011 2.8841685000000008 0.053153000000000013 0.039052500000000011 0.055521500000000008 62.335948500000008
decision_type=2 2 2 2 2 2 2 2 2 2 2 2 2 2 2 2 2 2 2 2 2 2 2 2 2 2 2 2 2 2
left_child=1 2 -1 4 7 -6 -5 10 -9 -10 12 -12 13 14 15 -4 18 -17 21 20 22 -16 23 -13 25 26 27 -14 -26 -8
right_child=-2 -3 3 6 5 -7 29 8 9 -11 11 19 24 -15 16 17 -18 -19 -20 -21 -22 -23 -24 -25 28 -27 -28 -29 -30 -31
leaf_value=0.038020311451178519 0.029215835926439178 -0.038339505016506736 -0.057715106879206113 0.0017183748249775593 0.04099093247373195 -0.0042969436855773693 -0.011929669991265443 0.03236804834757287 -0.033800557979792055 0.01458953062373607 0.0091618316753318899 -0.021382973451791396 0.0014742011031484933 -0.044430160114599854 0.062031106788469993 0.029923536282058596 -0.010615629836895731 -0.021224274557431609 -0.0034030586995606178 -0.027857882784286653 0.026359552023512835 0.018055106672605303 -0.033432706433695357 0.027012029885167922 -0.026637572198745726 0.042142798428512263 -0.018460630555966997 0.037973510526251447 0.012832811161148342 -0.049570169802714809
leaf_weight=8.2948213964700681 14.273820862174032 11.990752868354319 11.199046835303308 12.737571552395819 13.871301636099817 13.507690906524656 9.9635778814554232 21.834335386753082 10.591755092144012 14.294297575950623 25.967580005526543 13.569866955280306 17.869328334927559 9.3112662583589536 9.6309014856815391 10.143009409308435 34.284837141633034 9.5730131864547712 9.9355804771184904 38.409237578511238 10.272646635770796 12.348486393690107 16.020410314202309 9.811677157878874 10.358001336455347 14.773525655269621 14.014330670237539 16.246641978621483 9.7564761787652952 11.269131883978842
leaf_count=37 65 75 51 55 59 58 44 93 45 60 117 59 76 41 40 44 145 40 42 172 44 52 69 42 44 62 59 69 41 51
internal_value=-0.000264017 -0.0012384 -0.000178837 -0.000948715 0.000702151 0.0186477 -0.0192988 -0.000700787 0.0119279 -0.00600578 -0.00264485 -0.00983805 0.00168568 -0.00504687 -0.00127084 -0.0176619 0.00638374 0.00508898 0.0246454 -0.0154393 -0.00583707 0.0373245 -0.0142312 -0.00107481 0.0103165 0.0160113 0.00799022 0.0188558 -0.00749256 -0.0319071
internal_weight=446.125 431.851 419.86 411.566 377.595 27.379 33.9703 350.216 46.7204 24.8861 303.496 114.051 189.444 106.426 97.1149 30.9151 66.1998 19.716 31.915 88.0838 49.6746 21.9794 39.402 23.3815 83.0183 62.9038 48.1303 34.116 20.1145 21.2327
internal_count=1951 1886 1811 1774 1624 117 150 1507 198 105 1309 503 806 455 414 135 279 84 134 386 214 92 170 101 351 266 204 145 85 95
is_linear=0
shrinkage=0.05


Tree=36
num_leaves=31
num_cat=0
split_feature=8 12 1 5 7 7 14 15 1 1 0 6 5 8 6 0 14 3 8 5 8 6 7 6 3 3 14 12 0 7
split_gain=4.16989 6.85205 7.09574 4.49805 4.28525 4.59704 4.20616 6.6176 10.0951 5.40482 4.48198 4.3643 6.35366 5.02444 4.42839 3.73688 3.50405 4.35946 3.47291 3.40735 3.37668 3.30141 3.22088 2.89394 2.71743 3.88141 2.69884 4.17442 5.8755 2.60736
threshold=60.6918705 0.040920000000000005 0.042276000000000008 0.030961000000000006 0.58242950000000004 0.97493700000000005 0.013794500000000003 2.5000000000000004 0.076999000000000026 0.066880500000000023 2.7262105000000001 0.035345000000000008 0.0496715 36.302623500000003 0.066709000000000018 4.0090535000000012 0.032227500000000006 0.12126750000000001 65.615048000000016 0.048072000000000011 44.065148500000006 0.044626500000000006 0.75572500000000009 0.047842000000000003 -0.017793999999999994 0.044439500000000007 0.038953500000000009 0.16055500000000003 6.169038500000001 0.82255950000000011
decision_type=2 2 2 2 2 2 2 2 2 2 2 2 2 2 2 2 2 2 2 2 2 2 2 2 2 2 2 2 2 2
left_child=6 -2 4 -4 -3 18 -1 8 11 10 23 20 13 -13 21 -12 17 -5 -6 22 -8 -15 -20 29 -14 -26 -18 -28 -29 -9
right_child=1 2 3 16 5 -7 7 9 -10 -11 15 12 24 14 -16 -17 26 -19 19 -21 -22 -23 -24 -25 25 -27 27 28 -30 -31
leaf_value=-0.022877570930417562 0.032060253866332079 -0.035293570796353972 0.042214006420631944 0.010121908732415029 0.030195308869130435 -0.032508251894097479 -0.043244131471887187 0.012080784239818608 -0.050961948149381237 0.044206582674318033 -0.031918176307454763 0.038252896778869179 0.0026158065321600509 0.01304948657934335 0.027618412518537184 0.0062216691709323542 0.035740917964881012 -0.031945985851324028 -0.0095238923222031382 -0.025284663114565537 -0.0052169837476000467 -0.013392695713815142 0.025426922718670482 0.0021376116577613976 -0.043790833431647344 -0.0056391999523410447 -0.017937004222172967 -0.005896710138034369 0.042164056403728972 0.046248866384579104
leaf_weight=25.960043907165527 22.299418330192566 12.821719035506247 10.913014397025107 14.948842421174051 9.5780772268772107 11.052412733435629 11.375374779105188 12.763305813074114 12.461882352828978 9.9955320209264737 12.146691203117372 11.830970689654349 12.730275228619574 18.348648577928543 14.155170008540152 13.627606950700281 12.485963568091391 10.472985297441481 14.258274629712107 12.211332917213438 11.991741687059401 33.097129791975021 12.25935387611389 24.064109563827515 13.872106440365316 12.834539465606211 10.405211284756659 11.970687910914423 13.565830409526823 9.9253186583518964
leaf_count=119 94 59 46 62 41 53 50 55 60 42 52 51 60 78 59 59 52 43 61 55 53 142 51 105 64 59 48 55 59 43
internal_value=0.000252556 0.00612537 0.0024404 0.0122513 -0.00908051 -0.00341846 -0.00377784 -0.00166991 -0.00783518 0.00973818 0.00498782 -0.00400278 -5.8654e-05 0.00826136 0.00285246 -0.0117526 0.00782355 -0.00720873 0.00323715 -0.00342989 -0.023729 -0.00396183 0.0066342 0.0142166 -0.0163945 -0.0254561 0.0157146 0.00875763 0.0196347 0.0270279
internal_weight=440.424 179.243 156.944 84.7625 72.1812 59.3595 261.18 235.22 152.698 82.5226 72.527 140.236 116.869 77.4319 65.6009 25.7743 73.8495 25.4218 48.307 38.729 23.3671 51.4458 26.5176 46.7527 39.4369 26.7066 48.4277 35.9417 25.5365 22.6886
internal_count=1930 779 685 365 320 261 1151 1032 676 356 314 616 513 330 279 111 319 105 208 167 103 220 112 203 183 123 214 162 114 98
is_linear=0
shrinkage=0.05


Tree=37
num_leaves=31
num_cat=0
split_feature=7 9 9 0 19 3 3 6 6 11 0 8 1 8 4 1 8 7 4 4 0 19 9 6 19 19 13 0 13 3
split_gain=4.74964 3.10617 6.73638 6.03159 6.37346 3.65889 5.78053 4.85525 4.56256 7.01375 4.86124 3.60407 7.67155 3.43815 6.04302 5.70785 4.72353 4.79106 4.81987 5.01386 3.848 3.39581 3.80011 3.49793 5.10671 3.45234 3.28629 3.11109 2.88822 6.8687
threshold=0.27231700000000009 0.038606000000000008 0.045287500000000001 1.9595280000000002 1.1782045000000003 0.075799000000000019 0.019632000000000004 0.034541000000000009 0.043491000000000009 0.64894350000000012 1.5791190000000002 45.657622500000009 0.0053065000000000013 64.874293000000009 0.053752500000000002 0.038936000000000005 67.483035500000014 0.82255950000000011 0.17874500000000001 0.30416150000000003 2.5494305000000002 1.9056530000000003 0.15642550000000002 0.048008000000000009 4.3916510000000004 4.2319050000000002 0.04812700000000001 2.9666800000000006 0.027798500000000004 0.063465500000000022
decision_type=2 2 2 2 2 2 2 2 2 2 2 2 2 2 2 2 2 2 2 2 2 2 2 2 2 2 2 2 2 2
left_child=-1 13 -3 5 -5 6 7 -4 -9 10 -10 12 -6 14 15 -2 -15 27 -19 -20 -16 28 23 -23 -25 26 -24 -18 -13 -30
right_child=1 2 3 4 11 -7 -8 8 9 -11 -12 21 -14 16 20 -17 17 18 19 -21 -22 22 25 24 -26 -27 -28 -29 29 -31
leaf_value=-0.050604914091486354 0.0010666152301879335 -0.039885462510134917 -0.027263358561524949 -0.028427510417352527 0.026721872971929128 -0.012935827836782413 0.031622155839208431 0.042604100961228138 -0.041385779997991257 0.027792562044441402 0.0088707295647317292 0.028226964490272538 -0.025949538423313961 0.045610935539084546 0.004181962792288268 0.044278889148187665 0.0078711466092587206 -0.021920381268127051 0.034665811198226142 -0.011976180338470669 -0.037365089991223378 -0.0137349687658955 -0.0093650149774073821 0.032814072042203241 -0.008442450619488567 0.010127681862827823 -0.049482392749696201 0.041184786180498603 -0.021901997184644931 0.028386235366624865
leaf_weight=4.2322154790163031 31.787689208984375 10.375934287905691 9.6626220345497114 23.719819650053978 8.9686260521411878 13.791421279311178 32.119096890091896 9.4862306714057905 9.8503282219171542 16.217672109603882 9.4068521410226804 20.385388940572739 30.163215294480324 11.284010365605353 9.4132623672485369 10.060390725731848 12.658080860972406 15.87044347822666 12.882266357541086 10.424164727330206 13.66102673858404 15.315600678324698 10.785647049546247 17.87660346925259 12.922634914517401 8.1480981856584531 9.692049026489256 15.701398596167563 13.53505812585354 13.625982552766798
leaf_count=22 138 45 43 109 40 61 138 40 43 73 41 88 134 48 40 42 53 68 56 45 60 68 49 76 59 42 47 66 60 59
internal_value=0.00211039 0.00261768 -0.000310317 0.00112709 -0.00422668 0.0109863 0.0147898 0.00489219 0.0118028 0.00356627 -0.0168362 -0.000670466 -0.0138778 0.0086481 0.000127669 0.011455 0.0156662 0.010663 -0.000667578 0.0138045 -0.0204158 0.00355587 -0.0030897 0.00579306 0.0155038 -0.0173994 -0.0283525 0.0263154 0.0140024 0.00332629
internal_weight=444.024 439.792 296.049 285.673 185.139 100.534 86.7428 54.6237 44.9611 35.4749 19.2572 161.419 39.1318 143.743 64.9224 41.8481 78.8204 67.5364 39.1769 23.3064 23.0743 122.287 74.7406 46.1148 30.7992 28.6258 20.4777 28.3595 47.5464 27.161
internal_count=1953 1931 1315 1270 831 439 378 240 197 157 84 722 174 616 280 180 336 288 169 101 100 548 341 203 135 138 96 119 207 119
is_linear=0
shrinkage=0.05


Tree=38
num_leaves=31
num_cat=0
split_feature=9 12 5 3 14 12 2 15 19 7 13 11 2 14 14 5 2 8 11 11 9 5 5 11 19 7 19 3 3 5
split_gain=3.68036 6.44293 7.02244 6.61231 5.24612 4.58034 8.48645 5.45193 7.35746 7.81649 4.84531 4.25488 3.76109 6.36223 6.85656 4.91165 4.63049 3.67865 4.0578 3.54102 4.89459 4.37323 7.37783 6.85408 3.50018 6.29174 5.12525 5.07492 6.88144 5.92434
threshold=0.13144900000000001 -0.018438999999999997 0.049115000000000013 -0.027599999999999996 0.014678500000000002 0.041596000000000008 0.044396500000000005 4.5000000000000009 1.6572935000000004 0.85683550000000008 0.056116500000000007 0.50362300000000004 0.057621000000000006 0.037085500000000007 0.029338000000000003 0.027073000000000003 0.085387500000000019 51.564121000000007 0.31142250000000005 0.64894350000000012 0.22459950000000004 0.057455500000000007 0.045209500000000007 0.27859500000000009 3.9678320000000005 0.97735850000000013 5.4929440000000005 0.18908900000000003 0.049038500000000006 0.051701000000000004
decision_type=2 2 2 2 2 2 2 2 2 2 2 2 2 2 2 2 2 2 2 2 2 2 2 2 2 2 2 2 2 2
left_child=4 2 3 -2 -1 6 7 8 17 -10 -7 -4 15 14 16 -3 -14 18 -6 21 -21 22 23 -17 27 26 -26 28 29 -12
right_child=1 12 11 -5 5 10 -8 -9 9 -11 24 -13 13 -15 -16 19 -18 -19 -20 20 -22 -23 -24 -25 25 -27 -28 -29 -30 -31
leaf_value=-0.013891327830805071 0.0035502386621064004 0.017601600303554246 -0.035968051217530841 0.05397551072195577 -0.051077993228590926 -0.033967165348531309 0.051374356627293408 0.034826101884322974 -0.0018443981735941331 0.05922805175379231 -0.029754617212001441 0.0087278639330334064 0.017574312548735198 -0.025279769406734594 0.047609543688101018 -0.030559832202785082 -0.027921885812012028 0.0092156567688198611 -0.0046004505152600636 -0.012500262140000527 -0.055546201059541334 0.020254574687568635 -0.055982121524264288 0.017124721703459894 -0.020986721660376944 -0.04356376810868634 0.02247521029565715 -0.017381263480719032 0.022279020220922385 0.021114060261099583
leaf_weight=30.022386714816093 12.472304195165636 9.9431448280811292 8.5868063122034091 13.579782888293265 9.2708011567592674 8.3118066340684873 15.306908339262007 16.820667430758476 12.23626819252968 9.1620171964168531 14.018684715032579 14.015817925333975 13.585405066609384 14.803413867950438 10.479941323399542 14.898431792855265 9.505884036421774 10.680324435234068 9.5171170830726606 12.902231842279436 13.527671776711939 8.731206148862837 10.010101675987242 15.249162778258322 11.810764744877817 9.2908470109105092 15.935292869806288 14.714277625083922 68.452923163771629 9.6732592135667783
leaf_count=132 54 43 41 59 40 35 65 71 52 40 59 63 58 75 44 64 41 45 41 60 69 41 50 67 50 45 68 66 292 44
internal_value=0.00203204 -0.0034373 0.0121413 0.0298347 0.00579117 0.00830354 0.0177527 0.0101494 0.00198931 0.0243047 0.00315121 -0.00825225 -0.0091092 0.00202689 0.0140679 -0.0154274 -0.0011549 -0.014215 -0.0275346 -0.0197877 -0.0345326 -0.0118165 -0.0187895 -0.00644018 0.00529527 -0.00795057 0.00397461 0.00988622 0.0142405 -0.00898528
internal_weight=447.516 182.291 48.6547 26.0521 265.224 235.202 82.9941 67.6872 50.8665 21.3983 152.208 22.6026 133.637 48.3746 33.5712 85.262 23.0913 29.4682 18.7879 75.3188 26.4299 48.8889 40.1577 30.1476 143.896 37.0369 27.7461 106.859 92.1449 23.6919
internal_count=1974 829 217 113 1145 1013 354 289 218 92 659 104 612 218 143 394 99 126 81 351 129 222 181 131 624 163 118 461 395 103
is_linear=0
shrinkage=0.05


Tree=39
num_leaves=31
num_cat=0
split_feature=5 5 7 0 9 14 6 13 3 0 6 8 9 9 8 5 3 0 3 9 6 5 9 7 4 12 0 9 11 3
split_gain=4.66274 4.5369 3.97561 3.94698 3.94602 3.19889 3.68609 4.28021 3.91907 3.69677 8.26268 8.62935 7.18528 9.50336 6.39079 6.22561 5.90032 6.70554 6.02778 5.37961 6.91238 5.0969 4.80838 4.71563 4.62774 4.42466 4.40382 3.69767 4.64564 3.12414
threshold=0.075155500000000014 0.022807500000000005 0.76705450000000008 2.1057610000000007 0.089167500000000025 0.012663000000000002 0.17332050000000002 0.3248640000000001 0.20992650000000004 2.3421755000000006 0.035762000000000009 74.135628000000011 0.022993000000000003 0.013028000000000001 42.402310000000007 0.039722000000000007 0.018962500000000004 3.5822065000000003 0.039347500000000007 0.17004650000000002 0.030102000000000004 0.031630500000000013 0.22099100000000002 0.86077450000000011 0.0023235000000000005 0.099061500000000011 1.4670640000000001 0.22647100000000003 0.56091100000000005 0.11812800000000001
decision_type=2 2 2 2 2 2 2 2 2 2 2 2 2 2 2 2 2 2 2 2 2 2 2 2 2 2 2 2 2 2
left_child=1 2 -1 -2 -5 -3 7 8 9 10 19 15 13 21 22 26 17 -16 -18 20 -7 -11 -14 27 -25 -20 -12 28 -17 -23
right_child=3 5 -4 4 -6 6 -8 -9 -10 12 11 -13 14 -15 16 23 18 -19 25 -21 -22 29 -24 24 -26 -27 -28 -29 -30 -31
leaf_value=0.0030508626386647054 0.0029589518861241671 0.027002628250500746 -0.03687623933894809 -0.0098408528415282054 -0.055256291798907758 -0.0052596649825177883 0.029680828581334286 -0.03413694610088007 0.028696584005110982 0.030715168945925637 0.0023477329094308856 -0.035510217362786776 -0.065017932838004236 0.049056407119389155 0.041916569856750879 -0.01451194554952067 -0.043488326850326886 -0.012985001074915299 -0.0010011472376892426 0.0080482634628738416 -0.0611392816747253 -0.001158456960130736 -0.015168916523121277 0.042953149684994418 0.0018914664402383662 -0.030314179628608863 0.037852073768271315 -0.024876661763767582 0.026084415764731674 -0.033491573180819682
leaf_weight=10.219246640801432 10.573006317019464 10.811270177364348 15.989606454968451 8.6246642619371432 10.737515248358248 11.427089065313341 9.7996948063373548 9.714975640177725 11.134899765253065 9.621682941913603 11.882989332079886 9.5899342298507673 9.4190888851881045 11.454510807991026 11.224699497222902 14.399304538965227 14.566087007522581 11.023742668330668 52.917828649282455 13.148078337311743 10.731821626424788 27.032054111361504 9.9454387873411161 12.765064358711244 14.837595641613005 17.012191787362099 32.956538319587708 15.768871307373045 13.801804780960081 10.324324935674666
leaf_count=45 54 51 69 48 68 50 42 41 47 41 50 40 42 48 49 62 63 49 229 56 49 114 43 55 63 75 142 68 58 43
internal_value=-0.00255454 -0.00117509 -0.021308 -0.0216102 -0.0350265 0.000187283 -0.000582724 -0.00139149 -0.000500355 -0.00144037 0.00408873 0.0100789 -0.00627339 0.00822068 -0.0129892 0.0138345 -0.00819514 0.0147137 -0.0142272 -0.0172889 -0.0323228 -0.00173617 -0.0394159 0.00468248 0.0208808 -0.00813226 0.028443 -0.00548617 0.00535618 -0.0100945
internal_weight=443.456 413.52 26.2089 29.9352 19.3622 387.312 376.5 366.701 356.986 345.851 161.309 126.002 184.542 58.4326 126.109 116.412 106.745 22.2484 84.4961 35.307 22.1589 46.9781 19.3645 71.5726 27.6027 69.93 44.8395 43.97 28.2011 37.3564
internal_count=1954 1784 114 170 116 1670 1619 1577 1536 1489 693 538 796 246 550 498 465 98 367 155 99 198 85 306 118 304 192 188 120 157
is_linear=0
shrinkage=0.05


Tree=40
num_leaves=31
num_cat=0
split_feature=0 1 6 5 2 5 5 4 2 12 8 0 12 8 2 13 4 11 3 11 8 0 11 2 0 3 4 3 3 18
split_gain=4.05927 5.00906 4.76499 5.70475 4.99078 3.14632 4.48931 3.08163 2.87411 3.85974 6.95973 4.24794 3.51265 3.80306 3.90149 3.60131 3.96842 7.10949 6.38365 6.60088 4.25525 3.61683 3.57224 3.43674 3.17197 5.03226 4.93987 4.79244 4.86864 3.6161
threshold=27.436998000000003 0.14538000000000004 0.128584 0.075155500000000014 0.096633000000000011 0.023457000000000002 0.024292000000000005 -0.009637999999999999 0.13607400000000003 0.10826150000000002 72.961896500000009 10.379880500000002 0.094156500000000018 73.843720500000003 0.087047000000000027 0.13452350000000005 0.065592500000000012 0.87321450000000012 0.060046000000000009 0.92573550000000016 56.693744000000002 1.3740140000000003 0.59861100000000012 0.051171500000000009 1.9595280000000002 0.031751000000000008 0.027009000000000002 0.031751000000000008 0.019632000000000004 0.3000000000000001
decision_type=2 2 2 2 2 2 2 2 2 2 2 2 2 2 2 2 2 2 2 2 2 2 2 2 2 2 2 2 2 2
left_child=1 2 5 4 -4 7 -7 -1 9 11 -11 12 13 14 15 16 18 22 19 21 23 -8 -18 -20 25 -23 27 28 29 -26
right_child=-2 -3 3 -5 -6 6 8 -9 -10 10 -12 -13 -14 -15 -16 -17 17 -19 20 -21 -22 24 -24 -25 26 -27 -28 -29 -30 -31
leaf_value=-0.039485931125823021 0.033413346193195047 0.034486865833344447 0.021419857847264186 -0.049733815688991663 -0.027253261118938082 0.045885962847071964 -0.026131526633835507 -0.0041807514143148488 0.019003176433625868 -0.044914143000756697 0.0031974974235431924 -0.029630660011718515 0.028437407217902347 -0.027847367338581109 0.022989725880212402 -0.027022751827218985 0.013979133380669096 -0.021872095230896085 0.013462112403499217 0.036342266168666065 -0.048707051272940532 0.0040040324361219392 0.046977497352823666 -0.029671236518361028 -0.021487900707484776 0.042291429627434235 -0.029480716944115554 0.027918394891475615 -0.038040699149166211 0.010861098667537934
leaf_weight=9.2562368363142031 9.0576087161898595 10.044223532080649 9.7571407854557091 10.630245581269262 11.443384259939192 5.6152351051568976 12.387656748294829 18.602368280291557 20.497412964701653 13.026297248899938 17.772152066230774 10.628713496029375 12.540274076163767 10.698398679494856 21.487042620778084 11.123836345970629 22.968237079679966 10.033049106597899 9.070366516709333 13.424019038677214 10.219086840748785 45.293100863695145 12.756777651607988 9.4080550670623762 11.941805332899092 10.588314920663832 15.626597210764883 13.859266281127928 9.259745851159094 31.234288901090622
leaf_count=42 40 47 43 68 49 24 54 79 89 59 76 47 55 47 93 51 99 45 40 58 45 197 57 40 57 44 69 60 40 136
internal_value=0.000287019 -0.000408829 -0.00124108 -0.019841 -0.00485238 0.000279661 0.00152753 -0.0159112 0.000827552 -0.000283396 -0.0171515 0.00142244 0.00254538 0.00139145 0.00254708 0.000784394 0.00208368 0.0153178 -0.0010652 0.00274995 -0.0228168 -0.000252519 0.0257623 -0.00849869 0.00207385 0.0112587 -0.00419141 0.0017696 -0.00514177 0.00191389
internal_weight=440.251 431.193 421.149 31.8308 21.2005 389.318 361.46 27.8586 355.844 335.347 30.7984 304.549 293.92 281.38 270.681 249.194 238.07 45.7581 192.312 163.615 28.6975 150.191 35.725 18.4784 137.803 55.8814 81.9217 66.2951 52.4358 43.1761
internal_count=1950 1910 1863 160 92 1703 1582 121 1558 1469 135 1334 1287 1232 1185 1092 1041 201 840 715 125 657 156 80 603 241 362 293 233 193
is_linear=0
shrinkage=0.05


Tree=41
num_leaves=31
num_cat=0
split_feature=7 5 6 9 6 0 14 6 19 19 0 9 0 6 9 14 3 5 14 19 3 7 6 12 5 0 14 14 12 2
split_gain=4.25852 3.85007 4.95481 3.93604 3.63523 3.39428 3.16102 4.55795 3.85143 2.62539 2.3004 5.98074 4.42505 5.80725 4.40174 7.90708 4.32361 4.15476 5.31242 5.82599 4.63759 4.64562 4.62178 4.62562 3.88517 3.43136 4.72654 3.35036 3.06377 2.82859
threshold=0.33827650000000004 0.068206000000000003 0.16209250000000003 0.0017515000000000002 0.074674500000000019 9.2089805000000009 0.013794500000000003 0.04385250000000001 1.4481180000000002 6.7634100000000013 1.4587600000000003 0.16705350000000002 2.1912190000000007 0.035345000000000008 0.21769450000000004 0.028905000000000004 0.018962500000000004 0.029389000000000002 0.018380500000000004 1.2069470000000002 0.12126750000000001 0.94119700000000017 0.049704000000000005 0.017667000000000006 0.037604000000000005 1.9983390000000003 0.018667500000000004 0.021521000000000002 0.068023500000000015 0.044057000000000006
decision_type=2 2 2 2 2 2 2 2 2 2 2 2 2 2 2 2 2 2 2 2 2 2 2 2 2 2 2 2 2 2
left_child=-1 2 5 -3 -5 6 7 8 -2 -7 11 24 13 16 17 27 -12 29 -19 -20 22 -22 23 -21 -8 26 -15 -16 -28 -14
right_child=1 3 -4 4 -6 9 10 -9 -10 -11 12 -13 14 25 15 -17 -18 18 19 20 21 -23 -24 -25 -26 -27 28 -29 -30 -31
leaf_value=-0.050176820604545896 -0.02377042144544601 0.018350617254814627 0.027968926548886355 0.0088766380333853128 -0.029392891469989874 -0.031438272013570578 -0.049158626335711234 -0.042159010736970773 0.021393768507917622 0.001878797357224557 -0.034417097838224324 0.014916699644488128 0.041181162815659943 0.041853245858820665 -0.013996213990997911 0.020379475467151582 0.01008117631715127 -0.030241828005898325 -0.032118465263771892 0.024094000769524192 0.0046546387784301493 -0.03916766858581848 0.02334207661973603 -0.019130485416140156 -0.0081035021988862237 0.039054972513466707 0.013879156797472128 -0.054613920422751039 -0.014399790930091021 0.0070945095573956493
leaf_weight=4.3189791887998572 9.0323686599731499 7.647530108690261 16.675764262676239 7.9232705682516089 28.619676351547241 14.527512423694136 9.4465365111827868 9.8145182579755765 9.88764740526676 9.9713804721832258 10.012162104249002 16.500240281224251 10.702568501234056 12.042515248060225 9.6382024288177544 9.2381368279457075 12.003290385007857 13.487476140260695 10.623413592576979 9.8631934672594088 16.859692350029949 9.4305785894393903 44.581639021635056 16.617137387394905 14.77644833922386 16.621885940432549 40.171626672148705 10.727800309658049 12.576423019170759 14.109832450747488
leaf_count=23 41 39 72 41 158 63 41 46 43 43 45 71 45 52 42 41 52 58 47 42 71 40 189 73 63 71 173 49 53 60
internal_value=-0.000773184 -0.000281688 0.00130342 -0.0142688 -0.0210953 0.000112129 0.00137582 -0.0145101 -0.000167504 -0.0178778 0.00280216 -0.0082997 0.00442082 0.0126277 -0.000405302 -0.0179879 -0.0101557 0.00315318 -0.000655456 0.00304024 0.00687688 -0.0110649 0.0135147 -0.00303056 -0.0241143 0.0187887 0.0135895 -0.0353916 0.00713677 0.0217974
internal_weight=438.449 434.13 389.94 44.1905 36.5429 373.264 348.765 28.7345 18.92 24.4989 320.031 40.7232 279.308 103.428 175.88 29.6041 22.0155 146.276 121.463 107.976 97.3522 26.2903 71.062 26.4803 24.223 81.4125 64.7906 20.366 52.748 24.8124
internal_count=1947 1924 1686 238 199 1614 1508 130 84 106 1378 175 1203 446 757 132 97 625 520 462 415 111 304 115 104 349 278 91 226 105
is_linear=0
shrinkage=0.05


Tree=42
num_leaves=31
num_cat=0
split_feature=14 1 14 14 2 6 7 5 2 7 7 1 1 9 9 4 3 2 4 12 5 19 1 4 4 19 2 7 6 19
split_gain=5.84585 5.30126 3.26996 8.31188 5.65985 5.61783 5.4833 4.46888 4.46415 4.10666 3.28016 4.16479 7.71206 3.00185 4.92867 4.52025 4.35278 3.73961 3.10755 5.37288 5.11298 3.63201 3.68032 2.70337 5.84459 2.54453 3.04837 2.34907 2.31176 2.18937
threshold=0.081542000000000017 -0.037804499999999991 0.022130500000000004 0.019549500000000004 0.028116000000000006 0.051715000000000004 0.99476750000000014 0.03688700000000001 0.053645500000000006 0.9957990000000001 0.66398150000000011 0.0064200000000000012 0.023966500000000005 0.12616750000000002 0.34334300000000006 0.0060300000000000006 0.11227050000000001 0.018289000000000003 0.17874500000000001 0.12047200000000001 0.059407000000000008 2.7461870000000004 0.094118000000000021 0.0069645000000000011 0.046569500000000007 2.9451770000000006 0.077812000000000006 0.79996750000000005 0.045814500000000008 1.1357590000000002
decision_type=2 2 2 2 2 2 2 2 2 2 2 2 2 2 2 2 2 2 2 2 2 2 2 2 2 2 2 2 2 2
left_child=1 -1 3 9 -5 6 7 -4 -6 10 28 -12 27 15 16 -7 17 -15 20 -20 25 -21 -23 -14 -25 26 -17 -13 -3 -9
right_child=-2 2 5 4 8 13 -8 29 -10 -11 11 12 23 14 -16 18 -18 -19 19 21 -22 22 -24 24 -26 -27 -28 -29 -30 -31
leaf_value=0.046645218077175588 -0.038165986063299365 0.0011335842983552708 0.0053468329106353442 0.043442139644886087 -0.013706591605127785 0.034216502725521757 0.013362754239781244 -0.0074400254311533746 0.026188937114046514 -0.024305015494137574 0.031776254721203809 -0.0028050690576395714 0.00026307082402364355 -0.027587694202320198 0.019248183558643227 -0.0030789108240364973 -0.042319453859117596 0.0037157926424325662 0.039962098846654789 -0.014515288926790075 -0.039932336842381275 -0.0012806824713894991 0.039999703298740676 0.055114731795690791 0.0031237073452548576 -0.014594126160655805 0.030467692936882784 -0.035009943584459427 -0.027921019198031999 -0.034837699892463256
leaf_weight=6.305645912885665 9.6735921502113325 14.857249766588213 11.816961392760275 20.29236227273941 12.371254459023477 12.880850747227667 13.595134012401102 9.1711989492177945 16.185414835810661 16.606333062052727 14.705333307385443 10.17977434396744 15.629233941435812 14.325880602002142 14.208467751741408 16.87968993186951 10.751288026571272 28.56304570287466 12.586211085319517 17.558933988213539 9.0381081104278547 12.96406725049019 9.253044441342352 10.19054761528969 11.511966452002524 15.982725009322165 11.308847442269323 12.75958503782749 12.697108641266821 35.581568658351898
leaf_count=29 67 65 51 87 53 55 63 40 69 80 63 44 66 65 62 70 50 128 53 76 43 56 40 42 48 68 48 58 54 159
internal_value=0.000273471 0.00113671 0.000460638 0.00588321 0.0232523 -0.00309116 -0.0151495 -0.0220017 0.00890549 -0.00123855 0.00249739 0.00791894 0.00209808 0.00145025 -0.0069358 0.00625372 -0.0138715 -0.00674029 0.00284197 0.0114895 -0.00566786 0.00247996 0.0159119 0.0161182 0.0275364 0.00134317 0.0103795 -0.0207184 -0.0122548 -0.0292231
internal_weight=440.431 430.758 424.452 167.986 48.849 256.466 70.1649 56.5697 28.5567 119.137 102.531 74.9764 60.2711 186.301 67.8487 118.452 53.6402 42.8889 105.572 52.3623 53.2094 39.776 22.2171 37.3317 21.7025 44.1713 28.1885 22.9394 27.5544 44.7528
internal_count=1952 1885 1856 729 209 1127 313 250 122 520 440 321 258 814 305 509 243 193 454 225 229 172 96 156 90 186 118 102 119 199
is_linear=0
shrinkage=0.05


Tree=43
num_leaves=31
num_cat=0
split_feature=0 2 12 4 0 0 8 12 3 1 14 14 14 14 8 18 5 4 12 1 8 5 7 1 1 0 5 4 14 7
split_gain=3.98395 5.12342 6.48557 4.48571 4.95185 4.01353 6.85467 4.41078 4.3088 3.51314 4.53816 3.42496 2.89094 5.11444 5.5014 4.63859 3.23542 2.88511 4.72657 5.01429 4.53482 3.57217 4.49549 3.99244 3.74054 6.35202 3.66164 4.13279 5.6573 3.05777
threshold=2.5129150000000005 0.1157055 0.12314250000000002 0.17874500000000001 1.4332040000000001 1.5791190000000002 67.17674700000002 0.032284000000000007 -0.0029064999999999998 0.17232750000000002 0.061694000000000006 0.026080500000000003 0.015884500000000003 0.027410000000000004 50.913413500000004 0.50000000000000011 0.026631500000000006 -0.10709699999999998 -0.027738499999999996 0.0058585000000000009 44.676328500000004 0.058515000000000005 0.77509700000000015 0.021353000000000004 0.034045000000000006 5.5304475000000011 0.030961000000000006 0.024840500000000005 0.024606500000000003 0.79996750000000005
decision_type=2 2 2 2 2 2 2 2 2 2 2 2 2 2 2 2 2 2 2 2 2 2 2 2 2 2 2 2 2 2
left_child=1 2 3 4 -1 8 7 12 -6 10 17 -9 16 14 -14 -15 -7 -2 -19 -20 -21 23 -23 -22 25 -25 -26 -28 -29 -30
right_child=9 -3 -4 -5 5 6 -8 11 -10 -11 -12 -13 13 15 -16 -17 -18 18 19 20 21 22 -24 24 26 -27 27 28 29 -31
leaf_value=-0.014670839323132996 -0.034501531241617804 0.034569004920833063 -0.038366134862821907 0.033405041748992954 -0.0016653941457942926 0.0069074119531805228 -0.03437258300104009 0.045037993754836247 0.039273144450973428 0.024386059640227185 -0.038237251138649231 0.0059905573743731459 0.027573041688634909 -0.034837705120345751 -0.012188179737707666 0.012727496518034731 -0.032440617206700877 0.03285827334557169 -0.029601717675929895 -0.029424225775815795 0.023968925292481118 -0.046012766656722395 0.0031848397147392761 -0.029894315225500186 0.022876024946006254 0.019365584203538382 0.022727076349694852 -0.042517903925253842 0.016745242384734613 -0.010834614208478534
leaf_weight=34.568740546703339 7.8751644790172568 13.164600521326063 9.3171582743525487 12.424461379647253 10.38227963447571 9.422502815723421 11.449261575937269 11.529827281832697 16.872675061225891 9.6324631720781309 10.690121375024317 10.948335960507391 30.701084554195404 11.650433935225012 12.13930197060108 9.1521409898996335 11.725263267755507 8.4889941811561567 19.055036023259163 14.375846534967421 19.027061581611633 9.0040029287338275 9.5876124054193479 22.307914257049564 20.924742192029953 9.2612368613481504 14.208214253187178 9.5261006057262403 16.720836997032166 25.19009967148304
leaf_count=151 36 58 43 57 46 41 51 51 73 44 70 46 135 53 52 40 54 37 94 64 84 42 44 96 88 40 60 40 70 107
internal_value=-0.000519414 0.00434479 0.00237779 0.00434507 0.00234523 0.00637491 0.00240243 0.00632758 0.0236784 -0.00515906 -0.00647514 0.0260193 0.00110727 0.00642924 0.0163063 -0.0139113 -0.0149089 -0.0048233 -0.00364096 -0.0052787 -0.00255451 -7.45433e-05 -0.0206418 0.00271316 -0.00071022 -0.0154433 0.00466242 -0.00114325 -0.00773684 0.000168678
internal_weight=441.324 215.448 202.283 192.966 180.542 145.973 118.718 107.269 27.255 225.875 216.243 22.4782 84.7907 63.643 42.8404 20.8026 21.1478 205.553 197.678 189.189 170.134 155.758 18.5916 137.166 118.139 31.5692 86.57 65.6453 51.437 41.9109
internal_count=1967 951 893 850 793 642 523 472 119 1016 972 97 375 280 187 93 95 902 866 829 735 671 86 585 501 136 365 277 217 177
is_linear=0
shrinkage=0.05


Tree=44
num_leaves=31
num_cat=0
split_feature=4 9 11 8 8 5 8 14 14 8 11 9 9 2 2 15 13 13 8 8 12 1 4 9 1 0 4 5 15 5
split_gain=2.82353 4.49363 4.81225 4.464 4.53877 3.6104 3.40655 3.40478 5.28398 4.56919 5.99205 6.20019 4.3271 4.53366 3.97846 3.39801 3.36082 3.11098 3.09776 3.71822 3.88872 4.48769 6.32153 4.39019 3.05789 2.75374 3.72602 3.3142 5.20846 4.25833
threshold=0.020100500000000004 0.19397050000000002 0.64894350000000012 60.76488100000001 56.312180000000005 0.023457000000000002 56.312180000000005 0.022130500000000004 0.019137000000000005 51.564121000000007 0.49224150000000005 0.15360550000000003 0.14580100000000004 0.015423000000000001 0.058445500000000004 2.5000000000000004 0.015685500000000005 -0.051171999999999995 58.636628000000009 61.630594500000008 0.043736500000000005 0.041643500000000007 0.086101000000000025 0.038606000000000008 0.021886500000000003 8.4271175000000031 0.18385750000000003 0.035807500000000006 2.5000000000000004 0.052778500000000013
decision_type=2 2 2 2 2 2 2 2 2 2 2 2 2 2 2 2 2 2 2 2 2 2 2 2 2 2 2 2 2 2
left_child=3 5 -3 4 7 -2 15 8 12 10 11 -9 16 -14 17 -7 -1 -12 -8 -20 -21 22 -22 -24 -25 27 -27 -23 29 -29
right_child=1 2 -4 -5 -6 6 18 9 -10 -11 14 -13 13 -15 -16 -17 -18 -19 19 20 21 25 23 24 -26 26 -28 28 -30 -31
leaf_value=-0.018991785361869469 -0.028370194057854532 -0.0036396428774286616 -0.044749241860259172 0.035144180309024921 -0.022771001738461236 -0.030127348981543258 0.030321601558458939 0.003134785841575147 0.029919611888715832 0.028303560548675451 0.013299926924249694 -0.040598887607993871 0.036394612799188063 -0.0037308300379784542 0.030231084147921618 0.0032800515000596486 0.016721504478960678 -0.020435523928428685 -0.020004235089395125 0.033078034792653421 0.022100699795491847 0.04225196105651962 -0.0047845449632732311 -0.015291269724138813 -0.056717947347143229 -0.028555892697089219 0.015767210152647291 0.002275329588607866 -0.015726000603014618 0.042017767514718793
leaf_weight=23.53070467710495 11.715279474854468 15.498187601566316 13.166365802288054 10.955333121120928 16.457943096756935 16.900162801146511 9.7902892976999265 13.803131118416784 27.145795255899429 10.502303227782248 13.11041985452175 19.629180558025837 15.122045837342741 13.170996904373167 12.01024156808853 13.84916368126869 9.1488510072231275 14.274325735867025 18.062113173305988 10.695409953594206 13.024844378232954 9.9605122804641706 27.11578443646431 8.6108334660530108 9.2286643385887128 9.2884592115879077 9.6862879395484907 13.166838109493257 13.183427199721335 13.809068873524664
leaf_count=104 50 71 75 48 73 75 43 61 118 46 57 93 69 56 52 61 40 65 79 46 58 43 120 41 43 40 42 55 59 63
internal_value=-0.000273276 -0.00396258 -0.0225223 0.00411898 0.00231014 -0.00140593 0.000202726 0.00471777 0.0115697 -0.00252796 -0.00697412 -0.0225427 0.00340013 0.0177154 0.00623803 -0.015081 -0.00899362 -0.00428471 0.00304029 0.00132632 0.00412283 0.00168577 -0.00857156 -0.0174582 -0.036722 0.0102931 -0.0059297 0.0164349 0.0100316 0.0226196
internal_weight=435.613 236.752 28.6646 198.861 187.906 208.087 196.372 171.448 88.1184 83.3296 72.8273 33.4323 60.9726 28.293 39.395 30.7493 32.6796 27.3847 165.623 155.832 137.77 127.075 57.9801 44.9553 17.8395 69.0946 18.9747 50.1198 40.1593 26.9759
internal_count=1946 1064 146 882 834 918 868 761 387 374 328 154 269 125 174 136 144 122 732 689 610 564 262 204 84 302 82 220 177 118
is_linear=0
shrinkage=0.05


Tree=45
num_leaves=31
num_cat=0
split_feature=1 1 5 1 5 7 9 14 2 11 5 4 8 14 2 14 14 1 1 7 3 14 9 12 12 8 8 12 1 7
split_gain=3.93797 4.58643 3.34968 6.07577 4.61939 4.31888 4.64915 3.93207 5.03905 4.34492 4.98 5.03528 5.03416 4.10464 4.40291 3.90652 5.54524 3.48126 4.06121 4.06737 3.93154 3.47402 3.38234 3.34167 8.53085 7.86055 5.16928 4.15332 4.43114 4.1048
threshold=-0.037804499999999991 -0.025219499999999995 0.042312000000000009 0.091187000000000018 0.04290950000000001 0.9052110000000001 0.016388500000000004 0.019861000000000004 0.068569500000000019 0.64894350000000012 0.036554500000000011 -0.0043559999999999996 59.073013500000009 0.024082500000000003 0.06734950000000002 0.022130500000000004 0.026753000000000002 -0.0042514999999999992 0.023966500000000005 0.97014250000000013 0.034684000000000013 0.017483000000000002 0.21124150000000003 0.063461500000000018 0.033871000000000005 69.583681500000026 73.665839500000018 0.0071330000000000013 0.019376000000000001 0.80632700000000013
decision_type=2 2 2 2 2 2 2 2 2 2 2 2 2 2 2 2 2 2 2 2 2 2 2 2 2 2 2 2 2 2
left_child=-1 -2 7 4 -4 -5 -7 8 17 10 11 -9 -13 -11 -15 21 22 -3 -19 20 -20 -6 -17 24 27 29 -27 28 -18 -25
right_child=1 2 3 5 15 6 -8 9 -10 13 -12 12 -14 14 -16 16 23 18 19 -21 -22 -23 -24 25 -26 26 -28 -29 -30 -31
leaf_value=0.038104225396249324 -0.04268180969654084 0.031791419278297185 -0.047799361204909192 -0.0052714189022068682 -0.012467189859152867 0.0069038964239810478 0.054733232062792181 0.039305742846793036 -0.035484126080288461 0.016302582433885462 0.038808628334191131 -0.029625827891675473 0.015312632193552245 -0.035573253141905063 0.0049097417925130712 -0.014075237689384368 0.028566310623431918 -0.011822259724693451 0.0023335939033972716 -0.017940883760819031 0.036718875095329256 0.030492890719611754 -0.052904068275708052 -0.012128338564239002 0.034465886825432522 0.033359576046407109 -0.01093367909586089 -0.026711690527761178 -0.0097673755110120313 -0.052022045075147516
leaf_weight=6.856422893702983 6.2289958521723738 8.6859638243913633 6.9462245404720298 15.280599661171435 7.5043243840336826 10.566859528422357 9.7859460338950139 9.9782536774873716 10.121159434318541 23.122770816087723 23.178534775972366 10.309742197394373 15.756640061736105 11.673873513936998 15.815650627017019 12.290493160486223 11.318317651748655 45.545720160007477 18.311757639050484 10.328709334135054 15.224454104900358 12.61945268511772 10.31605366617441 11.760685063898565 16.03399208933115 9.7958570495247859 20.10957108438015 17.950422063469887 22.574762396514416 14.273824684321879
leaf_count=33 28 38 31 72 41 46 46 44 43 101 99 44 68 51 68 54 52 203 77 44 64 54 49 57 71 45 95 83 103 69
internal_value=0.00050758 -8.71891e-05 0.000533911 -0.00398716 -0.00784951 0.0148181 0.029901 0.00486992 -0.00189436 0.0115346 0.0207279 0.00910104 -0.00246137 0.000777163 -0.012282 -0.00618332 -0.00902218 0.00157127 -0.00136452 0.00949394 0.0179435 0.0144727 -0.031794 -0.00486451 0.00259241 -0.0139127 0.00357507 -0.00726532 0.00303385 -0.0340007
internal_weight=440.266 433.41 427.181 209.127 173.494 35.6334 20.3528 218.053 108.218 109.835 59.2232 36.0446 26.0664 50.6123 27.4895 166.548 146.424 98.0966 89.4106 43.8649 33.5362 20.1238 22.6065 123.817 67.8775 55.9399 29.9054 51.8435 33.8931 26.0345
internal_count=1973 1940 1912 968 804 164 92 944 469 475 255 156 112 220 119 773 678 426 388 185 141 95 103 575 309 266 140 238 155 126
is_linear=0
shrinkage=0.05


Tree=46
num_leaves=31
num_cat=0
split_feature=7 1 7 12 1 6 14 11 12 14 9 7 14 14 0 12 14 9 0 1 9 18 9 1 11 8 0 9 11 1
split_gain=2.709 4.17909 4.15141 3.25414 3.7403 4.62031 3.24291 2.66774 9.17843 3.2316 3.17313 3.29349 2.40045 5.12937 4.12108 5.24564 4.08662 3.61785 5.67183 4.24239 5.17043 3.44921 4.35643 3.29076 3.10297 2.88206 2.75563 2.74563 5.96086 4.68826
threshold=0.61685250000000014 0.037388000000000012 0.63363900000000017 -0.022250499999999996 0.0026915000000000007 0.045154000000000007 0.032227500000000006 0.98581450000000015 0.043293500000000006 0.073628500000000013 0.038606000000000008 0.91494700000000007 0.032040000000000006 0.028017000000000004 1.4332040000000001 -0.0025154999999999995 0.033328500000000004 0.22459950000000004 2.2468145000000006 0.046903000000000007 0.19216100000000003 0.50000000000000011 0.20237250000000004 0.055146500000000008 0.6740385000000001 71.531120500000014 2.6129670000000007 0.081598500000000018 0.61270150000000012 0.029995500000000005
decision_type=2 2 2 2 2 2 2 2 2 2 2 2 2 2 2 2 2 2 2 2 2 2 2 2 2 2 2 2 2 2
left_child=1 3 -2 -1 -5 -6 -3 9 -9 12 11 -10 13 14 15 -4 -14 19 -19 20 27 26 25 -21 -15 -23 -18 28 -16 -29
right_child=2 6 7 4 5 -7 -8 8 10 -11 -12 -13 16 24 17 -17 21 18 -20 23 -22 22 -24 -25 -26 -27 -28 29 -30 -31
leaf_value=0.005881545405676477 0.029321332205887493 -0.010301908989055848 0.0038974530918318459 -0.052211585310082013 0.0054788358701916874 -0.033195844642465937 0.030465189445761022 0.045892638259513702 0.027155381362863457 -0.031339184490696941 -0.024299253112830214 -0.013725183976654795 0.039596603858474862 -0.01191336324135004 0.013958054245415203 -0.048535278915391999 -0.028558522555582423 0.0081035659780755668 -0.03343156155132878 0.040945161362479741 0.035276291007162362 -0.0069698032263599032 0.04144497334795548 0.0076848287432402396 -0.047471988119453815 0.024082777945271989 0.0048584541810707763 -0.027205114971732933 -0.021129959949867567 0.0059446069741222792
leaf_weight=11.601011425256727 12.145569398999212 9.9582502096891421 9.2866624295711535 9.1837178617715818 13.960651166737081 17.282508514821529 9.5624027550220472 13.262792244553564 10.799151003360754 9.1475796326994878 11.723482966423033 9.0602143034338933 8.2924735695123655 17.820376470685009 42.748889341950417 9.8082549124956113 12.843135103583338 15.784596234560011 17.148937694728374 12.599095091223719 9.6881901323795301 23.886301264166832 9.1951897442340833 18.149893343448639 9.3564053103327733 10.873726069927214 11.871725231409071 24.087162464857101 16.884928017854691 19.141689211130142
leaf_count=52 53 43 40 45 63 77 46 59 46 62 55 41 35 77 183 44 59 71 82 54 42 105 41 78 42 48 56 108 74 81
internal_value=-0.00116224 -0.0100596 0.000578963 -0.0174615 -0.0241601 -0.0159145 0.00966829 -0.000408678 0.0109865 -0.00206453 -0.00367193 0.0085049 -0.0011703 -0.00380306 -0.000971354 -0.023035 0.00644121 0.00141925 -0.0135243 0.00485362 0.000356929 0.00243743 0.0108401 0.0213129 -0.0241555 0.00274415 -0.0125068 -0.00293197 0.00402311 -0.0125265
internal_weight=437.155 71.5485 365.606 52.0279 40.4269 31.2432 19.5207 353.461 44.8456 308.615 31.5828 19.8594 299.468 222.505 195.328 19.0949 76.9626 176.233 32.9335 143.3 112.551 68.6701 43.9552 30.749 27.1768 34.76 24.7149 102.863 59.6338 43.2289
internal_count=1962 326 1636 237 185 140 89 1583 201 1382 142 87 1320 976 857 84 344 773 153 620 488 309 194 132 119 153 115 446 257 189
is_linear=0
shrinkage=0.05


Tree=47
num_leaves=31
num_cat=0
split_feature=9 4 8 6 6 6 3 8 6 6 5 4 3 0 1 0 14 6 3 14 7 11 3 8 0 12 5 6 3 1
split_gain=3.6203 6.21394 4.70701 4.55987 3.93679 6.29018 4.88721 5.3156 4.91143 5.40438 4.13574 3.8349 5.80195 4.56057 4.09971 3.8114 4.38835 4.38831 3.74126 3.73669 3.45064 2.84482 5.00097 9.23866 3.26001 5.06521 4.02928 3.75737 3.30731 2.90775
threshold=0.10521000000000001 -0.022760499999999996 74.135628000000011 0.050022000000000004 0.128584 0.096303500000000014 0.0038610000000000003 35.00195750000001 0.060757000000000012 0.045485500000000005 0.037989000000000002 0.0060300000000000006 0.055321500000000003 1.7375265000000002 0.025387000000000003 3.7045115000000002 0.032040000000000006 0.042390500000000005 -0.047445999999999995 0.037931500000000007 0.69241850000000016 0.36306800000000006 0.043227000000000008 51.976562500000007 2.1284280000000004 0.068023500000000015 0.030961000000000006 0.05485750000000001 0.060046000000000009 0.10726750000000002
decision_type=2 2 2 2 2 2 2 2 2 2 2 2 2 2 2 2 2 2 2 2 2 2 2 2 2 2 2 2 2 2
left_child=1 3 4 -1 5 6 7 18 9 10 -9 12 13 -8 -15 16 17 -13 -2 -6 -7 22 23 -3 25 -23 28 -27 -26 -28
right_child=2 21 -4 -5 19 20 11 8 -10 -11 -12 15 -14 14 -16 -17 -18 -19 -20 -21 -22 24 -24 -25 26 27 29 -29 -30 -31
leaf_value=0.0063025127865421254 -0.019350489111913352 -0.022608861993802413 -0.042501214361743728 0.050475519041342481 -0.00042562593358367825 0.00049996285648736677 0.024938696805177532 -0.0084112178560592655 -0.058289618745726503 0.013413256959530166 -0.059839147007787787 0.012761953716282998 -0.033377109040607145 -0.035884929965216909 0.0031776642418506829 0.035138990423988624 0.030827629629380127 -0.034539072186384641 0.023361557594344749 -0.04805231610278593 0.043151017178598788 0.014034462997317643 -0.02180184455246616 0.028891992465872408 0.010105308054094396 -0.045939599616602073 0.0010340283763672676 -0.003719994584728617 0.052161132150803036 0.028371854766732707
leaf_weight=11.783535256981851 9.6992101669311541 15.923609569668768 8.2042102962732297 11.587034627795218 7.3641210794448879 8.1995774433016795 14.999278932809828 7.6185351908206966 10.059553287923334 9.2471282035112363 8.0292906239628774 9.9142889231443458 15.170044735074041 9.5650963783264142 22.557663962244987 13.338227346539496 9.4607222750782949 9.7015806436538679 10.875754922628401 9.3440000638365728 11.246691368520258 15.696723490953444 31.843665786087513 19.217227846384048 9.4871012419462222 9.8918441236019152 67.030506283044815 11.278196603059767 9.2159987241029722 11.377791762351988
leaf_count=52 42 71 43 52 33 39 65 35 48 41 46 44 67 45 97 60 45 43 49 55 51 69 138 81 40 44 298 49 40 50
internal_value=-0.000585759 0.00380107 -0.00539581 0.0282033 -0.00384573 -0.00168704 -0.00494605 -0.0169368 -0.0288055 -0.0168915 -0.0348002 0.00141303 -0.00648288 0.00217521 -0.00845389 0.0130093 0.00285775 -0.0106321 0.00322674 -0.0270608 0.0251671 0.000963259 -0.0074501 0.00555506 0.00516965 -0.00748878 0.00997522 -0.0234474 0.0308284 0.00500101
internal_weight=428.928 224.333 204.595 23.3706 196.391 179.683 160.236 55.5295 34.9545 24.895 15.6478 104.707 62.2921 47.122 32.1228 42.4148 29.0766 19.6159 20.575 16.7081 19.4463 200.963 66.9845 35.1408 133.978 36.8668 97.1114 21.17 18.7031 78.4083
internal_count=1932 984 948 104 905 817 727 261 170 122 81 466 274 207 142 192 132 87 91 88 90 880 290 152 590 162 428 93 80 348
is_linear=0
shrinkage=0.05


Tree=48
num_leaves=31
num_cat=0
split_feature=2 14 13 1 4 1 19 11 19 2 2 0 0 0 1 1 1 0 3 15 13 11 0 2 15 14 15 19 15 15
split_gain=2.93478 3.5716 6.62263 3.7855 6.47463 4.11704 3.0627 6.89432 4.68074 7.5408 4.14397 3.95405 4.93684 4.79921 4.83182 3.39544 5.58272 3.36936 4.95144 2.92474 2.90084 5.54924 2.84227 6.81412 6.16425 4.32892 4.0609 2.95634 2.80995 3.52835
threshold=0.25975700000000007 0.060733000000000009 0.13765150000000001 0.0021495000000000008 -0.029876499999999997 -0.0053899999999999998 1.2938240000000003 0.88819450000000011 1.1401095000000001 0.023077000000000004 1.0000000180025095e-35 7.2843695000000013 6.266899500000001 5.0798530000000008 0.0064200000000000012 0.04961200000000001 0.057894000000000008 1.9595280000000002 0.059041500000000004 2.5000000000000004 0.15964700000000001 0.51564050000000006 2.7739105000000008 -0.010840499999999998 1.0000000180025095e-35 0.025004000000000002 2.5000000000000004 1.9432795000000003 4.5000000000000009 2.5000000000000004
decision_type=2 2 2 2 2 2 2 2 2 2 2 2 2 2 2 2 2 2 2 2 2 2 2 2 2 2 2 2 2 2
left_child=1 3 -3 4 -1 -6 7 8 10 -10 -5 12 13 14 -8 22 -17 18 19 -12 21 -13 23 -16 -25 26 27 -24 29 -26
right_child=-2 2 -4 6 5 -7 11 -9 9 -11 17 20 -14 -15 15 16 -18 -19 -20 -21 -22 -23 25 24 28 -27 -28 -29 -30 -31
leaf_value=0.011894034252804499 0.027043442407145318 0.013796541984784493 -0.047052474239969937 -0.032521017691103535 -0.0059944521112448718 -0.039222895894783609 0.046548424952488315 0.03058451133714099 0.0066026644667796994 -0.049672922779610364 0.010137398465284365 0.0017550951227485732 0.042613766735146705 -0.017358648008572227 -0.030672093509865592 0.048369013745491983 0.0073155371902443563 -0.014397048738160965 -0.017704829829843196 0.045905753454211266 0.011882774112154569 -0.040707189196470969 0.038593692237206129 -0.014351724904271189 0.020963660921428779 -0.024706477548759567 -0.018625896056000884 0.00042533652992678725 0.0046032711383973196 0.055900690467855479
leaf_weight=18.948132902383804 9.5881374627351743 7.5208772793412235 11.028997562825678 9.865650609135626 17.241789609193802 20.294035322964191 8.1190340369939786 11.732641592621802 9.5819570273160952 15.71660804748535 14.137289717793466 17.715654402971271 9.8051174134016019 19.365651153028011 9.3036565482616336 11.946648031473158 26.98916482925415 18.334072828292847 9.7635878622531873 9.5934475511312467 12.403734326362608 13.601785868406294 9.7290769815445 13.879338808357721 25.612674668431282 19.342972375452518 11.366603389382361 10.601379483938215 14.321995660662649 10.067166596651075
leaf_count=84 46 47 69 43 76 108 35 52 42 71 61 75 42 86 41 51 116 83 41 41 54 61 41 62 111 87 49 46 63 44
internal_value=-0.00030704 -0.000934513 -0.0223818 6.16399e-05 -0.0119322 -0.0239597 0.00203733 -0.00539413 -0.0102465 -0.0283583 -0.00281957 0.00504207 0.00801364 0.00623411 0.00890162 0.00702827 0.0199119 0.00283417 0.0122662 0.0245972 -0.00858182 -0.0166871 0.00299014 0.00930616 0.0151286 -0.00606621 0.00530891 0.0186907 0.0233116 0.0308212
internal_weight=427.519 417.931 18.5499 399.381 56.484 37.5358 342.897 98.7253 86.9926 25.2986 61.694 244.172 200.45 190.645 171.28 163.161 38.9358 51.8284 33.4943 23.7307 43.7212 31.3174 124.225 73.1848 63.8812 51.04 31.6971 20.3305 50.0018 35.6798
internal_count=1928 1882 116 1766 268 184 1498 434 382 113 269 1064 874 832 746 711 167 226 143 102 190 136 544 321 280 223 136 87 218 155
is_linear=0
shrinkage=0.05


Tree=49
num_leaves=31
num_cat=0
split_feature=12 6 13 1 7 1 4 5 14 14 14 7 4 6 4 5 3 1 1 12 2 7 14 6 15 5 11 7 3 1
split_gain=4.63539 4.47671 4.76096 4.41322 5.12103 6.62318 3.99672 3.87995 4.50223 3.58928 4.64683 4.83101 5.0849 4.8293 5.33942 4.74938 4.51246 4.33196 4.41347 4.20661 3.8423 5.09899 3.69287 3.41357 3.37042 3.36822 3.23077 3.06163 3.03951 2.98488
threshold=-0.024371499999999997 0.034842000000000005 -0.086150499999999991 0.0021495000000000008 0.62499950000000004 -0.0015009999999999997 -0.081941999999999987 0.023457000000000002 0.012663000000000002 0.019137000000000005 0.022130500000000004 0.92365950000000019 0.023722500000000004 0.10651300000000001 0.12819250000000001 0.059730000000000005 0.19174100000000002 0.034490000000000007 0.027944500000000004 0.16939250000000003 0.013920000000000002 0.81517150000000005 0.021013500000000001 0.080323500000000006 2.5000000000000004 0.051893000000000002 0.27859500000000009 0.79996750000000005 -0.037878999999999989 0.084331500000000018
decision_type=2 2 2 2 2 2 2 2 2 2 2 2 2 2 2 2 2 2 2 2 2 2 2 2 2 2 2 2 2 2
left_child=1 -1 -3 4 -2 -6 -5 26 -9 17 22 13 -13 15 -15 20 -16 18 -10 23 -12 24 27 -14 -22 28 -8 -11 -4 -25
right_child=3 2 25 6 5 -7 7 8 9 10 11 12 19 14 16 -17 -18 -19 -20 -21 21 -23 -24 29 -26 -27 -28 -29 -30 -31
leaf_value=-0.016956684063020779 -0.052971992818247021 -0.0012542839421306644 0.026884384232355403 -0.023042280979775197 0.012217097238201382 -0.034813179889344556 0.002205314356769547 0.05553753320278746 -0.0095370830557058948 0.028607884032343441 -0.026152783898655871 0.038808930465927698 0.011105043465398914 -0.04987185510343168 0.019575033217012105 0.02703687624535361 -0.025497840104010034 -0.030751100999664417 0.029388894803458028 0.028938399077011234 0.02439339493379683 -0.01755730561324359 0.040851580091189388 -0.038131526358596263 -0.0054969084927433886 0.010492874061893108 -0.033993952800547948 -0.0040050293696697672 0.066641570451218365 0.0016380698050106769
leaf_weight=8.8883725702762586 7.6517915874719611 14.789574004709715 10.082621306180952 15.796408846974371 18.06186767667532 12.784965597093107 12.035399943590166 4.2268509566783896 27.107642158865929 12.883325546979906 14.050978824496267 15.218196429312227 22.808032013475895 10.088016942143438 9.7318897843360919 16.513613477349281 12.931619271636007 15.235541939735411 9.9563859999179822 15.030382081866263 25.136836096644402 20.30326883494854 15.096822053194044 9.154027573764326 15.094435974955557 10.363490045070646 12.634240150451658 16.302834987640381 9.1885548830032437 9.7361975759267789
leaf_count=38 38 69 47 74 82 77 52 18 121 54 63 68 100 47 48 76 62 64 42 67 109 87 65 46 67 48 56 71 42 44
internal_value=0.00163831 0.015435 0.0219159 -0.000320132 -0.0163578 -0.00727536 0.0015116 0.00271886 0.00430351 0.00356284 0.00614849 0.00284034 0.0131449 -0.00314573 -0.0196124 0.00277427 -0.00614319 -0.00830658 0.000919472 0.00626017 -0.00259759 0.00286992 0.0207755 -0.00191433 0.0131788 0.0334793 -0.0163337 0.0103909 0.0458407 -0.0176339
internal_weight=428.884 53.3126 44.4242 375.572 38.4986 30.8468 337.073 321.277 296.607 292.38 240.08 195.797 71.9468 123.851 32.7515 91.0991 22.6635 52.2996 37.064 56.7286 74.5855 60.5345 44.283 41.6983 40.2313 29.6347 24.6696 29.1862 19.2712 18.8902
internal_count=1942 244 206 1698 197 159 1501 1427 1319 1301 1074 884 325 559 157 402 110 227 163 257 326 263 190 190 176 137 108 125 89 90
is_linear=0
shrinkage=0.05


Tree=50
num_leaves=31
num_cat=0
split_feature=5 5 9 12 12 5 1 4 12 1 3 12 6 14 14 5 2 7 7 11 5 6 9 2 5 4 4 0 11 12
split_gain=3.72775 3.1938 3.20429 3.17731 2.63676 2.39055 2.60812 5.39956 5.0041 4.99814 4.31721 4.04699 3.98905 4.62528 6.06515 5.17029 6.54312 5.04324 5.72533 4.43097 4.26779 3.96251 6.60686 4.34756 3.59948 4.75838 5.24701 3.69893 3.18838 3.08006
threshold=0.080603500000000008 0.023457000000000002 0.11555600000000001 0.16055500000000003 0.020504500000000005 0.024292000000000005 0.017556000000000006 -0.081941999999999987 -0.015548999999999999 0.038173000000000006 0.056740500000000006 0.081733500000000014 0.036527500000000011 0.020607500000000004 0.022056500000000003 0.033596500000000008 0.044396500000000005 0.85068850000000007 0.80632700000000013 0.41047550000000005 0.045924500000000007 0.03938500000000001 0.089690000000000006 0.0060115000000000004 0.058515000000000005 0.068071500000000021 0.21787300000000001 3.8290545000000002 0.48360200000000003 0.0016455
decision_type=2 2 2 2 2 2 2 2 2 2 2 2 2 2 2 2 2 2 2 2 2 2 2 2 2 2 2 2 2 2
left_child=1 2 -1 4 -2 -3 10 9 -9 -8 21 -12 28 15 -15 16 -14 18 24 20 -19 23 -23 -7 25 -16 27 -27 -10 -24
right_child=3 5 -4 -5 -6 6 7 8 12 -11 11 -13 13 14 17 -17 -18 19 -20 -21 -22 22 29 -25 -26 26 -28 -29 -30 -31
leaf_value=-0.027426154667442457 -0.011899915586566499 0.032651666628628707 0.0088040840541811338 0.011021270071396933 -0.054159878747064218 -0.035264886886808441 -0.042784896776021042 0.039267905658759254 0.006485574348623767 0.0022498871877094455 -0.045794388750178938 0.00089760321698182256 0.024615289578471894 0.039551351304564886 -0.011777587639535942 -0.032660989666952543 -0.023876951699051775 0.013753084644067427 -0.039186920831995965 0.005770758989882413 0.056288673668117711 0.032504873531962457 0.0044956383531220096 0.006144867468462838 -0.016996270768299057 0.056965175338025642 -0.0085929679286330107 0.014604221528346019 0.044259836354512222 -0.029617735615694703
leaf_weight=17.454707667231563 7.6722412705421466 6.7158065140247336 9.3836913108825666 5.956638276576995 7.1131861805915833 13.285803973674776 10.804829508066179 11.599153935909269 10.936759084463121 14.334927171468733 10.892665661871435 8.0855222865939123 15.199432119727136 13.436960652470587 18.980673909187317 16.795318275690079 12.826764613389967 14.366932451725008 10.247542411088942 57.479254700243473 10.002922311425207 18.581107884645462 24.79891137778759 12.121210277080534 20.238269664347172 9.7738912254571968 10.632006227970122 10.900695756077765 11.418526962399481 9.0248415246605855
leaf_count=76 48 29 42 38 53 61 47 52 47 64 53 39 65 59 83 72 54 61 45 251 42 82 113 55 91 42 44 46 48 45
internal_value=0.000870482 0.0019159 -0.0147587 -0.0198099 -0.0322309 0.00308289 0.00255583 0.00500182 0.00718275 -0.0171056 -0.00451943 -0.0259016 0.00565271 0.00361565 0.00726634 -0.0107243 0.00242182 0.00459873 -0.00426484 0.0133458 0.0312124 0.000695639 0.00855203 -0.0155091 0.00080943 0.00797539 0.0199513 0.0346303 0.0257797 -0.00460648
internal_weight=431.061 410.319 26.8384 20.7421 14.7854 383.481 376.765 279.975 254.835 25.1398 96.7901 18.9782 243.236 220.881 176.059 44.8215 28.0262 162.622 80.7731 81.8491 24.3699 77.8119 52.4049 25.407 70.5255 50.2873 31.3066 20.6746 22.3553 33.8238
internal_count=1947 1808 118 139 101 1690 1661 1213 1102 111 448 92 1050 955 764 191 119 705 351 354 103 356 240 116 306 215 132 88 95 158
is_linear=0
shrinkage=0.05


Tree=51
num_leaves=31
num_cat=0
split_feature=3 12 12 8 7 11 1 7 7 6 1 8 19 19 3 2 2 2 8 8 3 15 1 19 3 11 3 1 0 0
split_gain=5.37721 5.29997 2.80368 4.15054 6.25621 4.43622 3.32068 6.99968 7.24887 5.15792 3.68198 3.10684 3.00598 2.86209 2.64697 2.55973 3.85172 2.42129 3.37311 5.64346 4.12089 4.37825 3.1301 6.5237 3.10355 2.68132 5.14601 3.0565 2.33791 8.67827
threshold=-0.082649999999999987 -0.063834999999999989 -0.024371499999999997 44.802597500000005 0.65928700000000007 0.32379050000000004 0.0090970000000000027 0.60279850000000013 0.88865550000000015 0.029372500000000006 0.013296000000000001 83.502577500000015 1.1584405000000002 2.4337560000000003 -0.032206999999999993 0.019950000000000006 0.042259000000000012 -0.018296499999999997 50.012095000000009 51.564121000000007 -0.0021804999999999997 4.5000000000000009 0.040593500000000012 1.9566790000000001 0.012664000000000003 0.27207800000000004 0.033339500000000008 0.041890500000000004 8.8303085000000028 6.266899500000001
decision_type=2 2 2 2 2 2 2 2 2 2 2 2 2 2 2 2 2 2 2 2 2 2 2 2 2 2 2 2 2 2
left_child=-1 -2 12 4 -4 -6 7 -5 13 -8 -11 17 -3 -9 -14 -7 -17 -12 24 -20 -21 25 -23 -24 -19 27 -27 -22 29 -28
right_child=1 2 3 6 5 15 9 8 -10 10 11 -13 14 -15 -16 16 -18 18 19 20 21 22 23 -25 -26 26 28 -29 -30 -31
leaf_value=0.034639907211607583 -0.039348136836964052 -0.0055496845553905617 -0.047906900629102363 -0.050613826948492292 -0.033290834123577619 0.022822347443992141 0.033868338995820264 0.00027147695160586435 -0.031478618147866559 -0.030865148301686719 -0.028046477409600729 0.026543287866513877 0.0089601506397516371 0.034854426792839351 0.044466141047906305 -0.03078714044849061 0.0098306540570969516 -0.0065731791115362917 -0.038947552177306527 0.036931772269394036 0.029332314321956533 -0.030162118463912403 0.02556125846025889 -0.030162951146427711 0.026979939934399611 -0.031136977337991437 0.00045902811524078219 -0.00056840991195075685 -0.012588274604925577 0.04401124137477827
leaf_weight=11.468250535428522 8.412924684584139 11.681205466389654 10.421779945492743 8.8540994971990568 10.741248890757559 11.469958379864691 13.593486845493315 14.281988620758058 12.939742296934126 8.1201261281967145 6.5160994604229918 13.647237241268156 10.882779911160467 10.295535340905188 10.139919847249987 9.4746022671461123 15.200648456811903 9.6304265186190587 8.7281021252274495 8.160190746188162 20.169464066624641 17.282942652702332 10.838920027017595 10.190144315361975 24.235300049185753 11.333986461162565 65.632138229906559 14.831599310040472 16.587159812450409 13.852167174220083
leaf_count=57 39 53 50 47 49 52 59 65 80 38 33 60 50 46 46 44 65 44 39 38 87 74 46 45 105 51 288 64 75 60
internal_value=0.000862634 -6.37556e-05 0.000742859 -0.000475278 -0.0128664 -0.00507774 0.00174577 -0.010626 -0.00118887 0.00384454 0.00227334 0.00334269 0.0147862 0.0147583 0.0260858 0.00330632 -0.00576544 0.00201228 0.00285845 0.000359747 0.00217614 0.00060678 -0.0143975 -0.00144126 0.0174384 0.00464343 0.000726856 0.016662 0.00448598 0.00804911
internal_weight=429.614 418.146 409.733 377.029 57.3082 46.8865 319.721 46.3714 37.5173 273.349 259.756 251.636 32.7039 24.5775 21.0227 36.1452 24.6753 237.989 231.473 197.607 188.879 180.719 38.312 21.0291 33.8657 142.407 107.405 35.0011 96.0715 79.4843
internal_count=1949 1892 1853 1704 260 210 1444 238 191 1206 1147 1109 149 111 96 161 109 1049 1016 867 828 790 165 91 149 625 474 151 423 348
is_linear=0
shrinkage=0.05


Tree=52
num_leaves=31
num_cat=0
split_feature=5 1 1 2 0 18 8 5 14 2 19 19 5 14 2 8 9 0 19 1 1 19 19 19 11 11 14 14 1 13
split_gain=2.58578 2.18371 2.344 4.17408 2.489 4.69409 2.19369 5.44962 5.73633 5.38208 4.9325 5.38554 4.87521 4.34979 3.8519 2.95989 2.72981 2.04256 2.95455 2.79123 2.73178 2.29059 3.30664 4.60083 2.69255 3.05324 3.51147 5.97571 2.9259 2.99076
threshold=0.11704600000000001 -0.037804499999999991 0.0010855000000000003 0.021278000000000002 1.8551440000000003 0.3000000000000001 47.139210500000011 0.025953000000000004 0.024082500000000003 -1.0000000180025095e-35 1.0487070000000001 1.4637475000000002 0.036146500000000005 0.012663000000000002 0.024608500000000002 47.928180000000005 0.19216100000000003 9.4528325000000013 9.2256325000000015 0.085317500000000004 0.12549450000000004 4.7497470000000002 3.9678320000000005 2.8554235000000001 0.26319450000000005 0.15047150000000001 0.022944000000000003 0.018667500000000004 0.084331500000000018 0.015685500000000005
decision_type=2 2 2 2 2 2 2 2 2 2 2 2 2 2 2 2 2 2 2 2 2 2 2 2 2 2 2 2 2 2
left_child=1 -1 3 4 -3 -6 7 -4 12 -10 -11 -12 14 -8 -9 -15 -14 20 19 -19 21 22 23 24 25 26 27 -17 29 -26
right_child=-2 2 6 -5 5 -7 13 8 9 10 11 -13 16 15 -16 17 -18 18 -20 -21 -22 -23 -24 -25 28 -27 -28 -29 -30 -31
leaf_value=0.028519884920154271 -0.027882504477326965 -0.018386034844774822 -0.048169555854013967 -0.039714123212019531 -0.015664920312541693 0.032111410590003733 0.035405603188116593 0.014255037431397988 -0.044892798400093602 0.021656358313599591 -0.045342257928415917 0.0067709878389286887 0.045150005877443333 0.034674892303519993 -0.024626664599343248 0.010814794004654725 0.0075953841272510458 -0.039277156568783611 0.0099207370240183834 -0.0028765724994879666 0.028964989358379791 0.022507197131447235 -0.027152113372281728 0.02248443191578655 -0.026188947023143089 0.030028120566141427 0.018920581895740755 -0.042169471875327581 -0.032202362410838195 -0.00038160678238161364
leaf_weight=6.2507632225751868 9.0112326741218549 16.388528287410736 7.2239512950181952 10.393451012670992 10.498439915478231 10.075116738677023 9.6337812393903715 12.894673958420755 11.774051509797571 11.023841083049776 10.217157125473024 9.6306518614292127 10.746813431382181 6.4349627047777167 12.588153868913649 12.356833487749102 8.8021945804357511 11.306965231895452 10.694732047617434 9.8580582886934263 9.0374665260314924 11.587237328290938 10.888017944991587 22.354284182190895 12.737175256013868 12.016166806221007 15.909368470311163 9.34672963619232 9.6375996917486173 94.637529537081718
leaf_count=30 67 74 33 53 58 45 41 58 55 50 48 43 46 29 57 53 40 51 47 42 40 53 49 99 56 53 70 40 44 414
internal_value=-0.00138344 -0.000810729 -0.00125714 -0.0117202 -0.00384857 0.00773172 0.000106561 -0.00642755 -0.00298833 -0.0161304 -0.00516084 -0.0200556 0.00945741 0.00241659 -0.00495197 0.00118859 0.0282406 0.00033475 -0.0114992 -0.0223228 0.00204456 0.000894086 -0.000358823 0.00118473 -0.00167254 0.00808653 0.00107688 -0.0120031 -0.00581171 -0.00344297
internal_weight=425.956 416.945 410.694 47.3555 36.9621 20.5736 363.338 94.9015 87.6775 42.6457 30.8717 19.8478 45.0318 268.437 25.4828 258.803 19.549 252.368 31.8598 21.165 220.508 211.471 199.884 188.996 166.641 49.6291 37.6129 21.7036 117.012 107.375
internal_count=1938 1871 1841 230 177 103 1611 430 397 196 141 91 201 1181 115 1140 86 1111 140 93 971 931 878 829 730 216 163 93 514 470
is_linear=0
shrinkage=0.05


Tree=53
num_leaves=31
num_cat=0
split_feature=1 3 19 19 4 9 19 6 3 2 6 6 19 2 2 19 9 4 19 19 7 19 19 15 6 6 4 15 7 8
split_gain=2.52535 6.29675 6.26575 3.38374 5.70469 4.9095 4.3947 4.11147 5.41697 4.51993 3.8452 5.40065 4.46624 3.32642 4.95332 4.16662 4.08856 5.48197 4.41019 4.8762 4.03213 3.98463 3.9731 2.93756 6.88865 4.17528 2.745 2.67634 2.81699 5.34041
threshold=0.027944500000000004 0.03984300000000001 1.6227500000000001 2.4966370000000002 0.0069645000000000011 0.034497000000000007 1.3562300000000003 0.049704000000000005 -0.037878999999999989 -0.013550999999999999 0.04207700000000001 0.035345000000000008 1.3985875000000003 -1.0000000180025095e-35 0.017793500000000004 1.0434510000000004 0.15642550000000002 -0.019145499999999996 1.2938240000000003 1.7574105000000004 0.86748350000000007 0.94532000000000005 2.8005405000000003 4.5000000000000009 0.043491000000000009 0.063097000000000014 0.049008500000000003 4.5000000000000009 0.64298350000000004 61.415235000000003
decision_type=2 2 2 2 2 2 2 2 2 2 2 2 2 2 2 2 2 2 2 2 2 2 2 2 2 2 2 2 2 2
left_child=1 3 -3 5 -5 6 -1 8 -7 -9 11 12 -10 -2 20 21 17 -17 -18 -20 -15 -16 -21 24 -19 26 -26 28 -4 -30
right_child=13 2 27 4 -6 7 -8 9 10 -11 -12 -13 -14 14 15 16 18 23 19 22 -22 -23 -24 -25 25 -27 -28 -29 29 -31
leaf_value=0.0010085177678167817 -0.017406184620391153 -0.048847034291375852 0.014638320967007646 -0.0031574608087869211 0.0457473896185457 -0.041885029265574386 -0.046708354581735605 0.0002838501204983068 -0.020454659002091737 0.039590809799729065 -0.028149754043753458 0.04283480112621077 0.023464568053000612 0.0077313945454424611 0.0048662332894247387 0.038718928189306653 -0.040549017960395985 0.043601379480028374 0.017397948775066265 -0.037063473319265586 0.053341248536645486 0.043730836329018141 0.0039554255223344121 -0.012926901840394045 -0.037855766060199914 0.008295549025817011 -0.0035909002769164999 -0.033920072480551088 0.013484110952296303 -0.03471872138104571
leaf_weight=8.9070051610469836 18.270342022180557 12.929861053824423 13.555829569697378 13.429291009902956 10.725539319217203 8.511708199977873 10.529689237475393 16.249681822955612 14.323760673403742 13.299383096396921 8.4656363204121572 8.928041532635687 9.7144439071416837 10.453897505998613 16.181332074105743 10.694466978311537 10.88095887005329 10.582779660820959 15.36510796099901 13.195107072591783 9.0326077789068204 11.132297538220881 10.682803578674791 27.672472558915615 9.2641483694314974 56.117050848901272 15.836934968829153 8.9901426509022695 10.07929138839245 13.365544892847536
leaf_count=41 87 58 64 65 51 37 47 76 67 59 41 40 43 49 69 48 50 45 68 61 41 49 51 120 40 248 67 42 49 67
internal_value=-0.000191542 -0.00465419 -0.0180959 0.00178038 0.0185579 -0.00231606 -0.0248418 0.00319169 -0.00555487 0.017975 0.00190874 0.00962768 -0.00270579 0.00311876 0.00477006 0.00250768 -0.000249363 0.00442301 -0.0123831 -0.00457355 0.028873 0.0207064 -0.0187119 0.00135307 0.00565763 0.000713529 -0.0162372 -0.0094505 -0.00350507 -0.0139956
internal_weight=427.367 182.005 58.9207 123.084 24.1548 98.9293 19.4367 79.4927 49.9436 29.5491 41.4319 32.9662 24.0382 245.362 227.092 207.605 180.292 130.168 50.124 39.243 19.4865 27.3136 23.8779 119.473 91.8009 81.2181 25.1011 45.9908 37.0007 23.4448
internal_count=1940 847 280 567 116 451 88 363 228 135 191 150 110 1093 1006 916 798 568 230 180 90 118 112 520 400 355 107 222 180 116
is_linear=0
shrinkage=0.05


Tree=54
num_leaves=31
num_cat=0
split_feature=8 9 5 7 9 0 5 9 14 0 0 12 0 0 9 8 2 1 8 0 15 7 0 5 8 9 2 11 11 2
split_gain=3.4557 4.54025 4.32885 5.34966 5.7548 5.18048 4.10306 5.24679 3.57081 3.26956 3.02144 3.83527 3.91537 4.05276 3.8458 5.9716 5.78933 4.02556 3.46517 3.66486 3.39099 4.23525 3.26217 3.18392 3.07694 2.87264 2.32488 2.30127 2.18652 1.99236
threshold=33.039107500000007 0.13144900000000001 0.047925500000000003 0.79449500000000006 0.17748650000000002 4.1796160000000011 0.059608000000000008 0.39167300000000005 0.015178500000000003 2.0626335000000005 1.4379750000000002 0.041596000000000008 1.9208795000000003 1.6875445000000002 0.020425000000000002 65.302375000000012 0.07319100000000002 0.031696000000000009 71.783925500000024 7.200006000000001 1.5000000000000002 0.85683550000000008 1.9595280000000002 0.041916000000000002 65.495777500000017 0.18893450000000003 0.028814000000000003 0.34665650000000009 0.57321450000000007 -0.021837499999999996
decision_type=2 2 2 2 2 2 2 2 2 2 2 2 2 2 2 2 2 2 2 2 2 2 2 2 2 2 2 2 2 2
left_child=29 8 3 4 -3 25 -4 9 -2 -8 -10 20 13 -13 15 -14 -17 -16 24 -20 21 -12 -22 -18 -19 -5 -24 -27 -6 -1
right_child=1 2 6 5 28 -7 7 -9 10 -11 11 12 14 -15 17 16 23 18 19 -21 22 -23 26 -25 -26 27 -28 -29 -30 -31
leaf_value=0.0014899290705783046 -0.013714723055289833 -0.011163338804400656 -0.034390178841384282 -0.040530111970097565 0.035358610733744723 0.019371377630210102 0.028819671204813546 -0.040364283782374694 -0.014894989148827567 -0.010869645591189463 -0.011018478831255875 0.0021543381748014043 -0.012812818156816881 -0.0421493926691065 -0.022665529245180616 0.050839986610299814 0.032093548496439236 0.0038670279607254487 -0.03333478101894085 0.0095558935792830098 0.053289343449751995 0.027822337793899178 0.032071508140574516 -0.0011250159859406978 0.038556957395455796 -0.029492486744103177 0.0005983526957719145 0.0040856243752597473 0.0053901224716438739 0.027122918146566102
leaf_weight=12.68545585870743 26.440848492085934 17.495452970266342 23.612432308495045 13.326050132513044 18.50035306066275 9.4795912876725179 9.3861454501748138 8.1627392768859846 16.461463570594788 11.60411651432514 16.854083284735683 11.89618342369795 14.05561490356922 9.1185597330331785 17.418801732361317 14.250681251287459 12.01415626704693 16.712099626660351 9.2723604068160075 10.760038360953329 9.5246177762746793 12.02667699754238 13.819899201393129 18.051971778273582 10.351642265915869 9.1480855569243449 10.196994110941885 11.538808323442934 9.0706094056367856 18.838244020938873
leaf_count=58 122 77 111 59 81 45 45 53 73 67 74 51 64 41 81 63 53 73 42 46 42 54 62 78 47 43 44 52 41 86
internal_value=0.000883532 -0.000401822 -0.00756094 -0.000806235 0.0112663 -0.0133156 -0.0188977 -0.00634961 0.00365777 0.00687809 0.00571958 0.0073643 0.00287449 -0.0170696 0.00628509 0.0155841 0.0245905 -0.00212854 0.00546719 -0.0102968 0.0177147 0.00515582 0.0285284 0.0121488 0.0171356 -0.0224257 0.0187088 -0.0107632 0.0254992 0.0168079
internal_weight=422.075 390.551 141.324 88.559 45.0664 43.4925 52.7654 29.153 249.227 20.9903 222.786 206.324 143.902 21.0147 122.887 58.3724 44.3168 64.5149 47.0961 20.0324 62.4223 28.8808 33.5415 30.0661 27.0637 34.0129 24.0169 20.6869 27.571 31.5237
internal_count=1928 1784 674 398 199 199 276 165 1110 112 988 915 639 92 547 258 194 289 208 88 276 128 148 131 120 154 106 95 122 144
is_linear=0
shrinkage=0.05


Tree=55
num_leaves=31
num_cat=0
split_feature=3 1 7 7 3 5 14 14 7 4 7 7 7 19 19 0 0 0 14 1 12 5 1 11 11 14 11 6 4 3
split_gain=3.3066 3.32367 3.13255 4.76217 4.94691 2.92118 4.63446 4.14006 2.30632 5.40054 3.52771 4.57165 3.3959 2.6219 4.35315 4.08881 3.88795 3.08605 4.36301 2.53834 6.95347 2.99667 3.63495 3.56439 3.92525 3.05256 4.45776 4.41763 3.01666 5.46782
threshold=-0.09009049999999999 0.0010855000000000003 0.60279850000000013 0.90342000000000011 -0.027599999999999996 0.019045500000000003 0.012663000000000002 0.014167000000000001 0.64298350000000004 0.045765500000000008 0.60048100000000015 0.55566700000000013 0.68343200000000015 3.9678320000000005 4.7497470000000002 6.169038500000001 5.0798530000000008 1.4281600000000003 0.025293000000000003 0.017556000000000006 0.0086750000000000004 0.042312000000000009 0.097343000000000013 0.37211550000000004 0.236932 0.04533750000000001 0.81291650000000015 0.08398700000000002 -0.045326499999999999 0.060567500000000003
decision_type=2 2 2 2 2 2 2 2 2 2 2 2 2 2 2 2 2 2 2 2 2 2 2 2 2 2 2 2 2 2
left_child=-1 2 -2 4 -4 -3 -7 -8 9 -9 11 -11 -10 15 -15 16 17 18 -14 20 -19 23 25 24 -21 26 27 -23 -25 -30
right_child=1 5 3 -5 -6 6 7 8 12 10 -12 -13 13 14 -16 -17 -18 19 -20 21 -22 22 -24 28 -26 -27 -28 -29 29 -31
leaf_value=0.029223308304904324 -0.036668632241692214 -0.029484928056058804 -0.024599363926635146 -0.035819796350574265 0.017773917231807393 0.034788748179266714 -0.034462462711591334 0.027319545319111373 -0.019185031768275053 0.0047048449547630817 0.018249702995713331 -0.039617326461274242 -0.035766445231152875 -0.041214308148604779 -0.00056516278133573398 0.028770974724122812 -0.026386377371020415 0.021984365768121746 0.010304933360435786 0.014338111652881042 -0.037305807634494585 -0.018705027582214519 0.028573649299173682 -0.0025047229106762467 -0.02273181881525619 -0.030827655892188471 0.025040332424926551 0.021468936499739161 0.048649497392625494 0.010343131482512841
leaf_weight=9.4164281934499723 10.708475694060324 7.7070304453372946 10.383777558803557 10.257001951336859 20.459503799676899 10.232841804623602 8.1985210031270963 26.484664142131805 22.358782313764095 14.012154497206213 13.514186061918734 9.9487842917442304 11.458557114005091 9.1896683275699598 23.248959213495255 14.540692836046217 11.916270688176153 8.7989051043987292 9.3174234032630903 20.307908877730373 11.290596477687357 27.506658643484116 9.5941280573606473 9.2056559026241143 11.014059126377104 9.3449698165059072 13.350109368562697 9.1089492589235288 18.594346925616279 18.668346658349037
leaf_count=47 53 35 48 67 94 45 38 117 103 66 60 47 50 43 105 63 53 41 41 88 54 119 46 41 47 51 59 40 82 80
internal_value=-7.1821e-05 -0.000743457 -0.012582 -0.00630634 0.00350842 0.000965425 0.00163364 0.000638634 0.00150341 0.0100369 -0.00217716 -0.0136981 -0.000526984 0.00116569 -0.0120808 0.00317347 0.00130756 0.00306704 -0.0151048 0.00533066 -0.0113376 0.00761333 2.02244e-05 0.0143391 0.00130284 -0.00459859 0.000306967 -0.00871086 0.0231262 0.0294583
internal_weight=420.138 410.722 51.8088 41.1003 30.8433 358.913 351.206 340.973 332.775 63.9598 37.4751 23.9609 268.815 246.456 32.4386 214.018 199.477 187.561 20.776 166.785 20.0895 146.695 68.9048 77.7903 31.322 59.3107 49.9657 36.6156 46.4683 37.2627
internal_count=1923 1876 262 209 142 1614 1579 1534 1496 290 173 113 1206 1103 148 955 892 839 91 748 95 653 315 338 135 269 218 159 203 162
is_linear=0
shrinkage=0.05


Tree=56
num_leaves=31
num_cat=0
split_feature=0 19 19 8 6 18 19 0 7 11 6 19 0 0 14 9 0 11 7 8 12 11 12 1 19 19 19 13 0 19
split_gain=4.15921 3.23896 7.88468 3.91304 5.73951 3.68974 5.22742 4.86321 3.25515 3.18673 7.07738 3.79638 3.03042 5.8157 4.88618 2.97015 3.39901 2.18326 2.54467 2.0481 3.34508 4.73706 3.32376 3.44374 6.14973 3.30785 6.22278 6.40408 4.6087 3.14546
threshold=1.3346240000000003 2.6391345000000004 3.7783540000000007 30.930736000000003 0.060000500000000005 0.70000000000000007 9.2256325000000015 7.8118070000000008 0.56591350000000007 0.064583500000000016 0.033645500000000009 1.1357590000000002 2.1912190000000007 6.266899500000001 0.026529000000000004 0.28317450000000005 2.2468145000000006 0.73943950000000014 0.78279250000000011 75.993092500000003 0.038024000000000009 0.81204700000000007 0.12314250000000002 0.041070000000000009 1.8060995000000004 1.2852090000000003 1.4250990000000001 0.00056100000000000019 1.8985335000000003 1.628989
decision_type=2 2 2 2 2 2 2 2 2 2 2 2 2 2 2 2 2 2 2 2 2 2 2 2 2 2 2 2 2 2
left_child=-1 3 12 4 -2 17 7 -7 -5 10 -10 -12 -3 14 -14 19 -17 18 -4 20 21 25 23 24 -22 28 -27 -28 -11 -25
right_child=1 2 5 8 -6 6 -8 -9 9 15 11 -13 13 -15 -16 16 -18 -19 -20 -21 22 -23 -24 29 -26 26 27 -29 -30 -31
leaf_value=-0.033022573490673959 -0.0034188664213354093 0.047768077696325059 0.015888914024194539 -0.025058235638823187 0.050297738814016793 0.018851101100524723 0.040484685809820446 -0.02980259844175125 -0.030387311731720709 -0.0045444804124563287 -0.0048403316250109846 0.030530809120561799 0.023090113503950578 0.040075714846103977 -0.021159483249852652 -0.0032874157723685594 -0.038217603913219753 -0.027249537713490753 -0.017723801426814081 -0.017807859537398898 0.019602537641347718 0.016690305692005598 -0.018149327502278958 0.0096099361112998525 -0.026026279453443026 0.032722571744659139 0.016221726712290968 -0.02724708738230381 -0.040826354737020204 0.040775296638979004
leaf_weight=8.7038006633520109 11.216660588979723 10.280762448906897 10.086148381233217 15.02327176183462 8.9331776201724988 11.082847371697431 9.9060870110988599 9.57195897400379 8.4431388527154905 17.660276740789413 10.65377654135227 26.344464428722858 13.189255833625795 16.971199505031109 11.838274382054804 15.7130533605814 12.508827291429041 15.373765997588633 12.746806636452673 17.291690811514854 17.683745943009857 19.209727197885513 10.164376296102999 17.59312853962183 12.678977362811564 10.021267518401144 13.187031120061873 23.702935770153999 17.352997437119484 14.998164676129816
leaf_count=39 50 47 46 72 44 51 43 43 40 79 46 116 59 76 57 73 63 80 63 78 79 85 47 79 58 44 59 105 82 65
internal_value=0.0011897 0.00189629 0.00880139 -0.000886318 0.0203957 -0.00232511 0.0106247 -0.00369625 -0.00241659 -0.001134 0.0109192 0.0203456 0.023437 0.0174811 0.00215961 -0.00362627 -0.0187696 -0.0126834 -0.00287584 -0.00139508 0.000233617 -0.00565682 0.00838102 0.0126645 0.000548689 -0.0108968 -0.00221691 -0.0117083 -0.0225262 0.0239519
internal_weight=430.132 421.428 121.047 300.381 20.1498 68.7676 30.5609 20.6548 280.231 265.208 45.4414 36.9982 52.2795 41.9987 25.0275 219.766 28.2219 38.2067 22.833 191.544 174.253 101.134 73.1184 62.954 30.3627 81.9245 46.9112 36.89 35.0133 32.5913
internal_count=1968 1929 565 1364 94 326 137 94 1270 1198 202 162 239 192 116 996 136 189 109 860 782 454 328 281 137 369 208 164 161 144
is_linear=0
shrinkage=0.05


Tree=57
num_leaves=31
num_cat=0
split_feature=14 6 19 11 6 1 4 8 1 6 11 2 1 8 14 1 9 0 11 11 6 1 19 14 4 18 19 11 1 2
split_gain=3.20023 3.05882 4.36467 6.98646 3.87408 5.2805 3.45382 7.93751 3.59986 3.90489 3.0739 5.82826 4.5101 4.53952 3.21811 5.08452 5.55991 4.08762 4.15928 3.1421 3.0194 4.01242 4.00045 2.90307 2.77434 2.72424 3.08009 2.68282 2.68474 2.53406
threshold=0.078752000000000016 0.049704000000000005 4.0291110000000012 0.012579000000000002 0.044626500000000006 0.031956000000000005 0.053752500000000002 51.976562500000007 0.026214500000000005 0.031455500000000004 0.22570750000000003 0.019320000000000004 0.019595500000000005 52.68281600000001 0.038953500000000009 0.062373000000000005 0.20704450000000005 3.1928700000000005 0.81204700000000007 0.6740385000000001 0.074030000000000012 0.046273000000000002 8.8042925000000007 0.026753000000000002 0.066750000000000018 0.70000000000000007 1.1835095000000002 0.91147400000000012 0.022608500000000004 0.04719750000000001
decision_type=2 2 2 2 2 2 2 2 2 2 2 2 2 2 2 2 2 2 2 2 2 2 2 2 2 2 2 2 2 2
left_child=1 4 3 -3 6 -6 7 29 9 -9 11 -5 13 -12 15 16 17 18 23 -17 -4 -22 -23 -14 -19 26 -16 28 -8 -1
right_child=-2 2 20 10 5 -7 27 8 -10 -11 12 -13 14 -15 25 19 -18 24 -20 -21 21 22 -24 -25 -26 -27 -28 -29 -30 -31
leaf_value=-0.011826835726987742 -0.027558517859918821 0.033221743223392039 0.012253076179885979 -0.044966339936776768 -0.036235420919701104 -0.00047103773656326963 -0.0099490024178770561 0.033628828993140507 0.044454660918313592 -0.0078184207568951763 0.040942892731634581 0.00484083884075244 0.024313234337817357 9.8097312677594611e-05 0.001514027194740005 0.041314968817204104 -0.027782269215049227 -0.027832164751777889 0.04620031328196552 0.0076021780076562621 -0.047763096019435167 -0.026426355425267653 0.016777835996141261 -0.014362222264965162 0.0078339584290403226 0.0095978141993372217 -0.035170057305309255 0.0082405993923040845 -0.043791582354460769 0.016698480650252059
leaf_weight=49.260066285729408 10.884517982602118 21.794966518878937 10.099856398999689 9.0823823511600512 20.906358249485493 20.383490741252899 14.818297423422338 10.399588257074358 12.361860632896422 12.529166355729101 16.458282724022869 16.624083541333675 10.255928322672849 11.595228627324103 9.5242338478565234 14.067140907049181 14.797581151127813 10.499922677874567 9.6228325068950635 13.587074577808378 8.8055214062333125 12.416139662265779 9.425154119729994 9.2086764350533468 11.342135712504385 10.950911715626715 14.333054594695566 9.2733906060457212 9.6938964128494245 9.247196212410925
leaf_count=225 81 95 46 41 106 89 71 46 53 57 76 73 45 56 45 61 68 45 43 59 47 55 42 40 49 49 70 42 43 41
internal_value=-0.000796911 -9.22365e-05 0.00348238 0.00646995 -0.00526749 -0.0185797 -0.000959267 0.00397806 0.022706 0.0109804 0.00326546 -0.0127566 0.00590155 0.0240607 0.00192753 0.00676429 -0.000803573 0.0070351 0.0193099 0.0247512 -0.0114563 -0.0192698 -0.00778249 0.00601593 -0.00931147 -0.0110482 -0.0205251 -0.0146666 -0.0233328 -0.00731835
internal_weight=424.249 413.364 244.491 203.744 168.873 41.2898 127.583 93.7979 35.2906 22.9288 181.949 25.7065 156.243 28.0535 128.189 93.3813 65.7271 50.9295 29.0874 27.6542 40.7467 30.6468 21.8413 19.4646 21.8421 34.8082 23.8573 33.7856 24.5122 58.5073
internal_count=1959 1878 1105 915 773 195 578 422 156 103 820 114 706 132 574 410 290 222 128 120 190 144 97 85 94 164 115 156 114 266
is_linear=0
shrinkage=0.05


Tree=58
num_leaves=31
num_cat=0
split_feature=9 8 15 8 3 1 4 3 19 8 9 1 9 4 5 5 5 3 13 2 2 9 5 9 2 2 18 4 2 1
split_gain=3.49731 5.77812 2.68519 6.19254 3.78171 3.79159 3.09722 4.1034 2.91789 7.20638 5.46431 2.77527 2.61159 4.23695 3.72017 5.68909 3.75749 5.17838 7.27377 4.82845 4.25966 3.29581 5.3348 4.43015 4.45401 5.56894 3.252 2.63669 3.14265 2.60349
threshold=0.038606000000000008 74.135628000000011 1.5000000000000002 50.913413500000004 0.16250950000000003 0.012790500000000002 0.18753250000000002 0.13456550000000003 2.1749940000000003 65.302375000000012 0.0041330000000000004 0.039518000000000005 0.17592800000000003 0.096205500000000013 0.026631500000000006 0.028626500000000003 0.038860000000000013 -0.020198999999999998 0.023161000000000005 0.06788000000000001 0.018289000000000003 0.11289850000000001 0.025953000000000004 0.051451500000000004 0.034701500000000003 0.075910500000000006 0.3000000000000001 0.070145000000000013 0.0032625000000000002 0.041070000000000009
decision_type=2 2 2 2 2 2 2 2 2 2 2 2 2 2 2 2 2 2 2 2 2 2 2 2 2 2 2 2 2 2
left_child=2 12 3 -1 5 -4 11 -8 10 -10 -7 -5 21 14 -14 -16 20 26 19 -19 -17 22 -2 -24 27 -26 -18 28 -25 -3
right_child=1 29 4 6 -6 8 7 -9 9 -11 -12 -13 13 -15 15 16 17 18 -20 -21 -22 -23 23 24 25 -27 -28 -29 -30 -31
leaf_value=-0.040400963151620839 -0.031486220009727846 -0.049470122208637508 -0.0041462151870005999 0.0076597413829942208 -0.010207866829468989 0.034681428546788844 0.045326764348174176 0.00032445480035072456 0.0055243377466831344 0.065079402209688872 -0.0091528879881959159 -0.023303831744946258 0.042657677917095557 -0.023720231568678193 -0.045836427316712343 0.049058464885884265 0.0034709568932436638 -0.032284732722015118 0.024120397784592396 0.011003373438780656 0.0088371955803110552 -0.013375429002799956 -0.021768794816675929 -0.007412465117871009 -0.022793467389783769 0.020527701595304898 0.043187493787926273 0.048153753956742165 0.032222659625240457 -0.013130493204066519
leaf_weight=8.6618835255503637 10.704623281955717 8.682470344007017 14.859592087566851 17.878229193389419 14.600311897695063 15.311703070998194 9.1194904223084468 11.394388161599634 9.0367608517408389 11.599437326192854 13.272300526499746 12.158113688230513 7.0871371030807486 11.965339742600916 5.183366745710372 10.164999172091486 10.991431124508381 23.798727631568909 12.630363561213015 8.8326971456408483 18.678771123290062 69.819349728524685 11.679919376969336 8.5557929947972351 15.28208748996258 14.416878722608088 9.7047098278999329 9.0355145037174207 12.037849113345144 11.400280475616453
leaf_count=41 48 46 70 80 66 69 40 52 40 49 58 52 31 71 23 46 52 125 62 42 80 319 53 40 68 66 46 41 54 55
internal_value=0.000146214 -0.00296494 0.00670398 -0.00133896 0.0127568 0.0179892 0.0053544 0.0203303 0.024672 0.0389997 0.014328 -0.0048737 -0.00104429 0.00449805 0.00765145 0.00517014 0.00795896 0.00137627 -0.00809727 -0.0205675 0.0230118 -0.00539813 0.00141806 0.00637846 0.0119198 -0.00176391 0.0220946 0.0256358 0.0157559 -0.0288414
internal_weight=428.545 290.652 137.892 59.2121 78.6801 64.0798 50.5502 20.5139 49.2202 20.6362 28.584 30.0363 270.57 119.038 107.072 99.9851 94.8017 65.9579 45.2618 32.6314 28.8438 151.532 81.7127 71.008 59.3281 29.699 20.6961 29.6292 20.5936 20.0828
internal_count=1985 1368 617 265 352 286 224 92 216 89 127 132 1267 578 507 476 453 327 229 167 126 689 370 322 269 134 98 135 94 101
is_linear=0
shrinkage=0.05


Tree=59
num_leaves=31
num_cat=0
split_feature=9 0 0 0 4 5 3 15 3 4 18 5 11 7 7 7 6 1 9 6 19 9 1 4 3 3 19 19 13 3
split_gain=2.84263 5.20152 4.34431 3.09874 4.17497 3.08833 2.46121 2.19808 7.77903 6.6278 4.55579 5.73782 5.15164 3.52146 3.40727 5.02961 3.35682 3.35001 3.0739 3.54313 3.41111 2.8616 2.837 2.44263 4.02794 3.54637 4.719 2.62041 2.20939 2.657
threshold=0.23495450000000004 1.3463585000000002 2.4093380000000004 1.9689620000000001 -0.095814499999999983 0.021535000000000002 0.032301500000000004 1.5000000000000002 -0.008231999999999998 0.021349000000000003 0.70000000000000007 0.034020000000000009 0.71458350000000015 0.58626300000000009 0.63363900000000017 0.70471650000000008 0.040251500000000009 0.020881000000000004 0.10521000000000001 0.049704000000000005 1.7869900000000001 0.13216450000000005 0.017871500000000002 0.26656550000000007 0.087077000000000016 0.040470500000000006 1.4637475000000002 2.1889510000000008 0.080606500000000011 0.056137500000000007
decision_type=2 2 2 2 2 2 2 2 2 2 2 2 2 2 2 2 2 2 2 2 2 2 2 2 2 2 2 2 2 2
left_child=1 -1 3 4 -2 -3 -4 8 22 18 16 -12 -13 -10 -15 -16 -11 -17 20 -20 -9 28 -7 24 25 26 -19 -26 -18 -30
right_child=2 5 6 -5 -6 7 -8 9 13 10 11 12 -14 14 15 17 21 23 19 -21 -22 -23 -24 -25 27 -27 -28 -29 29 -31
leaf_value=-0.036955909005034877 0.022728887291550013 -0.017239064951981208 -0.009198459034075724 0.024937645015156662 -0.017603304390527451 -0.01197196787810198 -0.037728592515096734 0.050521502825206704 -0.017920719276891501 -0.032112677888409304 0.045871022886927078 -0.020161235743227309 0.020999143385974549 0.038631262013917582 -0.020567936722269479 -0.014025093237931175 0.017304204115607371 -0.015304385120178531 -0.005518668361710625 0.027688266597570219 0.013688610148671369 -0.028127115987915341 -0.047832649026093195 0.035581104281995957 0.010237073335065671 0.034255164824962027 0.029534198551556437 -0.02375565638868303 -0.023721474137648853 0.00580183614677569
leaf_weight=8.1666287779808027 9.0001209229230899 17.165808171033859 15.790335133671762 10.887053765356539 22.350481875240803 13.329235382378103 14.501694485545157 14.934148579835893 14.951532766222952 10.799232847988604 10.747662290930746 13.227955862879755 17.873985931277275 8.3510843366384488 15.797122694551943 12.491234660148619 17.248029872775078 12.452944472432138 15.355405159294603 16.844855397939682 10.854627303779123 8.7895060256123525 9.4078762233257276 11.105310365557669 11.267720311880113 20.529760092496872 11.096903741359709 11.410775899887083 11.864705279469488 21.305581592023373
leaf_count=38 42 77 78 50 105 61 80 68 69 51 47 60 79 37 71 68 75 55 74 76 49 43 44 50 48 91 48 50 57 97
internal_value=0.000596163 0.002476 -0.008407 0.00195602 -0.00602475 0.00342536 -0.0228567 0.00452685 0.000162992 0.00843711 0.00132548 0.0143765 0.00349324 0.00490047 0.00788041 0.0054612 -0.00647633 0.010012 0.0221549 0.0118528 0.0350184 -0.00180038 -0.0268099 0.0138681 0.0102562 0.0190656 0.00582397 -0.0068665 0.0027892 -0.00475838
internal_weight=419.899 347.37 72.5297 42.2377 31.3506 339.203 30.292 322.037 152.192 169.846 111.857 41.8496 31.1019 129.454 114.503 106.152 70.0071 90.3546 57.989 32.2003 25.7888 59.2078 22.7371 77.8634 66.7581 44.0796 23.5498 22.6785 50.4183 33.1703
internal_count=1938 1583 355 197 147 1545 158 1468 692 776 509 186 139 587 518 481 323 410 267 150 117 272 105 342 292 194 103 98 229 154
is_linear=0
shrinkage=0.05


Tree=60
num_leaves=31
num_cat=0
split_feature=6 13 13 6 8 15 6 6 6 1 14 19 6 3 19 1 14 1 14 3 9 9 3 1 6 6 7 6 11 8
split_gain=3.48662 3.46584 5.86179 5.59127 2.48876 6.37694 4.19076 5.82509 3.28145 7.88234 3.18175 3.11339 3.66644 3.0662 2.78085 2.21389 3.21747 2.60501 2.31496 2.25839 2.46095 6.91302 4.14551 2.93962 4.38387 2.906 2.71868 2.33838 2.5021 4.26003
threshold=0.17998700000000004 -0.086150499999999991 -0.051171999999999995 0.051944000000000011 43.445601000000003 1.0000000180025095e-35 0.034541000000000009 0.078550000000000023 0.11850600000000001 0.14538000000000004 0.023366000000000001 7.918197000000001 0.096303500000000014 0.081053000000000014 4.942819000000001 0.0021495000000000008 0.025922000000000004 0.0064200000000000012 0.044899500000000009 0.16738200000000003 0.013028000000000001 0.021178000000000002 0.083890500000000021 0.018714000000000005 0.031591000000000008 0.060614000000000008 0.81840450000000009 0.040251500000000009 0.81204700000000007 63.666699000000008
decision_type=2 2 2 2 2 2 2 2 2 2 2 2 2 2 2 2 2 2 2 2 2 2 2 2 2 2 2 2 2 2
left_child=1 -1 3 -3 5 -4 -7 10 11 -10 -8 12 14 -14 15 16 -6 -17 19 20 22 -22 25 24 -23 26 -19 -25 29 -29
right_child=-2 2 4 -5 8 6 7 -9 9 -11 -12 -13 13 -15 -16 17 -18 18 -20 -21 21 23 -24 27 -26 -27 -28 28 -30 -31
leaf_value=-0.02464990629598654 0.025723153063763132 0.0029351947886097139 -0.040213888469067982 0.054945371953174595 -0.030955067819537718 -0.031984328909981707 0.030758897311191122 -0.025887430219315662 -0.028597479835836926 0.027243401958893666 -0.0056090108907016706 0.027090656845083546 0.040770208641349531 0.0013797691957869681 -0.026883813869374898 0.03192879827055603 0.0095385721638747978 -0.028362701758334049 -0.019391852677067251 0.025096110146469452 0.044516607598521246 0.012506978048734074 -0.032045439461738642 0.019110975629191004 -0.033191638966923828 0.024781231525789628 0.0067025909133261495 0.0030615106481104342 0.0202399227133753 -0.028296982486513241
leaf_weight=14.643647961318491 12.812706284224985 11.731298848986627 13.987333640456198 9.2354666814208013 12.545943178236486 9.1476895809173566 17.434713914990429 10.418495893478392 24.783142201602459 8.4826669096946699 9.1810688376426679 12.076377987861632 10.273504637181761 9.5168563947081548 9.6285308972001058 7.0498088002204886 8.0549742430448514 9.8697521686554008 13.014985568821428 10.366985306143759 9.9733909815549833 8.6189445182681101 13.646902173757551 22.371442526578903 13.41810020804405 9.0953144878149015 12.564753919839857 56.651375621557236 13.972034528851507 13.390241131186484
leaf_count=67 71 51 66 45 68 44 78 50 127 40 42 56 47 43 48 33 42 42 63 45 43 40 58 99 66 40 55 246 61 58
internal_value=4.33861e-05 -0.000768735 0.000126798 0.0258447 -0.00133239 -0.0106367 -0.00167847 0.00580726 0.000477218 -0.0143582 0.0182138 0.00226466 0.00112913 0.021828 -0.000548111 0.000532744 -0.015122 0.00203974 0.00102158 0.0023915 0.00110928 0.00441689 -0.00902333 0.00130271 -0.0153184 0.000941225 -0.0087239 0.00474567 0.000920425 -0.00293346
internal_weight=417.958 405.146 390.502 20.9668 369.535 60.1693 46.182 37.0343 309.366 33.2658 26.6158 276.1 264.024 19.7904 244.233 234.605 20.6009 214.004 206.954 193.939 183.572 138.396 45.1767 128.422 22.037 31.5298 22.4345 106.385 84.0137 70.0416
internal_count=1934 1863 1796 96 1700 280 214 170 1420 167 120 1253 1197 90 1107 1059 110 949 916 853 808 613 195 570 106 137 97 464 365 304
is_linear=0
shrinkage=0.05


Tree=61
num_leaves=31
num_cat=0
split_feature=14 9 14 0 7 7 11 0 13 4 14 14 13 14 9 13 14 6 14 12 2 12 2 2 9 4 14 0 11 18
split_gain=3.30094 3.61972 3.37827 4.68872 3.92288 5.21091 3.57499 3.57405 3.25548 3.68817 3.44933 6.67978 3.96032 4.6836 3.83735 3.50031 3.40424 5.09016 3.15426 3.13814 3.39379 2.90987 3.22426 2.70648 2.63328 2.5668 2.25479 2.1877 2.77074 2.66225
threshold=0.022194500000000002 0.32127000000000006 0.017783500000000004 3.4182660000000005 0.77207800000000015 0.61952400000000007 0.46770850000000003 2.0626335000000005 -0.051171999999999995 -0.07181899999999998 0.032580000000000005 0.038322000000000009 0.13452350000000005 0.029193000000000004 0.10774900000000001 0.15365400000000004 0.047534000000000007 0.09886250000000002 0.065078500000000011 -0.0070154999999999992 0.024975000000000004 -0.06744349999999999 0.074305000000000024 0.0024845000000000006 0.20492000000000002 0.25311400000000001 0.020607500000000004 2.8566950000000007 0.61064000000000007 0.70000000000000007
decision_type=2 2 2 2 2 2 2 2 2 2 2 2 2 2 2 2 2 2 2 2 2 2 2 2 2 2 2 2 2 2
left_child=2 8 3 6 5 -4 19 -6 -2 -10 12 14 23 -14 15 -12 17 -13 25 -1 -21 -3 -23 -11 27 -18 -9 28 -25 -29
right_child=1 21 4 -5 7 -7 -8 26 9 10 11 16 13 -15 -16 -17 18 -19 -20 20 -22 22 -24 24 -26 -27 -28 29 -30 -31
leaf_value=-0.006879297528922447 0.024314956913053486 0.010110747795630608 0.0030665082120202424 -0.020367671428776893 -0.014528327833421829 0.041500739288600277 -0.012561668110519529 0.0037066597583731951 -0.029083212506270037 -0.020417940653342549 -0.0090451905767734899 0.0007006720012701158 -0.0039830598005139014 -0.046211791359574129 0.050627557893948773 0.030365289619022618 -0.0016778919338365128 -0.045152242264544486 -0.015118005969881899 0.04237543962344123 0.0085102121089210628 -0.040191412971602919 -0.002381552000808051 0.0023271654668855484 -0.021634135519829206 0.031318391216459428 0.033055058303874348 0.0089680798154661515 0.034763645096177145 -0.024081064779305047
leaf_weight=12.549733743071554 12.320832595229147 6.8228615224361446 15.021453492343424 22.562130026519299 17.00774559378624 21.358089298009872 17.708035238087177 17.78957982361317 11.968041598796843 14.626976072788237 9.8941657766699809 15.373778343200685 14.212838143110277 12.204085528850554 9.9036280959844571 13.085349500179289 10.449068345129492 9.9826203733682615 11.292088717222212 12.833813577890398 17.46677041053772 15.904641501605512 8.7352200374007207 13.687351547181608 8.9448880553245527 13.519887402653692 10.353371039032934 17.880122527480125 12.685400158166884 9.2438155263662356
leaf_count=58 55 34 70 103 77 94 82 78 57 71 43 69 64 53 44 56 50 48 73 60 79 85 45 61 43 61 47 79 57 42
internal_value=0.0006719 -0.00291703 0.00618089 -0.000912284 0.0134124 0.0256309 0.00633618 0.00356754 -0.000660694 -0.00213337 -0.000496007 0.00646468 -0.00678509 -0.0234919 0.0246096 0.0133965 -0.00337841 -0.0173513 0.00666954 0.0141458 0.0228538 -0.0187857 -0.0267872 -0.00105847 0.0034765 0.0169339 0.0145035 0.00767511 0.0179292 -0.00229504
internal_weight=417.388 252.738 164.651 83.1205 81.5302 36.3795 60.5584 45.1507 221.275 208.954 196.986 93.5006 103.485 26.4169 32.8831 22.9795 60.6174 25.3564 35.261 42.8503 30.3006 31.4627 24.6399 77.0686 62.4416 23.969 28.143 53.4967 26.3728 27.1239
internal_count=1938 1190 748 382 366 164 279 202 1026 971 914 444 470 117 143 99 301 117 184 197 139 164 130 353 282 111 125 239 118 121
is_linear=0
shrinkage=0.05


Tree=62
num_leaves=31
num_cat=0
split_feature=7 19 19 18 0 1 12 1 14 14 2 7 19 7 12 3 3 3 11 11 19 3 14 0 14 13 13 14 7 18
split_gain=3.76117 2.48852 5.77788 9.09369 5.00761 4.16226 3.02778 2.83772 3.30733 6.08557 4.28699 3.14267 3.0145 3.39587 3.08439 4.47515 2.58502 2.97047 2.50568 5.04739 3.6129 3.32683 5.55024 2.38767 3.28289 2.21569 5.43436 3.75406 4.63613 5.53664
threshold=0.45245050000000003 0.94532000000000005 1.0384560000000003 0.50000000000000011 1.3740140000000003 0.039847500000000001 0.0086750000000000004 0.17232750000000002 0.022194500000000002 0.020054000000000006 0.068569500000000019 0.9997370000000001 1.3044625000000003 0.60279850000000013 0.0010870000000000001 0.023680000000000003 0.057344500000000007 0.03984300000000001 0.76726200000000011 0.98581450000000015 1.5921340000000002 0.065293500000000018 0.032393000000000012 2.8305295000000004 0.032040000000000006 0.015034500000000001 0.095359500000000014 0.039961000000000003 0.9459535 0.70000000000000007
decision_type=2 2 2 2 2 2 2 2 2 2 2 2 2 2 2 2 2 2 2 2 2 2 2 2 2 2 2 2 2 2
left_child=-1 5 3 -3 -4 6 -2 8 9 10 11 12 -6 -14 -15 -16 17 -17 25 20 -20 -21 -23 -22 -25 -10 -27 28 29 -28
right_child=1 2 4 -5 7 -7 -8 -9 18 -11 -12 -13 13 14 15 16 -18 -19 19 21 23 22 -24 24 -26 26 27 -29 -30 -31
leaf_value=-0.032085230515116664 -0.010323401833052151 -0.0040333990186857179 -0.030567182587069502 0.058627598519495873 -0.012606127379307656 0.01027903175791909 -0.047788375605303426 0.030083600803086641 -0.0093795686324463015 0.026174737798802257 -0.030737296155696231 -0.018374946127182157 -0.013293169769656025 -0.00012308081228645749 0.053953763608360142 0.02353419763050309 0.036492331769855862 -0.015808386491027678 -0.044440143807287787 0.028021238270038124 0.0066632475787293914 -0.038568217550974615 0.011651148354105866 -0.044369728115389556 -0.0039439463208370161 0.019106007154129433 0.011790398226811358 -0.028927079255980283 0.02982798543578204 -0.03890582685125573
leaf_weight=8.7541955411434156 14.32832293212414 11.910206519067289 12.388419434428213 11.267955929040907 14.464597068727015 13.848043605685232 8.6474619507789594 8.6397742480039579 33.784497566521168 31.883435480296612 9.5416844487190229 13.017279304563997 10.663973584771155 17.228736475110054 10.085539087653158 10.012887850403791 9.564488083124159 9.2115745544433576 12.241444125771521 10.289001002907751 10.766868934035303 8.4637983515858668 15.721685528755186 9.275990381836893 10.950819812715052 40.317390732467175 12.378322303295135 12.905345015227793 10.745424218475817 9.5334623605012894
leaf_count=45 66 58 58 49 67 62 40 40 163 142 42 67 49 78 43 43 42 41 61 48 51 38 75 43 56 183 54 68 50 42
internal_value=0.000347277 0.00103295 0.00224395 0.026429 0.00066078 -0.0113736 -0.0244242 0.001793 0.0010591 0.00706878 0.00119962 0.00443289 0.00808781 0.012571 0.0174872 0.0252919 0.0152508 0.00468284 -0.00307194 -0.0100628 -0.0214416 0.00420754 -0.0059233 -0.012358 -0.0224832 0.00146793 0.00573525 -0.00609627 0.00292592 -0.0102667
internal_weight=422.833 414.078 377.255 23.1782 354.076 36.8238 22.9758 341.688 333.048 135.674 103.791 94.2491 81.2318 66.7672 56.1032 38.8745 28.789 19.2245 197.374 77.7096 43.2351 34.4745 24.1855 30.9937 20.2268 119.664 85.8799 45.5626 32.6572 21.9118
internal_count=1964 1919 1751 107 1644 168 106 1586 1546 614 472 430 363 296 247 169 126 84 932 372 211 161 113 150 99 560 397 214 146 96
is_linear=0
shrinkage=0.05


Tree=63
num_leaves=31
num_cat=0
split_feature=8 12 5 8 6 14 14 2 19 19 6 8 8 15 11 9 14 11 9 9 7 3 11 19 8 12 7 7 11 9
split_gain=2.84293 6.23503 7.01931 4.76557 3.77161 2.87141 5.1711 6.93603 4.43754 4.48379 3.62596 2.84168 4.68216 3.42747 2.78443 2.71154 2.3519 3.49102 6.04341 5.43274 4.75423 3.77936 3.30443 3.29464 3.27533 4.38763 4.78715 3.44654 3.13815 3.32196
threshold=47.139210500000011 0.019152000000000006 0.023021000000000003 48.276196000000006 0.028643000000000005 0.017483000000000002 0.022130500000000004 -1.0000000180025095e-35 1.0487070000000001 1.3985875000000003 0.085126500000000008 51.976562500000007 52.956376000000006 2.5000000000000004 0.27859500000000009 0.17748650000000002 0.021225500000000005 0.57321450000000007 0.25986650000000006 0.23042550000000003 0.9997370000000001 0.12333150000000002 0.13326600000000002 2.1044355000000006 60.008105500000006 0.202769 0.87312650000000014 0.77663450000000012 0.73943950000000014 0.072780000000000025
decision_type=2 2 2 2 2 2 2 2 2 2 2 2 2 2 2 2 2 2 2 2 2 2 2 2 2 2 2 2 2 2
left_child=1 2 -1 -2 -5 15 -7 10 -9 -10 -8 13 -13 14 -6 -4 28 18 21 20 24 22 -18 -24 -19 26 27 -26 29 -14
right_child=3 -3 5 4 11 6 7 8 9 -11 -12 12 16 -15 -16 -17 17 19 -20 -21 -22 -23 23 -25 25 -27 -28 -29 -30 -31
leaf_value=-0.055707328369624567 0.037604659308111861 -0.041606829950381355 -0.027721442269140972 0.028248793717364079 -0.043335494759247639 0.02329666702858061 -0.042235029234123672 0.04094023953411674 -0.028542748646933059 0.015894955742610632 -3.9528621135181673e-06 0.039543770010997986 0.0008594321754344527 0.010093965947539429 -0.0079764837239938071 0.0059187078086558953 -0.0014913274595015691 -0.030504252102486473 0.051766528195074095 -0.039133645435966952 0.028595888942137215 -0.015039569483434462 0.012825114173570665 0.051174338519288834 0.0084827877997504606 -0.022405558278976043 -0.018276522142962496 0.042766270780727235 0.016883422749549189 -0.023993575348392086
leaf_weight=5.7329407334327689 10.046586334705351 10.780288256704806 14.539131984114649 13.605650551617144 9.935941696166994 27.42863629758358 12.914524205029013 8.9823524355888349 8.8732989281415957 15.75631410628557 8.3813944905996305 8.5484772473573667 27.520006462931633 11.411643430590628 12.664258025586603 10.187450394034384 16.693181335926056 9.0593494623899442 9.1878460794687253 8.4434887990355474 14.914331145584582 13.472233049571512 14.578487381339075 9.0943683981895429 28.632574282586575 14.804310180246828 12.572492301464079 9.8536897897720319 12.115438386797903 26.290000796318054
leaf_count=28 47 52 67 61 55 126 59 40 43 74 41 38 119 56 62 47 72 44 41 51 72 63 67 40 133 71 57 44 52 119
internal_value=0.00108382 -0.00527783 -0.00180575 0.00376286 0.00256315 0.00108054 0.00556782 -0.00328844 0.0108568 -0.000114595 -0.0256142 0.00126782 0.00321679 -0.012243 -0.0235217 -0.0138616 0.00185016 0.00510212 0.0142874 -0.00078831 0.00281565 0.00789137 0.0155446 0.0275577 -0.00231625 0.00156096 0.00850996 0.0172604 -0.00610674 -0.011283
internal_weight=417.021 123.576 112.796 293.444 283.398 107.063 82.3365 54.9079 33.612 24.6296 21.2959 269.792 235.78 34.0118 22.6002 24.7266 227.232 161.306 63.0261 98.2802 89.8367 53.8383 40.366 23.6729 74.9224 65.8631 51.0588 38.4863 65.9254 53.81
internal_count=1941 577 525 1364 1317 497 383 257 157 117 100 1256 1083 173 117 114 1045 755 283 472 421 242 179 107 349 305 234 177 290 238
is_linear=0
shrinkage=0.05


Tree=64
num_leaves=31
num_cat=0
split_feature=11 4 5 9 9 12 19 8 19 4 9 12 4 11 11 12 1 8 11 8 8 8 15 14 0 4 18 12 8 14
split_gain=2.94359 3.52568 4.32416 3.31756 4.22299 2.27478 3.0366 4.2717 3.52587 3.76683 4.80596 4.69514 4.09351 4.88572 4.80249 3.61924 3.52333 2.92038 3.16422 4.09399 3.76266 4.40781 4.101 3.80349 4.40446 3.91098 3.28975 2.83237 5.29986 2.68999
threshold=0.98990400000000012 0.21432850000000003 0.05671650000000001 0.12320700000000001 0.022555000000000002 -0.061470999999999991 9.2256325000000015 76.491522000000018 5.3558885000000016 0.065592500000000012 0.0076195000000000004 0.065858500000000014 0.025691000000000002 0.50362300000000004 0.12390350000000001 0.14125450000000003 0.019376000000000001 34.782609500000007 0.86228450000000012 58.636628000000009 56.312180000000005 51.976562500000007 2.5000000000000004 0.029047500000000004 3.3124195000000003 -0.054690499999999996 0.50000000000000011 0.10454600000000001 69.752143000000018 0.019314000000000001
decision_type=2 2 2 2 2 2 2 2 2 2 2 2 2 2 2 2 2 2 2 2 2 2 2 2 2 2 2 2 2 2
left_child=5 3 -3 4 -2 -1 7 8 9 12 -11 16 17 14 -14 27 -12 -7 19 20 21 22 23 24 25 -19 -24 28 -13 -16
right_child=1 2 -4 -5 -6 6 -8 -9 -10 10 11 15 13 -15 29 -17 -18 18 -20 -21 -22 -23 26 -25 -26 -27 -28 -29 -30 -31
leaf_value=-0.021214418538830583 0.011205981922108643 -0.025298134059638145 0.020119547175138152 -2.9190991952950579e-05 0.058956753601119419 0.018650372504249956 0.02864809171824503 -0.023597426685128518 -0.028010069349609614 0.031035526333972965 -0.0047563601123681055 0.0099217810217034578 -0.02924707965265937 -0.038188037475474966 -0.007951045090223062 0.022561231083596329 0.032617654682708226 0.0050990596910765523 0.020838554823696748 0.019093789441904943 -0.036031781400160237 0.017946942391383166 0.024660700913175945 -0.040159341983057234 0.020773477644545017 -0.029399144354637904 -0.0085440691924180117 -0.037479103200862528 -0.037561445515418831 0.028753161192430154
leaf_weight=13.551689140498636 8.9748227000236565 10.991692155599596 10.016518034040926 9.8818294405937177 9.5647065192460996 21.202700361609459 8.8090072125196439 19.847567237913609 10.63494125753641 20.540049269795418 9.6196181848645228 18.420159943401817 11.879479199647905 15.646835289895533 9.7210910767316836 8.7100981101393682 18.306706592440605 12.515224367380126 14.725060820579527 17.373273953795433 10.134542644023893 18.640326887369156 13.412439316511156 13.152084767818449 9.4420754313468915 23.912673346698298 16.806147880852222 9.0963106080889684 8.6297055184841138 10.260770574212073
leaf_count=66 40 48 52 48 42 98 42 95 55 90 48 85 52 75 44 43 84 56 67 78 46 82 61 66 46 113 77 45 40 45
internal_value=0.000437755 0.0118885 -0.00364341 0.0233693 0.035841 -0.00111299 -0.000337868 -0.0010831 0.000301288 0.00126586 0.00967658 0.00364885 -0.00232107 -0.0153074 -0.00407087 -0.00637134 0.0197436 0.00128018 -0.00117325 -0.00356729 -0.00690326 -0.00416687 -0.00878594 -0.0164554 -0.00965886 -0.0175469 0.00619378 -0.0133432 -0.00522677 0.0108967
internal_weight=414.42 49.4296 21.0082 28.4214 18.5395 364.991 351.439 342.63 322.782 312.147 93.3226 72.7826 218.825 47.5082 31.8613 44.8563 27.9263 171.317 150.114 135.389 118.016 107.881 89.2406 59.0221 45.87 36.4279 30.2186 36.1462 27.0499 19.9819
internal_count=1929 230 100 130 82 1699 1633 1591 1496 1441 435 345 1006 216 141 213 132 790 692 625 547 501 419 281 215 169 138 170 125 89
is_linear=0
shrinkage=0.05


Tree=65
num_leaves=31
num_cat=0
split_feature=14 14 8 7 2 0 15 2 13 0 14 19 19 15 8 2 19 7 9 0 3 3 9 2 14 2 19 7 15 3
split_gain=3.63546 11.0672 3.71009 3.29722 3.73159 2.54049 3.84529 3.05214 4.5367 2.39773 2.5408 4.38924 5.25524 3.51432 4.9742 4.28197 3.23671 3.79499 6.1491 3.10024 2.3266 2.45263 2.24435 3.679 2.17116 2.17933 3.46126 3.82516 2.14998 2.0905
threshold=0.032580000000000005 0.036549000000000005 30.023847500000006 0.58242950000000004 0.045494500000000007 1.4332040000000001 1.0000000180025095e-35 0.017793500000000004 0.050273500000000006 1.5115075000000002 0.025427000000000002 1.2981100000000001 1.0759140000000003 2.5000000000000004 57.790623000000004 0.061649000000000002 1.4637475000000002 0.97014250000000013 0.065713000000000008 3.2985665000000006 0.011451000000000001 0.070402000000000006 0.0010860000000000004 0.11204550000000001 0.038322000000000009 -0.043956499999999996 4.8289950000000008 0.76579100000000011 1.5000000000000002 0.064639000000000016
decision_type=2 2 2 2 2 2 2 2 2 2 2 2 2 2 2 2 2 2 2 2 2 2 2 2 2 2 2 2 2 2
left_child=2 29 -1 4 -4 28 7 -7 -9 -8 11 12 -11 15 -15 -12 -13 18 19 -18 -20 -22 23 -3 -24 -26 27 -27 -5 -2
right_child=1 22 3 5 -6 6 9 8 -10 10 13 16 -14 14 -16 -17 17 -19 20 -21 21 -23 24 -25 25 26 -28 -29 -30 -31
leaf_value=0.019443571237360058 0.019435509011735727 0.039213031495757077 -0.041434654568204089 -0.032873832912989218 -0.0014075111509789186 0.029330401279220659 0.01929549976627128 -0.017432311934782986 0.019296401342002764 0.0042459901446452704 -0.046886779442028736 0.027133390412964427 -0.041309796445118348 0.02442521091483385 -0.02250226234747198 -0.0067065525116197303 0.038852739718682 -0.022369163988882858 0.010830224098646138 0.0061731466346484805 -0.02802102543626965 0.0042582006212612622 0.018529017979617556 -0.0045301509828734789 0.018751625929997028 -0.035308797428675702 0.012029205878364322 -0.0062855155447687121 -0.0030539268009275129 0.046980751141351779
leaf_weight=16.736034736037254 12.533263459801676 8.2771592736244219 12.479386173188688 12.570765905082228 10.915901280939577 15.390689291059969 9.6768662855029088 15.509558781981466 18.360582321882248 11.54871152341366 14.226952321827413 11.796498179435728 14.010935954749582 10.250359416007997 12.573673605918883 12.418528169393538 13.790591254830362 16.429578334093094 10.452866002917288 15.319397658109663 17.33587729930878 8.9088356196880323 8.6302283704280836 11.464267708361147 6.8038448914885512 18.191426210105419 12.813541263341902 30.198341928422451 11.642825998365877 15.292558059096335
leaf_count=81 56 39 61 58 50 72 44 70 81 53 67 53 65 46 58 54 63 80 47 66 78 40 38 52 38 100 67 154 52 67
internal_value=-0.000369588 0.00679672 -0.00341423 -0.00480225 -0.0227586 -0.00313662 -0.00150129 0.0108675 0.00247787 -0.00491014 -0.00629562 -0.00235336 -0.0207262 -0.0158261 -0.00142696 -0.0281602 0.00264063 -0.000872737 0.00449408 0.0216548 -0.00911849 -0.0170638 -0.00122291 0.0138104 -0.00509542 -0.00809341 -0.0110777 -0.0171964 -0.0185353 0.0345739
internal_weight=416.55 124.205 292.345 275.609 23.3953 252.214 228.001 49.2608 33.8701 178.74 169.063 119.593 25.5596 49.4695 22.824 26.6455 94.0336 82.2371 65.8076 29.11 36.6976 26.2447 96.3788 19.7414 76.6374 68.0072 61.2033 48.3898 24.2136 27.8258
internal_count=1950 611 1339 1258 111 1147 1037 223 151 814 770 545 118 225 104 121 427 374 294 129 165 118 488 91 397 359 321 254 110 123
is_linear=0
shrinkage=0.05


Tree=66
num_leaves=31
num_cat=0
split_feature=11 0 3 5 7 7 3 15 15 4 3 0 3 4 0 14 4 7 8 7 8 0 11 9 5 8 1 1 18 15
split_gain=4.23138 3.98727 2.70747 2.35078 2.19188 2.74555 3.60084 2.62284 2.38993 4.4 6.56713 3.42804 4.09197 3.05574 2.96835 3.83864 3.61712 4.12073 7.61423 2.78381 4.59372 4.35938 2.68663 6.21163 5.45092 3.41909 2.78111 2.39718 2.17067 1.5969
threshold=0.98990400000000012 1.8691300000000004 0.12469450000000001 0.10459850000000002 0.56141350000000012 0.59950500000000007 0.0013585000000000001 1.5000000000000002 1.0000000180025095e-35 -0.034384499999999991 -0.011581999999999997 2.4213975000000008 0.087077000000000016 0.040404500000000003 2.3421755000000006 0.013921500000000002 0.025691000000000002 0.71469550000000004 60.6918705 0.92365950000000019 44.802597500000005 1.8070635000000002 0.63819450000000011 0.031456000000000005 0.041298000000000008 52.406501000000006 0.068209000000000006 0.019595500000000005 0.50000000000000011 1.5000000000000002
decision_type=2 2 2 2 2 2 2 2 2 2 2 2 2 2 2 2 2 2 2 2 2 2 2 2 2 2 2 2 2 2
left_child=3 -2 -3 4 7 6 -6 -1 9 10 -7 13 -13 -11 15 -10 19 -18 -19 21 -21 27 26 -24 -25 -26 -16 -17 -23 -4
right_child=1 2 29 -5 5 8 -8 -9 14 11 -12 12 -14 -15 22 16 17 18 -20 20 -22 28 23 24 25 -27 -28 -29 -30 -31
leaf_value=-0.0025638498865009304 0.045902808253171043 -0.0047201919513066883 0.03578722795692945 -0.024551242791100287 0.0087884149172493525 0.020519390579806167 -0.032373801053932637 0.035722032986570493 -0.025949478222910268 -0.019455722457297143 -0.038509554819120662 0.041648514590259061 0.0037029947961529962 0.020043327717695757 -0.0056538390755578203 0.0123699414545196 0.022041097005986176 -0.04229155491455814 0.0079483941102184413 0.0041827002004219665 0.054323364055523918 0.0099266513570566983 0.011160357760159001 -0.050378343591420509 0.013564120742894037 -0.030789879213985395 0.017685449946377021 -0.016755639943544447 0.045176788382939738 0.0084547132219169475
leaf_weight=8.5374409034848231 8.7874257043004018 19.473492056131363 9.8857152760028857 9.6470883935689908 8.4190195351839083 8.6927090138196963 14.40169110894203 9.3972123637795431 9.6046748682856542 9.6851785331964511 10.288602873682974 18.867025308310989 11.396324500441549 9.9031187295913679 69.320029363036156 12.527514293789865 10.853053607046602 13.298243723809721 17.421992897987366 8.5599943846464175 9.7950372621417028 8.7015005648136157 14.317120611667631 15.076167970895765 8.4278434216976184 8.9687835052609426 15.644473925232885 16.200785860419273 8.7679511755704862 11.631577447056769
leaf_count=43 41 90 46 77 40 40 67 43 47 46 48 84 52 44 316 58 48 63 79 39 46 40 64 69 40 48 73 73 40 56
internal_value=0.00166056 0.0153395 0.00878747 -0.000196198 0.000461804 -0.000439055 -0.0171882 0.0174968 0.000769311 0.00901026 -0.0114766 0.0168107 0.0273593 0.000513537 -0.00152274 0.00431993 0.00705938 -0.00444308 -0.0137996 0.0144672 0.0309399 0.00792235 -0.00665484 -0.0162761 -0.0283728 -0.00930246 -0.00135639 -0.00405488 0.0276188 0.0210121
internal_weight=416.499 49.7782 40.9908 366.721 357.073 339.139 22.8207 17.9347 316.318 68.833 18.9813 49.8516 30.2633 19.5883 247.485 115.731 106.126 41.5733 30.7202 64.5528 18.355 46.1978 131.754 46.7899 32.4728 17.3966 84.9645 28.7283 17.4695 21.5173
internal_count=1960 233 192 1727 1650 1564 107 86 1457 314 88 226 136 90 1143 533 486 190 142 296 85 211 610 221 157 88 389 131 80 102
is_linear=0
shrinkage=0.05


Tree=67
num_leaves=31
num_cat=0
split_feature=2 12 14 14 14 5 19 9 19 15 14 9 19 9 13 3 12 0 13 13 8 19 14 14 0 6 1 14 3 1
split_gain=2.82745 4.71031 2.06873 5.08451 3.83841 3.75653 4.16581 7.86365 4.87219 4.59952 4.11967 3.60343 4.58316 3.62343 3.27081 3.20908 2.55958 5.38294 5.05258 3.887 7.6092 2.57496 2.55457 2.8374 5.22236 3.77289 3.72058 3.58696 2.99784 3.22682
threshold=-0.051866499999999989 -0.051224999999999993 0.022056500000000003 0.021013500000000001 0.023080000000000003 0.043621500000000007 1.260067 0.17004650000000002 1.4338020000000002 4.5000000000000009 0.012663000000000002 0.060781000000000009 2.0851375000000005 0.12616750000000002 -0.051171999999999995 -0.028877999999999997 0.0039945000000000007 2.2107515000000002 0.0092030000000000011 0.034670000000000006 46.516572000000004 1.0244550000000003 0.025427000000000002 0.031732000000000003 2.0073370000000001 0.060998500000000004 0.041070000000000009 0.039961000000000003 0.12126750000000001 0.021072500000000004
decision_type=2 2 2 2 2 2 2 2 2 2 2 2 2 2 2 2 2 2 2 2 2 2 2 2 2 2 2 2 2 2
left_child=-1 -2 3 5 -4 6 7 -3 -8 10 -10 12 -12 -13 -6 -16 17 -17 -18 -20 -21 -22 -23 28 -25 -26 -27 -28 29 -24
right_child=1 2 4 -5 14 -7 8 -9 9 -11 11 13 -14 -15 15 16 18 -19 19 20 21 22 23 24 25 26 27 -29 -30 -31
leaf_value=0.020022211658059643 -0.030356727753308107 -0.036378710582775357 -0.028480882549579357 0.030377524680300201 0.026712589986992524 0.025643885318923157 0.03024237524727863 0.013230262563745583 0.036300329615034252 -0.024955922625161595 0.036904494931237007 -0.039504245258372539 -0.0075158793975202741 -0.00067712764246744082 -0.029712206550922177 0.039544154980691609 -0.033884858494231444 -0.01333059109881863 0.024270502740049049 -0.054371894494001427 0.022711234308716081 0.016592390562837633 -0.034473449039319509 -0.028065237809399003 0.034591933574394121 -0.028892032733212697 0.027008944717361635 -0.0030592174210392646 -0.035270561014368991 0.003618089832270497
leaf_weight=15.177977360785006 14.092850573360918 20.696091346442699 14.872190922498701 15.861980699002741 9.345103055238722 13.400801315903662 14.208766356110571 13.009338006377218 8.8480062931776029 16.573382064700127 11.226149648427965 8.6942615211009997 12.028968334197996 19.453947059810162 11.076022982597349 10.456357941031458 13.047582216560839 8.9196091443300229 13.379591986536978 7.1017820015549651 10.317273788154123 14.518373623490332 7.6407982110977199 13.632022403180597 9.7865599989891034 8.8014473021030408 14.63216322660446 30.790401585400105 13.728579834103583 20.413613222539425
leaf_count=75 67 97 68 73 45 68 63 58 40 74 50 40 53 88 55 48 62 44 61 37 46 66 41 64 46 52 65 149 63 88
internal_value=-0.00116064 -0.00196331 -0.000927908 0.00356657 -0.00390545 0.00048799 -0.00221453 -0.0172311 0.00334539 -0.00162922 0.00478727 -0.000637039 0.0139276 -0.0126698 -0.00222571 -0.00352435 -0.00205322 0.0152036 -0.0039339 -0.00156179 -0.00384521 -0.00135785 -0.00321182 -0.00561938 3.42999e-05 0.00601852 0.000861483 0.00662677 -0.0161252 -0.00675638
internal_weight=415.732 400.554 386.461 154.002 232.459 138.14 124.739 33.7054 91.0335 76.8247 60.2513 51.4033 23.2551 28.1482 217.587 208.242 197.166 19.376 177.79 164.743 151.363 144.261 133.944 119.426 77.6426 64.0106 54.224 45.4226 41.783 28.0544
internal_count=1946 1871 1804 704 1100 631 563 155 408 345 271 231 103 128 1032 987 932 92 840 778 717 680 634 568 376 312 266 214 192 129
is_linear=0
shrinkage=0.05


Tree=68
num_leaves=31
num_cat=0
split_feature=2 3 2 5 4 0 5 1 6 7 7 19 7 15 6 4 12 19 0 2 7 0 19 19 7 6 6 3 3 2
split_gain=2.88345 2.45827 3.5531 3.21367 4.96048 5.37212 5.0321 4.66341 4.68121 4.67497 3.92617 3.92252 3.81614 6.08307 3.98961 3.71442 4.0493 3.55178 4.00181 2.94192 4.02174 4.82471 2.72185 2.61754 2.38186 2.34227 3.52384 2.51318 3.00138 2.31979
threshold=0.25975700000000007 -0.082649999999999987 -0.028690999999999998 0.039905000000000003 -0.028873999999999997 1.473797 0.032380000000000006 0.017556000000000006 0.068644000000000011 0.58533700000000011 0.65542250000000013 1.2710285000000001 0.9259980000000001 2.5000000000000004 0.128584 -0.009637999999999999 0.021436500000000001 1.3889480000000003 3.7742210000000003 0.013920000000000002 0.87312650000000014 2.4504060000000005 1.3440370000000004 1.1719575000000002 0.58242950000000004 0.034541000000000009 0.041264000000000009 0.046830500000000004 0.072799000000000016 0.017793500000000004
decision_type=2 2 2 2 2 2 2 2 2 2 2 2 2 2 2 2 2 2 2 2 2 2 2 2 2 2 2 2 2 2
left_child=1 -1 -3 4 6 -6 29 8 10 -9 -5 -8 14 17 19 -7 22 -14 -19 -11 21 23 -17 -21 -18 -26 -27 -28 -29 -4
right_child=-2 2 3 7 5 15 11 9 -10 12 -12 -13 13 -15 -16 16 24 18 -20 20 -22 -23 -24 -25 25 26 27 28 -30 -31
leaf_value=0.022782427650153966 0.027296841283446296 -0.019902849552084021 0.021329448201863759 -0.065823158775006926 -0.031664561103295921 -0.021226166445807049 0.016007741565541578 0.028710119742828385 0.0022886878641950391 -0.023957122243650701 -0.021243175234790305 0.05995336281821731 -0.027855553057907434 0.032586005061241277 -0.036473276240823492 0.0028597464872919419 -0.020821397168881577 0.033419827204538059 -0.0095003530351313453 0.041368370004739516 -0.030213925449583373 -0.0099562549283417224 0.037496460262923297 0.0066749654511017642 0.022371817872591956 -0.027327868214264701 -0.014318489330825379 0.030121083930408001 0.0020849227347944769 -0.01340740188392006
leaf_weight=10.496902823448179 9.142713397741316 25.189399570226669 8.4902805462479609 6.9714966267347362 12.360762208700178 14.355644360184668 10.538206771016123 12.043959848582743 13.850204534828661 16.959088183939457 16.939525492489338 9.7997382432222349 11.23080864548683 15.937929689884184 12.465239509940146 9.2536944746971148 10.991884157061575 8.6187001094222087 14.683443069458006 10.225450173020365 9.1817276030778867 22.818939015269279 14.653739020228384 11.609285883605478 14.286719962954519 9.9948776662349683 13.38000977039337 13.500019967555998 32.59317409992218 11.076690576970575
leaf_count=52 44 123 41 37 57 67 49 55 79 79 98 45 53 72 62 43 50 39 71 45 41 107 64 52 62 44 59 60 144 51
internal_value=-0.000470544 -0.00109816 -0.00173438 -0.000493497 0.00415187 -0.000134581 0.0197671 -0.00518289 -0.0208424 -0.00112647 -0.0342409 0.0371827 -0.00381359 0.00703476 -0.0103897 0.00279554 0.00570186 -0.00475786 0.00637442 -0.00579701 -7.62587e-05 0.00612067 0.0240899 0.0229223 0.00106202 0.00393397 0.000142069 0.00475858 0.0102963 0.00166522
internal_weight=413.64 404.498 394.001 368.811 185.275 145.371 39.9049 183.536 37.7612 145.775 23.911 20.3379 133.731 50.4709 83.2597 133.01 118.654 34.533 23.3021 70.7945 53.8354 44.6537 23.9074 21.8347 94.7467 83.7548 69.4681 59.4732 46.0932 19.567
internal_count=1945 1901 1849 1726 836 650 186 890 214 676 135 94 621 235 386 593 526 163 110 324 245 204 107 97 419 369 307 263 204 92
is_linear=0
shrinkage=0.05


Tree=69
num_leaves=31
num_cat=0
split_feature=3 0 18 15 19 19 15 14 0 7 19 0 14 6 0 0 0 0 8 7 19 6 14 0 8 11 1 4 12 13
split_gain=2.93257 2.35264 5.1643 4.26358 3.94862 4.16666 3.14478 6.53966 3.77172 3.13565 3.09832 6.0015 2.89463 2.81704 2.79952 4.0732 2.69295 4.46747 4.3894 2.82289 3.98941 2.60314 2.46193 3.87494 2.38805 2.28876 2.24019 3.77093 4.45846 2.23376
threshold=-0.082649999999999987 3.0440840000000002 0.70000000000000007 2.5000000000000004 1.3889480000000003 1.7662435000000003 1.0000000180025095e-35 0.037708500000000013 1.6520875000000002 0.93582700000000008 2.7319910000000003 14.528177500000002 0.027529000000000001 0.035345000000000008 1.5791190000000002 2.2468145000000006 1.6069980000000001 2.4093380000000004 72.561378500000018 0.76396550000000019 1.3889480000000003 0.055042500000000001 0.021728500000000001 11.662167000000002 47.761193000000013 0.71231050000000018 0.053518500000000004 -0.055604499999999994 0.019671500000000005 0.026424500000000004
decision_type=2 2 2 2 2 2 2 2 2 2 2 2 2 2 2 2 2 2 2 2 2 2 2 2 2 2 2 2 2 2
left_child=-1 6 3 4 -3 -6 7 8 -2 22 25 21 29 14 -8 -16 26 18 -18 -19 -21 -12 -4 -24 -10 -7 27 -15 -29 -5
right_child=1 2 9 12 5 10 13 -9 24 -11 11 -13 -14 16 15 -17 17 19 -20 20 -22 -23 23 -25 -26 -27 -28 28 -30 -31
leaf_value=0.024771939748046954 -0.02353960525273506 -0.044677803545436323 0.016488767462166948 -0.018693837097216809 0.02233531688673409 -0.010242660858660551 0.014578717321995916 -0.049382535061562309 -0.0070213865150580554 0.025206687939606925 -0.0082180750276704181 -0.035045614657718341 -0.0078533360921523142 -0.034534116616488343 -0.031880277075196035 0.0099438784988902327 0.024756610512866178 -0.022592680825789014 -0.013190949999738613 -0.017051817679058646 0.028887266559198523 0.025950756779050083 -0.020358484457786614 0.019097651896295198 0.021624611427425805 -0.043859483900177895 0.019748516981580644 0.024251796835072 -0.019056207404249553 -0.051591957021782181
leaf_weight=10.800521999597548 13.132504545152186 6.0452917590737334 13.726842433214186 8.5855108387768286 13.508702754974363 12.689396120607855 9.9975733086466771 8.4674551039934141 13.26207707822323 15.262386590242384 8.7116011306643504 8.5711410194635373 12.045292496681212 9.7901294976472837 16.033896245062355 9.1395720690488798 58.418076410889626 11.652828715741636 8.7635596916079503 8.4590862840414065 10.708448953926561 15.477334536612032 21.661177009344105 8.7307517826557142 16.116895720362663 8.4248208999633771 8.9396863877773267 11.74404698610306 12.030452139675615 12.931643247604368
leaf_count=56 60 33 61 40 61 61 47 47 61 69 42 45 57 45 76 42 272 59 40 39 49 77 104 39 73 42 41 54 55 58
internal_value=-0.000931135 -0.00163746 -0.00615269 -0.0127155 -0.0059674 -0.00249448 0.00167684 -0.00925627 -0.00126391 0.00567185 -0.00872042 0.00090583 -0.0274789 0.00484947 -0.00780558 -0.0166954 0.00801723 0.0125759 0.0198065 -0.00318535 0.00861326 0.0136449 -0.001086 -0.00902384 0.00869341 -0.0236562 -0.00249359 -0.00841761 0.00233693 -0.0384654
internal_weight=403.829 393.028 166.372 106.991 73.4283 67.383 226.656 50.9789 42.5115 59.3812 53.8743 32.7601 33.5624 175.677 35.171 25.1735 140.506 98.002 67.1816 30.8204 19.1675 24.1889 44.1188 30.3919 29.379 21.1142 42.5043 33.5646 23.7745 21.5172
internal_count=1905 1849 789 516 361 328 1060 241 194 273 267 164 155 819 165 118 654 459 312 147 88 119 204 143 134 103 195 154 109 98
is_linear=0
shrinkage=0.05


Tree=70
num_leaves=31
num_cat=0
split_feature=6 6 8 1 0 3 8 3 3 15 1 8 6 6 19 1 9 12 0 9 9 9 3 7 0 6 3 13 19 0
split_gain=2.22083 3.64889 4.27738 4.23936 3.79481 5.78972 3.59255 3.28449 5.49344 3.46189 5.50615 2.66333 2.44645 11.4106 3.79038 2.77371 2.63385 3.39758 2.3992 5.00196 2.65668 3.5184 3.08686 3.24049 4.42612 3.78183 2.89983 2.57193 3.6646 2.20136
threshold=0.049458500000000009 0.058549500000000011 32.030424000000004 0.013495000000000002 3.3124195000000003 0.049601500000000007 38.714170000000003 0.083049000000000026 0.065293500000000018 1.5000000000000002 0.052679500000000011 75.993092500000003 0.10795250000000002 0.092393500000000017 2.4337560000000003 0.020308500000000004 0.069474500000000008 0.021051000000000004 2.7860245000000003 0.019930000000000003 0.18893450000000003 0.26820300000000008 -0.027599999999999996 0.85522050000000005 1.8402860000000001 0.034842000000000005 0.03984300000000001 0.026424500000000004 2.8811360000000001 1.7586090000000001
decision_type=2 2 2 2 2 2 2 2 2 2 2 2 2 2 2 2 2 2 2 2 2 2 2 2 2 2 2 2 2 2
left_child=18 3 -3 -2 5 -5 -4 8 12 10 -9 -12 13 14 16 -14 -8 -18 20 -20 22 -22 -1 24 -24 -25 -26 -21 -29 -27
right_child=1 2 6 4 -6 -7 7 9 -10 -11 11 -13 15 -15 -16 -17 17 -19 19 27 21 -23 23 25 26 29 -28 28 -30 -31
leaf_value=-0.032198614762456924 0.045728794386656849 0.025542766519600281 -0.026829825871393837 -0.027005397570912706 0.030725786547609504 0.018577098583899276 0.0044085012272422524 -0.046243992302818289 0.036243216815230156 0.0014293465058816672 -0.018822714255661802 0.013275226402069604 0.0049463707398184507 0.053123170865698427 0.023255217248070295 -0.036907145820779232 -0.0064235745439764156 -0.044636014851358485 0.011518387128265544 -0.008579295651937437 0.024928680303800764 -0.0093950203997605914 -0.01224364104163931 -0.040771995222518898 0.034947548333817885 0.016771263646111988 0.00098394390758819723 -0.053140979091396603 -0.011029468140907663 -0.01917596374521726
leaf_weight=9.9752179831266385 8.7982917055487615 14.205670297145842 14.489256173372267 13.079388312995436 12.161239206790922 14.904856517910956 15.91249470412731 12.479103617370127 12.707177609205244 45.767448037862778 16.282291032373909 10.715951338410376 7.6378402933478347 10.344368018209932 9.8280588239431363 8.2176002189517003 14.473766021430494 9.7258337140083295 13.438998281955717 15.370352998375891 18.469443261623386 12.53224642574787 19.383474335074425 9.9076349288225192 13.814908526837828 8.1843916550278681 11.529934026300905 12.291452646255495 8.9117422699928266 8.8796541392803174
leaf_count=48 41 71 71 60 54 66 70 64 57 215 76 49 41 48 45 46 66 46 60 76 86 60 90 48 63 39 53 58 46 42
internal_value=-0.000900374 0.00204214 -0.000915267 0.0142955 0.00740653 -0.00272743 -0.00290833 -0.000917401 0.00580969 -0.00792877 -0.018778 -0.00608263 0.000730565 0.00532697 -0.00457331 -0.0167456 -0.0113917 -0.0217812 -0.00545335 -0.0145672 -0.00140809 0.0110535 -0.00613819 -0.00251255 0.00574172 -0.016201 0.0194967 -0.0241524 -0.0354414 -0.00193467
internal_weight=414.42 251.731 202.787 48.9438 40.1455 27.9842 188.581 174.092 88.8471 85.2448 39.4773 26.9982 76.14 60.2845 49.9402 15.8554 40.1121 24.1996 162.689 50.0125 112.677 31.0017 81.6752 71.7 44.7283 26.9717 25.3448 36.5735 21.2032 17.064
internal_count=1955 1186 965 221 180 126 894 823 419 404 189 125 362 275 227 87 182 112 769 240 529 146 383 335 206 129 116 180 104 81
is_linear=0
shrinkage=0.05


Tree=71
num_leaves=31
num_cat=0
split_feature=11 12 6 18 14 14 19 19 19 12 4 14 7 14 4 4 1 11 4 7 11 6 6 5 11 6 11 19 8 7
split_gain=3.51383 4.26128 3.4135 3.52392 2.39483 2.30402 3.46137 3.1226 3.16788 2.4631 3.23889 2.41453 2.294 3.8065 2.36775 2.14842 3.55973 3.22488 3.12103 3.81312 3.43703 3.23573 6.47151 2.18191 2.27812 4.70008 4.73546 3.63407 4.13643 2.73356
threshold=0.98581450000000015 0.058080000000000007 0.13584500000000002 0.70000000000000007 0.073628500000000013 0.056972000000000002 8.3595145000000013 3.6965760000000008 3.3678850000000007 0.12507200000000002 0.18107500000000001 0.043609500000000009 0.65419550000000015 0.021400000000000002 0.075669500000000015 0.019182500000000005 0.066880500000000023 0.086853500000000014 0.034075500000000009 0.59117750000000013 0.79772750000000014 0.064855500000000024 0.050022000000000004 0.021042500000000002 0.22223850000000003 0.060000500000000005 1.0000000180025095e-35 1.2852090000000003 35.736042000000005 0.7743150000000002
decision_type=2 2 2 2 2 2 2 2 2 2 2 2 2 2 2 2 2 2 2 2 2 2 2 2 2 2 2 2 2 2
left_child=4 -2 3 -3 5 6 7 8 9 10 11 15 -9 -14 -15 16 23 -17 -19 -20 21 22 -21 -1 25 26 -25 28 -26 -28
right_child=1 2 -4 -5 -6 -7 -8 12 -10 -11 -12 -13 13 14 -16 17 -18 18 19 20 -22 -23 -24 24 27 -27 29 -29 -30 -31
leaf_value=-0.02412445509645875 0.031427434481926309 -0.027092567494941051 0.022991038254488602 0.0095788583158110743 -0.027832867428546126 0.021079185691050533 0.027298443384001805 0.0050127268188126977 0.027796594546561429 -0.022086648614933018 0.020230322958736169 -0.028933409608980221 0.0057814435733127782 -0.058379964318742518 -0.021408323507422791 -0.027637177325700164 0.030247180798703067 -0.026140921013302287 -0.031643267758388452 0.0038474781286256948 -0.023433517763303546 -0.010383236095544476 0.048498878620759966 -0.0078354939760905094 0.012004012294322873 -0.014839791324744906 0.053376790449979852 0.0056751981217757763 -0.026357888480263599 0.017010511159372323
leaf_weight=8.747374624013899 18.07995043694973 12.787962734699251 13.047198399901388 13.431999787688254 8.7491876110434514 11.087829805910586 9.7300485745072347 8.4081763029098493 9.0528616458177549 14.829402841627596 16.611316695809364 8.3921299651265127 7.0573408454656628 7.7393394187092808 9.8318835496902448 16.353119552135468 10.501525357365606 12.662137895822523 7.9837046116590491 26.334902361035347 9.0051166266202909 14.16967813670635 11.728838853538035 9.2697363346815127 9.8055743873119336 12.313349112868307 10.324070677161219 49.032658010721207 24.797364093363285 10.345456659793852
leaf_count=42 84 60 66 60 71 57 46 42 39 67 75 41 36 40 45 72 48 62 39 121 42 64 51 43 46 56 47 220 118 50
internal_value=-0.000142428 0.0113411 0.00209267 -0.00830648 -0.0019982 -0.00134515 -0.00208729 -0.00296625 -0.00131922 -0.00224992 -0.00115383 -0.00256473 -0.0175367 -0.0252351 -0.0376927 -0.00165548 0.00220945 -0.00736557 -0.00331712 0.000857807 0.00509499 0.0100133 0.0176062 2.25145e-05 0.00170037 0.0111635 0.0218581 -0.00308039 -0.0154871 0.0351748
internal_weight=412.211 57.3471 39.2672 26.22 354.864 346.115 335.027 325.297 292.26 283.207 268.378 251.767 33.0367 24.6286 17.5712 243.375 145.137 98.2375 81.8844 69.2222 61.2385 52.2334 38.0637 134.636 125.888 42.2526 29.9393 83.6356 34.6029 20.6695
internal_count=1950 270 186 120 1680 1609 1552 1506 1343 1304 1237 1162 163 121 85 1121 670 451 379 317 278 236 172 622 580 196 140 384 164 97
is_linear=0
shrinkage=0.05


Tree=72
num_leaves=31
num_cat=0
split_feature=11 6 19 14 14 5 6 14 14 2 3 13 14 14 11 9 11 11 6 13 11 1 9 7 15 11 7 19 11 11
split_gain=3.96658 3.36845 4.37518 3.01149 3.31889 2.80301 3.23468 3.75513 4.22149 3.67387 3.89822 3.44543 3.69707 4.27308 3.30494 3.70403 2.33376 3.39673 5.53572 3.6643 3.28999 3.80087 3.58395 2.93687 2.90773 2.7774 2.66932 2.25308 2.65258 2.78685
threshold=0.98581450000000015 0.04207700000000001 1.7227885000000003 0.029338000000000003 0.04034250000000001 0.023457000000000002 0.128584 0.012663000000000002 0.014343500000000002 0.12815000000000001 0.14201200000000003 0.12892550000000005 0.04227100000000001 0.036753500000000008 0.33541650000000006 0.12117300000000002 0.35241950000000005 0.012579000000000002 0.042390500000000005 0.061974000000000008 0.45227250000000002 0.025136000000000002 0.046777500000000007 0.7743150000000002 1.5000000000000002 0.20156250000000003 0.5873520000000001 1.0822355000000001 0.46201900000000007 0.68660700000000008
decision_type=2 2 2 2 2 2 2 2 2 2 2 2 2 2 2 2 2 2 2 2 2 2 2 2 2 2 2 2 2 2
left_child=5 -2 -3 -4 -5 -1 7 -7 -9 11 -11 12 13 16 -8 -16 17 24 25 23 21 -18 -22 -20 -10 -19 -24 -13 -29 -30
right_child=1 2 3 4 -6 6 14 8 9 10 -12 27 -14 -15 15 -17 20 18 19 -21 22 -23 26 -25 -26 -27 -28 28 29 -31
leaf_value=-0.015883300152929113 -0.01280616700755711 0.048505243034220803 0.032991983060379475 -0.022368610988757254 0.015772163373897651 0.034675404091089039 -0.037953594471300964 -0.030772505395763195 -0.0062911750825764973 0.049291626265361627 0.004849838592260642 0.013933301043847574 0.028005056260226376 -0.029489554196802589 0.011944844960518777 -0.030684626978876056 0.001952236985024643 0.032156077302723449 -0.012541256315154951 0.0043291455798885985 0.025851382114262945 0.043493171738237468 -0.026276113983390265 -0.04646901915328365 0.025890840107236964 -0.0075377089548805398 0.0032029696659236781 0.0030452907019420821 -0.050884927792414339 -0.01419182933882009
leaf_weight=25.033638343214989 9.3676611334085447 10.474740266799925 11.461772531270979 8.9332773536443728 15.77666988968849 9.0988257899880391 9.7418093308806402 9.4746139869093877 12.781935073435307 8.5719941407442111 11.627213686704634 7.0951854512095442 14.995805732905863 10.059465453028677 14.481713466346266 7.8619203567504874 9.6746186912059802 9.082803279161455 11.54376754909754 10.028350770473478 16.189438372850418 12.780806452035902 8.5856540799140912 14.254905819892882 15.567218258976936 8.5602746903896314 72.73107061162591 11.097439177334307 7.8558175489306477 15.162191487848757
leaf_count=116 42 51 52 40 79 47 52 45 57 39 53 32 77 48 71 50 47 42 53 44 75 56 41 66 69 40 335 50 37 77
internal_value=0.00216837 0.0145547 0.0200494 0.0118091 0.0019833 0.000261979 0.00145457 0.00303421 0.00206721 0.00314665 0.0237097 0.00159707 0.00401329 0.00231495 -0.0136509 -0.00305493 0.00390051 -0.00261055 -0.0100286 -0.0213183 0.00834135 0.0255958 0.00436769 -0.0312878 0.0113808 0.012897 9.04831e-05 -0.0117025 -0.0170341 -0.0267148
internal_weight=419.953 56.0141 46.6465 36.1717 24.7099 363.938 338.905 306.819 297.721 288.246 20.1992 268.047 226.836 211.84 32.0854 22.3436 201.781 81.8193 53.4701 35.827 119.962 22.4554 97.5062 25.7987 28.3492 17.6431 81.3167 41.2106 34.1154 23.018
internal_count=1983 264 222 171 119 1719 1603 1430 1383 1338 92 1246 1050 973 173 121 925 371 245 163 554 103 451 119 126 82 376 196 164 114
is_linear=0
shrinkage=0.05


Tree=73
num_leaves=31
num_cat=0
split_feature=19 19 1 11 15 11 19 3 13 15 9 12 8 14 14 14 3 3 19 12 1 12 5 5 9 5 9 6 11 1
split_gain=4.98739 5.91692 4.24438 4.51548 4.21808 4.85325 3.81148 3.71911 3.42023 3.38623 3.16314 3.88085 4.8923 3.41429 2.95011 2.89566 2.54506 2.33563 2.32082 3.36906 6.37972 5.76874 3.41499 5.33656 6.0984 3.12076 4.60199 3.89016 2.8819 5.00054
threshold=2.7022870000000005 2.3321650000000003 0.066880500000000023 0.90138900000000011 2.5000000000000004 0.6740385000000001 3.7783540000000007 0.07646950000000001 -0.081303499999999987 1.0000000180025095e-35 0.14580100000000004 0.043293500000000006 66.27879350000002 0.029047500000000004 0.04134100000000001 0.020776500000000003 0.015030000000000002 0.098764500000000019 0.94532000000000005 0.045158500000000011 0.041070000000000009 0.038024000000000009 0.040851500000000006 0.059730000000000005 0.14516350000000003 0.036146500000000005 0.20237250000000004 0.056546500000000006 0.22570750000000003 0.026454500000000002
decision_type=2 2 2 2 2 2 2 2 2 2 2 2 2 2 2 2 2 2 2 2 2 2 2 2 2 2 2 2 2 2
left_child=1 2 3 8 5 -4 9 -3 -1 -2 11 -8 -13 -12 -14 -5 -17 18 -10 21 -21 22 25 24 -24 26 27 28 -20 -30
right_child=6 7 4 15 -6 -7 10 -9 17 -11 13 12 14 -15 -16 16 -18 -19 19 20 -22 -23 23 -25 -26 -27 -28 -29 29 -31
leaf_value=-0.038696807389102889 0.04353713823941234 -0.010081800968974937 0.021328033756182752 0.036887908937792209 0.037476548483898857 -0.022335108332235395 0.033970867393352915 -0.04770847990538938 -0.0209873015180835 0.011942947437426283 -0.044508837531939155 -0.033552710263932244 -0.0037396627756271536 0.0039022331532973537 0.028918934513264927 -0.019289053862811611 0.01725576091395168 0.013787835714782948 0.011266962682709901 -0.034700096164012303 0.011348851332543909 0.037997433568782976 -0.0027257054175774953 0.018609656352567006 -0.047620381319667733 0.0240415118619378 0.020147922885752775 -0.039334406842232002 -0.04062507120844825 0.010776327723511864
leaf_weight=8.0469255968928319 11.212720192968844 15.33363149315119 14.551714718341829 9.4919254034757632 12.637424901127813 11.311065703630446 10.362386845052241 11.487209632992743 25.453085951507092 34.809588901698589 7.1117486469447595 8.6608409360051137 17.317233584821228 7.46517613530159 11.511395081877707 7.6670493856072452 12.583075314760206 14.6213117018342 17.723490700125694 21.828662745654583 11.475574180483816 8.8423764333128911 14.681282073259355 8.6815904155373556 15.603856451809405 13.51263055950403 16.572310566902161 9.3678180724382383 10.189055785536768 8.833838224411009
leaf_count=40 52 71 70 43 58 57 49 55 118 161 40 42 77 43 55 38 60 67 82 104 51 41 68 44 79 63 75 42 50 40
internal_value=-0.000467933 -0.00378512 -0.00158869 -0.00410808 0.0138008 0.00223199 0.00872334 -0.0261971 -0.00674425 0.0196404 0.000675273 0.00688712 -0.000599049 -0.0197164 0.00930106 0.0141005 0.00341926 -0.00544164 -0.00698 -0.00471363 -0.0188331 -0.000921633 -0.00390982 -0.0159499 -0.0258569 0.00224726 -0.00245068 -0.0105721 -0.00323963 -0.0167553
internal_weight=408.948 300.497 273.676 235.176 38.5002 25.8628 108.451 26.8208 205.434 46.0223 62.4288 47.8519 37.4895 14.5769 28.8286 29.7421 20.2501 197.387 182.766 157.312 33.3042 124.008 115.166 38.9667 30.2851 76.1991 62.6865 46.1142 36.7464 19.0229
internal_count=1935 1416 1290 1105 185 127 519 126 964 213 306 223 174 83 132 141 98 924 857 739 155 584 543 191 147 352 289 214 172 90
is_linear=0
shrinkage=0.05


Tree=74
num_leaves=31
num_cat=0
split_feature=0 19 6 9 12 9 6 3 11 9 9 12 12 11 0 5 4 19 1 18 3 0 6 0 0 14 3 2 14 14
split_gain=2.49216 5.58562 4.57318 4.15038 4.10869 3.69276 3.55987 3.47598 3.31924 5.11154 3.88353 3.2927 2.9267 4.25361 3.66325 3.39272 2.81737 4.25512 4.26426 2.71193 5.20773 3.35556 2.9481 2.72268 2.52696 2.46156 2.4271 5.7037 2.27207 5.84146
threshold=2.3421755000000006 1.3831270000000002 0.035345000000000008 0.078168500000000016 0.068802000000000016 0.16705350000000002 0.028922500000000004 0.26596200000000009 0.47182550000000006 0.118882 0.18416150000000003 0.051995500000000007 0.00068900000000000005 0.88819450000000011 1.6069980000000001 0.042170000000000006 -0.04014149999999999 1.3357460000000001 0.033318000000000007 0.70000000000000007 0.071378500000000025 3.9225500000000006 0.055628000000000004 6.7311115000000017 4.7373520000000005 0.035123500000000009 0.046482500000000003 0.024608500000000002 0.021825000000000004 0.032580000000000005
decision_type=2 2 2 2 2 2 2 2 2 2 2 2 2 2 2 2 2 2 2 2 2 2 2 2 2 2 2 2 2 2
left_child=2 26 5 7 11 6 -1 19 9 -5 -11 12 13 14 -4 -16 -14 18 -18 20 22 -22 -3 -23 -24 -6 27 -2 -21 -30
right_child=1 3 4 8 25 -7 -8 -9 -10 10 -12 -13 16 -15 15 -17 17 -19 -20 28 21 23 24 -25 -26 -27 -28 -29 29 -31
leaf_value=0.0029184436424034982 -0.0039882759886892957 0.00093828574878409676 -0.0037208293011799149 -0.027346637508517686 -0.020679820369845031 0.0098094206143443888 -0.037124667293479151 -0.022542098694923369 -0.017110146422247719 0.035513218290942741 -0.0023091754829026112 0.042618272306603491 -0.023585662865044193 0.051591607676668386 0.048864115593820777 0.010196734644976072 0.040970124004485409 -0.012999046175597488 -8.685516903508276e-05 0.0385595953723816 0.012708667159288268 -0.047388053553007743 0.046018090958230479 -0.0078134082131745726 0.0090254003866632373 0.0072813215560248853 -0.0061570735712943338 -0.060148396657635689 -0.010012095433071407 0.037736480573024207
leaf_weight=8.6719195321202296 8.2365669608116203 20.309723280370235 18.894457921385765 10.381494686007498 16.371742278337482 13.690345630049704 15.419034883379934 9.6323339790105802 48.695068504661322 11.809470593929293 15.957688048481939 8.7781090661883336 8.8136793896555883 8.4150199145078641 9.5250673890113848 14.026604570448397 12.523008622229101 15.550357423722742 12.776577815413473 11.126434758305548 7.5206122845411327 8.5470836684107798 9.7606817781925219 8.8424755260348302 8.7592358961701375 15.159685268998144 12.410094670951365 10.022330038249491 14.191569685935976 11.674621216952799
leaf_count=40 42 91 87 48 72 62 79 44 253 52 81 40 41 43 46 67 58 76 57 49 36 39 47 42 41 72 59 51 65 53
internal_value=9.79866e-05 -0.0033681 0.00452002 -0.000281066 0.00866387 -0.0109267 -0.0227105 0.00615329 -0.00845813 0.00258579 0.0137768 0.0132508 0.0106864 0.0191168 0.0126786 0.0258351 0.00205267 0.00758434 0.0202359 0.00889723 0.00264728 -0.0151963 0.0140944 -0.0272646 0.0285219 -0.00723666 -0.0232185 -0.0348146 0.0196662 0.0115391
internal_weight=406.493 227.877 178.616 197.208 140.834 37.7813 24.091 110.365 86.8437 38.1487 27.7672 109.303 100.525 50.8611 42.4461 23.5517 49.6636 40.8499 25.2996 100.732 63.7398 24.9102 38.8296 17.3896 18.5199 31.5314 30.669 18.2589 36.9926 25.8662
internal_count=1933 1093 840 941 659 181 119 507 434 181 133 515 475 243 200 113 232 191 115 463 296 117 179 81 88 144 152 93 167 118
is_linear=0
shrinkage=0.05


Tree=75
num_leaves=31
num_cat=0
split_feature=13 7 13 0 19 11 13 5 12 8 11 11 0 1 0 1 5 2 13 7 2 2 11 8 8 0 11 6 12 6
split_gain=2.4772 6.68932 4.8699 3.06454 5.48828 3.04932 4.49672 5.7952 7.54569 5.00059 4.56206 4.35576 5.77947 4.07458 4.04533 3.46607 3.99862 2.77402 3.72824 5.02791 4.16368 3.37857 3.2115 2.91029 4.22667 3.49625 2.6755 2.59278 5.28298 2.83737
threshold=0.21359950000000003 0.9259980000000001 0.16646450000000004 2.3553785000000005 1.3831270000000002 0.61270150000000012 -0.027668999999999996 0.054290500000000012 0.0023630000000000005 60.174894500000008 0.37590600000000002 0.72361100000000012 8.0818495000000024 0.032512500000000007 6.0757340000000015 0.044638500000000005 0.04108450000000001 -0.022752999999999999 0.036635500000000008 0.64298350000000004 0.053015000000000007 0.038030000000000008 0.40138900000000005 59.782247000000005 66.27879350000002 1.8070635000000002 0.73667450000000012 0.037620500000000008 0.0010870000000000001 0.057817500000000008
decision_type=2 2 2 2 2 2 2 2 2 2 2 2 2 2 2 2 2 2 2 2 2 2 2 2 2 2 2 2 2 2
left_child=2 26 3 17 -5 6 -6 8 -8 10 13 -7 15 -10 -11 16 -13 22 20 -20 21 27 -1 25 -25 -21 -2 28 -19 -29
right_child=1 -3 -4 4 5 11 7 -9 9 14 -12 12 -14 -15 -16 -17 -18 18 19 23 -22 -23 -24 24 -26 -27 -28 29 -30 -31
leaf_value=-0.03172053762744894 -0.051336626907222231 0.013074835527832167 0.021814790675897658 -0.027909832768497202 0.039083286834520628 -0.033457356218678715 -0.048861003143260577 0.029243238316381034 -0.023443089868623562 -0.029121538587351527 0.040764432507301357 0.0096231172018027052 -0.040763137454215358 0.019537781912106852 0.0085465682887525783 0.02563874041940032 -0.031642962044378435 -0.023386473562407788 0.027952503599095832 -0.0078466240889914756 0.03660743942912395 -0.020771363494592215 0.0046677281490389803 0.025366670064399396 -0.018848969891520986 -0.048029428605568435 -0.017243747265786046 0.033046077405084633 0.027395545777523612 0.0039062602967723965
leaf_weight=11.002611979842188 7.5685508176684406 17.568683236837387 24.53613068908453 24.113793462514877 8.0707604289054853 15.88625033199787 8.8801922872662526 14.200063697993754 9.6948314383626002 18.277399726212028 10.622607320547102 15.59115467220545 8.3819866850972158 12.786666393280028 11.684113219380377 13.349988415837286 9.4154091216623765 11.845532715320589 10.380546741187571 14.299060799181463 15.692756146192549 8.8700467869639379 13.507512778043745 10.442597374320032 11.203703343868254 8.7111480385065061 24.010965473949909 20.061266131699085 9.0224727541208249 14.314528211951254
leaf_count=55 38 84 116 122 40 78 44 70 46 84 48 70 40 56 51 63 53 55 48 67 74 41 63 49 51 42 121 95 41 69
internal_value=-0.00111818 -0.0116561 0.000301381 -0.00124973 -0.00570231 -0.00228798 0.00339597 5.25233e-05 -0.0057089 0.000367299 0.0137618 -0.0108393 -0.00315147 0.00100288 -0.0144321 0.00506774 -0.00591428 0.00380643 0.00661899 -0.00339249 0.0135232 0.00787302 -0.011667 -0.0106787 0.00248152 -0.0230589 -0.0254147 0.0124722 -0.0014304 0.0209119
internal_weight=413.993 49.1482 364.845 340.309 180.955 156.841 94.2166 86.1459 71.9458 63.0656 33.1041 62.6248 46.7385 22.4815 29.9615 38.3566 25.0066 159.354 134.844 55.0371 79.8066 64.1138 24.5101 44.6565 21.6463 23.0102 31.5795 55.2438 20.868 34.3758
internal_count=1974 243 1731 1615 865 743 439 399 329 285 150 304 226 102 135 186 123 750 632 257 375 301 118 209 100 109 159 260 96 164
is_linear=0
shrinkage=0.05


Tree=76
num_leaves=31
num_cat=0
split_feature=4 4 14 14 8 4 13 19 1 2 1 6 19 14 19 1 19 4 2 7 7 11 11 7 9 1 11 2 19 5
split_gain=1.4999 6.28835 3.59109 3.95071 2.94287 2.45988 3.29986 2.3243 3.31805 2.81515 2.76456 2.29159 1.8736 1.79789 2.4239 2.47705 2.98659 2.60927 1.9628 5.32033 4.01408 3.29901 3.25519 2.88366 2.50468 2.49794 6.48845 4.88752 3.91465 4.26663
threshold=0.19807450000000001 0.23093350000000004 0.033052500000000005 0.05852050000000001 73.26160400000002 0.10120550000000002 0.14214900000000003 0.94532000000000005 -0.037804499999999991 0.031094500000000004 -0.019704999999999997 0.09045750000000001 0.83840200000000009 0.011639000000000002 3.6965760000000008 0.0079790000000000017 4.6899265000000012 0.057259000000000011 0.076534500000000019 0.96435300000000013 0.87819700000000012 0.56630100000000005 0.39595050000000004 0.8042720000000001 0.21124150000000003 0.010631000000000002 0.5133930000000001 0.0032625000000000002 1.6572935000000004 0.042312000000000009
decision_type=2 2 2 2 2 2 2 2 2 2 2 2 2 2 2 2 2 2 2 2 2 2 2 2 2 2 2 2 2 2
left_child=4 -2 -3 11 7 -6 -7 9 -9 12 -10 -4 -1 -12 18 -16 -17 -18 19 20 25 23 -22 -20 -21 26 27 -15 29 -27
right_child=1 2 3 -5 5 6 -8 8 10 -11 13 -13 -14 14 15 16 17 -19 21 24 22 -23 -24 -25 -26 28 -28 -29 -30 -31
leaf_value=-0.010487257462950957 0.039390567082771333 -0.027885899268450944 0.032579952503820002 -0.015399443952971881 0.004611686368236576 -0.051583722156233858 -0.0082184916983684391 0.036034534223021046 -0.033994685563112456 0.0044514286355553873 0.018957337604156264 0.0034577670396249158 -0.042609661545341598 -0.027583074912093965 -0.0400683720376067 -0.030019853892341943 0.024705368189407103 -0.013498041405391688 0.00042775137782556259 -0.028709489923156126 0.0023245025870934021 -0.0033442525165823184 0.036586492433443571 0.037023336620807389 -0.00070804391846076989 0.013617680218311551 0.039907600986592566 0.021743619320486723 -0.017665082613276373 -0.016112875287854916
leaf_weight=9.1372941434383446 11.688882708549498 10.142011627554892 12.284589201211931 14.96685131639242 7.9735457599163082 8.3748912662267703 9.2123391777276975 6.4577592760324469 5.9291595965623847 12.41122457385063 12.607163228094576 15.00727032124996 9.0211900547146779 11.518348135054113 6.7292200773954383 8.7683046385645884 8.939779460430147 8.938029967248438 8.4127853140234965 21.953797116875648 13.144701115787031 21.359209910035133 14.668941564857958 14.947164937853811 12.552063219249247 35.785636141896248 12.285781376063822 8.903810150921343 36.16539341956377 18.207399852573872
leaf_count=44 55 46 55 91 38 43 42 33 27 57 65 71 44 54 41 44 43 42 39 103 61 98 67 69 64 166 59 41 165 88
internal_value=-0.000793795 0.00622963 -0.00116749 0.00524488 -0.00210077 -0.0184246 -0.0288686 -0.000792134 0.000598042 -0.0139016 -0.000213977 0.0165662 -0.0264458 0.000512012 -0.000371241 -0.0129628 -0.00611754 0.00560553 0.00145668 -0.000813588 0.003242 0.010858 0.0203943 0.0238439 -0.0185235 -0.00064082 0.0111956 -0.00607724 -0.00493488 0.00359201
internal_weight=408.495 64.0896 52.4007 42.2587 344.405 25.5608 17.5872 318.844 288.274 30.5697 281.817 27.2919 18.1585 275.888 263.28 33.3753 26.6461 17.8778 229.905 185.186 150.68 44.7192 27.8136 23.36 34.5059 122.866 32.7079 20.4222 90.1584 53.993
internal_count=1955 318 263 217 1637 123 85 1514 1369 145 1336 126 88 1309 1244 170 129 85 1074 868 701 206 128 108 167 573 154 95 419 254
is_linear=0
shrinkage=0.05


Tree=77
num_leaves=31
num_cat=0
split_feature=7 11 12 0 9 11 8 3 8 3 3 11 4 0 0 11 4 0 12 1 14 4 13 13 3 3 13 3 13 7
split_gain=2.02149 2.18422 4.35144 3.58145 3.03062 2.93534 3.19243 3.44599 2.45284 4.05519 4.40353 3.30515 2.81164 2.05899 2.04733 1.89687 1.88951 3.87524 3.42509 2.69821 3.50149 4.47343 2.4082 4.08426 2.48826 2.22144 2.42294 3.94344 2.89992 2.39794
threshold=0.42910050000000005 0.94409700000000008 0.0065475000000000004 2.8566950000000007 0.041015500000000003 0.88741200000000009 60.6918705 0.011451000000000001 62.889840000000007 0.057344500000000007 0.07880150000000001 0.71231050000000018 0.11257100000000002 3.8767955000000005 1.8868775000000002 0.90399400000000008 0.025691000000000002 7.200006000000001 0.030133000000000004 0.059696000000000006 0.032580000000000005 0.069150000000000003 0.040472000000000008 0.026921000000000004 0.056137500000000007 0.036374500000000004 1.0000000180025095e-35 0.011451000000000001 -0.017747499999999996 0.83304900000000004
decision_type=2 2 2 2 2 2 2 2 2 2 2 2 2 2 2 2 2 2 2 2 2 2 2 2 2 2 2 2 2 2
left_child=-1 5 -3 14 -5 6 16 -8 -9 -10 -11 12 -12 -14 -4 -7 17 18 22 20 21 -18 23 24 25 26 28 -28 -2 -30
right_child=1 2 3 4 -6 15 7 8 9 10 11 -13 13 -15 -16 -17 19 -19 -20 -21 -22 -23 -24 -25 -26 -27 27 -29 29 -31
leaf_value=-0.025180610368250235 -0.0031787482139445065 0.035165633226694401 0.0031630630143719219 0.025144669080039695 -0.0057390464847600769 -0.038068553770072365 0.036099988297571488 0.022436109781454296 -0.017493141172851188 0.033318582661727637 -0.029295266872977111 0.018750817843204492 0.019685998525696899 -0.014465326495788822 -0.029395812065853684 -0.0053404262535039918 -0.026982712877087214 -0.030322471410637153 0.024372503886855895 -0.032145595096188827 0.017936227046365799 0.012526014783212755 -0.024704459806623676 0.03397346853257787 -0.023941159484016039 0.019535561290580948 0.0046072644528279416 -0.039244113458333819 0.0020362686351884226 0.037928355367229015
leaf_weight=7.2254818901419631 53.010876394808278 13.473889403045176 9.2703593373298663 20.578278340399265 12.937640234827994 7.9287039712071445 9.9480263218283635 16.969854980707169 20.758520662784576 13.463705793023108 11.025491684675218 16.228731051087379 8.9713787473738211 8.687012776732443 10.076196618378161 10.025148957967756 21.084792330861095 9.7446960844099504 15.629475675523279 11.395289886742829 12.19575574621558 10.852269902825354 9.4401459097862226 8.9809829741716367 10.747689127922056 14.439442746341227 10.549824688583614 9.9736491516232473 9.4238226562738578 9.1930835470557195
leaf_count=39 252 66 43 95 65 41 47 78 95 60 53 75 41 40 49 51 101 52 74 57 60 52 46 40 52 66 56 48 45 42
internal_value=0.00103449 0.00149988 0.00980046 0.00333524 0.0132231 -0.000116446 0.000978274 0.00808634 0.00518658 0.00148755 0.00823705 0.000718224 -0.00948423 0.00288532 -0.0137945 -0.0197937 -0.00250102 0.000240028 0.00220729 -0.0104551 -0.00485451 -0.0135576 -0.000344503 0.00147597 -0.00101136 0.00130069 -0.00155659 -0.0167029 0.00278327 0.0197599
internal_weight=414.23 407.005 66.3364 52.8625 33.5159 340.668 322.715 106.053 96.1047 79.1348 58.3763 44.9126 28.6839 17.6584 19.3466 17.9539 216.662 161.134 151.389 55.5281 44.1328 31.9371 135.76 126.319 117.338 106.591 92.1513 20.5235 71.6278 18.6169
internal_count=1981 1942 318 252 160 1624 1532 489 442 364 269 209 134 81 92 92 1043 773 721 270 213 153 647 601 561 509 443 104 339 87
is_linear=0
shrinkage=0.05


Tree=78
num_leaves=31
num_cat=0
split_feature=9 7 6 5 5 5 14 14 0 14 3 6 1 11 14 9 1 14 0 5 13 0 11 0 6 3 13 9 15 6
split_gain=2.05063 3.12776 3.95181 3.10854 5.75053 3.31329 4.41346 4.83817 5.0349 4.39637 4.18139 4.51735 5.89693 3.45005 4.06664 3.25516 3.04589 3.2532 3.21602 2.94046 2.76737 2.76218 2.64436 3.1334 4.83875 3.31727 2.63162 2.63096 2.59383 2.47602
threshold=0.10889200000000002 0.80026700000000017 0.128584 0.025727000000000003 0.029273000000000004 0.046738000000000009 0.029338000000000003 0.017692500000000003 4.1176280000000007 0.031732000000000003 0.19174100000000002 0.083403000000000019 0.035744500000000005 0.43405800000000005 0.022944000000000003 0.049260500000000006 0.049874000000000009 0.025119500000000006 4.065083500000001 0.055292000000000008 -0.005370999999999999 6.266899500000001 0.24401900000000001 1.5115075000000002 0.076986000000000013 -0.010127999999999998 0.024109000000000002 0.042080500000000007 2.5000000000000004 0.042390500000000005
decision_type=2 2 2 2 2 2 2 2 2 2 2 2 2 2 2 2 2 2 2 2 2 2 2 2 2 2 2 2 2 2
left_child=3 2 22 15 -5 6 7 -6 13 -8 11 12 27 14 -9 -1 17 20 19 -18 -3 -12 29 -24 25 -25 -27 -7 -13 -2
right_child=1 16 -4 4 5 10 9 8 -10 -11 21 28 -14 -15 -16 -17 18 -19 -20 -21 -22 -23 23 24 -26 26 -28 -29 -30 -31
leaf_value=0.0010804645137381986 0.040741661696920492 0.0045242396330076136 -0.032050394425772503 0.033457392137804333 -0.028430035024851766 0.0064038605646188993 -0.048302036445820089 -0.021130714392002335 -0.013379783223334911 -0.0049299999144491718 -0.032604417489546879 0.021084022073937173 -0.022006098605668795 0.029434208275858395 0.024801799605885251 -0.037735498453003023 -0.02674228143930148 -0.033715012819280861 0.027492239577751716 0.01081503723673664 -0.021361485410223858 0.0071350535890595049 0.025328151264918289 0.0095581173090315049 0.019315853136613964 -0.035855405569669305 -0.0051548203488928626 0.041900970296344237 0.054395812858271102 0.0049284083168124109
leaf_weight=14.170168153941633 9.324470594525339 20.176551803946495 7.4481604024767867 17.092396765947342 10.417910680174826 12.479669742286207 9.3319041877985018 9.8065105676651019 18.831655189394951 15.626472614705561 7.8307968154549625 15.884542629122736 12.450968295335768 25.643737427890301 9.4742392525076848 8.7280735895037633 10.435438483953481 19.010297264903784 9.2095782458782178 10.41076687723398 21.14581723511219 9.9017791971564275 11.238787420094011 11.574273943901057 16.345693692564964 15.716025345027452 12.557736650109289 8.973310209810732 9.2446201592683774 10.004265785217283
leaf_count=65 42 92 45 79 51 57 41 45 85 71 40 78 56 119 43 42 49 103 45 55 109 45 53 57 82 74 63 41 43 46
internal_value=0.000394756 -0.00347444 0.00290059 0.00370315 0.0057698 0.00307934 -0.00295938 0.00316037 0.00832232 -0.0211467 0.0108775 0.0172732 0.00536549 0.0174195 0.00143976 -0.0137149 -0.010119 -0.0165972 0.00288521 -0.00798585 -0.00872221 -0.0104141 0.00590101 0.00122759 -0.00359254 -0.0129896 -0.0222198 0.0212515 0.0333389 0.0222053
internal_weight=400.487 184.598 94.2094 215.889 192.991 175.898 99.1324 74.1741 63.7561 24.9584 76.7657 59.0331 33.9039 44.9245 19.2807 22.8982 90.3884 60.3327 30.0558 20.8462 41.3224 17.7326 86.7613 67.4325 56.1937 39.848 28.2738 21.453 25.1292 19.3287
internal_count=1916 915 462 1001 894 815 455 343 292 112 360 275 154 207 88 107 453 304 149 104 201 85 417 329 276 194 137 98 121 88
is_linear=0
shrinkage=0.05


Tree=79
num_leaves=31
num_cat=0
split_feature=18 0 13 4 13 14 7 9 14 14 14 14 15 14 15 9 13 19 7 8 9 0 9 19 2 8 7 1 19 19
split_gain=3.65721 2.79351 3.632 3.4009 2.07727 4.47891 4.33364 3.21132 3.61996 6.17671 3.33103 6.16345 3.51119 4.97719 3.46888 4.33172 2.99127 2.94678 2.8622 2.80113 2.71179 3.21305 3.63085 3.05739 3.29841 5.77748 2.70263 2.55111 2.53819 4.18439
threshold=0.3000000000000001 2.2583120000000005 -0.023522499999999998 -0.061240999999999997 0.21359950000000003 0.056972000000000002 0.9259980000000001 0.11041350000000001 0.037085500000000007 0.032227500000000006 0.031880500000000006 0.025559000000000002 1.5000000000000002 0.016723500000000006 4.5000000000000009 0.014471000000000003 0.04812700000000001 1.0196755000000002 0.87540850000000014 72.379377500000018 0.12616750000000002 3.3689825000000004 0.16904150000000004 1.7739385000000003 0.024608500000000002 45.476087500000013 0.69706000000000012 0.029424500000000003 1.2457090000000004 1.7662435000000003
decision_type=2 2 2 2 2 2 2 2 2 2 2 2 2 2 2 2 2 2 2 2 2 2 2 2 2 2 2 2 2 2
left_child=1 3 -3 -1 5 7 19 10 9 17 11 12 28 -14 15 -13 -10 -9 26 -6 -19 23 -23 24 -22 -26 -12 -15 -2 -30
right_child=4 2 -4 -5 6 -7 -8 8 16 -11 18 14 13 27 -16 -17 -18 20 -20 -21 21 22 -24 -25 25 -27 -28 -29 29 -31
leaf_value=0.018952451675507812 -0.022898880330245935 -0.056179345528429563 -0.012377982017759432 -0.01835044527502824 -0.045391335939550394 0.03614349855019524 0.011480321974702419 0.013764476288217456 -0.0056564547070808019 0.031473761372012493 0.028837031476420357 -0.049674061619112711 -0.0041722041876156571 0.042794552388604967 0.011185163211314473 -0.0074805274506845182 -0.045348196252015166 -0.032013780940745536 0.039954015440359592 -0.010910033291490142 0.012990766393503562 0.034694814063853475 -0.0044152334978387426 -0.030355983110246773 -0.046470462211851568 0.0039551365893668649 -0.0080577805654295353 0.015479749758141363 0.031108380516266482 -0.0054332050781499136
leaf_weight=10.598397687077524 10.108032643795012 7.165929980576041 13.938125777989624 14.428053639829157 8.0160454921424407 9.6203289180994016 17.033586673438549 18.037943750619888 10.120608046650888 13.19195520877838 9.2811274528503436 10.483057148754598 16.6779914945364 17.105112083256245 8.8855745792388898 14.491867706179617 8.9395488947629911 10.687559701502321 12.067084640264509 22.205939307808876 15.994836688041685 9.1169788539409655 16.999414958059788 16.141805335879326 9.5324652343988436 14.056738577783106 10.669891916215418 17.087597467005253 11.097982630133627 26.639629833400249
leaf_count=51 48 34 83 73 46 62 83 83 49 61 41 47 77 76 42 65 46 51 55 108 76 41 82 79 46 65 49 80 50 121
internal_value=-0.000588418 -0.013852 -0.0272508 -0.00255312 0.00109116 0.00254885 -0.0086884 0.00149753 -0.00398857 -0.000864638 0.00625784 0.00276229 0.00907623 0.0182214 -0.0156453 -0.025191 -0.0242726 -0.00472297 0.0207318 -0.0200558 -0.00832695 -0.00523375 0.0092377 -0.0120159 -0.0045371 -0.016422 0.00910553 0.0291441 -0.0006471 0.00531305
internal_weight=410.421 46.1305 21.1041 25.0265 364.291 317.035 47.2556 307.415 142.82 123.76 164.595 132.577 98.7163 50.8707 33.8605 24.9749 19.0602 110.568 32.0181 30.222 92.5298 81.8422 26.1164 55.7258 39.584 23.5892 19.951 34.1927 47.8456 37.7376
internal_count=1970 241 117 124 1729 1492 237 1430 679 584 751 606 452 233 154 112 95 523 145 154 440 389 123 266 187 111 90 156 219 171
is_linear=0
shrinkage=0.05


Tree=80
num_leaves=31
num_cat=0
split_feature=14 9 6 12 13 7 6 19 19 5 19 19 6 7 5 7 5 9 5 12 12 6 7 9 14 0 19 19 9 11
split_gain=2.13874 3.44984 3.31136 1.68983 3.95591 3.23241 1.72192 2.60921 3.3886 4.09263 3.03986 3.30127 3.83469 3.0971 2.8999 2.29982 2.40406 3.40878 3.88586 3.7223 2.2434 2.47374 2.20128 3.20876 3.45265 2.37044 1.96736 2.70846 3.64157 4.63525
threshold=0.070810500000000012 0.089167500000000025 0.17998700000000004 -0.061470999999999991 -0.037813499999999993 0.67153550000000017 0.15348550000000002 8.3595145000000013 3.6965760000000008 0.053544000000000001 2.8554235000000001 2.5167435000000005 0.095112500000000016 0.72474500000000008 0.042704000000000006 0.56591350000000007 0.0496715 0.11289850000000001 0.060308500000000008 0.079579000000000011 0.094156500000000018 0.071273500000000004 0.80632700000000013 0.013028000000000001 0.018118500000000006 2.0745800000000005 1.9056530000000003 1.3889480000000003 0.069474500000000008 0.31142250000000005
decision_type=2 2 2 2 2 2 2 2 2 2 2 2 2 2 2 2 2 2 2 2 2 2 2 2 2 2 2 2 2 2
left_child=2 -2 3 -1 5 -5 7 8 10 14 11 12 15 -12 -10 -6 20 19 -19 -18 21 22 23 -17 -25 -26 27 28 -24 -30
right_child=1 -3 -4 4 6 -7 -8 -9 9 -11 13 -13 -14 -15 -16 16 17 18 -20 -21 -22 -23 26 24 25 -27 -28 -29 29 -31
leaf_value=-0.019054108780170192 0.0074673158060610638 -0.044729853459444899 0.030740787259329373 0.039703266499327088 -0.0241594306385641 0.0058416902791262968 -0.017787552489108113 0.022031392209174619 -0.013096078464863551 0.0142703046099006 -0.0042372590978764441 -0.022436715246357139 0.020561519402276084 0.029762884515398821 -0.046616869109710114 -0.01871690853134815 0.019988264961880914 -0.050776861677497599 -0.0041428443050389764 -0.022022476968227279 0.021912822693663542 -0.017749185286920835 0.018676939880023342 -0.0013759898651900416 0.039769854792306464 0.012018954073481585 -0.02208046280661026 0.01242389226048423 -0.04713421376870594 -0.002343232569454515
leaf_weight=12.075079411268232 5.8515963181853277 6.8960640542209148 8.5911708623170835 10.34325188398361 11.107680067420004 22.120300181210041 15.736057899892328 11.997110188007353 17.599173083901409 8.4957400336861593 11.330742858350279 17.654583238065243 20.644018962979317 16.380880296230316 10.186442539095877 8.6646994873881322 12.027959838509561 9.1465926915407199 8.7312961220741254 9.3881120979785901 12.892580993473528 17.05201281607151 8.7043698355555517 21.267747722566128 14.252558529376985 16.725278675556183 11.856621503829954 25.750891782343388 9.1687665432691592 15.60982410609722
leaf_count=57 34 64 41 50 55 103 78 57 83 40 50 81 98 76 56 39 54 47 45 42 59 76 40 99 63 78 58 118 45 77
internal_value=-0.000611756 -0.0207696 3.79648e-05 -0.000643778 -5.07005e-05 0.0166304 -0.00163239 -0.000854099 -0.00172672 -0.0160993 0.000146614 -0.00159077 -1.11975e-05 0.0158609 -0.0253851 -0.00201124 -0.000788743 -0.0118832 -0.0280015 0.00157212 0.00190319 0.000172423 0.00248756 0.00946313 0.0141367 0.0247868 -0.00348911 0.000232253 -0.00914403 -0.0189171
internal_weight=408.249 12.7477 395.502 386.91 374.835 32.4636 342.372 326.636 314.639 36.2814 278.357 250.646 232.991 27.7116 27.7856 212.347 201.239 39.294 17.8779 21.4161 161.945 149.053 132.001 60.9103 52.2456 30.9778 71.0905 59.2339 33.483 24.7786
internal_count=1963 98 1865 1824 1767 153 1614 1536 1479 179 1300 1174 1093 126 139 995 940 188 92 96 752 693 617 279 240 141 338 280 162 122
is_linear=0
shrinkage=0.05


Tree=81
num_leaves=31
num_cat=0
split_feature=5 2 13 8 5 11 19 9 13 19 6 14 9 0 0 0 19 11 11 14 0 2 9 5 8 13 6 11 4 10
split_gain=2.21206 2.98701 4.33371 4.92818 2.82383 3.00363 3.70448 5.07497 3.6336 3.73798 3.5814 7.85501 6.10023 3.35273 2.75729 2.67709 2.41111 2.30205 5.86999 2.17594 4.59743 6.35883 3.23523 4.21249 3.23288 3.96552 3.06781 3.66485 3.62168 3.61729
threshold=0.042312000000000009 -0.028690999999999998 -0.037813499999999993 38.340063000000008 0.043458000000000004 0.81291650000000015 2.2442145000000004 0.088558500000000012 0.20123000000000002 2.2154815000000005 0.081872000000000014 0.030349500000000005 0.21966000000000002 2.5129150000000005 2.1703260000000006 6.169038500000001 1.2385570000000004 0.57735500000000006 0.28768950000000004 0.021013500000000001 4.1493380000000011 0.06788000000000001 0.027964500000000003 0.03511100000000001 47.139210500000011 0.0055340000000000016 0.040251500000000009 0.68660700000000008 0.045765500000000008 1.0000000180025095e-35
decision_type=2 2 2 2 2 2 2 2 2 2 2 2 2 2 2 2 2 2 2 2 2 2 2 2 2 2 2 2 2 2
left_child=1 -1 -3 -4 -2 8 13 15 9 10 14 -12 -13 16 -6 -8 -7 18 -11 24 22 -22 -21 -24 -5 -26 28 29 -27 -28
right_child=4 2 3 19 5 6 7 -9 -10 17 11 12 -14 -15 -16 -17 -18 -19 -20 20 21 -23 23 -25 25 26 27 -29 -30 -31
leaf_value=-0.019963923696006507 -0.026072725865467161 0.030326121141824994 -0.029580036160851128 -0.021615759571346087 -0.0097058668427315933 0.01410817495881813 -0.010443533911505175 -0.033737894081862889 -0.029420706031137285 -0.0060492052726653731 0.046306108785710454 0.013095067327488078 -0.044980452842138155 -0.0051652281173220523 -0.035779407527057536 0.02202476515394956 0.050419829112037795 -0.012662020453959198 0.043307479327832674 0.03755463566552418 -0.040239073505994483 0.011818088503479554 -0.019120571104173506 0.023628050068788115 0.030168657387158085 0.026767700375084219 -0.005450680244984199 0.016811627324028924 -0.009107385758884862 -0.04195478197083851
leaf_weight=12.887937769293783 13.590404376387594 15.416686616837977 11.092425391077994 14.78498727083206 29.582364067435265 9.0060024261474663 11.323909126222135 10.316768273711203 15.834786310791968 12.270406678318979 7.8910251110792187 9.9073124676942843 8.3180084526538831 8.6997249424457532 15.427578687667845 14.44997864961624 9.2845286242663843 8.0764487572014314 11.833520777523516 18.079504765570164 8.6504687368869799 18.225677967071533 8.4118999838829058 18.299269445240498 12.126435838639734 16.512758061289791 18.468450807034969 9.5540276467800123 12.256852246820925 10.728801459074022
leaf_count=61 65 74 52 74 138 43 55 59 82 63 37 50 48 46 80 66 45 48 56 84 40 83 39 86 56 74 83 44 57 50
internal_value=-0.000283508 0.00334016 0.0048995 0.00268723 -0.00408637 -0.0024466 0.00637556 -0.00410273 -0.0071176 -0.00369899 -0.0100964 0.0046328 -0.0134105 0.0203869 -0.0186428 0.00775963 0.0325405 0.0104408 0.0181818 0.00484211 0.0114113 -0.00493725 0.021221 0.0101656 -0.000143395 0.00384253 -0.000885514 -0.0100686 0.0114837 -0.0188645
internal_weight=401.309 205.496 192.608 177.192 195.813 182.222 63.0809 36.0907 119.141 103.307 71.1263 26.1163 18.2253 26.9903 45.0099 25.7739 18.2905 32.1804 24.1039 166.099 71.6668 26.8761 44.7907 26.7112 94.4323 79.6473 67.5209 38.7513 28.7696 29.1973
internal_count=1938 957 896 822 981 916 314 180 602 520 353 135 98 134 218 121 88 167 119 770 332 123 209 125 438 364 308 177 131 133
is_linear=0
shrinkage=0.05


Tree=82
num_leaves=31
num_cat=0
split_feature=1 2 12 0 14 1 12 6 14 13 0 13 13 9 14 3 9 9 9 13 0 11 0 12 4 12 2 3 2 4
split_gain=2.80403 1.69798 2.38385 1.81278 3.62344 2.51151 3.93829 3.23587 2.98867 3.72253 3.31225 2.7241 2.91737 3.2401 3.67254 2.83286 2.71089 2.53734 4.15824 5.4862 2.46184 4.43596 2.87645 4.81253 2.68866 2.44271 2.34617 2.28037 3.61222 3.22442
threshold=0.14538000000000004 -0.051866499999999989 -0.061470999999999991 4.7830630000000012 0.013921500000000002 0.026214500000000005 0.029022500000000003 0.10412100000000001 0.016723500000000006 -0.013323499999999997 1.7103990000000002 0.013100500000000001 -0.0011019999999999999 0.26820300000000008 0.024282000000000001 0.0071025000000000012 0.11426800000000002 0.11181650000000001 0.052691000000000009 0.087035500000000016 6.266899500000001 0.57321450000000007 7.2843695000000013 0.12047200000000001 0.080012500000000014 0.0096865000000000024 0.099886500000000017 0.035339000000000002 0.034701500000000003 0.18107500000000001
decision_type=2 2 2 2 2 2 2 2 2 2 2 2 2 2 2 2 2 2 2 2 2 2 2 2 2 2 2 2 2 2
left_child=1 -1 -3 5 -5 6 8 11 9 -4 -10 12 13 14 -7 -13 -12 18 19 -8 21 -6 -22 24 -24 -11 -9 -17 -29 -30
right_child=-2 2 3 4 20 7 17 26 10 25 16 15 -14 -15 -16 27 -18 -19 -20 -21 22 -23 23 -25 -26 -27 -28 28 29 -31
leaf_value=0.015227451573552778 0.023381934487919098 -0.026465503266352431 -0.028980453690240066 0.030086579033762068 -0.0035882921672014748 0.028028428397693997 0.01511057401193204 0.0027339288499272562 0.027884843706301451 0.02066174703222028 0.020759802075948186 0.038493964358854792 -0.024196450578030583 -0.019194795689547212 -0.0092556647521915072 -0.0090518008017369429 -0.013309093751892133 -0.034892626394012638 0.020370352010703224 -0.033940823367039546 0.019753963235165983 -0.046112424851021586 -0.011675696069364586 0.013911731294571973 -0.045320300547659613 -0.014502957260296351 -0.036754868564907749 0.037023630574572974 0.00020076068911648764 0.025065015288286092
leaf_weight=15.130757309496401 11.955497089773415 9.5893121883273107 13.542245574295519 5.8544420823454848 12.946164309978487 16.655163571238521 8.2292797267436999 7.3903984241187555 17.525801613926888 11.069311089813711 9.3601604029536265 9.0315293669700605 11.84855219721794 10.676094919443129 10.945276468992232 14.480791203677652 15.521297633647917 12.82469232752919 9.0285744071006757 18.550228849053383 9.8780865669250471 11.652917273342608 18.581285655498508 13.672375150024889 8.726975277066229 8.9166454374790174 7.6601219847798347 12.611290812492369 43.403862193226814 18.637891665101051
leaf_count=77 62 47 66 30 61 78 37 44 83 55 43 44 55 51 54 68 81 74 43 91 46 60 88 66 44 44 40 57 192 82
internal_value=-0.000473401 -0.00119737 -0.00185343 -0.00121421 -0.00780669 0.000647662 -0.00469987 0.00472584 0.00241492 -0.00874091 0.011235 0.00696784 -0.00251583 0.00419544 0.013243 0.0118104 -0.000492709 -0.0158089 -0.00897411 -0.0188674 -0.0107467 -0.0237325 -0.00446572 -0.0103037 -0.0224276 0.00497317 -0.0173643 0.00910666 0.0126289 0.0076702
internal_weight=405.897 393.942 378.811 369.221 81.3122 287.909 124.568 163.341 75.9355 33.5282 42.4073 148.29 50.1251 38.2765 27.6004 98.1654 24.8815 48.6328 35.8081 26.7795 75.4578 24.5991 50.8587 40.9806 27.3083 19.986 15.0505 89.1338 74.653 62.0418
internal_count=1963 1901 1824 1777 395 1382 617 765 372 165 207 681 238 183 132 443 124 245 171 128 365 121 244 198 132 99 84 399 331 274
is_linear=0
shrinkage=0.05


Tree=83
num_leaves=31
num_cat=0
split_feature=6 5 6 2 13 2 2 13 9 4 19 2 13 6 6 9 1 1 9 7 2 19 14 1 1 1 6 9 2 9
split_gain=2.91893 2.54181 3.43621 2.50127 2.8705 1.99242 2.47058 2.24453 4.36908 3.51272 3.21195 3.37268 3.78667 3.40999 4.31716 3.5104 3.85426 3.24232 2.65768 2.54413 2.51172 2.12893 2.38347 2.10841 2.84381 2.0115 1.81871 1.74784 3.6376 4.59036
threshold=0.11850600000000001 0.065623500000000015 0.16668300000000005 0.12503650000000002 0.22241050000000004 -0.043956499999999996 -0.028690999999999998 -0.037813499999999993 0.23944300000000004 -0.065149499999999985 1.8060995000000004 0.0032625000000000002 0.07933850000000002 0.056546500000000006 0.066247000000000014 0.042080500000000007 0.020881000000000004 0.025387000000000003 0.055111000000000007 0.51711950000000007 -0.0096974999999999995 1.1228085000000003 0.018380500000000004 -0.0048604999999999994 0.0031700000000000005 0.010977000000000002 0.051715000000000004 0.0020890000000000001 0.013920000000000002 0.022993000000000003
decision_type=2 2 2 2 2 2 2 2 2 2 2 2 2 2 2 2 2 2 2 2 2 2 2 2 2 2 2 2 2 2
left_child=3 2 -2 5 -5 -1 -7 8 -8 26 11 20 13 15 -15 -13 -17 -14 -19 -12 -11 -18 -23 -21 -25 -26 -9 -27 -29 -30
right_child=1 -3 -4 4 -6 6 7 9 -10 10 19 12 17 14 -16 16 21 18 -20 23 -22 22 -24 24 25 27 -28 28 29 -31
leaf_value=0.017684193878335894 -0.014395171270103311 -0.024723399005336821 0.020996010837007972 0.030366225130400566 -0.0041507910131764842 -0.021845025942598802 0.034622321289433357 -0.040138351997697538 -0.0040522081190502044 0.005403815837582775 0.027352722614862626 0.048826363767398601 -0.030004220339702715 -0.026638110484529111 0.016961001658000949 -0.0074864011847201178 0.041948153587925752 0.015152134472006638 -0.015666940255223954 0.019867647577289507 -0.028620786610592055 -0.0048781555032516204 0.030911334764521792 -0.036654313315317225 0.019058308759811037 -0.023301443278011265 -0.0073439038587575743 0.023807517606149662 0.016055613792157971 -0.016491685228091107
leaf_weight=15.563203617930411 19.740992411971096 21.056574150919914 10.509891122579573 15.08579106628895 10.026523873209952 13.165120750665663 13.298578187823297 8.1813388392329234 16.19672553986311 10.269021324813368 5.5431673601269713 10.12574443221092 9.0454243049025518 9.4631962925195712 14.194305069744585 12.352285601198671 12.072036996483805 19.496260270476345 10.909620344638823 6.697255812585353 11.496446818113325 8.3521264791488665 10.500655621290205 8.5811072401702386 7.0676960721611968 16.596530824899673 8.7484104484319669 9.3470761403441411 13.763126596808432 50.888226561248302
leaf_count=74 93 140 50 70 46 63 64 39 76 50 28 47 45 43 65 61 53 87 53 32 58 39 52 57 34 73 42 44 62 243
internal_value=-0.000232766 -0.0113843 -0.00209942 0.00136979 0.0165847 0.000218648 -0.000640586 0.000280164 0.013385 -0.00113213 0.0003224 0.005499 0.00887406 0.0153236 -0.000479004 0.0223242 0.0161233 -0.00372386 0.00409426 -0.00571896 -0.0125679 0.0255538 0.0150559 -0.00734213 -0.00905734 -0.00663254 -0.0231919 -0.00863679 -0.00534777 -0.00956294
internal_weight=408.334 51.3075 30.2509 357.027 25.1123 331.915 316.351 303.186 29.4953 273.691 256.761 138.277 116.512 77.0604 23.6575 53.4028 43.2771 39.4513 30.4059 118.484 21.7655 30.9248 18.8528 112.941 106.244 97.6627 16.9297 90.595 73.9984 64.6514
internal_count=1983 283 143 1700 116 1584 1510 1447 140 1307 1226 653 545 360 108 252 205 185 140 573 108 144 91 545 513 456 81 422 349 305
is_linear=0
shrinkage=0.05


Tree=84
num_leaves=31
num_cat=0
split_feature=8 14 2 15 2 12 3 3 12 9 9 12 11 5 12 8 14 11 11 8 11 8 7 8 19 12 19 14 7 2
split_gain=1.89595 4.13498 3.31121 3.20324 2.61202 4.59939 2.91851 3.07886 2.58644 2.43024 2.47558 3.22914 2.5133 2.35681 2.09532 1.87536 1.84717 1.78326 4.04689 2.95325 3.79505 4.23613 2.89926 4.95284 3.43576 2.84998 4.24288 2.58363 2.14599 6.02678
threshold=60.6918705 0.012663000000000002 -0.0055379999999999987 4.5000000000000009 0.11375150000000002 0.14634050000000001 0.11957250000000001 0.15306700000000004 0.093548000000000006 0.0020890000000000001 0.15642550000000002 0.068023500000000015 0.44722200000000006 0.045209500000000007 0.09104050000000001 59.38294650000001 0.055175500000000009 0.37211550000000004 0.45227250000000002 34.782609500000007 0.32173150000000006 41.578596000000012 0.76396550000000019 53.418133500000003 1.0630310000000003 0.016256000000000003 1.3562300000000003 0.022702500000000004 0.8042720000000001 0.0032625000000000002
decision_type=2 2 2 2 2 2 2 2 2 2 2 2 2 2 2 2 2 2 2 2 2 2 2 2 2 2 2 2 2 2
left_child=15 -2 -3 4 6 -6 8 -8 9 -4 11 12 -11 -7 -5 17 -15 19 27 -1 21 -21 25 24 -24 26 -20 -19 29 -23
right_child=1 2 3 14 5 13 7 -9 -10 10 -12 -13 -14 16 -16 -17 -18 18 22 20 -22 28 23 -25 -26 -27 -28 -29 -30 -31
leaf_value=0.018777004593761831 0.041065675163842671 0.02485627090628223 -0.028760666343258134 3.0732927657877696e-05 0.039049776545448743 -0.022059886330608597 -0.043233605541938828 -0.00072355498844531383 0.021133208893055803 0.0032882691676872134 -0.019599709544528443 -0.011722716523521887 0.038047273367079332 0.026069170297133976 -0.027946224152901218 -0.023720125237552205 -0.0052698161307493351 0.041848502981481767 -0.025432328979391312 -0.03885155943803837 -0.039767154572899838 -0.027085100102738149 0.019402872052679588 0.034562842847088666 -0.0098908872870329886 -0.03134219362590266 0.010493554623277451 0.0038745227287414982 -0.011892896893336211 0.019760901592558666
leaf_weight=8.9417830705642682 6.6647641956806174 13.226802676916121 7.8292309269309035 11.275584377348425 11.787992164492605 7.5767992734909084 8.1991384923458117 8.8643360137939435 13.98913039267063 10.655355282127859 10.597114250063894 12.72124884277582 10.158719122409819 9.7545645534992236 16.465355545282364 12.001882515847681 9.0775400176644307 8.7660495936870593 14.152076318860052 9.485819496214388 10.38348502665758 9.7378609254956228 13.397224336862562 10.873669803142546 39.584147814661264 14.089705560356377 19.601050339639187 9.1592729613184911 34.472363285720348 23.276812091469765
leaf_count=44 29 67 36 54 55 35 39 44 67 50 53 59 46 45 77 58 49 42 71 48 49 48 63 53 201 74 94 44 172 105
internal_value=-0.00158487 0.00246729 0.000881083 -0.00124789 0.00225987 0.0130804 -0.00271892 -0.02115 0.00204975 -0.0030879 0.00146652 0.00812342 0.0202531 0.00148863 -0.0165747 -0.00446051 0.010963 -0.00343736 0.000391467 -0.00859121 -0.0113926 -0.00756494 -0.00314769 0.00382503 -0.00248347 -0.0124541 -0.00456952 0.022445 -0.00316737 0.00594341
internal_weight=406.767 168.844 162.179 148.952 121.211 38.1969 83.0143 17.0635 65.9508 51.9617 44.1324 33.5353 20.8141 26.4089 27.7409 237.923 18.8321 225.921 129.623 96.2981 87.3563 76.9729 111.698 63.855 52.9814 47.8428 33.7531 17.9253 67.487 33.0147
internal_count=1971 805 776 709 578 184 394 83 311 244 208 155 96 129 131 1166 94 1108 642 466 422 373 556 317 264 239 165 86 325 153
is_linear=0
shrinkage=0.05


Tree=85
num_leaves=31
num_cat=0
split_feature=2 0 5 19 11 4 4 0 13 4 0 15 4 12 2 13 13 19 3 11 19 2 2 13 19 5 13 11 19 11
split_gain=2.12038 2.26398 2.49411 2.96731 2.93743 2.25735 5.59578 4.53386 3.46037 3.40409 5.24728 3.23576 4.35159 3.83461 3.78992 3.54622 3.10686 2.3931 3.16653 2.7946 3.44479 3.96855 4.21863 2.71702 3.34154 3.22625 2.70088 2.75006 2.43834 2.30546
threshold=-0.051866499999999989 1.3511730000000004 0.062851000000000004 8.3595145000000013 0.086853500000000014 0.069150000000000003 0.044496500000000008 4.4096470000000005 0.053971500000000013 0.22534950000000004 2.7860245000000003 1.0000000180025095e-35 0.17874500000000001 0.088011500000000006 0.026754000000000003 0.105673 0.075308000000000014 2.6080045000000003 -0.037878999999999989 0.11258800000000001 1.9214505000000004 0.056894500000000008 0.046283000000000012 0.019229500000000004 1.5726930000000003 0.031630500000000013 0.034051500000000005 0.37211550000000004 1.2710285000000001 0.044952000000000006
decision_type=2 2 2 2 2 2 2 2 2 2 2 2 2 2 2 2 2 2 2 2 2 2 2 2 2 2 2 2 2 2
left_child=-1 -2 3 5 -4 6 17 8 -8 11 -11 15 13 14 -13 -7 -16 18 -3 29 21 22 23 24 25 -21 27 -19 -23 -20
right_child=1 2 4 -5 -6 9 7 -9 -10 10 -12 12 -14 -15 16 -17 -18 26 19 20 -22 28 -24 -25 -26 -27 -28 -29 -30 -31
leaf_value=0.018211242637327266 -0.022579846548447784 -0.024005021825551181 0.020094760433763851 0.024785969645628077 -0.015040429182572408 0.052989530362570175 -0.029249308876017101 -0.052066801779550066 0.013502311825250629 0.017909185601222451 -0.028661307495848061 -0.014335041255203526 0.034209644898501125 -0.020582865596965951 -0.0040992574211403312 0.010841188091652623 0.032840839082822433 -0.019660041820247165 0.0047165502548721589 0.019292556578138265 -0.024074679990883866 0.039925116306838399 -0.038672877651950911 -0.018697148296569134 0.034125356178982109 -0.013426694597118143 0.037501968237848883 0.022032830913282911 0.0056661456777698837 0.033067019083237892
leaf_weight=15.843376480042933 11.223210938274859 13.997892901301382 6.9017102718353263 13.467925570905207 43.080732021480799 8.6653039604425448 10.057708382606512 9.0898746177554113 8.9408520534634572 10.237263143062593 14.782824650406836 12.021472804248331 11.18228058516979 15.980633758008478 8.7837481498718279 11.767803214490412 16.171225674450397 7.2464396059513119 23.176317162811756 12.083786554634569 16.482995294034481 8.6700024753808993 8.281738415360449 14.87630872428417 8.5150759369134885 20.010344363749027 8.8780087977647764 8.7078470326960069 12.953923180699347 10.383791543543337
leaf_count=81 55 66 34 62 250 39 48 44 44 46 68 57 51 74 41 55 74 38 110 56 79 40 40 71 40 99 41 42 60 50
internal_value=0.000283251 -0.000451426 0.000210148 0.0018074 -0.0101889 0.000815327 -0.00231483 -0.0230251 -0.0091301 0.00659488 -0.00960644 0.0113879 0.00586779 -0.000116807 0.0087283 0.0287155 0.0198385 0.00102332 -0.00136522 0.000974726 -0.00314763 0.000891905 -0.00538503 -0.000416509 0.00628021 -0.00110754 0.0153967 0.00309592 0.0194021 0.0134884
internal_weight=402.462 386.619 375.396 325.413 49.9824 311.945 202.353 28.0884 18.9986 109.593 25.0201 84.5725 64.1394 52.9571 36.9764 20.4331 24.955 174.264 149.432 135.434 101.874 85.3912 63.7673 55.4855 40.6092 32.0941 24.8323 15.9543 21.6239 33.5601
internal_count=1955 1874 1819 1535 284 1473 968 136 92 505 114 391 297 246 172 94 115 832 711 645 485 406 306 266 195 155 121 80 100 160
is_linear=0
shrinkage=0.05


Tree=86
num_leaves=31
num_cat=0
split_feature=14 12 8 0 8 8 7 15 1 9 0 0 0 1 1 7 14 14 9 14 7 7 13 13 13 12 4 7 5 1
split_gain=1.80741 2.64569 5.08352 3.82026 3.28913 3.73427 2.8114 2.45797 2.56119 3.38114 6.58248 2.90837 2.41224 2.13018 3.0237 2.06852 1.68431 2.67406 1.6244 1.33286 1.27763 5.60476 3.13607 2.72927 2.02698 3.4637 2.87873 3.26046 2.39753 4.612
threshold=0.017783500000000004 0.0030450000000000004 38.464362000000008 2.2583120000000005 45.657622500000009 48.276196000000006 0.63031950000000014 4.5000000000000009 0.026214500000000005 0.14580100000000004 2.4811955000000006 1.9776755000000004 2.3057315000000007 0.0021495000000000008 -0.0061859999999999997 0.87540850000000014 0.022130500000000004 0.027762000000000005 0.13028600000000004 0.016403500000000005 0.66088250000000015 0.68343200000000015 0.21610650000000001 0.055421000000000005 0.037635500000000009 0.022716500000000004 0.049008500000000003 0.92831450000000015 0.053544000000000001 0.09544900000000002
decision_type=2 2 2 2 2 2 2 2 2 2 2 2 2 2 2 2 2 2 2 2 2 2 2 2 2 2 2 2 2 2
left_child=7 2 3 15 18 -6 -4 8 9 10 -1 -11 -9 14 -7 -2 -8 -18 -3 -10 22 -22 23 -15 25 -23 27 -26 -28 -30
right_child=1 4 6 -5 5 13 16 12 19 11 -12 -13 -14 20 -16 -17 17 -19 -20 -21 21 24 -24 -25 26 -27 28 -29 29 -31
leaf_value=-0.047266835062964759 -0.0024703166912759334 -0.0027460721543564842 -0.0026438229350869515 -0.02504721622023753 0.030961039086065192 0.0068686193813963922 0.04815143905038502 -0.0053178906723524502 0.023677908515913788 0.032770280062296424 0.0082465559548138469 -0.010249589565885401 -0.041319261614778918 -0.0098284316647673699 -0.037463770173402619 0.028480914995369762 -0.00067683393884314272 0.035131606833741613 -0.032679595892616889 -0.0013628724130043935 -0.040341303893528156 -0.0061277802453141529 -0.015889052340346422 0.022912081161661879 -0.035389046878042854 0.030676880375211043 0.0072998863668212802 0.0051413567603289453 -0.023036478074102518 0.01633197697756043
leaf_weight=11.805580593645574 14.809178881347181 7.6461240202188518 8.6831172853708249 12.965864636003969 10.1275681219995 6.8841386623680583 8.7371022999286669 9.9477580860257167 11.822993710637094 6.866192705929282 9.7500628009438497 9.1831937283277494 8.7416182905435544 8.2401580661535245 8.7159305810928327 8.4945145770907384 8.1201543137431162 14.565683528780935 11.129136923700569 9.6527338773012143 8.5116009488701803 11.625133164227011 10.229398172348736 27.975240267813206 11.874897673726084 14.202215597033499 70.338437229394913 8.5236803665757161 21.034700687974691 11.51005022227764
leaf_count=62 72 36 43 63 49 37 43 47 54 33 47 50 41 38 56 42 38 74 61 42 41 54 55 130 57 64 323 42 108 54
internal_value=0.000494458 0.00213317 0.0102723 -0.00329231 -0.000367692 0.00127635 0.0225394 -0.0063525 -0.00135301 -0.00922017 -0.022157 0.00815502 -0.0221569 -9.22495e-05 -0.0179004 0.00881183 0.0294983 0.0223144 -0.0204893 0.0124228 0.00126912 -0.000878467 0.00855742 0.0154626 0.00137419 0.0141108 -0.0012941 -0.0184532 0.00210801 -0.0091131
internal_weight=402.714 324.944 76.3756 36.2696 248.568 229.793 40.1061 77.7701 59.0808 37.605 21.5556 16.0494 18.6894 219.666 15.6001 23.3037 31.4229 22.6858 18.7753 21.4757 204.066 157.621 46.4448 36.2154 149.109 25.8273 123.282 20.3986 102.883 32.5448
internal_count=1956 1580 375 177 1205 1108 198 376 288 192 109 83 88 1059 93 114 155 112 97 96 966 743 223 168 702 118 584 99 485 162
is_linear=0
shrinkage=0.05


Tree=87
num_leaves=31
num_cat=0
split_feature=2 2 11 5 0 12 7 19 19 2 6 14 1 12 14 7 2 7 5 4 14 9 6 0 5 1 19 13 7 14
split_gain=2.11188 3.09115 2.94643 2.16743 6.33311 3.61879 4.28067 3.56158 4.28314 4.68307 4.00403 3.43492 4.56354 4.77145 4.05462 3.72501 4.77345 3.08416 3.03353 2.88777 2.53934 1.93943 1.85443 2.25158 4.0364 1.86178 4.10367 3.31076 3.95833 3.47436
threshold=-0.051866499999999989 -0.03739399999999999 0.42956350000000004 0.0496715 15.662203000000002 -0.018438999999999997 0.69582600000000017 5.7515980000000004 3.6965760000000008 0.13607400000000003 0.09886250000000002 0.023480500000000005 0.084331500000000018 0.10826150000000002 0.029648000000000004 0.93276800000000015 0.016892000000000001 0.9288875000000002 0.04070300000000001 -0.07181899999999998 0.036753500000000008 0.046777500000000007 0.076986000000000013 4.7373520000000005 0.030961000000000006 0.027944500000000004 2.3999755000000005 0.10116700000000002 0.76139250000000014 0.016956000000000002
decision_type=2 2 2 2 2 2 2 2 2 2 2 2 2 2 2 2 2 2 2 2 2 2 2 2 2 2 2 2 2 2
left_child=2 -2 -1 5 11 6 -3 8 9 10 19 -5 13 14 -13 16 -16 -14 -10 -7 -18 -15 23 25 -25 26 27 28 29 -21
right_child=1 3 -4 4 -6 7 -8 -9 18 -11 -12 12 17 21 15 -17 20 -19 -20 22 -22 -23 -24 24 -26 -27 -28 -29 -30 -31
leaf_value=-0.0041031805106284489 -0.026172624805541507 0.046353195925914879 0.037485675008829301 0.030274635148052578 -0.048433373314073075 -0.027149811401698684 0.0044811019605909769 0.025021950368832008 -0.0060399187973805973 0.037591210152190163 -0.030852860454807497 -0.028407410229798681 -0.0046375237127281111 -0.017029235992677957 -0.012718676634385667 -0.017693070967203319 0.049425313962293722 0.032195665944740083 -0.045679727441678426 -0.007548526997496148 0.012051524686237313 -0.049054375786205688 0.019185078323259771 0.0078679586558723976 -0.039785102775753894 0.0094783516757360967 0.026024999373807301 -0.036335087473963329 -0.016388366253119412 0.029026482434171431
leaf_weight=8.0966621264815348 11.120511613786219 10.051048263907434 8.9844825416803342 7.6484682187438002 7.8938726708292952 8.2310102134942991 15.542536720633505 14.627488430589436 11.53868328034878 8.7107973396778089 9.9042402207851392 12.205510109663008 10.682513773441315 9.955883629620077 10.286750309169294 13.109309080988167 8.6932898759841937 12.144133374094963 8.2968182042241079 12.607436038553717 9.5243052989244443 9.0021413043141347 16.353476941585541 9.1567324101924914 8.6337437704205495 68.961853019893169 10.998420231044291 8.3865376412868482 25.682670898735523 13.388021714985369
leaf_count=41 57 49 46 36 42 39 76 70 54 41 45 63 59 47 51 71 39 59 44 61 47 59 74 42 42 314 53 41 129 61
internal_value=0.000570051 -0.000196453 0.0177721 0.000579621 -0.00526796 0.00306912 0.020925 0.0011284 -0.000454133 0.00173317 0.000108912 -0.00196787 -0.00454732 -0.0106653 -0.00306682 0.00436571 0.0145107 0.0149583 -0.0226205 0.00179012 0.029886 -0.0322362 0.00315779 0.00149698 -0.0152581 0.00362575 -0.0020538 -0.00719529 -0.00246637 0.0112881
internal_weight=400.419 383.338 17.0811 372.218 111.146 261.072 25.5936 235.478 220.85 201.015 192.304 103.252 95.6038 72.7772 53.8192 41.6137 28.5043 22.8266 19.8355 182.4 18.2176 18.958 174.169 157.815 17.7905 140.025 71.0631 60.0647 51.6781 25.9955
internal_count=1952 1865 87 1808 573 1235 125 1110 1040 942 901 531 495 377 271 208 137 118 98 856 86 106 817 743 84 659 345 292 251 122
is_linear=0
shrinkage=0.05


Tree=88
num_leaves=31
num_cat=0
split_feature=19 19 18 2 5 2 5 12 19 2 1 2 5 1 19 19 19 1 2 2 19 12 14 1 14 7 1 7 6 14
split_gain=1.9392 6.30655 3.71596 2.7137 3.28145 2.16369 2.32473 3.77003 4.19298 2.9691 5.94888 3.00051 2.61153 3.18511 2.72832 3.17566 3.07528 3.80816 3.14966 4.89776 2.66175 3.75205 2.48117 3.18103 2.35206 2.64055 2.34925 2.2773 2.8773 2.83845
threshold=0.94532000000000005 1.0384560000000003 0.50000000000000011 1.0000000180025095e-35 0.04108450000000001 -0.053459999999999994 0.062851000000000004 -0.051224999999999993 7.918197000000001 0.070135500000000017 0.09544900000000002 0.0045105000000000015 0.056178500000000006 0.035744500000000005 3.8545685000000005 2.7022870000000005 2.0638080000000003 0.037388000000000012 0.055521500000000008 0.028814000000000003 1.3168210000000002 0.021436500000000001 0.022249500000000002 0.052679500000000011 0.013615500000000001 0.62499950000000004 0.031106500000000006 0.69241850000000016 0.053871000000000009 0.022056500000000003
decision_type=2 2 2 2 2 2 2 2 2 2 2 2 2 2 2 2 2 2 2 2 2 2 2 2 2 2 2 2 2 2
left_child=3 2 -2 -1 -5 -3 7 -7 12 11 -11 -8 14 -14 15 16 18 -18 19 24 -21 -22 -20 -24 -9 -26 -17 -27 29 -29
right_child=1 5 -4 4 -6 6 9 8 -10 10 -12 -13 13 -15 -16 26 17 -19 22 20 21 -23 23 -25 25 27 -28 28 -30 -31
leaf_value=-0.036459296958180738 0.0064362111536639711 0.019887814675181158 0.048677997902244564 -0.024327965502266728 0.012504005175870848 -0.035103148997303622 -0.019614160185620549 -0.015545579082399733 0.027373011141582738 -0.051665211628336406 0.0030183102787741545 0.019036038219366933 0.036012719136041947 -0.00064296665296658382 -0.015831750299071613 0.031475279243941438 -0.0021936952096055194 -0.033679268876579141 0.030502580554755548 -0.035022403564754723 0.016921931337035477 -0.022071524295376954 -0.011748051858729057 0.019566246688529215 -0.012786015662167397 0.038986225684237832 0.0033839629646342066 0.013658568502747029 0.033100011838398953 -0.022651022633097623
leaf_weight=8.2128754854202253 10.279442615807058 12.55149259418249 10.549128167331217 10.582606777548792 14.110277742147444 7.3414899408817282 9.4199573732912558 11.278730764985083 14.510034210979937 10.680343553423883 9.3078975155949575 10.754226472228764 10.605681136250498 13.431665882468222 30.13906417787075 12.817060306668283 24.698453508317471 15.713439010083674 13.029499828815458 13.85045078396797 9.6442089080810565 17.121062457561493 15.459126219153402 17.059820145368576 10.385556891560553 8.2104348987340909 17.749207556247711 14.315384410321714 9.2029632031917554 8.6255427151918393
leaf_count=41 53 65 49 49 66 33 59 59 68 71 49 63 50 61 149 62 119 72 61 69 44 83 73 78 51 39 80 68 43 43
internal_value=6.81722e-05 0.00110605 0.0278306 -0.0115619 -0.00328104 -0.000493921 -0.00125677 0.000278792 0.0011812 -0.0125429 -0.0262008 0.000989052 -0.000209183 0.0155301 -0.00172676 0.000212963 -0.00221008 -0.0144363 0.00112421 -0.00373196 -0.0172289 -0.00802119 0.0120666 0.0046798 0.00510715 0.00969794 0.0151632 0.0154844 0.00948138 6.55141e-06
internal_weight=401.637 368.731 20.8286 32.9058 24.6929 347.903 335.351 295.189 287.847 40.1624 19.9882 20.1742 273.337 24.0373 249.3 219.161 188.595 40.4119 148.183 102.634 40.6157 26.7653 45.5484 32.5189 62.0186 50.7399 30.5663 40.3543 32.1439 22.9409
internal_count=1970 1814 102 156 115 1712 1647 1405 1372 242 120 122 1304 111 1193 1044 902 191 711 499 196 127 212 151 303 244 142 193 154 111
is_linear=0
shrinkage=0.05


Tree=89
num_leaves=31
num_cat=0
split_feature=18 1 14 2 3 6 9 15 13 5 6 6 2 14 6 8 6 6 4 13 6 13 6 9 6 9 8 0 0 6
split_gain=2.19726 2.22538 2.26117 4.47109 2.78369 2.56402 3.47647 2.39651 2.27356 2.64527 2.24463 3.81362 2.62928 4.10968 4.15987 4.95687 3.1057 7.21315 2.47174 4.70303 4.3115 3.22318 3.94182 4.50675 2.81133 2.7704 2.42436 2.13531 2.11537 2.01009
threshold=0.90000000000000013 0.18455200000000002 0.038322000000000009 0.13398100000000004 0.12567200000000003 0.10299100000000001 0.038606000000000008 1.0000000180025095e-35 0.18451500000000001 0.060308500000000008 0.094359500000000013 0.085879500000000011 0.0081035000000000013 0.022194500000000002 0.034541000000000009 46.516572000000004 0.030102000000000004 0.031983500000000005 0.069150000000000003 0.13452350000000005 0.046620500000000002 0.0022730000000000003 0.045485500000000005 0.069474500000000008 0.049704000000000005 0.18265050000000002 48.276196000000006 4.7830630000000012 2.0160525000000002 0.061309000000000009
decision_type=2 2 2 2 2 2 2 2 2 2 2 2 2 2 2 2 2 2 2 2 2 2 2 2 2 2 2 2 2 2
left_child=1 2 3 4 10 7 -7 -4 9 -9 11 12 13 14 -1 -16 -14 -18 21 20 -20 25 23 -23 -24 -19 -12 -26 -27 -2
right_child=29 -3 5 -5 -6 6 -8 8 -10 -11 26 -13 16 -15 15 -17 17 18 19 -21 -22 22 24 -25 27 28 -28 -29 -30 -31
leaf_value=-0.02033848932900793 -0.032975128219779354 0.026152218606468287 -0.02249619083634596 0.032737332826550343 -0.021489017581510925 0.0040806638779931695 -0.03295681031018198 -0.022646779270077366 0.028758773063408308 0.013253505234254474 0.030698423147227039 -0.026575745156313418 0.024015443828464683 -0.022857109396225553 0.036555332289384103 -0.0070964105063217684 -0.042253340081632555 0.028731808245679214 -0.0027524565758334004 -0.0090563267277991976 0.038455553370873648 0.037352981862805106 -0.040125346819874362 -0.0070438323126794421 -9.5277904596559744e-05 0.01751287523942829 0.0020222253379408501 -0.027458877721829596 -0.01229378966451977 0.00011966539435629709
leaf_weight=12.769038081169127 9.6415019482374209 8.2495518922805768 9.1308624446392042 11.18326362967491 13.68876653164625 9.7362472228705901 18.140099655836821 8.9127744585275703 8.4304126277565938 12.093347765505312 13.07833641767502 12.755486384034155 18.486583590507507 25.337386962026358 12.875424571335317 13.14111766964197 8.5704080983996374 15.311671063303946 9.0982823222875613 14.030238702893255 20.994863629341125 9.3531937375664729 8.8848076909780485 14.699566334486006 23.235765911638737 11.079655081033708 16.887647904455662 10.28521306812763 12.86320088803768 8.7538445517420751
leaf_count=62 46 43 50 51 66 52 120 42 40 64 64 59 88 124 60 69 43 75 42 65 98 45 42 72 105 52 80 47 62 42
internal_value=-0.000346001 0.000464108 -0.000100919 0.00170049 0.0005335 -0.00846787 -0.0200209 -0.000117397 0.00682424 -0.00197877 0.00159596 6.77782e-05 0.00147785 -0.00719604 0.00303483 0.0145066 0.0046221 0.00235883 0.00491058 0.0148507 0.0259968 0.000761678 -0.00594825 0.0102204 -0.0151192 0.0121217 0.0145376 -0.00849123 0.00149937 -0.0172262
internal_weight=401.699 383.303 375.054 308.61 297.427 66.4437 27.8763 38.5674 29.4365 21.0061 283.738 253.772 241.016 64.123 38.7856 26.0165 176.893 158.407 149.836 44.1234 30.0931 105.713 66.4585 24.0528 42.4058 39.2545 29.966 33.521 23.9429 18.3953
internal_count=1970 1882 1839 1471 1420 368 172 196 146 106 1354 1210 1151 315 191 129 836 748 705 205 140 500 311 117 194 189 144 152 114 88
is_linear=0
shrinkage=0.05


Tree=90
num_leaves=31
num_cat=0
split_feature=6 6 18 9 11 5 12 4 4 11 14 5 11 11 13 4 13 11 2 2 6 2 13 11 1 9 11 7 4 11
split_gain=1.54362 4.27361 6.62512 2.6092 2.11013 4.70239 2.75116 2.90063 3.61373 2.39812 2.27774 2.41765 2.24639 2.55911 2.38735 3.59599 3.31119 3.23488 3.65376 2.7912 3.08608 2.44386 4.52913 2.07561 2.85072 2.99487 2.83147 2.27038 1.98562 4.07338
threshold=0.031983500000000005 0.030457500000000002 0.50000000000000011 0.073991000000000015 0.98581450000000015 0.039026000000000005 0.12507200000000002 0.18107500000000001 0.22534950000000004 0.49224150000000005 0.03579050000000001 0.059730000000000005 0.64894350000000012 0.68496250000000014 -0.086150499999999991 -0.065149499999999985 -0.026900999999999998 0.36157800000000001 0.019085500000000002 1.0000000180025095e-35 0.045403000000000006 0.057621000000000006 0.058685000000000008 0.7477275000000001 0.040061000000000006 0.10152650000000001 0.81291650000000015 0.6786795000000001 0.049008500000000003 0.12390350000000001
decision_type=2 2 2 2 2 2 2 2 2 2 2 2 2 2 2 2 2 2 2 2 2 2 2 2 2 2 2 2 2 2
left_child=1 2 -1 -4 6 -6 7 12 -9 -8 -11 -12 14 -14 -2 16 -16 19 -19 20 -17 -20 -23 -15 25 -25 -26 -27 -21 -30
right_child=4 -3 3 -5 5 -7 9 8 -10 10 11 -13 13 23 15 17 -18 18 21 28 -22 22 -24 24 26 27 -28 -29 29 -31
leaf_value=-0.030281392755605485 -0.025095604218587888 -0.034496862635635436 -0.00089266096287189385 0.03609598120419532 0.038579680065870724 0.0023198454417751417 -0.036946606772204259 0.04427295511082821 0.00070089038058273115 -0.028432147448624046 0.026670590577896825 -0.013610643133360545 -0.031295504090541319 0.012722983150964233 0.042327915692675841 0.0080668076078392881 0.0019605012624485658 0.030816593914265462 -0.0095404783226066062 0.00562100009014383 -0.032067034042434855 0.040809514737166187 -0.0036708750530663917 -0.048162300007743707 -0.016873476192385554 0.010182858995234308 0.02159171586944364 -0.025393017128495482 -0.035687970291732006 0.0077516046022779563
leaf_weight=10.756477311253549 7.3906361833214751 11.726571455597876 8.9742023795843142 10.171557784080504 11.665805652737616 38.287207186222076 8.5561338961124438 8.5396374389529246 10.747548360377548 7.4390088170766857 7.0634899437427503 7.881305031478405 9.9397600665688497 14.281991563737391 10.973333612084391 6.9091974273324039 9.4588664397597295 16.083577707409859 20.736497059464455 52.303184635937214 15.615651473402975 9.4623242765665072 14.481445096433161 6.9734276384115246 8.3564728200435656 8.0577216967940348 11.191941164433954 10.113334685564039 10.052866265177729 11.65143249183893
leaf_count=54 39 60 42 49 57 187 45 42 58 33 33 48 51 71 56 33 48 78 101 243 83 44 71 35 43 40 53 54 45 54
internal_value=0.000193086 -0.00891473 0.00111765 0.0187583 0.00126348 0.0107878 -0.00030021 0.00129945 0.019993 -0.0144315 -0.00582516 0.00542783 -0.000119829 -0.00782596 0.00274895 0.00390683 0.0236403 0.00134353 0.0103811 -0.00434534 -0.0197565 0.00302499 0.0139073 -0.00387035 -0.0091729 -0.0203072 0.00514878 -0.00961735 0.000345196 -0.0123685
internal_weight=395.843 41.6288 29.9022 19.1458 354.214 49.953 304.261 273.321 19.2872 30.9399 22.3838 14.9448 254.034 68.9146 185.119 177.728 20.4322 157.296 60.7638 96.5323 22.5248 44.6803 23.9438 58.9749 44.6929 25.1445 19.5484 18.1711 74.0075 21.7043
internal_count=1950 205 145 91 1745 244 1501 1342 100 159 114 81 1242 347 895 856 104 752 294 458 116 216 115 296 225 129 96 94 342 99
is_linear=0
shrinkage=0.05


Tree=91
num_leaves=31
num_cat=0
split_feature=14 6 1 7 7 2 12 12 13 5 19 19 0 9 7 18 6 19 7 19 6 14 12 2 6 7 3 19 6 6
split_gain=1.77425 2.04349 1.47932 3.28434 3.15668 3.0755 2.13034 2.89737 1.59092 2.80411 2.14075 2.74759 5.56418 3.04677 3.66588 3.16527 2.64384 2.6033 3.12519 3.22413 7.39709 3.68012 2.72272 4.3267 3.63136 3.52011 2.44313 1.87764 1.79179 3.70022
threshold=0.081542000000000017 0.18210100000000004 0.0010855000000000003 0.62499950000000004 0.68438750000000004 0.0045105000000000015 -0.045603999999999992 -0.024371499999999997 -0.028218999999999998 0.038860000000000013 1.0384560000000003 1.2385570000000004 2.0841595000000006 0.0020890000000000001 0.99854450000000006 0.70000000000000007 0.062408000000000005 8.3595145000000013 0.88865550000000015 1.6572935000000004 0.066709000000000018 0.019419000000000002 0.03981450000000001 0.096633000000000011 0.076986000000000013 0.68167350000000015 0.033339500000000008 2.8811360000000001 0.060757000000000012 0.094359500000000013
decision_type=2 2 2 2 2 2 2 2 2 2 2 2 2 2 2 2 2 2 2 2 2 2 2 2 2 2 2 2 2 2
left_child=1 2 3 -1 -5 -6 -4 -8 9 -9 16 12 -12 14 15 -13 -10 18 19 20 21 -15 26 24 25 -24 -21 -25 -20 -30
right_child=-2 -3 6 4 5 -7 7 8 10 -11 11 13 -14 17 -16 -17 -18 -19 28 22 -22 -23 23 27 -26 -27 -28 -29 29 -31
leaf_value=-0.032966921424486727 -0.025613554231051869 0.02174952411508986 -0.022493959376027547 0.019730982341150196 -0.0014553209102694134 -0.040574368425534753 0.020278314182936186 0.002882110466744585 0.021446440610939466 -0.036537786446234254 0.0019541376236186631 -0.0097547981754954674 -0.03892431992241243 0.013302554574413112 0.0075340117305253505 -0.044802381200287539 -0.0060947803384983259 0.029127181064387716 0.018133798527681676 -0.0101694548493665 0.048313451368728999 -0.024881815329000738 -0.025609596518573259 -0.039915475550848158 0.034902626116585844 0.01153858121638697 -0.042488578050384036 -0.0075232078391186154 -0.013226221105945589 0.025899106309306315
leaf_weight=12.482458479702471 8.2152708508074266 8.7552655935287458 11.68471400439739 10.565725341439245 16.955078817903999 7.1402348503470412 15.574702031910418 9.3083316534757632 21.782130800187588 8.7539578303694707 19.15859667211771 16.239234521985058 14.720348972827194 13.257168471813204 14.489775009453295 10.678395353257654 14.524130225181578 8.6106599494814855 32.505734123289585 14.156495600938799 8.8156279474496824 12.041353166103361 10.143580056726934 8.7705615460872668 8.6594309099018556 17.174071781337261 9.9625732451677305 9.1316097155213338 17.092913880944256 9.3477648273110372
leaf_count=65 73 46 56 50 97 43 77 42 104 43 91 75 77 61 67 48 66 40 155 67 41 58 50 43 43 80 48 44 81 45
internal_value=-0.00261668 -0.00213532 -0.00268029 -0.0109755 -0.00305569 -0.0130476 -0.00151843 -0.00076406 -0.00182356 -0.0162229 -0.0009306 -0.00254819 -0.0158075 -0.00051627 -0.0127432 -0.0236584 0.0104287 0.00230159 0.000951264 -0.0039492 0.00887189 -0.00487208 -0.00955676 -0.0033065 0.00668838 -0.00225527 -0.0235191 -0.0233927 0.0102716 0.00060604
internal_weight=400.698 392.483 383.727 47.1435 34.661 24.0953 336.584 324.899 309.324 18.0623 291.262 254.956 33.8789 221.077 41.4074 26.9176 36.3063 179.67 171.059 112.112 34.1141 25.2985 77.9983 53.8793 35.9771 27.3177 24.1191 17.9022 58.9464 26.4407
internal_count=1976 1903 1857 255 190 140 1602 1546 1469 85 1384 1214 168 1046 190 123 170 856 816 535 160 119 375 260 173 130 115 87 281 126
is_linear=0
shrinkage=0.05


Tree=92
num_leaves=31
num_cat=0
split_feature=1 5 5 3 14 1 11 14 7 7 7 1 2 1 14 8 8 15 11 8 11 12 13 14 1 7 7 14 11 12
split_gain=2.45348 2.83994 3.35051 2.81534 4.08596 2.84038 2.48984 3.06756 3.10133 5.26591 2.46219 2.55794 2.69144 2.96921 2.21072 2.679 5.84645 1.96062 1.89995 2.04836 1.94467 2.87945 3.7965 3.09924 3.32302 2.24596 3.26969 1.80626 1.77373 1.70441
threshold=0.12179100000000001 0.062851000000000004 0.059608000000000008 0.07880150000000001 0.050546000000000001 0.028855000000000002 0.034190500000000006 0.017234500000000003 0.74782350000000009 0.90342000000000011 0.51711950000000007 0.076166000000000011 0.10985950000000001 0.062373000000000005 0.025427000000000002 46.078043500000007 56.693744000000002 1.5000000000000002 0.94409700000000008 73.843720500000003 0.85374300000000003 -0.041130499999999993 0.030494000000000004 0.022056500000000003 0.019595500000000005 0.73351450000000018 0.87471950000000009 0.018380500000000004 0.71231050000000018 0.089495500000000019
decision_type=2 2 2 2 2 2 2 2 2 2 2 2 2 2 2 2 2 2 2 2 2 2 2 2 2 2 2 2 2 2
left_child=1 2 6 4 5 -3 7 -1 -9 -10 -8 12 13 14 18 28 -17 -2 19 20 21 -12 23 24 -23 -24 -27 -26 -16 -18
right_child=17 3 -4 -5 -6 -7 10 8 9 -11 11 -13 -14 -15 15 16 29 -19 -20 -21 -22 22 25 -25 27 26 -28 -29 -30 -31
leaf_value=-0.009507040875009325 0.037449890107209165 -0.037719725885792733 0.026543972013025021 -0.027552667074387249 0.020940155396788736 0.0030463386895334069 0.0218442160713989 0.042188946260170654 -0.017802018552050311 0.035574748468638825 0.030969022074928194 -0.018989020005786818 0.018080507874801085 0.020333614162044336 -0.046458108478464488 0.023032050201552232 -0.0285331540963394 0.0047203156483872476 0.016110220075862422 -0.024639757663897966 -0.021645900750174866 -0.018348948015580211 -0.0045673268739715471 -0.031399993637401119 -0.00387595806867663 0.036933336704107429 0.0042841677857781224 0.019809146812279445 -0.0139551775981029 -0.0031938018640601928
leaf_weight=11.528971284627913 8.0251983329653758 8.6002576574683243 13.166719757020472 17.047762352973223 11.642353374511002 8.4918794035911542 11.441742166876791 10.826094001531603 9.380449905991556 9.1064504757523519 7.6039799824356882 20.114480786025524 18.161123104393482 14.083668567240236 7.5725150778889683 12.860990464687346 15.774650648236276 10.644956760108469 15.820155695080755 9.455321937799452 10.110386319458483 22.303001847118153 17.618580006062984 12.138080626726149 18.023422978818417 13.018944114446642 18.658428058028221 14.5459848344326 9.4174813479185087 11.45548691600561
leaf_count=57 41 47 61 109 78 40 55 52 44 41 38 93 86 66 39 60 77 53 76 43 49 115 82 62 84 61 92 67 46 55
internal_value=0.00109297 0.000223464 0.0018234 -0.0114553 -0.00190494 -0.0174659 0.000809485 0.0123428 0.0209365 0.00849081 -0.000871739 -0.00183889 -0.000451384 -0.00191176 -0.00335968 -0.0118025 -0.00475098 0.0187888 -0.000334339 -0.00214757 -0.000560721 0.00115971 -0.000789188 -0.00853727 -0.00347991 0.00974317 0.0177025 0.00670216 -0.0284419 -0.0178731
internal_weight=398.64 379.969 334.187 45.7823 28.7345 17.0921 321.02 40.842 29.313 18.4869 280.178 268.737 248.622 230.461 216.377 57.0811 40.0911 18.6702 159.296 143.476 134.021 123.91 116.306 67.0105 54.8724 49.296 31.6774 32.5694 16.99 27.2301
internal_count=1969 1875 1601 274 165 87 1540 194 137 85 1346 1291 1198 1112 1046 277 192 94 769 693 650 601 563 328 266 235 153 151 85 132
is_linear=0
shrinkage=0.05


Tree=93
num_leaves=31
num_cat=0
split_feature=2 9 4 3 4 4 1 3 7 8 7 19 12 7 9 15 3 1 1 7 19 8 12 2 8 1 2 18 0 3
split_gain=2.35921 3.17689 1.62814 3.61695 2.1759 3.00005 2.66876 2.94969 2.41992 2.75499 2.97982 2.83282 2.22415 4.24923 2.02098 1.86082 2.38739 2.74773 2.25644 2.01862 3.18747 4.95208 3.93078 4.19251 3.8239 3.64595 3.26828 3.14308 2.8429 2.14729
threshold=-0.051866499999999989 0.21124150000000003 0.35023700000000008 0.18908900000000003 0.22534950000000004 0.19353750000000003 0.037060500000000003 0.16738200000000003 0.55022950000000015 71.531120500000014 0.87471950000000009 5.3558885000000016 0.074920000000000014 0.9118130000000001 0.039584500000000002 4.5000000000000009 0.013360500000000003 0.013296000000000001 0.039847500000000001 0.62499950000000004 1.2981100000000001 42.194667500000008 0.021436500000000001 0.0091585000000000017 41.578596000000012 0.030950500000000002 0.0014635000000000002 0.3000000000000001 2.0841595000000006 0.036374500000000004
decision_type=2 2 2 2 2 2 2 2 2 2 2 2 2 2 2 2 2 2 2 2 2 2 2 2 2 2 2 2 2 2
left_child=1 -1 4 -4 5 8 -6 -8 -2 11 14 12 15 -14 -11 19 17 -17 -18 28 21 26 23 27 -25 -24 -21 -22 -10 -23
right_child=2 -3 3 -5 6 -7 7 -9 9 10 -12 -13 13 -15 -16 16 18 -19 -20 20 22 29 25 24 -26 -27 -28 -29 -30 -31
leaf_value=0.03969688787886138 0.022254987270195481 -0.0044889589520076103 0.031255153477509366 -0.0077484799433702655 0.0058506913574452738 0.022540834043535643 -0.047547374714286682 -0.0063378119858193199 0.0028222748330167724 0.008790601641920491 -0.035942252389088901 -0.022484412804250745 -0.0043274459669317544 0.036623447576354821 -0.022939638319351908 0.0021288555395951115 -0.013274289289655409 0.038116821486415646 0.014880929281099853 -0.01861621838281503 -0.028037024650279165 -0.030560657617387472 -0.025981882370390764 -0.0012377175361398252 0.038493333359786747 0.0047673553172942361 0.020517813721870126 0.011242858915814911 -0.03021208141206715 -0.0069675227443425081
leaf_weight=8.3544815033674258 9.9944635406136495 7.9284808710217467 11.683437116444113 12.099494300782679 9.2480083368718642 13.011870734393595 8.8802655152976531 8.4974151849746686 11.156074002385141 11.729516953229906 12.26456995308399 14.664282359182833 14.079643577337267 11.515795912593601 8.770704433321951 10.784337982535364 17.967126257717613 10.437164500355719 11.783004865050314 7.9355350509285953 7.8578273877501514 23.698199197649956 15.805197209119795 8.722669683396818 19.809323735535145 24.713928200304508 16.281605340540409 14.472876936197279 15.648081347346304 16.261913374066353
leaf_count=41 52 45 64 64 47 65 45 41 54 52 62 79 67 54 44 53 86 51 55 40 45 121 81 41 94 115 82 71 78 77
internal_value=-0.000454802 0.018182 -0.00125386 0.0114122 -0.00210005 -0.00098862 -0.0158486 -0.0273965 -0.0019564 -0.00274626 -0.0164476 -0.00110543 0.000105351 0.014097 -0.00478469 -0.00142945 0.00701628 0.0198285 -0.00212297 -0.00379008 -0.00160644 -0.010147 0.00439156 0.0136473 0.0263469 -0.00722693 0.00769427 -0.00257912 -0.016463 -0.0209593
internal_weight=396.057 16.283 379.774 23.7829 355.991 329.366 26.6257 17.3777 316.354 306.359 32.7648 273.595 258.93 25.5954 20.5002 233.335 50.9716 21.2215 29.7501 182.363 155.559 64.1773 91.3818 50.8627 28.532 40.5191 24.2171 22.3307 26.8042 39.9601
internal_count=1966 86 1880 128 1752 1619 133 86 1554 1502 158 1344 1265 121 96 1144 245 104 141 899 767 320 447 251 135 196 122 116 132 198
is_linear=0
shrinkage=0.05


Tree=94
num_leaves=31
num_cat=0
split_feature=3 12 0 7 0 6 7 3 6 11 7 5 9 6 6 3 3 2 7 2 12 9 3 8 11 6 6 6 6 11
split_gain=3.10694 3.64917 1.70495 3.30197 2.56343 2.45983 2.29181 2.40508 1.91008 4.40271 3.72617 4.86242 5.06666 3.35431 4.22092 3.44141 4.08535 3.18716 3.37715 4.88432 3.0533 3.03509 2.43475 2.24031 2.4423 2.99725 3.5632 3.28352 5.15898 2.67529
threshold=-0.069003499999999982 -0.054254999999999991 9.4528325000000013 0.97608500000000009 6.169038500000001 0.09886250000000002 0.73186100000000009 0.10202050000000001 0.072035500000000016 0.012579000000000002 0.85683550000000008 0.044817000000000003 0.089690000000000006 0.066709000000000018 0.063097000000000014 0.099898000000000015 0.089009500000000005 -0.006223499999999999 0.76705450000000008 0.088379000000000013 -0.018438999999999997 0.16208200000000003 0.11957250000000001 40.031056000000007 0.90399400000000008 0.028922500000000004 0.050022000000000004 0.041782000000000007 0.031983500000000005 0.52083750000000018
decision_type=2 2 2 2 2 2 2 2 2 2 2 2 2 2 2 2 2 2 2 2 2 2 2 2 2 2 2 2 2 2
left_child=-1 -2 4 5 8 -4 -6 -8 13 -10 17 -12 -13 14 15 16 20 -11 19 -19 21 -3 -17 -22 25 -25 27 28 -27 -28
right_child=1 2 3 -5 6 -7 7 -9 9 10 11 12 -14 -15 -16 22 -18 18 -20 -21 23 -23 -24 24 -26 26 29 -29 -30 -31
leaf_value=0.022722177429147689 -0.03155710414553848 -0.0014958789084365065 -0.021909313887046422 -0.03904914628854797 -0.0039097354884320111 0.009988297180281179 0.0428941542385467 0.006562487357753952 0.024435539907316492 -0.030719456009242693 -0.056288785710390414 -0.04366336483030453 0.0072059667985349659 0.025292470872981782 -0.032773303827842791 0.039739430502780761 -0.032456739077235001 0.011892479229912052 0.027670632384731848 -0.034458590396787066 -0.018808495426308604 0.036892632507268916 0.0074538096272387848 0.022489919924658524 0.020873253874643477 -0.030118073797399648 -0.0015084247834959944 -0.021962574896328302 0.0097354363182409545 0.028487542070735179
leaf_weight=14.652505055069922 9.3702324554324132 9.4764515683054942 9.7007401436567324 7.8674797862768164 9.8387205228209513 16.034172747284174 9.8022048771381396 8.5095163062214834 9.9669546112418157 7.7047423347830764 8.612701892852785 7.7826487421989468 13.192507855594156 14.664234712719916 9.0869327336549741 9.2747171893715876 9.4054529666900617 14.976447470486166 11.055791854858397 9.1597903519868833 15.967774167656897 11.274697095155714 15.766002573072909 11.880885675549505 13.863622479140757 11.015886001288889 19.123486757278446 32.25402670353651 30.892180576920509 12.159980244934557
leaf_count=77 48 48 45 46 48 78 48 40 46 39 40 42 68 71 42 44 45 79 54 49 76 56 76 56 67 59 89 167 151 57
internal_value=0.000129997 -0.000741872 3.78672e-05 -0.0107016 0.00110964 -0.00203546 0.0155534 0.0260107 -0.000208099 -0.00672266 -0.011007 -0.0246571 -0.0116687 0.00216749 0.000563692 0.00206072 -0.000389656 -0.00159199 0.00478501 -0.00569792 0.00140659 0.0193617 0.0194119 -0.00112532 0.00102699 -0.0013181 -0.00400063 -0.00997019 -0.000740392 0.0101511
internal_weight=394.333 379.681 370.311 33.6024 336.708 25.7349 28.1504 18.3117 308.558 82.4516 72.4846 29.5879 20.9752 226.106 211.442 202.355 177.314 42.8968 35.192 24.1362 167.909 20.7511 25.0407 147.158 131.19 117.326 105.446 74.1621 41.9081 31.2835
internal_count=1951 1874 1826 169 1657 123 136 88 1521 417 371 150 110 1104 1033 991 871 221 182 128 826 104 120 722 646 579 523 377 210 146
is_linear=0
shrinkage=0.05


Tree=95
num_leaves=31
num_cat=0
split_feature=18 7 2 7 9 9 9 5 12 4 8 2 11 6 8 0 0 0 6 11 9 7 7 13 13 15 9 9 2 7
split_gain=2.86651 2.71095 3.59866 2.93833 3.13996 4.00773 2.84653 4.49568 2.1986 3.28571 3.17327 4.50362 8.11494 2.98901 4.11684 2.88456 7.25843 5.54779 4.41613 4.11131 3.9837 4.42806 3.28375 2.44197 7.53539 3.05433 2.23581 2.14943 3.1131 5.12013
threshold=0.70000000000000007 0.93582700000000008 0.091874000000000011 0.83681700000000014 0.038606000000000008 0.012049500000000003 0.14947600000000003 0.039281500000000004 -0.028238499999999996 -0.041313999999999997 57.095500500000007 1.0000000180025095e-35 0.34665650000000009 0.035064000000000005 37.511552500000008 6.0757340000000015 3.8767955000000005 8.4271175000000031 0.049458500000000009 0.66160700000000017 0.0029255000000000006 0.85773800000000011 0.71163650000000012 0.037012500000000011 0.023161000000000005 1.5000000000000002 0.12010350000000002 0.36262450000000007 -0.0011084999999999999 0.6359220000000001
decision_type=2 2 2 2 2 2 2 2 2 2 2 2 2 2 2 2 2 2 2 2 2 2 2 2 2 2 2 2 2 2
left_child=8 3 -3 4 5 -2 7 -6 27 13 11 12 -11 -10 -15 16 18 -17 19 -12 -20 22 -22 24 25 -13 -27 28 29 -1
right_child=1 2 -4 -5 6 -7 -8 -9 9 10 15 23 -14 14 -16 17 -18 -19 20 -21 21 -23 -24 -25 -26 26 -28 -29 -30 -31
leaf_value=0.034737544273130333 -0.00327701074742304 0.0035345641791087777 0.039445031196551621 -0.017143463894822027 -0.042534885013446003 0.034952664226142759 0.017589334350937954 0.0039426305727407272 -0.044410682548766157 -0.039004782610003681 -0.0015468720470673211 -0.0073699276460120096 0.016735243470639437 0.01832283161439488 -0.021496197604020925 0.036256748649235733 -0.037811318482233958 -0.012104871726311148 0.040691520782871075 -0.041166410864968778 -0.0051037521797729114 -0.022752900567602152 0.039078094478965653 -0.00055245184402337249 0.059067682181234205 0.0030980416510176319 0.038070585707013195 -0.014162988975318626 0.04123923172827848 -0.010795962713939015
leaf_weight=9.6451397091150266 11.437892265617849 14.500742584466936 13.445210978388785 15.101460941135882 8.2594496905803698 17.111520729959011 11.248529374599455 14.059702828526495 8.0196605175733549 13.721191618591549 14.905522122979166 16.426934786140919 12.458378493785856 9.0354281887412053 23.052001021802425 10.069456152617933 20.230927813798189 14.425346501171587 7.3605510592460623 11.677901737391947 8.6493439711630398 12.670257613062857 8.1856307163834554 25.213899414986372 9.2523922473192197 8.3355245143175143 10.116589494049547 8.6147122979164106 7.9385998398065594 17.15466220676899
leaf_count=48 52 70 63 72 42 79 57 72 40 80 74 79 70 43 116 47 99 72 36 59 44 64 40 133 42 39 48 46 41 82
internal_value=0.000404888 0.00746727 0.0208116 0.00263786 0.00744695 0.0196365 -0.00292032 -0.0132569 -0.00218152 -0.0040264 -0.00145081 0.00519019 -0.0124791 -0.0171076 -0.0102836 -0.00731521 -0.0117327 0.00777589 -0.00341742 -0.0189514 0.00778396 -0.000425361 0.0163787 0.0118608 0.0189529 0.00831166 0.0222722 0.00819362 0.0137378 0.00559136
internal_weight=392.325 105.165 27.946 77.2186 62.1171 28.5494 33.5677 22.3192 287.16 243.807 203.7 95.5249 26.1796 40.1071 32.0874 108.175 83.6801 24.4948 63.4492 26.5834 36.8658 29.5052 16.835 69.3453 44.1314 34.879 18.4521 43.3531 34.7384 26.7998
internal_count=1949 507 133 374 302 131 171 114 1442 1225 1026 491 150 199 159 535 416 119 317 133 184 148 84 341 208 166 87 217 171 130
is_linear=0
shrinkage=0.05


Tree=96
num_leaves=31
num_cat=0
split_feature=18 5 13 2 12 5 12 14 14 9 5 5 3 12 14 2 9 5 9 0 6 3 7 3 14 13 7 13 0 2
split_gain=1.4099 2.22164 2.45565 2.11389 3.1813 3.95039 2.87981 1.72632 2.80727 2.16962 1.73257 3.35563 2.06325 2.06801 3.12317 2.44344 2.05435 3.30597 2.97785 2.94523 3.37566 2.42624 4.03348 3.29294 2.42995 4.05238 12.012 4.13826 3.31573 3.0106
threshold=0.3000000000000001 0.096491500000000008 0.3248640000000001 -0.051866499999999989 0.0016455 0.045449500000000011 -0.021333499999999995 0.011639000000000002 0.014678500000000002 0.11426800000000002 0.075155500000000014 0.067501000000000019 0.21450550000000004 -0.018438999999999997 0.019861000000000004 0.0014635000000000002 0.14042900000000003 0.058959000000000004 0.12891900000000003 3.3689825000000004 0.036527500000000011 0.022746500000000006 0.79449500000000006 0.031751000000000008 0.028017000000000004 0.16646450000000004 0.77836250000000007 0.13452350000000005 3.4536960000000003 0.032751000000000009
decision_type=2 2 2 2 2 2 2 2 2 2 2 2 2 2 2 2 2 2 2 2 2 2 2 2 2 2 2 2 2 2
left_child=3 2 7 -1 6 -6 -5 -2 9 -9 11 12 13 14 -10 -16 18 19 21 20 -18 22 -15 -23 29 27 -27 28 -26 -25
right_child=1 -3 -4 4 5 -7 -8 8 10 -11 -12 -13 -14 16 15 -17 17 -19 -20 -21 -22 23 -24 24 25 26 -28 -29 -30 -31
leaf_value=0.014290627147436362 0.020062788931026435 0.025625848038306698 -0.02012679760188487 -0.012468827096132938 0.032010032113781443 -0.020996782896126737 -0.048790244661695542 -0.032708164817870748 0.040529086036546667 -0.00035668747283352679 -0.021436633825620485 0.029769140421325405 0.023603696534169622 -0.0056582061156587688 -0.018524016696667367 0.020279678286577698 0.0042990377898091264 0.021307620493237506 0.029989788822319088 0.0041418031983823482 -0.02685172967004279 -0.032946046822275275 0.029787948243789771 0.023565036028527775 -0.030415682792362245 -0.033232483418050844 0.040893769267546717 -0.049859384510186198 0.013280023470081554 -0.00079908080604550787
leaf_weight=8.0263953208923322 10.931980781257151 8.4130815640091878 15.05288892239332 15.934786289930342 6.8943349793553335 7.1708156429231167 8.2997832894325274 11.296597078442575 7.5497206225991276 9.5752012655138952 8.278095141053198 10.31194283813238 9.5054864138364774 15.855719178915022 7.8186202049255398 8.4322185441851598 11.607444912195204 8.3009289205074293 8.7406974434852582 19.460621856153011 34.682688303291798 8.6166532114148122 16.251841276884079 16.723172344267368 8.585622496902948 10.227553926408293 11.73717364668846 9.1565284579992277 8.7827024608850461 52.432531610131264
leaf_count=42 52 71 74 77 34 51 49 56 38 46 50 50 43 76 37 45 57 41 41 98 170 40 77 79 40 48 54 42 40 246
internal_value=-0.000845713 0.000244157 -0.000384054 -0.00904048 -0.0139299 0.00498564 -0.0249081 0.000530751 -0.000149413 -0.0178665 0.00111241 0.00176788 0.00071585 -0.000105248 0.0139557 0.0016104 -0.00149294 -0.00842539 0.00157904 -0.0121791 -0.0190405 1.09999e-05 0.0122835 -0.00310982 -0.000924537 -0.0095062 0.00637796 -0.0226596 -0.00831992 0.00509263
internal_weight=394.654 348.328 339.915 46.3261 38.2997 14.0652 24.2346 324.862 313.93 20.8718 293.058 284.78 274.468 264.962 23.8006 16.2508 241.162 74.0517 167.11 65.7508 46.2901 158.369 32.1076 126.262 117.645 48.4896 21.9647 26.5249 17.3683 69.1557
internal_count=1964 1711 1640 253 211 85 126 1566 1514 102 1412 1362 1312 1269 120 82 1149 366 783 325 227 742 153 589 549 224 102 122 80 325
is_linear=0
shrinkage=0.05


Tree=97
num_leaves=31
num_cat=0
split_feature=19 9 9 6 12 4 1 8 0 4 8 14 13 13 0 13 6 14 4 4 8 4 0 4 8 1 12 6 19 0
split_gain=1.48542 2.16236 4.71217 2.10281 2.55242 3.72973 4.88152 3.63365 3.31424 3.25147 3.81448 3.68595 3.06079 2.61398 2.07149 2.05131 1.67887 2.80239 3.24014 3.68645 2.05402 3.96421 3.20625 2.99893 2.80643 2.30854 2.44146 2.79753 3.65432 2.22687
threshold=0.8079510000000002 0.14339500000000002 0.16705350000000002 0.15348550000000002 -0.016898999999999994 -0.036941499999999995 0.017556000000000006 38.464362000000008 2.2583120000000005 0.025691000000000002 51.976562500000007 0.029338000000000003 0.023161000000000005 -0.027668999999999996 1.3740140000000003 0.026921000000000004 0.17100250000000003 0.05852050000000001 0.35023700000000008 0.28641950000000005 65.302375000000012 0.024840500000000005 8.8303085000000028 0.06467100000000002 56.16983050000001 0.014010500000000002 0.12507200000000002 0.065758500000000011 2.3999755000000005 1.5791190000000002
decision_type=2 2 2 2 2 2 2 2 2 2 2 2 2 2 2 2 2 2 2 2 2 2 2 2 2 2 2 2 2 2
left_child=-1 14 15 4 7 13 12 8 -4 10 -8 -11 -7 -6 -2 -3 17 18 19 20 21 29 25 24 -23 -22 27 28 -27 -16
right_child=1 2 3 -5 5 6 9 -9 -10 11 -12 -13 -14 -15 16 -17 -18 -19 -20 -21 22 23 -24 -25 -26 26 -28 -29 -30 -31
leaf_value=0.017755783046850077 -0.020577162901977884 -0.010117439015892528 0.017402487257297487 -0.026227570076745012 -0.044228716953517627 -0.044264316196783879 0.0055208526614869925 0.041020776416049766 -0.020026586373620387 -0.025919071452297927 0.048916636243824863 0.018242559007044988 0.0037648327023889041 -0.0080451542394903101 0.031092038298512526 -0.042741721052829793 0.024065955573227178 -0.024858429523306774 0.032375221270264036 -0.027345931436824258 -0.005396128843722584 -0.039830454307498597 -0.014561101677797922 0.0017388387732214326 -0.0069541086293775064 0.0027658559255601461 -0.00028993196925042238 0.045838922862797338 0.040168491422487136 0.0049040745249746935
leaf_weight=12.778336949646471 8.8206934481859189 9.041899651288988 15.272174321115019 7.6103213988244525 8.1216233298182505 7.5257415585219842 10.908027328550817 8.3482496216893178 9.6523148715496045 9.153885170817377 9.4515207186341268 9.7658033184707147 5.9316411018371582 12.950372301042078 9.3406541571021062 10.314840633422135 10.08085463196039 8.5554567873477918 9.8234358578920347 9.5550795942544919 10.975654073059557 11.806176200509073 10.404832616448401 28.179747864603996 14.419140845537184 17.158497482538227 11.627300754189489 12.076010748744009 10.543079942464827 61.999672032892704
leaf_count=59 46 44 77 53 42 51 52 42 48 46 42 55 37 64 46 58 53 51 45 46 57 56 49 133 69 79 53 59 46 298
internal_value=0.000988414 0.000423705 -0.00468315 -0.000831911 0.00097297 -0.00421002 0.00289478 0.0124703 0.00290762 0.0117989 0.0256665 -0.0031241 -0.0230944 -0.0219911 0.00321368 -0.0275023 0.00410083 0.0032121 0.00431419 0.00298947 0.00444948 0.000580168 0.0111342 -0.00958583 -0.0217545 0.0154201 0.0198646 0.0257559 0.0170011 0.00833289
internal_weight=392.193 379.415 134.048 114.692 107.081 73.8086 52.7366 33.2727 24.9245 39.2792 20.3595 18.9197 13.4574 21.072 245.366 19.3567 236.546 226.465 217.909 208.086 198.531 125.745 72.7854 54.4051 26.2253 62.3805 51.4049 39.7776 27.7016 71.3403
internal_count=1956 1897 711 609 556 389 283 167 125 195 94 101 88 106 1186 102 1140 1087 1036 991 945 602 343 258 125 294 237 184 125 344
is_linear=0
shrinkage=0.05


Tree=98
num_leaves=31
num_cat=0
split_feature=13 19 9 3 9 0 13 0 4 13 7 4 3 4 7 5 4 5 4 7 7 4 9 13 9 9 9 0 13 3
split_gain=3.44696 2.88529 2.81657 2.38174 2.34876 2.94264 3.2262 3.85903 4.27531 1.85749 1.78219 5.69652 4.5765 3.14926 3.08068 3.0225 4.23118 3.36942 7.32478 4.48183 3.80499 3.10082 3.08384 3.0664 2.43072 2.38765 2.71064 4.73433 2.31244 2.04337
threshold=0.11471050000000001 0.94532000000000005 0.22317500000000004 -0.069003499999999982 0.024571500000000007 6.8092120000000014 0.14488950000000003 1.9530340000000002 0.23565150000000004 0.018571500000000001 0.96029550000000008 -1.0000000180025095e-35 0.046482500000000003 -0.041313999999999997 0.93582700000000008 0.032380000000000006 -0.010702499999999998 0.040267000000000004 -0.028873999999999997 0.86363650000000003 0.79996750000000005 0.025691000000000002 0.049260500000000006 0.083038500000000015 0.082541000000000017 0.086296500000000012 0.17748650000000002 2.1703260000000006 -0.023921499999999995 0.026817000000000004
decision_type=2 2 2 2 2 2 2 2 2 2 2 2 2 2 2 2 2 2 2 2 2 2 2 2 2 2 2 2 2 2
left_child=1 2 9 -3 5 6 -2 -8 -9 -1 14 13 -13 -12 15 16 28 18 -17 20 23 29 -23 25 -14 -19 -27 -28 -5 -18
right_child=4 3 -4 10 -6 -7 7 8 -10 -11 11 12 24 -15 -16 17 21 19 -20 -21 -22 22 -24 -25 -26 26 27 -29 -30 -31
leaf_value=0.015460134214644483 -0.016141386504353851 0.026699865509752958 -0.035404004600814019 -0.0053327847471835756 -0.014225982113699296 -0.021238398142651122 -0.013118098252720527 0.05396729412668852 0.008461637595978011 -0.015990980391664963 -0.0014873111215406381 -0.040439854994553187 -0.022570180925572971 0.037285487536002512 0.033008323290203222 0.050999232758246762 0.039368714695481005 -0.026156600826277548 0.0070597489946947426 0.027532488934346802 -0.03090620422434447 0.011136127209400199 -0.026070211903313024 0.028387931349228665 0.01609291229948993 0.022227039763666037 0.014956444499446242 -0.035557309331659945 -0.036277035940266489 0.005919508715077188
leaf_weight=9.0411057397723251 11.005436480045317 12.433117605745791 8.6067870557308179 12.494311653077604 53.541211862117052 11.908715806901453 8.4406863898038882 8.6421903073787707 12.81554166972637 9.7650227844715101 11.823012664914133 13.01866063848138 7.2199300900101688 9.4017316773533803 10.338143229484556 13.695746682584284 8.4692075550556201 8.9129110723733884 30.847654715180397 15.015593804419039 10.158493295311926 11.823726192116739 10.528427690267561 9.4003304466605169 9.30364156141877 11.632024914026262 9.9761657267808932 8.6694838404655439 11.682561196386812 9.9063145071268064
leaf_count=43 54 62 43 61 291 57 38 40 61 47 61 79 35 46 49 69 40 42 148 71 53 54 51 45 47 56 48 49 59 45
internal_value=0.000832179 0.003706 -0.0117131 0.00535227 -0.00684631 0.000635176 0.00700343 0.0155229 0.0267892 -0.000870758 0.00426591 -0.00407236 -0.0182689 0.0156875 0.00645298 0.00495454 -0.00371597 0.00971123 0.0205698 0.00315421 -0.00307656 0.00612003 -0.006389 0.00274155 -0.000800822 -0.00341004 0.00328592 -0.00853044 -0.0202854 0.0213361
internal_weight=390.518 284.164 27.4129 256.751 106.354 52.8126 40.9039 29.8984 21.4577 18.8061 244.318 50.767 29.5422 21.2247 193.551 183.213 64.9045 118.308 44.5434 73.765 58.7494 40.7277 22.3522 48.5909 16.5236 39.1906 30.2777 18.6456 24.1769 18.3755
internal_count=1944 1403 133 1270 541 250 193 139 101 90 1208 268 161 107 940 891 310 581 217 364 293 190 105 240 82 195 153 97 120 85
is_linear=0
shrinkage=0.05


Tree=99
num_leaves=31
num_cat=0
split_feature=5 19 3 13 2 11 14 5 19 11 19 18 13 13 19 7 14 19 14 8 15 14 2 18 19 3 14 5 11 8
split_gain=1.88207 2.98695 3.49305 3.85384 3.52811 3.59466 3.57996 2.82235 2.58184 3.05329 1.84583 4.87823 2.08432 4.35688 2.80894 3.09325 2.64351 4.66129 3.16442 2.79483 2.70036 2.68048 2.66236 2.52162 2.12475 2.21812 2.41569 2.84299 2.71932 2.61288
threshold=0.054290500000000012 7.5080060000000008 0.18908900000000003 0.25917550000000006 -0.051866499999999989 0.33541650000000006 0.029648000000000004 0.053163000000000009 0.94532000000000005 0.37211550000000004 1.0384560000000003 0.50000000000000011 0.055421000000000005 0.044187000000000011 1.2852090000000003 0.74782350000000009 0.028017000000000004 5.7515980000000004 0.026338500000000004 69.229054000000005 2.5000000000000004 0.019314000000000001 0.10985950000000001 0.70000000000000007 1.4338020000000002 0.055321500000000003 0.019137000000000005 0.030533500000000002 0.2608795000000001 38.464362000000008
decision_type=2 2 2 2 2 2 2 2 2 2 2 2 2 2 2 2 2 2 2 2 2 2 2 2 2 2 2 2 2 2
left_child=7 2 3 4 -2 -6 -7 8 9 -1 11 -10 13 14 15 -12 18 20 19 21 22 -14 -18 -21 -16 26 27 -26 -29 -28
right_child=1 -3 -4 -5 5 6 -8 -9 10 -11 12 -13 16 -15 24 -17 17 -19 -20 23 -22 -23 -24 -25 25 -27 29 28 -30 -31
leaf_value=-0.038973095362454427 0.044014211718298585 -0.02293123102037304 -0.017040137694150335 0.045478097364071664 0.024013329701149201 -0.036284859268822717 0.0039751112404879203 -0.02949677267643282 -0.0094174162090945503 -0.0017940730808179758 0.0056295591624270823 0.045700674450823278 -0.0021305580070734103 -0.029321116885801253 0.020625959788499421 -0.028909721364884906 -0.02041578085313853 0.026655165551313309 0.039862965512530532 -0.020124686745843515 -0.033619554166908372 0.027944692820832784 0.014915941231551303 0.0093371658987790457 0.0097013164611294694 -0.018360490296614594 -0.0080601528314707179 -0.039682591542504177 0.00020357226356285522 0.023460043471724316
leaf_weight=8.9165980890393275 6.7221244350075642 7.5474505648016921 10.591950770467518 8.4336114041507226 18.826695576310165 6.5340587273240081 35.637691501528025 8.3700208067893964 8.1289292946457881 14.505980424582956 10.890491850674154 7.9308513924479476 11.400873839855192 14.964348293840883 15.03539241850376 16.01454596221447 10.931718036532404 9.255837529897688 8.4973320960998517 13.155023649334909 11.066464826464651 21.156677559018135 10.408477976918219 16.21455305069685 15.988891720771788 13.464491069316862 9.4193542599678057 8.4998016022145766 8.5936223119497281 21.771402299404144
leaf_count=43 33 43 65 46 94 35 190 40 43 69 54 38 57 70 74 88 51 43 42 62 56 102 48 77 76 67 47 46 41 106
internal_value=0.0010901 0.00723826 0.00986319 0.0136051 0.00963573 0.00584717 -0.00226274 -0.000877876 -4.09406e-05 -0.0159475 0.00137682 0.0178017 0.000307717 -0.00388532 -0.00070487 -0.0149291 0.00534453 -0.00463873 0.0112505 0.00732448 -0.0135767 0.0174131 -0.00318307 -0.00385919 0.00342028 9.24973e-05 0.00395819 -0.00545401 -0.01963 0.0139412
internal_weight=388.875 94.2936 86.7461 76.1542 67.7206 60.9984 42.1718 294.582 286.212 23.4226 262.789 16.0598 246.729 134.642 119.678 26.905 112.087 41.6625 70.4245 61.9271 32.4067 32.5576 21.3402 29.3696 92.773 77.7376 64.2731 33.0823 17.0934 31.1908
internal_count=1946 506 463 398 352 319 225 1440 1400 112 1288 81 1207 669 599 142 538 198 340 298 155 159 99 139 457 383 316 163 87 153
is_linear=0
shrinkage=0.05


Tree=100
num_leaves=31
num_cat=0
split_feature=5 14 11 1 1 0 11 13 5 19 11 19 11 9 19 6 5 1 14 18 7 19 14 19 11 19 7 0 15 14
split_gain=1.81194 3.27011 1.59675 2.40527 1.98625 2.86694 1.98202 3.19589 3.36636 2.56466 2.62883 2.38584 3.28019 2.56125 2.16878 2.14096 3.32138 2.10209 1.57679 3.81357 5.46595 6.2114 3.00556 3.0248 2.97652 2.84358 2.52946 5.6163 3.74418 3.01399
threshold=0.020611500000000005 0.012663000000000002 0.99615400000000009 0.021645000000000005 0.042690000000000013 4.0090535000000012 0.88741200000000009 0.029959500000000003 0.054290500000000012 1.2852090000000003 0.012579000000000002 1.0487070000000001 0.40138900000000005 0.13810400000000003 1.3311895000000002 0.063097000000000014 0.037604000000000005 -0.015633999999999999 0.032227500000000006 0.70000000000000007 0.99854450000000006 3.3392655000000002 0.028017000000000004 2.1214510000000004 0.54772750000000014 3.5937195000000006 0.73592450000000009 2.0626335000000005 1.5000000000000002 0.021825000000000004
decision_type=2 2 2 2 2 2 2 2 2 2 2 2 2 2 2 2 2 2 2 2 2 2 2 2 2 2 2 2 2 2
left_child=-1 -2 6 -4 -5 -6 9 -8 -9 10 -3 12 13 -12 -11 16 -13 -16 22 20 21 -20 25 -24 -21 26 27 -19 -29 -28
right_child=1 2 3 4 5 -7 7 8 -10 14 11 15 -14 -15 17 -17 -18 18 19 24 -22 -23 23 -25 -26 -27 29 28 -30 -31
leaf_value=-0.020479443238899366 0.023763708605513582 0.012835777426687621 0.026982604022936757 -0.018849394391624755 0.032728056177379665 -0.0039245260826053395 0.0048357169778597171 -0.045697185543794233 -0.0037318756898810932 0.026290631858667264 -0.039273193408532234 -0.014248577885449374 0.0082640404255880998 -0.001759114565318633 0.02570297686289047 -0.0046576599084279377 -0.052877468611135549 0.02559073084385026 0.030116630499059771 0.0052672636129295451 -0.033165328183617455 -0.0253814638775131 -0.038536436557035078 0.00085469486311983843 0.047333855042994789 -0.020159646307206989 0.00015748678989879335 -0.038698436006131043 -0.0019515790729972048 0.022649766245050135
leaf_weight=11.851679734885691 13.26335398852825 12.467852421104906 11.550084210932253 9.486404210329054 7.9568294286727932 16.192618414759636 12.861124977469442 10.902150362730028 8.508304972201584 8.585977762937544 8.804683133959772 13.138365358114244 23.948348164558411 9.4154841005802137 7.9969668462872496 12.201991792768238 9.6530492976307851 9.6305477842688543 14.650027099996807 8.3334103897213954 10.194877937436102 7.6870934516191474 11.121525786817076 8.6747987791895849 8.4883348345756513 15.431924112141131 37.500292494893074 12.727399393916132 15.223370015621184 24.707186207175255
leaf_count=59 74 59 62 46 38 76 63 53 52 42 43 65 117 48 40 67 52 47 76 40 64 42 56 43 40 82 176 63 74 119
internal_value=-0.00122612 -0.00062769 -0.0015067 0.00729655 0.000536637 0.00815187 -0.00273878 -0.0144944 -0.0273023 -0.00143323 -0.00846673 -0.0119088 -0.00389961 -0.0198874 0.00170387 -0.0215602 -0.0306094 0.000606483 -0.000482062 0.00716588 -0.0028285 0.0110175 -0.00327767 -0.0212751 0.0264943 -0.000185484 0.00290344 -0.00733842 -0.0186843 0.00909083
internal_weight=393.156 381.304 368.041 45.1859 33.6359 24.1494 322.855 32.2716 19.4105 290.584 89.6298 77.1619 42.1685 18.2202 200.954 34.9934 22.7914 192.368 184.371 49.3537 32.532 22.3371 135.017 19.7963 16.8217 115.221 99.7888 37.5813 27.9508 62.2075
internal_count=1978 1919 1845 222 160 114 1623 168 105 1455 451 392 208 91 1004 184 117 962 922 262 182 118 660 99 80 561 479 184 137 295
is_linear=0
shrinkage=0.05


Tree=101
num_leaves=31
num_cat=0
split_feature=9 6 8 7 12 2 1 6 9 9 5 11 9 0 6 6 19 6 1 12 8 5 7 7 11 2 2 6 5 6
split_gain=1.77961 3.08805 6.42936 3.01185 2.7235 2.87148 2.65111 2.62265 2.22221 3.91364 3.49795 4.16586 2.41663 2.12425 4.6695 2.71201 2.09526 2.05959 1.78946 5.33962 4.01501 3.9538 3.49109 3.82412 3.16744 3.00614 3.94432 3.60457 5.9384 1.52397
threshold=0.078168500000000016 0.030457500000000002 48.052600500000004 0.46971850000000004 -0.022250499999999996 -1.0000000180025095e-35 0.0090970000000000027 0.03322400000000001 0.046777500000000007 0.038606000000000008 0.050746500000000007 0.67620950000000013 0.026394000000000004 1.9133025000000001 0.042390500000000005 0.046275500000000004 2.0120280000000004 0.036210000000000006 0.022144500000000001 1.0000000180025095e-35 47.139210500000011 0.038860000000000013 0.63363900000000017 0.74095850000000008 0.53576000000000013 0.12320750000000001 0.031921500000000005 0.080323500000000006 0.038638000000000013 0.049704000000000005
decision_type=2 2 2 2 2 2 2 2 2 2 2 2 2 2 2 2 2 2 2 2 2 2 2 2 2 2 2 2 2 2
left_child=3 2 -2 -1 5 6 -3 -6 9 12 11 -10 13 14 -5 16 -15 -9 19 -19 21 -20 -22 -24 -21 26 -25 28 -28 -17
right_child=1 4 -4 8 7 -7 -8 17 10 -11 -12 -13 -14 15 -16 29 -18 18 20 24 22 -23 23 25 -26 -27 27 -29 -30 -31
leaf_value=-0.029545712457046593 -0.014690694671362768 0.010755211127671589 0.047295998545264749 -0.034161688206312407 -0.03848036626242906 0.027157083141948968 -0.021776244160623431 0.017124899036192652 0.022851757476791565 -0.026189965601579396 0.038752125257626523 -0.021046045522497461 0.023754946867555166 0.042343518218884976 0.0086806266973322981 -0.019859849226434911 0.0083840484790853511 0.011036949040718983 0.0018867898002835866 -0.051626634176087406 0.027796267324631935 -0.033094021375879919 -0.028300430169262605 0.024911949334455421 -0.012236508614523545 0.030563552193504991 -0.020175924152902518 -0.03823021246942479 0.030678741747233632 0.0045788845226176411
leaf_weight=6.2410810068249694 7.8617687523365047 16.37560606002808 8.9403571262955648 11.146977700293066 6.3597991317510596 12.791532605886458 10.141045287251471 9.2728594392538053 13.645738601684572 10.64482134580612 12.129499055445192 8.9488158077001554 15.668262287974356 8.2361460030078906 14.810482420027254 7.2112907692790023 10.126963652670382 10.581593614071609 13.784517750144003 10.631069678813221 11.353550955653189 19.51202580332756 11.569663707166908 10.431984208524225 9.8157055303454381 8.5611847192049009 14.848981857299806 8.5814734101295453 9.3583155721425992 55.278154920786619
leaf_count=32 40 82 43 56 34 68 52 45 65 53 58 44 71 37 68 35 49 52 64 72 59 106 62 54 59 40 68 46 45 269
internal_value=0.000818996 -0.00227099 0.0182922 0.00456012 -0.00405222 0.00769992 -0.00168614 -0.00703907 0.00582829 0.00289 0.0170929 0.00546556 0.00541739 0.00272741 -0.00971726 0.00672272 0.0236154 -0.00569075 -0.00721248 -0.0177956 -0.00417201 -0.0186122 0.00226409 -0.00231166 -0.032717 0.00349502 -0.00186672 -0.0103865 -0.000515984 0.00175865
internal_weight=384.861 210.773 16.8021 174.088 193.971 39.3082 26.5167 154.663 167.847 133.123 34.7241 22.5946 122.478 106.81 25.9575 80.8526 18.3631 148.303 139.03 31.0284 108.002 33.2965 74.7052 63.3516 20.4468 51.7819 43.2208 32.7888 24.2073 62.4894
internal_count=1928 1091 83 837 1008 202 134 806 805 638 167 109 585 514 124 390 86 772 727 183 544 170 374 315 131 253 213 159 113 304
is_linear=0
shrinkage=0.05


Tree=102
num_leaves=31
num_cat=0
split_feature=3 3 0 6 5 6 13 13 3 14 19 1 6 6 0 3 3 14 6 6 9 13 13 6 13 9 19 9 0 12
split_gain=2.19671 3.05034 2.68673 2.66877 2.2424 1.94634 2.5106 3.04325 1.88267 4.40719 1.65183 2.63811 3.75536 1.58336 4.99966 4.23753 3.79266 2.67845 1.94204 3.97665 4.76811 3.22972 3.53668 3.29953 2.65666 5.36215 3.69187 2.29356 2.22829 2.07332
threshold=0.083049000000000026 0.10654950000000001 2.6297370000000004 0.048667500000000009 0.038507000000000007 0.032865500000000006 0.04812700000000001 -0.0065169999999999994 0.30382400000000004 0.052725000000000008 4.0291110000000012 0.071651000000000006 0.067127000000000006 0.042390500000000005 3.3689825000000004 0.041199000000000006 0.0038610000000000003 0.014167000000000001 0.094359500000000013 0.10535900000000001 0.14516350000000003 0.15017750000000005 0.068279500000000007 0.085469500000000018 -1.0000000180025095e-35 0.20874150000000002 2.6391345000000004 0.038606000000000008 3.3689825000000004 -0.015548999999999999
decision_type=2 2 2 2 2 2 2 2 2 2 2 2 2 2 2 2 2 2 2 2 2 2 2 2 2 2 2 2 2 2
left_child=5 2 -2 -3 -4 6 7 -1 9 10 11 12 -5 14 15 16 -7 -15 21 -20 -21 22 23 24 25 29 27 -26 -24 -19
right_child=1 3 4 8 -6 13 -8 -9 -10 -11 -12 -13 -14 17 -16 -17 -18 18 19 20 -22 -23 28 -25 26 -27 -28 -29 -30 -31
leaf_value=-0.016246479428389943 -0.037303508728589181 0.022021938216887714 0.010461736517628722 -0.0079153796336146973 -0.024158922288185877 -0.0043297186586448199 -0.028087561048051164 0.01561270609332667 0.017579785739374427 -0.037600026682549137 -0.015730107529496679 -0.011975223623888349 0.033112356590989642 -0.01941001719539898 0.045861426019121992 -0.02267884147713899 0.030068543023335687 0.014355695972825121 0.038788551994791864 0.032011738524117643 -0.01635046774540147 -0.022142290653087496 0.032024091500714731 -0.026236341878824426 0.012487591274098951 -0.0062597691728650644 0.02379035706289816 -0.017694457379460373 0.0013757730109928896 0.046546266537234732
leaf_weight=14.066920071840288 11.472564786672594 12.09947247803211 9.5059846788644808 9.8450545519590396 9.2073914147913438 14.601677834987639 10.090714812278746 16.045634061098099 9.2543097212910634 9.6555102430284006 13.492416769266127 14.493029713630674 12.866809882223604 12.21451125666499 9.5152010545134527 10.008690334856508 17.759662576019764 9.6042727231979388 11.922339193522928 8.4188664853572863 12.914638828486202 12.404252327978609 16.589679397642616 10.493979841470717 7.962026968598372 18.401377212256193 9.2887014262378198 30.051542069762945 9.2303380966186506 10.438736110925666
leaf_count=71 61 60 46 45 54 75 53 78 50 60 67 67 61 69 44 49 83 49 57 47 78 61 81 54 37 96 47 148 44 49
internal_value=0.00122717 -0.00466997 -0.0182522 0.000347876 -0.00657239 0.00365286 -0.0065031 0.000729856 -0.00341962 -0.0066396 -0.000743065 0.00469201 0.0153278 0.00541415 0.0131093 0.00575408 0.0145478 0.0031952 0.00484146 0.0156602 0.00273477 0.00216577 0.00463605 0.000227664 0.00346642 0.0132288 -0.00446781 -0.0113728 0.0210677 0.0311211
internal_weight=383.916 111.893 30.1859 81.7066 18.7134 272.024 40.2033 30.1126 69.6071 60.3528 50.6973 37.2049 22.7119 231.82 51.8852 42.37 32.3613 179.935 167.721 33.2558 21.3335 134.465 122.061 96.2406 85.7467 38.4444 47.3023 38.0136 25.82 20.043
internal_count=1941 571 161 410 100 1370 202 149 350 300 240 173 106 1168 251 207 158 917 848 182 125 666 605 480 426 194 232 185 125 98
is_linear=0
shrinkage=0.05


Tree=103
num_leaves=31
num_cat=0
split_feature=2 2 12 5 9 5 8 11 19 8 4 19 5 5 19 19 0 11 11 9 2 1 12 12 19 0 19 12 9 2
split_gain=1.22827 4.41088 4.27596 3.14662 3.34164 2.76857 5.15576 2.92826 4.79225 3.26501 3.6465 5.27678 2.84505 3.35751 2.6718 2.55573 2.78849 4.19829 2.9915 2.56865 3.34381 2.47534 3.3053 5.02429 3.06694 3.9605 2.49914 2.36574 2.31217 2.12372
threshold=0.039306500000000008 0.046553500000000005 0.045158500000000011 0.030386500000000004 0.087609000000000006 0.037783500000000005 69.229054000000005 0.81817250000000008 1.5117360000000002 44.065148500000006 0.23565150000000004 2.5323375000000006 0.046738000000000009 0.055026500000000006 5.3558885000000016 2.1646450000000006 2.0160525000000002 0.2608795000000001 0.83424300000000018 0.34672400000000009 -0.020800999999999997 0.028408500000000003 0.0071330000000000013 -0.0018524999999999998 1.2981100000000001 1.9398145000000002 1.6919555000000004 -0.021333499999999995 0.089690000000000006 0.1054095
decision_type=2 2 2 2 2 2 2 2 2 2 2 2 2 2 2 2 2 2 2 2 2 2 2 2 2 2 2 2 2 2
left_child=14 2 -2 4 -3 6 28 9 -9 -7 11 12 -11 -14 15 19 -17 -18 -19 20 -1 22 23 27 25 -23 -26 -22 -5 -13
right_child=1 3 -4 5 -6 7 -8 8 -10 10 -12 29 13 -15 -16 16 17 18 -20 -21 21 24 -24 -25 26 -27 -28 -29 -30 -31
leaf_value=-0.018408611899085818 -0.0058830465623725247 0.00020542568406328073 -0.049804950652289071 0.053447115046843387 -0.034682790815677635 -0.036891001610958526 -0.0087957916505429345 0.039016350930989506 0.0010308845164947891 -0.0039798350356719621 -0.032300391125940235 -0.039417386950057288 0.048272976837691453 0.0079082923115969261 -0.023181270791274751 -0.006042131509099778 -0.0017280427052437702 0.048308660972963803 0.011304275791135481 0.023266996774456136 0.015266950320887738 0.016320537905434217 -0.014425699001164867 0.041862782202857225 0.044537706522655089 -0.028685793066446998 0.0080571786368082519 -0.020177719122889157 0.018382756329469355 -0.0037044500060546093
leaf_weight=22.17087184637785 14.819006718695166 16.095177158713344 8.8509325906634313 7.9300704151392045 11.966181702911852 7.8707305118441573 12.197386398911474 10.694453872740267 37.134368151426315 14.176534637808798 8.8683211877942068 7.977471016347411 8.9275404065847415 12.180867306888102 8.8912727870047075 11.959705855697392 12.325064767152069 14.496007595211269 8.7634055987000448 12.138416454195974 8.3276525437831896 13.108829341828825 31.642041310667992 8.2692832052707654 9.966801546514036 7.7946620732545844 8.8752874284982664 10.829758681356909 11.547306373715399 8.7054983377456647
leaf_count=114 72 76 45 38 57 45 57 52 187 68 46 42 42 64 55 60 65 71 48 64 41 64 165 43 49 40 43 57 56 44
internal_value=0.000693357 -0.00204055 -0.0223068 0.000680821 -0.0146719 0.00358762 0.0166955 2.4875e-05 0.00952438 -0.00658799 -0.00266752 0.00238933 0.0133447 0.02498 0.00357701 0.00489388 0.0148449 0.0218648 0.0343666 0.00133995 -0.000859981 0.00307739 -0.00341408 0.00928997 0.0127248 -0.000461785 0.0273541 -0.00477006 0.032659 -0.0207817
internal_weight=389.501 199.942 23.6699 176.272 28.0614 148.211 31.6748 116.536 47.8288 68.707 60.8362 51.9679 35.2849 21.1084 189.559 180.668 47.5442 35.5845 23.2594 133.124 120.985 98.8143 59.0687 27.4267 39.7456 20.9035 18.8421 19.1574 19.4774 16.683
internal_count=1970 991 117 874 133 741 151 590 239 351 306 260 174 106 979 924 244 184 119 680 616 502 306 141 196 104 92 98 94 86
is_linear=0
shrinkage=0.05


Tree=104
num_leaves=31
num_cat=0
split_feature=2 19 0 2 11 9 14 14 11 5 1 7 19 7 6 1 14 5 11 0 0 7 15 0 6 19 7 11 0 4
split_gain=1.68129 3.71587 3.63659 2.7876 1.9263 4.61366 3.33981 2.94881 2.05331 3.28642 2.7138 2.30913 3.74372 4.01481 3.85009 3.60638 3.05251 3.65933 2.36838 2.25224 1.93356 1.89322 4.91393 9.00686 3.27009 4.29519 2.77706 5.66614 3.59005 2.75136
threshold=-0.018024999999999996 2.1749940000000003 1.4084455000000002 -0.0096974999999999995 0.52565800000000007 0.26820300000000008 0.024852000000000003 0.015040000000000003 0.70839150000000017 0.031630500000000013 0.063254500000000005 0.9997370000000001 1.0630310000000003 0.94119700000000017 0.076986000000000013 0.04997250000000001 0.025242500000000005 0.032380000000000006 0.89915250000000013 2.4093380000000004 2.4641665000000006 0.77207800000000015 1.5000000000000002 2.0841595000000006 0.043491000000000009 1.5588140000000001 0.93353400000000009 0.096875000000000017 2.1284280000000004 0.0078445000000000008
decision_type=2 2 2 2 2 2 2 2 2 2 2 2 2 2 2 2 2 2 2 2 2 2 2 2 2 2 2 2 2 2
left_child=1 2 -1 -2 21 7 -7 -6 9 -9 19 12 -10 14 16 -13 17 -14 -16 -11 -18 22 23 -5 -24 -26 27 -23 -29 -30
right_child=3 -3 -4 4 5 6 -8 8 11 10 -12 15 13 -15 18 -17 20 -19 -20 -21 -22 26 24 -25 25 -27 -28 28 29 -31
leaf_value=0.011973598941493501 0.022289196443083557 0.0084928617722289899 -0.031464608648508273 0.028675966874998807 -0.030428097143069467 -0.06119725431559761 -0.013847586814786643 0.013139291770584949 0.029262511814270517 -0.011919493400412219 0.0051971356669047349 0.043284757551439929 -0.020336866358418991 -0.034531486942471303 0.039153620000200069 -0.0011308936795862475 -0.0075306494412501982 0.022171487939165246 0.0057359082001557796 -0.045183824727118356 -0.038591413645228993 -0.037489963042239532 0.00031174225853251804 -0.02909250579227575 0.0057253976559903065 0.049501146300447572 0.007314638736212054 -0.020695120068597233 -0.0099979739305265831 0.026404143222655246
leaf_weight=6.2152875959873226 13.283223032951353 16.136138718575239 21.436169300228357 11.233556993305685 8.6296769902110082 5.60418722778559 11.101390119642017 11.073983728885649 9.6266664676368219 10.055718846619135 8.2807922065258008 8.5184050239622611 8.6804243102669734 9.3401759490370733 7.6455340832471874 9.860562860965727 10.140883885324003 12.148285284638403 17.29694340378046 10.301557768136261 9.9035391062498075 13.471099093556402 11.660157807171343 16.895364917814732 9.1067637801170367 14.565989874303339 44.918021328747272 12.51335348933935 8.288229279220106 13.889685831964014
leaf_count=32 65 85 112 54 45 29 68 53 47 51 41 48 43 46 39 46 51 57 87 54 53 65 57 87 47 69 231 63 41 65
internal_value=-0.00135559 -0.0105742 -0.0217009 -0.000161444 -0.00107974 -0.00479464 -0.0297319 -0.00204493 -0.000330559 -0.00999148 -0.0189359 0.00338842 -9.44982e-05 -0.00385482 0.000498634 0.0194552 -0.00894833 0.00445601 0.0159793 -0.0287525 -0.0228771 0.00291203 0.00957131 -0.00602211 0.0219854 0.0326609 -0.00162824 -0.00996871 0.000718175 0.0128001
internal_weight=381.822 43.7876 27.6515 338.034 324.751 168.209 16.7056 151.503 142.873 39.7121 28.6381 103.161 84.7825 75.1558 65.8156 18.379 40.8731 20.8287 24.9425 20.3573 20.0444 156.542 63.4618 28.1289 35.3329 23.6728 93.0804 48.1624 34.6913 22.1779
internal_count=1931 229 144 1702 1637 858 97 761 716 199 146 517 423 376 330 94 204 100 126 105 104 779 314 141 173 116 465 234 169 106
is_linear=0
shrinkage=0.05


Tree=105
num_leaves=31
num_cat=0
split_feature=14 9 19 5 14 6 9 3 8 9 3 14 13 7 6 9 9 8 3 7 19 19 15 15 5 6 3 9 19 8
split_gain=2.32035 2.17221 2.68664 2.74643 7.0869 2.13341 2.44794 2.46439 2.35365 1.9624 4.18204 2.58455 3.93526 4.75204 3.69604 2.4887 2.46889 2.81546 2.76982 2.6297 2.46257 2.27836 2.18564 4.18973 4.58271 4.04233 2.75647 3.92489 2.8156 2.98376
threshold=0.081542000000000017 0.18893450000000003 1.7739385000000003 0.037604000000000005 0.027762000000000005 0.035345000000000008 0.37120300000000001 -0.011003999999999998 47.761193000000013 0.14516350000000003 -0.0063599999999999993 0.014678500000000002 0.0048065000000000009 0.87471950000000009 0.040893000000000006 0.082541000000000017 0.10040200000000001 60.008105500000006 0.092288500000000009 0.85330000000000006 1.1401095000000001 1.1673160000000002 4.5000000000000009 1.5000000000000002 0.03565150000000001 0.078002000000000016 0.17424300000000001 0.057097500000000002 2.0638080000000003 73.26160400000002
decision_type=2 2 2 2 2 2 2 2 2 2 2 2 2 2 2 2 2 2 2 2 2 2 2 2 2 2 2 2 2 2
left_child=1 9 5 -4 -5 -3 7 -7 -9 11 -11 15 13 14 -13 -1 17 -14 19 -18 -12 -19 23 26 -25 -24 27 28 -23 -30
right_child=-2 2 3 4 -6 6 -8 8 -10 10 20 12 16 -15 -16 -17 18 21 -20 -21 -22 22 25 24 -26 -27 -28 -29 29 -31
leaf_value=-0.0030039053768190693 -0.026391379286407508 -0.0091284089334184668 0.016574752936695494 -0.048605554261999258 0.0075258549415277657 0.042037408554036169 -0.0027501411384534286 0.0025086783727533146 0.031782114068634744 -0.041711898105554347 0.022326529492026102 -0.022171993947409374 -0.014218854825903121 0.045500127016644798 0.023625059008163529 -0.035237978695723669 0.035393382482709283 0.022384522302395505 -0.012565595573524111 -0.00086948912695832947 -0.011117865895743049 -0.0032236872559174325 -0.034571421441684361 0.044641818559288615 0.0041487658011598576 0.0074150170498655027 0.013683627791026394 0.014657398737745584 -0.056749840252954924 -0.015025455786232468
leaf_weight=15.784473195672037 8.2715688683092576 9.1062697023153287 10.92227056622505 9.0388797111809271 14.88070899248123 11.962189666926855 11.955398932099341 16.169074401259429 11.934850636869667 9.1830330193042737 7.2029025405645397 7.9488214254379335 43.85724138468504 10.586591526865957 9.8832956776022893 9.6481067389249784 13.327989108860498 10.914405569434164 8.0922286510467512 8.000493645668028 23.336368106305599 10.721992142498495 12.439975067973139 9.6797488033771497 25.118711031973362 10.632173813879488 11.840559910982845 9.001385457813738 8.5711478888988513 8.5677742660045606
leaf_count=81 70 43 53 57 79 62 59 82 60 49 36 37 212 52 52 50 63 48 42 41 119 54 59 47 121 52 58 43 40 42
internal_value=-0.000192652 0.000377159 0.00688152 -0.00419942 -0.0136854 0.0131975 0.0171056 0.0230304 0.0149402 -0.00181818 -0.0121261 -0.000144319 0.00160637 0.0189644 0.00321062 -0.0152322 -0.000979482 -0.00340843 0.0123411 0.0217909 -0.00322977 0.000627005 -0.00160123 0.00216262 0.0154126 -0.0152231 -0.00730453 -0.0140462 -0.0233198 -0.0358918
internal_weight=388.581 380.309 95.9696 34.8419 23.9196 61.1278 52.0215 40.0661 28.1039 284.339 39.7223 244.617 219.185 28.4187 17.8321 25.4326 190.766 161.345 29.4207 21.3285 30.5393 117.488 106.573 83.5013 34.7985 23.0721 48.7029 36.8623 27.8609 17.1389
internal_count=1963 1893 495 189 136 306 263 204 142 1398 204 1194 1063 141 89 131 922 776 146 104 155 564 516 405 168 111 237 179 136 82
is_linear=0
shrinkage=0.05


Tree=106
num_leaves=31
num_cat=0
split_feature=19 19 5 19 19 13 15 7 5 19 5 6 2 8 9 13 0 5 9 1 1 19 8 13 13 7 0 19 13 0
split_gain=1.92859 1.82376 3.01672 3.11366 2.48053 2.61124 2.25851 2.52156 3.02346 2.04975 2.01869 1.84849 7.78225 4.13396 2.93049 1.68391 3.81001 3.57784 3.40498 3.83824 2.90519 2.46503 2.42257 2.5469 3.90897 5.43055 3.51506 5.70131 2.70212 2.2665
threshold=0.8079510000000002 2.6856215000000003 0.048072000000000011 5.7515980000000004 5.1615065000000007 0.18754250000000003 1.0000000180025095e-35 0.64298350000000004 0.036554500000000011 2.5323375000000006 0.055292000000000008 0.035345000000000008 -0.0032199999999999993 46.906888000000002 0.10040200000000001 -0.0073524999999999988 2.2583120000000005 0.027566500000000004 0.22647100000000003 0.031956000000000005 0.018285000000000006 1.6173655000000002 44.802597500000005 0.013100500000000001 0.13164250000000002 0.99476750000000014 3.7742210000000003 1.0867635000000002 0.061974000000000008 3.4182660000000005
decision_type=2 2 2 2 2 2 2 2 2 2 2 2 2 2 2 2 2 2 2 2 2 2 2 2 2 2 2 2 2 2
left_child=-1 9 3 6 10 -6 -3 -8 -9 11 -4 12 -2 -14 -15 16 18 -17 -13 -20 21 -19 -22 -24 26 29 27 -25 -29 -26
right_child=1 2 4 -5 5 -7 7 8 -10 -11 -12 15 13 14 -16 17 -18 20 19 -21 22 -23 23 24 25 -27 -28 28 -30 -31
leaf_value=0.021265995726777408 -0.051042045618876458 0.027163833070655119 -0.016332956062771457 0.034855363879231771 -0.038775910551647738 -0.00060739492861136123 0.025282423810395138 0.0091988759820233242 -0.023078093553085894 -0.02295731071161625 0.01427688051962644 0.035703777060134848 -0.02508580900234696 -0.0036475334891493899 0.030727814623517063 -0.025701488097440037 -0.0092472971538405373 -0.030436638708855369 0.023428995710303494 -0.022947633374006193 -0.016456000531065312 0.0034414651064413673 -0.015546912608533463 -0.0074624441109258565 -0.022019498967618942 0.033407142233168943 -0.0032645525672827386 0.022204615993079491 0.052632865315029066 0.006986708791118762
leaf_weight=11.311564669013022 9.2560316473245603 10.996289938688276 7.5068662911653545 12.884569324553011 8.3967592716217059 9.6089256070554239 8.5611521750688535 15.854292936623098 13.377079542726277 11.104154139757155 19.067159071564674 15.780055582523344 11.100339353084562 14.02352184802294 11.113152503967283 14.04715435951948 19.029025860130787 12.523370016366245 10.661128312349321 7.6719470992684355 12.947376329451798 9.399352412670849 11.637482263147829 9.6459721773862821 20.494031880050901 8.1708208695054036 14.113711901009081 15.137857973575594 14.084489434957502 10.030949562788008
leaf_count=54 50 52 41 63 53 47 43 74 68 53 102 82 59 70 53 69 100 72 54 40 71 51 56 44 103 40 68 72 70 49
internal_value=0.00093031 0.000305615 0.00583089 0.0129938 -0.0040785 -0.0184069 0.00722035 0.0014175 -0.00557195 -0.00193538 0.00562994 -0.00100489 -0.0101241 0.000327583 0.0115501 0.00101513 0.00867799 -0.00165986 0.0186771 0.0040215 0.000784077 -0.0159114 0.00393221 0.00648724 0.00928424 -0.00279672 0.0181076 0.0258682 0.0368703 -0.0124876
internal_weight=379.537 368.225 106.253 61.6734 44.5797 18.0057 48.7888 37.7925 29.2314 261.972 26.574 250.868 45.493 36.237 25.1367 205.375 53.1422 152.233 34.1131 18.3331 138.185 21.9227 116.263 103.315 91.6778 38.6958 52.982 38.8683 29.2223 30.525
internal_count=1923 1869 543 300 243 100 237 185 142 1326 143 1273 232 182 123 1041 276 765 176 94 696 123 573 502 446 192 254 186 142 152
is_linear=0
shrinkage=0.05


Tree=107
num_leaves=31
num_cat=0
split_feature=13 0 4 14 14 14 7 7 2 8 0 19 8 2 7 7 8 3 2 19 19 7 0 2 8 7 7 7 3 13
split_gain=1.84397 3.93852 1.74572 1.66835 2.52375 1.96036 1.41559 2.28913 1.09 3.18603 3.80202 3.63267 3.40354 3.83126 3.5538 3.54428 2.99423 2.92305 2.76366 2.65284 3.1567 2.59954 2.37538 2.20084 2.06259 1.76609 3.41812 2.1945 1.74242 1.95312
threshold=0.3248640000000001 3.5629550000000005 0.35023700000000008 0.059345500000000002 0.073628500000000013 0.050038500000000007 0.51711950000000007 0.56591350000000007 0.039306500000000008 60.928520000000006 2.7402615000000003 3.5937195000000006 57.790623000000004 0.0014635000000000002 0.7859870000000001 0.84008650000000007 40.031056000000007 0.0080605000000000017 0.050900500000000008 1.1293320000000002 1.2457090000000004 0.63842600000000005 3.5132120000000007 0.0024845000000000006 54.839380000000006 0.82359500000000008 0.71163650000000012 0.62499950000000004 0.17742150000000004 0.090492500000000017
decision_type=2 2 2 2 2 2 2 2 2 2 2 2 2 2 2 2 2 2 2 2 2 2 2 2 2 2 2 2 2 2
left_child=2 -2 3 5 -5 6 -1 -8 9 11 23 12 13 25 16 -16 -15 -17 22 -20 -21 -18 24 -11 -10 26 27 -9 29 -22
right_child=1 -3 -4 4 -6 -7 7 8 18 10 -12 -13 -14 14 15 17 21 -19 19 20 28 -23 -24 -25 -26 -27 -28 -29 -30 -31
leaf_value=0.017279257626469684 -0.045631309654653687 0.0012792118375069758 0.020913710888066955 0.039507284816230719 -0.006858715018095889 -0.022880316563832614 -0.022345257685746234 -0.019585048652563549 -0.012806695825342574 0.02327866483193038 0.034836045996811879 -0.030492357877099849 -0.029861016472050542 -0.00097540235264627481 -0.029294001596246372 0.033882543679171893 0.0117481227666992 -0.003406394528172282 0.020252421317535546 -0.035052537542767208 0.0036882934373119024 0.047747588459437676 0.0014658171979502789 -0.0084903277829165517 -0.045399268258859121 0.0059955208524768468 -0.034172758824356796 0.012812985022774429 0.01620455906450223 -0.011846125271610719
leaf_weight=10.974756903946398 7.0013718679547337 12.396885193884371 9.8640858121216279 6.3514774516224843 5.4558860026299953 9.9694396257400495 12.072089590132235 9.1754976585507411 11.121934212744241 8.4295951798558253 15.033808901906012 9.7670714855194074 8.2134465426206571 8.3901267722249049 7.6885405033826855 8.1882938444614428 8.0174655765295046 14.673389233648775 14.507043562829493 6.9788749888539305 47.146705932915211 13.389341704547403 11.616389580070971 15.431176863610743 8.6136067286133748 18.423043854534626 12.365319997072218 12.145594671368597 13.817670889198778 35.44621629267931
leaf_count=53 40 66 52 34 52 51 62 47 55 41 73 57 43 44 39 42 38 74 68 36 227 65 57 75 43 96 62 61 67 171
internal_value=-0.00062194 -0.0156521 0.000159158 -0.000404195 0.0180827 -0.00102503 -0.000387239 -0.000973612 -0.000163767 0.00258198 0.0151418 -0.00116318 0.00121074 0.00348011 0.012056 7.29537e-05 0.0243419 0.00994926 -0.00327899 0.000229653 -0.00257983 0.0342648 -0.016473 0.0027331 -0.0270318 -0.00645147 -0.0132587 -0.00112946 -0.00022923 -0.00297858
internal_weight=392.666 19.3983 373.268 363.404 11.8074 351.596 341.627 330.652 318.58 169.332 38.8946 130.437 120.67 112.457 60.3472 30.5502 29.7969 22.8617 149.248 117.897 103.389 21.4068 31.3519 23.8608 19.7355 52.1095 33.6864 21.3211 96.4106 82.5929
internal_count=1991 106 1885 1833 86 1747 1696 1643 1581 857 189 668 611 568 302 155 147 116 724 569 501 103 155 116 98 266 170 108 465 398
is_linear=0
shrinkage=0.05


Tree=108
num_leaves=31
num_cat=0
split_feature=8 13 8 4 4 9 3 4 15 9 3 3 9 4 6 7 19 7 19 4 9 8 2 15 19 7 4 15 7 15
split_gain=1.8985 2.32191 2.40078 2.7869 1.78945 2.1395 3.93413 5.11291 3.96601 2.17946 1.94991 4.47447 4.11763 4.83402 3.05779 2.75171 3.59376 2.93049 2.81541 2.75151 3.41553 2.52843 2.71669 4.07122 4.14807 2.41048 4.07411 3.66208 1.63134 1.60979
threshold=27.869092000000006 -0.043558999999999994 38.714170000000003 -0.042526999999999988 -0.079759499999999983 0.013028000000000001 0.025412500000000005 0.028395500000000004 1.5000000000000002 0.0010860000000000004 0.034684000000000013 0.026169000000000001 0.022993000000000003 -0.014503499999999999 0.041495500000000012 0.66088250000000015 2.4337560000000003 0.74782350000000009 3.7783540000000007 -0.008901499999999998 0.096637500000000015 53.418133500000003 0.03544400000000001 2.5000000000000004 2.0370725000000003 0.84226450000000008 0.0069645000000000011 1.5000000000000002 0.56517550000000016 4.5000000000000009
decision_type=2 2 2 2 2 2 2 2 2 2 2 2 2 2 2 2 2 2 2 2 2 2 2 2 2 2 2 2 2 2
left_child=-1 -2 3 -3 -4 6 7 -6 9 -8 11 14 -12 -14 19 16 -15 -17 21 -7 -21 -19 -23 24 -24 27 -27 -16 -18 -10
right_child=1 2 4 -5 5 10 8 -9 29 -11 12 -13 13 15 25 17 28 18 -20 20 -22 22 23 -25 -26 26 -28 -29 -30 -31
leaf_value=-0.02048857688929354 0.014430259372299052 -0.0018758176810314033 -0.022631208654418446 -0.037914405538306439 -0.014055510778454586 -0.0054177709798993454 -0.03976503859175242 0.0416969372462705 0.0080354941003349008 -0.010064394069992606 0.033659278634608977 -0.026680814108429096 0.031196908294365451 -0.003964221999194854 -0.013334859879280994 -0.021460887457114601 0.014664356462098089 -0.014430510960704815 -0.020180584092419872 0.006651161710398 0.05201424881355321 0.040967178833705112 0.0388412674581462 -0.016974932268646045 -0.0062149248066008063 0.0092607832956326241 -0.035305569026782828 0.022293761576202057 0.045108673768430287 -0.014226073182401667
leaf_weight=10.288444735109804 30.803952932357788 14.093081444501879 7.6733323335647574 8.6613526307046396 7.6076292172074345 8.5728243216872233 13.953443683683874 8.9502723813056928 21.277275763452053 11.082609731703995 13.91103148460388 14.829252183437346 15.53001809120178 15.542969699949024 13.584816575050356 17.769931264221668 9.3433854207396525 11.066735595464705 12.055189728736876 8.2507848516106623 8.3476949706673604 6.958462879061698 12.079935215413572 11.763019368052481 8.851328566670416 8.8210900314152259 12.249136820435522 15.374708019196985 8.3170767650008184 13.133322954177855
leaf_count=55 161 69 42 50 40 47 69 45 101 53 67 72 78 81 71 92 50 57 66 41 41 36 56 56 43 54 73 74 41 62
internal_value=0.000697551 0.00128594 9.38459e-05 -0.0155937 0.00122027 0.00181214 -0.00547324 0.0160811 -0.0114769 -0.0266176 0.0041864 -0.00157936 0.00781162 0.00503027 0.00337052 0.00145774 0.01357 -0.00353538 0.00153887 0.0175847 0.0294651 0.00670123 0.0125989 0.00656118 0.0197881 -0.00378103 -0.0166478 0.00558049 0.0290019 -0.000460968
internal_weight=380.744 370.456 339.652 22.7544 316.897 309.224 76.0046 16.5579 59.4467 25.0361 233.219 90.0303 143.189 129.278 75.2011 113.748 33.2034 80.5446 62.7747 25.1713 16.5985 50.7195 39.6527 32.6943 20.9313 50.0298 21.0702 28.9595 17.6605 34.4106
internal_count=1943 1888 1727 119 1608 1566 370 85 285 122 1196 473 723 656 401 578 172 406 314 129 82 248 191 155 99 272 127 145 91 163
is_linear=0
shrinkage=0.05


Tree=109
num_leaves=31
num_cat=0
split_feature=4 13 7 1 3 3 13 1 1 1 19 19 7 9 4 9 1 9 7 12 9 3 7 7 11 9 11 7 9 11
split_gain=2.21496 1.92486 1.8931 3.27898 4.11568 3.94165 3.49168 2.68576 5.60821 4.74119 2.44967 4.14369 4.01788 1.84108 1.80912 3.41466 1.53207 1.97405 3.39654 3.01677 5.48807 2.77624 3.25783 2.59981 1.882 4.44869 4.14281 4.03597 4.61965 3.10108
threshold=-0.17145449999999998 -0.043558999999999994 0.60048100000000015 0.053036000000000007 0.039347500000000007 0.083049000000000026 0.052089000000000003 0.037903500000000007 0.025387000000000003 0.0090970000000000027 3.7783540000000007 7.0091450000000011 0.96813650000000007 0.13391150000000004 -0.095814499999999983 0.23116100000000003 0.023966500000000005 0.11181650000000001 0.6766540000000002 0.020175000000000002 0.23297300000000001 0.026169000000000001 0.81517150000000005 0.85330000000000006 0.72100850000000005 0.14516350000000003 0.64202500000000018 0.87312650000000014 0.18533300000000003 0.086853500000000014
decision_type=2 2 2 2 2 2 2 2 2 2 2 2 2 2 2 2 2 2 2 2 2 2 2 2 2 2 2 2 2 2
left_child=-1 14 7 16 13 6 -6 8 9 -3 12 -12 -7 -5 -2 -16 17 18 -4 20 -19 23 -23 -20 26 -26 27 28 -18 -29
right_child=1 2 3 4 5 10 -8 -9 -10 -11 11 -13 -14 -15 15 -17 24 19 21 -21 -22 22 -24 -25 25 -27 -28 29 -30 -31
leaf_value=-0.026100420236841473 0.025889812452758416 -0.036376624352745197 0.026982716071672755 -0.046556256073334919 -0.0028496836532350979 -0.01349074551174316 0.039920207887783582 0.0090208415587638372 -0.053089434679992914 0.012243990774143126 -0.049541909831250813 0.00011111112824321683 0.023600820819774701 -0.013235118534411935 0.02696480778570072 -0.017283452635572766 0.010079508087238225 -0.01327589249493428 -0.007621111296611101 -0.028330644402142731 0.033893483594606637 0.0055387528962054138 -0.036818604689029019 0.028183170025486287 0.02975966521525545 -0.0076976812577132974 -0.028014760056911149 0.017881870968842365 0.052024951826147761 -0.014456587239516899
leaf_weight=7.7923014014959326 14.182185158133509 7.7512467689812246 14.306160785257815 8.0957340225577372 10.011511236429216 22.132392562925816 9.1180983223021013 12.946310266852377 8.3405569046735746 14.198646187782286 8.3993453234434146 8.4078723639249784 10.895202249288557 8.4958070181310159 7.7082930058240917 10.03787326812744 31.727285467088223 21.102649535983804 9.6750445291399974 13.032656885683535 8.7124108001589757 9.0280881971120852 9.1306057050824148 10.652075130492447 24.619442373514175 11.690983403474091 8.9817755594849569 10.701055511832235 8.2765317782759649 24.129563145339489
leaf_count=44 73 49 69 39 47 110 46 68 40 69 42 41 53 48 38 51 151 120 48 84 44 43 55 58 120 62 45 50 41 114
internal_value=0.000285486 0.000831605 -0.000256701 0.0011472 -0.00713586 -0.00175693 0.0175365 -0.0100406 -0.0181876 -0.00492559 -0.00916292 -0.0247028 -0.00125491 -0.0294939 0.0125762 0.00193639 0.00443161 -0.0002903 0.00618128 -0.00826383 0.000507711 -0.00155115 -0.0157595 0.0111415 0.00819099 0.0176994 0.0040718 0.00792289 0.0187577 -0.0045212
internal_weight=384.28 376.487 344.559 301.322 85.556 68.9644 19.1296 43.2368 30.2904 21.9499 49.8348 16.8072 33.0276 16.5915 31.9284 17.7462 215.766 95.6397 52.792 42.8477 29.8151 38.4858 18.1587 20.3271 120.127 36.3104 83.8162 74.8344 40.0038 34.8306
internal_count=1962 1918 1756 1530 426 339 93 226 158 118 246 83 163 87 162 89 1104 521 273 248 164 204 98 106 583 182 401 356 192 164
is_linear=0
shrinkage=0.05


Tree=110
num_leaves=31
num_cat=0
split_feature=13 12 7 7 9 13 5 1 1 13 14 1 14 15 11 11 9 9 15 14 14 13 19 9 11 5 1 13 8 9
split_gain=1.38366 2.1594 3.48602 4.31393 2.68227 2.55082 1.58787 1.5787 3.93062 3.55545 2.34021 1.78241 1.88821 1.55912 2.85741 3.44984 6.5284 3.84607 3.23301 2.75623 3.32207 3.06293 4.71112 4.45464 2.66004 3.1188 2.20955 3.29969 2.17253 3.63136
threshold=-0.074211999999999986 -0.020635999999999998 0.65419550000000015 0.88083450000000008 0.16208200000000003 -0.028218999999999998 0.036554500000000011 0.0021495000000000008 -0.012433999999999999 0.048981500000000004 0.012663000000000002 0.0072630000000000012 0.014832000000000003 2.5000000000000004 0.36306800000000006 0.77232850000000008 0.015263000000000001 0.06392550000000001 4.5000000000000009 0.038953500000000009 0.04227100000000001 0.16422150000000002 2.0951445000000004 0.097824000000000008 0.81204700000000007 0.031990000000000011 0.023155000000000005 0.054856000000000009 61.17154750000001 0.019077000000000004
decision_type=2 2 2 2 2 2 2 2 2 2 2 2 2 2 2 2 2 2 2 2 2 2 2 2 2 2 2 2 2 2
left_child=-1 2 -2 4 -4 6 -3 8 -7 -10 -9 -12 -13 19 -15 18 -17 -18 -16 21 -21 22 24 -24 25 -14 -27 -28 -22 -30
right_child=1 5 3 -5 -6 7 -8 10 9 -11 11 12 13 14 15 16 17 -19 -20 20 28 -23 23 -25 -26 26 27 -29 29 -31
leaf_value=-0.014041975191935306 0.035373921403823415 -0.0050516415798732188 -0.032469913422021802 0.031362434555424125 0.0071428732358503576 0.02278030200774632 -0.036006992524256404 0.022442970123269818 -0.0030276116250657148 -0.044332756845075386 0.021546194044346031 -0.021120835045794754 0.016852206955497308 -0.0077726576175422297 0.040014821262319984 0.037808035664727464 -0.037979384942898382 0.0055562520476480897 0.0077540782512790299 -0.044872686648703315 -0.027347198685616261 0.019575214004698877 -0.032397583764789038 0.0037915012370815871 0.026828860660139238 -0.029339067013698868 -0.014483036604220645 0.018593175160416153 -0.022858516441796574 0.016763765005874107
leaf_weight=18.776593834161758 10.734856128692625 8.2948163747787493 8.6500412300229126 8.1191177591681463 8.4459041059017164 6.2875174060463932 8.275996305048464 11.876437962055205 11.165510017424824 9.7673199139535409 9.0866810828447324 11.142023272812365 19.84372690320015 28.245507217943668 14.731519266963007 7.7713652774691608 10.08724355697632 10.205545220524071 16.424583971500397 7.257082372903823 9.8508686833083612 18.43019925057888 20.658174961805344 14.45259792357683 11.553193069994448 8.9105083942413312 18.66319274157286 12.651574477553366 9.7868923544883746 14.133865252137182
leaf_count=98 56 38 44 43 43 32 46 58 70 72 47 57 95 134 71 37 50 56 80 38 64 86 97 70 57 49 92 58 46 82
internal_value=-0.000804735 -0.000124714 0.0115113 0.00135226 -0.0129 -0.00139405 -0.0205117 -0.000381869 -0.0118876 -0.0223007 0.000714113 -0.000228108 -0.0009753 -9.03981e-05 0.00531307 0.0115544 -0.00116101 -0.0160847 0.0230079 -0.00293421 -0.0141807 0.00075241 -0.00249783 -0.0175011 0.00485711 0.000631238 -0.00737081 -0.00111982 -0.00758538 0.000552782
internal_weight=384.28 365.504 35.9499 25.2151 17.0959 329.554 16.5708 312.983 27.2203 20.9328 285.763 273.886 264.8 253.658 87.4658 59.2203 28.0642 20.2928 31.1561 166.192 41.0287 125.163 106.733 35.1108 71.6222 60.069 40.2253 31.3148 33.7716 23.9208
internal_count=1966 1868 186 130 87 1682 84 1598 174 142 1424 1366 1319 1262 428 294 143 106 151 834 230 604 518 167 351 294 199 150 192 128
is_linear=0
shrinkage=0.05


Tree=111
num_leaves=31
num_cat=0
split_feature=3 13 13 14 4 11 6 3 6 6 4 14 11 2 2 3 6 13 13 19 4 5 5 1 9 1 6 7 3 3
split_gain=1.76865 1.58193 1.57156 1.34614 1.53369 2.37375 3.49002 5.58042 3.38576 5.37462 4.58656 4.52512 6.60432 3.17152 3.15891 3.13132 2.91951 2.45068 3.87674 3.026 5.20198 2.44996 2.8803 2.44048 2.20638 2.82334 2.05157 1.8704 1.86064 1.7239
threshold=-0.082649999999999987 -0.086150499999999991 -0.058285999999999998 0.070810500000000012 0.35023700000000008 0.76726200000000011 0.031591000000000008 0.083049000000000026 0.041782000000000007 0.043491000000000009 -0.009637999999999999 0.014038500000000001 0.37211550000000004 0.013493500000000002 0.084856000000000015 0.030403500000000003 0.074674500000000019 -0.005370999999999999 0.013100500000000001 1.5726930000000003 -0.058129999999999994 0.027912000000000003 0.031332000000000006 0.044059000000000008 0.15771450000000004 0.098629500000000023 0.031983500000000005 0.82255950000000011 0.070402000000000006 0.13966050000000005
decision_type=2 2 2 2 2 2 2 2 2 2 2 2 2 2 2 2 2 2 2 2 2 2 2 2 2 2 2 2 2 2
left_child=-1 -2 -3 4 5 8 -7 13 10 -10 26 -12 -13 -8 -9 -15 -16 19 23 20 -11 -20 -23 -19 25 29 -4 -17 -26 -24
right_child=1 2 3 -5 -6 6 7 14 9 17 11 12 -14 15 16 27 -18 18 21 -21 -22 22 24 -25 28 -27 -28 -29 -30 -31
leaf_value=0.021446074534963253 -0.019293138910526721 0.018135787327758668 -0.021733676602503027 -0.018882756996198992 0.015413498999721621 -0.04076742477759613 -0.011575581667304036 -0.040023294904432426 -0.039885335118931609 0.032745720272090904 0.05320080007629957 -0.0071019713769458724 0.037766657927885333 -0.0051478000412695062 0.011844716163108742 0.012310855125451409 -0.022584062782446512 -0.0068967036508187822 -0.020816889610936459 0.038053952324099624 -0.024212898616979863 0.029417357462646565 -0.0030201167559014024 -0.043506996191112618 0.0016960316645034078 0.022970945938235288 0.007333150387750312 0.044786706031316403 0.030290672608031817 -0.026472823286977639
leaf_weight=10.702504456043242 9.5166261792182905 13.440218083560465 10.220142565667631 8.5500175692141038 17.98754870891571 6.9563351199030867 12.576837390661238 11.184971340000628 8.3612819910049421 7.504269257187846 9.3433737456798536 17.621738493442535 15.341242134571074 9.0911165103316325 10.624896161258222 7.7780088260769871 14.644638963043688 10.562760476022961 10.809229478240011 9.3705511614680272 8.6052727103233355 10.213187977671621 57.170985624194145 7.9994861558079711 12.095714233815672 9.4563899338245374 14.951586380600927 10.310920551419256 10.740599818527697 9.0798995718359929
leaf_count=56 49 74 57 73 87 38 65 60 41 38 45 88 77 46 53 40 70 63 53 47 44 49 280 39 61 44 72 51 52 45
internal_value=0.00140641 0.000830039 0.00135819 0.000712359 0.00120425 0.000412005 -0.00686535 -0.00377087 0.00293966 -0.000784673 0.0124312 0.0224863 0.0137803 0.00918489 -0.0179003 0.0187912 -0.00810805 0.00121358 -0.00141469 0.0154615 0.00232 0.00188577 0.00414216 -0.0226741 0.00152261 -0.00258643 -0.00446847 0.0308225 0.0151449 -0.00623439
internal_weight=382.812 372.11 362.593 349.153 340.603 322.615 83.1677 76.2114 239.448 171.97 67.4781 42.3064 32.963 39.7569 36.4545 27.18 25.2695 163.608 138.128 25.4801 16.1095 119.566 108.757 18.5622 98.5436 75.7073 25.1717 18.0889 22.8363 66.2509
internal_count=1957 1901 1852 1778 1705 1618 423 385 1195 856 339 210 165 202 183 137 123 815 686 129 82 584 531 102 482 369 129 91 113 325
is_linear=0
shrinkage=0.05


Tree=112
num_leaves=31
num_cat=0
split_feature=2 2 13 0 14 14 1 4 14 11 9 19 11 14 14 4 14 1 8 4 13 2 4 0 0 0 9 9 1 1
split_gain=2.52651 2.87946 2.1333 4.33465 2.60976 2.49048 1.94757 1.81597 1.70159 2.09459 1.6589 4.56878 2.47917 2.32751 3.49127 2.23305 2.09682 2.28298 3.01952 2.79351 4.0348 2.93378 3.35529 2.52579 2.2305 2.36709 3.97482 2.53199 2.68067 1.97073
threshold=-0.051866499999999989 -0.03739399999999999 0.20701550000000002 6.169038500000001 0.057919000000000005 0.038576000000000006 0.081484500000000015 0.31760850000000002 0.012161500000000002 0.27859500000000009 0.0020890000000000001 1.9882490000000002 0.81291650000000015 0.032580000000000005 0.025427000000000002 0.039424500000000008 0.043609500000000009 0.067518000000000009 73.475383000000008 0.068071500000000021 0.11172450000000002 0.042259000000000012 0.040404500000000003 4.3152875000000011 4.7373520000000005 1.4463330000000003 0.069474500000000008 0.19397050000000002 0.028593500000000004 0.031106500000000006
decision_type=2 2 2 2 2 2 2 2 2 2 2 2 2 2 2 2 2 2 2 2 2 2 2 2 2 2 2 2 2 2
left_child=-1 -2 4 5 8 -4 -7 -5 9 -3 11 15 16 14 -14 -10 17 18 19 21 -21 24 -23 -19 25 -12 -27 28 -28 -13
right_child=1 2 3 7 -6 6 -8 -9 10 -11 12 29 13 -15 -16 -17 -18 23 -20 20 -22 22 -24 -25 -26 26 27 -29 -30 -31
leaf_value=0.020488151949913522 -0.026835571421858068 0.03033011644429269 -0.0053108105897972302 -0.0084765973536559021 0.029185504825169736 -0.055232944245424714 -0.019657359480294921 0.024804719852010663 -0.0059437749466374097 -0.0035568069563092896 -0.017094491303323044 -0.0071314103386050307 0.015382429070248924 0.028723255745702111 -0.013438085308508128 0.026612463773469475 -0.023983768137628179 -0.0044541414655752979 -0.030512421401738807 0.028273685491722225 -0.012582049504240248 -0.0077698027142808768 -0.043332637805115093 0.030364040163825386 -0.023447793766157715 0.037450223443405692 -0.023363112272786691 0.015094275847020684 0.0089304414573948207 -0.036343746773643763
leaf_weight=14.091540828347204 10.544898469001053 10.142653200775387 11.277683764696123 7.6232514083385494 8.0586080625653249 7.1943926215171805 8.2684528008103353 8.8651864826679212 13.045765146613123 8.2850199937820417 10.54677853733301 9.7545518353581446 28.36771984398365 12.998363755643366 16.690480440855026 8.833542123436926 10.033662438392637 9.350474067032339 9.1104463636875135 17.123767726123337 9.3387054055929166 34.857257820665836 8.191057011485098 11.758949056267737 7.8521266318857661 9.9314218759536725 13.476024970412256 22.1376574896276 12.28381312638521 14.146039046347139
leaf_count=77 57 56 53 37 56 48 43 44 64 44 53 50 141 64 85 43 52 46 47 83 46 171 41 58 41 45 74 115 60 66
internal_value=-0.000291411 -0.00108262 -0.000327319 -0.0107455 0.00109648 -0.0231782 -0.0362096 0.00941746 0.000362159 0.0150947 -0.000574553 -0.00930851 0.00106381 0.0100838 0.00470672 0.00720047 -0.00175175 -0.000484012 -0.00258682 -0.00084113 0.0138555 -0.00410172 -0.0145366 0.0149412 0.00179117 0.00468956 0.00866252 0.00269346 -0.00796364 -0.0244213
internal_weight=384.18 370.089 359.544 43.229 316.315 26.7405 15.4628 16.4884 308.256 18.4277 289.829 45.7799 244.049 58.0566 45.0582 21.8793 185.992 175.958 154.849 145.739 26.4625 119.276 43.0483 21.1094 76.2278 68.3757 57.8289 47.8975 25.7598 23.9006
internal_count=1960 1883 1826 225 1601 144 91 81 1545 100 1445 223 1222 290 226 107 932 880 776 729 129 600 212 104 388 347 294 249 134 116
is_linear=0
shrinkage=0.05


Tree=113
num_leaves=31
num_cat=0
split_feature=5 11 11 19 5 4 5 12 19 5 0 7 13 13 4 4 2 2 1 13 5 19 8 5 8 15 5 2 5 13
split_gain=2.00395 2.82244 2.88369 2.43513 4.08333 3.28848 3.22445 3.66452 2.52766 2.25726 2.4015 2.1056 1.9202 3.74377 4.74643 2.0557 2.46024 1.91402 2.80508 2.10963 2.08768 1.96271 1.83411 3.98689 4.40113 3.83604 2.91988 2.9187 2.60292 2.73285
threshold=0.062851000000000004 0.72100850000000005 0.10147050000000002 2.8554235000000001 0.05649500000000001 0.055780000000000003 0.041916000000000002 0.12637450000000003 1.7739385000000003 0.053544000000000001 6.0757340000000015 0.97182550000000012 0.17666650000000003 0.10116700000000002 0.087815500000000019 0.025691000000000002 0.015423000000000001 0.03544400000000001 0.027944500000000004 -0.0065169999999999994 0.043621500000000007 2.1889510000000008 47.139210500000011 0.026631500000000006 53.825193000000006 1.5000000000000002 0.031332000000000006 0.016892000000000001 0.040267000000000004 -0.010723499999999999
decision_type=2 2 2 2 2 2 2 2 2 2 2 2 2 2 2 2 2 2 2 2 2 2 2 2 2 2 2 2 2 2
left_child=3 2 -2 8 5 -5 -7 -8 12 10 17 -4 13 14 15 22 -17 18 19 -10 21 -19 26 -24 25 -25 27 -1 -28 -30
right_child=1 -3 11 4 -6 6 7 -9 9 -11 -12 -13 -14 -15 -16 16 -18 20 -20 -21 -22 -23 23 24 -26 -27 28 -29 29 -31
leaf_value=0.002456274872887544 0.0065007672318330963 0.0028946158480395567 -0.018812123189132845 0.018023394184987867 0.040276176396015113 0.0091553824783231642 -0.041289594320936596 0.00071259124754180828 0.00728440513205193 -0.033008570113414577 0.018676058828781664 -0.052854530660013138 0.022585169128163142 -0.019262357817565655 0.039906390034095705 -0.03533099722000943 -0.001529603666869946 -0.012279524213146957 0.024213542444875932 -0.02659379533664882 0.004941279955485104 -0.039746616977467883 0.040680180963208641 -6.9244412336545513e-05 -0.017897467867336144 0.044779769724861022 0.019971608066299162 -0.039077896375329477 0.0061791742915969913 -0.027174010937371509
leaf_weight=8.2643167376518267 7.4493392109870937 24.859608214348555 14.142898209393026 27.91681906580925 9.0470612198114377 22.597928486764431 9.3875585496425646 11.621802181005476 8.8434523493051564 8.5524082854390127 8.7701423913240415 6.6913543343543997 10.664469316601751 20.54831363633275 8.4532626122236234 7.5627804175019291 18.680052742362022 15.509496986865999 8.6407902464270574 9.5657303296029568 8.2774796485900861 11.200887769460676 9.6422077268362028 11.022950209677221 13.427735045552252 8.4018840342760068 18.605388633906841 8.6642652675509435 20.135141916573048 8.8370516598224658
leaf_count=45 40 155 82 143 42 110 51 55 43 43 42 49 52 101 43 43 89 77 42 49 41 54 46 56 63 43 97 46 101 45
internal_value=-0.000379941 -0.00939614 -0.020199 0.00105963 0.00862719 0.00462392 -0.00395425 -0.0180551 -0.00135733 -0.00874494 -0.00581431 -0.0297456 0.00203337 0.000682486 0.0035748 0.00126985 -0.0112706 -0.00927645 0.000711807 -0.0103193 -0.0169986 -0.0237977 0.00434551 0.0124108 0.00411379 0.0193294 -0.000967689 -0.0188014 0.00537774 -0.00399416
internal_weight=385.985 53.1432 28.2836 332.841 80.5712 71.5241 43.6073 21.0094 252.27 79.3604 70.808 20.8343 172.91 162.245 141.697 133.244 26.2428 62.0378 27.05 18.4092 34.9879 26.7104 107.001 42.4948 32.8526 19.4248 64.5062 16.9286 47.5776 28.9722
internal_count=1988 326 171 1662 401 359 216 106 1261 391 348 131 870 818 717 674 132 306 134 92 172 131 542 208 162 99 334 91 243 146
is_linear=0
shrinkage=0.05


Tree=114
num_leaves=31
num_cat=0
split_feature=8 8 14 11 14 2 11 0 14 8 8 8 13 13 13 12 9 12 1 4 4 6 1 6 2 2 12 14 14 12
split_gain=2.02172 2.75882 2.44272 2.68032 4.04221 5.20895 4.51028 3.70645 3.25793 2.65263 2.41945 2.36896 2.58366 2.76094 5.56935 4.10319 3.66161 2.23411 3.08635 2.5363 2.18847 2.23459 2.38553 2.80756 2.15313 2.04415 1.90545 3.0171 2.70395 2.60948
threshold=44.802597500000005 36.895061500000004 0.018667500000000004 0.88741200000000009 0.034856500000000006 0.069210000000000008 0.72100850000000005 1.497438 0.042996500000000007 50.913413500000004 38.340063000000008 49.165731500000007 0.026016000000000004 0.12364350000000002 0.080606500000000011 0.041596000000000008 0.020425000000000002 -0.0030884999999999997 0.018488000000000001 -0.017378499999999995 0.068071500000000021 0.028643000000000005 0.029155500000000004 0.036795500000000002 0.071535500000000016 0.011189000000000003 0.16939250000000003 0.037708500000000013 0.026338500000000004 0.21629400000000001
decision_type=2 2 2 2 2 2 2 2 2 2 2 2 2 2 2 2 2 2 2 2 2 2 2 2 2 2 2 2 2 2
left_child=1 25 20 4 7 9 8 -4 -7 -6 -3 -9 -13 14 15 -14 -15 18 -12 -19 21 -2 23 -23 -17 -1 27 28 -5 -28
right_child=2 10 3 26 5 6 -8 11 -10 -11 17 12 13 16 -16 24 -18 19 -20 -21 -22 22 -24 -25 -26 -27 29 -29 -30 -31
leaf_value=-0.0059429010296894076 0.040906434777224013 -0.0398283845753796 -0.029283175668813163 -0.025408879116913898 0.0055679176065279281 0.011456778083014518 0.03332970267564949 0.019465494369402342 -0.028357134558137598 0.042515608832717808 -0.020761935432576917 -0.020044205028610651 0.017521851945015682 0.0059244068362545397 0.031955297362167734 -0.030295986527960103 -0.032904726629623897 -0.039648628065124918 0.018086458442273117 -0.0026276251372558046 -0.0091914205693347847 -0.019467189640553561 0.025159888172500439 0.01434715473631511 0.0011790130341724466 0.016539846001002691 0.026190250234828794 -0.037561161890785386 0.0059021983724386884 -0.011287754973878026
leaf_weight=27.130607798695564 7.2065921798348418 8.1413805522024614 11.588997576385735 11.853040985763075 6.863565772771838 8.7809633389115387 7.4790210276842108 14.250330336391924 12.385862573981283 16.623302221298218 8.9827807694673556 17.019892707467079 14.653165876865385 12.808905191719534 16.520101211965084 12.484255872666838 11.542956229299305 9.9796681329607981 11.866250425577162 8.6246526390314084 11.326298028230665 10.04540376365185 17.368719734251499 15.783671066164969 9.6206438392400724 16.115394834429026 7.527018845081332 11.499000001698731 16.484370186924934 12.128178264945744
leaf_count=141 34 41 59 59 39 44 39 72 71 87 52 88 74 63 83 59 58 53 63 47 57 51 83 87 48 87 36 65 83 66
internal_value=-0.000186688 -0.00670592 0.0018287 -0.000522274 0.00263195 0.0142638 -4.72137e-05 -0.00240088 -0.0118405 0.0317184 -0.0150118 0.000459891 -0.00240156 0.00146648 0.0078414 -0.00299606 -0.0124809 -0.00989077 0.00134867 -0.0224863 0.0106686 0.0151313 0.0108313 0.00119613 -0.0165972 0.00243518 -0.00967464 -0.0159601 -0.00719467 0.00306456
internal_weight=384.685 90.8407 293.844 232.114 172.622 52.1327 28.6458 120.489 21.1668 23.4869 47.5947 108.9 94.6499 77.63 53.2782 36.7581 24.3519 39.4534 20.849 18.6043 61.7307 50.4044 43.1978 25.8291 22.1049 43.246 59.4916 39.8364 28.3374 19.6552
internal_count=1989 484 1505 1193 884 280 154 604 115 126 256 545 473 385 264 181 121 215 115 100 312 255 221 138 107 228 309 207 142 102
is_linear=0
shrinkage=0.05


Tree=115
num_leaves=31
num_cat=0
split_feature=13 0 19 3 13 6 2 5 2 0 15 9 3 8 19 19 0 1 5 6 3 13 13 9 6 19 5 11 2 1
split_gain=1.86262 1.59576 1.84528 1.35759 2.39323 1.42294 4.00684 2.47072 2.31152 2.13541 3.97732 3.88482 3.32957 5.04838 2.3122 5.22593 3.01355 1.88746 2.58884 2.79337 4.81188 2.16763 5.47447 2.50049 3.5739 3.31209 2.89653 3.22813 2.31924 4.7697
threshold=-0.086150499999999991 1.3463585000000002 0.8079510000000002 -0.057367499999999995 -0.058285999999999998 0.080323500000000006 -0.013550999999999999 0.032638000000000007 0.13398100000000004 3.8290545000000002 4.5000000000000009 0.15984750000000003 0.0080605000000000017 61.825867500000008 3.9678320000000005 6.7634100000000013 6.169038500000001 0.064171500000000006 0.019045500000000003 0.067127000000000006 0.11957250000000001 0.16906950000000001 0.13452350000000005 0.068563000000000013 0.060614000000000008 3.6965760000000008 0.046596000000000005 1.0000000180025095e-35 0.019320000000000004 0.020881000000000004
decision_type=2 2 2 2 2 2 2 2 2 2 2 2 2 2 2 2 2 2 2 2 2 2 2 2 2 2 2 2 2 2
left_child=-1 -2 -3 -4 -5 8 -7 -8 17 10 12 14 -9 -14 16 -16 -11 18 -6 20 21 22 23 26 25 28 27 -20 -25 -30
right_child=1 2 3 4 5 6 7 9 -10 11 -12 -13 13 -15 15 -17 -18 -19 19 -21 -22 -23 -24 24 -26 -27 -28 -29 29 -31
leaf_value=-0.017799795922835183 -0.020029932909340815 0.023377033007360604 -0.016028433178132771 0.026195405039818709 -0.026714618725125379 -0.0382290282766534 0.029368424800127704 0.028598961186116406 0.028938110854030582 -0.0090931413843656269 0.031136198910675747 -0.041327065113333374 -0.038688615095905911 0.010356996030654972 -0.044598085074965842 0.0069221809993021124 0.031028076306171888 -0.018840413195657876 -0.014906539003906406 0.022134022747840851 -0.02760174572193539 0.029218382330843892 -0.035758084054093066 0.017315999034303101 -0.031799286677829337 -0.028317751152088268 0.039963986440348875 0.015919854951937273 -0.026970102114229927 0.0085270486326326604
leaf_weight=13.454501435160635 8.6879812553524953 9.5187895596027357 11.242706060409544 9.6340616717934591 7.0218653306365004 7.9096964970231047 6.1896309703588477 5.8432039842009571 8.3303277790546399 10.53548736870289 10.813334777951239 8.369749650359152 10.45529290661216 10.532050386071203 8.7576334886252898 11.238379977643488 8.4213578477501851 10.253619126975535 11.03652363270521 19.543381705880165 12.574074670672415 8.3985518515109998 8.5554984137415868 29.946322716772556 7.8930436894297591 7.5678380988538256 8.8410886004567129 36.845868624746799 12.55558706820011 38.424279771745205
leaf_count=71 46 45 62 57 37 41 30 33 40 51 53 50 62 58 46 56 41 51 57 97 62 41 45 156 40 46 41 185 71 191
internal_value=0.000471029 0.0011428 0.0016577 0.00106315 0.00163422 0.000910271 -0.00409227 -0.00113019 0.00308589 -0.00335195 0.00553544 -0.0104216 -0.00478227 -0.0140761 -0.00378102 -0.0156421 0.00873024 0.00210458 0.00313114 0.0041677 0.0022452 0.004452 0.00316538 0.00534034 0.00043858 0.00331397 0.0136696 0.00881461 0.00627202 -0.000215374
internal_weight=379.392 365.937 357.249 347.73 336.488 326.854 99.0658 91.1561 227.788 84.9665 37.6439 47.3226 26.8305 20.9873 38.9529 19.996 18.9568 219.458 209.204 202.182 182.639 170.065 161.666 153.111 96.3871 88.494 56.7235 47.8824 80.9262 50.9799
internal_count=1962 1891 1845 1800 1738 1681 521 480 1160 450 206 244 153 120 194 102 92 1120 1069 1032 935 873 832 787 504 464 283 242 418 262
is_linear=0
shrinkage=0.05


Tree=116
num_leaves=31
num_cat=0
split_feature=1 3 19 4 4 14 7 0 6 6 12 9 13 9 18 3 13 19 6 15 0 7 6 9 3 7 1 19 12 6
split_gain=1.6947 1.98622 4.25641 2.19328 4.62054 2.02025 1.94226 3.13813 1.42697 3.9603 4.33488 3.9191 2.97147 3.64915 3.47049 3.18378 3.75644 3.37531 2.41685 2.14922 2.01314 4.4608 3.64062 3.12791 2.74729 2.9055 2.7865 2.46501 2.38664 1.76802
threshold=0.14538000000000004 0.19174100000000002 5.7515980000000004 0.35023700000000008 0.22534950000000004 0.04227100000000001 0.51711950000000007 11.966853000000002 0.049704000000000005 0.058144000000000008 -0.0094649999999999977 0.12200200000000001 -0.049372499999999993 0.35714500000000005 0.70000000000000007 0.10202050000000001 0.10247300000000002 1.009978 0.048008000000000009 1.5000000000000002 2.5737845000000008 0.99854450000000006 0.034842000000000005 0.15642550000000002 -0.027599999999999996 0.6786795000000001 0.031106500000000006 2.0370725000000003 0.0065475000000000004 0.042645000000000009
decision_type=2 2 2 2 2 2 2 2 2 2 2 2 2 2 2 2 2 2 2 2 2 2 2 2 2 2 2 2 2 2
left_child=1 3 5 4 6 -3 -1 8 18 10 -10 -12 13 -11 15 16 17 -14 20 -16 21 24 27 29 -8 28 -27 -22 -26 -24
right_child=-2 2 -4 -5 -6 -7 7 -9 9 12 11 -13 14 -15 19 -17 -18 -19 -20 -21 22 -23 23 -25 25 26 -28 -29 -30 -31
leaf_value=0.026453182114594007 0.019040185936948544 -0.012117576883177767 0.017123251293002434 0.023946393685135091 -0.026246237392606848 -0.049170184311060072 -0.020595878231462649 -0.024889792377333811 0.053350190055359681 0.040439307360879584 0.026533773618613216 -0.010949017510098842 -0.037959729672017981 -0.0050016179556089295 -0.0012019378808058832 -0.033133825656941431 0.022351125914800828 -0.0034501761836625289 -0.026769611199808536 0.031008008155233718 -0.0093113143069467764 0.03075156701466715 0.0082292304684273617 -0.045867173429228449 0.041302863175306272 -0.010637334906896194 0.020379346538737894 0.028464127438561589 0.0063842594508955438 -0.021552909345965397
leaf_weight=7.8794237002730361 12.640788599848745 7.8144706189632434 7.2946290373802176 10.416490808129309 15.239683069288729 6.9512652084231377 13.417901426553724 11.01793836802244 7.6941157951951018 9.808713428676116 16.9388986453414 11.853910639882086 8.2732186466455584 8.0391805991530401 9.6894570440053958 10.108976434916256 11.994737759232519 49.358685523271561 8.7560304924845678 11.125379629433153 8.4961031936109084 13.891822803765534 8.6825795248150879 7.9346880614757529 7.8581258058548 31.108454912900925 9.4380766302347165 8.7829127609729749 12.970385402441023 11.696257933974264
leaf_count=41 67 37 40 59 81 47 70 59 38 53 82 61 42 45 47 52 65 251 43 53 44 74 43 47 40 158 47 43 65 61
internal_value=0.00104207 0.000417952 -0.014124 0.00135467 0.000645974 -0.0295608 0.00193956 0.00131434 0.00228345 0.00560884 0.0200112 0.0111022 0.00117045 0.0199715 -0.00216676 -0.00691283 -0.00310584 -0.00840412 -0.00131749 0.016014 0.000342209 0.00473184 -0.00819632 -0.0192339 -0.000100989 0.00437963 -0.00341754 0.00988992 0.0195583 -0.00886397
internal_weight=377.173 364.533 22.0604 342.472 332.056 14.7657 316.816 308.937 297.919 154.885 36.4869 28.7928 118.398 17.8479 100.55 79.7356 69.6266 57.6319 143.033 20.8148 134.277 88.6848 45.5925 28.3135 74.7929 61.375 40.5465 17.279 20.8285 20.3788
internal_count=1955 1888 124 1764 1705 84 1624 1583 1524 789 181 143 608 98 510 410 358 293 735 100 692 454 238 151 380 310 205 87 105 104
is_linear=0
shrinkage=0.05


Tree=117
num_leaves=31
num_cat=0
split_feature=6 0 6 3 0 1 3 8 3 8 6 0 0 11 3 3 3 0 13 3 6 13 0 15 0 6 5 6 15 6
split_gain=3.46006 2.53313 2.19462 1.91039 2.83811 2.34047 2.86026 1.74172 3.17638 2.87525 2.85135 3.9924 3.38139 1.86479 2.13152 1.39288 4.03982 2.60193 3.13829 2.03414 1.98042 2.71922 1.75545 3.0478 3.90802 2.66576 2.62055 4.40284 5.14942 2.61113
threshold=0.095112500000000016 8.0818495000000024 0.10412100000000001 -0.064051999999999984 2.0160525000000002 0.076999000000000026 0.060567500000000003 47.139210500000011 0.06324150000000002 48.276196000000006 0.034541000000000009 2.2583120000000005 3.3438695000000003 0.68660700000000008 0.0038610000000000003 0.098764500000000019 0.087077000000000016 4.8751650000000009 0.21359950000000003 0.11957250000000001 0.073717500000000005 0.070026000000000019 1.4379750000000002 2.5000000000000004 2.3057315000000007 0.061309000000000009 0.029273000000000004 0.047658000000000006 1.0000000180025095e-35 0.04001600000000001
decision_type=2 2 2 2 2 2 2 2 2 2 2 2 2 2 2 2 2 2 2 2 2 2 2 2 2 2 2 2 2 2
left_child=1 7 -2 -4 -5 6 -6 8 10 -9 -1 13 -13 14 -12 16 20 18 19 -17 22 -22 -11 25 -25 26 29 28 -28 -24
right_child=2 -3 3 4 5 -7 -8 9 -10 15 11 12 -14 -15 -16 17 -18 -19 -20 -21 21 -23 23 24 -26 -27 27 -29 -30 -31
leaf_value=-0.020657725301072061 0.027801024526682622 -0.021064043039749823 0.034608062431875884 -0.0246785841920385 0.013929387542118494 0.016452138414132757 -0.027360449019159933 0.030020658015092114 -0.034979161968416654 -0.016214927404227204 -0.0093218948909442583 -0.028544961543344002 0.0098815224525247696 0.025925345423511589 0.018985200376203701 0.046981750998068783 -0.031663365792695006 -0.014212941734172327 -0.0067069800333689009 0.015351296895773275 -0.034252413247135252 0.0042648707195715937 0.041041864199270035 0.010614007449153428 -0.023275898812025117 0.0386442677529805 0.019837794545605626 0.023353602194652212 -0.02752360021712167 0.0035886486967882771
leaf_weight=17.799395877867937 15.012836523354052 15.372136935591696 5.4728432595729819 7.6243049651384345 8.3538478091359156 30.478514704853296 8.4236579127609712 9.040770545601843 8.5087687857449037 10.133403755724428 14.558341279625894 15.245306432247164 9.1676534712314588 14.385167613625525 12.242732204496859 7.7134339287877109 10.151041857898234 9.3955183476209623 10.719195768237112 14.904308862984179 8.761535048484804 9.6060571148991567 9.9587055519223231 16.796055309474468 17.236065275967121 8.1444341465830785 8.6759789437055606 14.026100963354109 16.954827204346657 8.7357328832149488
leaf_count=97 72 81 35 44 51 158 56 47 45 52 75 82 46 77 59 39 53 47 52 71 43 49 48 86 87 40 46 67 94 40
internal_value=0.00112183 -0.00129708 0.0106938 0.00643832 0.00362914 0.00819632 -0.00680143 -0.000222842 -0.00587821 0.00249914 -0.00290918 0.00190663 -0.0141149 0.0114033 0.00360879 0.00113136 -0.00129294 0.00902732 0.0155772 0.0261384 0.00109638 -0.0141083 0.00362005 0.00561945 -0.00655003 0.0118477 0.00810757 0.0008325 -0.0114919 0.0235403
internal_weight=373.599 298.233 75.366 60.3532 54.8803 47.256 16.7775 282.861 91.9074 190.953 83.3986 65.5992 24.413 41.1862 26.8011 181.912 139.18 42.7325 33.3369 22.6177 129.029 18.3676 110.661 100.528 34.0321 66.4958 58.3513 39.6569 25.6308 18.6944
internal_count=1939 1523 416 344 309 265 107 1442 481 961 436 339 128 211 134 914 705 209 162 110 652 92 560 508 173 335 295 207 140 88
is_linear=0
shrinkage=0.05


Tree=118
num_leaves=31
num_cat=0
split_feature=14 4 14 3 4 3 12 4 2 19 15 19 2 2 19 5 11 3 1 2 3 15 18 4 4 3 3 3 14 5
split_gain=1.91266 2.94012 2.63955 2.42731 1.96042 2.72719 4.94223 3.42226 2.89322 3.32955 3.2623 2.80249 2.74707 4.31843 3.96324 1.85141 2.11202 1.82747 1.87584 1.60421 3.52619 1.58759 1.58246 3.69966 2.73537 3.14673 2.16834 2.51081 1.70615 1.35071
threshold=0.032580000000000005 0.23565150000000004 0.037708500000000013 0.083890500000000021 0.18753250000000002 0.061986000000000006 0.038024000000000009 0.03529150000000001 0.055521500000000008 1.7486895000000002 1.5000000000000002 2.1749940000000003 0.018289000000000003 0.0014635000000000002 1.5117360000000002 0.040267000000000004 0.66160700000000017 0.036374500000000004 0.03598450000000001 0.041758500000000011 0.040470500000000006 1.5000000000000002 0.70000000000000007 0.40748850000000003 0.35023700000000008 0.11065500000000002 0.046830500000000004 0.0029300000000000007 0.045716500000000007 0.050087500000000007
decision_type=2 2 2 2 2 2 2 2 2 2 2 2 2 2 2 2 2 2 2 2 2 2 2 2 2 2 2 2 2 2
left_child=1 4 3 -2 5 8 -7 -8 10 -10 12 21 13 14 -1 16 -13 18 -14 20 29 -9 24 28 25 26 27 -4 -24 -12
right_child=2 -3 22 -5 -6 6 7 11 9 -11 19 15 17 -15 -16 -17 -18 -19 -20 -21 -22 -23 23 -25 -26 -27 -28 -29 -30 -31
leaf_value=-0.027878339978695623 0.0052626203890396668 -0.028693408085439166 0.0024123517386091696 0.03269975825257089 0.023023551596686048 -0.038865298882098075 0.025613295272644276 -0.0094980408898069982 0.038192160994028924 -0.003129567332982211 0.010964406972423154 -0.030182737571753888 -0.036374609911546459 0.025719245411039423 0.010282231127209827 -0.039860475110197191 0.0040493158605830713 -0.0013796054157730771 -0.0069305356094709995 0.023077657320653568 -0.024689064592875835 0.02076620134606735 0.0084870102811628236 -0.01498031880371843 0.019234198688249902 -0.031972163146345683 0.019923760869650045 -0.033993140006765177 0.040293705519701274 -0.0083808941277644655
leaf_weight=14.391054544597866 16.354079052805901 9.3026182502508146 14.689563352614647 15.896370306611059 8.8654923886060697 11.898640640079973 8.6283600032329542 8.1103146746754664 11.214909896254541 8.6233428567647916 55.798320066183805 7.8870711326599183 15.156973887234928 12.427909806370733 12.90555678680539 7.6751966327428809 10.51013572514057 11.259582810103892 8.4110319800674898 12.521125584840773 9.5256411433219892 9.3047793135046941 7.8836336955428186 8.4647363200783712 10.797693550586699 10.981497835367916 8.9533629044890386 6.9896409213542929 9.0632592886686307 10.763537131249903
leaf_count=76 81 47 85 75 43 61 44 39 57 41 293 40 80 62 70 41 50 54 42 61 50 47 39 47 66 64 50 42 46 59
internal_value=0.00121827 -0.00108156 0.00675885 0.0187865 -7.77178e-05 -0.000906839 -0.00978969 -0.0031514 0.00220045 0.0202303 8.2521e-06 -0.00885861 -0.00769958 0.00128726 -0.00983641 -0.0192323 -0.0106263 -0.01795 -0.0258665 0.00649335 0.0037642 0.00667196 0.00177453 0.012014 -0.00319005 -0.00900852 -0.000776258 -0.00932522 0.0254973 0.00783613
internal_weight=375.255 265.182 110.074 32.2504 255.879 247.013 64.0145 52.1159 182.999 19.8383 163.161 43.4875 74.5521 39.7245 27.2966 26.0724 18.3972 34.8276 23.568 88.6086 76.0875 17.4151 77.8234 25.4116 52.4118 41.6141 30.6326 21.6792 16.9469 66.5619
internal_count=1952 1357 595 156 1310 1267 322 261 945 98 847 217 384 208 146 131 90 176 122 463 402 86 439 132 307 241 177 127 85 352
is_linear=0
shrinkage=0.05


Tree=119
num_leaves=31
num_cat=0
split_feature=7 1 15 19 5 4 12 13 19 7 6 12 7 11 3 6 7 1 5 9 12 9 11 19 6 11 5 3 19 12
split_gain=1.74146 3.44914 2.13898 4.15518 4.3977 3.40451 3.10071 6.47406 2.45021 3.14646 2.74517 2.64787 2.84501 2.31718 3.39879 3.11536 4.74914 3.5957 2.8083 3.46451 2.83063 5.97333 3.79371 2.64309 2.97825 2.40809 4.98668 2.26809 2.13577 1.96883
threshold=0.60279850000000013 0.037060500000000003 4.5000000000000009 1.7006880000000002 0.034020000000000009 0.011401500000000002 0.096520000000000009 0.04812700000000001 1.3168210000000002 0.98289450000000012 0.035345000000000008 -0.0025154999999999995 0.85330000000000006 0.79772750000000014 0.014358000000000001 0.080323500000000006 0.82359500000000008 0.028200000000000003 0.042170000000000006 0.23297300000000001 0.076205000000000009 0.05867350000000001 0.37211550000000004 2.0851375000000005 0.041782000000000007 0.2608795000000001 0.031169000000000006 0.015604500000000002 1.0487070000000001 0.045158500000000011
decision_type=2 2 2 2 2 2 2 2 2 2 2 2 2 2 2 2 2 2 2 2 2 2 2 2 2 2 2 2 2 2
left_child=1 29 8 4 -4 -6 7 -5 9 10 -2 -12 28 18 -15 17 -17 -16 19 23 21 -20 -23 25 -25 -10 -27 -24 -13 -1
right_child=2 -3 3 6 5 -7 -8 -9 13 -11 11 12 -14 14 15 16 -18 -19 20 -21 -22 22 27 24 -26 26 -28 -29 -30 -31
leaf_value=-0.0070593723453270521 -0.020528618874227939 0.015146777060593001 -0.015990762976397895 -0.03274460846612727 0.036701133744261726 -0.003235375898015376 -0.041122885701955166 0.016875054912640432 0.039883482785170968 -0.02403968468946405 0.023268282218226181 0.023575560103703652 -0.020574241729477832 -0.027042587499006999 -0.010644891767893287 0.021573311238144911 -0.029332194559982001 0.029172685219207274 -0.044548664514809662 0.047761998159582347 0.018996716705648814 -0.018750878680414276 0.040761166022210776 0.023883904161627383 -0.012730288760444616 -0.011601637402262634 0.035268569056165704 0.002808821407083148 -0.0070268912790871253 -0.030714266728482594
leaf_weight=22.711713097989559 11.847387630492447 11.476839877665041 14.004203595221041 13.676048986613752 12.675595141947271 9.2167735323309881 10.414170719683169 12.658068187534807 12.264102272689341 15.428986545652149 15.708061441779135 12.041032679378988 12.50680425018072 10.584559563547371 8.4907078891992587 7.2657518833875683 12.402604240924118 17.066407471895218 7.8656283393502227 8.2956342399120313 16.278139684349298 10.094693347811701 7.3662806674838057 8.6966435238719004 15.369274258613585 11.086965516209604 11.625368572771547 8.4551016688346845 10.828853230923412 14.357016630470751
leaf_count=118 65 65 69 68 67 47 53 66 62 82 81 58 64 60 44 39 67 82 43 42 90 63 37 41 74 54 60 48 58 83
internal_value=2.65886e-05 -0.0088053 0.00134902 -0.00620857 0.00589056 0.0198877 -0.0180273 -0.00889383 0.0035314 -0.0038049 0.00115604 0.00618506 -0.00140028 0.00685042 -0.00153723 0.00443204 -0.010527 0.0159443 0.0108378 0.0175056 0.00186878 -0.00638454 0.00519842 0.0132544 0.000500895 0.0220296 0.012389 0.0204791 0.00908535 -0.0162211
internal_weight=372.759 48.5456 324.214 72.6449 35.8966 21.8924 36.7483 26.3341 251.569 78.3611 62.9321 51.0848 35.3767 173.208 55.81 45.2255 19.6684 25.5571 117.398 67.338 50.0598 33.7817 25.9161 59.0424 24.0659 34.9764 22.7123 15.8214 22.8699 37.0687
internal_count=1950 266 1684 370 183 114 187 134 1314 408 326 261 180 906 292 232 106 126 614 333 281 191 148 291 115 176 114 85 116 201
is_linear=0
shrinkage=0.05


Tree=120
num_leaves=31
num_cat=0
split_feature=3 4 5 7 13 13 3 12 11 7 2 6 6 3 13 19 2 7 0 0 7 1 0 18 4 13 4 12 0 3
split_gain=2.03204 2.89914 2.777 2.39048 2.00177 3.05429 3.41954 3.06747 2.29099 1.96429 1.56606 1.78708 3.45451 2.27967 2.17437 3.55365 1.99094 3.9901 4.56683 2.71271 2.52924 2.66826 2.05096 3.22229 2.33438 2.329 2.20158 1.80936 1.78869 2.71388
threshold=0.19174100000000002 0.39060200000000006 0.065910500000000011 0.54769500000000015 0.12668850000000001 0.14488950000000003 0.047392500000000011 0.10261400000000001 0.72690700000000008 0.89333250000000008 0.1054095 0.030457500000000002 0.027033000000000005 0.11227050000000001 0.085820500000000008 1.3562300000000003 0.024608500000000002 0.66722350000000008 2.2797325000000002 1.6069980000000001 0.72032400000000008 0.067518000000000009 2.2583120000000005 0.3000000000000001 -0.055604499999999994 -0.026900999999999998 0.014452500000000002 -0.0094649999999999977 1.5297745000000003 0.031751000000000008
decision_type=2 2 2 2 2 2 2 2 2 2 2 2 2 2 2 2 2 2 2 2 2 2 2 2 2 2 2 2 2 2
left_child=1 3 9 -1 10 -6 -7 -8 -9 -2 11 12 -5 14 16 -16 19 18 -18 -13 -19 28 24 -24 -21 -25 -27 -26 -22 -30
right_child=2 -3 -4 4 5 6 7 8 -10 -11 -12 13 -14 -15 15 -17 17 20 -20 22 21 -23 23 25 27 26 -28 -29 29 -31
leaf_value=0.024439174627702759 -0.01812999769797537 0.027135219719645165 -0.039740708756122199 -0.011189407825974586 -0.031731064910048089 -0.03043967824327376 0.029757882687606485 -0.023092873811666428 0.0078346946277728612 0.014105048048592587 0.016378085745565939 -0.010315539439379471 0.028444321931937955 -0.027671663709813523 -0.017377073371890889 0.02416382231046953 0.0019885312132452006 0.025467377946383166 -0.046511020986616546 0.037969968716732375 0.014099246218937289 0.020259920002182394 -0.020517901025395819 0.032354327429575815 -0.01248705217409078 -0.013073759886257598 0.019187992024545592 0.019608963772269491 -0.02758332024532963 -0.0039251202352006609
leaf_weight=9.7216853424906713 10.437044888734823 10.146729465574024 7.331359699368476 8.8977727144956607 12.007019031792877 9.0536525323986989 8.6899230629205686 10.102858763188125 14.700989283621309 8.6366923227906209 15.67311619967222 27.836926322430372 14.38849115744233 7.8745570480823508 7.0024389214813736 19.443103190511465 8.1324251741170901 7.5577878355979911 12.039401113986967 9.9395082145929354 7.5716801583766928 9.1444699615240079 12.272938834503291 8.3356844186782784 6.8499955311417624 11.946251168847093 9.4880218133330327 12.231827180832621 18.212659601122141 36.246070668101311
leaf_count=51 50 57 53 46 61 52 44 51 71 43 82 147 72 43 37 104 40 37 67 53 38 46 72 45 37 61 46 63 96 179
internal_value=-0.000217575 0.000804141 -0.0135866 7.46514e-06 -0.000721922 -0.00946061 -0.00317582 0.00419384 -0.00476242 -0.00353379 0.00103669 9.52823e-05 0.0133001 -0.00122939 -0.000300876 0.0131643 -0.0021011 -0.00711728 -0.0269581 0.00291525 -0.00203394 -0.0049542 0.00809795 0.0010407 0.0183217 0.00992844 0.00120712 0.00808713 -0.00867124 -0.0118371
internal_weight=371.913 345.508 26.4051 335.361 325.64 54.5544 42.5474 33.4938 24.8038 19.0737 271.085 255.412 23.2863 232.126 224.251 26.4455 197.806 98.9045 20.1718 98.9012 78.7327 71.1749 71.0642 42.0429 29.0213 29.77 21.4343 19.0818 62.0304 54.4587
internal_count=1944 1798 146 1741 1690 279 218 166 122 93 1411 1329 118 1211 1168 141 1027 503 107 524 396 359 377 224 153 152 107 100 313 275
is_linear=0
shrinkage=0.05


Tree=121
num_leaves=31
num_cat=0
split_feature=0 0 13 13 13 18 9 5 7 3 13 2 8 4 15 7 13 0 0 0 9 5 9 2 11 7 1 0 7 7
split_gain=1.57774 3.59177 1.92841 2.68257 3.07897 1.65476 2.34094 2.40391 4.3163 3.28848 2.42766 2.15046 1.63479 3.13619 3.56895 2.5234 2.68449 2.28375 3.39237 2.35373 3.1937 2.31506 1.62661 1.59055 1.52411 2.1856 2.55832 3.01666 2.09472 1.50599
threshold=3.1021255000000001 2.9037315000000006 0.36363100000000009 0.20701550000000002 0.16906950000000001 0.3000000000000001 0.13534950000000004 0.047171500000000012 0.9740215000000001 0.033938500000000003 0.12364350000000002 0.04719750000000001 44.802597500000005 0.0023235000000000005 1.0000000180025095e-35 0.89969100000000013 0.0092030000000000011 2.2583120000000005 1.9054020000000003 1.5115075000000002 0.18265050000000002 0.048072000000000011 0.23116100000000003 0.069210000000000008 0.88741200000000009 0.80026700000000017 0.037552000000000009 1.9208795000000003 0.74782350000000009 0.68764150000000013
decision_type=2 2 2 2 2 2 2 2 2 2 2 2 2 2 2 2 2 2 2 2 2 2 2 2 2 2 2 2 2 2
left_child=1 12 3 4 5 -2 7 8 9 -7 23 -8 17 14 -14 16 -16 18 19 20 -1 -21 -13 -11 25 29 -27 -28 -26 -15
right_child=2 -3 -4 -5 -6 6 11 -9 -10 10 -12 22 13 24 15 -17 -18 -19 -20 21 -22 -23 -24 -25 28 26 27 -29 -30 -31
leaf_value=-0.015253876659176231 -0.022927521474034734 0.032345051792569461 0.018175972617554447 -0.022890996568411107 0.026308570466692417 -0.033213175344697303 0.022569927751208519 0.0084505790964327209 -0.044964367384732418 -0.0013080566113910213 -0.021669852556917332 0.011636308605098162 -0.011643832434305881 0.0037215097310651945 0.032978030776302895 0.047663905033468991 -0.0058663331613669671 -0.022579860523266167 0.020731390283663373 -0.0040645400319428843 0.023749119008367594 -0.03599783629190232 -0.018051501849901602 0.024539757459985604 -0.02739932547479413 -0.016220281255912527 -0.0083607906555558335 0.031150720606342375 0.0030000562110388262 0.024349047480418402
leaf_weight=10.069472886621954 11.113869486376641 9.9776414558291417 9.5121387690305692 18.392300583422184 8.6706719249486905 9.2196846008300763 14.719139385968445 17.136081654578447 8.8474785983562452 15.944174990057947 9.1670984104275686 9.3250918984413165 7.9895575344562522 20.285613518208265 9.8657125607132965 9.2018415965139848 8.0991952791810018 13.969452623277901 14.678280875086783 12.955272540450098 10.962563663721083 10.10067956894636 9.132488187402485 9.4965615645050985 10.495171647518875 21.215319216251373 11.112153083086016 8.5460343658924085 12.31755308806896 15.694055914878843
leaf_count=54 70 54 53 97 46 45 78 90 43 78 44 49 42 108 50 48 41 77 79 69 56 53 51 46 57 117 52 42 64 77
internal_value=0.000317914 0.00304185 -0.00361469 -0.00508302 -0.00241524 -0.00459798 -0.00261996 -0.00781665 -0.0131087 -0.00667793 0.000391176 0.008315 0.0016332 0.0048925 0.0177324 0.0263718 0.0154657 -0.00440821 -8.85871e-05 -0.00702021 0.00507572 -0.0180543 -0.0030527 0.00834046 0.000363328 0.00373203 -0.00417898 0.00881611 -0.0109854 0.0127191
internal_weight=368.212 217.536 150.677 141.165 122.772 114.102 102.988 69.8111 52.675 43.8275 34.6078 33.1767 207.558 134.822 35.1563 27.1667 17.9649 72.7357 58.7663 44.088 21.032 23.056 18.4576 25.4407 99.6659 76.8532 40.8735 19.6582 22.8127 35.9797
internal_count=1930 1140 790 737 640 594 524 346 256 213 168 178 1086 698 181 139 91 388 311 232 110 122 100 124 517 396 211 94 121 185
is_linear=0
shrinkage=0.05


Tree=122
num_leaves=31
num_cat=0
split_feature=6 6 9 3 1 15 8 11 7 11 4 14 2 11 14 11 6 14 8 4 9 9 4 9 14 1 1 0 11 7
split_gain=1.60892 1.95898 3.89163 2.20934 3.45218 3.09644 2.86598 2.45131 1.81513 2.58482 2.75194 2.07522 2.10142 1.92614 3.6848 2.70891 3.18017 2.08076 1.8377 2.2653 2.96476 3.59729 2.96376 2.59994 3.39363 2.40778 1.6357 1.62215 1.40184 4.21825
threshold=0.085879500000000011 0.094359500000000013 0.041015500000000003 0.0086805000000000025 -0.0090579999999999983 2.5000000000000004 61.630594500000008 0.87596150000000017 0.97493700000000005 0.75625000000000009 -1.0000000180025095e-35 0.012663000000000002 0.13398100000000004 0.86881750000000013 0.038322000000000009 0.98581450000000015 0.053153000000000013 0.025119500000000006 73.26160400000002 0.068071500000000021 0.071781000000000011 0.015263000000000001 0.053752500000000002 0.060781000000000009 0.023638500000000003 0.015843500000000007 0.0035325000000000005 4.3152875000000011 0.37211550000000004 0.81037700000000013
decision_type=2 2 2 2 2 2 2 2 2 2 2 2 2 2 2 2 2 2 2 2 2 2 2 2 2 2 2 2 2 2
left_child=8 2 -2 4 -3 6 -5 -8 11 10 -10 -1 13 14 18 17 -17 -15 19 22 21 -21 23 24 -13 26 -25 -7 29 -27
right_child=1 3 -4 5 -6 27 7 -9 9 -11 -12 12 -14 15 -16 16 -18 -19 -20 20 -22 -23 -24 25 -26 28 -28 -29 -30 -31
leaf_value=0.020934991897500799 0.01001146972033002 -0.013443590054631483 -0.03409204627030453 -0.033841207475072368 0.029141878512488041 0.028275265485091985 0.0089820830459510555 -0.021143092782365362 0.0066554626284142286 0.0098325645751160193 -0.023009432372672094 0.027069818688504832 0.027345414698431204 -0.0056342249461417493 0.031558994275842557 -0.015140322083169476 0.022386169490972444 -0.041710311890534979 -0.01928724147794553 0.026251438768829197 0.037986549709568565 -0.015707205749328795 -0.029236721819507941 -0.0038205247844171199 -0.010570102594248575 0.012619407646375747 -0.031744492663527156 -0.0022678605149653915 0.0095200879370995889 -0.031538051790235305
leaf_weight=16.40911802649498 7.680858954787257 7.8083938062191036 14.340075291693209 12.94542760774493 12.185751087963579 7.4917795136570957 14.301560450345278 12.793255545198917 11.299252785742281 16.758575754240155 25.374844308942556 19.131010055541996 8.1598986536264402 7.7193139940500286 11.171485580503939 11.972094491124155 10.683794513344763 8.2885399088263494 9.6693282723426801 9.8730034604668671 9.8011617437005025 10.58480630815029 8.0684996098279935 11.156319558620455 8.7168974652886373 12.286626912653448 9.8964093178510648 10.356646101921795 32.677558623254299 9.6608645841479284
leaf_count=84 37 44 76 81 71 39 76 70 60 87 142 96 39 41 55 62 56 46 49 49 48 51 43 59 42 60 57 55 163 49
internal_value=-9.57674e-05 -0.00554152 -0.0187088 -0.00181854 0.0125108 -0.00676774 -0.0144884 -0.00524201 0.00185173 -0.00643575 -0.0138697 0.00381175 0.00247068 0.00146265 0.0038466 -0.0085688 0.00255597 -0.0243137 0.00180341 0.00324104 0.0153751 0.00454217 -4.91348e-05 0.00222566 0.0152878 -0.00258096 -0.0169469 0.0105525 0.00295576 -0.00681786
internal_weight=379.263 99.9037 22.0209 77.8828 19.9941 57.8887 40.0402 27.0948 279.359 53.4327 36.6741 225.927 209.518 201.358 162.694 38.6637 22.6559 16.0079 151.522 141.853 30.259 20.4578 111.594 103.526 27.8479 75.6778 21.0527 17.8484 54.6251 21.9475
internal_count=1987 549 113 436 115 321 227 146 1438 289 202 1149 1065 1026 821 205 118 87 766 717 148 100 569 526 138 388 116 94 272 109
is_linear=0
shrinkage=0.05


Tree=123
num_leaves=31
num_cat=0
split_feature=3 5 9 9 9 9 9 5 9 14 18 9 19 5 3 19 13 14 3 14 14 13 13 3 12 19 19 18 7 19
split_gain=2.29689 1.93051 4.07114 3.08227 1.88534 4.39004 4.18941 2.73853 2.39641 2.23647 2.66664 2.22905 2.41864 2.17263 2.39761 2.32653 2.11899 3.50981 1.7638 2.25991 5.19939 2.03173 1.96272 1.95966 1.92505 1.73717 1.69027 3.29812 2.2978 2.15667
threshold=0.089767500000000014 0.025727000000000003 0.11426800000000002 0.050008500000000004 0.038606000000000008 0.050008500000000004 0.075393000000000016 0.029273000000000004 0.09097100000000001 0.033541500000000009 0.50000000000000011 0.11041350000000001 0.8079510000000002 0.028626500000000003 0.061986000000000006 3.6965760000000008 -0.033951499999999996 0.021225500000000005 0.35405450000000005 0.038953500000000009 0.031106500000000006 0.18451500000000001 0.10733650000000002 0.19174100000000002 0.11215950000000001 2.1358895000000007 1.1077400000000002 0.3000000000000001 0.9288875000000002 1.8636845000000004
decision_type=2 2 2 2 2 2 2 2 2 2 2 2 2 2 2 2 2 2 2 2 2 2 2 2 2 2 2 2 2 2
left_child=1 2 3 -1 7 -6 -7 -3 -8 10 -9 -10 -13 -14 15 16 17 -15 19 20 22 -21 -2 -23 -24 -12 -18 -28 29 -29
right_child=18 4 -4 -5 5 6 8 9 11 -11 25 12 13 14 -16 -17 26 -19 -20 21 -22 23 24 -25 -26 -27 27 28 -30 -31
leaf_value=-0.0062211055197281531 -0.026983131942244984 0.038244620276092281 0.014647813803709117 -0.045584988943901304 -0.032879887506786991 0.026778129627853583 -0.023675443327055193 -0.013059052499743734 0.021698289607760015 0.030512292618182352 0.0026732945548076812 0.02826557867891576 -0.024237969299536536 0.031719456878053748 0.019615983586737523 -0.029121386901259334 0.0075182989241615776 -0.0028280161794551036 0.016071567044607389 -0.036801416348321687 0.01575441709726353 0.0073225591720431707 0.012001903466893043 -0.023886275796816132 -0.017636078347696909 0.029343765562159171 0.018958571054017527 -0.02090804504567988 -0.042213104999656109 0.0087301517328181501
leaf_weight=11.605907820165163 17.18235282599926 8.0227980613708478 11.029376745223997 8.7013510130345804 9.172977074980734 16.240295238792896 9.9389053359627706 17.129768174141645 12.712838642299173 8.3852625191211683 17.006719097495083 7.0332912206649771 9.9842708855867368 11.746741473674762 13.803322352468966 7.6474784929305306 16.681974161416306 19.649426825344563 7.6749310791492453 11.237053301185371 22.687813363969326 8.8863396309316176 9.855800215154888 11.590646933764218 12.33671238273382 9.5249979272484762 7.4478885754942885 18.36635056138039 7.5011866949498645 9.2187386080622655
leaf_count=57 92 40 56 47 47 82 52 91 68 41 83 34 51 60 74 52 90 104 42 65 109 49 50 68 60 46 44 98 45 46
internal_value=-0.000563914 0.00185741 -0.0098063 -0.0230879 0.00339821 0.000802504 0.0026419 0.011053 5.85366e-05 0.00686149 0.00231931 0.00172215 -0.000245249 -0.00188826 0.000102991 -0.00263815 -0.000403026 0.0100978 -0.00697338 -0.00885944 -0.0033109 -0.0197176 -0.0142963 -0.0103427 -0.00447371 0.0122481 -0.00597051 -0.0112608 -0.0176756 -0.0110032
internal_weight=370.004 268.552 31.3366 20.3073 237.215 177.146 167.973 60.0695 151.732 52.0467 43.6615 141.794 129.081 122.047 112.063 98.2598 90.6123 31.3962 101.452 93.7767 62.0627 31.714 39.3749 20.477 22.1925 26.5317 59.2161 42.5342 35.0863 27.5851
internal_count=1943 1408 160 104 1248 947 900 301 818 261 220 766 698 664 613 539 487 164 535 493 311 182 202 117 110 129 323 233 189 144
is_linear=0
shrinkage=0.05


Tree=124
num_leaves=31
num_cat=0
split_feature=2 2 13 12 12 6 6 19 19 13 3 6 8 2 5 3 15 6 4 5 19 0 4 12 4 19 11 6 4 5
split_gain=2.47352 1.84387 3.74948 2.28417 2.01654 2.33917 3.38117 3.92706 2.22304 1.75006 1.76834 1.92214 2.76549 2.16592 2.97771 3.21923 2.66659 2.64399 2.63138 2.58196 2.3511 2.57296 3.97617 3.5047 2.84812 2.58749 2.53725 2.14163 1.991 1.71057
threshold=0.25975700000000007 -1.0000000180025095e-35 0.056116500000000007 -0.024371499999999997 -0.0048419999999999991 0.034165000000000008 0.060000500000000005 1.5588140000000001 1.4922520000000001 -0.028218999999999998 0.0080605000000000017 0.11850600000000001 60.371606000000007 0.044648500000000008 0.03246000000000001 0.031751000000000008 1.0000000180025095e-35 0.047842000000000003 0.024840500000000005 0.024646500000000005 4.7497470000000002 2.7860245000000003 0.069150000000000003 0.070421000000000011 0.19128550000000002 2.0019555000000007 0.57321450000000007 0.03938500000000001 0.09516200000000001 0.037604000000000005
decision_type=2 2 2 2 2 2 2 2 2 2 2 2 2 2 2 2 2 2 2 2 2 2 2 2 2 2 2 2 2 2
left_child=1 2 4 -3 5 -1 7 -7 -8 29 -11 13 -13 14 19 -16 17 -15 -17 -12 21 23 25 -18 -25 -23 -24 -21 -20 -5
right_child=-2 3 -4 9 -6 6 8 -9 -10 10 11 12 -14 16 15 18 20 -19 28 27 -22 22 26 24 -26 -27 -28 -29 -30 -31
leaf_value=-0.03148869861497481 0.027674609004067131 0.024050205720515999 0.015216899750474156 0.0014937950034512883 -0.030503887486906762 -0.0088704975147271235 0.0023888115793360798 0.03815077636391076 -0.031761363853829425 0.014014809633471939 -0.0093588436741819502 -0.039541488765505325 -0.00267217635350006 0.018008019780127438 -0.031065490269809454 0.016733404580690701 0.03080942838753329 -0.016503671422452192 -0.030651761991831356 0.00069012121363720192 0.034848957741900742 -0.035435237607849272 0.033630433379268049 -0.020442778007786058 0.019240399265782054 -0.00019908774882889288 0.0014789075774884139 0.034025074437679735 0.0010342896035882177 -0.030222869518204843
leaf_weight=8.3210261017084104 8.6643660143017751 11.721953622996805 15.689745396375654 8.6909437999129313 12.09241161495447 9.306495953351261 8.5506344661116618 8.4922222867608053 10.764940753579138 29.710637284442782 13.087459128350018 6.5487804450094727 22.771022140979767 7.7045407593250301 14.85885004326701 11.110156666487457 22.300281636416912 19.842384673655033 9.2293160930275935 8.6137664541602152 9.1816195696592313 9.3529594019055384 9.7059792652726191 8.2669312208890933 9.979986369609831 11.762063965201376 16.683925740420818 10.934553280472754 10.7113462947309 8.3216686397790891
leaf_count=47 47 68 91 42 63 48 47 41 55 173 69 43 121 40 78 56 114 99 49 42 48 48 48 40 49 60 83 54 60 46
internal_value=0.0012715 0.000643549 -0.00644909 0.00242755 -0.0123581 -0.00752872 -0.0021569 0.0135646 -0.0166437 0.00152029 0.00252802 0.00106107 -0.0109072 0.00278691 -0.0037175 -0.0119257 0.00688123 -0.00685117 -0.00276661 0.00782914 0.0107717 0.00826105 0.000364683 0.0175124 0.00126158 -0.015807 0.013304 0.0193364 -0.0136313 -0.0140203
internal_weight=372.973 364.309 73.2175 291.091 57.5277 45.4353 37.1143 17.7987 19.3156 279.369 262.357 232.646 29.3198 203.326 78.5454 45.9097 124.781 27.5469 31.0508 32.6358 97.2337 88.0521 47.5049 40.5472 18.2469 21.115 26.3899 19.5483 19.9407 17.0126
internal_count=1969 1922 392 1530 301 238 191 89 102 1462 1374 1201 164 1037 408 243 629 139 165 165 490 442 239 203 89 108 131 96 109 88
is_linear=0
shrinkage=0.05


Tree=125
num_leaves=31
num_cat=0
split_feature=8 2 12 6 0 9 8 18 3 2 3 14 14 5 14 8 9 6 4 3 4 3 9 5 8 4 9 9 4 5
split_gain=3.35647 2.09044 2.51864 1.86804 2.98614 2.15394 1.84627 1.83807 2.24579 2.59713 2.1705 2.04201 3.14084 1.8872 2.43705 3.15841 1.76472 2.39688 1.62523 3.36788 3.48587 2.84037 2.21457 2.95068 2.25013 3.79152 2.11947 4.53983 2.09069 3.46202
threshold=86.154759000000013 -0.051866499999999989 -0.061470999999999991 0.17998700000000004 15.662203000000002 0.35132950000000007 30.023847500000006 0.70000000000000007 0.038851000000000004 0.044648500000000008 0.15593850000000001 0.018029000000000003 0.021131000000000004 0.03565150000000001 0.032227500000000006 65.495777500000017 0.27097550000000004 0.053153000000000013 0.023722500000000004 0.031751000000000008 -0.055604499999999994 0.024196000000000006 0.13718000000000002 0.027073000000000003 73.183301000000014 0.21030500000000002 0.11041350000000001 0.19216100000000003 0.078284500000000021 0.036449000000000002
decision_type=2 2 2 2 2 2 2 2 2 2 2 2 2 2 2 2 2 2 2 2 2 2 2 2 2 2 2 2 2 2
left_child=1 -1 -3 4 5 6 -4 10 -9 -10 16 -11 -13 -14 -15 -16 18 -18 19 21 -21 26 23 -20 25 28 -8 -28 29 -25
right_child=-2 2 3 -5 -6 -7 7 8 9 11 -12 12 13 14 15 -17 17 -19 22 20 -22 -23 -24 24 -26 -27 27 -29 -30 -31
leaf_value=0.018261146313357363 0.029158083759239308 -0.02695770707726124 0.021166518900275079 0.023285927665955303 -0.02851611655295392 0.017667751317562815 0.011456795921227345 0.027004499115892412 -0.01617883155614985 -0.018246651858580445 -0.029799085554735066 0.037498312608718304 0.02612333370497651 -0.017719215133064153 0.031763805080387904 -0.0080503787346634433 -0.0014899593951076162 -0.041233160204770025 -0.030575157816057963 -0.011742631652255319 0.0266918261688542 -0.032937633746009089 -0.02414820966672232 0.016159455169659508 0.017886616400558563 -0.035486062621263324 -0.024090552466736075 0.014897271499026619 0.012234353732709452 -0.022802389477158964
leaf_weight=14.427582547068594 9.8799402229487878 9.2121991515159589 8.981487423181532 8.0846347492188197 9.6008610874414426 15.994194027036427 23.195922330021858 9.7351226508617383 16.267943903803825 7.2917185425758353 8.0561819076538068 8.6363312080502492 8.0059042647480947 13.081754796206949 9.1164614111185092 10.981304109096525 8.2980825081467611 6.98876829445362 8.7737605199217779 8.0467915460467356 22.106730040162802 7.4336103647947303 15.114419829100369 8.8787573873996752 14.284375287592409 8.3198709934949857 18.684531621634964 12.436280304566024 22.306282110512257 15.932887926697729
leaf_count=79 51 47 49 51 53 84 122 48 84 36 45 42 40 71 46 54 43 44 42 40 113 37 89 45 72 44 99 72 111 81
internal_value=0.000408779 -0.000384025 -0.00116636 -0.00045635 -0.00104415 -0.000211989 -0.0011622 -0.00184906 0.00443963 0.00144607 -0.0043517 0.00646626 0.0100831 0.00433436 -0.000923117 0.0100096 -0.00333075 -0.0196596 -0.00198521 0.00273797 0.0164352 -0.00395056 -0.00662229 -0.00324767 0.000191196 -0.00436829 1.65125e-05 -0.00851051 0.00112634 -0.00886003
internal_weight=368.155 358.275 343.847 334.635 326.55 316.949 300.955 291.974 83.1165 73.3814 208.857 57.1135 49.8218 41.1854 33.1795 20.0978 200.801 15.2869 185.514 91.9039 30.1535 61.7503 93.6104 78.4959 69.7222 55.4378 54.3167 31.1208 47.1179 24.8116
internal_count=1934 1883 1804 1757 1706 1653 1569 1520 421 373 1099 289 253 211 171 100 1054 87 967 483 153 330 484 395 353 281 293 171 237 126
is_linear=0
shrinkage=0.05


Tree=126
num_leaves=31
num_cat=0
split_feature=4 2 4 9 9 9 6 2 6 6 5 11 9 5 4 4 9 8 12 4 10 1 8 9 3 4 6 15 6 12
split_gain=1.93711 3.23828 2.6907 1.96259 1.95187 2.53568 1.68551 4.60085 3.31247 1.82644 4.74723 1.84968 1.79192 1.79044 1.6214 1.78948 2.25955 1.5999 2.2026 3.53227 2.83823 2.72046 5.77829 3.63483 2.51817 2.51123 3.23555 2.12886 1.98755 1.97157
threshold=0.10212500000000001 0.25975700000000007 0.090641500000000014 0.14860500000000001 0.06392550000000001 0.038606000000000008 0.030457500000000002 0.026754000000000003 0.035345000000000008 0.041782000000000007 0.032234000000000006 0.50362300000000004 0.035012500000000009 0.025953000000000004 0.18385750000000003 0.23093350000000004 1.0000000180025095e-35 63.159901000000012 0.036645000000000004 0.019182500000000005 1.0000000180025095e-35 0.036753000000000008 52.68281600000001 0.26592700000000008 0.034684000000000013 -0.021742499999999998 0.048008000000000009 2.5000000000000004 0.064855500000000024 -0.010922999999999997
decision_type=2 2 2 2 2 2 2 2 2 2 2 2 2 2 2 2 2 2 2 2 2 2 2 2 2 2 2 2 2 2
left_child=2 3 6 4 5 14 7 -1 12 10 -10 -12 -8 -11 -2 -16 -17 18 21 -20 -21 24 23 29 25 27 -27 -15 -19 -23
right_child=1 -3 -4 -5 -6 -7 8 -9 9 13 11 -13 -14 17 15 16 -18 28 19 20 -22 22 -24 -25 -26 26 -28 -29 -30 -31
leaf_value=-0.0068181455451375083 -0.015218685226409538 0.023661418702969072 0.025369367002402061 -0.028014624782737786 0.0087506870933959143 -0.028351828783683544 0.0033433031896643035 0.040278132487920455 0.035497200208095457 -0.019127222793965906 0.013768003074027538 -0.017749644088118088 -0.025500573123918985 0.021227758558225604 0.017838291827285007 0.011630985160971857 -0.018856308130513994 0.0027766375473549658 0.042792399558171351 -0.01289568341243973 0.023370494002373149 0.026516894076668747 -0.049360295405822867 -0.025578708341939295 0.029462082460777916 -0.045144070016372578 0.00036549794567434076 -0.0077139018305887866 -0.031441743217891623 -0.0012493020339544208
leaf_weight=11.813455179333689 24.65297570079565 8.2866139784455282 11.209615245461462 11.801737569272516 17.361518777906895 14.864047221839426 7.4687205702066448 9.2430021166801435 13.003247343003752 12.350522659718989 8.3655164390802401 10.495385490357874 19.29626339673996 18.657796777784821 11.367921717464922 10.454122833907606 14.516785770654677 8.7444770708680171 8.0418341737240571 11.584714286029339 10.096972286701202 9.0216119289398176 7.6565055698156348 11.995674155652521 9.9127521738409978 5.329444635659466 14.617994908243416 9.6351607590913755 8.2447733432054502 21.943741153925661
leaf_count=61 124 43 57 87 98 77 38 47 65 62 45 54 103 98 57 50 70 44 45 57 50 51 37 67 51 44 74 55 43 112
internal_value=-0.000978342 -0.00643029 0.00140924 -0.0088047 -0.00637264 -0.00983399 0.000324138 0.0138554 -0.000933991 0.00127984 0.0122541 -0.00377039 -0.0174517 -0.00080368 -0.00532109 0.00139364 -0.00609274 0.000651815 0.00242823 0.0144905 0.00399316 -0.000867987 -0.00934361 -0.00221184 0.00650934 0.00179287 -0.0117935 0.0113717 -0.0138293 0.00684025
internal_weight=372.035 113.306 258.729 105.019 93.2174 75.8559 247.52 21.0565 226.463 199.698 31.8641 18.8609 26.765 167.834 60.9918 36.3388 24.9709 155.483 138.494 29.7235 21.6817 108.771 50.6175 42.961 58.1531 48.2404 19.9474 28.293 16.9893 30.9654
internal_count=1966 606 1360 563 476 378 1303 108 1195 1054 164 99 141 890 301 177 120 828 741 152 107 589 267 230 322 271 118 153 87 163
is_linear=0
shrinkage=0.05


Tree=127
num_leaves=31
num_cat=0
split_feature=14 14 9 13 5 14 13 8 14 5 14 3 7 1 5 12 4 7 12 3 8 19 19 19 5 9 3 5 9 7
split_gain=1.21541 1.93658 2.98663 2.87524 1.92929 2.19113 3.29919 3.67087 1.7464 1.33916 4.39345 3.20463 3.23543 3.16969 2.52768 2.37182 2.34451 3.04162 2.62023 1.87437 1.67429 1.49946 3.42466 1.73635 3.44576 1.90647 1.88828 2.76905 1.81635 2.11792
threshold=0.046396000000000007 0.036549000000000005 0.12320700000000001 0.23279950000000002 0.057157000000000006 0.081542000000000017 0.13452350000000005 71.647188500000013 0.040862000000000002 0.044187500000000011 0.022130500000000004 -0.011581999999999997 0.60549600000000015 0.0068995000000000003 0.042312000000000009 -0.043784999999999998 0.15813500000000003 0.77836250000000007 0.033871000000000005 0.13056900000000002 75.993092500000003 0.94532000000000005 1.0384560000000003 1.2710285000000001 0.033157000000000006 0.18893450000000003 -0.022173499999999995 0.039281500000000004 0.0020890000000000001 0.58533700000000011
decision_type=2 2 2 2 2 2 2 2 2 2 2 2 2 2 2 2 2 2 2 2 2 2 2 2 2 2 2 2 2 2
left_child=1 9 3 -3 -2 6 -6 -8 -4 14 13 15 -13 -11 19 -12 17 -14 -19 20 21 -1 -23 24 -24 26 -25 28 -28 -30
right_child=4 2 8 -5 5 -7 7 -9 -10 10 11 12 16 -15 -16 -17 -18 18 -20 -21 -22 22 23 25 -26 -27 27 -29 29 -31
leaf_value=-0.015996417002962747 -0.013658593134047315 0.012478217937445033 -0.046388017584019725 -0.023272254041815831 0.043379164543325632 -0.011437994467218736 -0.015080364182082962 0.029823560927734249 -0.011839275125567653 0.0034265445203712514 0.00045393063178676696 0.023349155690340614 -0.023375469037406327 0.049309392736825719 -0.021111216987610034 0.039043276810375109 -0.03210964750184081 -0.0085775001943149375 0.024198433191869605 0.01910932122714146 -0.0218124735509291 0.030854050684303632 -0.028506990778721542 -0.02206871817923748 0.012023428216976566 0.015072937932275564 -0.019018798475845363 0.026691436647195199 -0.020944764398129832 0.0050904001766860149
leaf_weight=14.483258605003355 8.634172745048998 14.896124452352526 7.5661789886653406 9.0354129970073682 9.3407295532524603 7.3916519396007052 9.3274757601320761 8.8885095790028554 7.0810570791363716 6.6296786814928046 7.9112998470664015 8.3148163557052595 14.13879546523094 8.7082259878516179 16.301401078701019 8.0169053860008699 9.9058089405298215 14.016357611864807 10.793362528085707 11.355287700891493 9.9129125997424108 8.9415979199111444 14.390338033437731 10.078328266739843 8.2506376430392248 20.901439972221851 13.413372173905371 9.2211309447884542 9.1570747792720777 53.154650323092937
leaf_count=72 43 75 42 43 51 69 54 47 40 45 40 41 73 41 85 43 53 77 57 55 52 48 78 51 42 111 64 47 45 269
internal_value=-0.000336589 -0.00138324 -0.0119032 -0.00101946 0.00750626 0.0127351 0.0192192 0.00683055 -0.0296858 2.59691e-05 0.00514772 4.27584e-05 -0.00548324 0.0294769 -0.00224372 0.0198765 -0.0103904 -0.00486652 0.00568153 -0.000565417 -0.00186505 -0.000644384 0.000862968 -0.00107233 -0.0137372 0.0014012 -0.00160602 0.000821751 -0.00232843 0.00126438
internal_weight=370.158 326.575 38.5788 23.9315 43.5825 34.9484 27.5567 18.216 14.6472 287.997 88.4353 73.0973 57.1691 15.3379 199.561 15.9282 48.8543 38.9485 24.8097 183.26 171.905 161.992 147.509 138.567 22.641 115.926 95.0246 84.9462 75.7251 62.3117
internal_count=1953 1689 200 118 264 221 152 101 82 1489 470 384 301 86 1019 83 260 207 134 934 879 827 755 707 120 587 476 425 378 314
is_linear=0
shrinkage=0.05


Tree=128
num_leaves=31
num_cat=0
split_feature=5 3 7 7 11 7 5 6 14 2 12 8 8 14 2 5 14 14 14 5 5 3 4 12 9 14 6 9 11 6
split_gain=1.89155 2.72935 4.18868 3.94769 2.69554 3.14761 1.75885 2.10758 1.76658 1.63478 2.6425 1.60757 2.00719 1.77011 1.58129 1.57906 1.46651 2.26043 2.40439 2.1007 2.6869 1.7239 2.70817 2.5615 2.01996 2.50361 2.57287 1.72308 1.67582 3.3663
threshold=0.062851000000000004 0.19174100000000002 0.66666650000000016 0.77663450000000012 0.84861100000000012 0.97014250000000013 0.023457000000000002 0.031455500000000004 0.012663000000000002 -0.051866499999999989 -0.054254999999999991 35.413826500000006 31.348210500000004 0.014343500000000002 -0.0096974999999999995 0.047171500000000012 0.019137000000000005 0.022056500000000003 0.022702500000000004 0.03917650000000001 0.03246000000000001 0.17742150000000004 0.27454000000000006 0.12893200000000002 0.15642550000000002 0.025427000000000002 0.047050000000000008 0.071781000000000011 0.66160700000000017 0.048348000000000009
decision_type=2 2 2 2 2 2 2 2 2 2 2 2 2 2 2 2 2 2 2 2 2 2 2 2 2 2 2 2 2 2
left_child=6 2 -2 -4 5 -5 7 -1 -8 -10 -11 12 -12 -13 15 -15 28 19 -19 20 27 23 -23 24 25 -20 -27 -18 29 -16
right_child=1 -3 3 4 -6 -7 8 -9 9 10 11 13 -14 14 16 -17 17 18 21 -21 -22 22 -24 -25 -26 26 -28 -29 -30 -31
leaf_value=0.01096719258624365 0.027060782880103457 -0.032007181743424963 -0.042771554761616259 0.010792260202082746 0.024814238327532077 -0.035242179580755172 0.026175027668037844 -0.020775766839186985 0.023372822585698564 -0.027684784229895634 0.00090961321928831199 -0.020380843416085103 0.035354229927419302 0.0047925359434019795 0.01047137252394093 0.033307525486627 0.038756887078293757 -0.026526299404165201 0.023022939300134267 0.034687492086117572 -0.0097932734718707629 0.030103329815217114 -0.0055015266484392533 -0.022189602984728593 -0.0082097018395520787 -0.018041489277090959 0.0075947328123517621 0.006709404991899745 -0.024532277677325017 -0.023852195717787624
leaf_weight=7.7384671196341541 9.323191359639166 9.531995262950657 7.477826893329623 7.2575258947908896 7.0310802087187758 7.6035715490579605 8.4391315467655641 16.125990383327007 9.4927973598241788 7.171570546925067 8.5297386795282382 8.4845941737294179 8.3893018364906293 12.081202708184721 21.077654570341114 8.1170084923505765 7.4095368310809198 7.6819839701056472 18.087667353451252 9.5016555190086347 12.642418600618837 12.65928588807583 9.2380388155579549 11.899678647518156 31.78060638718307 12.810798179358242 41.464126877486706 9.6657156124711019 10.100131615996359 10.805570058524607
leaf_count=40 52 62 46 40 40 57 52 81 51 35 49 47 42 64 112 41 38 40 93 45 67 63 44 57 173 70 202 49 51 53
internal_value=0.00119227 -0.00804161 -0.00213774 -0.0114065 -0.000692961 -0.0127609 0.00257781 -0.0104826 0.00362536 0.00296709 0.00227429 0.00306295 0.017989 0.00207459 0.00284588 0.0162518 0.00165211 0.00356816 0.000698689 0.0142226 0.00767931 0.00221487 0.0150824 -0.000213232 0.00229785 0.00691261 0.00154368 0.0206159 -0.00678373 -0.00116126
internal_weight=369.62 48.2252 38.6932 29.37 21.8922 14.8611 321.395 23.8645 297.53 289.091 279.598 272.427 16.919 255.508 247.023 20.1982 226.825 184.842 145.622 39.2193 29.7177 137.94 21.8973 116.043 104.143 72.3626 54.2749 17.0753 41.9834 31.8832
internal_count=1956 297 235 183 137 97 1659 121 1538 1486 1435 1400 91 1309 1262 105 1157 941 742 199 154 702 107 595 538 365 272 87 216 165
is_linear=0
shrinkage=0.05


Tree=129
num_leaves=31
num_cat=0
split_feature=8 8 12 11 5 9 4 6 12 8 14 0 11 6 6 7 11 7 8 8 6 8 4 4 9 11 6 7 4 11
split_gain=2.33085 2.80289 3.2351 3.84565 3.07153 2.84238 3.00192 2.36623 2.21067 1.69023 1.44695 2.25246 2.04589 1.84972 3.88976 3.08803 3.96425 2.99607 2.29064 4.28895 2.49319 2.13395 2.49107 3.25344 3.21933 2.7213 2.3963 1.98104 1.93699 3.86649
threshold=34.358902000000008 46.078043500000007 0.019152000000000006 0.27207800000000004 0.036350000000000007 0.118882 -0.044201999999999998 0.056936500000000008 -0.010036999999999999 29.136993500000006 0.012663000000000002 7.2843695000000013 0.31339300000000009 0.066709000000000018 0.070190000000000016 0.58242950000000004 0.11180550000000002 0.5720050000000001 50.012095000000009 51.730124500000009 0.060614000000000008 55.464752000000011 0.039424500000000008 0.10212500000000001 0.118882 0.68660700000000008 0.051715000000000004 0.77836250000000007 0.33704400000000007 0.88741200000000009
decision_type=2 2 2 2 2 2 2 2 2 2 2 2 2 2 2 2 2 2 2 2 2 2 2 2 2 2 2 2 2 2
left_child=7 2 3 4 -2 -5 8 -1 -7 -9 -3 13 -13 17 -15 -16 -17 -12 -19 -20 21 -21 24 25 -23 -24 27 -25 29 -18
right_child=1 10 -4 5 -6 6 -8 9 -10 -11 11 12 -14 14 15 16 28 18 19 20 -22 22 23 26 -26 -27 -28 -29 -30 -31
leaf_value=0.00029116063169209224 -0.046781089686975183 0.018156500383494308 -0.040932286806969899 0.027308722765697752 -0.0066492455630774872 -0.0038217491863546853 0.015113821993481042 0.010322296806855027 -0.038644078576456312 0.044086864045905151 -0.027280246631922397 -0.028538411192517849 -0.0033497194972574879 0.042929531228877271 0.037320141629261054 0.029800441940971589 -0.00095943557707438504 0.017155207909807912 -0.039418799988040931 0.023758883354417212 -0.023066175861040691 0.0044665836700950807 0.0079043590635711827 -0.035523207600751998 -0.036008544872284734 0.041762699991758523 0.013660719063498673 -0.0031556769396675005 0.015507318994556119 -0.038934641300627126
leaf_weight=15.96754399687052 8.5297424048185366 12.560986313968895 7.4247865267097941 9.1209357082843763 10.810291506350039 12.631828643381592 12.252877235412599 7.0738447904586774 7.1305283308029184 7.78632727637887 9.7772702872753126 10.774569202214478 32.013827119022608 7.6492407172918311 6.8035892210900775 10.520589821040629 32.729534193873405 19.610259676352143 6.9487659037113181 11.643662489950655 9.5628937557339651 10.453596375882627 19.042870439589027 7.591682165861136 9.2687994316220266 8.6212302148342115 10.99350520223379 12.529100224375723 10.300727751106022 8.4290222153067571
leaf_count=80 49 73 44 48 60 67 64 43 41 41 56 54 170 41 36 51 178 106 37 59 48 52 97 42 49 42 52 61 63 47
internal_value=0.000496956 -0.000711236 -0.0097846 -0.00596053 -0.024349 0.00268475 -0.00433046 0.0136547 -0.0163861 0.028014 0.0015891 0.000773861 -0.0096925 0.00288157 0.00910554 0.00534406 0.00183402 -0.000615209 0.00144956 -0.00143815 0.00120879 0.00378397 0.000821188 0.00598057 -0.0145552 0.018456 -0.00511146 -0.0153681 -0.00388358 -0.00873653
internal_weight=366.554 335.727 67.901 60.4762 19.34 41.1362 32.0152 30.8277 19.7624 14.8602 267.826 255.265 42.7884 212.476 76.4327 68.7835 61.9799 136.044 126.266 106.656 99.7073 90.1444 78.5008 58.7784 19.7224 27.6641 31.1143 20.1208 51.4593 41.1586
internal_count=1951 1787 373 329 109 220 172 164 108 84 1414 1341 224 1117 416 375 339 701 645 539 502 454 395 294 101 139 155 103 288 225
is_linear=0
shrinkage=0.05


Tree=130
num_leaves=31
num_cat=0
split_feature=1 6 6 6 6 0 11 3 4 8 5 5 6 0 11 19 9 9 19 3 11 7 7 11 0 7 11 9 0 8
split_gain=1.66177 2.3318 4.74596 2.53223 2.91632 2.73789 2.43644 2.36769 1.74771 2.37757 1.5251 2.06351 2.75503 3.06708 3.39183 2.8087 2.76059 3.52941 2.67322 2.34841 3.81029 2.77926 3.75899 2.70102 5.01571 3.75893 1.84328 1.70952 2.40361 3.38221
threshold=0.14538000000000004 0.14459600000000003 0.17998700000000004 0.096303500000000014 0.073717500000000005 1.3511730000000004 0.017392500000000002 0.0094840000000000011 0.024840500000000005 63.410571000000012 0.021042500000000002 0.037076500000000005 0.050022000000000004 1.6231460000000002 0.5870835000000002 1.7339020000000003 0.046777500000000007 0.14516350000000003 2.7022870000000005 0.026169000000000001 0.15047150000000001 0.80026700000000017 0.93353400000000009 0.22570750000000003 1.7823605000000002 0.77509700000000015 0.53576000000000013 0.027964500000000003 2.1442410000000005 56.693744000000002
decision_type=2 2 2 2 2 2 2 2 2 2 2 2 2 2 2 2 2 2 2 2 2 2 2 2 2 2 2 2 2 2
left_child=1 3 -3 4 5 -1 -6 -5 -9 -10 -7 18 27 -14 15 -15 -16 -18 19 23 -21 -22 -23 -12 -25 -26 -20 -13 29 -29
right_child=-2 2 -4 7 6 10 -8 8 9 -11 11 12 13 14 16 -17 17 -19 26 20 21 22 -24 24 25 -27 -28 28 -30 -31
leaf_value=-0.026094896032938915 0.01773529436217846 -0.03913863302845344 0.01076241300363512 0.03110690006001901 0.012600690052818298 -0.015028241227629411 -0.016185932028581245 0.025989333362805747 -0.025575974619888461 0.0089403155997964234 0.030037261483250938 0.0052371006211688739 0.031008924783626823 -0.0045126258708449501 -0.036120463944063368 0.030314184079714607 0.025257931488751623 -0.022494697309579276 0.0087898438639386171 -0.033098192343276364 0.021046684882034511 -0.029740866378181324 0.01117596684184197 0.036450393734618405 -0.037803788136913624 0.0091984025570625901 0.040165417219054894 0.0076141002360660074 -0.02858720709340859 -0.033708404217823028
leaf_weight=9.0075178295373899 12.497588753700255 11.067006055265667 8.3672542050480825 11.444612696766852 8.6998996213078481 12.430887892842291 47.388019438832998 7.085095643997195 7.456574052572253 15.077046170830725 14.875753745436667 14.560556568205355 10.130665220320223 10.755038745701315 8.1877569556236285 12.538264371454714 7.2439717054367057 8.3063631467521173 8.9760631173849124 8.7536929771304113 14.090520165860651 10.201728854328396 12.479671560227869 7.7728798836469677 7.7338536791503456 9.4529440626502019 9.7830632477998716 17.100222140550617 17.793737076222897 6.9702784568071356
leaf_count=48 66 75 55 60 42 65 252 37 41 75 81 75 52 56 39 61 36 49 45 43 72 52 62 38 42 49 50 92 110 42
internal_value=-0.000184989 -0.000814567 -0.0176542 0.000158577 -0.00145952 0.000947105 -0.0117208 0.0117922 0.00432906 -0.00248143 0.00200552 0.00297813 -0.00168245 0.00605415 0.000678841 0.0142339 -0.0126222 -0.000249601 0.00806246 0.00430672 -0.00345099 0.00360663 -0.00722777 0.0131726 0.00312134 -0.011952 0.0251525 -0.00952015 -0.0146528 -0.00435197
internal_weight=368.229 355.731 19.4343 336.297 295.233 239.145 56.0879 41.0633 29.6187 22.5336 230.138 217.707 113.587 57.1621 47.0314 23.2933 23.7381 15.5503 104.12 85.361 45.5256 36.7719 22.6814 39.8354 24.9597 17.1868 18.7591 56.4248 41.8642 24.0705
internal_count=1962 1896 130 1766 1553 1259 294 213 153 116 1211 1146 612 293 241 117 124 85 534 439 229 186 114 210 129 91 95 319 244 134
is_linear=0
shrinkage=0.05


Tree=131
num_leaves=31
num_cat=0
split_feature=14 5 14 5 7 2 2 13 1 5 4 13 4 0 7 7 0 0 4 1 14 14 12 8 4 4 14 3 7 3
split_gain=1.1316 1.42996 2.95586 3.21677 2.87905 2.53808 3.46366 2.34099 2.2116 2.39631 2.51805 2.17012 2.49167 2.40304 1.52757 2.21098 1.47324 2.66975 2.24089 1.86964 2.08949 1.91046 2.89523 4.69992 3.60122 1.76859 2.09486 1.54607 2.09652 1.90366
threshold=0.011639000000000002 0.035940500000000007 0.022249500000000002 0.047171500000000012 0.61685250000000014 0.014729000000000001 0.0032625000000000002 -0.086150499999999991 0.039847500000000001 0.031332000000000006 0.057259000000000011 -0.051171999999999995 -0.079759499999999983 1.3781965000000003 0.87312650000000014 0.65187900000000021 5.9757120000000006 2.8841685000000008 -0.04775349999999999 0.017556000000000006 0.028905000000000004 0.027662500000000003 0.06432350000000002 50.305813000000008 0.26656550000000007 0.045765500000000008 0.052725000000000008 0.12126750000000001 0.89564450000000007 0.019632000000000004
decision_type=2 2 2 2 2 2 2 2 2 2 2 2 2 2 2 2 2 2 2 2 2 2 2 2 2 2 2 2 2 2
left_child=-1 4 3 14 -2 6 -6 -4 -7 10 -10 -9 -13 -14 15 -3 17 18 -15 20 -20 -21 23 -23 -24 -18 -27 29 -29 -19
right_child=1 2 7 -5 5 8 -8 11 9 -11 -12 12 13 16 -16 -17 25 27 19 21 -22 22 24 -25 -26 26 -28 28 -30 -31
leaf_value=0.013387106160545531 -0.025630007385784689 -0.0098533550583407778 -0.024014977368506649 0.03596849326833703 -0.0040345201053466643 -0.015238602251890235 0.033890846260101623 0.022967681025455766 -0.0027179930830000271 -0.014024296276700356 0.033676625247984045 -0.027448547801491415 0.027111660178854771 0.027273680491341754 -0.014491531846293225 0.023562946888644944 -0.016271316500781865 0.0018194650378478541 -0.035016446726089584 0.018562069539062784 0.00043024655828030243 -0.011944220770195782 -0.03229639689827471 0.040668646714523443 0.0059774543231438555 0.020357614025132687 -0.009593313457405838 0.012587686742089219 -0.021671498009132831 -0.030721735969882809
leaf_weight=12.385268609970806 16.808539837598801 7.8986438587307992 11.634735297411678 10.799373112618921 15.886079899966719 43.646359723061323 9.6939245462417585 9.0632030740380269 10.813445486128332 13.775669790804384 8.479306221008299 9.2022073343396169 7.4099328368902198 7.2451168224215499 8.0594407431781274 13.260022796690462 6.7265735492110243 5.9175790809094932 7.9969194345176247 13.898844394832848 8.6592790670692903 8.9507289901375788 12.726072125136854 8.0732941403985006 11.886158980429171 21.312377903610471 8.0407686829566938 9.4586633890867251 8.4596546068787557 18.686181176453829
leaf_count=69 90 42 62 51 82 224 48 51 53 67 44 55 40 37 48 68 40 36 46 69 54 49 63 40 62 106 46 52 45 108
internal_value=-0.00146901 -0.00198809 0.000271003 0.012651 -0.00645238 -0.00330122 0.0103379 -0.00226506 -0.00784907 0.00190422 0.0132777 -0.000887621 -0.00212555 -0.000717092 0.00403255 0.0110885 -0.0020219 -0.00464763 0.000764856 -0.00189557 -0.0165883 0.00251111 -0.00284696 0.0130064 -0.0138125 0.00685375 0.0121531 -0.0147588 -0.00358687 -0.0228951
internal_weight=366.854 354.469 235.366 40.0175 119.103 102.295 25.58 195.348 76.7148 33.0684 19.2928 183.714 174.65 165.448 29.2181 21.1587 158.038 121.958 79.4364 72.1913 16.6562 55.5351 41.6363 17.024 24.6122 36.0797 29.3531 42.5221 17.9183 24.6038
internal_count=1947 1878 1270 209 608 518 130 1061 388 164 97 999 948 893 158 110 853 661 420 383 100 283 214 89 125 192 152 241 97 144
is_linear=0
shrinkage=0.05


Tree=132
num_leaves=31
num_cat=0
split_feature=13 7 5 7 14 0 1 12 11 6 3 3 7 12 12 7 14 3 1 14 7 3 9 6 19 19 7 3 0 3
split_gain=2.11867 1.48491 1.1472 2.19478 1.42484 1.18855 1.77084 2.62161 1.22169 1.83224 2.1338 1.72441 1.74212 1.76583 1.88725 2.16723 2.1047 1.79315 2.75912 2.19061 4.25965 3.45433 3.20873 2.47328 2.35934 2.63591 2.34914 2.86314 4.36935 5.17152
threshold=-0.086150499999999991 0.46971850000000004 0.021535000000000002 0.81840450000000009 0.012161500000000002 15.662203000000002 0.12549450000000004 0.21210000000000004 0.016808000000000003 0.039679500000000013 0.044997500000000003 0.17742150000000004 0.56339700000000015 0.12507200000000002 0.099061500000000011 0.60279850000000013 0.021013500000000001 -0.057367499999999995 -0.0076629999999999988 0.022056500000000003 0.64528200000000002 1.0000000180025095e-35 0.091755500000000018 0.079857000000000011 1.2852090000000003 1.9214505000000004 0.9118130000000001 -0.0021804999999999997 4.2204015000000004 0.054192000000000011
decision_type=2 2 2 2 2 2 2 2 2 2 2 2 2 2 2 2 2 2 2 2 2 2 2 2 2 2 2 2 2 2
left_child=-1 -2 3 -3 -4 6 7 8 9 -6 -11 12 -10 14 15 16 -14 -17 -19 26 -21 -22 -23 24 -24 -26 27 -20 29 -29
right_child=1 2 4 -5 5 -7 -8 -9 11 10 -12 -13 13 -15 -16 17 -18 18 19 20 21 22 23 -25 25 -27 -28 28 -30 -31
leaf_value=-0.020626110955398947 -0.020979696710327234 -0.032316793676228285 0.021640991640146059 0.0052581432373888862 -0.011424220162524425 -0.013630206249306371 0.020953972954209608 -0.026694028062667914 0.021347363035951167 0.027658859218950029 -0.0020645913703700529 0.019163605866456362 -0.036734550615502813 -0.018074614117220795 0.01697624665997164 -0.021371839367030979 -0.0029413887995440946 0.028252921656270177 0.036885420218941721 0.028951309114327414 -0.032985218879514513 -0.018756450756397227 -0.0046951433185420267 -0.016185904405095021 0.03693392808836625 -0.00018763336660266501 -0.0064850518907417672 0.0097101854451632479 0.036613365727486656 -0.035483649569844129
leaf_weight=12.374584160745142 7.9263599030673495 7.3104022219777098 8.5788856297731382 8.297101363539694 7.3270660191774359 13.318586798384784 11.412040211260317 8.3751612752675992 8.8863074891269189 16.635093711316589 9.4784148484468442 11.82231083512306 8.111499950289728 14.554734360426663 15.085961975157259 9.1040643900632556 10.666421957314013 9.0650591030716594 9.5891225263476354 8.3035774976015073 12.3750774692744 25.29270800948143 15.245680540800093 12.066047269850968 11.50576211512089 8.1832585074007493 24.816484283655882 24.61460883542901 9.4611974507570249 8.5212875977158529
leaf_count=66 49 40 54 42 39 73 61 50 47 83 45 61 42 76 76 47 59 47 52 44 79 134 81 72 59 44 131 128 45 42
internal_value=-0.000287799 0.000419301 0.000906698 -0.0123416 0.00152876 0.000995932 0.00162331 0.000885722 0.00168027 0.0106706 0.0168701 0.000511685 -0.000386705 -0.00120313 -9.70429e-05 -0.0013418 -0.017539 0.000274785 0.0013755 -5.79186e-05 -0.00522371 -0.00857531 -0.00439686 0.00333052 0.0100713 0.0215053 0.0061792 0.0122015 0.00664487 -0.00191194
internal_weight=368.305 355.93 348.004 15.6075 332.396 323.818 310.499 299.087 290.712 33.4406 26.1135 257.271 245.449 236.563 222.008 206.922 18.7779 188.144 179.04 169.975 92.9721 84.6685 72.2935 47.0007 34.9347 19.689 77.0027 52.1862 42.5971 33.1359
internal_count=1968 1902 1853 82 1771 1717 1644 1583 1533 167 128 1366 1305 1258 1182 1106 101 1005 958 911 513 469 390 256 184 103 398 267 215 170
is_linear=0
shrinkage=0.05


Tree=133
num_leaves=31
num_cat=0
split_feature=11 11 8 5 5 13 13 2 5 7 9 12 4 8 2 12 6 11 9 8 8 5 6 11 10 2 7 2 5 7
split_gain=1.60704 2.40683 3.61524 3.53183 3.77298 2.92698 3.40409 2.69661 3.54726 2.718 3.88156 2.39419 3.45035 2.21985 2.06514 1.98993 1.64798 2.89354 3.00206 3.12885 3.47763 2.01361 1.90687 2.97366 4.03646 3.42628 3.14826 2.34848 4.53121 1.65869
threshold=0.57321450000000007 0.72100850000000005 39.556930500000007 0.031630500000000013 0.036554500000000011 0.012470500000000001 0.081725000000000006 0.049571000000000011 0.043458000000000004 0.66666650000000016 0.12320700000000001 0.014631000000000002 0.09516200000000001 74.135628000000011 0.044057000000000006 0.078844500000000012 0.028643000000000005 0.34665650000000009 0.008683500000000002 63.666699000000008 42.402310000000007 0.032234000000000006 0.033645500000000009 0.072222000000000022 1.0000000180025095e-35 0.019320000000000004 0.6359220000000001 0.048123500000000007 0.045924500000000007 0.82030950000000014
decision_type=2 2 2 2 2 2 2 2 2 2 2 2 2 2 2 2 2 2 2 2 2 2 2 2 2 2 2 2 2 2
left_child=16 2 -2 14 -5 -4 -7 8 -6 -10 -11 -9 -13 -14 -3 -8 -1 22 -19 20 -20 -22 -18 24 26 29 -24 -27 -29 -25
right_child=1 3 5 4 7 6 15 11 9 10 -12 12 13 -15 -16 -17 17 18 19 -21 21 -23 23 25 -26 27 -28 28 -30 -31
leaf_value=0.022925993253001774 0.015572462967551957 -0.0038824372068286782 -0.049558865084530855 0.028355943455439049 -0.032499086743649992 0.0085454111343169908 -0.047216621171025597 0.033095021288282747 0.023132856912310106 0.01268408325299677 -0.030822414012003509 -0.026752017261113106 0.022108068966580862 -0.0012528420856289168 -0.03793803894317458 -0.014035700691754686 -0.020748246687171686 0.042263463013247127 -0.0084098161408642583 -0.014730404977981415 0.042852809962653636 0.01446234926383478 -0.013723955894015864 -0.012920337983379977 -0.023481704499349519 0.016783993193522355 0.022150831308057034 -0.026375893114864008 0.018681290303010863 -0.045054757333911982
leaf_weight=10.004797294735907 8.8432872369885427 9.0547800511121768 6.8333398923277846 13.289555367082356 12.116542272269724 11.241592533886434 7.0533973630517748 7.6230750158429137 8.6821607612073439 9.734159719198944 10.831190247088669 8.1455648280680162 17.911131110042334 23.526262417435646 8.7564352899789792 12.573401052504776 13.084113176912068 6.6133273392915717 13.820388674736021 13.223051249980925 8.2373036816716176 25.829936321824789 7.5714994221925727 8.675154313445093 8.1117688901722413 13.136271089315413 31.801781632006168 14.937029890716078 8.907341353595255 7.4766998663544646
leaf_count=51 46 49 40 68 67 60 41 43 45 55 77 43 98 117 43 68 75 33 76 74 40 137 40 47 47 66 159 76 46 47
internal_value=-1.05796e-06 -0.00344655 -0.0131999 5.4405e-05 0.00334715 -0.0199488 -0.013394 -2.46175e-05 -0.0097502 -0.000325886 -0.0102296 0.00700768 0.00299691 0.00884481 -0.020625 -0.0259601 0.00317059 0.00208117 0.0102629 0.00679988 0.012745 0.021327 -0.00279213 -0.000457155 0.00863528 -0.00858316 0.0152521 -0.000191933 -0.00954426 -0.0277954
internal_weight=367.646 176.216 46.545 129.671 111.86 37.7017 30.8684 98.5701 41.3641 29.2475 20.5653 57.206 49.583 41.4374 17.8112 19.6268 191.43 181.426 67.724 61.1107 47.8876 34.0672 113.702 100.618 47.485 53.1325 39.3733 36.9806 23.8444 16.1519
internal_count=1974 960 255 705 613 209 169 545 244 177 132 301 258 215 92 109 1014 963 360 327 253 177 603 528 246 282 199 188 122 94
is_linear=0
shrinkage=0.05


Tree=134
num_leaves=31
num_cat=0
split_feature=19 19 6 14 13 13 19 14 12 8 5 19 5 19 19 3 2 3 8 12 3 3 3 9 18 11 5 9 9 14
split_gain=1.61683 2.22718 1.75761 2.67539 1.9236 2.66547 1.52336 1.31293 1.20431 1.19615 1.10612 2.00502 1.98013 2.0228 1.66471 1.96675 5.18608 3.44458 2.62088 2.3868 3.01446 2.50323 3.62074 2.09654 2.0398 2.48633 1.8212 1.60654 2.92954 1.72813
threshold=0.94532000000000005 0.9794885000000001 0.17100250000000003 0.05190150000000001 -0.074211999999999986 -0.053884499999999995 0.88893400000000011 0.060733000000000009 -0.032738499999999997 48.795006000000008 0.052494000000000006 1.3985875000000003 0.049115000000000013 7.918197000000001 3.5937195000000006 0.048645000000000008 0.034701500000000003 0.056740500000000006 51.976562500000007 0.015848500000000005 -0.0063599999999999993 0.0013585000000000001 0.014358000000000001 0.14860500000000001 0.50000000000000011 0.15587050000000005 0.033050500000000003 0.044466500000000006 0.10663100000000002 0.037378500000000002
decision_type=2 2 2 2 2 2 2 2 2 2 2 2 2 2 2 2 2 2 2 2 2 2 2 2 2 2 2 2 2 2
left_child=6 -2 4 -4 -3 -6 9 8 -7 -1 12 -12 13 14 15 19 -17 -18 -19 20 -10 -22 -23 -24 -21 -26 -16 29 -29 -13
right_child=1 2 3 -5 5 7 -8 -9 10 -11 11 27 -14 -15 26 16 17 18 -20 24 21 22 23 -25 25 -27 -28 28 -30 -31
leaf_value=-0.014545608582988907 0.026621770561487512 -0.019461875690060786 0.037272487282345827 -0.0049873499223194138 0.026010264996896799 -0.02091295491688696 -0.02799098793167052 -0.018339855452530772 -0.015109343338076054 0.0083629474885401033 -0.010068482567235373 -0.015613284206842618 -0.019362755456991631 0.022295883350827841 0.0066523036954411656 0.037369290822872624 0.032516549674442612 -0.030173060019917586 0.00085441031643522828 0.00011415350156456107 0.03543864713369612 -0.019876936288784147 -0.0024655724148670501 0.032591454334145079 -0.046560589340585587 -0.011887068298250057 -0.023209921268058667 0.043188596396237594 0.0066662272989396407 0.016468256995773835
leaf_weight=12.900478482246401 7.7912175282835952 13.831904694437979 7.5459625869989377 7.4355115629732609 9.2650193348526937 7.0885529890656462 9.7539463937282544 10.799668807536362 16.949300091713653 10.206163026392458 13.799824923276899 8.4975404515862483 14.680620178580282 9.4068707749247533 7.4366450011730221 11.362562485039232 7.5639309436082831 7.8749394640326491 50.142673559486866 15.177483223378657 7.8493289053440227 10.397746011614801 7.5161088332533863 9.8587472550570947 7.756528869271281 15.505117446184157 16.28887141123414 8.8449263051152247 14.478120259940622 8.2954585030674917
leaf_count=65 44 73 42 55 53 36 53 79 95 51 74 44 81 48 38 60 40 41 253 79 42 54 41 51 39 81 91 43 82 41
internal_value=-0.000839741 0.000203082 -0.000428989 0.0162983 -0.00123564 -0.000386336 -0.0114214 -0.00123679 -0.000569422 -0.00442694 -3.46974e-05 0.00637119 -0.0016354 -0.000341188 -0.00145212 0.000299187 0.00618365 0.000780469 -0.00335706 -0.00467579 0.00224801 0.0105068 0.00346039 0.0174263 -0.0141451 -0.0234489 -0.0138498 0.0120264 0.0205168 0.000234457
internal_weight=366.302 333.441 325.65 14.9815 310.668 296.837 32.8606 287.572 276.772 23.1066 269.683 53.9159 215.767 201.087 191.68 167.954 76.9441 65.5815 58.0176 91.0104 52.5712 35.6219 27.7726 17.3749 38.4391 23.2616 23.7255 40.116 23.323 16.793
internal_count=1969 1800 1756 97 1659 1586 169 1533 1454 116 1418 284 1134 1053 1005 876 394 334 294 482 283 188 146 92 199 120 129 210 125 85
is_linear=0
shrinkage=0.05


Tree=135
num_leaves=31
num_cat=0
split_feature=0 3 11 6 4 0 9 2 15 3 8 11 13 15 3 12 9 8 3 3 3 4 5 15 5 11 13 13 5 5
split_gain=1.80106 1.65115 2.0953 4.07861 2.13774 2.17574 2.63096 2.24696 2.7583 2.01989 1.947 3.89822 2.25083 1.92185 1.81253 2.63977 2.57361 2.52625 3.38798 2.7069 1.8149 2.47411 1.75731 2.24844 2.13555 2.21861 1.81171 2.31653 1.70925 1.4719
threshold=27.436998000000003 0.083049000000000026 0.98581450000000015 0.053583500000000006 0.25008050000000009 1.6069980000000001 0.19919150000000005 0.016359000000000002 1.0000000180025095e-35 -0.019087999999999997 61.630594500000008 0.57321450000000007 0.070026000000000019 2.5000000000000004 0.046482500000000003 0.041596000000000008 0.31103450000000005 61.714990000000007 0.053070000000000006 0.069564000000000015 0.0080605000000000017 -0.035555999999999997 0.040538500000000012 2.5000000000000004 0.05649500000000001 0.83424300000000018 0.15155300000000002 0.23820000000000005 0.041916000000000002 0.032780000000000011
decision_type=2 2 2 2 2 2 2 2 2 2 2 2 2 2 2 2 2 2 2 2 2 2 2 2 2 2 2 2 2 2
left_child=1 2 4 -4 5 6 9 8 28 -1 11 12 -3 -11 15 16 20 18 -16 -20 -9 -22 23 -12 26 -26 -24 -28 -7 -23
right_child=-2 10 3 -5 -6 7 -8 14 -10 13 22 -13 -14 -15 17 -17 -18 -19 19 -21 21 29 24 -25 25 -27 27 -29 -30 -31
leaf_value=-0.036989490198913143 0.024570862844060848 0.018166202795780014 -0.0054744472185416955 0.03767941643060594 0.026630205395415975 0.041228626573107399 0.0063823870364782369 0.019731190951598684 0.0037114236023370016 -0.023058876677381934 -0.001716590145141031 -0.038778721759878267 -0.019613638238912486 0.0075891848809546197 0.04217144274466661 -0.031562855998734457 -0.02991020333599323 -0.0081027486643865422 -0.013878875699119496 0.023573597599140978 -0.030520755246102895 0.013166461532451677 -0.033047230479140342 0.029056703927381786 -0.014114388266860779 0.016991376424271263 0.01140702685156284 -0.024431675338046129 0.01084188875356489 -0.010077827037555604
leaf_weight=9.6730762049555796 7.8354740068316451 8.029371779412033 10.387155570089819 11.578982092440127 7.9283520877361289 9.4753985255956668 17.121022120118141 10.595731269568203 48.597422236576676 11.400916300714018 15.709430389106275 11.379847029224036 7.7453860715031615 9.277523420751093 8.301650710403921 9.4703023731708509 7.5501902624964705 19.348666071891785 10.11508531868458 9.2239246964454633 6.9776035323738972 15.282977111637601 9.7048000395298022 9.540555961430071 9.4578700549900532 14.553138323128223 9.1488187462091464 8.8905812576413137 9.0458519794046861 12.285349249839781
leaf_count=53 40 44 55 64 52 48 87 59 269 61 79 68 42 47 42 53 42 99 53 46 38 77 54 49 56 83 45 43 51 68
internal_value=0.000857252 0.000337943 0.00251459 0.0172732 0.00111524 0.000211114 -0.00928985 0.00276988 0.00996887 -0.0181304 -0.00496237 -0.0164741 -0.000383651 -0.00930841 -0.00165687 -0.00725875 -0.00289058 0.00575387 0.0154536 0.00398444 0.0016286 -0.00392372 -0.000902945 0.00991091 -0.00617874 0.0047389 -0.0156273 -0.00625581 0.0263876 0.00280805
internal_weight=365.632 357.797 253.637 21.9661 231.671 223.743 47.4725 176.27 67.1187 30.3515 104.16 27.1546 15.7748 20.6784 109.151 62.1622 52.6919 46.9893 27.6407 19.339 45.1417 34.5459 77.0052 25.25 51.7552 24.011 27.7442 18.0394 18.5213 27.5683
internal_count=1967 1927 1364 119 1245 1193 248 945 368 161 563 154 86 108 577 337 284 240 141 99 242 183 409 128 281 139 142 88 99 145
is_linear=0
shrinkage=0.05


Tree=136
num_leaves=31
num_cat=0
split_feature=5 19 19 5 1 11 15 4 15 4 3 3 2 9 11 11 5 2 12 13 9 11 4 6 11 5 2 1 11 13
split_gain=1.33928 1.8227 1.93698 1.18393 2.06571 1.82218 2.59056 2.57611 2.23629 1.46837 2.43486 1.65904 4.22503 1.89553 3.37721 4.76604 1.86847 2.16519 3.2128 1.79769 1.61429 3.58165 1.51724 2.92333 2.52358 1.68953 2.11387 1.46516 1.38408 2.48089
threshold=0.080603500000000008 2.9451770000000006 1.7227885000000003 0.023457000000000002 0.034209500000000011 0.072222000000000022 1.5000000000000002 -1.0000000180025095e-35 1.0000000180025095e-35 -0.145618 -0.058866499999999995 -0.012426999999999999 -0.014129499999999998 0.23116100000000003 0.56091100000000005 0.31142250000000005 0.055479500000000008 0.11375150000000002 0.14634050000000001 -0.010723499999999999 0.060781000000000009 0.81817250000000008 0.0060300000000000006 0.060000500000000005 0.35241950000000005 0.029273000000000004 0.048123500000000007 0.051061000000000009 0.8277540000000001 0.10247300000000002
decision_type=2 2 2 2 2 2 2 2 2 2 2 2 2 2 2 2 2 2 2 2 2 2 2 2 2 2 2 2 2 2
left_child=3 2 -2 4 -1 6 8 -8 -5 -7 -11 12 -12 16 15 -15 17 19 -19 -13 21 -18 23 24 -21 26 -24 -22 -27 -30
right_child=1 -3 -4 5 -6 9 7 -9 -10 10 11 13 -14 14 -16 -17 20 18 -20 22 27 -23 25 -25 -26 28 -28 -29 29 -31
leaf_value=-0.022364258647750213 -0.02426865057053499 -0.039834939951028228 0.014686594418896429 0.011924104955417993 0.0088721431126754947 0.022563852632093151 0.036710660001268082 0.0066303079358398485 -0.020579488777214407 -0.024278126273297534 -0.011058822503518667 0.01772295091019381 0.030203645463652812 -0.024025887245643071 -0.02753270992867702 0.025985183695300819 -0.044359728253984376 0.033525983107574021 -0.0008922123317349007 -0.044482323463509658 -0.012714985036747929 -0.0011555320337837745 0.034828858008535794 0.011846975969350138 -0.0074295438001123664 -0.0060007283717743937 -0.0010508071561642653 0.017178656695429281 0.029028478711301542 -0.0035299292832326711
leaf_weight=13.779057342559101 6.0075207240879553 4.7512502223253241 6.8065201342105865 11.595820803195238 8.5939186513423902 6.9928465187549582 12.875089801847936 15.917069114744661 9.7340287826955318 10.474766127765177 10.879271715879442 13.811880510300396 14.435641281306742 8.829973518848421 17.256793778389692 10.345534920692442 8.1621801331639308 13.390079379081728 13.735398910939692 7.807253781706101 8.1905263215303439 11.63515082746744 7.9476326107978847 9.0614400357007963 11.169849243015049 52.250990733504295 8.4906275123357755 8.2051124051213247 9.1621926277875918 16.188992165029049
leaf_count=75 51 48 46 60 40 36 70 82 51 54 58 76 79 44 99 52 43 69 68 44 48 55 39 45 61 278 44 43 48 84
internal_value=8.91226e-05 -0.0133841 -0.00357653 0.000763526 -0.0103657 0.00152139 0.0102976 0.0200814 -0.00290914 -5.85034e-05 -0.00064132 0.000307459 0.0124708 -0.000999245 -0.0114855 0.00295599 0.000918531 0.00320021 0.0160978 0.000625691 -0.00935835 -0.0189681 -0.00130867 -0.011517 -0.0226732 0.00173499 0.0162964 0.00224513 -0.00134952 0.00823703
internal_weight=368.484 17.5653 12.814 350.919 22.373 328.546 50.122 28.7922 21.3298 278.424 271.431 260.957 25.3149 235.642 36.4323 19.1755 199.209 163.016 27.1255 135.891 36.193 19.7973 122.079 28.0385 18.9771 94.0404 16.4383 16.3956 77.6022 25.3512
internal_count=1990 145 97 1845 115 1730 263 152 111 1467 1431 1377 137 1240 195 96 1045 856 137 719 189 98 643 150 105 493 83 91 410 132
is_linear=0
shrinkage=0.05


Tree=137
num_leaves=31
num_cat=0
split_feature=0 1 0 5 14 14 6 0 6 5 14 14 8 2 2 6 0 8 12 12 2 0 0 5 1 13 9 0 0 6
split_gain=1.24635 1.18365 1.4955 1.40886 4.30026 1.79084 2.01867 2.30699 1.72073 1.69886 2.62619 2.27393 2.35105 2.32932 1.85532 4.28626 1.65187 1.73333 1.76203 1.686 3.01934 3.94624 3.6456 3.04474 2.49245 2.92459 2.44631 2.11944 2.49062 2.01201
threshold=1.3415740000000003 -0.0084604999999999975 1.8402860000000001 0.040267000000000004 0.026201500000000006 0.012663000000000002 0.076986000000000013 5.1217290000000011 0.057817500000000008 0.032916000000000008 0.017783500000000004 0.019419000000000002 65.495777500000017 0.032751000000000009 0.044057000000000006 0.035995000000000006 1.4084455000000002 43.807417000000008 -0.010922999999999997 0.017071000000000006 0.059084000000000005 3.7364515000000007 2.5129150000000005 0.058120500000000012 0.12179100000000001 0.061974000000000008 0.18416150000000003 10.812590500000002 5.5304475000000011 0.058939000000000012
decision_type=2 2 2 2 2 2 2 2 2 2 2 2 2 2 2 2 2 2 2 2 2 2 2 2 2 2 2 2 2 2
left_child=-1 2 -2 4 5 -3 7 9 -6 11 -11 12 14 -13 15 -7 -5 -18 -19 26 21 22 23 -21 25 -22 -20 28 29 -27
right_child=1 3 -4 16 8 6 -8 -9 -10 10 -12 13 -14 -15 -16 -17 17 18 19 20 24 -23 -24 -25 -26 27 -28 -29 -30 -31
leaf_value=-0.019350066514177248 -0.0047518280100474755 0.014890513104663737 0.02206864912127365 0.018340267001413051 0.040552470488821699 -0.020606454138710855 0.01834489996488187 -0.023052456510313696 0.011908358428677717 -0.019575418323426741 0.013841003696718779 -0.00012913660787608469 0.021925673585319713 -0.033847238005506139 -0.023775744974635925 0.024243165889227786 -0.015327220647045496 0.02252497091011741 -0.0011516856014851787 -0.0046238518035388327 0.01513031778629742 0.029934280989989393 -0.026916670450115962 0.034906452996692316 0.010920710949417134 0.004799107099721949 -0.040970889801050736 0.0066305250961673544 -0.04703433850628512 -0.023613255985651307
leaf_weight=8.0574296042323095 8.4335768073797244 17.633827701210976 13.545128557831047 8.3855397142469865 9.0619976148009318 10.498139061033731 10.963183663785456 14.094067655503748 12.441128604114054 7.3597261533141127 29.234859943389893 8.7749680355191249 9.6851650476455671 12.303973481059073 10.202187083661554 10.815488524734972 29.814091019332409 6.9396906122565261 8.7382251471281034 12.902681022882467 8.0880665034055692 14.854244614019988 9.640493229031561 7.8254656568169585 14.126437731087206 8.6170356050133723 6.9051451459527007 7.653435416519641 7.9941667765378943 22.502460323274136
leaf_count=45 45 91 76 44 47 58 56 72 64 40 156 45 46 62 52 54 168 37 47 68 44 87 57 42 73 46 52 40 42 126
internal_value=9.84246e-05 0.000533674 0.0117772 -0.000197324 0.00314637 -1.81174e-05 -0.00213942 -0.00412734 0.0239798 -0.00142966 0.00712045 -0.00645356 0.000380123 -0.0198107 -0.00624107 0.00215225 -0.00331328 -0.00440317 -0.00202217 -0.00333409 -0.00122544 0.00881546 -0.00151442 0.0103 -0.00780803 -0.0126311 -0.0187283 -0.0174323 -0.0221407 -0.0157458
internal_weight=368.092 360.035 21.9787 338.056 163.069 141.566 123.932 112.969 21.5031 98.8745 36.5946 62.2799 41.201 21.0789 31.5158 21.3136 174.987 166.602 136.788 129.848 114.204 45.2229 30.3686 20.7281 68.9816 54.8552 15.6434 46.7671 39.1137 31.1195
internal_count=1982 1937 121 1816 843 732 641 585 111 513 196 317 210 107 164 112 973 929 761 724 625 254 167 110 371 298 99 254 214 172
is_linear=0
shrinkage=0.05


Tree=138
num_leaves=31
num_cat=0
split_feature=13 12 7 9 4 3 2 7 19 19 7 8 9 3 2 6 3 8 19 2 19 13 11 0 9 2 2 19 3 19
split_gain=1.77456 2.65039 2.20073 2.87545 1.85618 1.66306 1.92192 1.38939 1.57693 2.45354 1.62755 2.55203 1.26467 3.36294 3.4626 1.97487 1.75293 3.85037 3.328 3.53625 3.31743 2.06041 2.52808 2.94716 3.88452 1.72748 3.05485 2.42606 1.83412 2.55471
threshold=0.20701550000000002 0.14634050000000001 0.9997370000000001 0.016388500000000004 0.25008050000000009 -0.082649999999999987 -0.047732999999999991 0.55022950000000015 6.7634100000000013 3.4649265000000002 0.85683550000000008 60.928520000000006 0.011402500000000001 0.035776000000000009 0.0014635000000000002 0.042645000000000009 0.068781500000000009 45.657622500000009 2.3321650000000003 0.10630500000000002 1.6680045000000001 0.039780500000000003 0.65138900000000011 2.3421755000000006 0.20874150000000002 0.0081035000000000013 0.016892000000000001 1.6812215000000001 0.016689000000000006 1.1228085000000003
decision_type=2 2 2 2 2 2 2 2 2 2 2 2 2 2 2 2 2 2 2 2 2 2 2 2 2 2 2 2 2 2
left_child=4 -2 3 -3 5 -1 -7 -8 9 12 11 -11 13 14 -9 -15 21 -18 19 20 -19 22 25 24 -24 27 -27 -14 -28 -30
right_child=1 2 -4 -5 -6 6 7 8 -10 10 -12 -13 16 15 -16 -17 17 18 -20 -21 -22 -23 23 -25 -26 26 28 -29 29 -31
leaf_value=0.021702249953095953 -0.036455059232087729 -0.035176638045402449 0.017665642473345119 0.00081980674300226569 0.02394005897653053 -0.02208413337128284 0.017711334550143065 -0.010766172250989789 -0.018599934298800535 -0.016971733140610103 0.029984888713852926 0.02341141696324494 0.0086585809162044013 -0.039101694077964488 0.033274980133484094 -0.0098754895419858064 -0.024365627336770321 0.014133204801058742 -0.0078860618049532531 -0.0047512477542888988 0.053206562552492342 -0.0097353476067361614 0.022186609855047452 -0.028063305166773741 -0.019294771957626279 0.040604365216853816 -0.0070193403971597962 -0.024765078553242781 0.040102656198656716 0.0054918117036562211
leaf_weight=9.3627368137240392 7.4314009994268408 8.3062546849250811 9.0273698531091195 16.706142097711563 9.0229122750461084 9.2906971573829633 11.951595783233641 10.344169214367868 10.614683542400597 7.1786230653524425 11.162337128072975 8.5980518534779531 15.261107776314022 8.7782452180981654 7.8497447036206713 16.923392720520496 7.1267328262329093 10.38447136431933 11.080192025750874 7.7521345242857924 11.391116261482237 50.475028093904257 11.7372969314456 12.436671033501623 10.871054179966448 8.4279102087020856 14.122910168021916 8.4271468035876733 7.450332477688792 18.748011659830809
leaf_count=51 49 40 46 97 52 51 64 52 64 40 67 42 84 43 44 85 40 52 61 41 58 275 64 67 59 44 77 46 36 97
internal_value=0.000340702 -0.00940239 -0.00349638 -0.0111341 0.00157722 0.000942196 0.000311906 0.00100759 0.000312338 0.0010383 0.015374 0.00503648 -0.000509011 -0.00821354 0.00823534 -0.0198575 0.00113517 0.00953164 0.0154806 0.0242489 0.034573 -0.00140224 0.00251109 -0.00851356 0.0022406 0.00784478 0.0132272 -0.00323196 0.00750485 0.0153345
internal_weight=368.24 41.4712 34.0398 25.0124 326.769 317.746 308.384 299.093 287.141 276.527 26.939 15.7767 249.588 43.8956 18.1939 25.7016 205.692 47.7346 40.6079 29.5277 21.7756 157.957 107.482 35.045 22.6084 72.4374 48.7492 23.6883 40.3213 26.1983
internal_count=1988 232 183 137 1756 1704 1653 1602 1538 1474 149 82 1325 224 96 128 1101 252 212 151 110 849 574 190 123 384 254 130 210 133
is_linear=0
shrinkage=0.05


Tree=139
num_leaves=31
num_cat=0
split_feature=19 11 6 1 6 1 11 19 11 13 18 11 12 19 19 4 12 9 14 4 4 7 0 4 7 6 12 12 12 7
split_gain=1.75643 3.48519 2.15077 2.04132 2.40778 1.96746 1.79461 1.72746 2.26105 2.4801 3.45185 2.24266 2.23475 2.96809 2.64252 2.56753 2.05989 1.70351 1.65461 3.50895 3.96585 2.18652 3.64026 2.1536 2.10931 3.70361 2.48356 2.34806 2.02828 1.6407
threshold=1.0384560000000003 0.79772750000000014 0.064855500000000024 -1.0000000180025095e-35 0.071273500000000004 0.17232750000000002 0.41047550000000005 1.3889480000000003 0.42313200000000006 -0.016747999999999996 0.50000000000000011 0.8378675000000001 0.12314250000000002 2.7319910000000003 3.8936955000000002 0.18107500000000001 0.092386500000000024 0.13391150000000004 0.019238000000000005 0.044496500000000008 0.0069645000000000011 0.64298350000000004 4.1176280000000007 -0.019145499999999996 0.86363650000000003 0.074674500000000019 0.041596000000000008 0.025212500000000002 0.055410000000000008 0.74782350000000009
decision_type=2 2 2 2 2 2 2 2 2 2 2 2 2 2 2 2 2 2 2 2 2 2 2 2 2 2 2 2 2 2
left_child=1 2 -1 4 17 7 -6 8 9 -5 -11 -10 15 -14 -15 16 18 -2 19 20 23 22 -20 -9 27 26 -26 29 -29 -23
right_child=3 -3 -4 5 6 -7 -8 12 11 10 -12 -13 13 14 -16 -17 -18 -19 21 -21 -22 24 -24 -25 25 -27 -28 28 -30 -31
leaf_value=0.0092196235112923085 0.0081774726664514425 0.034146855250345963 -0.016149766448177293 -0.030605841393071567 -0.022173529421404364 0.021386597473565021 0.012180193046817264 0.0017111946400811024 -0.029053506547011634 0.030358916946790233 -0.009185342752045517 0.00032244532325311599 -0.031708019407838781 0.022616982572487482 -0.013795001430141521 0.022776562266754122 -0.019310721860441953 0.037947517058644034 0.039809841294183135 -0.027897471066422493 0.021639054456590964 -0.0057534541688982095 -0.0031106956835065805 -0.032360517771910888 0.030849756743792169 -0.014674773556540633 0.00085844195378922288 0.020368354497731445 -0.01363120172573697 -0.038536408890656786
leaf_weight=26.155968323349953 11.475039698183538 10.08107679709792 12.275148857384918 5.9479580670595196 7.9814273938536626 7.5938920527696601 7.2590742744505405 10.506063647568224 23.340114673599601 8.784478638321163 14.843472447246311 9.0033121258020383 13.780272703617809 7.2503218278288868 15.931815531104801 11.764044735580681 14.624181814491747 8.2674764432013017 10.201042272150518 14.303796295076607 14.251402541995047 7.0927045866847029 9.5791966468095762 8.3032865077257174 16.076599935069684 12.559790564700959 12.096723981201647 8.7789063602685946 8.767193637788294 8.2627549171447736
leaf_count=137 62 53 64 35 43 40 42 56 133 46 79 51 77 40 84 67 78 45 51 82 70 42 48 48 84 76 61 46 47 41
internal_value=-0.000863834 0.00798035 0.00111648 -0.00225403 0.00911893 -0.00370797 -0.0058108 -0.00442424 -0.0117396 -0.00174796 0.00551655 -0.0208762 -0.00220527 -0.013331 -0.00240698 0.000254731 -0.00145017 0.0206441 0.000405186 -0.00720737 0.00174425 0.00426501 0.0190242 -0.0133296 0.000300286 0.00790589 0.0179724 -0.00911568 0.00337992 -0.0233939
internal_weight=357.139 48.5122 38.4311 308.626 34.983 273.643 15.2405 266.049 61.9193 29.5759 23.628 32.3434 204.13 36.9624 23.1821 167.168 155.404 19.7425 140.779 47.3645 33.0608 93.4149 19.7802 18.8094 73.6347 40.7331 28.1733 32.9016 17.5461 15.3555
internal_count=1928 254 201 1674 192 1482 85 1442 344 160 125 184 1098 201 124 897 830 107 752 256 174 496 99 104 397 221 145 176 93 83
is_linear=0
shrinkage=0.05


Tree=140
num_leaves=31
num_cat=0
split_feature=19 19 19 2 19 7 9 9 9 14 0 8 7 15 2 3 1 14 6 9 8 8 8 8 8 8 12 0 3 0
split_gain=1.12862 1.55668 2.09668 2.53127 1.9155 1.91081 1.30532 3.05564 2.11067 1.89259 2.23935 2.87588 2.07321 1.75416 3.64518 2.70083 1.95654 2.06258 1.78297 2.10717 1.83809 3.70704 2.37309 2.97115 2.20563 1.6513 1.64065 1.35848 1.30138 1.64187
threshold=0.8079510000000002 0.94532000000000005 1.0384560000000003 0.011189000000000003 1.0867635000000002 0.84108950000000016 0.20704450000000005 0.18893450000000003 0.16826200000000002 0.021400000000000002 2.1912190000000007 59.895663000000006 0.86748350000000007 1.0000000180025095e-35 0.024608500000000002 0.0057440000000000008 0.030194000000000002 0.037931500000000007 0.03322400000000001 0.030848500000000004 70.441003000000009 72.379377500000018 74.135628000000011 77.568713500000015 67.702159000000009 54.546780000000005 -0.014159999999999997 3.3689825000000004 0.12333150000000002 2.5129150000000005
decision_type=2 2 2 2 2 2 2 2 2 2 2 2 2 2 2 2 2 2 2 2 2 2 2 2 2 2 2 2 2 2
left_child=-1 5 3 -3 -4 -2 7 8 13 25 12 26 -11 14 15 -6 -16 -18 19 -15 24 -22 -23 -24 28 -8 -12 -25 29 -20
right_child=1 2 4 -5 6 -7 9 -9 -10 10 11 -13 -14 18 16 -17 17 -19 20 -21 21 22 23 27 -26 -27 -28 -29 -30 -31
leaf_value=0.015048527571475885 -0.028829035825837231 -0.0090985597643507138 -0.022635067872358708 0.027842439469046645 0.0075432107773994719 0.0027424050880226589 0.017542923227661471 0.026778165952313793 -0.022888599288082453 -0.014906081665416619 -0.016845472840342348 0.0018895005622920761 0.018594475820295057 0.0052699921339646729 -0.019265654754230161 0.048751432863618438 0.019980103507088117 -0.011454957151083724 0.013545257561775463 -0.028115659660298498 -0.037366283506961355 0.022154071121330179 -0.03507292285976342 0.015118532419070338 0.027890774481997005 -0.012144527107765705 -0.049174276452981273 -0.0081594436644441878 -0.014263811703854649 -0.0013249927107758788
leaf_weight=11.290281765162943 10.767747536301615 7.0408716648817089 10.112543240189551 13.583796638995407 7.6602690443396559 8.6365855336189252 11.909767288714649 11.105744436383246 9.7110089398920518 10.352472588419916 6.9076463244855413 7.7555237114429465 8.3377704806625825 7.621381193399432 9.5792471617460269 8.2677402570843679 13.477296814322473 8.5151900723576528 29.734467729926109 12.442024551331995 8.5189269557595235 8.6439277678728086 7.4581085592508307 10.067159153521063 9.0873997360467893 7.7203977555036536 9.0870202146470547 16.606696583330631 10.769550643861292 49.406376432627439
leaf_count=54 54 43 59 71 42 47 69 61 57 57 40 50 49 38 54 44 67 43 158 77 46 44 40 52 46 40 68 86 58 258
internal_value=-0.00051167 -0.00101235 -0.000206581 0.0152315 -0.00123087 -0.014777 -0.000511146 0.00116871 -8.1085e-05 -0.0069705 -0.0129083 -0.0230969 3.86121e-05 0.000935569 0.00943233 0.0289331 -0.000405864 0.00780888 -0.00143355 -0.0154336 0.000435396 -0.00724636 -0.0012479 -0.00717446 0.00441563 0.00586707 -0.0352124 0.000626054 0.00204296 0.004262
internal_weight=362.175 350.885 331.48 20.6247 310.856 19.4043 300.743 238.673 227.567 62.0706 42.4404 23.7502 18.6902 217.856 47.4997 15.928 31.5717 21.9925 170.356 20.0634 150.293 51.2948 42.7759 34.132 98.9978 19.6302 15.9947 26.6739 89.9104 79.1408
internal_count=1972 1918 1817 114 1703 101 1644 1271 1210 373 264 158 106 1153 250 86 164 110 903 115 788 268 222 178 520 109 108 138 474 416
is_linear=0
shrinkage=0.05


Tree=141
num_leaves=31
num_cat=0
split_feature=11 1 6 3 6 1 14 0 0 11 1 2 14 14 4 6 1 14 3 18 2 2 15 6 8 1 4 2 9 8
split_gain=1.14794 3.24663 3.25264 4.40463 1.57227 2.09952 1.98243 1.98131 3.50959 2.68047 1.9982 3.95198 2.2922 2.56748 3.80478 2.6652 2.26343 2.02435 3.20016 2.49517 2.42638 2.84079 3.12618 2.84168 1.90092 1.7971 1.76238 1.75321 1.9825 1.70041
threshold=0.98581450000000015 0.068209000000000006 0.04207700000000001 0.07646950000000001 0.14017000000000002 0.068209000000000006 0.034005500000000008 1.4670640000000001 1.5791190000000002 0.55178550000000015 0.055146500000000008 0.055521500000000008 0.04227100000000001 0.022944000000000003 -0.0073779999999999991 0.051421500000000002 0.019995500000000003 0.019137000000000005 0.011451000000000001 0.3000000000000001 0.016892000000000001 0.025715500000000006 4.5000000000000009 0.041782000000000007 60.008105500000006 0.019995500000000003 -0.016547499999999996 0.057621000000000006 0.050008500000000004 66.511834000000007
decision_type=2 2 2 2 2 2 2 2 2 2 2 2 2 2 2 2 2 2 2 2 2 2 2 2 2 2 2 2 2 2
left_child=4 2 -2 -4 5 7 -6 9 -9 25 12 -12 13 17 -15 16 -16 19 -19 -10 -21 -22 23 -23 26 -1 -7 28 -20 -17
right_child=1 -3 3 -5 6 24 -8 8 10 -11 11 -13 -14 14 15 29 -18 18 27 20 21 22 -24 -25 -26 -27 -28 -29 -30 -31
leaf_value=-0.010044947784169653 -0.012477917454409477 -0.012902488913748913 0.048816445958964373 0.0064779932149412528 0.0070315281655903509 0.017486498105357354 -0.025363440883113226 0.023359259101212088 -0.027304534959053162 0.0014611975842988292 -0.040941962145633233 0.002466590759933494 0.021847528433148796 -0.028066388596149756 -0.03848637443338241 -0.00079134354057645352 -0.0029717497711872209 0.037959754565420147 0.011533963418153695 0.017186762140342926 -0.033668109404290172 0.024859900592105424 -0.026717073368061273 -0.0085754374295616709 0.022396962674929626 -0.042463734462963025 -0.01620444218181287 0.021391037866756096 -0.020020809836359201 0.024997806620537126
leaf_weight=7.9559762924909618 8.0972621291875821 14.97047809883952 10.44731190800667 14.910047464072703 6.9899893924593952 6.8619281873106948 14.559127941727636 14.170559667050837 8.7704957202076894 14.993145480751989 9.4657459557056445 11.754226148128508 10.627027403563259 19.827993463724852 7.3484373204410103 20.636245876550678 11.518705669790505 9.0462676845490915 9.7888313122093731 16.995302226394415 7.2554223909974089 13.685018774122002 7.8645154833793631 11.864073596894739 17.363352216780186 9.2391085550189 8.9371619857847673 9.7209832966327649 10.127514928579329 9.2598125636577588
leaf_count=46 43 76 59 83 44 39 99 77 54 79 49 59 64 106 48 105 63 51 48 88 38 74 41 62 89 47 51 50 53 48
internal_value=-0.000702989 0.00645108 0.0151115 0.0239216 -0.00183282 -0.000848444 -0.0148553 -0.00240529 -0.000708114 -0.0139907 -0.00236726 -0.016897 -0.000694666 -0.00207373 -0.00959891 -0.00208971 -0.0168041 0.00283656 0.0119296 -0.00245812 0.00132091 -0.00530931 0.000848509 0.00933374 0.010978 -0.0274639 -0.00157165 0.00398433 -0.00451172 0.00719642
internal_weight=355.052 48.4251 33.4546 25.3574 306.627 285.078 21.5491 251.915 219.727 32.1882 205.557 21.22 184.337 173.71 68.5912 48.7632 18.8671 105.118 38.6836 66.4348 57.6643 40.669 33.4136 25.5491 33.1624 17.1951 15.7991 29.6373 19.9163 29.8961
internal_count=1933 261 185 142 1672 1529 143 1350 1178 172 1101 108 993 929 370 264 111 559 202 357 303 215 177 136 179 93 90 151 101 153
is_linear=0
shrinkage=0.05


Tree=142
num_leaves=31
num_cat=0
split_feature=19 19 8 13 5 12 14 19 12 6 5 8 6 19 0 14 12 4 19 6 0 6 7 19 4 12 12 5 7 0
split_gain=1.76746 3.28668 2.37053 2.67509 2.31214 2.14748 4.77254 1.8844 1.87507 2.08197 1.87644 1.77646 1.45493 2.9201 1.55472 1.34151 1.10798 2.82114 2.28412 1.87546 1.77073 2.66414 2.60185 2.71131 3.01865 2.43003 1.9799 1.6565 1.40437 1.35651
threshold=2.7022870000000005 2.9749070000000004 30.023847500000006 -0.086150499999999991 0.065623500000000015 0.041596000000000008 0.024852000000000003 1.2069470000000002 0.12507200000000002 0.082450000000000009 0.061123500000000004 49.829796000000009 0.090858000000000008 4.2319050000000002 10.812590500000002 0.050546000000000001 0.036645000000000004 0.021349000000000003 1.4338020000000002 0.034541000000000009 2.2583120000000005 0.038740500000000004 0.6766540000000002 1.8745450000000001 -0.032208999999999995 0.0016455 -0.0005579999999999999 0.041298000000000008 0.82255950000000011 1.6520875000000002
decision_type=2 2 2 2 2 2 2 2 2 2 2 2 2 2 2 2 2 2 2 2 2 2 2 2 2 2 2 2 2 2
left_child=2 -2 7 -4 5 11 -7 -1 15 -10 -11 -3 13 -8 -14 16 17 20 27 -18 21 26 -22 24 -24 28 -5 -19 -23 -27
right_child=1 4 3 8 -6 6 12 -9 9 10 -12 -13 14 -15 -16 -17 19 18 -20 -21 22 25 23 -25 -26 29 -28 -29 -30 -31
leaf_value=-0.0046834158413964488 0.026968047065449148 -0.0019051502223056801 -0.034544905636810487 -0.025553355225978236 -0.021949786764080395 -0.026114888549751605 -0.0031475449956092105 0.031924033742258454 -0.03423870473312509 0.01502314169749619 -0.021548614612045897 0.028987866855165391 -0.018349146181399694 0.039038488530905135 0.0098318676167636551 0.016458554759604827 0.023265851710274871 0.0071311750544549501 -0.038576056104230289 -0.0011963227153746023 -0.030729477976937238 0.012171470135077285 -0.012892945458719097 -0.025215468494658611 0.022538065764199755 -0.018085948162994372 0.0046263238704462783 -0.025063629828459333 0.038385602198767819 0.010135533480015255
leaf_weight=6.1601295098662368 13.779629059135912 7.3638393208384541 7.2849659696221343 11.020354181528093 10.003208186477421 14.401680812239645 7.8500594049692181 8.1880798712372762 10.160699144005777 6.5534366443753225 7.5459918864071369 12.642871197313069 7.9662799090147045 8.5915335640311223 12.691106654703615 9.1019285880029184 8.8383823968470079 8.1772314049303549 10.545509342104195 69.040074929594994 11.146925967186688 13.055870778858663 11.225291870534418 9.6964696012437326 12.942947879433634 7.8710850104689625 10.721459642052649 7.8126992322504512 8.3940469957888109 9.2758682519197446
leaf_count=36 68 39 39 62 75 77 40 45 53 34 47 74 40 46 62 61 47 44 58 358 67 75 60 51 68 40 57 47 45 47
internal_value=-0.00145592 0.00438344 -0.00355757 -0.00469008 0.000565436 0.0037151 -0.00168548 0.0162073 -0.00379551 -0.0169843 -0.00455 0.0176171 0.00779792 0.0188967 -0.00103581 -0.00233361 -0.00314902 -0.00594143 -0.0205124 0.00157988 -0.00227133 0.00332744 -0.00977655 -0.00287967 0.00608162 0.0112128 -0.010671 -0.00859925 0.0224299 -0.00281917
internal_weight=360.05 95.2902 264.759 250.411 81.5106 71.5074 51.5007 14.3482 243.126 24.2601 14.0994 20.0067 37.099 16.4416 20.6574 218.866 209.764 131.886 26.5354 77.8785 105.35 60.3387 45.0116 33.8647 24.1682 38.5969 21.7418 15.9899 21.4499 17.147
internal_count=1962 521 1441 1360 453 378 265 81 1321 134 81 113 188 86 102 1187 1126 721 149 405 572 326 246 179 128 207 119 91 120 87
is_linear=0
shrinkage=0.05


Tree=143
num_leaves=31
num_cat=0
split_feature=19 19 5 13 8 3 1 13 8 3 6 12 0 3 11 19 19 19 6 9 13 0 5 3 8 9 5 19 13 5
split_gain=1.18585 2.21769 2.02629 1.46334 4.777 2.55601 1.93192 1.86767 1.9764 1.54673 2.12551 1.44353 1.40484 2.4587 1.63989 3.27761 2.11561 3.26138 2.40371 1.98372 4.25882 2.32685 1.96368 3.19764 2.56321 1.69331 1.68789 3.76074 1.64606 3.24059
threshold=0.94532000000000005 1.0384560000000003 0.042447500000000006 0.13164250000000002 75.993092500000003 0.057804000000000008 0.084331500000000018 0.11263500000000001 73.843720500000003 0.27908950000000005 0.078002000000000016 0.11215950000000001 1.5115075000000002 0.021059000000000005 0.76726200000000011 2.4337560000000003 1.7739385000000003 1.6680045000000001 0.050022000000000004 0.17592800000000003 -0.016015999999999999 3.0136540000000003 0.031758500000000009 0.083890500000000021 42.729275500000007 0.25758950000000008 0.034149500000000006 1.2981100000000001 0.07197350000000001 0.032780000000000011
decision_type=2 2 2 2 2 2 2 2 2 2 2 2 2 2 2 2 2 2 2 2 2 2 2 2 2 2 2 2 2 2
left_child=-1 2 -2 7 5 -5 11 8 12 10 -6 -7 13 -3 15 16 17 19 -18 21 -21 26 -16 24 -24 28 27 -14 29 -17
right_child=1 3 -4 4 9 6 -8 -9 -10 -11 -12 -13 14 -15 22 25 18 -19 -20 20 -22 -23 23 -25 -26 -27 -28 -29 -30 -31
leaf_value=-0.0098742166637149648 0.036630837386821283 0.00024314820468264548 0.0024251402138954193 -0.040661652021258293 -0.0034201648913740877 -0.0035692747671977575 0.0056303598706724332 0.018330158422244502 -0.023639032670435798 -0.012256093853939229 0.024131948286526431 -0.031810921373438765 -0.040465284377302846 0.033726019586792604 -0.035067135526032155 0.029318191636278263 -0.027355072481498696 0.03328860171060901 -4.0404141750406526e-05 -0.010843954683378634 0.030123158857443256 -0.027485854190102271 -0.013547064260725437 -0.02897182146514329 0.019933785214418062 0.034977873041148168 0.010701217647411068 0.0092836320197449401 0.027723199846781274 -0.0095259895593229251
leaf_weight=30.448088381439447 7.8461753167212036 14.701610118150713 9.6600030548870546 9.8507741019129735 12.496975332498552 7.3919870071113172 10.778764642775057 15.272759797051547 8.3311572819948179 8.5386074595153314 15.913592487573622 11.664575323462484 6.7951456457376507 8.7435488030314428 6.2464996278285971 7.8133469298481968 15.529531136155127 7.5493327043950549 16.732689723372459 12.660106286406519 12.715767551213501 11.244827695190905 10.058876350522043 9.4731818549334985 13.242014966905115 7.8409585282206526 15.536062136292456 8.6149662956595403 8.8466287776827794 17.164308723062277
leaf_count=159 44 82 52 67 65 40 59 84 49 46 84 67 40 45 34 38 87 38 88 73 70 63 54 56 72 40 84 45 47 98
internal_value=-0.000433611 0.000439416 0.017756 -0.000532991 -0.00653317 -0.0185784 -0.0112872 0.00142277 0.000248179 0.00640432 0.0120126 -0.0208561 0.00118907 0.0127301 -0.000249699 0.00213929 -0.00247941 0.00212007 -0.0131884 -0.00136242 0.00968453 -0.00800664 -0.00937472 -0.00447793 0.00548027 0.0140425 -0.000928533 -0.0126533 0.00918935 0.00262499
internal_weight=359.703 329.255 17.5062 311.749 76.6353 39.6861 29.8353 235.113 219.841 36.9492 28.4106 19.0566 211.509 23.4452 188.064 149.044 107.378 75.1162 32.2622 67.5669 25.3759 42.191 39.0206 32.7741 23.3009 41.6652 30.9462 15.4101 33.8243 24.9777
internal_count=1970 1811 96 1715 428 233 166 1287 1203 195 149 107 1154 127 1027 811 588 413 175 375 143 232 216 182 126 223 169 85 183 136
is_linear=0
shrinkage=0.05


Tree=144
num_leaves=31
num_cat=0
split_feature=1 3 4 2 14 3 2 9 13 13 4 12 13 8 15 14 5 2 8 4 3 11 2 14 3 2 11 5 8 14
split_gain=1.30527 1.86889 2.17968 1.92723 2.30953 1.51499 2.44962 1.46814 2.588 1.48273 2.55148 2.12456 1.66503 1.34191 1.95734 1.58019 1.46967 1.49093 2.09015 2.77029 1.95671 1.75478 2.50606 2.14303 2.68705 3.69105 2.72049 2.8938 2.09404 3.68432
threshold=0.15035700000000005 0.083049000000000026 0.26656550000000007 0.071024000000000018 0.032580000000000005 0.068781500000000009 0.064647500000000011 0.118882 0.090492500000000017 0.3248640000000001 0.13242650000000003 0.084749500000000019 0.20701550000000002 30.023847500000006 2.5000000000000004 0.049035500000000003 0.063376500000000016 -1.0000000180025095e-35 57.302374500000006 0.0060300000000000006 0.060567500000000003 0.90399400000000008 0.016359000000000002 0.012663000000000002 0.046482500000000003 0.045494500000000007 0.17321450000000002 0.035449000000000008 50.305813000000008 0.018244500000000004
decision_type=2 2 2 2 2 2 2 2 2 2 2 2 2 2 2 2 2 2 2 2 2 2 2 2 2 2 2 2 2 2
left_child=1 2 5 4 -3 13 -7 9 -9 10 11 -5 -12 14 -1 16 17 18 19 -15 21 22 28 -24 26 -26 27 -25 29 -19
right_child=-2 3 -4 7 -6 6 -8 8 -10 -11 12 -13 -14 15 -16 -17 -18 20 -20 -21 -22 -23 23 24 25 -27 -28 -29 -30 -31
leaf_value=-0.0053878091905318519 0.015071480340967398 -0.034224542849261776 0.025133608829334322 0.006572903742235201 -0.0034547512963983697 0.031021639034316196 -0.0050149046622483843 0.0003302691435214997 -0.038887620847364079 -0.018534739615027326 0.027474729533570483 -0.028647277745363509 0.0025391020323178304 -0.0084524877815458695 0.028564964671448367 0.017936763704423764 -0.021260977431503236 -0.0010437594053696719 0.012074725358544067 -0.041248518162395477 -0.019333540099746825 0.020005478214769608 0.022374150705673723 -0.015742300584584947 -0.016975014517041323 0.024253151569287743 -0.019657246281922239 0.022233703659490019 -0.005603644667272774 0.046453561050405309
leaf_weight=8.5046954676508921 11.311073694378136 13.387288838624956 8.3949592001736146 8.4658724218606967 11.200682776048778 9.3337059803307074 9.5314405709505063 9.6994236484169978 7.4283192083239546 8.8501475602388364 11.850531175732614 8.6636167019605619 15.386873856186865 27.997790589928627 8.4744749814271909 8.5748512260615808 11.591235037893055 7.699514437466866 8.1113785132765752 8.3622700721025449 12.381551668047903 11.624700926244257 6.9382164031267157 10.213730625808241 8.9368990212678927 13.829738952219484 39.913429167121649 9.858041148632763 9.2582313716411573 8.6917839758098108
leaf_count=48 62 77 52 43 71 50 50 53 46 50 61 44 77 147 48 53 70 51 44 46 62 64 36 55 46 71 217 51 47 51
internal_value=-0.00164044 -0.0021913 9.0637e-05 -0.00815794 -0.0202078 -0.00078597 0.0128145 -0.00394608 -0.0166786 0.000151834 0.00387936 -0.0112405 0.0133882 -0.00194714 0.0115584 -0.00307131 -0.00399318 -0.0029043 -0.0108753 -0.0159951 -0.000360405 0.00148985 -0.000376275 -0.00431762 -0.00655555 0.0080693 -0.0121062 0.00290922 0.0134056 0.0241426
internal_weight=354.466 343.155 248.223 94.9328 24.588 239.828 18.8651 70.3448 17.1277 53.217 44.3669 17.1295 27.2374 220.963 16.9792 203.983 195.409 183.817 44.4714 36.3601 139.346 126.964 115.34 89.6901 82.7518 22.7666 59.9852 20.0718 25.6495 16.3913
internal_count=1943 1881 1359 522 148 1307 100 374 99 275 225 87 138 1207 96 1111 1058 988 237 193 751 689 625 476 440 117 323 106 149 102
is_linear=0
shrinkage=0.05


Tree=145
num_leaves=31
num_cat=0
split_feature=8 0 8 8 9 11 12 6 11 6 9 11 11 9 4 0 4 4 12 5 5 6 12 13 0 6 14 11 5 0
split_gain=1.68738 1.34453 1.02118 2.23136 2.45438 2.74177 2.1509 1.9943 1.72519 1.64185 4.18153 2.30733 2.28788 2.13619 2.60649 3.04709 2.92832 2.71337 2.70014 2.21942 1.92023 2.11233 1.5445 2.15414 2.66845 2.41722 1.85573 2.24836 2.61045 2.62073
threshold=87.099245500000009 15.662203000000002 33.039107500000007 42.402310000000007 0.052691000000000009 0.34665650000000009 -0.016898999999999994 0.048874000000000008 0.73667450000000012 0.030102000000000004 0.065713000000000008 0.72100850000000005 0.65138900000000011 0.21124150000000003 0.012689000000000001 2.2583120000000005 0.16034200000000001 0.23093350000000004 0.11076900000000002 0.037783500000000005 0.023457000000000002 0.13037550000000001 0.10261400000000001 0.013100500000000001 1.7375265000000002 0.045814500000000008 0.034856500000000006 0.54772750000000014 0.029273000000000004 3.4536960000000003
decision_type=2 2 2 2 2 2 2 2 2 2 2 2 2 2 2 2 2 2 2 2 2 2 2 2 2 2 2 2 2 2
left_child=1 2 7 4 -4 -6 -5 -1 -7 10 -8 12 20 14 -13 18 19 -18 -16 -17 -11 22 23 24 -22 -26 27 28 -25 -30
right_child=-2 -3 3 6 5 8 9 -9 -10 11 -12 13 -14 -15 15 16 17 -19 -20 -21 21 -23 -24 26 25 -27 -28 -29 29 -31
leaf_value=-0.0059213578934967951 0.019200502448476986 -0.016348283013517255 0.015492998314763371 0.021825466620538369 -0.046499197286769947 -0.00046664352208094031 -0.014227355185902979 0.020193709154785078 -0.026491714417450553 -0.023307454434083226 0.034851859788047029 0.035965902118878755 -0.024617317996410783 -0.016592078849363222 0.0063516953811749563 0.014947136330412565 0.045232841177588134 0.010787994973922214 -0.031410473499548265 -0.019608525620470236 0.013765000150356442 -0.02651713721223576 -0.017683411414127069 0.019381550672207926 -0.040843309695691887 -0.0065914964784894101 0.02300996605460745 0.023062333311980286 -0.014607505019035533 0.0082743221162726172
leaf_weight=13.434141851961614 10.399550288915632 14.126616677269338 6.5491222515702239 11.001444488763807 6.7300086468458167 16.071748528629545 7.5611227378249195 16.037993766367435 10.546504354104398 11.208439625799654 10.186994180083273 7.5764046609401694 13.859240982681511 9.8542093522846681 9.848072677850725 9.0991918817162531 9.1148802563548106 15.339076042175291 9.1155511066317541 9.4959110096096975 8.5095757730305213 8.1421903222799283 11.621912881731985 12.544586002826689 8.1417377293109912 14.022502720355986 12.714568905532358 11.236616618931292 33.155767451971769 20.099439449608326
leaf_count=71 53 78 35 61 42 89 39 91 62 59 55 39 75 71 53 46 47 86 48 52 46 53 59 63 55 72 65 63 180 100
internal_value=-0.000652792 -0.00123121 -0.000608282 -0.0014452 -0.0124913 -0.017987 0.000166468 0.0082898 -0.0107781 -0.000741447 0.0139429 -0.00180651 -0.00517284 0.00519609 0.00828142 0.00489906 0.0122552 0.0236268 -0.0118001 -0.00269931 -0.00339285 -0.00180063 -0.00027658 0.00140331 -0.0100356 -0.0191734 0.00531275 0.00239189 -0.001138 -0.00597151
internal_weight=367.345 356.946 342.819 313.347 39.8974 33.3483 273.449 29.4721 26.6183 262.448 17.7481 244.7 165.257 79.4433 69.5891 62.0127 43.0491 24.454 18.9636 18.5951 151.397 140.189 132.047 120.425 30.6738 22.1642 89.751 77.0364 65.7998 53.2552
internal_count=2008 1955 1877 1715 228 193 1487 162 151 1426 94 1332 890 442 371 332 231 133 101 98 815 756 703 644 173 127 471 406 343 280
is_linear=0
shrinkage=0.05


Tree=146
num_leaves=31
num_cat=0
split_feature=8 2 9 12 11 1 19 19 9 11 11 1 11 11 2 7 12 11 11 6 0 7 19 11 2 7 6 7 6 8
split_gain=1.93649 2.74378 1.94541 2.46321 2.65708 2.30628 2.35695 2.38937 2.64754 2.22774 3.14588 2.31258 1.7575 2.36179 1.90782 1.84042 1.64072 3.13768 3.92179 2.09628 3.5491 2.26287 1.90571 1.87947 2.48089 2.66524 2.46981 3.70325 2.15212 3.64949
threshold=26.149205500000004 -0.051866499999999989 0.18893450000000003 -0.016227999999999996 0.45227250000000002 0.14538000000000004 8.8042925000000007 4.4890155000000007 0.012049500000000003 0.93019050000000014 0.69905650000000008 0.030504000000000003 0.40138900000000005 0.20810200000000004 0.011189000000000003 0.80632700000000013 0.10454600000000001 0.72690700000000008 0.9364920000000001 0.078906000000000018 2.1174240000000006 0.84108950000000016 2.6391345000000004 0.31542850000000006 0.0037595000000000003 0.96813650000000007 0.051944000000000011 0.77836250000000007 0.055628000000000004 58.208954500000011
decision_type=2 2 2 2 2 2 2 2 2 2 2 2 2 2 2 2 2 2 2 2 2 2 2 2 2 2 2 2 2 2
left_child=-1 -2 3 4 -3 6 7 16 -9 10 12 -12 13 15 -14 -4 19 -18 -19 22 -21 -22 23 28 -25 26 -26 -28 29 -5
right_child=1 2 9 5 -6 -7 -8 8 -10 -11 11 -13 14 -15 -16 -17 17 18 -20 20 21 -23 -24 24 25 -27 27 -29 -30 -31
leaf_value=-0.024482381259254157 0.02568956264883946 -0.00032005841291999991 0.035791818406514887 -0.0015663411893879289 -0.039366845684238178 0.023419040769485398 0.021034595119715335 0.0046782720109686494 -0.035857051937027498 0.031215845860325459 0.0077234209232843361 -0.031157357590384255 0.041604155712499931 -0.012161595403237952 0.011130295325482972 0.0010082918296167663 -0.032335624357928104 0.022539015420202493 -0.016399553948203319 0.045394877511535231 0.017714617340333274 -0.016307955043147193 0.011417735679707526 -0.037218347640353158 -0.00955156902154174 -0.025456676882630171 -0.006536637644439615 0.037495579998385549 -0.015028599948252688 0.034087686656414928
leaf_weight=7.3667632937431327 11.271216850727795 8.7962098717689532 6.5659330114722279 20.500866942107681 8.6327632665634138 9.9147589430212957 11.318624166771768 6.5271680951118496 10.521654799580572 8.7541264444589597 6.4883073773235074 9.3150407057255489 7.2118800021708038 14.954354159533976 17.842857686802745 9.036734499037264 11.256782837212084 10.736831270158293 16.258165385574102 6.7775558605790165 11.746622644364836 8.3694213479757291 24.59505620598793 7.0211005583405486 29.131969083100557 13.550663024187086 10.47888331115246 8.7726972475647909 10.706011325120924 11.043394230306147
leaf_count=43 65 48 37 112 50 50 62 36 62 49 44 60 37 81 100 59 63 54 87 34 61 46 124 42 157 71 52 46 53 57
internal_value=0.000885951 0.00142282 0.000610782 -0.00151295 -0.0196604 -0.000190822 -0.00121163 -0.00236669 -0.020338 0.00740979 0.00449162 -0.0151943 0.0100858 0.00203716 0.019902 0.0156459 -0.000841953 -0.0101596 -0.000912356 0.00134877 0.0141024 0.00355929 -0.00117693 -0.00396246 -0.00905056 -0.00585735 -0.00036821 0.0135283 0.00434165 0.0109158
internal_weight=355.464 348.098 336.826 256.657 17.429 239.228 229.313 217.995 17.0488 80.1692 71.4151 15.8033 55.6118 30.557 25.0547 15.6027 200.946 38.2518 26.995 162.694 26.8936 20.116 135.801 111.206 68.9553 61.9342 48.3835 19.2516 42.2503 31.5443
internal_count=1942 1899 1834 1367 98 1269 1219 1157 98 467 418 104 314 177 137 96 1059 204 141 855 141 107 714 590 368 326 255 98 222 169
is_linear=0
shrinkage=0.05


Tree=147
num_leaves=31
num_cat=0
split_feature=11 4 6 13 4 9 0 9 6 0 6 0 6 0 4 5 13 19 19 4 6 0 11 14 0 9 5 9 13 9
split_gain=1.21235 2.13473 1.59787 1.51705 2.09384 2.0153 0.965428 6.77295 1.98214 1.74353 2.09388 2.00742 1.93597 2.08583 3.59255 2.0088 2.49629 4.02555 3.81996 3.37266 2.32914 2.71166 2.62285 4.63144 4.59569 2.58284 2.42501 1.84918 3.08564 1.72254
threshold=0.012579000000000002 -0.026804499999999998 0.059489500000000008 0.3248640000000001 0.35023700000000008 0.019077000000000004 1.4281600000000003 0.18265050000000002 0.030457500000000002 1.5387115000000002 0.032865500000000006 1.6069980000000001 0.034842000000000005 2.1912190000000007 -0.022760499999999996 0.075155500000000014 0.15365400000000004 1.2776010000000002 1.4481180000000002 0.21787300000000001 0.053583500000000006 3.2041890000000004 0.73667450000000012 0.024734500000000003 4.9218065000000006 0.118882 0.050477000000000008 0.16904150000000004 0.080606500000000011 0.13097500000000004
decision_type=2 2 2 2 2 2 2 2 2 2 2 2 2 2 2 2 2 2 2 2 2 2 2 2 2 2 2 2 2 2
left_child=1 -1 -3 4 6 -5 7 -2 29 -10 -11 -12 -13 14 -14 16 17 -15 -19 -18 21 -20 23 25 -24 -22 -25 28 -16 -8
right_child=3 2 -4 5 -6 -7 8 -9 9 10 11 12 13 15 27 -17 19 18 20 -21 22 -23 24 26 -26 -27 -28 -29 -30 -31
leaf_value=0.029590806869014347 -0.033832291879565317 -0.010135188060655179 0.012814998231030009 -0.036328620672449546 0.024099687001366162 -0.00035946242274929153 0.00093264435361166919 0.015443570777684511 0.014200424513797378 -0.027194901067701699 -0.027349799661402992 0.021339097175967426 0.025382247628951856 -0.034993669199797232 0.022812068493723622 -0.029961099272518773 0.024640929270326031 0.02339133207383802 -0.035962089386664363 -0.010311464922725408 -0.029120819331385151 -0.007494502012053832 0.0086406430853348832 0.040103805192448175 -0.044132962618719539 0.0074778720449497245 0.0052707413474047671 -0.020145312233243541 -0.013181435142195747 0.030182025327978049
leaf_weight=8.5782692804932577 14.740492388606073 15.166965045034887 15.169875293970106 7.2283442020416251 8.0896317325532419 8.4425799213349801 11.045563191175463 13.234485842287539 15.553473956882952 8.6745407953858358 7.6299812644720069 9.0821661800146085 16.855025548487902 11.630442675203083 11.995465323328974 7.7663663085550061 15.947952270507814 11.358678616583346 12.486242912709711 12.167385645210741 9.8831547647714633 25.345138918608427 8.3134095408022421 10.21739958971739 8.1887931451201421 9.4110278412699682 9.7784474566578847 10.616361971944569 11.823288604617117 9.2479747012257558
leaf_count=49 81 80 73 36 45 57 59 68 88 50 42 48 93 71 61 73 82 61 70 64 51 144 46 51 45 48 50 61 62 49
internal_value=-0.000760173 0.00756826 0.00134101 -0.00178337 -0.000993942 -0.0169505 -0.00168678 -0.0105207 -0.000754286 -0.00199949 -0.00309895 -0.00215099 -0.00124777 -0.00225441 0.00646795 -0.00518809 -0.00385873 -0.00708306 -0.00399099 0.00951469 -0.00731309 -0.0168902 -0.000819063 0.0062068 -0.0175469 -0.0112693 0.0230696 -0.00279007 0.00494541 0.0142619
internal_weight=355.669 38.9151 30.3368 316.754 301.083 15.6709 292.993 27.975 265.018 244.725 229.171 220.497 212.867 203.785 51.2901 152.494 144.728 116.613 104.982 28.1153 93.6236 37.8314 55.7922 39.29 16.5022 19.2942 19.9958 34.4351 23.8188 20.2935
internal_count=1958 202 153 1756 1663 93 1618 149 1469 1361 1273 1223 1181 1133 277 856 783 637 566 146 505 214 291 200 91 99 101 184 123 108
is_linear=0
shrinkage=0.05


Tree=148
num_leaves=31
num_cat=0
split_feature=7 0 5 19 19 1 1 13 13 13 11 3 8 1 5 19 5 11 13 11 4 7 7 5 7 11 1 3 13 1
split_gain=1.87059 3.13807 2.20634 3.46644 3.45058 1.94822 1.78826 1.64947 2.8039 2.37714 1.78312 1.26768 3.55808 1.6081 1.74098 1.97684 1.71655 1.75746 3.72075 2.92707 2.45607 1.90885 1.83133 1.76934 1.49535 2.63991 2.42348 2.59775 2.11365 3.65103
threshold=0.97504450000000009 9.2089805000000009 0.045209500000000007 1.9882490000000002 1.3831270000000002 0.039518000000000005 0.045493000000000013 -0.086150499999999991 -0.043558999999999994 -0.028218999999999998 0.72361100000000012 -0.022173499999999995 47.643754000000008 -0.0053899999999999998 0.074671000000000015 5.8960645000000005 0.061866500000000012 0.81559350000000008 0.12364350000000002 0.88741200000000009 0.10445800000000001 0.59950500000000007 0.68764150000000013 0.045468500000000009 0.71163650000000012 0.51564050000000006 0.027944500000000004 0.026169000000000001 0.056816500000000013 0.036753000000000008
decision_type=2 2 2 2 2 2 2 2 2 2 2 2 2 2 2 2 2 2 2 2 2 2 2 2 2 2 2 2 2 2
left_child=7 2 3 5 -4 -2 -6 -1 10 -10 -9 12 -11 -13 15 16 17 18 20 -19 21 -15 -20 -24 25 -23 27 -26 29 -28
right_child=1 -3 4 -5 6 -7 -8 8 9 11 -12 13 -14 14 -16 -17 -18 19 22 -21 -22 24 23 -25 26 -27 28 -29 -30 -31
leaf_value=-0.016154346090511942 -0.016377247682149765 -0.037397742837348355 -0.015395569970795775 -0.035994370202539414 -0.00048888357316876957 0.014355564559443274 0.031311267566693127 0.031354199689774702 -0.018531407442843824 -0.040459766202428804 0.00091241234622969057 0.022570684160854809 0.0059500960374603042 -0.019284816202867039 -0.020817390495308754 0.021765922699887662 0.019422862198941539 0.038082341846015354 -0.041498538803106326 0.0031721393590541194 0.028553222632903153 0.02468300567292811 0.0055785166991263136 -0.026633719329368633 0.0014042800503102498 -0.0096453044153332786 0.021714527034281159 -0.03105174832395808 0.023183003890833498 -0.015474507498224306
leaf_weight=12.486525285989044 10.333982579410081 7.8112009968608609 11.771485712379219 10.811289899051188 7.1573350299149778 10.292991995811461 11.563297543674706 13.047770693898203 14.710436198860405 6.4080623760819462 7.619496412575244 10.260924305766819 11.616353090852497 11.76360786706209 7.8413303084671488 13.375507667660711 12.937446109950541 7.4634287133812895 7.0014777258038547 30.713936597108841 7.9257878065109244 15.965606637299063 8.2166952565312403 8.8592550046741945 12.847515270113947 8.6264933645725232 10.452971942722799 11.853243265300987 12.117125265300272 17.903509676456451
leaf_count=67 57 51 70 56 60 53 65 72 82 38 43 58 67 65 62 67 68 39 39 163 41 84 41 45 71 47 53 65 61 91
internal_value=-0.000201631 -0.00753372 -0.00376701 -0.0130613 0.00581572 -0.00104138 0.0191533 0.00161158 0.00243463 0.000964981 0.0201311 0.00218984 -0.0105496 0.00325228 0.00228939 0.00320437 0.00185981 0.000536535 -0.00216819 0.00999686 0.00174631 -0.000346328 -0.0199635 -0.0111337 0.0021355 0.0126412 -0.0018286 -0.0141705 0.00570359 -0.00176562
internal_weight=351.756 69.7416 61.9304 31.4383 30.4921 20.627 18.7206 282.015 269.528 248.861 20.6673 234.15 18.0244 216.126 205.865 198.024 184.648 171.711 133.533 38.1774 109.456 101.53 24.0774 17.076 89.7665 24.5921 65.1744 24.7008 40.4736 28.3565
internal_count=1941 412 361 166 195 110 125 1529 1462 1347 115 1265 105 1160 1102 1040 973 905 703 202 578 537 125 86 472 131 341 136 205 144
is_linear=0
shrinkage=0.05


Tree=149
num_leaves=31
num_cat=0
split_feature=6 3 12 13 8 18 8 8 8 11 13 12 2 2 19 19 6 6 11 11 11 9 6 11 7 6 19 8 6 3
split_gain=1.70496 1.27112 2.03694 2.61051 1.54041 3.36947 2.32237 4.06294 3.15119 1.71501 1.95888 1.95049 1.94249 2.00082 2.06439 3.01656 2.78689 3.16824 3.74329 3.08825 2.0446 1.71226 2.25238 3.00878 2.37816 1.62329 1.53668 1.43235 1.31991 1.27728
threshold=0.17998700000000004 0.26596200000000009 0.15800400000000003 0.20701550000000002 73.843720500000003 0.70000000000000007 60.6918705 62.096785000000004 58.83448400000001 0.97361100000000012 -0.086150499999999991 -0.043784999999999998 -0.020800999999999997 -0.0096974999999999995 1.2852090000000003 1.1357590000000002 0.08398700000000002 0.051944000000000011 0.35241950000000005 0.19821450000000004 0.5395835000000001 0.15642550000000002 0.046275500000000004 0.71231050000000018 0.76396550000000019 0.036210000000000006 1.8321685000000001 48.540457000000011 0.037620500000000008 0.19174100000000002
decision_type=2 2 2 2 2 2 2 2 2 2 2 2 2 2 2 2 2 2 2 2 2 2 2 2 2 2 2 2 2 2
left_child=1 2 3 4 6 -6 8 -8 9 10 -1 -12 -13 -14 15 -15 17 18 19 -16 -20 22 25 24 -24 -9 -18 -19 -22 -4
right_child=-2 -3 29 -5 5 -7 7 21 -10 -11 11 12 13 14 16 -17 26 27 20 -21 28 -23 23 -25 -26 -27 -28 -29 -30 -31
leaf_value=-0.022622729106221123 0.020710094288848391 -0.018707093999009321 0.028181247132626874 -0.024292646320965464 -0.030582150540092969 0.0058000909910897788 0.036018751265038972 0.0087243600056775422 -0.024097403595390351 0.020428857238780102 0.023830077270677191 -0.017934733307001061 0.0231636964055561 -0.0012809226287778181 -0.00066115792646209714 -0.02913503214908382 0.0031229756204010223 0.041071774164184963 0.034953368905573483 -0.042211030206148845 0.017684512191800224 -0.011243688334170672 0.013355546889738716 0.019718985940655236 -0.020278886405473318 0.039136891142988101 -0.029128411446749075 0.014910720040921428 -0.012435904418018567 0.0022398422223121788
leaf_weight=9.5414002835750562 10.553335037082432 8.5703641474246961 10.634209394454958 10.82743048481643 11.857871823012831 13.735450424253939 11.783481150865553 9.340033486485483 13.916587341576813 10.270829770714043 8.6219711899757367 14.646841740235685 9.6547114700078946 39.471621451899409 13.021214809268715 12.895845137536524 6.6238075830042353 7.9783894866704967 8.097387909889223 6.811511628329753 7.7960087135434133 14.163148093968628 7.7742014080286053 14.102291084825991 16.221386924386024 8.2749294862151128 8.3484475873410684 15.200227856636046 6.8180475682020187 8.5682611390948278
leaf_count=51 75 46 52 64 68 72 59 48 80 59 49 82 52 215 76 79 38 43 42 38 44 79 41 72 81 43 52 75 41 45
internal_value=0.00091307 0.000308486 0.000792082 -0.000163462 0.000687628 -0.0110565 0.00175585 0.00885973 -0.00114878 0.000570106 -0.000591911 0.000674489 -0.000594204 0.00118543 -0.000409266 -0.00814019 0.00460775 0.00904274 0.000939753 -0.0149314 0.0147992 0.00427979 0.00822612 0.0013901 -0.00938185 0.0230112 -0.0148602 0.0239157 0.00363212 0.016606
internal_weight=356.121 345.568 336.998 317.795 306.968 25.5933 281.374 81.6595 199.715 185.798 175.527 165.986 157.364 142.717 133.063 52.3675 80.695 65.7228 42.5442 19.8327 22.7114 69.876 55.7128 38.0979 23.9956 17.615 14.9723 23.1786 14.6141 19.2025
internal_count=1961 1886 1840 1743 1679 140 1539 423 1116 1036 977 926 877 795 743 294 449 359 241 114 127 364 285 194 122 91 90 118 85 97
is_linear=0
shrinkage=0.05


Tree=150
num_leaves=31
num_cat=0
split_feature=2 12 2 1 12 8 4 12 11 4 12 11 8 8 7 5 5 3 3 4 4 1 1 12 2 3 11 14 11 3
split_gain=1.94591 1.40833 1.37886 2.17068 1.18878 2.27513 3.72987 2.16804 1.70045 1.98614 1.88534 1.53956 1.33635 1.38225 2.12587 1.12143 2.45739 2.7359 2.79226 3.75937 2.72938 1.7719 1.64906 1.56499 1.52678 1.21745 2.16882 2.96451 1.9553 2.82417
threshold=0.25975700000000007 0.21210000000000004 0.15388550000000004 0.099277500000000019 0.10677000000000002 69.583681500000026 0.20289850000000004 0.089495500000000019 0.94409700000000008 0.073919500000000013 -0.061470999999999991 0.98260750000000019 32.569408000000003 38.714170000000003 0.70471650000000008 0.03511100000000001 0.03246000000000001 0.075076500000000004 0.046482500000000003 0.031932000000000009 -0.010702499999999998 -0.011574499999999998 0.032512500000000007 0.074920000000000014 0.016892000000000001 0.0071025000000000012 0.13906250000000003 0.022194500000000002 0.41047550000000005 0.026817000000000004
decision_type=2 2 2 2 2 2 2 2 2 2 2 2 2 2 2 2 2 2 2 2 2 2 2 2 2 2 2 2 2 2
left_child=1 2 3 4 7 -6 -7 8 10 -10 -1 -8 -12 14 -14 16 17 18 19 20 24 -17 -20 25 -15 26 -23 -28 29 -27
right_child=-2 -3 -4 -5 5 6 11 -9 9 -11 12 -13 13 15 -16 21 -18 -19 22 -21 -22 23 -24 -25 -26 28 27 -29 -30 -31
leaf_value=-0.021050776099322707 0.023423579130085886 -0.020325731437335348 0.01552279803132231 -0.021223468585774008 -0.032687371215457207 -0.029394456750313793 0.028531454066164249 0.021004236733349411 0.023344722543291622 -0.0057126143514152228 0.015342604184414722 -0.0025054563020763176 -0.037331145204750192 0.0061853237033210294 -0.0022131160251980097 0.029964865533729498 -0.021894087464187969 -0.022615112703369137 0.0064564468725166191 -0.029136084855549527 0.018973756821567458 -0.0097676918338943999 0.036822917030268902 0.019845326544630629 -0.026480028048563777 -0.02100142498142293 0.049570946396778844 0.0055550721411956432 -0.011974117490871863 0.014770767015981187
leaf_weight=10.9151004999876 9.0111452490091306 8.4077164269983751 14.411716878414152 11.91987808421254 7.5198571681976345 7.8390520885586765 7.8377856165170661 13.634843811392782 16.264461308717731 9.211495775729416 13.730773463845251 8.1506627947092039 6.2905151098966625 7.0381436683237499 13.683294449001549 6.1659543327987043 15.284977719187735 11.086489163339136 9.3674689456820506 10.14345985278487 17.628185786306865 9.9875771626830261 8.552866265177725 11.368385702371596 7.2744765691459179 7.3813524395227459 5.5716933459043529 12.204959504306315 33.368979474529624 21.850401662290096
leaf_count=62 50 49 76 69 48 41 41 75 88 54 75 42 37 40 76 36 84 58 47 54 94 62 42 61 42 42 35 72 188 114
internal_value=0.00048705 -0.000113615 0.000392626 -0.000286085 0.000520666 -0.00870972 -0.00114248 0.00156147 0.000558711 0.0128383 -0.000750793 0.0127093 0.000221119 -0.000747985 -0.0132731 0.000539748 -0.00370605 0.000204483 0.00442065 -0.00261768 0.00580379 0.00393861 0.0209495 0.00236119 -0.010417 0.000161591 0.0088761 0.0193509 -0.0037034 0.00573788
internal_weight=353.104 344.093 335.685 321.273 309.353 31.3474 23.8275 278.006 264.371 25.476 238.895 15.9884 227.98 214.249 19.9738 194.275 86.3761 71.0911 60.0046 42.0843 31.9408 107.899 17.9203 101.733 14.3126 90.365 27.7642 17.7767 62.6007 29.2318
internal_count=1954 1904 1855 1779 1710 172 124 1538 1463 142 1321 83 1259 1184 113 1071 461 377 319 230 176 610 89 574 82 513 169 107 344 156
is_linear=0
shrinkage=0.05


Tree=151
num_leaves=31
num_cat=0
split_feature=14 6 8 13 6 6 3 3 5 6 2 3 9 11 8 9 14 2 1 6 9 9 12 3 14 11 11 5 9 9
split_gain=1.02458 2.63698 2.95404 1.17164 2.0688 1.89662 2.18531 2.38424 1.7586 1.95364 1.83163 2.22473 1.69954 1.52498 1.93191 2.22587 2.15454 1.72941 1.59265 1.48511 1.47461 1.81999 2.79155 2.02103 2.69938 1.81791 3.36118 1.7232 1.45426 2.08091
threshold=0.013794500000000003 0.04385250000000001 48.052600500000004 0.039780500000000003 0.030457500000000002 0.04001600000000001 0.069564000000000015 0.03984300000000001 0.051893000000000002 0.032865500000000006 0.07319100000000002 -0.019087999999999997 0.23042550000000003 0.12390350000000001 59.073013500000009 0.11426800000000002 0.033131500000000001 0.059624000000000003 0.039518000000000005 0.080323500000000006 0.3394645 0.14204700000000003 -0.013384499999999999 -0.011581999999999997 0.020151500000000003 0.52306350000000013 0.34665650000000009 0.042704000000000006 0.071781000000000011 0.038606000000000008
decision_type=2 2 2 2 2 2 2 2 2 2 2 2 2 2 2 2 2 2 2 2 2 2 2 2 2 2 2 2 2 2
left_child=1 2 -1 4 -2 6 7 -5 9 -6 11 -10 13 17 16 28 -15 -7 -17 -14 21 23 27 -11 -25 26 -24 -23 29 -16
right_child=3 -3 -4 5 8 12 -8 -9 10 20 -12 -13 19 14 15 18 -18 -19 -20 -21 -22 22 25 24 -26 -27 -28 -29 -30 -31
leaf_value=-0.022568694999232655 0.024080349286546829 -0.031269118942757572 0.019795667893558432 -0.0066669287772795922 -0.020790799064154965 0.00087880938855701071 0.0046607018753467072 -0.046021783177518594 0.0011137585346436636 -0.0044086450504517314 0.014065442511204021 -0.028052760762355612 0.0010580848940856308 0.028376987970914359 0.0060111700853764018 -0.034744464780649242 -0.0010264614406930979 -0.028248178667080237 -0.0018056335671485285 -0.034064850374619565 0.029068483335477492 0.036332162652769923 -0.019134742706819915 0.0026437424841454938 0.036046666247681207 -0.026561064208992648 0.023666289911051561 0.0015451991897088206 0.018972371416243385 -0.012535316561682219
leaf_weight=7.029448524117476 12.225369848310946 8.9893186092376691 9.9242958426475507 7.7989629656076449 6.2841914445161811 12.875421203672888 9.250363275408743 7.5977640151977539 13.019535116851332 10.034988738596438 7.8064276650547972 13.133154261857269 5.6308510415256006 14.909361623227598 56.943064255639911 6.9064131677150709 10.702285703271626 8.4347521886229497 7.8308675996959209 6.4653485529124737 7.6319485232233992 6.4755681008100456 10.486993610858926 10.347230039536955 14.557944025844334 10.332344116643069 8.1530186757445318 7.9065542966127396 13.314434766769407 20.593802653253078
leaf_count=41 64 57 53 45 37 65 52 41 72 55 45 77 35 78 295 46 61 43 44 53 40 43 60 53 80 58 44 47 73 109
internal_value=0.000187725 -0.00937728 0.00223034 0.000945077 0.00444151 -0.00161175 -0.0145471 -0.0260872 0.00253858 0.00612089 -0.00718864 -0.0135329 0.000325105 0.00175593 0.00377095 0.000782771 0.0160902 -0.0106499 -0.0172419 -0.0177149 0.00808906 0.00604405 -0.000799541 0.0145357 0.0221689 -0.00973867 -0.000413853 0.0172081 0.00370662 0.00108522
internal_weight=353.592 25.9431 16.9537 327.649 138.395 189.254 24.6471 15.3967 126.17 92.2108 33.9591 26.1527 164.607 152.51 131.2 105.589 25.6116 21.3102 14.7373 12.0962 85.9266 78.2946 43.3545 34.9402 24.9052 28.9724 18.64 14.3821 90.8513 77.5369
internal_count=1966 151 94 1815 775 1040 138 86 711 517 194 149 902 814 706 567 139 108 90 88 480 440 252 188 133 162 104 90 477 404
is_linear=0
shrinkage=0.05


Tree=152
num_leaves=31
num_cat=0
split_feature=2 2 2 1 7 2 8 14 14 19 1 3 14 2 6 1 4 3 4 4 1 1 6 7 0 1 6 6 3 19
split_gain=1.51531 1.47287 1.76258 3.87894 4.04746 2.64737 2.93073 2.72124 2.69776 3.60056 3.39964 2.32081 3.08394 3.60544 3.1796 2.29612 2.26205 2.1147 2.12599 2.18774 2.08481 2.18409 2.00884 2.27597 2.44009 3.00118 2.17611 1.9228 1.8456 1.82701
threshold=-0.060836499999999995 -0.043956499999999996 0.0081035000000000013 0.049286500000000004 0.92831450000000015 0.016359000000000002 49.573928000000002 0.070810500000000012 0.031593500000000004 1.0487070000000001 0.0031700000000000005 0.12333150000000002 0.019137000000000005 0.025378500000000002 0.04729450000000001 0.023966500000000005 0.017265500000000003 0.063465500000000022 0.079065500000000011 0.35023700000000008 0.028855000000000002 0.017556000000000006 0.085469500000000018 0.79256800000000005 3.3124195000000003 0.041070000000000009 0.061309000000000009 0.036795500000000002 0.18383900000000003 1.7116795000000002
decision_type=2 2 2 2 2 2 2 2 2 2 2 2 2 2 2 2 2 2 2 2 2 2 2 2 2 2 2 2 2 2
left_child=-1 -2 3 4 20 6 -4 8 10 -10 -7 12 13 -12 15 -15 -6 -11 -19 28 21 27 23 26 25 -25 29 -3 -20 -14
right_child=1 2 5 -5 16 7 -8 -9 9 17 11 -13 22 14 -16 -17 -18 18 19 -21 -22 -23 -24 24 -26 -27 -28 -29 -30 -31
leaf_value=-0.018830875886544914 0.022167975284835155 -0.028491835707479513 0.041788197789536657 -0.039989760699935678 0.0042596059665456383 -0.032564799254917877 0.0024420353129606907 -0.027479600296444563 0.036553072901564211 -0.01115159888499322 -0.036850359246650026 -0.017090381241603926 0.02702080728648322 -0.0098109536884726737 -0.019376031494264891 0.021008051794264737 0.044505042433892868 0.029257990187839412 -0.014227092798932351 0.024106864719244319 -0.032983923965184521 0.017020598350780528 -0.010448140207290868 -0.017375166178296816 0.02133832742128863 0.015110390021689447 0.041351333299309685 -0.0017922936445500832 0.011420965036821065 -0.0026961619051735653
leaf_weight=8.807614501565693 8.9690826460719091 9.9402818866074103 9.1820560880005377 7.2800786569714537 7.8858896754682046 7.9344877265393725 9.766868803650139 7.5323245860636225 11.499062858521937 13.824170865118502 8.3278503119945508 15.846705880016087 10.971949115395551 9.5282051265239733 14.653126232326029 16.525624945759773 6.265523225069046 12.043872959911821 14.9052606895566 11.036656267940996 7.2888493016362181 9.5109125375747663 11.677678905427454 17.005766950547699 14.425523087382315 12.217554017901419 10.055891308933495 20.965945269912481 13.248394235968588 9.78459235280752
leaf_count=53 48 61 51 42 55 53 52 62 57 83 45 80 62 56 75 85 44 61 78 56 40 47 61 94 75 67 52 114 72 54
internal_value=0.00164486 0.00217513 0.00163359 -0.00546763 -0.00140467 0.00350754 0.021508 0.00210414 0.00305031 0.0107613 -0.000663518 0.00101255 0.00313479 -0.00687498 -0.000742601 0.00973716 0.0220782 0.00620255 0.0108851 0.0052388 -0.00837059 -0.00393181 0.00883288 0.0118567 0.00451216 -0.00379375 0.022261 -0.0103796 -0.00215777 0.0130123
internal_weight=348.908 340.1 331.131 69.1375 61.8574 261.994 18.9489 243.045 235.512 76.5574 158.955 151.02 135.174 49.0348 40.707 26.0538 14.1514 65.0584 51.2342 39.1903 47.706 40.4171 86.139 74.4613 43.6488 29.2233 30.8124 30.9062 28.1537 20.7565
internal_count=1935 1882 1834 403 361 1431 103 1328 1266 407 859 806 726 261 216 141 99 350 267 206 262 222 465 404 236 161 168 175 150 116
is_linear=0
shrinkage=0.05


Tree=153
num_leaves=31
num_cat=0
split_feature=8 3 12 1 9 14 12 9 9 0 3 11 14 5 8 6 1 14 8 3 11 9 6 5 1 1 5 1 8 9
split_gain=1.3776 3.43882 1.50836 2.40715 3.06008 2.18826 1.87742 1.44671 1.50321 1.33387 2.20873 1.31246 1.2657 2.62329 2.4942 2.31492 2.79036 2.99455 3.16685 3.19463 2.32441 4.07135 2.19377 2.00125 1.95066 1.78275 2.73483 1.49862 1.40907 1.72904
threshold=79.384206500000019 0.23746350000000002 0.12507200000000002 0.04997250000000001 0.018185000000000003 0.056972000000000002 -0.063834999999999989 0.25758950000000008 0.23116100000000003 3.5918745000000007 0.22726650000000004 0.62132350000000003 0.025427000000000002 0.054290500000000012 60.928520000000006 0.070691000000000018 -0.0048604999999999994 0.017783500000000004 44.802597500000005 0.026169000000000001 0.39595050000000004 0.076377000000000014 0.039793000000000002 0.058515000000000005 0.033318000000000007 0.033872500000000007 0.031990000000000011 0.026214500000000005 45.349284000000004 0.057866500000000008
decision_type=2 2 2 2 2 2 2 2 2 2 2 2 2 2 2 2 2 2 2 2 2 2 2 2 2 2 2 2 2 2
left_child=1 2 5 -4 -5 6 -1 8 12 -2 -11 -9 15 28 23 16 -8 18 -18 22 21 -19 -20 -15 -17 26 -22 -21 -14 -30
right_child=9 -3 3 4 -6 -7 7 11 -10 10 -12 -13 13 14 -16 24 17 20 19 27 25 -23 -24 -25 -26 -27 -28 -29 29 -31
leaf_value=-0.020652259517200927 -0.023275338627996411 0.035268281075307745 -0.035979661855874596 -0.025037087238611325 0.019508110503557455 0.024376429085437218 0.036709789888407833 0.017878477109759573 -0.019937311935499913 0.017575802801224297 -0.019887991905080435 -0.001988795802670295 -0.027750698039232087 0.015158067823676291 0.025436993204023969 0.0052234045711209258 -0.025514760004819337 0.019384437531315787 0.040504848572188765 -0.026119090557807763 0.036205479357217872 -0.020337184352379217 0.0027556156606880489 -0.017063262691379057 -0.025285683593413179 0.032489856835272619 -0.0019822743344718361 0.00085887004796158367 -0.017678679030269009 0.0024398115876049227
leaf_weight=10.039896324276922 11.665683634579183 7.2469218336045733 7.1567814536392715 7.1242115050554267 8.4027019515633565 10.004343170672653 7.1008622571825972 23.000464163720608 9.1435268931090814 7.949400529265402 7.7891564145684242 13.017733834683893 10.056392304599283 8.2917366065084988 11.846833288669584 9.4914981201291102 13.382860120385883 13.327064387500288 7.1561765000224105 8.3623250760138053 6.9166879281401661 12.503053925931452 8.3272390291094762 11.505986109375952 11.694276958703993 15.699448995292185 14.552695572376249 13.390828423202036 20.038748413324356 22.865945719182491
leaf_count=54 64 45 44 35 49 73 39 118 52 44 40 79 57 45 62 49 77 70 37 50 35 66 55 67 60 87 83 68 102 124
internal_value=0.000298884 0.00121575 0.000430839 -0.0119887 -0.000930556 0.00139657 0.000580496 0.00136517 -6.12942e-05 -0.0104625 -0.000965373 0.010698 0.000741039 -0.00409946 0.00729051 0.003627 0.00630231 0.00440192 -0.00465373 0.00284374 0.0116781 0.000157209 0.0202027 -0.00356824 -0.0116172 0.0196844 0.0103205 -0.00951197 -0.010905 -0.00695658
internal_weight=349.051 321.647 314.4 22.6837 15.5269 291.717 281.712 271.672 235.654 27.4042 15.7386 36.0182 226.511 84.6056 31.6446 141.905 120.719 113.618 50.6194 37.2366 62.999 25.8301 15.4834 19.7977 21.1858 37.1688 21.4694 21.7532 52.9611 42.9047
internal_count=1930 1782 1737 128 84 1609 1536 1482 1285 148 84 197 1233 457 174 776 667 628 287 210 341 136 92 112 109 205 118 118 283 226
is_linear=0
shrinkage=0.05


Tree=154
num_leaves=31
num_cat=0
split_feature=15 0 2 1 3 3 8 4 7 2 3 8 6 14 14 14 3 0 15 7 11 6 8 8 1 4 14 7 1 1
split_gain=1.20617 2.33416 3.47854 2.79337 2.28711 2.7344 5.21021 2.27446 3.13585 3.16408 2.32751 2.23945 2.22076 2.21051 4.09488 2.15898 2.23095 3.1965 2.90774 3.57824 2.09017 2.04752 1.73225 2.6419 1.72943 1.71445 1.88148 1.66514 1.54938 2.00318
threshold=1.0000000180025095e-35 1.6520875000000002 0.056894500000000008 0.050515000000000011 -0.0063599999999999993 0.044997500000000003 61.927932000000006 -0.009637999999999999 0.58242950000000004 0.013920000000000002 0.017403500000000006 52.956376000000006 0.050022000000000004 0.059345500000000002 0.045716500000000007 0.039961000000000003 0.037059000000000009 2.0522770000000006 1.5000000000000002 0.78736700000000004 0.34665650000000009 0.044626500000000006 69.877074000000007 59.895663000000006 0.022144500000000001 0.060494000000000006 0.019179000000000005 0.77663450000000012 0.052679500000000011 0.071235000000000007
decision_type=2 2 2 2 2 2 2 2 2 2 2 2 2 2 2 2 2 2 2 2 2 2 2 2 2 2 2 2 2 2
left_child=7 4 3 15 12 27 -7 10 -9 -10 24 -5 -2 14 21 16 18 -18 19 -3 -20 -4 23 -11 -1 26 -19 -6 -23 -30
right_child=1 2 13 11 5 6 -8 8 9 22 -12 -13 -14 -15 -16 -17 17 25 20 -21 -22 28 -24 -25 -26 -27 -28 -29 29 -31
leaf_value=-0.025028848258584653 -0.025935952183031442 -0.037683071749684244 0.023822414281913021 -0.0083121047836719128 0.045719505542527072 -0.020893883807840762 0.031341093614353166 -0.036455827931797836 0.026305668611129502 0.005459884224659004 -0.04170695378321311 -0.044193352473939629 0.011844657189739559 -0.020389166567944331 0.040161630271691465 0.02063132987928451 -0.048343363717265164 0.017262076905798861 -0.003915494038553311 0.0070088430703843007 0.01813778866244577 -0.0073127487456118058 0.010423545662754715 -0.027750338989240238 0.0084532046710747138 -0.02591306305513932 -0.014688071908426482 0.016744504481061417 0.023617891353792386 -0.0014413432327543153
leaf_weight=7.5415016114711779 7.2930669337511054 9.6243861205875891 11.720984645187853 9.2214743364602345 8.9955834001302737 10.288185510784389 8.9067867062985879 5.4270521625876418 11.707081200554965 11.652891248464586 7.6011748611927024 8.2292416617274267 8.3347393870353681 7.1884915120899668 9.1031550541520101 8.4371110461652261 6.2324828505516043 8.5871803760528618 21.60638015717268 8.3768680393695814 21.371781196445227 29.402573611587286 14.213315326720474 12.319324377924202 7.8934587463736534 9.603405971080063 9.9432445988059026 11.048417791724203 13.153885141015051 20.25490565225482
leaf_count=45 42 57 62 56 48 56 49 33 72 65 45 46 46 47 49 50 35 46 121 49 126 159 75 64 44 53 53 60 65 108
internal_value=-0.000403834 0.00119731 -0.00118101 -0.00672383 0.0103894 0.0168318 0.00334402 -0.00585822 -0.000361064 0.00356513 -0.0190593 -0.0252326 -0.00578651 0.00621765 0.00850451 -0.00361163 -0.00575689 -0.0159449 -1.52032e-05 -0.0168857 0.00705096 0.004638 -0.00340676 -0.0116069 -0.00790608 -0.00876767 0.00011794 0.0297482 0.00105807 0.00842511
internal_weight=345.28 266.924 212.058 121.234 54.8668 39.239 19.195 78.3558 55.3197 49.8926 23.0361 17.4507 15.6278 90.824 83.6355 103.783 95.3457 34.3663 60.9794 18.0013 42.9782 74.5323 38.1855 23.9722 15.435 28.1338 18.5304 20.044 62.8114 33.4088
internal_count=1926 1483 1182 692 301 213 105 443 309 276 134 102 88 490 443 590 540 187 353 106 247 394 204 129 89 152 99 108 332 173
is_linear=0
shrinkage=0.05


Tree=155
num_leaves=31
num_cat=0
split_feature=13 2 3 15 19 9 11 8 8 9 0 4 12 11 3 3 3 12 13 12 11 19 0 0 0 1 14 9 1 15
split_gain=1.79799 1.3846 2.58245 1.02523 3.7009 3.61409 2.48845 3.52643 1.92573 2.13621 2.36172 2.22446 3.28826 2.69602 1.97425 3.258 2.89426 2.74267 2.32518 2.12045 1.76223 2.04644 1.87533 2.6186 4.21933 1.84858 4.07373 1.50447 1.44038 1.6563
threshold=-0.086150499999999991 -0.051866499999999989 -0.055700499999999993 4.5000000000000009 1.2981100000000001 0.13028600000000004 0.29912300000000008 69.877074000000007 61.630594500000008 0.16355700000000004 1.4670640000000001 -0.035555999999999997 -0.013384499999999999 0.34665650000000009 0.092288500000000009 0.046482500000000003 0.056740500000000006 0.0071330000000000013 0.055421000000000005 -0.0025154999999999995 0.49224150000000005 1.5328105000000003 8.4271175000000031 6.169038500000001 4.9218065000000006 0.032992500000000001 0.030672000000000001 0.20237250000000004 0.044638500000000005 1.5000000000000002
decision_type=2 2 2 2 2 2 2 2 2 2 2 2 2 2 2 2 2 2 2 2 2 2 2 2 2 2 2 2 2 2
left_child=-1 -2 -3 8 5 -5 -6 -8 9 10 -4 12 -11 -13 15 17 -17 19 -19 -12 25 -22 23 24 28 -10 -27 -15 29 -23
right_child=1 2 3 4 6 -7 7 -9 20 11 14 13 -14 27 -16 16 -18 18 -20 -21 21 22 -24 -25 -26 26 -28 -29 -30 -31
leaf_value=-0.019112058971416455 0.018300981205210339 -0.030548735909294928 -0.031127404851776369 0.031822729850533318 -0.02987527972675913 -0.014045968253397295 0.0095559119605973086 -0.0251281722211463 0.029474925198097104 0.012640392164468864 -0.0085294239051907014 -0.0025298343272531047 -0.021576273538060662 0.0077021528640312826 -0.028078990862126493 0.038832840649519501 0.00067679018284531824 -0.0321199271069059 0.0010141064743960245 0.025016836575675716 -0.015532064564336895 -0.007383300013706906 -0.0099153579372637524 0.03658305607618554 -0.029794504106882648 -0.014357661907492214 0.032212670269987455 0.037902033758494005 0.028105094627689505 0.019787164068939697
leaf_weight=12.626622315496205 10.142305634915827 6.9775247499346724 9.3162763491272909 10.862958744168283 14.889814108610151 7.102099083364009 17.592123316600922 12.561239145696161 14.660304065793751 13.449611421674492 12.389371652156116 13.747411740943791 14.6912410184741 6.4751669466495541 7.8559530638158312 7.734635733067992 13.904024831950663 15.674892131239178 7.9955673292279235 7.6004740744829169 13.167608119547365 11.548287160694601 14.054183524101971 8.1995791643857938 6.9679396301507941 10.809592023491861 8.3026306033134443 11.357282970100639 10.699454609304665 10.906031548976896
leaf_count=71 60 39 56 59 76 42 104 71 77 79 72 82 87 35 43 42 72 84 47 42 70 65 77 43 40 55 43 71 61 62
internal_value=-0.000593543 0.000111527 -0.000462305 0.000205162 -0.00549827 0.0136895 -0.0131511 -0.00489273 0.001634 -0.00220216 -0.00741729 0.00499968 -0.00522279 0.0141089 -0.00439781 -0.00154879 0.0143155 -0.00941135 -0.0209277 0.00422543 0.00662387 0.00237919 0.00616029 0.0108359 0.00557399 0.0161185 0.00587318 0.0269361 0.0130074 0.00581336
internal_weight=344.262 331.636 321.493 314.516 63.0082 17.9651 45.0432 30.1534 251.508 142.192 82.4712 59.7207 28.1409 31.5799 73.1549 65.299 21.6387 43.6603 23.6705 19.9898 109.316 75.5431 62.3755 48.3213 40.1217 33.7725 19.1122 17.8324 33.1538 22.4543
internal_count=1927 1856 1796 1757 352 101 251 175 1405 812 458 354 166 188 402 359 114 245 131 114 593 418 348 271 228 175 98 106 188 127
is_linear=0
shrinkage=0.05


Tree=156
num_leaves=31
num_cat=0
split_feature=4 2 14 4 11 19 19 11 3 2 15 13 13 7 4 11 7 7 7 11 11 9 1 6 2 4 4 11 9 14
split_gain=0.922236 1.66265 2.59203 2.51969 2.91506 2.17712 2.44468 3.75004 2.59532 2.71067 1.95346 4.29464 1.97463 1.83966 1.63234 2.17907 1.56852 2.40173 1.45454 1.30467 3.4757 2.26118 2.87792 2.41605 2.06102 3.12248 2.56969 4.45901 2.51354 3.28298
threshold=0.021349000000000003 0.03544400000000001 0.027410000000000004 -0.058129999999999994 0.61180550000000011 2.3825450000000004 1.8060995000000004 0.27859500000000009 0.06324150000000002 0.056894500000000008 1.5000000000000002 -0.017747499999999996 0.0074195000000000007 0.74782350000000009 0.039424500000000008 0.33541650000000006 0.87471950000000009 0.66722350000000008 0.42910050000000005 0.86881750000000013 0.8277540000000001 0.11426800000000002 0.053036000000000007 0.14017000000000002 0.034701500000000003 0.057259000000000011 0.22534950000000004 0.15047150000000001 0.028838000000000003 0.029454000000000004
decision_type=2 2 2 2 2 2 2 2 2 2 2 2 2 2 2 2 2 2 2 2 2 2 2 2 2 2 2 2 2 2
left_child=1 2 3 4 -1 6 7 -3 9 -9 13 -12 -13 -5 15 -2 17 -4 -16 20 24 22 -21 -24 25 -20 27 -26 -29 -30
right_child=14 5 16 10 -6 -7 -8 8 -10 -11 11 12 -14 -15 18 -17 -18 -19 19 21 -22 -23 23 -25 26 -27 -28 28 29 -31
leaf_value=0.035531257298654091 0.0010043576096941647 0.040590988353262865 -0.0033779379335061653 0.0031494322438818476 0.00015680270592848748 0.036085202553305322 -0.018688236538379564 -0.0034887876482211939 -0.020822905829302251 0.03371778745240786 -0.020579751728049558 0.03875777066013622 0.0070627330607795219 -0.02562171275319506 -0.024946916383106567 -0.03052500826560299 0.0046495260680288163 -0.043710904281216177 0.041859759650760262 0.010358134288709952 0.036738770663350039 -0.029073247137817389 -0.032724126453995174 0.0040967370172242728 -0.026780578338409258 0.0042185341094077853 -0.024581857896266657 0.024315249376363472 -0.014104531072516467 0.017665027845149343
leaf_weight=12.055769458413126 11.661715101450683 8.9976424127817136 7.2037732452154177 10.223714314401152 11.266245216131209 7.6604537256062022 7.5539070814847937 10.98471194133163 7.8857440315186969 8.8305526971816999 9.5649140253663081 8.3264733646065014 11.990772008895872 12.169465582817791 5.360789254307746 10.337985571473835 7.0293653290718785 7.569270521402359 7.1591970399022129 25.378734551370144 7.8143306374549857 8.2255666367709619 9.6963792368769663 8.241974860429762 11.286238010972736 23.909455729648471 11.152839977294205 16.034535765647888 18.100778952240944 14.764933314174412
leaf_count=68 64 50 40 54 64 41 44 60 44 50 57 49 64 73 36 58 45 46 39 138 40 63 49 41 57 140 66 85 97 84
internal_value=0.00131044 0.00424794 0.000395985 0.00477635 0.0184428 0.011475 0.0072148 0.0125466 0.00343739 0.0130921 -0.00132078 0.00704633 0.0200521 -0.0124861 -0.00100869 -0.0138118 -0.0147924 -0.0240434 0.000676647 0.0015258 0.00459642 -0.00504064 -0.00047704 -0.0158064 0.00214377 0.0128923 -0.00253725 0.00154772 0.00808592 0.000167955
internal_weight=338.438 149.313 97.3998 75.5974 23.322 51.913 44.2526 36.6987 27.701 19.8153 52.2753 29.8822 20.3172 22.3932 189.125 21.9997 21.8024 14.773 167.126 161.765 110.222 51.5427 43.3171 17.9384 102.408 31.0687 71.3393 60.1865 48.9002 32.8657
internal_count=1906 849 560 429 132 289 248 204 154 110 297 170 113 127 1057 122 131 86 935 899 608 291 228 90 568 179 389 323 266 181
is_linear=0
shrinkage=0.05


Tree=157
num_leaves=31
num_cat=0
split_feature=4 12 9 11 9 19 4 4 8 7 7 3 4 14 11 14 8 19 5 11 3 2 5 9 8 10 8 8 11 5
split_gain=1.31201 2.49587 3.31853 1.3963 4.70642 2.99887 1.45221 1.37139 3.24704 2.89811 1.80776 1.36131 2.96258 1.30058 2.90378 1.7639 1.6913 3.86162 3.50252 3.39264 3.28581 2.47343 3.62429 2.58799 2.53478 1.82471 1.75094 1.5292 1.40189 1.34256
threshold=-0.041313999999999997 -0.013384499999999999 0.17274450000000002 0.47386350000000005 0.18265050000000002 1.2776010000000002 -0.12288899999999998 -0.020725999999999998 39.734831000000007 0.86363650000000003 0.74782350000000009 0.083049000000000026 0.049864500000000013 0.034348500000000011 0.88741200000000009 0.030510500000000003 50.012095000000009 2.4337560000000003 0.023021000000000003 0.37211550000000004 0.0029300000000000007 0.017269000000000003 0.028084500000000002 0.069474500000000008 62.499998000000012 1.0000000180025095e-35 58.45142950000001 60.928520000000006 0.33541650000000006 0.057778500000000003
decision_type=2 2 2 2 2 2 2 2 2 2 2 2 2 2 2 2 2 2 2 2 2 2 2 2 2 2 2 2 2 2
left_child=1 3 -3 5 -5 -1 -6 9 -9 10 -2 13 -13 15 29 16 19 18 -18 20 -10 26 -23 24 -24 27 -20 -19 -25 -15
right_child=7 2 -4 4 6 -7 -8 8 11 -11 -12 12 -14 14 -16 -17 17 25 21 -21 -22 22 23 28 -26 -27 -28 -29 -30 -31
leaf_value=0.034721440149657799 0.015872371644352026 0.0031928958891961194 -0.032448597852624821 -0.035306093669619357 0.021897357605069945 -0.0074915983461959759 -0.0042489321304034064 -0.031996905019905528 -0.026504882772930567 0.035811608496290122 -0.017195862856288876 -0.027428183943181042 0.00049691082244584606 0.0089962687584281553 -0.01222386623587994 -0.019507428724106768 0.023679124649234735 0.012487740349693535 -0.045495243659911554 0.034275690346766953 0.020542993173360544 -0.035755729894769626 0.038655138910474507 -0.027851024363069472 0.00011132343513456731 -5.8621994519849198e-05 -0.011033362285347089 0.04320969651924008 0.0034350609291545135 0.037642721727902562
leaf_weight=8.2378278225660342 9.0410723984241539 11.254675701260568 15.560322541743515 8.9178387448191661 9.9529839381575602 8.5991906970739347 11.385964587330816 7.2163345348089925 6.7932919748127487 9.1266218647360784 7.6131458058953276 10.654782777652143 87.461349502205849 6.665514621883637 6.6939002983272067 8.1339975632727128 8.8337976112961751 8.1698235198855418 7.1489858850836736 12.772404516115783 8.1794069483876211 7.1877149045467368 7.4153118357062402 7.1543917432427389 10.041900835931299 9.3083143830299395 7.6086196005344391 8.0332929566502553 7.1678979396820068 10.585643649101256
leaf_count=46 53 65 90 50 57 50 64 45 48 51 44 63 478 37 41 43 46 42 40 73 44 36 38 37 53 49 41 41 43 61
internal_value=0.000610577 -0.00531271 -0.0174893 0.00162058 -0.00480184 0.0131619 0.00794631 0.00217965 0.00106115 0.0131659 0.000755884 0.00203086 -0.00253558 0.00506032 0.0157282 0.00299946 0.00458018 0.00118879 -0.00549718 0.0153453 -0.000803189 -0.0102945 -0.00369231 0.00355962 0.0164836 0.017584 -0.0277276 0.0277193 -0.0121932 0.0265743
internal_weight=352.916 73.9088 26.815 47.0938 30.2568 16.837 21.3389 279.008 253.227 25.7808 16.6542 246.01 98.1161 147.894 23.9451 123.949 115.815 88.0701 62.5586 27.7451 14.9727 53.7248 38.9672 31.7795 17.4572 25.5114 14.7576 16.2031 14.3223 17.2512
internal_count=1969 422 155 267 171 96 121 1547 1399 148 97 1354 541 813 139 674 631 466 334 165 92 288 207 171 91 132 81 83 80 98
is_linear=0
shrinkage=0.05


Tree=158
num_leaves=31
num_cat=0
split_feature=2 5 8 14 1 12 8 4 4 6 4 19 5 12 12 13 13 3 14 14 19 14 14 14 5 6 3 13 19 14
split_gain=2.10712 1.23566 2.00312 2.97436 1.55878 3.48096 1.21716 1.89441 1.77058 3.55024 1.69733 3.35108 3.0116 1.8329 3.5875 2.38367 2.90774 1.86485 1.55863 1.66737 1.42331 1.19184 1.93472 1.35378 3.75564 1.95196 2.21354 2.83619 2.22381 1.66594
threshold=-0.060836499999999995 0.068206000000000003 82.037941500000017 0.031732000000000003 0.080157500000000007 0.020175000000000002 76.491522000000018 0.26656550000000007 0.16239300000000004 0.076986000000000013 0.069150000000000003 3.8936955000000002 0.043264500000000004 0.041596000000000008 0.036645000000000004 0.053971500000000013 0.075308000000000014 0.060567500000000003 0.024194000000000004 0.020337000000000004 2.8113990000000002 0.030904500000000005 0.027762000000000005 0.025119500000000006 0.047171500000000012 0.085126500000000008 0.026169000000000001 0.0055340000000000016 1.5269165000000002 0.019179000000000005
decision_type=2 2 2 2 2 2 2 2 2 2 2 2 2 2 2 2 2 2 2 2 2 2 2 2 2 2 2 2 2 2
left_child=-1 2 6 -4 5 -3 7 8 10 -10 13 12 18 14 17 -15 -17 21 19 -12 -8 22 23 24 25 26 28 -28 -2 -30
right_child=1 4 3 -5 -6 -7 20 -9 9 -11 11 -13 -14 15 -16 16 -18 -19 -20 -21 -22 -23 -24 -25 -26 -27 27 -29 29 -31
leaf_value=-0.021391674601744615 0.0015667277648964491 0.0082655791682081231 -0.0014459509741824787 0.041326343031486065 0.0070849951348366151 -0.033211563229284528 -0.02361978838169454 0.026998898000001638 -0.032769088074253841 0.008606541578119159 0.0017933763105795174 -0.017851628723077835 0.034853348345473038 -0.027104945218078904 0.034704603790032137 0.02358175200327443 -0.013751013241691446 -0.016229943430884859 -0.010251446829360238 0.03330114094029895 0.0032279771466884755 -0.010466897983067165 0.026414777228557285 -0.013629156069074742 0.035512227174197032 -0.021522729980154472 0.010957578779060811 -0.020869069616993217 0.01149041240285803 0.038520540119014811
leaf_weight=9.764022193849085 34.886805754154921 8.8549123778939265 8.0220647901296633 8.2389019951224309 12.247118026018141 11.798672683537005 9.5805720612406748 8.0234842821955663 10.174551475793125 10.571101479232309 9.440017789602285 7.9746326655149451 15.631383061408995 11.94484957307577 8.7976865619420987 8.4856465980410594 13.535148575901983 13.01896385848522 8.6604791954159719 7.5629034936428061 10.184072278439997 13.670891147106884 9.7970122396945936 10.745402224361895 9.2051666006445867 8.0270547270774824 12.259603772312405 16.315920449793339 15.960536152124407 8.8673622198402864
leaf_count=60 198 53 45 42 76 102 49 40 57 55 49 46 81 63 49 44 73 74 46 40 52 77 53 63 49 41 69 86 93 50
internal_value=0.00151153 0.00216449 0.00314356 0.0202254 -0.0070482 -0.0154289 0.00219659 0.00306234 0.00233906 -0.0116858 0.00352767 0.0118217 0.017552 0.00143763 0.00365741 -0.00912039 0.000635055 0.00186929 0.00701389 0.015808 -0.00978602 0.00355556 0.00507621 0.00327817 0.00499985 0.00208374 0.00422996 -0.00721465 0.0097066 0.0211443
internal_weight=352.247 342.483 309.582 16.261 32.9007 20.6536 293.321 273.557 265.533 20.7457 244.787 49.2694 41.2948 195.518 161.552 33.9656 22.0208 152.755 25.6634 17.0029 19.7646 139.736 126.065 116.268 105.522 96.3173 88.2902 28.5755 59.7147 24.8279
internal_count=1975 1915 1684 87 231 155 1597 1496 1456 112 1344 262 216 1082 902 180 117 853 135 89 101 779 702 649 586 537 496 155 341 143
is_linear=0
shrinkage=0.05


Tree=159
num_leaves=31
num_cat=0
split_feature=6 6 4 1 19 19 19 19 1 1 0 19 19 1 14 0 1 3 19 6 6 3 6 0 2 3 14 3 0 4
split_gain=0.882438 3.40114 2.40449 2.07835 2.6525 3.76514 2.90527 4.18382 2.0306 2.77549 2.4799 2.45072 2.37932 1.50945 2.8399 1.44622 1.54197 3.33705 2.15081 1.98049 2.04864 1.86207 3.95918 2.77943 2.35498 2.67479 2.03684 1.75058 1.3876 1.31648
threshold=0.074674500000000019 0.067127000000000006 0.040404500000000003 0.065787000000000012 4.942819000000001 2.2154815000000005 1.7116795000000002 1.1719575000000002 -0.0015009999999999997 0.0021495000000000008 4.7373520000000005 1.5459460000000003 3.3678850000000007 0.075686500000000004 0.032580000000000005 3.9225500000000006 0.039264000000000007 0.021059000000000005 1.1228085000000003 0.030646000000000003 0.027615500000000005 0.025412500000000005 0.038431500000000007 2.2583120000000005 0.024608500000000002 0.0038610000000000003 0.017692500000000003 0.050205500000000007 6.0757340000000015 0.10120550000000002
decision_type=2 2 2 2 2 2 2 2 2 2 2 2 2 2 2 2 2 2 2 2 2 2 2 2 2 2 2 2 2 2
left_child=1 8 -3 4 5 6 7 -2 11 -10 15 -1 -12 -5 -15 16 19 -18 -19 20 -11 24 23 -23 25 -21 -24 -28 -7 -16
right_child=3 2 -4 13 -6 28 -8 -9 9 10 12 -13 -14 14 29 -17 17 18 -20 21 -22 22 26 -25 -26 -27 27 -29 -30 -31
leaf_value=-0.0072248536032918573 -0.030537475851126913 0.040818248662496233 0.0054944642212688818 0.019667354230187541 -0.036643503388716726 0.0014468175902968906 -0.04102455194915778 0.011852389366313205 -0.029703930599348928 -0.0043579161108782214 -0.032094472247874935 0.030484459236494905 0.0024927735647310204 -0.022334162963314922 -0.0094481808521409 0.019812259620608133 -0.019724932710861197 0.038387577168757396 0.0083964085018208585 -7.1081374517257477e-05 0.029586230422843536 -0.053838270122833258 -0.02785362666209525 -0.011047537190992468 -0.016376918125285807 0.031591857438519312 -0.01357326965289841 0.0128587059498084 0.029386785817979003 0.011615802342592484
leaf_weight=6.8822176232934025 10.397741492837669 9.3081053644418734 9.9860424697399122 11.764205254614351 7.8493013866245738 11.236926700919868 8.4124375656247121 13.223949884995816 8.0733046866953355 8.4824114814400691 10.86285822838545 11.521775867789982 9.1696575134992582 11.266299866139887 9.9947625920176488 11.114419441670178 7.2330545410513869 9.0447601899504679 17.630817241966724 20.463766947388653 9.3389533609151822 7.6536316610872728 6.1947405561804763 7.526884913444519 11.431401286274193 9.8953160196542722 9.5066606327891368 18.365739770233631 7.3506624810397616 28.769261447712779
leaf_count=40 61 51 55 66 56 64 48 79 64 46 58 66 54 59 61 58 43 45 95 117 51 46 35 40 68 51 52 99 41 157
internal_value=0.00060123 0.00248606 0.0225358 -0.00284175 -0.0095989 -0.00540542 -0.0157926 -0.00680668 0.000555637 -0.00104494 0.00028544 0.016383 -0.0162626 0.00355198 -0.000237409 0.00243967 0.00108722 0.0103977 0.0185654 -0.00181289 0.0134299 -0.00479677 -0.011384 -0.0326215 0.00296588 0.0102492 -0.00192041 0.00384334 0.012496 0.00618475
internal_weight=339.952 219.687 19.2941 120.266 58.471 50.6217 32.0341 23.6217 200.392 181.988 173.915 18.404 20.0325 61.7945 50.0303 153.883 142.768 33.9086 26.6756 108.86 17.8214 91.0381 49.2477 15.1805 41.7905 30.3591 34.0671 27.8724 18.5876 38.764
internal_count=1926 1234 106 692 349 293 188 140 1128 1022 958 106 112 343 277 846 788 183 140 605 97 508 272 86 236 168 186 151 105 218
is_linear=0
shrinkage=0.05


Tree=160
num_leaves=31
num_cat=0
split_feature=1 3 3 6 6 8 12 2 3 5 6 19 19 19 8 15 4 14 4 19 6 6 9 1 9 15 19 1 3 6
split_gain=2.88358 1.61689 3.54824 1.64953 1.44547 1.26053 2.18591 2.18047 1.36563 3.88606 2.24725 2.31752 1.49213 4.07486 2.24203 3.5331 3.06033 2.34584 2.14591 2.50258 2.02511 2.74206 2.02818 2.84695 1.99268 2.41932 1.85572 1.82315 2.82905 2.17945
threshold=0.14538000000000004 0.18908900000000003 0.21450550000000004 0.16209250000000003 0.13584500000000002 80.658715000000015 0.12507200000000002 0.12663700000000003 0.087077000000000016 0.046596000000000005 0.069327000000000014 2.0758865000000006 1.3831270000000002 1.4584545000000002 38.464362000000008 1.0000000180025095e-35 -0.11367899999999999 0.024852000000000003 0.053752500000000002 2.8005405000000003 0.092393500000000017 0.050822000000000006 0.26820300000000008 0.03598450000000001 0.17004650000000002 2.5000000000000004 1.1719575000000002 0.026007500000000003 0.027782500000000005 0.049458500000000009
decision_type=2 2 2 2 2 2 2 2 2 2 2 2 2 2 2 2 2 2 2 2 2 2 2 2 2 2 2 2 2 2
left_child=1 3 -3 4 5 6 7 8 12 10 11 -10 20 -14 16 17 -15 -16 27 -20 21 22 23 24 25 -1 -23 28 -17 -29
right_child=-2 2 -4 -5 -6 -7 -8 -9 9 -11 -12 -13 13 14 15 18 -18 -19 19 -21 -22 26 -24 -25 -26 -27 -28 29 -30 -31
leaf_value=-0.02050316528029969 0.025353956920935308 -0.043975027653813163 0.00093205302354010819 0.02103674056211477 -0.021528520864393122 0.018965068398014814 -0.019151628199844527 0.026079226551526353 0.0097413575828159196 0.013618934824279311 -0.040576726462900524 -0.025379143474178023 0.039974575653126253 0.013692975729868804 0.010360869240679402 0.0052727376352881003 -0.028798509834303928 0.041551620288288078 0.00036827342771713375 -0.030304379677552964 0.019233755485823428 -0.0090605557170684425 -0.021733905912811938 0.031764824173413191 0.021055870918390122 0.011065454920079877 -0.035661752581141723 -0.02099883946694589 0.040791070841141086 0.0080885854774166502
leaf_weight=14.66406222805381 11.833480967208741 6.4772585630416897 13.70725681260228 10.062289880588649 7.2942365165799847 9.454623840749262 13.606728903949259 8.6532578803598863 8.6547749862074905 13.984949322417377 8.2598463669419271 10.272435136139391 8.0185750350356084 6.7346870675683048 15.891530338674785 17.688762478530411 11.427779793739317 9.712457023560999 20.237181857228283 9.9048344418406469 9.2687973342835885 21.816362954676155 7.6840975880622855 8.6475651860237104 8.1298705637454969 10.354532808065413 9.3728411197662336 9.7361934147775191 8.2076235022395831 19.021122179925442
leaf_count=88 66 38 85 70 46 50 75 45 47 81 43 60 46 36 88 106 65 50 109 59 51 118 44 44 48 57 53 52 43 97
internal_value=0.00109431 0.000242315 -0.0134787 0.00111664 0.000463096 0.000998864 0.000413028 0.00137636 0.000577825 -0.00779884 -0.0188161 -0.00931972 0.00210037 0.00539341 0.00323655 0.00591471 -0.0130426 0.0221926 0.000999627 -0.00971093 -0.00290048 -0.00544368 0.00187514 0.00621561 -0.00044951 -0.00743775 -0.0170546 0.0069066 0.0165299 -0.00175937
internal_weight=348.78 336.947 20.1845 316.762 306.7 299.405 289.951 276.344 267.691 41.172 27.1871 18.9272 226.519 136.581 128.562 110.4 18.1625 25.604 84.7957 30.142 89.9381 80.6693 49.4801 41.796 33.1485 25.0186 31.1892 54.6537 25.8964 28.7573
internal_count=1960 1894 123 1771 1701 1655 1605 1530 1485 231 150 107 1254 751 705 604 101 138 466 168 503 452 281 237 193 145 171 298 149 149
is_linear=0
shrinkage=0.05


Tree=161
num_leaves=31
num_cat=0
split_feature=0 7 0 18 7 3 0 19 19 13 6 3 0 13 6 5 5 9 0 0 7 0 2 14 15 5 7 12 9 3
split_gain=1.86764 2.6375 1.38247 1.75053 3.21015 2.51275 2.19043 1.9089 2.45881 1.79424 1.70864 1.64423 1.46775 1.31446 1.75019 1.43036 4.44572 2.22556 2.12799 2.07555 2.10838 2.90502 1.94213 3.33077 1.82894 4.1468 3.46916 2.01423 1.72205 1.58661
threshold=29.895683500000004 0.49881800000000004 15.662203000000002 0.70000000000000007 0.99476750000000014 0.040470500000000006 3.9225500000000006 1.4637475000000002 2.0951445000000004 0.10836600000000002 0.027615500000000005 0.16250950000000003 2.7402615000000003 0.15365400000000004 0.13037550000000001 0.059730000000000005 0.051701000000000004 0.34672400000000009 1.7998365000000003 1.4332040000000001 0.66666650000000016 1.7103990000000002 0.0014635000000000002 0.020776500000000003 2.5000000000000004 0.044817000000000003 0.77509700000000015 0.016595500000000003 0.21454400000000004 0.015030000000000002
decision_type=2 2 2 2 2 2 2 2 2 2 2 2 2 2 2 2 2 2 2 2 2 2 2 2 2 2 2 2 2 2
left_child=1 -1 3 10 5 -5 7 -7 -9 -8 -3 13 -6 14 15 16 17 19 -17 -12 22 29 -21 -24 25 -23 -26 -28 -18 -22
right_child=-2 2 -4 4 12 6 9 8 -10 -11 11 -13 -14 -15 -16 18 28 -19 -20 20 21 24 23 -25 26 -27 27 -29 -30 -31
leaf_value=-0.031675138457481433 0.023414614503068802 -0.025062702381084292 -0.022667045077649974 0.026394362507523028 0.0099606658496606271 0.0044227728348233018 -0.0069873965513967649 -0.033178430192940069 -0.001685103372951911 0.020882055822880677 -0.018950143277521453 -0.024908145406865121 0.041694109512063829 0.0096488750132089924 -0.022220010064818781 0.027335450750609731 -0.013670402108688071 0.025059562194970037 -0.0047695508131618677 -0.030081653807745037 0.0096899057523589897 0.011595687146371533 -0.021203231039677549 0.021850200380712049 0.016021829997740024 -0.028952907329940658 -0.0042604473347361256 -0.037212907167702668 -0.043848594574250679 0.041699853215703742
leaf_weight=7.3232505470514289 7.3894385546445838 8.5179894864559156 7.4272624403238288 8.5234940797090513 6.9496410489082319 14.94635286182165 9.7863022983074206 13.022577270865442 11.825762484222649 14.090123815461991 15.451647207140921 7.7388387061655513 7.660221952944994 23.758787721395493 10.957436393946407 9.9873419255018252 12.204902302473785 8.2443246468901616 10.681405315175651 9.412283308804037 8.8597850054502469 43.573690243065357 10.127870671451094 8.0732617527246457 8.5804089605808276 7.3719791248440734 8.4393641538918036 10.29373202472925 7.7154856622219077 6.8751699700951567
leaf_count=48 40 48 46 47 39 83 52 70 63 72 86 47 42 138 76 53 68 44 64 54 51 232 56 47 47 52 50 56 43 42
internal_value=-0.00145221 -0.00199518 -0.00133871 -0.000849291 0.00522484 0.000899377 -0.00251357 -0.00969707 -0.0181902 0.00945912 -0.00307528 -0.00225509 0.0265991 -0.00146044 -0.00280127 -0.00165664 -0.00320789 -0.000171094 0.0107439 -0.00168876 0.000504501 0.00407291 -0.0116421 -0.00210653 0.000131427 0.00572819 -0.0103078 -0.0223676 -0.0253589 0.0236762
internal_weight=345.81 338.421 331.097 323.67 86.8045 72.1946 63.6711 39.7947 24.8483 23.8764 236.866 228.348 14.6099 220.609 196.85 185.893 165.224 145.304 20.6687 137.059 121.608 93.9941 27.6134 18.2011 78.2592 50.9457 27.3135 18.7331 19.9204 15.735
internal_count=1956 1916 1868 1822 468 387 340 216 133 124 1354 1306 81 1259 1121 1045 928 817 117 773 687 530 157 103 437 284 153 106 111 93
is_linear=0
shrinkage=0.05


Tree=162
num_leaves=31
num_cat=0
split_feature=19 8 8 4 4 14 19 8 19 13 0 9 13 0 19 19 1 4 4 3 9 3 19 0 8 3 1 3 3 19
split_gain=2.07716 1.76108 3.07332 1.64387 2.43163 2.42416 1.39615 2.22679 2.302 2.23751 1.79276 2.10524 2.74416 1.45512 1.41873 1.37375 1.34445 2.89333 1.51494 1.60631 2.12797 1.66497 3.14209 2.76416 2.22252 1.88044 1.41143 1.43276 1.96809 1.35642
threshold=0.94532000000000005 36.302623500000003 48.795006000000008 -0.17145449999999998 -0.11855549999999999 0.069580000000000017 2.7637615000000006 59.073013500000009 3.1024535000000006 0.026921000000000004 20.890110000000004 0.019930000000000003 0.14488950000000003 4.2204015000000004 4.8289950000000008 2.5323375000000006 0.017871500000000002 -0.058129999999999994 -0.081941999999999987 -0.0029064999999999998 0.13326300000000002 0.046482500000000003 1.3562300000000003 2.1703260000000006 49.829796000000009 0.052646000000000005 0.012790500000000002 0.037587000000000009 0.0013585000000000001 1.7574105000000004
decision_type=2 2 2 2 2 2 2 2 2 2 2 2 2 2 2 2 2 2 2 2 2 2 2 2 2 2 2 2 2 2
left_child=1 -1 -3 -2 -5 6 15 9 -9 -8 11 12 -10 -13 -15 16 17 -6 -18 20 -20 22 23 -21 -24 -23 27 28 -19 -26
right_child=3 2 -4 4 5 -7 7 8 10 -11 -12 13 -14 14 -16 -17 18 26 19 21 -22 25 24 -25 29 -27 -28 -29 -30 -31
leaf_value=0.010556452840873098 -0.023328452914603615 -0.037137831994129226 -0.0014370943594751446 0.028785387193075718 0.021488843606570954 -0.023238357587501434 0.0092409644130239024 0.027657339623353951 -0.010928792556761487 0.042642337279715087 0.019789963086540154 0.002588025273159017 0.028710249133618432 -0.036345297655365386 -0.0063955953252571489 -0.014220253754296816 -0.02025245477280721 -0.011435049227315012 0.039904268531054866 -0.0042425620661368487 0.002728417890703062 0.032287319811658916 0.025118705324786907 -0.040304862403509764 0.0087008177758491415 0.0053746907193569574 -0.030031188062076299 -0.026439448871969334 0.017510156874065198 -0.019352981768116635
leaf_weight=7.0344127193093327 6.2587725706398478 11.161755636334421 13.107374802231787 8.5887714102864248 8.1871202960610372 9.3629472274333221 12.979197261855008 8.2816497310996038 9.0851176232099551 8.1700129806995374 8.7525580599904043 8.1409419812262076 8.406022906303404 9.1136282086372393 6.9846033826470366 14.808616019785402 6.1669147536158553 16.235006667673591 7.2898598089814177 14.423986002802851 8.1559645757079107 7.2135967537760726 10.890791505575182 8.4129664674401266 9.7820220366120356 64.763961300253868 7.9216215051710597 7.0491117835044852 9.2007650509476644 7.7007804885506621
leaf_count=40 38 60 68 51 47 85 76 43 46 43 47 48 43 53 41 77 38 98 41 79 48 39 60 49 52 342 52 48 53 40
internal_value=0.000807529 -0.0114716 -0.0178564 0.00203823 0.00255695 0.00179969 0.00261335 0.00823138 0.00322425 0.022144 -0.000783965 -0.00509916 0.00812123 -0.0146391 -0.0233509 0.000457001 0.00158087 -0.00561555 0.00399591 0.00507456 0.020274 0.00316879 -0.00372261 -0.0175277 0.0073886 0.00807188 -0.0111074 -0.00649274 -0.000964833 -0.00365625
internal_weight=343.631 31.3035 24.2691 312.327 306.069 297.48 288.117 79.9137 58.7645 21.1492 50.4829 41.7303 17.4911 24.2392 16.0982 208.203 193.394 48.5936 144.801 138.634 15.4458 123.188 51.2105 22.837 28.3736 71.9776 40.4065 32.4849 25.4358 17.4828
internal_count=1945 168 128 1777 1739 1688 1603 440 321 119 278 231 89 142 94 1163 1086 298 788 750 89 661 280 128 152 381 251 199 151 92
is_linear=0
shrinkage=0.05


Tree=163
num_leaves=31
num_cat=0
split_feature=8 8 6 11 11 12 7 12 19 6 9 12 9 9 9 1 11 8 8 1 13 13 4 4 1 6 3 19 12 3
split_gain=1.82452 2.51273 2.02724 1.67386 1.37516 1.17279 2.87678 3.92151 2.49238 2.03937 1.92411 1.61302 1.5732 3.2119 2.43226 2.02598 1.42112 2.01054 2.58805 1.41824 1.66793 3.50539 2.55561 2.43785 2.89276 1.55677 3.96321 2.15093 1.75995 1.53568
threshold=34.358902000000008 42.402310000000007 0.056936500000000008 0.26817800000000008 0.73667450000000012 0.15800400000000003 0.99476750000000014 0.202769 3.6965760000000008 0.14964700000000003 0.40426350000000005 -0.016898999999999994 0.22459950000000004 0.18893450000000003 0.25317250000000008 0.026454500000000002 0.88741200000000009 46.516572000000004 49.573928000000002 -0.0023364999999999996 0.097004500000000007 0.12364350000000002 0.10212500000000001 0.14681350000000001 0.041070000000000009 0.045403000000000006 0.039347500000000007 1.7739385000000003 0.043736500000000005 0.035776000000000009
decision_type=2 2 2 2 2 2 2 2 2 2 2 2 2 2 2 2 2 2 2 2 2 2 2 2 2 2 2 2 2 2
left_child=2 3 -1 -2 -5 9 7 -7 -9 10 11 -3 13 16 -14 -16 17 -13 -19 -20 25 -22 -23 -24 -25 27 -27 29 -28 -21
right_child=1 5 -4 4 -6 6 -8 8 -10 -11 -12 12 14 -15 15 -17 -18 18 19 20 21 22 23 24 -26 26 28 -29 -30 -31
leaf_value=-0.0022713089987676403 -0.032048194491798888 0.021428729257439254 0.024415262800633289 0.0009078663706660145 -0.022119539526221595 0.024041701159401158 0.033927961559906995 -0.039568013616800381 0.002853070724374844 -0.02274447945752606 0.024452415154641249 -0.017265283187898814 -0.0324584567502871 0.02622873654938028 -0.024297680607725702 0.0094202558085154792 -0.011208927082721531 0.02470352829695607 0.022027243220500557 0.030317961585986642 0.027804226299451541 0.025090209672070214 -0.034630088199231919 -0.023257556307840769 0.015905881340153184 -0.031490012917777192 0.017577738026135232 -0.01142815418341279 -0.0099587945049923569 -0.00015181456894743735
leaf_weight=13.628101058304312 9.3565702401101571 7.7762928605079642 14.893614903092383 17.543990312144164 10.283768512308596 9.9707336649298686 8.5391765944659692 6.5225211121141893 7.3804567828774452 10.416842225939034 7.6947160437703124 14.633952207863329 10.051591498777272 10.933348588645456 6.8077187761664417 12.891209103167055 32.186288546770811 11.717947855591772 6.9882434457540361 8.1591998711228566 13.407278068363665 6.7037082128226748 7.0603296458721188 8.0519835650920886 11.377658180892466 16.256792053580284 9.2255972400307673 14.658586349338291 15.63897769153118 8.3849120698869211
leaf_count=73 57 40 90 100 63 50 46 41 42 79 46 80 69 61 45 74 175 64 38 44 75 35 38 45 59 92 48 80 81 46
internal_value=-0.000454547 -0.00153259 0.011664 -0.0137533 -0.00760193 7.06557e-05 0.00902123 0.000112557 -0.0170486 -0.00108507 -0.000147344 -0.000960048 -0.00173337 -0.000102413 -0.0124446 -0.00223227 -0.00166319 0.000354617 0.00222809 0.000136447 -0.00114989 0.00622689 -0.00248843 -0.00946764 -0.000324133 -0.00590302 -0.012293 0.00251827 0.000258189 0.0148752
internal_weight=349.142 320.62 28.5217 37.1843 27.8278 283.436 32.4129 23.8737 13.903 251.023 240.606 232.912 225.135 195.385 29.7505 19.6989 184.451 152.265 137.631 125.913 118.925 46.601 33.1937 26.49 19.4296 72.3241 41.1214 31.2027 24.8646 16.5441
internal_count=1976 1813 163 220 163 1593 179 133 83 1414 1335 1289 1249 1061 188 119 1000 825 745 681 643 252 177 142 104 391 221 170 129 90
is_linear=0
shrinkage=0.05


Tree=164
num_leaves=31
num_cat=0
split_feature=19 11 0 6 2 19 15 14 19 0 13 2 14 0 0 13 11 11 1 6 1 13 19 11 6 15 1 7 3 7
split_gain=1.15114 3.71124 2.31977 2.01958 1.76551 1.88578 4.25169 1.66987 1.63312 1.5168 2.20572 1.50624 1.02044 2.57568 2.66469 1.73541 1.61624 2.12306 1.76236 1.58588 2.44338 2.79424 2.18349 1.83643 1.73717 1.57992 1.57851 1.44868 1.41465 2.2071
threshold=1.0384560000000003 0.79772750000000014 1.3740140000000003 0.082450000000000009 -0.033177999999999992 1.2385570000000004 4.5000000000000009 0.018909000000000006 2.1749940000000003 1.4463330000000003 0.026016000000000004 0.036150000000000009 0.028017000000000004 1.9689620000000001 2.3720210000000006 0.36363100000000009 0.57321450000000007 0.37211550000000004 0.041070000000000009 0.053871000000000009 0.048158500000000007 0.076861500000000013 2.0758865000000006 0.044952000000000006 0.046275500000000004 1.5000000000000002 0.034490000000000007 0.84108950000000016 0.069564000000000015 0.90037900000000015
decision_type=2 2 2 2 2 2 2 2 2 2 2 2 2 2 2 2 2 2 2 2 2 2 2 2 2 2 2 2 2 2
left_child=1 3 -2 9 8 6 7 -6 -4 -1 -11 -9 19 -14 -15 16 17 27 -18 23 21 26 -22 -7 28 -26 -21 -16 29 -25
right_child=2 -3 4 -5 5 12 -8 11 -10 10 -12 -13 13 14 15 -17 18 -19 -20 20 22 -23 -24 24 25 -27 -28 -29 -30 -31
leaf_value=-0.012166066165981888 -0.025719477109663044 0.03579734580822979 0.00095355362142808108 -0.022198376292277933 -0.0028506990267008897 -0.022524512190933363 0.020860571181589255 -0.013982618862294682 0.029078600028806814 -0.00070510371204702269 0.031627307109492839 -0.04260237332633135 -0.024257337030363969 0.025681122645601181 -0.02468804880001382 0.016261480423216935 -0.031522427140893539 0.020600950800048371 -0.0068121860285329343 -0.0022370824839105133 0.014213027647450846 0.040541146929028549 -0.015781805295683696 -0.0060511019210119617 0.001437947980207837 -0.028863699098414537 0.026472508860139372 0.0061257695282893885 0.020863254304088537 0.01738962809399815
leaf_weight=8.1312437951564807 9.3834440112113935 9.1224117130041105 11.526741221547129 7.9129653573036185 8.0955129563808459 9.2807809524238092 7.4635296687483779 8.193508446216585 9.34674249216914 12.281721085309984 9.2459521144628507 10.474322846159337 13.425551503896711 8.6130436230450851 7.4561932906508464 9.384140979498623 9.9498009737580997 10.127628229558466 26.25933924689889 13.060373727232223 10.962251469492914 9.9580035135149938 13.587935104966162 32.010514326393604 9.1007213331758994 8.1577066108584386 7.5586696043610564 7.8093673679977655 11.527383210137485 14.632227597758172
leaf_count=44 56 50 67 46 50 54 42 48 53 69 50 65 76 46 42 55 71 57 142 71 62 53 69 178 51 48 43 45 66 81
internal_value=-0.000108173 0.00719023 -0.00125429 0.00024445 -0.000457078 -0.00155156 -0.0125101 -0.0218162 0.0135474 0.00623217 0.0131814 -0.0300409 5.91739e-05 -0.00399895 -0.000582094 -0.0037687 -0.00681999 0.00285109 -0.0136022 0.00275881 0.00935932 0.0187915 -0.00238839 -0.00153668 0.00104567 -0.012885 0.00828748 -0.0089247 0.00517876 0.00130246
internal_weight=344.04 46.6943 297.345 37.5719 287.962 267.089 34.2269 26.7633 20.8735 29.6589 21.5277 18.6678 232.862 93.0251 79.5995 70.9865 61.6023 25.3932 36.2091 139.837 55.1272 30.577 24.5502 84.7093 75.4286 17.2584 20.619 15.2656 58.1701 46.6427
internal_count=1950 259 1691 209 1635 1515 205 163 120 163 119 113 1310 534 458 412 357 144 213 776 298 167 131 478 424 99 114 87 325 259
is_linear=0
shrinkage=0.05


Tree=165
num_leaves=31
num_cat=0
split_feature=2 2 9 13 3 2 13 9 8 19 13 11 14 3 11 11 9 19 7 9 3 19 11 9 9 6 18 2 19 7
split_gain=1.65361 1.30276 0.887778 2.226 2.05696 1.86341 2.54461 3.27889 2.02876 2.93169 4.1418 2.17792 2.08268 1.99385 2.55584 1.72835 2.0188 1.70139 2.17763 1.63138 1.3508 2.20235 1.76002 1.98652 4.37704 2.30073 3.45614 2.24073 2.49752 3.90385
threshold=-0.060836499999999995 -0.043956499999999996 0.25317250000000008 -0.027668999999999996 -0.020198999999999998 -0.028690999999999998 -0.037813499999999993 0.22459950000000004 44.676328500000004 0.96354150000000016 0.011566500000000002 0.29912300000000008 0.020151500000000003 0.0080605000000000017 0.15047150000000001 0.62132350000000003 0.36262450000000007 2.6080045000000003 0.87946300000000011 0.18893450000000003 0.042023000000000005 1.3889480000000003 0.36306800000000006 0.013028000000000001 0.023609000000000002 0.040504000000000005 0.50000000000000011 0.17025800000000005 2.2719390000000002 0.63673850000000021
decision_type=2 2 2 2 2 2 2 2 2 2 2 2 2 2 2 2 2 2 2 2 2 2 2 2 2 2 2 2 2 2
left_child=-1 -2 5 4 -4 -3 -7 8 9 -8 12 13 -11 -10 17 16 -5 18 -15 20 21 -13 -22 -24 -25 -26 -27 28 -28 -30
right_child=1 2 3 15 -6 6 7 -9 11 10 -12 19 -14 14 -16 -17 -18 -19 -20 -21 22 -23 23 24 25 26 27 -29 29 -31
leaf_value=-0.020039983773926493 0.019385558038228948 -0.024600419321505741 0.016431573528662018 0.03820646111467866 -0.016585547045205123 0.022207056759832977 0.015836096684520937 -0.028440895833805747 0.028442969757327116 -0.025063318053210194 -0.052851558972790313 -0.028056395841487222 0.010664038230781631 -0.0059879213487127672 0.023433096559874078 -0.0023332657382528384 0.0040697057302264547 -0.019665577390241894 0.023327950408807235 0.020216760655315059 -0.021986396993600388 -0.0019947617049744042 -0.0086236810360622741 0.034562268836088511 0.024282403691257379 0.028041837408796146 -0.00029387078337576953 0.015335688649531928 0.003579601071363632 -0.045070907622889671
leaf_weight=9.8806942701339704 9.0888934358954412 8.0494979172945005 7.0634442493319538 11.033277526497846 14.201694607734678 12.114699915051458 7.1652597486972835 10.622680434957145 11.376578465104101 8.0307184755802208 7.0171377025544635 12.601825449615715 8.2896602563559991 17.266995422542099 14.061427801847456 8.6648512333631498 7.129691954702138 9.6453921869397146 10.005081083625553 8.1398268118500692 8.4438146576285344 22.723703555762768 31.633866667747498 11.575534157454966 8.9128405228257161 7.4583431445062152 16.336939625442028 7.7702043987810603 6.4832098707556751 11.328589871525763
leaf_count=60 50 46 41 61 81 72 40 75 63 45 43 71 50 92 77 66 39 48 53 46 43 134 167 60 55 42 87 44 38 62
internal_value=0.000118918 0.000714857 0.000192951 0.00646376 -0.00561856 -0.000895581 -0.000186254 -0.0012423 -6.90973e-05 -0.012139 -0.0207281 0.00163723 -0.00691621 0.00951655 0.00529288 0.0160408 0.0248064 -0.00161651 0.00476695 -0.00156545 -0.00278597 -0.0112918 -5.29719e-05 0.00177168 0.00647851 0.000901504 -0.00331886 -0.00889865 -0.0144129 -0.0273629
internal_weight=344.116 334.236 325.147 48.093 21.2651 277.054 269.004 256.89 246.267 30.5028 23.3375 215.764 16.3204 62.3555 50.9789 26.8278 18.163 36.9175 27.2721 153.409 145.269 35.3255 109.943 101.5 69.8657 58.2901 49.3773 41.9189 34.1487 17.8118
internal_count=1951 1891 1841 288 122 1553 1507 1435 1360 178 138 1182 95 333 270 166 100 193 145 849 803 205 598 555 388 328 273 231 187 100
is_linear=0
shrinkage=0.05


Tree=166
num_leaves=31
num_cat=0
split_feature=6 2 3 5 7 15 5 11 2 11 13 3 11 4 2 11 18 5 9 11 2 2 15 1 5 8 5 13 5 9
split_gain=1.2058 1.74215 1.63949 2.06117 1.34489 2.52584 3.20509 2.39781 2.7213 2.33257 2.73391 2.36148 2.1873 4.78732 2.09396 1.61469 1.44854 1.40456 1.26535 1.17708 1.24792 1.28755 2.71999 2.25908 1.81736 2.66367 1.24582 2.62118 4.28341 4.11434
threshold=0.032865500000000006 0.0091585000000000017 0.026817000000000004 0.029894000000000004 0.97504450000000009 2.5000000000000004 0.045209500000000007 0.99615400000000009 0.093237000000000014 0.99615400000000009 0.23012300000000002 0.13796500000000003 0.075961500000000015 0.057259000000000011 0.11727950000000002 0.86881750000000013 0.50000000000000011 0.038232000000000009 0.053667000000000013 0.81291650000000015 0.066684000000000007 1.0000000180025095e-35 1.0000000180025095e-35 0.0064200000000000012 0.058515000000000005 33.780722500000003 0.035940500000000007 0.0022730000000000003 0.03246000000000001 0.05437100000000001
decision_type=2 2 2 2 2 2 2 2 2 2 2 2 2 2 2 2 2 2 2 2 2 2 2 2 2 2 2 2 2 2
left_child=1 -1 -3 -4 9 7 -7 8 12 11 17 14 -6 -14 15 19 -17 -11 -13 20 21 22 -2 -23 25 -24 27 -25 29 -29
right_child=4 2 3 -5 5 6 -8 -9 -10 10 -12 18 13 -15 -16 16 -18 -19 -20 -21 -22 23 24 26 -26 -27 -28 28 -30 -31
leaf_value=-0.025556964762955506 0.017497104966252838 0.013647307433637188 -0.031065783431619184 0.0054287409749236154 0.011645422071101228 -0.0096688411660393742 0.030194029187727452 -0.038678368575006214 0.01274965472620025 0.044065049425080015 -0.0041539719163368547 -0.0055343631843909162 -0.043455853360656653 0.0051365395537508358 0.025385561943698183 -0.028409736747204636 -0.00027544864499262297 0.016011958974950138 -0.030025381606968823 0.019947937859546849 -0.0088787832402383374 0.034754764115965696 0.0082192293585622699 0.020722680457370125 0.010593564512169695 -0.028365438210867816 0.010521482233323038 0.025762693139431237 -0.042948752751282356 -0.019651866974768027
leaf_weight=11.51918989419937 11.065163839608429 10.006189025938513 7.5319186598062497 7.9556347653269768 5.4933506660163429 11.099761337041857 9.2401282228529436 7.4587543085217467 11.411781780421732 7.0543347075581613 11.934555787593125 12.810595981776716 12.521482719108464 8.5159566029906255 8.9453094415366632 8.5998411010950822 9.7756953574717027 12.141329340636728 8.9645401872694475 8.8330915514379722 25.656176671385765 6.6693646907806388 6.9768050536513391 9.2609468474984151 7.2884450629353514 17.343201071023941 39.880942281335592 9.4823855906724983 7.264768883585929 10.519912227988241
leaf_count=68 60 57 42 47 35 61 56 38 65 41 67 67 81 58 52 52 59 67 58 48 141 39 39 55 40 96 223 50 41 57
internal_value=-0.000895074 -0.00941924 -0.00212752 -0.0123193 0.000135284 -0.00620217 0.00844031 -0.012762 -0.00766739 0.00186788 0.0146379 -3.11322e-05 -0.0164494 -0.0237857 0.00177832 0.000596044 -0.0134424 0.0263214 -0.015617 0.0022059 0.00117083 0.00322117 -0.00383808 0.0068472 -0.0113069 -0.0178702 0.00441128 -0.00225978 -0.0100655 0.00187758
internal_weight=343.222 37.0129 25.4937 15.4876 306.209 65.7412 20.3399 45.4013 37.9426 240.467 31.1302 209.337 26.5308 21.0374 187.562 178.617 18.3755 19.1957 21.7751 160.241 151.408 125.752 42.6736 83.0783 31.6085 24.32 76.409 36.528 27.2671 20.0023
internal_count=1960 214 146 89 1746 394 117 277 239 1352 175 1177 174 139 1052 1000 111 108 125 889 841 700 235 465 175 135 426 203 148 107
is_linear=0
shrinkage=0.05


Tree=167
num_leaves=31
num_cat=0
split_feature=5 7 7 3 19 1 5 13 7 19 2 13 14 9 9 5 9 1 3 1 7 7 1 1 15 7 2 4 5 1
split_gain=0.919361 2.28987 1.58595 2.29703 1.60863 4.25356 1.88745 1.62052 2.55643 3.40251 3.20079 3.8131 2.91268 2.39524 2.24138 3.12255 3.38588 1.81867 1.62775 1.51104 1.45788 2.53648 1.97691 1.95304 2.23 1.62728 1.9851 1.57722 1.45343 1.35026
threshold=0.025727000000000003 0.87471950000000009 0.75572500000000009 0.19174100000000002 9.2256325000000015 0.14538000000000004 0.028872000000000005 0.0028710000000000007 0.87312650000000014 1.2938240000000003 0.017269000000000003 0.12892550000000005 0.022802000000000003 0.12616750000000002 1.0000000180025095e-35 0.041700500000000008 0.081598500000000018 0.049286500000000004 0.026169000000000001 0.041643500000000007 0.56141350000000012 0.60279850000000013 0.018285000000000006 0.038173000000000006 2.5000000000000004 0.66088250000000015 0.011910000000000002 0.051134500000000006 0.046086500000000009 0.059696000000000006
decision_type=2 2 2 2 2 2 2 2 2 2 2 2 2 2 2 2 2 2 2 2 2 2 2 2 2 2 2 2 2 2
left_child=1 -1 3 20 5 6 -4 13 9 -9 -11 -12 18 -8 -14 -16 -17 -18 -10 -15 22 27 -2 24 25 -23 -27 -22 -26 -25
right_child=2 -3 4 -5 -6 -7 7 8 12 10 11 -13 14 19 15 16 17 -19 -20 -21 21 23 -24 29 28 26 -28 -29 -30 -31
leaf_value=0.0013263600964031304 -0.010069794909721071 -0.027601505357794421 0.020835602308183626 -0.029044053870498628 -0.018777853943416078 0.039119026388863692 0.033198078129770797 0.031579197616341127 -0.0054775166849400959 -0.03050798319227882 0.025981153959073213 -0.016462519015827123 0.017425166244704356 0.012517265101194866 0.013450510289218502 -0.037612295920560541 -0.019988306464857119 0.011654723456924636 -0.036830652252896973 -0.0094102202366126708 -0.009201849146122534 0.011665633433019015 0.026813951125168524 -0.021505908647021559 0.0066653420504698664 -0.029058106445310553 0.0015363550293075665 -0.036835456903751868 0.033663821111685227 0.0022401032137741935
leaf_weight=20.499679435044531 5.9099168982356778 10.267271064221857 13.525561459362505 8.2640159465372545 7.6189627889543763 8.5348875820636732 8.6607899926602823 11.320831947028635 6.6328635588288334 6.8866520263254669 12.905966043472292 8.9691694900393468 11.984530281275509 19.350069846957922 12.914638109505175 11.247730294242503 8.338661430403592 9.9701933562755567 11.013127915561197 13.227386899292467 15.324867714196445 13.476113673299549 9.4293133802711946 14.18145687133074 11.151885475963356 8.6643420755863207 13.662291288375853 7.7876983880996695 9.0143170207738859 10.359862465411423
leaf_count=115 38 56 73 55 46 49 51 61 42 37 73 46 61 118 69 66 64 56 63 78 86 75 50 80 64 50 75 45 49 61
internal_value=-8.30788e-05 -0.00832719 0.000734269 -0.00355381 0.00371379 0.00469031 0.00293021 0.00135169 -0.00176387 0.00835928 -0.00078024 0.00857854 -0.0073915 0.00982726 -0.00167086 -0.00705938 -0.0160211 -0.00275691 -0.0250455 0.00361407 -0.00178307 -0.00391268 0.0126033 0.000278694 0.00543544 -0.00205492 -0.0103365 -0.0185129 0.0187337 -0.0114818
internal_weight=341.095 30.767 310.328 127.226 183.102 175.483 166.948 153.423 112.184 40.0826 28.7618 21.8751 72.1017 41.2382 54.4558 42.4712 29.5566 18.3089 17.646 32.5775 118.962 103.623 15.3392 80.5103 55.9689 35.8027 22.3266 23.1126 20.1662 24.5413
internal_count=1952 171 1781 728 1053 1007 958 885 638 217 156 119 421 247 316 255 186 120 105 196 673 585 88 454 313 200 125 131 113 141
is_linear=0
shrinkage=0.05


Tree=168
num_leaves=31
num_cat=0
split_feature=1 8 0 6 19 2 3 3 3 13 11 8 6 4 8 4 1 2 4 0 3 2 4 1 3 0 7 7 1 11
split_gain=1.28769 1.83503 1.43888 1.37424 1.06823 2.12505 2.29032 1.28475 2.41251 1.82015 3.65355 3.34222 3.08502 1.97928 1.86887 1.8599 1.81395 2.44541 2.55337 2.21866 2.19059 2.05208 1.81153 1.65666 3.68462 2.43505 2.9943 1.33679 1.33537 2.5598
threshold=0.084331500000000018 55.281690000000005 4.1796160000000011 0.16632400000000003 0.94532000000000005 0.0014635000000000002 0.03984300000000001 0.075076500000000004 0.069564000000000015 0.14488950000000003 0.19821450000000004 71.531120500000014 0.056936500000000008 0.06467100000000002 71.531120500000014 0.021349000000000003 0.05417700000000001 0.074305000000000024 0.017265500000000003 6.0757340000000015 -0.069003499999999982 0.043650000000000001 0.025691000000000002 0.017871500000000002 0.0029300000000000007 1.9530340000000002 0.75001700000000004 0.77663450000000012 0.035538500000000008 0.47182550000000006
decision_type=2 2 2 2 2 2 2 2 2 2 2 2 2 2 2 2 2 2 2 2 2 2 2 2 2 2 2 2 2 2
left_child=4 -2 -3 -4 5 -1 -7 8 16 10 -9 13 -11 15 -14 -12 17 18 20 22 -6 -18 -20 24 -24 -25 -27 -15 -22 -30
right_child=1 2 3 -5 7 6 -8 9 -10 12 11 -13 14 27 -16 -17 21 -19 19 -21 28 -23 23 25 -26 26 -28 -29 29 -31
leaf_value=-0.035280842130437834 -0.016022175573947105 0.030442391896134041 0.017477931643634075 -0.0086054747144270732 0.022110253169006704 0.010097962750727078 -0.023635933372072707 -0.050402857597947208 0.029925662668553295 0.026473094992853326 0.0037566780034016447 -0.035464512684467119 -0.028219384697157998 -0.0027813448429132599 0.0022881522261563674 -0.029646999290298161 -0.0296916852299665 -0.025477664816527225 0.032412922566141221 0.036403546350961144 -0.0074101339479400929 0.0015201687522329948 -0.03681002622997636 0.033018261253735207 0.0089741451953006535 -0.020772577991748861 0.016764545102199404 0.027339897277649274 0.026492387252272161 -0.012207058253972903
leaf_weight=6.8050989508628872 6.3530061207711688 8.8711165450513381 11.853235647082331 8.7979400753974897 8.668440066277979 12.813520397990944 8.2848050743341428 5.6057972982525817 7.1699904743582001 9.7261474654078466 9.0453386399895006 8.3332421034574491 7.2020108327269581 6.837868105620144 16.569285834208131 7.726978436112403 10.112870298326017 7.6590598821640006 6.5670846104621878 7.6111754328012458 68.129176566377282 10.988146586343644 6.7573688142001656 9.3209095299243945 12.56685911118984 8.5123033225536364 14.133876316249369 7.9847104679793119 9.0409941487014311 8.1025402881205064
leaf_count=40 45 49 64 48 50 70 43 30 42 52 55 51 48 39 93 44 59 47 38 40 402 61 50 50 72 46 78 47 50 50
internal_value=-0.000601463 0.00835474 0.0136005 0.00636572 -0.00166442 -0.010985 -0.00314853 -0.000716529 0.00145974 -0.00609559 -0.0126038 -0.00729693 0.00275119 0.000132344 -0.00695474 -0.0116323 0.00037509 0.00211974 0.00344569 0.0110258 -0.00183706 -0.0134384 0.00768742 0.00452169 -0.00703584 0.0115083 0.002655 0.0134445 -0.00427144 0.00820189
internal_weight=338.151 35.8753 29.5223 20.6512 302.276 27.9034 21.0983 274.372 195.341 79.0314 45.5339 39.9281 33.4974 31.5949 23.7713 16.7723 188.171 167.07 159.411 65.4696 93.9412 21.101 57.8584 51.2913 19.3242 31.9671 22.6462 14.8226 85.2727 17.1435
internal_count=1953 206 161 112 1747 153 113 1594 1135 459 266 236 193 185 141 99 1093 973 926 374 552 120 334 296 122 174 124 86 502 100
is_linear=0
shrinkage=0.05


Tree=169
num_leaves=31
num_cat=0
split_feature=4 4 8 7 11 14 6 4 5 9 9 11 11 3 7 2 9 13 5 2 2 19 19 13 9 7 5 11 11 19
split_gain=1.60734 2.85558 1.8365 1.95554 1.75895 1.53737 2.17416 2.18445 1.83057 1.49463 1.44981 3.28316 2.21691 2.24953 1.86769 1.79034 1.36516 2.07561 1.875 6.79376 3.42342 2.97082 2.77408 2.09564 3.32989 2.08279 3.53989 2.00467 2.0045 1.3424
threshold=0.19807450000000001 0.22534950000000004 72.379377500000018 0.71803200000000011 0.94409700000000008 0.037708500000000013 0.14017000000000002 0.07294500000000001 0.061123500000000004 0.060781000000000009 0.011402500000000001 0.5395835000000001 0.13326600000000002 0.029318500000000004 0.82799850000000019 0.12663700000000003 0.018185000000000003 0.12668850000000001 0.030386500000000004 0.048123500000000007 0.050900500000000008 0.94532000000000005 1.1401095000000001 -0.029579999999999999 0.12616750000000002 0.6359220000000001 0.036728000000000004 0.072222000000000022 0.27859500000000009 1.8847885000000002
decision_type=2 2 2 2 2 2 2 2 2 2 2 2 2 2 2 2 2 2 2 2 2 2 2 2 2 2 2 2 2 2
left_child=5 -2 9 -4 -5 10 7 8 -7 -3 11 12 13 14 -1 16 -12 18 19 23 21 -20 -22 -18 28 -24 -27 -23 -25 -28
right_child=1 2 3 4 -6 6 -8 -9 -10 -11 15 -13 -14 -15 -16 -17 17 -19 20 -21 22 27 25 24 -26 26 29 -29 -30 -31
leaf_value=-0.010259347359773305 0.035068720762363857 -0.02627194158807071 -0.0065727892713796981 0.038976227888919385 0.0081981260646414329 -0.013545147122177964 -0.031491868880090423 -0.019686966393850303 0.020115363597266296 0.0065357565890687202 0.023162182997868017 -0.027527719140575776 0.024320353472860691 -0.025979074443701278 0.023821513812454474 0.02689159653106997 -0.019851966609687965 -0.021189225364271674 -0.021560066234652207 -0.037205623160863663 0.046433497939703312 0.032236136866089365 0.035303805786027112 0.014843530855898533 0.032781163669689931 0.030088128578378975 0.0044740968895846684 0.0017357607159455921 -0.017426536067987403 -0.025298964592507314
leaf_weight=8.7677101492881828 8.8525362126529199 7.4763592779636365 10.399034682661297 7.6434383504092702 11.821546455845237 6.2954005226492944 8.7887733243405801 11.910720974206923 11.269739348441361 6.4808479677885771 7.3457967713475218 13.583808608353136 8.141174487769602 8.8533374443650228 7.4237446784973136 7.5188592076301566 6.8727306500077239 9.8170648962259275 13.255896031856535 12.781482592225073 7.0813519284129134 5.846682282164692 7.208680301904681 9.3483647741377407 10.931401260197161 8.6833086051046866 7.8151304274797422 68.569716429337859 9.917314447462557 7.343316163867712
leaf_count=53 49 41 61 42 63 33 63 72 66 53 39 73 43 45 40 40 36 55 71 68 40 40 39 50 59 48 46 404 57 45
internal_value=0.00114204 0.00916703 0.00393451 0.0109321 0.020284 -0.000339211 -0.00966527 -0.00315727 0.00805133 -0.0110381 0.00110493 -0.00682156 0.00165397 -0.00571407 0.00536665 0.00295542 0.00202204 0.00118476 0.0024352 -0.00577112 0.00568705 0.000247479 0.0181937 0.00506733 0.0107389 0.0117533 0.00463271 0.00413209 -0.001768 -0.00994908
internal_weight=338.045 52.6738 43.8212 29.864 19.465 285.372 38.2646 29.4759 17.5651 13.9572 247.107 46.7698 33.186 25.0448 16.1915 200.337 192.818 185.472 175.655 49.8513 125.804 87.6723 38.1318 37.0698 30.1971 31.0504 23.8418 74.4164 19.2657 15.1584
internal_count=1934 309 260 166 105 1625 234 171 99 94 1391 254 181 138 93 1137 1097 1058 1003 270 733 515 218 202 166 178 139 444 107 91
is_linear=0
shrinkage=0.05


Tree=170
num_leaves=31
num_cat=0
split_feature=5 9 5 15 12 12 14 12 14 3 3 5 14 3 3 6 5 19 9 12 6 1 1 19 19 11 9 12 7 7
split_gain=1.6035 2.40917 2.31273 3.3368 2.20279 1.65508 1.45421 2.92814 1.44298 1.42079 1.35899 1.17466 2.5884 2.43107 2.03921 2.36647 2.0912 1.90392 1.45463 2.52529 1.84077 2.78967 1.67013 1.79894 1.70326 1.53484 2.26053 1.18243 1.55584 2.24691
threshold=0.062851000000000004 0.39167300000000005 0.065623500000000015 2.5000000000000004 0.18828150000000002 -0.054254999999999991 0.012663000000000002 0.0023630000000000005 0.014678500000000002 0.010050500000000002 0.077652500000000013 0.060308500000000008 0.04533750000000001 0.17742150000000004 0.13221000000000002 0.098061000000000009 0.044817000000000003 0.88893400000000011 0.14947600000000003 -0.016898999999999994 0.036527500000000011 0.04997250000000001 0.0068995000000000003 2.4628925000000002 4.0933940000000009 0.50362300000000004 0.22794250000000002 0.094156500000000018 0.60549600000000015 0.77836250000000007
decision_type=2 2 2 2 2 2 2 2 2 2 2 2 2 2 2 2 2 2 2 2 2 2 2 2 2 2 2 2 2 2
left_child=5 2 -2 4 10 -1 7 -7 9 -8 -4 12 13 14 15 17 -17 -10 22 -20 -21 25 23 -19 27 26 -22 28 -24 -30
right_child=1 -3 3 -5 -6 6 8 -9 11 -11 -12 -13 -14 -15 -16 16 -18 18 19 20 21 -23 24 -25 -26 -27 -28 -29 29 -31
leaf_value=-0.018736658694107431 -0.031087764070917526 -0.037618921790201293 -0.0081668894924534063 0.029167318685657324 0.016259611702931626 -0.0081438453472349997 0.0040044252914285148 0.03262413862548607 -0.020327150746158727 -0.027609848478098276 -0.038022393002552064 0.01970225858268141 -0.022689992526302716 0.021272262398100455 -0.017890054071473281 0.0021959720703165885 0.038097378544627511 -0.024036328878646759 0.015767472725159371 0.0073220389591053111 -0.033178986910684882 0.0071343765779002984 0.02152907713981593 0.0090273756438815477 0.027999188426838836 -0.038781601360827006 0.0064431803766205513 0.019710899160471435 -0.012964624187364403 0.0061597039888752585
leaf_weight=11.035172529518603 6.9905957430601111 6.6594705395400515 11.762436849996456 7.7634974028915158 6.5062067471444598 7.827897027134898 5.8893895372748366 10.071128793060778 10.975209459662436 8.961743798106907 5.6388619672507039 8.0967098847031576 11.613866016268728 14.566874593496321 14.5774939507246 8.28047973662615 7.9507724009454241 9.8398710414767283 11.290422447025774 10.87442087009549 7.4533036425709742 9.3421747237443906 9.5807494185864908 7.0695961564779273 8.6374785974621755 11.094648109748958 6.9624805096536875 11.581095501780508 22.554658424109221 48.139437660574913
leaf_count=62 40 55 82 47 41 50 33 57 58 53 45 42 61 76 78 45 44 57 68 62 41 54 51 42 44 71 44 61 123 265
internal_value=-0.00108782 -0.00984268 -0.00505822 0.000687166 -0.00856121 0.000260546 0.00100071 0.0147948 7.01743e-05 -0.0150728 -0.0178415 0.000968008 0.000342203 0.00150133 0.000169252 0.00147493 0.019782 -0.000127846 0.00114317 -0.00540897 -0.0106376 -0.0162413 0.00432526 -0.0102129 0.00677152 -0.0248016 -0.0140424 0.00477542 0.00262071 5.81663e-05
internal_weight=339.588 45.3211 38.6616 31.671 23.9075 294.267 283.232 17.899 265.333 14.8511 17.4013 250.482 242.385 230.771 216.204 201.627 16.2313 185.396 174.42 57.0175 45.727 34.8526 117.403 16.9095 100.493 25.5104 14.4158 91.8559 80.2748 70.6941
internal_count=1952 310 255 215 168 1642 1580 107 1473 86 127 1387 1345 1284 1208 1130 89 1041 983 340 272 210 643 99 544 156 85 500 439 388
is_linear=0
shrinkage=0.05


Tree=171
num_leaves=31
num_cat=0
split_feature=19 19 14 5 5 18 3 5 4 5 19 19 9 3 8 9 3 9 9 14 14 7 11 9 7 11 9 4 8 19
split_gain=1.05229 2.01643 1.99915 1.25005 2.55491 3.2712 2.58357 2.45592 2.32675 2.11143 2.0147 3.2751 2.82956 1.8238 2.64286 2.63481 2.23889 3.98434 2.53487 2.38267 1.82962 1.76361 2.81348 2.68895 1.63197 1.61425 2.30587 2.44905 1.94247 1.82202
threshold=0.8079510000000002 0.94532000000000005 0.023730500000000005 0.040851500000000006 0.043264500000000004 0.70000000000000007 0.11227050000000001 0.042312000000000009 0.35023700000000008 0.039281500000000004 1.1228085000000003 1.2385570000000004 0.0020890000000000001 0.061986000000000006 57.302374500000006 1.0000000180025095e-35 -0.020198999999999998 0.19397050000000002 0.050008500000000004 0.030904500000000005 0.028503000000000004 0.9259980000000001 0.6740385000000001 0.034497000000000007 0.82030950000000014 0.072222000000000022 0.028838000000000003 0.066750000000000018 73.183301000000014 2.0758865000000006
decision_type=2 2 2 2 2 2 2 2 2 2 2 2 2 2 2 2 2 2 2 2 2 2 2 2 2 2 2 2 2 2
left_child=-1 2 -2 9 7 6 13 -5 -8 10 -3 -12 24 15 -15 -6 20 18 -18 -20 -17 22 -7 -24 -13 -14 27 -27 -28 -29
right_child=1 3 -4 4 5 21 8 -9 -10 -11 11 12 25 14 -16 16 17 -19 19 -21 -22 -23 23 -25 -26 26 28 29 -30 -31
leaf_value=0.015500821686939233 -0.033441488077820665 0.019676586863747385 3.7886774822024103e-05 -0.0041501772393805559 0.019820308825934115 -0.016379984832204691 -0.037245947861467434 -0.040938818984291796 0.0010816830210618495 0.025828393426378406 -0.026607580740968629 0.0012404065469751703 0.025960415560821522 0.033819462675042176 -0.0079567042899059727 0.020331015895638682 -0.03450056232155016 -0.03932303820757159 0.02071897416064299 -0.015987155504464598 -0.0087831567095499972 0.027859747707133366 -0.0076503077118127002 0.032913456464752654 -0.029433497809571191 -0.0055017279804881278 0.0019450335378683973 0.011536361443099498 -0.026114669560405868 0.046539563785787691
leaf_weight=10.526209212839602 9.029174819588663 14.554779421538113 8.8092375844717008 10.359445542097093 9.1412905901670438 9.9459618106484431 10.672499084845187 8.0709744431078416 6.2955019176006308 9.9584453180432302 10.57719264924526 7.6773809418082264 8.8861541524529439 7.999500332400201 7.1871317178010941 9.3089311867952294 5.40889036655427 12.66992963850498 10.036161761730911 7.9020011126995078 12.838547516614197 11.913442235440014 6.7107929140329388 10.443492308259009 9.9639805071055871 7.5788092613220241 64.436203595250845 7.2774539664387685 6.8206231519579879 7.6004971712827682
leaf_count=53 49 85 50 58 51 58 73 46 37 54 65 42 49 52 43 53 38 94 59 47 80 68 33 62 54 41 349 40 42 40
internal_value=-6.18509e-05 -0.000558151 -0.0169082 0.000375946 -0.00277183 -0.00044415 -0.00525723 -0.0202605 -0.0230256 0.0035556 0.00202986 6.64884e-05 0.00241291 -0.00160243 0.0140487 -0.0051339 -0.00905578 -0.0167482 -0.00449741 0.00454943 0.00345398 0.0118262 0.00477771 0.0170448 -0.0160845 0.00559342 0.00366217 0.0176331 -0.00074081 0.029418
internal_weight=340.601 330.074 17.8384 312.236 156.904 138.474 99.4604 18.4304 16.968 155.332 145.373 130.818 120.241 82.4924 15.1866 67.3058 58.1645 36.017 23.3471 17.9382 22.1475 39.0137 27.1002 17.1543 17.6414 102.6 93.7136 22.4568 71.2568 14.878
internal_count=1965 1912 99 1813 952 848 627 104 110 861 807 722 657 517 95 422 371 238 144 106 133 221 153 95 96 561 512 121 391 80
is_linear=0
shrinkage=0.05


Tree=172
num_leaves=31
num_cat=0
split_feature=9 2 5 1 12 13 19 3 19 2 1 3 2 7 7 19 8 13 7 13 5 1 8 8 2 19 9 2 11 9
split_gain=2.05114 2.14835 1.84021 1.31077 1.18186 1.72932 1.38791 3.57907 3.29813 1.96102 2.87568 1.69466 1.5496 1.29594 2.00439 1.61431 1.54079 2.14384 1.19616 1.82378 1.67015 5.20799 2.7689 2.2574 2.13343 2.12409 2.09468 2.01689 3.41675 2.53637
threshold=0.3394645 0.024608500000000002 0.020611500000000005 0.047646500000000008 -0.061470999999999991 -0.051171999999999995 1.5507400000000002 -0.028877999999999997 1.0244550000000003 0.053645500000000006 0.022835500000000005 0.089767500000000014 -0.026499999999999996 0.92831450000000015 0.6359220000000001 1.2981100000000001 53.825193000000006 0.015685500000000005 0.66088250000000015 0.053971500000000013 0.058515000000000005 0.09544900000000002 67.483035500000014 75.432572500000006 0.095052500000000012 2.0758865000000006 0.016388500000000004 0.06788000000000001 0.35241950000000005 0.079180000000000014
decision_type=2 2 2 2 2 2 2 2 2 2 2 2 2 2 2 2 2 2 2 2 2 2 2 2 2 2 2 2 2 2
left_child=2 -2 -1 -3 -4 -6 7 -7 9 10 -9 13 -8 14 -10 -15 17 -16 19 -14 22 -22 24 25 27 -24 -25 28 29 -20
right_child=1 3 4 -5 5 6 12 8 11 -11 -12 -13 18 15 16 -17 -18 -19 20 -21 21 -23 23 26 -26 -27 -28 -29 -30 -31
leaf_value=-0.022374405230055742 0.028159124812431713 -0.017268384124137986 -0.019407468355951678 0.014145229854993432 0.018277077759783537 -0.032960435002389425 0.021596000445761793 0.030043174525609635 -0.020128793056709598 0.030947396254005125 -0.01024297625257993 -0.026184318680466959 -0.0078317050771316184 -0.030984697822821788 -0.00074635563933349921 0.00082529619995483361 -0.006888554244284935 0.034228986742743051 0.0092625610353376867 0.015988965716066464 -0.033946195540872935 0.019410291666691337 0.0013614011902661201 0.01736999879057376 0.031437036801286879 -0.031915947953094749 -0.015517726520042083 -0.016703660783426225 0.023595472297225372 -0.026566831419147743
leaf_weight=9.7373622991144639 12.873688979074361 6.2096093408763391 7.8602027818560591 7.1377566568553448 12.705548211932181 10.375235831364988 9.7442492656409723 6.629696097224957 9.2458084784448129 9.273852586746214 13.348431553691624 10.945125376805661 11.530820697546003 8.8229440860450286 9.1217217743396812 7.2787605524063101 12.552691042423247 8.4309219121932966 12.108110673725607 26.506930623203516 12.65833079069853 7.1603497341275206 7.4058375284075764 11.35354156792164 8.4496626704931241 13.603808358311651 8.4413521103560907 9.3231823891401273 20.319563528522849 8.3427447061985713
leaf_count=57 79 42 44 40 76 65 54 38 56 48 76 61 66 54 57 43 71 48 62 152 92 36 40 61 47 73 48 53 115 53
internal_value=0.000169918 0.0135863 -0.000990051 -0.000469359 -0.000280684 0.000245572 -0.000593704 -0.00506751 -0.00204194 0.0119462 0.00312589 -0.00820451 0.00224751 -0.00465571 0.000233716 -0.016605 0.00648735 0.0160531 0.0010482 0.00876793 -0.00141593 -0.0146689 0.00122788 -0.00877049 0.00819672 -0.0201858 0.00334533 0.0042766 0.00907426 -0.00535372
internal_weight=329.498 26.2211 303.277 13.3474 293.539 285.679 272.974 106.025 95.65 29.252 19.9781 66.398 166.948 55.4528 39.3511 16.1017 30.1053 17.5526 157.204 38.0378 119.166 19.8187 99.3478 40.8045 58.5433 21.0096 19.7949 50.0936 40.7704 20.4509
internal_count=1907 161 1746 82 1689 1645 1569 617 552 162 114 390 952 329 232 97 176 105 898 218 680 128 552 222 330 113 109 283 230 115
is_linear=0
shrinkage=0.05


Tree=173
num_leaves=31
num_cat=0
split_feature=0 2 3 12 14 9 9 5 12 13 12 3 11 19 5 0 0 13 2 11 2 1 19 9 0 0 19 14 15 12
split_gain=1.69496 1.69669 2.853 3.23827 2.27204 2.52861 1.26823 1.14646 1.87889 2.24535 1.71121 1.63816 2.08241 1.36446 1.28522 1.39884 1.9721 0.830794 2.30457 1.89667 1.87665 1.23467 2.2865 1.62103 3.05386 2.32226 2.16039 1.48783 1.89311 1.34807
threshold=6.266899500000001 0.016359000000000002 0.060567500000000003 0.079579000000000011 0.031880500000000006 0.0041330000000000004 0.52138350000000011 0.05374700000000001 0.12314250000000002 0.10836600000000002 0.16939250000000003 -0.019087999999999997 0.52306350000000013 1.3985875000000003 0.051701000000000004 4.7373520000000005 5.2355020000000012 0.15964700000000001 0.07319100000000002 0.78263900000000008 0.085387500000000019 0.031696000000000009 1.7969065000000002 0.16705350000000002 1.7823605000000002 1.4332040000000001 2.6391345000000004 0.027259500000000002 2.5000000000000004 0.017667000000000006
decision_type=2 2 2 2 2 2 2 2 2 2 2 2 2 2 2 2 2 2 2 2 2 2 2 2 2 2 2 2 2 2
left_child=6 -2 -3 -4 -5 -6 7 14 9 11 -10 -9 -13 -11 15 17 -17 18 21 -19 -20 23 27 25 -25 -1 -27 28 29 -23
right_child=1 2 3 4 5 -7 -8 8 10 13 -12 12 -14 -15 -16 16 -18 19 20 -21 -22 22 -24 24 -26 26 -28 -29 -30 -31
leaf_value=-0.027691927726471818 0.027874801725879111 -0.019133043953245107 0.037759298985690443 -0.023007240290927392 -0.012742040320019353 0.026526077432177095 -0.020759155531189944 0.018026033149893688 -0.029981296930812491 0.0096229451051934901 0.0038068691323364006 0.009950553046560489 -0.020459951742746778 0.039582572347259821 -0.020529275008847006 -0.035950206214370076 -0.00093881506641816086 0.029740647276873408 -0.037389691974118046 -0.0024589117297847797 -0.005322784083327866 0.0055560890542078068 0.02762830901334451 0.024713613415246097 -0.0065311268851676527 -0.0067847444098032813 0.019955938779111733 -0.01468312468536785 -0.0072264182915276675 0.033552280801824798
leaf_weight=10.837240520864723 9.8894507233053428 9.5768270008265954 8.8348758518695814 6.4564224518835571 6.5836657956242588 10.865452367812393 7.5704844966530791 12.414060555398459 6.1316900216042987 6.8085152693092814 9.636265676468609 11.774365648627287 10.786300405859945 8.6017199289053661 8.7865477837622148 6.6629111096262958 10.147853698581455 7.49208786338568 7.1496459245681789 11.739144571125506 12.609044987708328 9.471098326146608 11.096348501741884 13.968314185738565 17.768799291923642 45.598675068467855 9.0526239499449712 10.039111003279684 12.55265077203512 7.8751301541924468
leaf_count=65 60 53 47 35 33 64 57 71 39 41 58 66 67 50 53 39 62 40 40 62 72 54 60 81 113 264 48 53 70 41
internal_value=0.000943 0.009229 0.00487151 0.011893 0.00233352 0.01171 -0.000566522 -1.8608e-05 0.00573058 0.0104445 -0.00933235 0.00343821 -0.00458877 0.0263459 -0.00180546 -0.000999236 -0.0148155 0.000241149 -0.000885609 0.0100854 -0.0169261 0.00125212 0.00754997 -0.00205366 0.00722048 -0.0065481 -0.00235533 0.00197142 0.0075635 0.0182663
internal_weight=338.777 52.2067 42.3172 32.7404 23.9055 17.4491 286.571 279 66.1529 50.385 15.768 34.9747 22.5607 15.4102 212.847 204.061 16.8108 187.25 168.019 19.2312 19.7587 148.26 51.0343 97.2257 31.7371 65.4885 54.6513 39.938 29.8989 17.3462
internal_count=1958 292 232 179 132 97 1666 1609 392 295 97 204 133 91 1217 1164 101 1063 961 102 112 849 278 571 194 377 312 218 165 95
is_linear=0
shrinkage=0.05


Tree=174
num_leaves=31
num_cat=0
split_feature=19 1 14 19 2 19 8 12 1 2 13 1 9 9 0 0 19 0 13 6 1 7 6 13 10 2 2 6 19 13
split_gain=1.10226 1.49089 1.11176 1.07616 3.30986 1.03204 1.16597 4.20933 2.77251 2.38252 1.69144 1.34174 1.43621 1.29384 2.1314 3.86853 1.91033 2.17629 1.77557 1.71971 3.62917 2.91154 1.61687 1.57472 1.56007 2.18624 1.88562 1.54772 1.98708 1.42391
threshold=0.94532000000000005 0.039518000000000005 0.019861000000000004 1.0384560000000003 0.011189000000000003 1.0867635000000002 38.340063000000008 -0.016898999999999994 0.019376000000000001 -0.021837499999999996 -0.028218999999999998 0.0010855000000000003 0.080648000000000011 0.013028000000000001 1.9595280000000002 3.8290545000000002 2.6856215000000003 5.1217290000000011 0.21359950000000003 0.045911000000000007 0.031696000000000009 0.65187900000000021 0.052564500000000007 0.037635500000000009 1.0000000180025095e-35 0.026754000000000003 0.082371500000000014 0.063097000000000014 4.6899265000000012 0.026424500000000004
decision_type=2 2 2 2 2 2 2 2 2 2 2 2 2 2 2 2 2 2 2 2 2 2 2 2 2 2 2 2 2 2
left_child=1 2 -1 4 -2 -5 8 -8 9 -7 -9 12 -12 14 -13 22 17 19 -18 20 21 -15 -16 -23 25 -21 29 -17 -29 -27
right_child=3 -3 -4 5 -6 6 7 10 -10 -11 11 13 -14 16 15 27 18 -19 -20 24 -22 23 -24 -25 -26 26 -28 28 -30 -31
leaf_value=-0.0061220034478371536 -0.018781171520848808 0.0032106522779183199 -0.031961494879270351 -0.017249699931622706 0.027987010833931198 -0.014010682666521787 0.027037650772963912 -0.024601452982464026 -0.025637357326821937 0.023147912529151226 0.00016858349749233014 -0.024736962094858803 -0.026595133032284675 0.030772760589300448 0.0013492430877189328 -0.030015484691709279 0.016923477011798284 -0.019517062570909821 -0.0048466794562772569 0.0089428781601264412 0.042499853438847823 0.0053827427941102986 0.030661241691632313 -0.024495491657687961 0.0090006894530222179 -0.0066412587163411259 0.0037605043026373098 0.0092244463104095391 -0.022207266626249864 -0.033351805067919092
leaf_weight=7.7639451250433984 5.7186070419847992 11.833760786801575 8.9747905135154706 9.2529618851840478 11.177513625472782 8.8384777903556841 14.449903152883051 7.2029216215014449 14.310531303286551 8.4264926910400408 10.70565793849528 11.289425380527971 9.4261693917214853 6.6611813157796922 8.8094992563128489 8.4975840151309985 37.821482714265585 12.914630994200705 12.44881374388933 13.708286955952643 7.4094719663262358 9.8707196302711981 10.096622820943592 7.9712659679353228 20.663888569921255 8.0024537406861835 9.2393175456672889 11.416806429624559 8.9858920872211439 13.252095893025396
leaf_count=43 37 62 50 57 63 47 86 43 86 48 75 57 78 39 45 44 214 72 75 79 42 59 56 48 114 44 57 60 48 77
internal_value=-0.000965311 -0.0103731 -0.0199763 -0.000121527 0.012158 -0.000809281 -0.000289061 0.000809428 -0.00936364 0.00412527 -0.000728738 -9.84344e-06 -0.0123628 0.00112541 -0.00519669 -0.000582272 0.003461 -0.000237956 0.0115324 0.00233474 0.0118372 0.00256515 0.017003 -0.00796596 -0.00234024 -0.00764197 -0.0150976 -0.0120863 -0.00461892 -0.0232951
internal_weight=347.141 28.5725 16.7387 318.569 16.8961 301.673 292.42 260.844 31.5755 17.265 246.394 239.191 20.1318 219.059 59.0958 47.8064 159.964 109.693 50.2703 96.7787 31.9126 24.5032 18.9061 17.842 64.866 44.2022 30.4939 28.9003 20.4027 21.2545
internal_count=2005 155 93 1850 100 1750 1693 1512 181 95 1426 1383 153 1230 310 253 920 631 289 559 188 146 101 107 371 257 178 152 108 121
is_linear=0
shrinkage=0.05


Tree=175
num_leaves=31
num_cat=0
split_feature=13 11 7 11 2 0 0 3 13 3 1 13 0 12 12 9 18 7 19 0 9 12 3 19 5 9 1 1 5 5
split_gain=1.76829 2.31665 3.4223 2.67027 2.28159 1.54133 1.95947 1.62643 1.87075 2.71919 1.42837 1.21416 2.86444 2.41289 1.93969 1.83499 1.68784 1.64438 1.55648 1.41104 1.41539 2.48437 3.41289 2.00379 1.83924 1.5714 1.23778 2.15725 1.68099 1.93223
threshold=0.22550850000000003 0.62132350000000003 0.99476750000000014 0.9364920000000001 0.17025800000000005 1.5215180000000001 1.6069980000000001 0.061210000000000007 0.052993500000000006 0.0029300000000000007 0.10726750000000002 0.14488950000000003 2.3836335000000006 0.057342000000000011 0.06432350000000002 0.13144900000000001 0.70000000000000007 0.66722350000000008 2.5167435000000005 1.6701560000000002 0.076377000000000014 0.03543650000000001 0.022746500000000006 1.628989 0.031332000000000006 0.095502500000000018 0.04961200000000001 0.044059000000000008 0.044618000000000012 0.056916500000000009
decision_type=2 2 2 2 2 2 2 2 2 2 2 2 2 2 2 2 2 2 2 2 2 2 2 2 2 2 2 2 2 2
left_child=4 -2 3 -3 5 7 -7 8 9 -1 11 13 -13 19 -15 17 -14 -16 -19 -8 21 22 23 -21 -23 -22 27 28 -27 -30
right_child=1 2 -4 -5 -6 6 10 -9 -10 -11 -12 12 16 14 15 -17 -18 18 -20 20 25 24 -24 -25 -26 26 -28 -29 29 -31
leaf_value=0.0061884548452536886 -0.036362944778294243 0.0079488303590802816 0.022617617072457453 -0.029118177029354153 0.028759306295311961 -0.020523897801173689 0.02470183151013533 -0.012632341981969455 -0.007406577407379919 0.037793822099022129 -0.022992222153279031 -0.015270366416196801 0.0079604370131535207 -0.032167528173001579 0.0085537601436188361 0.011409216140668988 0.039115629746375821 -0.0067891978224481871 -0.035577553972961681 -0.006523971457545877 -0.02146350188552229 0.038910943265944714 -0.020682556082546103 0.026242584221974698 0.0074706584140802022 0.004943925412368327 0.01103201255411581 -0.028075011991392659 -0.024724040333969768 0.0046652649020393882
leaf_weight=16.504395782947544 7.2062605395913115 7.6937581561505839 8.2259544469416124 13.185529891401529 7.0725075043737879 12.827226959168909 6.4371691942214957 7.4669861271977416 8.6211958527564985 11.580663077533243 6.8358067646622649 7.5269592590630081 9.9579565357416886 8.9573279917240125 6.3344287276268032 10.504691105335949 7.7154559306800357 9.5757524259388465 9.2118813097476941 7.9979809597134617 9.8832848072051984 8.7359028235077876 12.874911196529863 11.199274428188799 9.9495005458593351 46.535323167219758 18.660463951528072 7.8986864686012259 12.585748739540579 10.065390612930058
leaf_count=94 44 46 46 79 39 72 40 43 49 65 43 42 62 51 33 66 39 54 56 48 58 46 70 62 55 267 110 44 87 63
internal_value=-0.000554308 -0.010982 -0.0046978 -0.0154594 0.000693213 2.36184e-05 -0.00148504 0.00863951 0.0129667 0.0192207 -0.000465115 0.000196904 0.0105604 -0.00106227 -0.0113684 -0.00613905 0.0215615 -0.0134768 -0.0209046 0.00175973 0.00081539 0.00767737 -0.000765984 0.0125913 0.0221698 -0.00248198 -0.000522624 -0.00331972 -0.000493531 -0.0116644
internal_weight=339.828 36.3115 29.1052 20.8793 303.517 296.444 252.271 44.1732 36.7063 28.0851 239.444 232.608 25.2004 207.408 44.5841 35.6268 17.6734 25.1221 18.7876 162.824 156.386 50.7576 32.0722 19.1973 18.6854 105.629 95.7456 77.0851 69.1865 22.6511
internal_count=1973 215 171 125 1758 1719 1468 251 208 159 1396 1353 143 1210 260 209 101 143 110 950 910 281 180 110 101 629 571 461 417 150
is_linear=0
shrinkage=0.05


Tree=176
num_leaves=31
num_cat=0
split_feature=2 8 19 14 2 1 7 7 6 14 5 13 13 13 7 1 15 1 7 7 19 11 6 14 4 11 11 19 1 2
split_gain=1.3486 2.22808 1.76164 2.02153 1.81028 1.68509 3.1617 3.12005 1.8328 1.77916 2.35097 2.21913 3.15139 2.63626 2.21194 2.25987 2.20304 1.97531 1.69518 1.64196 1.86761 1.83555 1.43 2.53907 2.56205 2.15589 2.73816 2.98242 1.8631 1.38647
threshold=-0.018296499999999997 30.449003500000003 2.6391345000000004 0.021225500000000005 -0.051866499999999989 0.0090970000000000027 0.61119350000000006 0.90342000000000011 0.039052500000000011 0.036753500000000008 0.090602000000000016 0.15964700000000001 0.059624000000000003 0.21610650000000001 0.72229200000000005 0.024886000000000002 2.5000000000000004 0.027944500000000004 0.67153550000000017 0.85330000000000006 1.6680045000000001 0.33541650000000006 0.04385250000000001 0.019861000000000004 0.17127300000000004 0.31339300000000009 0.56630100000000005 1.9214505000000004 0.032753000000000004 0.21126700000000001
decision_type=2 2 2 2 2 2 2 2 2 2 2 2 2 2 2 2 2 2 2 2 2 2 2 2 2 2 2 2 2 2
left_child=2 -2 3 -1 -5 6 -3 8 -8 14 11 12 -11 -13 15 16 -7 19 -17 21 -21 -16 28 -24 25 -25 -27 -28 -19 -15
right_child=1 5 -4 4 -6 9 7 -9 -10 10 -12 13 -14 29 17 18 -18 22 -20 20 -22 -23 23 24 -26 26 27 -29 -30 -31
leaf_value=-0.00010296052526091395 0.027810188425500468 -0.043821248467213192 0.0098056949941151741 -0.0086852610696896634 -0.041493295435489436 0.035341264374938224 -0.014131709464779724 -0.031832226801741359 0.016985327648695779 -0.0012296253984722949 0.021862798689990904 0.024173825315072298 -0.041728444093381042 -0.00017247807441442213 -0.041285255448234755 -0.0017635054204034589 0.0021496186299470792 0.028823687631234409 0.023391771188009544 -0.018160234831834828 0.012715500975554274 -0.0054891386614784928 -0.017843327950692576 -0.0048647759619989172 -0.015350215598185566 0.035385579701641454 0.021226107734018347 -0.016734374417311002 0.00062396690511313277 -0.024977571854471206
leaf_weight=12.548433072865011 7.3138647153973571 5.9108109734952441 9.1393583938479406 7.7107964456081417 9.2467345651239139 14.783964570611717 7.2388335242867532 7.26216529123485 13.665511272847651 8.7593974769115466 6.4586029872298232 7.3959707766771343 10.636187024414538 14.142013639211656 7.1326314061880094 28.989987652748823 7.5534931719303122 11.382744967937471 8.709270738065241 8.8596689365804213 10.952112663537262 7.1926300190389156 15.572568155825136 17.044389270246029 12.792198166251181 12.635378312319515 12.964853476732971 8.6107408180832845 12.065827768296002 9.3631527796387655
leaf_count=71 45 46 55 43 60 80 42 77 79 50 52 40 66 79 42 162 43 59 44 55 61 43 80 91 66 70 78 49 66 50
internal_value=-0.000592139 0.000556985 -0.00937557 -0.0153169 -0.0265751 -0.00013494 -0.0105752 -0.00359842 0.00621001 0.00126576 -0.00653539 -0.010182 -0.0234384 -0.00186139 0.0035105 0.011515 0.0241174 7.99578e-06 0.00404786 -0.0104164 -0.00109188 -0.0233122 0.00346063 0.000264526 0.00466728 0.0096632 0.0169013 0.00607622 0.0143131 -0.0100534
internal_weight=334.034 295.389 38.6453 29.506 16.9575 288.075 34.0773 28.1665 20.9043 253.998 56.7553 50.2967 19.3956 30.9011 197.242 60.0367 22.3375 137.206 37.6993 34.137 19.8118 14.3253 103.069 79.6201 64.0476 51.2554 34.211 21.5756 23.4486 23.5052
internal_count=1944 1715 229 174 103 1670 244 198 121 1426 337 285 116 169 1089 329 123 760 206 201 116 85 559 434 354 288 197 127 125 129
is_linear=0
shrinkage=0.05


Tree=177
num_leaves=31
num_cat=0
split_feature=12 11 18 11 0 0 11 6 15 4 13 7 12 3 19 19 0 11 12 15 6 4 3 6 0 3 11 19 15 11
split_gain=2.36387 1.90914 2.29558 1.82082 2.49158 3.35396 2.45136 1.9429 2.05 1.76701 1.68214 1.51059 1.46382 1.90472 1.515 2.31392 1.90324 2.72381 1.71837 1.38681 2.55349 2.33444 3.22296 2.04 1.80336 1.82903 1.79842 2.21911 1.44192 0.978558
threshold=0.21210000000000004 0.98990400000000012 0.70000000000000007 0.46201900000000007 8.0818495000000024 5.9201150000000009 0.43405800000000005 0.096303500000000014 2.5000000000000004 0.096205500000000013 -0.067241499999999996 0.88083450000000008 0.11519050000000002 0.093970000000000012 1.9056530000000003 1.009978 5.2887855000000004 0.11180550000000002 0.0034535000000000004 2.5000000000000004 0.072035500000000016 0.066750000000000018 0.056740500000000006 0.05485750000000001 2.2797325000000002 0.0108395 0.88741200000000009 1.3673825000000004 4.5000000000000009 0.34665650000000009
decision_type=2 2 2 2 2 2 2 2 2 2 2 2 2 2 2 2 2 2 2 2 2 2 2 2 2 2 2 2 2 2
left_child=1 3 9 6 5 7 12 10 -9 -3 -5 -2 13 14 15 18 17 -16 -1 20 21 22 24 -23 25 -12 27 -21 -29 -17
right_child=11 2 -4 4 -6 -7 -8 8 -10 -11 19 -13 -14 -15 16 29 -18 -19 -20 26 -22 23 -24 -25 -26 -27 -28 28 -30 -31
leaf_value=0.0062698292737375554 -0.035267607542948186 0.017799999981091229 0.031565655262727109 0.013216936059529436 -0.02801601793447088 0.025393421544185259 0.031077288648903814 -0.0048282853922460393 0.030617164924479658 -0.012374163499322516 -0.0077188381582101026 -0.0037122916075068 -0.021378124367193239 0.021941574067136749 -0.00041230990814573583 0.0063375831495468375 0.0064740878504352499 -0.035207876636745329 -0.024695845460229376 -0.032755090985960335 -0.028431328415514975 -0.00073384672853885242 -0.039246713854281766 0.031881873589389424 -0.019197304248554474 0.024530140068570062 -0.041099070942269056 0.013437277648676646 -0.015455379179018257 0.023969989105387904
leaf_weight=7.9058491662144688 7.9714741073548776 9.299060977995401 9.9695329219102842 8.518521171063183 11.131189227104185 9.4042289182543737 7.2218070551753035 9.5772371534258145 7.1056547090411177 10.145232059061525 9.0054441019892746 7.2347812913358212 6.8296872302889815 11.339240130037068 11.836353380233051 51.94314257055521 14.096652038395403 10.716471977531908 10.339429315179585 8.8066529929637927 10.350765313953159 12.069154486060144 7.1059989444911471 7.9535546228289595 9.2975728139281255 8.5911560729145986 6.8473289273679248 8.1157043650746346 9.2286324091255665 9.2735299915075284
leaf_count=47 51 51 54 47 76 55 42 71 41 61 52 39 38 61 69 306 79 61 56 51 62 70 43 45 57 50 40 49 55 53
internal_value=-0.00100117 -6.88586e-05 0.0120583 -0.00132217 -0.00529889 -0.0033829 0.00269971 -0.00559071 0.0102688 0.00205636 -0.00808935 -0.0202543 0.00117352 0.002382 0.000471842 0.00435061 -0.00793794 -0.0169462 -0.0112781 -0.00995332 -0.0056811 -0.00132217 -0.00929833 0.012222 -0.00138534 0.00802602 -0.0182876 -0.0123147 -0.00193602 0.00900866
internal_weight=329.231 314.025 29.4138 284.611 143.109 131.978 141.502 122.573 16.6829 19.4443 105.89 15.2063 134.28 127.451 116.111 79.462 36.6495 22.5528 18.2453 97.372 64.3736 54.0229 34.0002 20.0227 26.8942 17.5966 32.9983 26.151 17.3443 61.2167
internal_count=1932 1842 166 1676 864 788 812 733 112 112 621 90 770 732 671 462 209 130 103 574 379 317 202 115 159 102 195 155 104 359
is_linear=0
shrinkage=0.05


Tree=178
num_leaves=31
num_cat=0
split_feature=1 2 1 4 4 6 14 14 6 6 6 1 1 6 2 2 6 19 19 19 3 11 19 8 11 6 19 0 0 19
split_gain=1.61348 1.3508 1.80236 1.30393 1.21236 2.00235 1.84753 5.07091 3.08492 1.2837 3.27232 2.25876 2.28144 1.9593 1.90793 1.88929 3.55601 1.64719 1.58615 2.99612 2.49077 1.87874 2.3763 1.89285 3.55532 2.1916 1.30648 3.19987 3.63418 1.6375
threshold=0.084331500000000018 0.14317900000000003 0.046903000000000007 0.071759000000000003 0.25008050000000009 0.060000500000000005 0.037085500000000007 0.040862000000000002 0.077388500000000013 0.066709000000000018 0.070190000000000016 -0.0053899999999999998 0.0031700000000000005 0.058549500000000011 -0.0032199999999999993 -1.0000000180025095e-35 0.039052500000000011 1.628989 3.1527575000000003 2.2442145000000004 -0.0029064999999999998 0.81204700000000007 1.7739385000000003 58.208954500000011 0.42313200000000006 0.04207700000000001 1.4481180000000002 4.4379575000000004 7.2843695000000013 1.1401095000000001
decision_type=2 2 2 2 2 2 2 2 2 2 2 2 2 2 2 2 2 2 2 2 2 2 2 2 2 2 2 2 2 2
left_child=1 4 -3 -2 6 -6 9 -8 -9 11 -11 -1 14 15 -13 16 -14 -15 19 20 -17 22 23 25 -25 -22 29 -28 -29 -12
right_child=3 2 -4 -5 5 -7 7 8 -10 10 26 12 13 17 -16 18 -18 -19 -20 -21 21 -23 -24 24 -26 -27 27 28 -30 -31
leaf_value=0.020254665894327603 0.025618311028444127 0.002617775302111634 -0.032237696990397635 0.0037423775610536214 -0.0093122525739691153 0.02468533554172744 -0.048850220104265846 0.018722373909264289 -0.023179010832553533 0.034880924929276684 -0.0017039382285582425 -0.001936085157121335 -0.035155179651974358 -0.031061242251378338 -0.039358867171646245 0.024309200667348485 0.0079347940445147844 -0.0017487790080892415 -0.01295973130779858 0.027202894142270485 0.0039274197646727805 0.015361030774063065 -0.025972631365109796 0.030061097798362309 -0.014159198773230741 -0.022285962060717566 -0.020961052398262636 0.029258023514868295 -0.012139005428019179 0.027660385178166713
leaf_weight=9.8745217286050302 8.9653371274471265 6.7092089504003516 8.2935140877962095 28.35777772590518 7.1584869958460358 10.964665433391927 7.685869641602042 9.7138140834867972 8.0188481472432596 8.1493222713470441 10.45335987955332 5.8616290390491477 10.18710992112756 10.338976804167034 8.1295171380043012 10.130200646817668 9.0339307785034162 8.9341191835701448 15.22674014046788 12.545485951006411 16.995051629841342 12.786012995988129 11.715355679392813 10.916535917669536 7.7883572727441779 15.021114300936459 16.443896893411875 10.536092482507231 10.671206656843422 8.6982470378279668
leaf_count=61 53 46 45 159 43 73 48 58 57 47 58 34 60 62 67 62 50 49 87 68 100 76 67 59 43 82 88 60 58 49
internal_value=-0.000804908 -0.00202854 -0.0166504 0.00899717 -0.00125607 0.0112566 -0.00210904 -0.0149285 -0.000225759 -0.000753799 0.00525136 -0.00297649 -0.00436165 -0.00257894 -0.0236805 -0.000409915 -0.0149028 -0.0174733 0.00205257 0.00438753 0.00103404 -0.00210043 -0.00567627 -0.00098829 0.0116486 -0.00837119 0.0010005 -0.00440767 0.00842764 0.0116327
internal_weight=336.304 298.981 15.0027 37.3231 283.978 18.1232 265.855 25.4185 17.7327 240.437 64.9521 175.485 165.61 151.619 13.9911 132.346 19.221 19.2731 113.125 97.8981 85.3526 75.2224 62.4364 50.7211 18.7049 32.0162 56.8028 37.6512 21.2073 19.1516
internal_count=1969 1757 91 212 1666 116 1550 163 115 1387 360 1027 966 865 101 754 110 111 644 557 489 427 351 284 102 182 313 206 118 107
is_linear=0
shrinkage=0.05


Tree=179
num_leaves=31
num_cat=0
split_feature=18 19 4 13 8 8 9 14 3 14 0 4 12 4 12 18 0 4 9 0 0 3 11 9 11 9 8 2 19 19
split_gain=1.42494 1.11322 1.32613 3.3974 3.56092 2.39216 2.50197 1.86288 1.80538 2.68859 1.73599 3.23626 2.89556 3.77958 3.45602 3.03037 2.5084 2.7431 2.22273 2.59252 3.40608 2.84369 1.94337 1.69522 3.96536 2.0741 1.66441 1.58656 2.3147 1.42505
threshold=0.90000000000000013 11.1726495 0.17874500000000001 0.13765150000000001 69.583681500000026 73.665839500000018 0.038606000000000008 0.035349000000000012 0.11957250000000001 0.029904500000000004 1.8168095000000002 0.097889000000000018 0.06249600000000001 0.10212500000000001 -0.027738499999999996 0.3000000000000001 2.3057315000000007 -0.042526999999999988 0.12491400000000001 3.5918745000000007 2.7592515000000004 0.034684000000000013 0.66160700000000017 0.13144900000000001 0.20156250000000003 0.21966000000000002 59.895663000000006 0.013493500000000002 1.2981100000000001 1.7116795000000002
decision_type=2 2 2 2 2 2 2 2 2 2 2 2 2 2 2 2 2 2 2 2 2 2 2 2 2 2 2 2 2 2
left_child=1 2 8 -4 -5 -6 7 -7 10 -10 11 27 14 -14 15 -12 23 -18 19 20 -19 -21 29 24 -16 -25 -23 -1 -29 -20
right_child=-2 -3 3 4 5 6 -8 -9 9 -11 12 -13 13 -15 16 -17 17 18 22 21 -22 26 -24 25 -26 -27 -28 28 -30 -31
leaf_value=-0.010381603139459022 -0.015120384713641072 -0.019628600692308849 0.04087032122464334 -0.023268316880941393 0.032453820032420914 -0.0033186933353302425 -0.020209656066205284 0.030555714514907052 -0.036239396370119407 -0.00057605639527904412 -0.0010297440564080707 -0.0380545631873066 0.038181617311804056 -0.0014721284659738904 -0.01359959651394285 0.040354253312834584 -0.027766916539177344 -0.016853975398018473 0.032508069080465621 -0.043175364838711018 0.023744961626348104 0.0073589466776304699 -0.01549744685692233 -0.023977635097719191 0.033879380070210088 0.012164944746062552 -0.023225118478962452 -0.0049474859037941226 0.023957702169276715 0.0051163580409071185
leaf_weight=33.990488350391388 17.181289531290531 7.3048210162669411 6.6393825076520434 10.270065980032085 8.9856491200625879 8.0975760743022018 8.2100947163999063 8.1371276341378671 8.8963048011064547 13.017581552267073 8.4336546100676077 7.3247783780097953 12.291314240545036 11.757285587489603 6.600404758006337 9.3031443469226343 13.983274172991512 10.452676974236967 7.7400952167809072 9.0461888834834117 10.214618969708679 8.4391299858689326 6.6469600535929194 7.1175539195537594 13.177233055233954 8.9746042266488057 9.4072280153632146 19.401665288954977 10.771071702241896 12.283963393419979
leaf_count=197 96 44 42 75 50 42 53 46 51 79 49 44 70 70 36 57 90 58 47 51 60 44 40 39 74 54 50 111 61 77
internal_value=-0.00109626 -0.000335951 0.000119231 0.00754559 0.0024826 0.0103935 0.0022843 0.0136598 -0.00132267 -0.0150542 -5.49117e-05 -0.00656832 0.0027523 0.018795 3.1932e-05 0.0206766 -0.00291906 -0.00745227 -0.00362549 -0.0101047 0.00321167 -0.0203385 0.00792822 0.00822941 0.0180342 -0.0038209 -0.00876262 -0.0029739 0.0053711 0.0157043
internal_weight=334.097 316.916 309.611 50.3399 43.7005 33.4304 24.4448 16.2347 259.271 21.9139 237.357 71.488 165.869 24.0486 141.821 17.7368 124.084 88.2141 74.2309 47.5598 20.6673 26.8925 26.671 35.8698 19.7776 16.0922 17.8464 64.1632 30.1727 20.0241
internal_count=1957 1861 1817 308 266 191 141 88 1509 130 1379 413 966 140 826 106 720 517 427 263 118 145 164 203 110 93 94 369 172 124
is_linear=0
shrinkage=0.05


Tree=180
num_leaves=31
num_cat=0
split_feature=1 19 4 4 3 5 14 0 5 13 11 2 0 14 0 0 1 14 14 4 14 7 3 7 7 1 11 19 14 5
split_gain=1.17237 1.70418 1.12311 3.40877 2.88477 1.60557 3.32348 1.00774 1.35227 2.11058 3.37313 3.43317 1.73699 1.93507 1.38806 1.68451 2.77945 2.98199 2.44249 2.2375 1.38235 3.26604 3.02202 2.13391 2.77737 1.92065 1.66637 2.51892 1.77008 1.74177
threshold=-0.0069529999999999991 1.4637475000000002 0.35023700000000008 0.41774650000000008 0.18908900000000003 0.075155500000000014 0.063134500000000024 1.3576045000000001 0.029273000000000004 0.10430550000000001 0.77482400000000007 0.016359000000000002 4.2204015000000004 0.017614500000000002 1.4379750000000002 1.7901385000000003 0.036400500000000009 0.027529000000000001 0.017783500000000004 0.28641950000000005 0.032393000000000012 0.64672150000000006 0.13796500000000003 0.76946400000000004 0.94119700000000017 0.083221500000000018 0.34665650000000009 2.0120280000000004 0.023480500000000005 0.053163000000000009
decision_type=2 2 2 2 2 2 2 2 2 2 2 2 2 2 2 2 2 2 2 2 2 2 2 2 2 2 2 2 2 2
left_child=1 -1 5 -4 -5 7 -7 -2 9 10 11 -9 13 -13 -10 16 17 -16 -17 20 22 -22 26 -23 -25 -26 27 28 -20 -28
right_child=2 -3 3 4 -6 6 -8 8 14 -11 -12 12 -14 -15 15 18 -18 -19 19 -21 21 23 -24 24 25 -27 29 -29 -30 -31
leaf_value=0.0070140106857271012 0.0160598150931811 -0.02277969489583119 0.039395233858180986 0.020500606099008844 -0.024267117851423364 -0.047712848670574091 0.0068113601333953432 0.032469768098822384 -0.018430884765579261 0.032036416076118415 -0.028508304954207336 0.004143018214959336 0.01854334174046 -0.026731829576433237 0.011872607709061542 -0.022083888182814881 0.0308364182968505 -0.027393017341394654 -0.0062539672549067884 -0.028235915602326873 0.035901344814741588 -0.020249800142785102 -0.035174663970702728 0.024080488959208002 -0.023200126889842455 0.011365586075581011 0.0065885462062413623 0.0063329672496267864 -0.038496726481559509 -0.019602624912285396
leaf_weight=7.49688149429858 9.5712048299610597 13.340263966470955 7.160091761499646 6.9110425114631635 7.5076250955462456 5.3422178365290147 5.8611060418188572 10.858628891408442 12.473365552723406 7.0732488185167304 7.3034631535410872 12.853456608951097 8.6399909555912 8.3858702927827817 15.084132917225363 15.611285815015433 10.181950621306894 7.1164989173412314 8.0894617512822204 7.3580307886004439 8.1353060379624349 9.0192061550915223 6.9234561882913104 13.674741223454477 8.3500743284821528 7.7477337121963492 56.287166304886341 12.481248058378695 8.9839896634221059 7.1546152383089057
leaf_count=48 55 80 40 42 49 45 55 61 72 41 40 75 47 42 87 95 59 42 48 39 45 53 37 74 50 44 328 66 51 42
internal_value=-0.0005775 -0.0120604 0.000189048 0.0111946 -0.0028094 -0.000628288 -0.0191881 0.000116031 -0.000449605 0.00653667 0.00278228 0.00839203 -0.000358216 -0.00804722 -0.00224325 -0.00124466 0.0092062 -0.000714141 -0.00323755 -0.0013296 1.85876e-05 0.00709741 -0.00330596 0.00105672 0.00751125 -0.00656395 -0.000933376 -0.0107395 -0.02322 0.00363485
internal_weight=332.977 20.8371 312.14 21.5788 14.4187 290.561 11.2033 279.358 269.787 55.1147 48.0414 40.7379 29.8793 21.2393 214.672 202.199 32.3826 22.2006 169.816 154.205 146.847 46.9271 99.9199 38.7918 29.7725 16.0978 92.9965 29.5547 17.0735 63.4418
internal_count=1952 128 1824 131 91 1693 100 1593 1538 306 265 225 164 117 1232 1160 188 129 972 877 838 266 572 221 168 94 535 165 99 370
is_linear=0
shrinkage=0.05


Tree=181
num_leaves=31
num_cat=0
split_feature=2 2 19 0 7 0 6 0 18 3 8 13 5 11 11 5 6 0 7 13 6 11 19 5 5 5 3 19 8 15
split_gain=2.57444 1.6125 1.19989 2.28308 1.17441 1.20968 2.05064 1.84943 1.44949 1.72387 1.36153 2.70681 2.53005 2.03238 1.59438 1.43524 1.2943 1.08373 1.05159 1.03792 1.48177 1.33196 1.22591 3.7957 2.7147 1.88297 1.71081 1.4356 1.83402 1.89213
threshold=-0.060836499999999995 -0.043956499999999996 7.918197000000001 15.662203000000002 0.50109100000000006 9.4528325000000013 0.10017200000000001 7.5703955000000009 0.70000000000000007 0.11704300000000002 60.6918705 0.16422150000000002 0.046738000000000009 0.8378675000000001 0.75625000000000009 0.030533500000000002 0.027365500000000004 3.1021255000000001 0.83304900000000004 0.16646450000000004 0.11179750000000001 0.7741165000000001 1.0867635000000002 0.031459500000000008 0.042170000000000006 0.023457000000000002 0.017403500000000006 1.1719575000000002 41.578596000000012 2.5000000000000004
decision_type=2 2 2 2 2 2 2 2 2 2 2 2 2 2 2 2 2 2 2 2 2 2 2 2 2 2 2 2 2 2
left_child=-1 -2 4 -4 -3 7 -7 8 9 16 12 14 18 -13 15 -12 -6 -11 -10 20 22 -21 23 -18 -25 -24 -26 -27 -29 -30
right_child=1 2 3 -5 5 6 -8 -9 10 17 11 13 -14 -15 -16 -17 19 -19 -20 21 -22 -23 25 24 26 27 -28 28 29 -31
leaf_value=-0.028499776928845557 0.020852654286804457 -0.021425833047522019 0.034133909835749363 -0.0034575224690462122 -0.023212019267649799 -0.032175404074197923 0.002941492614517538 0.022346418342773133 -0.027777473103680669 -0.0043307047458021651 0.01332874557342683 -0.023892961427182266 0.019291924351187047 0.0099436023504875706 0.002776124427526826 0.042501456475517368 0.022517945234931346 -0.031772388421247653 -0.0019618361722741752 0.028847604754325979 -0.021295683156576893 -0.0023559664331864161 -0.01886073818282466 -0.03906887871587067 0.0096126759744245196 0.022913935886779348 -0.022821668495339491 -0.010661866803631206 0.011507503855131065 -0.0050897226860626543
leaf_weight=7.9159879907965651 9.3240600451827031 6.8630564808845511 7.1498616561293629 9.2834867313504201 6.5064734891057006 7.8426781855523613 8.8463090658187848 9.1970678716897947 8.1870156452059764 6.6211734600365144 7.2603005878627362 7.293103069067004 7.9167788699269286 11.335436977446077 7.5822588689625254 10.055249307304619 7.4641021415591231 7.879312127828598 7.6129175163805476 6.6137666739523393 9.0367294456809741 7.0821139495819807 9.9315961264073831 9.5861784592270869 8.6969319246709365 9.0830709859728795 7.6347686648368827 21.772519549354911 49.898756707087159 26.182233722880483
leaf_count=49 53 47 45 54 37 47 49 50 47 38 39 41 49 63 43 52 42 46 43 38 62 45 57 57 52 55 40 131 294 153
internal_value=-0.0003323 0.00036506 -0.000250334 0.0128979 -0.000985307 -0.000496713 -0.013561 0.000309524 -0.000466316 -0.00265912 0.0058597 0.0111115 -0.00377877 -0.00330347 0.0218968 0.0302695 -0.00131942 -0.019242 -0.0153387 -0.000495967 -0.00163165 0.0127123 -0.000448962 -0.00889948 -0.0179474 0.00196483 -0.00554978 0.00389897 0.00213395 0.0057958
internal_weight=327.655 319.739 310.415 16.4333 293.982 287.119 16.689 270.43 261.233 193.99 67.2431 43.5263 23.7167 18.6285 24.8978 17.3155 179.489 14.5005 15.7999 172.983 159.287 13.6959 150.25 33.382 25.9179 116.868 16.3317 106.937 97.8535 76.081
internal_count=1918 1869 1816 99 1717 1670 96 1574 1524 1147 377 238 139 104 134 91 1063 84 90 1026 943 83 881 191 149 690 92 633 578 447
is_linear=0
shrinkage=0.05


Tree=182
num_leaves=31
num_cat=0
split_feature=11 0 18 5 0 11 14 15 15 11 11 0 8 2 2 3 1 19 13 1 8 13 3 8 3 12 8 9 9 9
split_gain=1.702 1.79573 2.64865 1.49253 1.21208 1.27585 1.4975 2.12995 1.46327 2.0181 1.35441 1.54187 1.28301 1.25745 1.51927 1.8409 2.23316 1.38873 2.5438 2.4355 2.12901 2.2904 1.74368 3.47933 2.37949 2.559 1.70493 1.62638 1.95212 1.76942
threshold=0.98990400000000012 1.8985335000000003 0.70000000000000007 0.04736400000000001 15.662203000000002 0.21562500000000004 0.025786500000000004 4.5000000000000009 1.5000000000000002 0.096875000000000017 0.31142250000000005 2.8566950000000007 51.564121000000007 -0.051866499999999989 -0.022752999999999999 -0.013763499999999998 0.019595500000000005 1.2776010000000002 0.00056100000000000019 0.014010500000000002 47.761193000000013 0.034670000000000006 0.066826500000000025 71.148065500000016 0.094448500000000005 0.096520000000000009 78.734524500000006 0.029321000000000003 0.08525400000000001 0.13144900000000001
decision_type=2 2 2 2 2 2 2 2 2 2 2 2 2 2 2 2 2 2 2 2 2 2 2 2 2 2 2 2 2 2
left_child=4 -2 3 -3 5 6 7 8 9 12 11 -7 -1 -12 -15 16 -16 27 -19 -20 -21 -22 -23 24 -24 -26 -25 -17 -29 -30
right_child=1 2 -4 -5 -6 10 -8 -9 -10 -11 13 -13 -14 14 15 17 -18 18 19 20 21 22 23 26 25 -27 -28 28 29 -31
leaf_value=-0.017866397016049234 0.031551513795433299 -0.023078404838520493 0.019910516381724763 0.0061037635737460141 -0.019044581564925746 -0.0020522348960566902 -0.0049800781395810349 -0.0059740408010199586 0.029177034169046545 0.027413311731263136 0.019034313326784208 -0.030143973942290021 0.010765444592560455 -0.020984387047021144 0.039327047776540634 0.012207445421534594 0.00098726310726200803 0.018549895738319104 -0.022040079478319166 -0.030060991350127339 0.02690577016359293 -0.012524284470316028 0.041604726799959961 -0.023240177268956757 -0.009367123293073808 0.028729256887140245 0.0068095933869545353 -0.039131260643973355 0.011004391317198591 -0.016276167193408062
leaf_weight=7.0655730850994614 7.7946669571101657 8.7404467128217238 15.526213523000477 8.785844683647154 8.9512614607810956 10.670966703444721 25.471679313108325 15.446149246767162 13.625324741005896 9.220801040530203 7.4313878677785388 9.0080163180828077 8.7681043371558172 9.9089079853147251 6.0161003097891834 6.8849255815148345 10.301541317254303 16.50645374506712 13.913461389020084 5.26603203639388 8.7211891934275609 20.31706390157342 7.2510504908859756 11.340702768415214 9.8764717131853121 7.9612143635749808 8.0857015922665578 6.5001911073923102 8.1363005898892897 22.057487681508064
leaf_count=46 47 49 87 50 55 62 149 85 81 49 43 52 47 60 36 39 59 97 104 33 48 117 43 64 54 47 46 36 46 139
internal_value=0.000398533 0.00996347 0.00487243 -0.00844953 -0.000927206 -0.000359676 0.00501709 0.00972176 0.0159896 0.00881794 -0.00243567 -0.0149112 -0.00201114 -0.00111912 -0.00195561 -0.000840798 0.0151226 -0.00254534 0.000465168 -0.00275391 0.000650544 0.00284933 -0.000386732 0.00515294 0.0174534 0.00763584 -0.0107328 -0.0100918 -0.0142758 -0.00892489
internal_weight=335.551 40.8472 33.0525 17.5263 294.704 285.753 79.5976 54.126 38.6798 25.0545 206.155 19.679 15.8337 186.476 179.045 169.136 16.3176 152.818 109.239 92.7329 78.8194 73.5534 64.8322 44.5151 25.0887 17.8377 19.4264 43.5789 36.694 30.1938
internal_count=1970 233 186 99 1737 1682 457 308 223 142 1225 114 93 1111 1068 1008 95 913 653 556 452 419 371 254 144 101 110 260 221 185
is_linear=0
shrinkage=0.05


Tree=183
num_leaves=31
num_cat=0
split_feature=6 6 5 12 13 13 14 18 19 19 1 11 2 3 2 14 14 3 15 13 2 5 12 15 6 1 5 11 11 9
split_gain=1.60521 3.19327 2.5477 1.59528 1.86175 1.64527 1.95457 1.7608 2.43957 2.72015 1.71146 1.6491 1.64884 2.50968 2.54434 2.07824 1.64476 2.00153 2.14239 1.4566 1.59485 1.45428 1.31835 1.4023 1.35977 2.39174 1.53418 1.17145 2.66576 1.52588
threshold=0.038431500000000007 0.041264000000000009 0.032916000000000008 -0.024371499999999997 -0.028218999999999998 -0.014514499999999998 0.013615500000000001 0.50000000000000011 1.0196755000000002 1.7486895000000002 0.042690000000000013 0.34665650000000009 -0.0032199999999999993 0.034684000000000013 0.060328000000000007 0.020607500000000004 0.032775000000000006 0.07646950000000001 2.5000000000000004 -0.098764499999999991 -0.016637499999999996 0.049358000000000006 0.063461500000000018 4.5000000000000009 0.080323500000000006 0.084331500000000018 0.05649500000000001 0.77232850000000008 0.61064000000000007 0.08525400000000001
decision_type=2 2 2 2 2 2 2 2 2 2 2 2 2 2 2 2 2 2 2 2 2 2 2 2 2 2 2 2 2 2
left_child=27 2 -2 19 -5 -6 -7 8 -8 11 -11 -10 -9 -14 16 -16 17 18 -15 -3 -21 -13 -17 24 -24 -26 -27 28 29 -1
right_child=1 3 -4 4 5 6 7 12 9 10 -12 21 13 14 15 22 -18 -19 -20 20 -22 -23 23 -25 25 26 -28 -29 -30 -31
leaf_value=0.0012096672481267052 0.043963218036608798 -0.0088301609544692364 0.0045434854902644288 -0.022403815720406599 0.019900590676474497 -0.028324341772739264 -0.032816328318430087 0.025254651740153334 0.027752355743471575 -0.0015396158347491841 -0.026866344307806708 -0.016576214641578831 -0.019337027371937082 0.0035594066931828694 -0.025402701983074857 -0.013929000686195079 0.033966089760465695 -0.012063667399498091 0.037488700846068763 0.006984910830865939 0.035328369869053418 0.016286920740321422 0.01770664877738317 -0.010397736417460807 -0.015361425752359874 -0.00036714197934477284 0.029378707143587798 -0.018689907608369326 0.020739918069477239 -0.018846622015539841
leaf_weight=18.317461628466845 7.6320556700229671 6.7377157285809544 8.8538220897316915 10.008132122457026 9.5900012664496881 6.4739845953881732 8.3466537632048112 7.590273927897214 7.9679582491517094 13.349150856956841 13.332301340997217 7.072375647723673 13.269931960850952 11.269655138254171 8.0059609562158567 11.874814443290232 8.4900422841310483 8.1065984815359098 7.9237582683563224 12.895048186182979 8.068560261279341 6.4244502447545528 21.008219130337238 13.094145532697437 12.712069220840933 9.5463818758726138 7.9401394203305236 16.772214889526367 9.2642581611871702 19.663478214293718
leaf_count=106 40 41 51 65 56 46 50 43 48 96 79 40 80 62 43 69 49 49 43 75 53 44 116 77 80 51 43 100 52 124
internal_value=-0.000225766 0.00147579 0.0227927 7.62328e-05 -0.00132716 -0.000338642 -0.00129102 -0.000404094 -0.00786149 -0.00353531 -0.014195 0.00971502 0.00258734 0.00129607 0.00357827 -0.00116951 0.0147455 0.00876811 0.0175667 0.0113938 0.0178939 -0.000933457 0.00137737 0.00420408 0.00793792 0.00114213 0.0131396 -0.00733806 -0.00330811 -0.00917387
internal_weight=331.602 267.584 16.4859 251.098 223.397 213.389 203.799 197.325 56.4929 48.1462 26.6815 21.4648 140.832 133.242 119.972 84.1817 35.7901 27.3 19.1934 27.7013 20.9636 13.4968 76.1758 64.301 51.2068 30.1986 17.4865 64.0174 47.2452 37.9809
internal_count=1971 1589 91 1498 1329 1264 1208 1162 357 307 175 132 805 762 682 479 203 154 105 169 128 84 436 367 290 174 94 382 282 230
is_linear=0
shrinkage=0.05


Tree=184
num_leaves=31
num_cat=0
split_feature=19 5 5 5 18 3 8 14 9 15 9 4 4 2 5 0 12 3 2 15 3 8 4 12 3 4 0 19 19 15
split_gain=2.36676 1.14014 3.19444 1.27178 1.86005 3.57624 1.96256 3.05884 2.60707 1.7299 1.6015 2.42518 1.59318 1.65366 1.49131 2.05586 2.27072 2.34878 1.12171 0.982339 1.8424 2.78276 1.02864 4.26359 3.48469 2.94419 1.55252 1.74097 1.76915 1.72058
threshold=0.8079510000000002 0.10859500000000001 0.080603500000000008 0.044300500000000007 0.70000000000000007 0.11704300000000002 60.008105500000006 0.026446000000000001 0.19919150000000005 2.5000000000000004 0.14339500000000002 -0.079759499999999983 0.086101000000000025 0.1054095 0.042312000000000009 1.3876435000000003 -0.028238499999999996 -0.0075789999999999998 0.057621000000000006 4.5000000000000009 0.026169000000000001 64.58557350000001 0.0069645000000000011 0.014180000000000003 0.030403500000000003 0.024840500000000005 8.4271175000000031 2.4337560000000003 3.1024535000000006 1.0000000180025095e-35
decision_type=2 2 2 2 2 2 2 2 2 2 2 2 2 2 2 2 2 2 2 2 2 2 2 2 2 2 2 2 2 2
left_child=-1 2 3 14 5 6 7 8 -5 10 -9 -12 -6 -14 15 -2 -17 -18 -16 22 -21 -22 23 24 -19 -24 27 29 -29 -27
right_child=1 -3 -4 4 12 -7 -8 9 -10 -11 11 -13 13 -15 18 16 17 19 -20 20 21 -23 25 -25 -26 26 -28 28 -30 -31
leaf_value=0.02335074762346102 -0.025222709782732923 0.017913727389815538 -0.033446542657568593 0.037836501013433659 0.029538004755614678 -0.027077589102149982 0.019341141051197733 -0.035796621063957784 -0.0011724236786148563 0.0049851594050625168 -0.033419961870144246 0.0079849744247497273 -0.0095883659229240858 0.016612597671422723 -0.0063981774592366649 0.021628711809230913 -0.020994832776528149 -0.0049866475864418867 -0.031683720083816751 0.012229697489887146 -0.036505461217026088 0.0015311982327826899 0.029247534535809638 -0.026811956313288851 0.037775341572359955 0.016247919306460506 -0.018934921859073708 0.033173300787060475 0.0026225398693432815 -0.0091610004118804558
leaf_weight=10.480418577790259 8.705889478325842 7.9377114363014689 7.5295574814081183 7.8020697906613377 10.45974876731634 10.99549939110875 15.425390001386402 7.8638624846935299 9.4965980704873783 13.625230193138121 5.7429167404770807 9.205255191773178 9.9103162474930304 15.349613480269907 10.847446244210007 11.01927702128887 14.523867040872572 14.518579080700876 7.3634398952126494 7.7562135681509998 9.2018691189587134 10.07142688333988 11.235881999135016 13.449792362749575 7.0910708643496028 9.1293439567089063 8.1377019807696325 8.7313497886061686 10.362896770238875 24.657915901392698
leaf_count=55 51 76 65 50 60 64 89 46 67 77 34 56 57 84 65 68 90 87 41 45 51 58 65 74 43 51 45 44 57 133
internal_value=-2.79144e-05 -0.000798054 -0.00127685 -0.000476593 0.00363849 -0.000590319 0.00362072 -0.000891975 0.0164214 -0.00911155 -0.0175313 -0.00792233 0.0131282 0.00633308 -0.00302922 -0.00156095 -0.000272564 -0.00189371 -0.0166222 0.000171306 -0.00834795 -0.0166291 0.00231707 -0.00471048 0.00904543 0.00572695 0.00139595 0.00452458 0.0165927 -0.00229549
internal_weight=328.628 318.148 310.21 302.68 115.877 80.1568 69.1613 53.7359 17.2987 36.4373 22.812 14.9482 35.7197 25.2599 186.804 168.593 159.887 148.868 18.2109 134.344 27.0295 19.2733 107.315 35.0594 21.6096 72.2551 61.0192 52.8815 19.0942 33.7873
internal_count=1948 1893 1817 1752 684 483 419 330 117 213 136 90 201 141 1068 962 911 843 106 753 154 109 599 204 130 395 330 285 101 184
is_linear=0
shrinkage=0.05


Tree=185
num_leaves=31
num_cat=0
split_feature=1 0 7 1 3 3 9 11 8 3 3 13 13 1 4 8 0 0 3 9 13 11 1 7 7 11 9 9 11 5
split_gain=1.322 1.11303 2.3585 1.92429 2.03752 1.98049 1.20674 1.04598 2.61822 3.42979 3.45055 2.06768 1.3292 2.00909 2.64767 1.86059 1.75606 5.03397 1.64923 1.64839 2.08713 2.10569 2.0701 2.0439 2.65655 1.83323 1.5972 3.38025 1.46471 2.59482
threshold=-0.034459999999999998 15.662203000000002 0.75206400000000018 0.14538000000000004 0.18908900000000003 0.16513800000000003 0.039584500000000002 0.072222000000000022 64.71087150000001 0.043227000000000008 0.015030000000000002 -0.0011019999999999999 0.12892550000000005 0.031696000000000009 0.1107115 62.687101000000006 3.4536960000000003 5.7054620000000016 0.042023000000000005 0.26592700000000008 -0.0011019999999999999 0.69905650000000008 0.04961200000000001 0.68764150000000013 0.97735850000000013 0.61064000000000007 0.012630500000000001 0.024571500000000007 0.86228450000000012 0.027685000000000005
decision_type=2 2 2 2 2 2 2 2 2 2 2 2 2 2 2 2 2 2 2 2 2 2 2 2 2 2 2 2 2 2
left_child=-1 3 -3 4 5 7 -6 8 9 10 11 -2 13 16 19 -14 28 -18 -17 20 21 -15 -21 -22 25 -25 -20 -28 29 -9
right_child=1 2 -4 -5 6 -7 -8 12 -10 -11 -12 -13 15 14 -16 18 17 -19 26 22 23 -23 -24 24 -26 -27 27 -29 -30 -31
leaf_value=0.022168740862667818 -0.017352591460589279 0.0077363487894205399 -0.033132055296030881 0.024942793505816813 -0.0063103494788213912 0.026796612821153365 -0.034028052961022785 0.018103669977528599 0.035040807815627004 -0.028064037347304935 0.032878712864076676 0.01521849220149217 -0.030316281528613466 0.042005046186769514 0.03324850898584876 -0.025273507884779091 -0.03769213722060865 0.011915016401117071 -0.014813313773410356 -0.032100372659354497 -0.017292357787221466 0.0055666584188600755 0.0053004490584974443 0.0063398166282175525 -0.014588085879477436 0.033298683152340233 0.037745059415381144 -0.006405441327537325 0.012247780975490619 -0.0088061173587917867
leaf_weight=6.9220808781683436 10.813299950212242 6.7530825547873956 7.3970665130764246 7.9824128095060578 10.220824204385282 7.2848014011979094 6.3767404332756987 10.827830944210289 7.1852710247039786 7.5357581637799731 10.445561617612837 8.8690363485366124 8.1849334109574539 7.4984232336282721 8.2815977707505208 7.170069631189107 12.171055387705566 8.8199712410569173 9.7279724106192607 6.6889819428324691 10.817590992897747 8.4131897054612619 8.2787698805332166 19.56310855597258 10.262258611619471 9.3055939599871618 6.9539904966950443 11.512342870235441 17.368865050375462 51.885247306898236
leaf_count=45 71 37 47 48 55 40 49 60 38 40 57 55 54 41 49 45 78 54 50 41 64 55 48 111 56 52 38 68 101 317
internal_value=0.000547232 8.61481e-05 -0.0136278 0.000711233 7.17292e-05 0.00106057 -0.0169594 0.000387581 0.00738178 0.00210514 0.00965123 -0.00267577 -0.000954481 0.000849833 0.00632301 -0.00883403 -0.00397551 -0.0168483 -0.00386206 0.00356423 0.00696821 0.0227384 -0.0114137 0.00194444 0.00726238 0.0150298 0.00158307 0.0102206 -0.00060131 -0.00415996
internal_weight=331.518 324.596 14.1501 310.445 302.463 285.866 16.5976 278.581 44.8489 37.6637 30.1279 19.6823 233.732 190.182 89.1095 43.5493 101.073 20.991 35.3644 80.8279 65.8602 15.9116 14.9678 49.9486 39.131 28.8687 28.1943 18.4663 80.0819 62.7131
internal_count=1964 1919 84 1835 1787 1683 104 1643 261 223 183 126 1382 1127 517 255 610 132 201 468 379 96 89 283 219 163 156 106 478 377
is_linear=0
shrinkage=0.05


Tree=186
num_leaves=31
num_cat=0
split_feature=4 13 13 4 15 6 1 5 3 11 13 13 12 19 19 11 6 2 3 6 6 2 18 4 4 4 1 19 13 4
split_gain=1.10315 2.40177 1.92334 2.76789 1.52491 3.32392 2.20645 2.66272 1.46753 1.54676 2.3974 2.21222 2.1521 1.95544 1.73944 2.17822 1.61977 1.52944 2.1834 1.9652 1.87534 1.48006 1.39955 1.35162 2.57585 1.85117 1.68431 1.92385 2.12222 1.69825
threshold=0.10212500000000001 0.11369550000000002 0.098695000000000019 0.18385750000000003 2.5000000000000004 0.078002000000000016 0.10726750000000002 0.045468500000000009 0.11557450000000001 0.40138900000000005 0.051544000000000006 -0.016747999999999996 -0.024371499999999997 2.1512260000000003 2.6391345000000004 0.61416050000000011 0.050323000000000007 1.0000000180025095e-35 0.026169000000000001 0.042390500000000005 0.046620500000000002 -0.013550999999999999 0.70000000000000007 0.069150000000000003 0.024840500000000005 -0.008901499999999998 0.0068995000000000003 1.6173655000000002 -0.0065169999999999994 -0.052981499999999994
decision_type=2 2 2 2 2 2 2 2 2 2 2 2 2 2 2 2 2 2 2 2 2 2 2 2 2 2 2 2 2 2
left_child=1 8 -2 22 6 -6 7 -5 9 10 11 12 -1 -12 23 -16 -17 21 19 -19 -20 -13 -4 24 25 26 -11 28 29 -28
right_child=2 -3 3 4 5 -7 -8 -9 -10 14 13 17 -14 -15 15 16 -18 18 20 -21 -22 -23 -24 -25 -26 -27 27 -29 -30 -31
leaf_value=0.0017355550725708241 0.012355728061274107 0.021700430076360831 -0.03076886242959111 0.0065454299950625369 -0.013414228244363131 0.030164102829154604 0.016257217075955642 -0.025628357125319828 -0.017881707359834218 0.01977441099476562 -0.031230265824501665 0.0080305747405724753 -0.028176983959320053 0.0011813975604339068 0.03774962612329176 -0.010456564441591352 0.021645100754128784 0.040504174688443528 -0.013263913167577142 0.0086642677675178373 0.01430994091702221 -0.026550720308058131 -0.0090254481533188803 0.021751400500364088 -0.022405850108181868 0.020696295690244712 0.00059112119341923723 -0.020358932297284551 -0.02105565558853215 0.030006341131190009
leaf_weight=12.932059504091741 13.873654689639805 13.813973268494008 14.963293567299845 10.250102601945402 7.805770210921767 9.9578162357211095 7.9562055356800547 17.258300332352519 10.66992577165365 8.5054177269339473 12.264065161347391 6.0532381013035774 11.238785259425638 7.4989624209702006 8.3668516874313372 7.5837841872125855 8.1550106853246671 8.6438860297203082 12.515589632093908 11.030559137463568 12.154959157109259 6.3293799757957441 14.642924174666403 7.7590382024645796 11.100985828787087 12.795677050948148 15.164658062160006 13.324614178389309 7.222667660564194 7.2538966350257423
leaf_count=78 85 83 96 53 47 58 45 121 64 51 69 35 71 41 45 45 48 50 72 61 67 46 84 45 68 78 90 77 44 44
internal_value=-0.000386489 0.00148103 -0.00487393 -0.00775966 -0.000943195 0.0110147 -0.00693268 -0.0136399 0.000203101 0.00113128 -0.00332008 0.00049379 -0.012173 -0.0189319 0.00530987 0.0171355 0.00617682 0.00589092 0.0102293 0.022653 0.000321479 -0.00964567 -0.0200148 0.00188061 -0.000165059 0.00367665 -0.000554411 -0.00457866 0.00251505 0.0101089
internal_weight=329.086 232.378 96.7081 82.8344 53.2282 17.7636 35.4646 27.5084 218.564 207.894 100.661 80.8985 24.1708 19.763 107.233 24.1056 15.7388 56.7276 44.345 19.6744 24.6705 12.3826 29.6062 83.127 75.3679 64.2669 51.4713 42.9658 29.6412 22.4186
internal_count=1961 1372 589 504 324 105 219 174 1289 1225 590 480 149 110 635 138 93 331 250 111 139 81 180 497 452 384 306 255 178 134
is_linear=0
shrinkage=0.05


Tree=187
num_leaves=31
num_cat=0
split_feature=13 19 19 19 1 14 1 12 1 1 6 11 9 14 1 6 1 13 1 9 9 11 6 6 14 14 11 12 19 14
split_gain=1.22449 0.840624 1.91528 2.53624 2.43105 3.24751 1.58968 1.33778 0.90306 2.53146 1.62677 1.6046 1.44823 1.3809 2.51713 2.33969 2.00608 3.35949 2.20499 2.91974 2.00551 1.30702 1.09576 1.82637 1.43392 2.53148 2.33181 2.48585 1.66007 1.59766
threshold=0.41059150000000005 11.1726495 5.7515980000000004 3.9678320000000005 0.04997250000000001 0.024852000000000003 0.044638500000000005 0.16939250000000003 0.0072630000000000012 0.0021495000000000008 0.036795500000000002 0.24807700000000002 0.39167300000000005 0.017783500000000004 0.026214500000000005 0.046275500000000004 0.024183000000000003 -0.012650499999999999 0.020881000000000004 0.10521000000000001 0.15771450000000004 0.44722200000000006 0.10535900000000001 0.093063000000000021 0.020682000000000002 0.022194500000000002 0.41728850000000006 0.020175000000000002 1.7006880000000002 0.019746500000000004
decision_type=2 2 2 2 2 2 2 2 2 2 2 2 2 2 2 2 2 2 2 2 2 2 2 2 2 2 2 2 2 2
left_child=1 2 3 7 5 -5 -4 8 9 10 -1 -12 13 14 20 -16 17 -15 19 -19 -10 -13 23 24 29 -26 27 -27 -29 -18
right_child=-2 -3 6 4 -6 -7 -8 -9 12 -11 11 21 -14 16 15 -17 22 18 -20 -21 -22 -23 -24 -25 25 26 -28 28 -30 -31
leaf_value=-0.022836817255081993 -0.01959443350089829 -0.01691403033699029 -0.00062113673083597463 -0.027393965635370967 -0.039054435140247735 0.020931476343798164 0.031992441530010476 0.016854058764807701 -0.030761219831109878 0.026468605763016489 -0.011753281249754128 0.030384805949825674 -0.020116314897892881 0.04446316357830124 0.021106268289582831 -0.012706867464207502 -0.0022578747543401364 0.0098004681600988783 0.027124241823864116 -0.032868474912356054 0.00038879839592656897 0.0034405496196847924 -0.013775766870326582 0.021750222224408505 0.024633251287461456 -0.014573403768863189 -0.0083436804527731966 0.033803093385669489 0.0040392101924235212 -0.029522663352545327
leaf_weight=6.6508819572627536 8.4627936296164972 7.4603438675403586 6.7505532987415782 7.3486970029771346 8.0394318886101228 6.5976434536278248 8.3680904507637006 11.947610486298798 15.01734844222665 11.449493449181317 10.091155814006926 6.8633613660931614 10.098060060292481 6.5902081355452564 10.165207847952844 10.299484707415102 14.148555345833303 11.274695016443735 7.4395681321620932 6.2215877026319495 7.8776417449116698 13.075096212327479 15.588410548865793 9.1755120754241926 10.385392371565102 7.2642446868121651 47.417880585417151 10.002105161547663 8.812161833047865 8.6628210432827455
leaf_count=45 52 45 51 47 46 46 47 66 92 67 64 41 67 36 56 53 79 64 43 45 45 87 99 51 63 42 277 55 47 46
internal_value=-0.000821126 -0.000326318 6.82645e-05 -0.000811088 -0.017156 -0.00453248 0.0174303 0.00048848 -0.000250564 0.00594412 -0.000462419 0.00449301 -0.00162808 -0.000723295 -0.00865352 0.00408877 0.00138644 0.0127138 0.00432293 -0.00537239 -0.0200432 0.0127155 -0.00133009 0.000344287 -0.0014966 0.00152617 -0.00173897 0.0102702 0.0198624 -0.0126119
internal_weight=329.546 321.083 313.623 298.504 21.9858 13.9463 15.1186 276.518 264.571 48.13 36.6805 30.0296 216.441 206.343 43.3597 20.4647 162.983 31.5261 24.9359 17.4963 22.895 19.9385 131.457 115.869 106.693 83.8818 73.4964 26.0785 18.8143 22.8114
internal_count=1964 1912 1867 1769 139 93 98 1630 1564 304 237 192 1260 1193 246 109 947 188 152 109 137 128 759 660 609 484 421 144 102 125
is_linear=0
shrinkage=0.05


Tree=188
num_leaves=31
num_cat=0
split_feature=0 6 14 19 5 1 14 11 2 13 3 19 19 6 13 19 6 6 4 3 0 6 14 0 4 0 1 3 1 0
split_gain=0.836804 1.37144 1.28337 1.144 2.69052 1.90579 2.27226 1.97707 1.65859 1.58936 1.8452 1.42783 1.24499 1.22705 3.70085 2.82096 2.306 2.29208 1.65737 1.15471 1.92028 1.81992 2.57488 2.13637 1.8636 1.68257 2.0816 1.97469 1.87759 1.32509
threshold=1.5791190000000002 0.093575000000000005 0.015884500000000003 2.7022870000000005 0.037783500000000005 0.019595500000000005 0.028386500000000002 0.68989800000000012 0.090317000000000022 -0.081303499999999987 -0.045356999999999995 2.5323375000000006 3.5937195000000006 0.035345000000000008 -0.021028499999999995 1.7739385000000003 0.042390500000000005 0.039052500000000011 -0.068831499999999976 0.046482500000000003 1.9530340000000002 0.046579000000000002 0.014678500000000002 3.8547090000000002 -0.034384499999999991 5.1993385000000005 0.041070000000000009 0.072799000000000016 0.051974000000000006 2.7860245000000003
decision_type=2 2 2 2 2 2 2 2 2 2 2 2 2 2 2 2 2 2 2 2 2 2 2 2 2 2 2 2 2 2
left_child=1 2 -1 9 8 7 -7 -6 12 -2 -11 13 -5 14 -12 -16 17 -15 -18 21 -21 -20 -23 24 -24 26 29 -28 -29 -22
right_child=3 -3 -4 4 5 6 -8 -9 -10 10 11 -13 -14 16 15 -17 18 -19 19 20 25 22 23 -25 -26 -27 27 28 -30 -31
leaf_value=0.029781020347796717 -0.023452315052936337 -0.012022475483739969 0.0064852225414966727 0.023006339535711934 0.030230104308311651 -0.028290957002697549 -0.00059877656701370842 -0.006455367478689621 0.036035612904880408 0.019008370837823491 -0.043769793617785005 -0.021650639471171997 -0.0026884972939496049 -0.0036969776383924541 0.012861630924789686 -0.0251506642974825 0.019723978664351292 0.032348472021150224 -0.031839566958817511 -0.019236260312626208 0.0093551815869951736 0.024793888828492275 -0.041625503366708706 0.012555377448035933 -0.010111821040422339 -0.017724707280444955 0.038926871104072537 -0.012282917767219745 0.019504288877408876 -0.020076712223734847
leaf_weight=6.9203659743070594 8.4390084631741029 8.4135402888059598 40.575792096555233 8.9032955244183594 8.3024845179170352 9.5306249633431417 33.256437875330448 6.5858604516834012 8.457427613437174 10.583482868969439 6.5828801244497326 9.211828734725712 10.019568122923372 7.6286394894123104 13.535817805677654 7.6331706196069709 8.1820413395762426 10.454039953649042 7.4871207140386096 9.7093865945935232 7.2648807503283015 6.16701666265726 5.7987943254411212 8.2552912421524507 24.564059657976035 6.995141338557004 7.4018706157803562 6.9818293228745487 13.88281683064997 8.0750550143420678
leaf_count=39 51 48 238 47 58 54 191 57 44 64 39 53 59 47 85 45 56 59 48 52 42 34 34 47 147 42 41 38 83 46
internal_value=0.000999001 0.0065836 0.00987951 -0.000116556 0.0047215 -0.00140567 -0.00676708 0.0140023 0.0176281 -0.00222863 -0.00126773 -0.00248831 0.00940104 -0.00142876 -0.0110269 -0.000844944 0.000489644 0.0171418 -0.00200375 -0.00358282 0.00113136 -0.00902197 -0.00520736 -0.00999833 -0.0161304 0.00503948 0.00869121 0.0167388 0.0088675 -0.00613798
internal_weight=335.8 55.9097 47.4962 279.89 85.0557 57.6754 42.7871 14.8883 27.3803 194.834 186.395 175.812 18.9229 166.6 27.7519 21.169 138.848 18.0827 120.765 112.583 60.311 52.2723 44.7852 38.6181 30.3629 50.6016 43.6065 28.2665 20.8646 15.3399
internal_count=1988 325 277 1663 510 360 245 115 150 1153 1102 1038 106 985 169 130 816 106 710 654 344 310 262 228 181 292 250 162 121 88
is_linear=0
shrinkage=0.05


Tree=189
num_leaves=31
num_cat=0
split_feature=0 0 19 1 7 4 9 1 5 7 11 11 19 3 7 14 3 11 11 18 11 19 1 14 9 4 11 0 19 1
split_gain=1.38775 2.4682 1.54836 1.69864 1.6162 1.58478 2.17735 1.17119 1.55211 2.57203 1.89003 2.69188 2.40078 1.51301 1.164 2.50743 2.08244 2.06818 1.83417 2.3814 1.71203 2.26687 2.11133 1.77649 1.54466 1.48808 1.51624 1.39067 1.91717 1.67772
threshold=29.895683500000004 15.662203000000002 4.7497470000000002 0.014010500000000002 0.83333350000000006 0.35023700000000008 0.038606000000000008 0.010977000000000002 0.027392000000000003 0.60838750000000008 0.064583500000000016 0.37211550000000004 1.628989 -0.061605999999999994 0.87819700000000012 0.043329500000000007 0.034684000000000013 0.9364920000000001 0.5870835000000002 0.50000000000000011 0.8378675000000001 1.7969065000000002 0.028593500000000004 0.028017000000000004 0.18265050000000002 0.052457500000000011 0.48903300000000005 3.5822065000000003 1.9056530000000003 0.026684500000000003
decision_type=2 2 2 2 2 2 2 2 2 2 2 2 2 2 2 2 2 2 2 2 2 2 2 2 2 2 2 2 2 2
left_child=1 2 5 -4 -5 7 -7 8 -1 -10 -11 -12 -13 -9 15 16 18 27 19 24 21 22 -18 -24 -15 -23 -27 28 29 -16
right_child=-2 -3 3 4 -6 6 -8 13 9 10 11 12 -14 14 17 -17 20 -19 -20 -21 -22 25 23 -25 -26 26 -28 -29 -30 -31
leaf_value=0.027993804700244602 0.023779995629020698 -0.026904020411141063 -0.0080721471387235171 0.0075529572940786389 0.03997322475898149 0.033671306595799165 -0.0035395087370229724 -0.024481915360597042 -0.017899185512642773 0.028668749912307875 -0.02042214053506191 -0.0074896520756847357 0.02663708362271755 -0.0031760632522363505 0.025359626757661142 -0.032107339153256038 -0.013720987670475616 -0.016155593353595704 -0.022326253352264121 -0.018382333708953934 0.019320684937464312 0.0025375982843507468 0.033364787996176724 0.0019247236227704616 0.026025961848906216 -0.037621998598000493 -0.0060707260244553633 0.016584534081204149 -0.019384195477725307 0.0011053141715205706
leaf_weight=7.2379904538393012 6.9277858268469563 7.6471353229135266 5.83857109025121 7.7637521848082525 7.6143469139933586 8.4215048849582654 7.3730428107082835 7.0310331061482421 11.205653227865694 9.5062907487153989 8.6612501367926615 8.7381511665880698 12.562539275735615 10.818515457212927 9.1078173853456956 7.4547466970980159 6.5912300050258663 11.507843185216187 18.578949347138405 13.767544850707052 13.784682884812353 12.472605228424074 10.052402824163439 8.1241661608219129 7.7886079885065547 7.1114700585603705 8.1966663002967817 23.817045483738184 8.7282678410410863 32.831202073022723
leaf_count=41 38 51 45 45 43 45 56 40 76 59 58 60 79 66 55 52 37 68 112 83 78 70 55 45 45 39 47 132 49 188
internal_value=0.00163975 0.00116093 0.00184729 0.0148883 0.0236056 0.000898019 0.0163009 1.55271e-05 0.00633519 0.00324159 0.00924379 0.00308066 0.0126373 -0.00166511 -0.000903838 -0.00398918 -0.00220199 0.00357181 -0.00980367 -0.00261729 0.0036372 -0.000476932 0.0105215 0.0193124 0.00904738 -0.0102826 -0.020728 0.0066197 0.00193555 0.00637258
internal_weight=327.263 320.335 312.688 21.2167 15.3781 291.471 15.7945 275.677 57.9119 50.6739 39.4682 29.9619 21.3007 217.765 210.734 124.742 117.287 85.9922 50.9536 32.3747 66.3332 52.5485 24.7678 18.1766 18.6071 27.7807 15.3081 74.4843 50.6673 41.939
internal_count=1957 1919 1868 133 88 1735 101 1634 373 332 256 197 139 1261 1221 729 677 492 306 194 371 293 137 100 111 156 86 424 292 243
is_linear=0
shrinkage=0.05


Tree=190
num_leaves=31
num_cat=0
split_feature=3 12 0 8 8 8 0 3 11 8 8 0 19 2 1 6 6 11 2 0 0 6 8 19 1 1 3 2 2 1
split_gain=1.30148 1.64725 1.50668 1.81638 1.07836 4.49369 1.78528 1.56563 1.67259 1.47377 1.22173 1.09777 2.59976 1.79213 1.3161 2.42309 2.13499 2.13868 1.62472 1.7083 1.37272 2.57637 2.30411 1.69592 1.53112 1.29713 1.18317 2.70651 2.03079 1.38737
threshold=-0.082649999999999987 -0.063834999999999989 29.895683500000004 30.449003500000003 73.665839500000018 72.766839000000019 2.4641665000000006 0.14498700000000003 0.96238200000000018 77.797803500000015 80.111287500000017 2.4504060000000005 1.1719575000000002 0.093237000000000014 0.098629500000000023 0.085879500000000011 0.076986000000000013 0.88741200000000009 0.011189000000000003 5.0798530000000008 4.7373520000000005 0.053871000000000009 62.591493000000007 1.8425275000000003 0.023155000000000005 0.047278000000000008 0.060567500000000003 0.054508000000000008 0.036150000000000009 0.022835500000000005
decision_type=2 2 2 2 2 2 2 2 2 2 2 2 2 2 2 2 2 2 2 2 2 2 2 2 2 2 2 2 2 2
left_child=-1 -2 3 -3 5 11 10 9 -9 -8 -6 13 -13 26 15 16 17 20 -17 -20 21 22 23 -14 -22 -23 27 29 -28 -5
right_child=1 2 -4 4 6 -7 7 8 -10 -11 -12 12 14 -15 -16 18 -18 -19 19 -21 24 25 -24 -25 -26 -27 28 -29 -30 -31
leaf_value=0.019924957731721905 -0.024631470615075507 0.021076138179283492 0.024014741036940207 0.0067211520797788617 -0.035925773230887567 0.039365990590680758 -0.0041583454013459217 -0.030644254692559367 0.00056479232534686191 0.026022008064993551 -0.0075369655147284444 -0.035094571785789612 0.001517376639764324 0.022284053346699778 0.014468827902645901 0.0023158652236529554 0.021300091900096161 -0.027288777162159397 -0.043375827563646406 -0.0096759635828394964 0.0092219275215878176 0.034190320129659467 0.019117559273117028 -0.025707065918696332 -0.019493909052404338 0.0050947028464325677 0.012320341376830884 0.027525875617496687 -0.019807807808152365 -0.0065233279502883938
leaf_weight=8.3907716348767263 6.6591853611171237 9.8964514434337598 6.6666974592953911 41.359740689396858 7.5802529305219633 7.2708951868116847 8.5258551798760909 6.8819806836545476 11.41203972697258 7.6965898647904387 7.5790824815630913 6.3051083888858548 11.765081323683267 10.813296418637036 10.830649163573979 6.3849987871944931 10.286719679832457 8.0803358703851682 8.1168434731662256 7.0067244991660109 6.755557760596278 8.6896932162344438 8.2361766360700113 11.134027095511554 14.837209083139895 6.8504928052425376 7.302723657339814 10.393689999356864 15.065141733735798 37.883113261312246
leaf_count=50 39 65 37 253 43 38 54 42 63 44 43 45 73 68 63 41 61 46 56 46 43 52 43 66 86 38 46 62 84 215
internal_value=0.000479969 -1.70619e-05 0.000492603 -5.31632e-06 -0.000689256 0.000621913 -0.00742958 -0.00114787 -0.0111757 0.0101604 -0.0217325 -0.000513545 -0.00380664 0.00284556 -0.00214852 -0.00381276 -8.35831e-05 -0.00296468 -0.0188336 -0.0277627 -8.5645e-05 0.00473673 -0.00356237 -0.0117197 -0.0105098 0.0213643 0.000968901 0.00353602 -0.00931852 0.00038945
internal_weight=336.657 328.266 321.607 314.94 305.044 255.368 49.6758 34.5165 18.294 16.2224 15.1593 248.097 125.28 122.818 118.975 108.144 86.6353 76.3486 21.5086 15.1236 68.2682 46.6755 31.1353 22.8991 21.5928 15.5402 112.004 89.6365 22.3679 79.2429
internal_count=2005 1955 1916 1879 1814 1525 289 203 105 98 86 1487 759 728 714 651 508 447 143 102 401 272 182 139 129 90 660 530 130 468
is_linear=0
shrinkage=0.05


Tree=191
num_leaves=31
num_cat=0
split_feature=0 7 0 5 14 9 5 7 5 9 14 3 13 12 7 13 13 18 3 3 7 12 5 13 6 15 0 1 5 1
split_gain=1.95176 1.76662 1.05358 1.55911 1.5284 1.3805 2.93526 1.14478 1.16193 1.68563 1.39394 1.80762 2.44021 1.17322 2.78737 2.33074 1.58947 1.129 1.77238 3.16359 2.99701 1.44442 1.05503 2.46283 2.44165 3.18269 2.6904 2.03361 2.34706 2.53231
threshold=29.895683500000004 0.46971850000000004 9.4528325000000013 0.038232000000000009 0.037085500000000007 0.37120300000000001 0.063711500000000018 0.55254000000000014 0.024073500000000001 0.11555600000000001 0.017100500000000001 0.032301500000000004 -0.0018094999999999997 0.12047200000000001 0.71803200000000011 0.25634850000000003 0.18451500000000001 0.70000000000000007 0.055321500000000003 0.098764500000000019 0.8042720000000001 0.080628000000000019 0.040038500000000012 -0.040305499999999994 0.044850000000000008 4.5000000000000009 1.6812595000000001 0.017556000000000006 0.03565150000000001 0.044638500000000005
decision_type=2 2 2 2 2 2 2 2 2 2 2 2 2 2 2 2 2 2 2 2 2 2 2 2 2 2 2 2 2 2
left_child=1 -1 5 -4 -5 7 -7 -3 9 -9 11 12 -10 16 -15 -16 17 21 -19 20 -20 22 23 -12 -24 26 -26 -25 29 -29
right_child=-2 2 3 4 -6 6 -8 8 10 -11 13 -13 -14 14 15 -17 -18 18 19 -21 -22 -23 24 27 25 -27 -28 28 -30 -31
leaf_value=-0.028145057386592228 0.025394021776339266 0.020881163920138127 0.0088118705466802821 -0.040771554877370296 -0.0061738268179453385 0.0015342187855735838 -0.041356940020788921 0.00060790461805288181 -0.018354318626779047 0.029888913049197236 0.034946231274430473 -0.033577700976110195 0.012306905978573715 -0.036086033055683399 -0.016182503325349103 0.014142461542423915 0.025461709019805202 0.028854808466198881 -0.035547068781011368 0.019558068458046571 0.0092965870843013144 -0.018051207437557785 -0.020456557796092782 -0.018639890805187069 0.015910087783983017 0.023381309214776283 -0.012703867888292267 0.010419256155498616 0.026289359325198047 -0.022873017443238195
leaf_weight=6.1968619413673869 6.7838405705988398 6.6700038462877265 5.7918866649270084 6.0271645262837392 6.7863308563828468 10.87910531461239 6.2981148883700362 13.735720593482258 14.531780268996956 7.6538456603884688 6.3999794125556937 6.8060804754495612 11.724876834079621 7.0724220536649218 12.322515502572061 13.042991561815141 6.9418998882174483 8.4630124978721124 7.5028256028890628 14.444314911961554 7.4012817740440369 11.471405981108544 16.299695543944836 9.590673699975012 11.202548965811728 12.829268187284468 30.80224996432662 16.30456925183535 11.192361399531363 8.7915851250290853
leaf_count=43 39 38 34 41 44 58 56 76 87 46 42 43 74 52 70 72 42 50 41 81 43 70 102 55 63 79 188 96 64 49
internal_value=-0.0011411 -0.00171224 -0.00118211 -0.0127166 -0.0224478 -0.000443052 -0.014192 0.000421411 -9.06053e-05 0.0110856 -0.00106578 -0.0106149 -0.00466259 0.000422927 -0.00832867 -0.000589349 0.00200324 0.00106027 0.00869591 0.00288282 -0.013278 -0.00108018 0.000497296 0.00588987 -0.00346593 0.00158462 -0.00507262 0.00183661 0.00724834 -0.00124356
internal_weight=321.961 315.177 308.981 18.6054 12.8135 290.375 17.1772 273.198 266.528 21.3896 245.138 33.0627 26.2567 212.076 32.4379 25.3655 179.638 172.696 37.8114 29.3484 14.9041 134.884 123.413 52.2792 71.1338 54.8341 42.0048 45.8792 36.2885 25.0962
internal_count=1938 1899 1856 119 85 1737 114 1623 1585 122 1463 204 161 1259 194 142 1065 1023 215 165 84 808 738 306 432 330 251 264 209 145
is_linear=0
shrinkage=0.05


Tree=192
num_leaves=31
num_cat=0
split_feature=13 2 6 6 19 19 6 6 13 0 9 19 9 12 12 7 8 6 0 0 2 2 9 4 5 15 12 14 13 19
split_gain=1.68107 1.29198 1.93614 1.88184 3.28816 1.75447 1.51938 2.04974 1.67904 2.46834 3.69983 1.54815 2.98338 1.74953 2.68806 2.83959 1.98598 2.07347 1.98995 1.58296 1.2911 3.07864 1.51643 2.21813 2.24166 2.15484 1.72895 1.93038 1.64286 1.48686
threshold=-0.11836099999999998 -0.016637499999999996 0.036210000000000006 0.069608500000000018 1.5659515000000004 1.4922520000000001 0.053871000000000009 0.056546500000000006 0.09409300000000001 1.8402860000000001 0.024571500000000007 1.8552290000000002 0.011402500000000001 0.036645000000000004 0.019152000000000006 0.84660650000000015 49.021999000000001 0.035345000000000008 1.6875445000000002 2.3720210000000006 0.034701500000000003 0.043650000000000001 0.015851500000000004 0.09516200000000001 0.032916000000000008 2.5000000000000004 0.0098735000000000021 0.033052500000000005 0.052089000000000003 2.2595995000000006
decision_type=2 2 2 2 2 2 2 2 2 2 2 2 2 2 2 2 2 2 2 2 2 2 2 2 2 2 2 2 2 2
left_child=-1 2 -2 4 -4 -5 8 -8 11 -10 -11 13 -13 14 16 -16 17 -3 -19 -14 -9 -22 25 24 -24 -23 -26 28 -28 -25
right_child=1 6 3 5 -6 -7 7 20 9 10 -12 12 19 -15 15 -17 -18 18 -20 -21 21 22 23 29 26 -27 27 -29 -30 -31
leaf_value=0.026108558942199309 -0.034560046784262395 -0.014537140402255467 -0.016824885038336759 0.0044524775687857059 0.030719444076423581 -0.030195762784788024 0.027117314141825818 0.012169342136755338 -0.038149843198088021 0.015256098169891978 -0.027553090228963347 -0.038940504034976689 0.016226264580536599 0.023964797454069809 0.0051776451340054827 -0.04003161220360018 0.026754354208910425 -0.0081115798503285635 0.025070695139472805 -0.0087926788736862032 -0.030302161497521504 -0.017905640876010914 -0.027722742014611747 0.026724733900743671 0.025674084634749683 0.010135726540224431 -0.011254017062704739 -0.023623990706062928 0.021266023080797676 0.0061803736391775896
leaf_weight=6.3904456980526438 6.0355097502470008 12.23056009411812 6.6336047090590027 6.2172260731458655 8.0492975264787656 8.860685018822549 9.6139631532132608 31.467468895018101 7.4404199458658722 10.943806421011688 9.3672183714807016 6.3842113614082328 9.0155152305960673 10.215280100703238 6.8968273326754552 6.9970322288572788 10.38279217854142 7.4948410093784359 11.376585714519022 21.163376735523343 7.4725507125258437 17.279304768890146 6.7822537869215003 16.500343641266227 7.0970026738941696 11.351969368755816 6.8008821569383171 7.3912729062139979 9.0537265725433809 18.888442073017359
leaf_count=37 39 75 41 39 45 58 54 203 46 60 63 37 57 56 41 39 66 47 66 134 45 95 38 100 45 65 39 50 49 112
internal_value=0.000719827 0.000205422 -0.00873834 -0.00350168 0.00923934 -0.0159089 0.00135043 0.00478394 -0.00260615 -0.0135123 -0.00448702 0.000356572 -0.00788771 0.00495207 0.00144493 -0.01759 0.00782001 0.00149915 0.0118923 -0.00131862 0.00325121 0.000667556 0.00295558 0.00680255 -0.00173536 -0.00678756 0.00407335 -0.00252139 0.00731645 0.0157594
internal_weight=321.794 315.404 35.7963 29.7608 14.6829 15.0779 279.608 149.699 129.908 27.7514 20.311 102.157 36.5631 65.5939 55.3786 13.8939 41.4848 31.102 18.8714 30.1789 140.085 108.618 101.145 72.5139 37.1251 28.6313 30.3429 23.2459 15.8546 35.3888
internal_count=1941 1904 222 183 86 97 1682 895 787 169 123 618 228 390 334 80 254 188 113 191 841 638 593 433 221 160 183 138 88 212
is_linear=0
shrinkage=0.05


Tree=193
num_leaves=31
num_cat=0
split_feature=19 19 8 13 12 12 4 8 9 7 2 2 9 18 3 9 19 11 5 1 4 7 11 11 7 5 14 14 19 5
split_gain=1.21427 1.94269 1.72102 2.66785 2.46501 3.13011 1.65198 3.64282 1.71703 1.64758 1.50885 1.91574 1.71247 1.5785 3.06514 1.38665 1.29312 1.30068 1.44753 1.40559 1.93064 1.64796 1.58642 2.82126 2.17328 1.56673 2.42992 3.08618 1.81053 2.41338
threshold=2.1646450000000006 2.2595995000000006 41.206792000000007 -0.005370999999999999 0.017071000000000006 0.038468000000000009 0.044496500000000008 61.630594500000008 0.10521000000000001 0.65928700000000007 -0.051866499999999989 -0.028690999999999998 0.0049730000000000009 0.70000000000000007 0.020291000000000003 0.013028000000000001 0.8079510000000002 0.9780660000000001 0.072532000000000013 0.067518000000000009 0.020100500000000004 0.96435300000000013 0.27859500000000009 0.086853500000000014 0.88865550000000015 0.028084500000000002 0.023217500000000005 0.019238000000000005 1.1357590000000002 0.042760000000000006
decision_type=2 2 2 2 2 2 2 2 2 2 2 2 2 2 2 2 2 2 2 2 2 2 2 2 2 2 2 2 2 2
left_child=10 -2 -3 -4 -5 -6 -7 -8 9 -9 -1 -12 13 14 -13 -14 -17 18 19 21 -21 22 23 -18 25 -24 27 -27 -28 -30
right_child=1 2 3 4 5 6 7 8 -10 -11 11 12 15 -15 -16 16 17 -19 -20 20 -22 -23 24 -25 -26 26 28 -29 29 -31
leaf_value=0.020513188311589103 0.032638922160245755 -0.016179711883318886 0.034643645845246061 -0.02423685945102895 0.030744950946407185 0.021463909852153774 -0.036080356097155306 0.02174335087444219 -0.014614171176813748 0.00175870734054831 -0.02329570524875281 0.025947907072131279 -0.024801579336896352 0.027776606206118677 -0.014807724451074526 0.016770284859350993 -0.013603808412255496 0.013836898241634268 -0.027190436398525666 0.029498939112381856 -0.0051223112585326433 -0.018333849724339501 -0.032742009826182118 0.019633364490527525 0.014070304625235253 -0.015788869917240961 0.0027026189644008803 0.024469840482740882 -0.051964265362924957 -0.012984810901416
leaf_weight=7.9086264818906775 6.215173114091157 9.7313900962471944 7.4490221086889497 7.3537338804453602 11.096269555389879 9.9651845805346948 6.4562288522720328 14.05560728907585 11.026056068018077 38.734277848154306 9.8120315261185151 8.0159339085221308 6.7608629912137976 9.1702568605542201 10.86823909729719 8.9566775709390622 9.9439917020499724 10.834145978093146 6.5006849467754355 7.4319302737712887 8.7885367125272733 19.19335837289691 7.0661995485424987 17.837003313004971 10.515958644449709 8.7867454960942286 7.6553010940551784 10.388583928346632 6.0624097920954254 11.510352224111555
leaf_count=46 33 56 44 53 61 65 42 78 83 218 64 46 37 52 63 48 63 65 61 44 47 124 44 102 62 53 47 63 34 71
internal_value=0.00146151 0.00540567 0.00394487 0.00579005 0.00361215 0.00585441 0.00241222 -0.000289467 0.00333148 0.00707973 -0.000898771 -0.00176231 -0.000628112 0.010757 0.00249218 -0.00264668 -0.0016578 -0.00281596 -0.00418608 -0.00299145 0.0107405 -0.00503568 -0.00219235 0.00773638 -0.00664225 -0.0108741 -0.00739414 0.00602202 -0.0175915 -0.0264323
internal_weight=326.091 122.083 115.868 106.136 98.6874 91.3336 80.2374 70.2722 63.8159 52.7899 204.008 196.099 186.287 28.0544 18.8842 158.233 151.472 142.515 131.681 125.18 16.2205 108.96 89.7665 27.781 61.9856 51.4696 44.4034 19.1753 25.2281 17.5728
internal_count=1969 733 700 644 600 547 486 421 379 296 1236 1190 1126 161 109 965 928 880 815 754 91 663 539 165 374 312 268 116 152 105
is_linear=0
shrinkage=0.05


Tree=194
num_leaves=31
num_cat=0
split_feature=2 2 2 4 14 5 2 2 19 1 1 2 5 1 2 12 5 2 9 2 8 7 5 5 9 3 1 2 14 14
split_gain=1.59196 0.946539 2.10628 0.846344 1.19969 1.31494 0.82417 0.710548 2.39141 2.21651 2.14476 1.64175 2.72176 1.81855 2.03554 5.5044 1.99212 1.59835 1.7558 1.56063 1.43948 1.41203 1.31581 3.03793 1.80465 2.7496 1.76332 1.60672 1.25413 1.46261
threshold=0.25975700000000007 -0.060836499999999995 -0.043956499999999996 -0.11855549999999999 0.061694000000000006 0.096491500000000008 0.016892000000000001 0.048809000000000005 1.0434510000000004 0.053518500000000004 0.066880500000000023 0.039306500000000008 0.03748400000000001 0.039264000000000007 0.024163000000000004 0.0091620000000000017 0.029389000000000002 0.058445500000000004 0.086296500000000012 0.019950000000000006 64.093011000000004 0.61685250000000014 0.043621500000000007 0.048365500000000006 0.16705350000000002 -0.022173499999999995 0.0043615000000000008 -0.0096974999999999995 0.020054000000000006 0.039961000000000003
decision_type=2 2 2 2 2 2 2 2 2 2 2 2 2 2 2 2 2 2 2 2 2 2 2 2 2 2 2 2 2 2
left_child=1 -1 -3 6 7 -6 -4 9 -9 11 -11 13 -13 14 21 -16 -17 18 -10 -15 -18 -5 24 -24 25 -23 -27 -25 -19 -30
right_child=-2 2 3 4 5 -7 -8 8 17 10 -12 12 -14 19 15 16 20 28 -20 -21 -22 22 23 27 -26 26 -28 -29 29 -31
leaf_value=-0.017533807633844108 0.02216981591355778 0.023021080633558764 -0.0013122949609000454 -0.01228280202250066 -0.040807490535074972 -0.0012439200109980975 0.024897905290640301 0.022667471366778786 0.02848059769590193 -0.038540094842052619 -0.0015038329183430703 0.0020086986203159663 -0.034972481111948374 0.0015192909673224907 -0.052815215948627571 0.020293706284858701 0.0030307938261769085 -0.016944675202564236 -0.0043011324847074947 0.033721968264488165 -0.029111613536737226 -0.036174204173149586 0.045538347875094851 0.022023948704239221 0.017312708466274817 0.022673710426449223 -0.0074557800781748828 -0.011948350797409741 0.0028337080983511301 -0.012247776831841429
leaf_weight=8.4148151092231256 7.5984617471694937 9.2059250771999341 6.0142847038805467 12.900617338716982 4.0722448825836164 4.3367711529135704 5.9828890785574913 12.075525045394896 9.0824538990855235 8.4168040975928289 7.2986911758780471 11.003290243446829 9.0820940732955915 7.8418275713920575 6.6546566970646408 7.3728190809488323 7.5424859225749952 13.980957068502901 7.4228876978158942 7.2321230880916119 6.4723222106695175 5.986062061041582 6.1852867025882032 6.3763079568743715 11.638693377375601 7.0532960593700578 15.588761337101458 7.6632943376898739 66.382388990372419 21.213494554162025
leaf_count=55 46 53 40 79 32 50 40 65 47 48 40 61 52 48 44 43 48 76 44 43 42 37 44 37 71 39 92 54 379 129
internal_value=-0.000449758 -0.000986036 -0.000539847 -0.00125599 -0.00179277 -0.0204034 0.0117585 -0.00123873 0.00147403 -0.00355695 -0.0213395 -0.00151103 -0.0147132 0.000764958 -0.00164314 -0.0131018 -0.000745206 -0.000693294 0.0137378 0.0169694 -0.0118132 0.00273508 0.00593784 0.016343 0.000711611 -0.00603753 0.00192995 0.00348071 -0.00303822 -0.000818644
internal_weight=328.093 320.494 312.079 302.873 290.876 8.40902 11.9972 282.467 130.158 152.309 15.7155 136.594 20.0854 116.509 101.435 28.0423 21.3876 118.082 16.5053 15.074 14.0148 73.3923 60.4917 20.2249 40.2668 28.6281 22.6421 14.0396 101.577 87.5959
internal_count=1978 1932 1877 1824 1744 82 80 1662 740 922 88 834 113 721 630 177 133 675 91 91 90 453 374 135 239 168 131 91 584 508
is_linear=0
shrinkage=0.05


Tree=195
num_leaves=31
num_cat=0
split_feature=9 6 1 5 5 0 0 14 9 11 14 1 6 9 5 5 14 12 12 1 12 1 11 6 6 14 14 12 5 5
split_gain=1.98591 2.12043 1.91212 2.1735 2.15396 1.84326 1.56363 2.73511 2.19858 1.88705 3.14428 2.14262 1.47134 1.46775 2.23324 2.85031 1.92322 1.60854 1.4863 1.45429 1.15968 1.0983 0.894253 0.883408 0.800235 1.10496 3.23347 1.42329 1.35293 2.37362
threshold=0.11289850000000001 0.128584 0.048621500000000005 0.047728000000000007 0.069210000000000008 3.2985665000000006 4.2684430000000004 0.014678500000000002 0.097824000000000008 0.31871100000000002 0.019549500000000004 0.057894000000000008 0.17332050000000002 0.19011650000000005 0.025017500000000002 0.039281500000000004 0.018380500000000004 -0.013384499999999999 0.0039945000000000007 0.028855000000000002 0.21629400000000001 0.023155000000000005 0.62132350000000003 0.070190000000000016 0.093063000000000021 0.018789500000000004 0.020054000000000006 0.0091620000000000017 0.042312000000000009 0.045924500000000007
decision_type=2 2 2 2 2 2 2 2 2 2 2 2 2 2 2 2 2 2 2 2 2 2 2 2 2 2 2 2 2 2
left_child=6 2 3 13 21 22 7 -1 24 23 -11 -12 -3 14 -2 16 -16 -15 -19 -20 -13 -5 -4 -8 25 -9 -27 -28 -29 -30
right_child=1 12 5 4 -6 -7 9 8 -10 10 11 20 -14 17 15 -17 -18 18 19 -21 -22 -23 -24 -25 -26 26 27 28 29 -31
leaf_value=-0.015410352522126556 0.017404150897224132 -0.04279310129566425 -0.011107764848066776 -0.036619373260332343 0.0076712519141459226 0.02344670925032339 -0.032558448572087749 0.017429960500189048 0.035064750239180646 0.034980515175815637 -0.019206521999702519 0.015250510949107038 -0.0068044251243931202 0.020997361779667469 -0.044062439269565212 0.0082451790742527412 -0.012321845693487266 -0.019177862151683243 0.02045701366776639 -0.0078707081083588763 -0.0079909734414714169 -0.013768275917774353 0.010182779125987371 -0.0076965927859378377 0.019131284745410117 -0.029541100276276808 0.024593166470828959 0.01187461454421518 -0.026041623042038615 0.0050685684865163384
leaf_weight=12.43223776295781 6.6608001738786689 5.7475314214825612 10.664836943149568 10.897970339283352 6.3288640491664401 12.183023385703562 6.4777261614799482 16.385515987873077 7.7191705405712119 6.1996855847537509 13.620447564870117 13.411888740956785 5.6141432523727417 11.561437308788298 8.1428417116403633 9.2087693903595191 11.529975183308123 8.1111067514866608 9.2434441838413495 8.8864870890974981 8.9480822607874853 10.161105472594498 9.1751882843673211 7.9680733773857355 12.684398744255303 6.8859904929995528 9.3025901503860933 25.881970778107643 8.5339051559567469 21.776835419237614
leaf_count=78 38 44 65 76 47 71 38 95 44 34 84 77 49 71 48 57 69 56 59 49 47 61 59 46 81 38 55 147 47 125
internal_value=8.57557e-05 -0.00427859 -0.00250432 -0.00588767 -0.0179067 0.00813846 0.00361481 0.00681065 0.00934116 -0.00324817 0.00209343 -0.00357325 -0.02501 -0.00139961 -0.00869414 -0.014713 -0.0254597 0.0054588 -0.00138727 0.00657202 0.00594966 -0.0255936 -0.00126177 -0.018845 0.00738392 0.00570527 0.00305106 0.0064777 0.00347873 -0.00369042
internal_weight=322.346 144.118 132.756 100.733 27.3879 32.023 178.229 121.603 109.17 56.6259 42.1801 35.9804 11.3617 73.3449 35.5424 28.8816 19.6728 37.8025 26.241 18.1299 22.36 21.0591 19.84 14.4458 101.451 88.7668 72.3813 65.4953 56.1927 30.3107
internal_count=1955 919 826 631 184 195 1036 710 632 326 242 208 93 447 212 174 117 235 164 108 124 137 124 84 588 507 412 374 319 172
is_linear=0
shrinkage=0.05


Tree=196
num_leaves=31
num_cat=0
split_feature=12 2 2 1 14 14 19 19 2 9 18 14 19 8 13 8 2 13 12 2 7 11 19 2 2 14 2 19 14 13
split_gain=1.95561 1.94977 1.04295 0.982387 0.915797 1.77386 1.58059 1.45747 0.947365 0.917367 0.91549 1.8034 1.87514 1.32312 2.20369 1.74824 1.89628 1.17499 2.96697 1.05986 2.18805 3.27076 2.19818 2.13987 1.34252 2.28795 1.8037 1.65679 1.62902 1.55979
threshold=0.26777950000000006 -0.057875499999999989 -0.043956499999999996 0.14538000000000004 0.051426000000000006 0.057919000000000005 7.918197000000001 2.4337560000000003 0.15684750000000003 0.35132950000000007 0.70000000000000007 0.017234500000000003 1.2852090000000003 78.377188500000003 0.056816500000000013 71.531120500000014 0.080251000000000003 0.18972050000000004 0.080628000000000019 0.031094500000000004 0.80632700000000013 0.38208550000000002 1.3831270000000002 0.060787500000000008 0.016359000000000002 0.030510500000000003 -0.028690999999999998 1.9214505000000004 0.019861000000000004 -0.038854999999999994
decision_type=2 2 2 2 2 2 2 2 2 2 2 2 2 2 2 2 2 2 2 2 2 2 2 2 2 2 2 2 2 2
left_child=1 -1 -3 4 6 -6 8 -7 9 10 17 -12 -13 14 -14 16 -16 18 19 24 23 -22 -23 -21 25 26 -4 28 -26 -28
right_child=-2 2 3 -5 5 7 -8 -9 -10 -11 11 12 13 -15 15 -17 -18 -19 -20 20 21 22 -24 -25 27 -27 29 -29 -30 -31
leaf_value=-0.02013807882737326 -0.023070430739273205 0.020775648105767354 -0.018727996151892766 0.020144346903833044 -0.033183719377658905 -0.015113605733946149 0.022842683646726814 0.020574294969237714 -0.015375955353413896 0.014586351820962594 -0.010760293289530393 0.032933466068510775 0.021871725624611604 0.026157216262969352 -0.013134419686200133 -0.025991722409629377 0.019276591887235732 0.016645616266690644 -0.024099897443520205 0.027588631872159194 -0.021118703161233272 -0.0099104733655765928 0.023277653341356203 -0.0025068123286772839 -0.019178038654809076 -0.023914186742436724 0.030215241530692966 -0.032866531517894856 0.0095201367189455058 0.0044966182539787868
leaf_weight=9.9133611768484098 8.1967484354972822 7.5286231264471999 7.0955353341996519 7.2150488682091227 5.4875723868608501 6.1971460543572885 8.9440138489007932 5.3140712231397629 8.0917229428887349 13.698175445199011 12.297640286386011 7.9185998030006877 10.449014961719511 7.1099765226244918 9.0911085903644615 7.3357809185981742 8.9614537730813009 9.3214430660009366 13.448879454284905 16.251121953129772 14.180111482739447 8.3070351518690604 12.492194343358276 9.2788077406585199 9.9240303933620506 8.0045695304870588 6.9316566381603328 7.216856535524129 9.8558393958955985 39.433807356283097
leaf_count=60 49 43 41 44 35 58 54 41 43 78 72 49 61 40 53 39 52 55 79 92 82 50 71 57 57 50 45 49 63 248
internal_value=0.00103274 0.00167567 0.00240284 0.00192563 0.00146055 -0.00979046 0.00218052 0.00136146 0.00146059 0.0020086 0.00127514 0.00642215 0.0105763 0.00645408 0.00254506 -0.00540916 0.0029547 -0.000617833 -0.0016086 0.000421877 0.00552118 -0.00260163 0.0100226 0.0166505 -0.00306611 0.00101606 0.00474879 -0.0123603 -0.00487842 0.00834156
internal_weight=315.492 307.295 297.382 289.853 282.638 16.9988 265.639 11.5112 256.695 248.604 234.905 63.1636 50.8659 42.9473 35.8374 25.3883 18.0526 171.742 162.42 148.972 60.5093 34.9793 20.7992 25.5299 88.4623 61.4656 53.461 26.9967 19.7799 46.3655
internal_count=1910 1861 1801 1758 1714 134 1580 99 1526 1483 1405 366 294 245 205 144 105 1039 984 905 352 203 121 149 553 384 334 169 120 293
is_linear=0
shrinkage=0.05


Tree=197
num_leaves=31
num_cat=0
split_feature=4 4 18 0 14 0 13 8 1 19 7 7 5 6 0 4 8 12 13 4 8 19 11 19 11 0 19 4 11 4
split_gain=0.978241 1.98303 1.10311 2.00758 1.68833 2.51159 1.37798 1.30237 1.2293 1.17275 1.04564 1.00479 0.88485 0.847227 1.84904 1.18449 1.45733 0.821928 1.01176 0.745328 2.67082 1.14308 2.34885 2.06243 1.97636 2.73634 1.33121 1.32412 1.82364 1.49647
threshold=0.40748850000000003 0.55015250000000016 0.3000000000000001 2.3421755000000006 0.055175500000000009 1.3740140000000003 -0.023522499999999998 33.039107500000007 0.018285000000000006 9.2256325000000015 0.9459535 0.68167350000000015 0.038638000000000013 0.16209250000000003 9.758675000000002 0.28641950000000005 76.824829500000007 0.11519050000000002 0.16646450000000004 0.066750000000000018 70.92291950000002 2.6080045000000003 0.27207800000000004 2.0851375000000005 0.37211550000000004 3.5629550000000005 3.1687825000000003 -0.0049694999999999991 0.81291650000000015 0.021349000000000003
decision_type=2 2 2 2 2 2 2 2 2 2 2 2 2 2 2 2 2 2 2 2 2 2 2 2 2 2 2 2 2 2
left_child=2 -2 3 11 5 -4 -5 8 -7 13 -6 -1 -13 14 15 16 17 18 19 21 -21 22 -9 24 -24 27 -23 28 -26 -29
right_child=1 -3 4 6 10 7 -8 9 -10 -11 -12 12 -14 -15 -16 -17 -18 -19 -20 20 -22 26 23 -25 25 -27 -28 29 -30 -31
leaf_value=-0.011281887585558351 -0.031434305310684134 0.0060901127825196515 -0.021108478317670664 -0.039689508062711015 0.032915244146889441 0.033140427964265459 -0.0085957101228028489 0.0058082333448308187 0.002590122122931159 0.020121992680542104 0.0037314659655898496 0.024641897539278798 -0.00073481354100101239 0.017693511190995666 -0.021058531399654905 -0.016604571800587827 0.018410642970214094 -0.013321448587878985 0.02057389958943415 0.012838242304149103 -0.015034260798069271 0.026046566771535981 -0.025185519299726584 -0.034586847661796288 -0.023481835552086661 0.026571398115441965 -0.00077064735286748811 0.02171541390363399 0.0067641644023627989 -0.01171309929084839
leaf_weight=8.0908505693078059 6.8778934180736524 7.2132648136466742 11.757820367813109 5.9633057340979567 7.0908938366919738 6.5749144628643972 8.8529448844492418 44.510493179783225 6.5963649973273277 8.3239277265965921 5.4117857646197081 6.3433649446815235 7.4924656040966511 7.369656339287757 9.5516271907836181 8.7282279096543771 12.987786658108233 9.3928579837083799 6.9368987306952468 37.094270247966051 11.186689946800469 7.9023864343762424 10.747655689716337 7.1103613451123229 16.014357674866897 7.3514720126986495 11.167168006300924 6.9699380062520699 7.2351530194282523 6.4424466863274574
leaf_count=48 41 50 74 36 46 40 77 261 44 47 48 37 51 45 58 53 74 53 39 214 65 44 59 44 102 41 62 43 47 38
internal_value=0.000660006 -0.0122256 0.00124347 -0.00689251 0.00233268 0.00147593 -0.0211105 0.00253728 0.0178404 0.00168689 0.020283 0.00271482 0.0108997 0.00101591 0.000460595 0.00143115 0.00220643 0.00109912 0.00184884 0.00110117 0.00638019 -0.000930501 -0.00295122 -0.00925281 -0.00596335 -0.00126947 0.0103424 -0.00685215 -0.0140694 0.00565851
internal_weight=325.289 14.0912 311.198 36.7429 274.455 261.952 14.8163 250.195 13.1713 237.023 12.5027 21.9267 13.8358 228.699 221.33 211.778 203.05 190.062 180.669 173.732 48.281 125.451 106.382 61.8714 54.761 44.0134 19.0696 36.6619 23.2495 13.4124
internal_count=1981 91 1890 249 1641 1547 113 1473 84 1389 94 136 88 1342 1297 1239 1186 1112 1059 1020 279 741 635 374 330 271 106 230 149 81
is_linear=0
shrinkage=0.05


Tree=198
num_leaves=31
num_cat=0
split_feature=11 4 13 19 19 3 12 14 14 14 19 11 15 3 9 2 19 3 4 11 4 6 2 3 3 5 9 4 9 13
split_gain=1.3582 1.3212 1.34224 2.15257 1.6439 1.22885 2.66336 0.863012 1.47812 1.3584 1.11036 0.953369 1.98328 1.44389 3.41167 3.31419 4.21234 2.83713 2.03525 1.98085 1.18542 1.17623 1.55025 1.5839 3.5391 1.8065 1.93486 2.29862 1.75338 1.67114
threshold=0.98990400000000012 0.024840500000000005 0.11987650000000001 2.7319910000000003 5.3558885000000016 -0.07643599999999999 -0.061470999999999991 0.068146500000000013 0.056972000000000002 0.050038500000000007 7.918197000000001 0.012579000000000002 1.5000000000000002 -0.011581999999999997 0.19011650000000005 0.019950000000000006 1.5588140000000001 0.0046840000000000007 -0.037926999999999995 0.33541650000000006 -0.0020179999999999994 0.029372500000000006 0.024608500000000002 0.045892000000000009 0.050205500000000007 0.025365500000000003 0.19695600000000002 -0.037926999999999995 0.0076195000000000004 0.019229500000000004
decision_type=2 2 2 2 2 2 2 2 2 2 2 2 2 2 2 2 2 2 2 2 2 2 2 2 2 2 2 2 2 2
left_child=5 -2 -3 -4 -5 -1 -7 8 9 10 11 12 -8 14 18 16 17 -15 -13 -18 -14 -17 -23 25 -25 -24 27 -27 -26 -30
right_child=1 2 3 4 -6 6 7 -9 -10 -11 -12 13 20 15 -16 21 19 -19 -20 -21 -22 22 23 24 28 26 -28 -29 29 -31
leaf_value=0.016928632233023627 0.032474813619650565 -0.01132861411919539 -0.0074167874172808013 0.037619642498536984 0.0065715432581091096 -0.032499685431867716 -0.0064536133420423532 -0.017928432413796058 0.022493784794030872 -0.021351817015906892 0.017997382988333394 -0.024758740604771842 0.036147360998189375 -0.059422015341054048 0.031590907778304221 0.01741944934662952 -0.023105759218849727 -0.018752532146406077 0.010887698600690252 0.010805240544347975 0.0086353103889799162 0.022730279761251353 -0.037758967444041294 0.037491913461899569 0.015925045212685694 0.027915759499855104 -0.024415045759904625 -0.0073308905746853103 0.012665774866871291 -0.0077938614934627091
leaf_weight=9.6763544455170614 5.2866778112947932 8.7434924244880659 9.8259135186672228 8.4548179879784602 8.5995940752327424 6.6331036798655978 13.451592456549408 6.8688382152467957 7.1213906668126574 7.6505408994853488 8.3189276121556741 7.2940582484006908 6.4485792368650481 6.7442931644618538 10.333226397633551 9.1713424324989301 6.4009747263044146 11.775611680001019 8.8782545849680918 13.159957122057675 9.966696791350838 6.5155635103583327 5.253668136894702 6.3365396820008746 12.591357398778198 6.0757195949554434 10.51439245790243 19.381156455725435 12.019520878791807 58.837279245257378
leaf_count=59 36 52 58 47 48 41 79 69 43 48 49 42 41 45 67 54 45 69 53 83 54 40 33 37 70 37 61 120 72 341
internal_value=0.00062623 0.00915011 0.00568865 0.0112239 0.0219638 -0.000587037 -0.00119727 -0.000431409 2.34194e-05 -0.000598939 3.74968e-05 -0.000582064 0.00777963 -0.00176407 0.00914934 -0.00332955 -0.0164725 -0.0335629 -0.00518961 -0.000291544 0.0194431 8.22032e-05 -0.00107399 -0.00225786 0.00146744 -0.0103713 -0.00637126 0.00108133 -0.00126803 -0.00432327
internal_weight=328.329 40.9105 35.6238 26.8803 17.0544 287.419 277.743 271.109 264.241 257.119 249.469 241.15 29.8669 211.283 26.5055 184.777 38.0808 18.5199 16.1723 19.5609 16.4153 146.697 137.525 131.01 89.7847 41.2249 35.9713 25.4569 83.4482 70.8568
internal_count=1993 241 205 153 95 1752 1693 1652 1583 1540 1492 1443 174 1269 162 1107 242 114 95 128 95 865 811 771 520 251 218 157 483 413
is_linear=0
shrinkage=0.05


Tree=199
num_leaves=31
num_cat=0
split_feature=1 11 11 7 7 0 0 5 11 1 0 11 1 1 3 4 12 12 1 13 4 1 1 19 15 11 1 3 5 5
split_gain=1.16662 1.28757 2.56979 1.02122 1.28769 0.905415 2.09885 2.26646 1.556 1.33934 2.04617 2.19853 1.2616 1.10944 1.86066 2.23873 1.55276 1.13028 0.926245 1.1903 2.64892 1.90121 3.5239 2.04207 1.94898 1.73852 2.26197 1.57595 1.14598 1.32164
threshold=0.0021495000000000008 0.43405800000000005 0.7920600000000001 0.80026700000000017 0.66398150000000011 4.7830630000000012 5.7054620000000016 0.030961000000000006 0.5870835000000002 0.074788500000000022 7.2843695000000013 0.46273150000000007 0.13361350000000002 0.097343000000000013 0.18908900000000003 0.35023700000000008 0.12047200000000001 0.094156500000000018 0.074021500000000018 0.13452350000000005 0.11257100000000002 0.010631000000000002 0.014010500000000002 0.82042850000000012 1.5000000000000002 0.9240385000000001 0.061748000000000004 0.089767500000000014 0.028084500000000002 0.039722000000000007
decision_type=2 2 2 2 2 2 2 2 2 2 2 2 2 2 2 2 2 2 2 2 2 2 2 2 2 2 2 2 2 2
left_child=1 3 -3 4 -1 13 8 -8 -7 10 -9 -12 -11 14 15 16 17 18 19 20 21 24 -23 -24 -2 26 27 28 -25 -30
right_child=5 2 -4 -5 -6 6 7 9 -10 12 11 -13 -14 -15 -16 -17 -18 -19 -20 -21 -22 22 23 25 -26 -27 -28 -29 29 -31
leaf_value=-0.021912905214316061 0.0015080660439482408 0.016262667058129961 -0.020133497075228209 -0.031623672887738263 0.0089198763408787751 -0.0022867759985538759 0.025105195893385737 0.01022391114180223 -0.033646365308911581 0.01702479998547601 0.0018347383416853831 -0.035761997541098635 -0.0083828811846731049 0.020810883305690496 -0.021845455533955258 0.032071873689550869 -0.019836508730226032 0.019737097638959974 -0.013605881181640939 -0.014110213149420861 0.027278827713249677 -0.033651446876190268 -0.023039283770594672 -0.008622238577747892 0.03732544491677816 0.023571608217103392 0.03058768360576658 -0.021588012410621849 0.011706174593831099 -0.0024151660932510925
leaf_weight=7.3098878748714942 7.4517572037875635 12.677058830857279 7.8548219464719287 6.5757443569600573 6.3089188486337662 7.716035082936286 9.0918285027146322 8.1318060643970984 8.1163907498121244 12.53426553681493 6.535355910658839 9.6005642283707839 8.0067503824830037 9.6124139055609685 7.0304761230945578 7.0137335024774066 6.9821218699216834 10.984646856784819 7.832647591829299 8.5859075970947725 12.291210150346158 6.9170908071100703 7.0406939312815657 18.156703293323517 7.7461482398211956 11.025131065398453 6.7523638047277919 7.3588332757353774 37.895085753872991 29.442692253738642
leaf_count=49 48 86 55 55 41 45 52 47 50 69 35 62 45 61 48 44 41 62 46 53 71 45 37 105 42 70 39 46 221 179
internal_value=0.0014284 -0.00647829 0.00233869 -0.0154425 -0.0076296 0.00257904 -0.00235773 0.00234358 -0.0183631 -0.00227483 -0.0102278 -0.0205346 0.00712106 0.00421742 0.00342192 0.00434008 0.00329696 0.00419689 0.00318379 0.00400232 0.0050249 0.00306815 0.00103156 0.00307033 0.0197637 0.00473198 0.00264666 0.000614771 0.00252585 0.00553178
internal_weight=320.579 40.7264 20.5319 20.1946 13.6188 279.853 69.733 53.9006 15.8324 44.8087 24.2677 16.1359 20.541 210.12 200.507 193.477 186.463 179.481 168.496 160.664 152.078 139.786 124.589 117.672 15.1979 110.631 99.6057 92.8533 85.4945 67.3378
internal_count=1949 286 141 145 90 1663 405 310 95 258 144 97 114 1258 1197 1149 1105 1064 1002 956 903 832 742 697 90 660 590 551 505 400
is_linear=0
shrinkage=0.05


end of trees

feature_importances:
vol_trend5=497
vol_std20=442
dist_ath300=439
range_pct=423
bb_pct=408
ret1=406
vol_ratio=404
ret5=399
atr_pct=397
close_pos=369
ret3=356
ret20=332
ema50_dist=326
rsi14=324
ema20_dist=279
dow=121
mom_consist=67
hi20_break=11

parameters:
[boosting: gbdt]
[objective: binary]
[metric: auc]
[tree_learner: serial]
[device_type: cpu]
[data_sample_strategy: bagging]
[data: ]
[valid: ]
[num_iterations: 200]
[learning_rate: 0.05]
[num_leaves: 31]
[num_threads: 0]
[seed: 42]
[deterministic: 0]
[force_col_wise: 0]
[force_row_wise: 0]
[histogram_pool_size: -1]
[max_depth: -1]
[min_data_in_leaf: 40]
[min_sum_hessian_in_leaf: 0.001]
[bagging_fraction: 0.8]
[pos_bagging_fraction: 1]
[neg_bagging_fraction: 1]
[bagging_freq: 1]
[bagging_seed: 400]
[bagging_by_query: 0]
[feature_fraction: 0.8]
[feature_fraction_bynode: 1]
[feature_fraction_seed: 30056]
[extra_trees: 0]
[extra_seed: 12879]
[early_stopping_round: 0]
[early_stopping_min_delta: 0]
[first_metric_only: 0]
[max_delta_step: 0]
[lambda_l1: 0]
[lambda_l2: 0]
[linear_lambda: 0]
[min_gain_to_split: 0]
[drop_rate: 0.1]
[max_drop: 50]
[skip_drop: 0.5]
[xgboost_dart_mode: 0]
[uniform_drop: 0]
[drop_seed: 17869]
[top_rate: 0.2]
[other_rate: 0.1]
[min_data_per_group: 100]
[max_cat_threshold: 32]
[cat_l2: 10]
[cat_smooth: 10]
[max_cat_to_onehot: 4]
[top_k: 20]
[monotone_constraints: ]
[monotone_constraints_method: basic]
[monotone_penalty: 0]
[feature_contri: ]
[forcedsplits_filename: ]
[refit_decay_rate: 0.9]
[cegb_tradeoff: 1]
[cegb_penalty_split: 0]
[cegb_penalty_feature_lazy: ]
[cegb_penalty_feature_coupled: ]
[path_smooth: 0]
[interaction_constraints: ]
[verbosity: -1]
[saved_feature_importance_type: 0]
[use_quantized_grad: 0]
[num_grad_quant_bins: 4]
[quant_train_renew_leaf: 0]
[stochastic_rounding: 1]
[linear_tree: 0]
[max_bin: 255]
[max_bin_by_feature: ]
[min_data_in_bin: 3]
[bin_construct_sample_cnt: 200000]
[data_random_seed: 175]
[is_enable_sparse: 1]
[enable_bundle: 1]
[use_missing: 1]
[zero_as_missing: 0]
[feature_pre_filter: 1]
[pre_partition: 0]
[two_round: 0]
[header: 0]
[label_column: ]
[weight_column: ]
[group_column: ]
[ignore_column: ]
[categorical_feature: ]
[forcedbins_filename: ]
[precise_float_parser: 0]
[parser_config_file: ]
[objective_seed: 16083]
[num_class: 1]
[is_unbalance: 0]
[scale_pos_weight: 1]
[sigmoid: 1]
[boost_from_average: 1]
[reg_sqrt: 0]
[alpha: 0.9]
[fair_c: 1]
[poisson_max_delta_step: 0.7]
[tweedie_variance_power: 1.5]
[lambdarank_truncation_level: 30]
[lambdarank_norm: 1]
[label_gain: ]
[lambdarank_position_bias_regularization: 0]
[eval_at: ]
[multi_error_top_k: 1]
[auc_mu_weights: ]
[num_machines: 1]
[local_listen_port: 12400]
[time_out: 120]
[machine_list_filename: ]
[machines: ]
[gpu_platform_id: -1]
[gpu_device_id: -1]
[gpu_use_dp: 0]
[num_gpu: 1]

end of parameters

pandas_categorical:[]
