{
  "lr": 0.05038115364882556,
  "nl": 82,
  "mdl": 23,
  "ff": 0.7394661183764504,
  "bf": 0.994885813364315,
  "bfreq": 5,
  "ra": 0.005813486806859889,
  "rl": 1.0236610241633226,
  "objective": "binary",
  "metric": "auc",
  "verbosity": -1,
  "num_threads": 14,
  "scale_pos_weight": 3.0
}