tree
version=v4
num_class=1
num_tree_per_iteration=1
label_index=0
max_feature_idx=53
objective=binary sigmoid:1
feature_names=pre1_bb_width pre3_bb_width pre5_bb_width pre1_vol_ratio pre3_vol_ratio pre5_vol_ratio pre1_rsi pre3_rsi pre5_rsi pre3_momentum_5d pre5_momentum_5d pre5_bb_position pre5_compression_days pre3_adx pre5_adx pre3_macd_hist pre5_macd_hist pre1_adx pre1_macd_hist pre1_rsi_slope pre1_ema_align pre1_ema20_slope pre1_di_diff pre1_body_ratio pre1_lower_shadow pre1_bar_direction pre1_sector_ad_ratio pre1_sector_pct_ema20 pre1_turnover_ratio pre1_usdegp_chg pre1_vix_level pre1_oil_chg pre1_spread_bps w_rsi w_bb_position mo_trend w_vol_compression obv_slope_5d adl_divergence closing_strength vol_dryup_days dtw_similarity dtw_expected_gain net_accumulation_20d up_volume_ratio_10d range_compression_20d vcp_score base_tightness_10d higher_lows_streak breakout_proximity rs_vs_market_5d rs_vs_market_20d rs_vs_sector_10d rs_rank_pct
feature_infos=[7.9999998596133604e-14:2.8289906978607178] [7.9999998596133604e-14:2.8289906978607178] [7.9999998596133604e-14:2.4342544078826904] [9.9953767858096398e-06:19.935102462768555] [1.0964097782562021e-05:19.987127304077148] [1.6812753074191278e-06:19.716720581054688] [0:100] [0:100] [0:100] [-0.60769230127334595:17] [-0.52380955219268799:6.9365077018737793] [-0.56213229894638062:1.5621322393417358] [0:65] [0:100] [0:100] [-377.5499267578125:656.926025390625] [-404.40716552734375:588.38897705078125] [0:100] [-265.58517456054688:656.926025390625] [-33.333332061767578:33.333332061767578] [0:3] [-0.17801684141159058:14.344566345214844] [-96.153846740722656:100] [0:1] [0:1] [-1:1] [0.028200000524520874:12] [0.083300001919269562:50] [1:773912000] none none none none [0:1] [0:1] [0:1] [3.0161340873746667e-06:1] [0.28138163685798645:0.72629678249359131] [0.1809958815574646:0.76082056760787964] [0:1] [0:1] none none [0.25:0.77499997615814209] [0:1] [0:1] [0:1] [0:1] [0:0.89999997615814209] none [0:1] [0:1] none none
tree_sizes=3421 3401 3413 3397 3407 3405 3425 3420 3433 3417 3427 3438 3450 3426 3430 3426 3423 3426 3429 3422 3442 3447 3435 3420 3444 3430 3450 3437 3431 3458 3438 3429 3469 3465 3440 3454 3438 3436 3427 3444 3450 3447 3445 3467 3429 3462 3464 3440 3437 3428 3437 3436 3440 3434 3457 3464 3443 3436 3454 3450 3447 3426 3461 3459 3447 3417 3434 3460 3449 3433 3444 3442 3416 3453 3421 3425 3475 3441 3420 3416 3438 3431 3425 3423 3425 3459 3399 3447 3417 3404 3430 3417 3445 3437 3425 3448 3410 3426 3422 3430 3425 3424 3405 3413 3432 3413 3456 3422 3431 3417 3416 3403 3399 3430 3432 3425 3427 3442 3419 3424 3410 3437 3425 3441 3437 3412 3415 3426 3429 3423 3414 3426 3400 3423 3418 3423 3423 3431 3418 3438 3426 3443 3399 3432 3422 3422 3409 3420 3414 3421 3399 3404 3394 3438 3404 3408 3378 3447 3407 3391 3425 3424 3438 3424 3430 3411 3396 3399 3415 3429 3428 3401 3434 3397 3422 3431 3407 3398 3428 3425 3420 3405 3410 3433 3421 3420 3414 3412 3426

Tree=0
num_leaves=31
num_cat=0
split_feature=50 36 0 34 38 35 50 36 38 0 35 36 37 28 10 34 36 11 8 14 11 21 2 37 47 10 34 34 0 19
split_gain=5466.24 2960.82 1500.26 987.992 448.103 413.455 392.723 413.012 331.907 218.976 174.084 157.521 132.851 120.341 119.269 116.394 113.795 126.119 96.6102 95.3298 93.3865 85.6157 81.5994 77.9475 77.0737 76.8392 76.1941 73.4173 71.0192 70.3365
threshold=0.6108776628971101 0.33003412187099462 0.22681584954261783 0.90247890353202831 0.52609914541244518 0.52380511164665233 0.81953829526901256 0.13065858185291293 0.4407558292150498 0.065944891422986998 0.68423491716384899 0.12632197886705401 0.46153222024440771 937.00000000000011 -0.080407045781612382 0.4993435144424439 0.12376045435667039 0.49982154369354254 60.000730514526374 51.902395248413093 0.41513340175151831 -0.020678164437413212 0.10910725593566896 0.52010843157768261 0.20646519213914874 -0.020705495029687878 0.41470393538475042 0.98606601357460033 0.33622056245803839 1.0690409541130068
decision_type=2 2 2 2 2 2 2 2 2 2 2 2 2 2 2 2 2 2 2 2 2 2 2 2 2 2 2 2 2 2
left_child=1 2 3 8 16 12 7 10 9 -1 22 19 -3 -6 29 21 17 -4 -5 -11 -13 -9 -2 -16 -12 -14 28 -19 -7 -10
right_child=6 5 4 18 13 26 -8 15 14 11 24 20 25 -15 23 -17 -18 27 -20 -21 -22 -23 -24 -25 -26 -27 -28 -29 -30 -31
leaf_value=-0.381379785119768 -0.37398969198321208 -0.3308808163033593 -0.057959418060395979 -0.012982014789799268 -0.089130429704747938 -0.31309948797074427 -0.0017687682761776957 -0.021895594065435398 -0.29391765337793341 -0.35319431411742575 -0.381379785119768 -0.10372726949316656 -0.074158147176700634 -0.29568456501880558 -0.36443554547221735 -0.032712008762425027 -0.038727090540123882 -0.28894099389097216 -0.17241853288836501 -0.16027619011870234 -0.24770604315866554 -0.23738272451709319 -0.20611865694919576 -0.29353191440250698 -0.061967583448216512 -0.18915160058560229 -0.022192030587489975 -0.067163974447117997 0.0054208344931528374 -0.032729364376818254
leaf_weight=90.100848913192749 40.594887971878052 41.585007071495056 88.120608806610107 112.37852883338928 34.901701867580414 17.574616134166721 3129.5192509889603 29.208516299724579 24.010390937328339 85.15025269985199 8.1684835553169233 136.14139026403427 106.43781405687332 147.03270334005356 973.78225082159042 1183.9350317120552 330.94734215736389 58.417033731937408 57.426914036273956 36.634410560131073 67.328106462955475 50.001020193099976 100.99215924739838 184.40970355272293 100.4970988035202 127.97290760278702 926.2565091252327 20.049913823604584 11.633900523185728 18.069675385951996
leaf_count=364 162 150 110 94 53 63 2377 26 79 324 33 220 146 488 3794 1219 355 194 130 76 198 142 254 605 128 305 850 27 7 19
internal_value=-0.0942327 -0.18497 -0.24823 -0.296358 -0.121765 -0.0583488 -0.0219936 -0.0638161 -0.320475 -0.243426 -0.181182 -0.20521 -0.166159 -0.25606 -0.347138 -0.0405637 -0.0726577 -0.140065 -0.0669022 -0.295162 -0.15137 -0.157922 -0.25425 -0.353146 -0.0859781 -0.136937 -0.0272067 -0.232272 -0.186231 -0.18176
internal_weight=8339.28 3696.36 2464.9 1785.43 679.469 1231.46 4642.92 1513.4 1615.63 415.355 250.253 325.254 275.996 181.934 1200.27 1263.14 497.535 166.588 169.805 121.785 203.469 79.2095 141.587 1158.19 108.666 234.411 955.465 78.4669 29.2085 42.0801
internal_count=12992 8651 7130 5903 1227 1521 4341 1964 5679 1182 577 818 601 541 4497 1387 686 331 224 400 418 168 416 4399 161 451 920 221 70 98
is_linear=0
shrinkage=1


Tree=1
num_leaves=31
num_cat=0
split_feature=50 36 0 34 38 35 50 36 38 0 36 35 34 19 11 10 34 47 36 8 34 21 2 9 11 47 37 0 50 34
split_gain=4344.51 2388.45 1230.79 817.206 359.657 328.011 310.713 326.653 308.218 271.891 158.988 150.211 119.828 112.764 102.905 102.222 100.242 98.0023 104.517 83.5398 81.4591 72.0289 68.7679 66.6948 65.3243 63.8321 61.893 62.8928 61.5298 61.3625
threshold=0.6108776628971101 0.33003412187099462 0.22681584954261783 0.92524799704551708 0.52609914541244518 0.52380511164665233 0.82526713609695446 0.12946759164333346 0.49999482929706579 0.082412816584110274 0.172416627407074 0.68423491716384899 0.49647660553455358 1.0000000180025095e-35 -0.035322913900017731 -0.095643043518066392 0.4993435144424439 0.4211482852697373 0.12522951513528827 60.621191024780281 0.4993435144424439 -0.020678164437413212 0.10910725593566896 0.097199622541666045 0.80205491185188305 0.20646519213914874 0.52560847997665416 0.11519149690866472 0.38400557637214666 0.9463411569595338
decision_type=2 2 2 2 2 2 2 2 2 2 2 2 2 2 2 2 2 2 2 2 2 2 2 2 2 2 2 2 2 2
left_child=1 2 3 8 17 13 7 11 9 -1 14 22 -12 20 -11 -6 21 18 -4 -14 -3 -9 -2 -17 -5 -13 -10 -28 -22 -18
right_child=6 5 4 24 15 -7 -8 16 26 10 12 25 19 -15 -16 23 29 -19 -20 -21 28 -23 -24 -25 -26 -27 27 -29 -30 -31
leaf_value=-0.14659182911239499 -0.16205290714849593 -0.17931302792971726 -0.035641970892538455 0.16712516362350183 0.1119572650989895 0.1534759034514758 0.17639686090715009 0.1581406236294893 -0.15928192353775358 0.12168234655689797 -0.10770747619456721 -0.16829184578425355 0.10478581163604204 0.077399655128454939 -0.089141541915384245 -0.1174208789519661 0.13124681019837101 0.15180486322215792 0.11171307238813528 -0.11429402878828968 -0.17833667886835855 -0.038156804433803176 -0.0070501589564691686 0.056826985219535921 0.01296277121414195 0.12566038965493689 -0.13450373787116254 0.059358777775375418 0.062118498955342771 0.17711322824870149
leaf_weight=258.01858678460121 39.874744266271591 34.688985735177994 72.253790885210037 118.30198249220848 31.599132165312767 964.4567292034626 3120.2476620972157 29.496464505791664 777.99096120893955 25.471982195973396 41.99395751953125 7.9571334421634665 155.9614524692297 177.93770742416382 254.25946418941021 122.09665040671825 758.03084596991539 284.61295947432518 144.19592253863811 19.592109233140945 13.505256175994871 51.036660328507423 101.42953389883041 26.78520604968071 35.805460467934608 103.1552562713623 44.783772483468056 26.718518018722534 50.192252337932587 474.12432208657265
leaf_count=1006 163 141 200 102 48 920 2337 26 3147 35 147 33 241 310 851 438 881 293 193 70 55 147 256 55 82 127 167 55 95 371
internal_value=0.0942849 0.0129885 -0.0444464 -0.0886526 0.0696391 0.125955 0.158159 0.121798 -0.109775 -0.0632979 -0.02008 0.0176157 0.0440374 0.0298979 -0.0699442 -0.0514005 0.141831 0.113237 0.062524 0.0803361 -0.0560118 0.0337401 -0.0507905 -0.0860721 0.131307 0.104609 -0.151099 -0.0620624 0.0111368 0.148896
internal_weight=8366.58 3681.22 2440.44 1758.9 681.544 1240.78 4685.35 1565.1 1604.79 755.298 497.279 252.417 217.548 276.324 279.731 180.481 1312.69 501.063 216.45 175.554 98.3865 80.5331 141.304 148.882 154.107 111.112 849.493 71.5023 63.6975 1232.16
internal_count=12992 8651 7130 5903 1227 1521 4341 2004 5719 2350 1344 579 458 601 886 541 1425 686 393 311 291 173 419 493 184 160 3369 222 150 1252
is_linear=0
shrinkage=0.1


Tree=2
num_leaves=31
num_cat=0
split_feature=50 36 0 36 0 34 38 35 34 38 1 35 50 47 11 47 38 47 10 9 34 34 37 36 5 35 39 34 8 0
split_gain=3533.83 1503.66 814.396 627.282 913.243 529.834 243.375 234.122 174.725 167.409 181.819 141.689 136.877 118.703 105.861 103.927 100.632 91.6617 81.8981 84.0797 76.7165 73.9973 71.2151 64.6418 72.232 61.9077 61.4915 61.4258 73.5348 61.7462
threshold=0.51859572529792797 0.33003412187099462 0.24385641515254977 0.21638932824134829 0.15885286033153537 0.91602271795272838 0.52609914541244518 0.51382675766944896 0.95568606257438671 0.49999482929706579 0.10502716898918153 0.54327899217605602 0.85089081525802623 0.23714017122983935 0.41513340175151831 0.31498947739601141 0.53010928630828869 0.31937609612941747 -0.095643043518066392 0.097199622541666045 0.29946327209472662 0.469605103135109 0.54123768210411083 0.52346986532211315 1.0659272670745852 0.52558875083923351 0.37254875898361212 0.87973359227180492 58.978197097778327 0.22681584954261783
decision_type=2 2 2 2 2 2 2 2 2 2 2 2 2 2 2 2 2 2 2 2 2 2 2 2 2 2 2 2 2 2
left_child=1 2 5 4 8 9 17 21 13 10 -1 15 16 22 20 23 -6 -4 -8 -20 -12 -3 -2 24 -5 -24 -22 28 -9 -30
right_child=3 7 6 11 12 -7 18 27 -10 -11 14 -13 -14 -15 -16 -17 -18 -19 19 -21 26 -23 25 -25 -26 -27 -28 -29 29 -31
leaf_value=-0.13480746498140209 -0.15760637332831096 -0.10538936092976857 -0.025605660624369649 0.067974679508375102 0.09485643738981378 0.11390563113640279 0.1004357092964102 0.12253217588697268 0.11729877098330853 -0.14419735739713441 -0.14395160678720256 0.16037317689843045 0.15167308156909454 0.0044593687072546169 -0.093951743179538916 0.15566197404614365 -0.07953607888992309 0.12460719573920942 -0.13716559577104459 0.071398374092047259 -0.029565693819678242 0.041565135478553131 -0.16043931457480232 0.11839102962195409 -0.079613755156886457 0.023669281641139978 0.099254902653699253 0.16759128111061283 -0.1106941641968146 0.10972583085911095
leaf_weight=247.59334644675255 155.14606280624866 49.174859195947647 47.425347700715065 159.06243818998337 448.11600349843502 111.13315314054489 27.630725651979446 335.93596178293228 53.304314896464348 752.04190438985825 22.643908575177193 3340.2480022758245 674.84206652641296 119.04281848669052 115.31788186728954 291.34028227627277 35.726960688829422 283.22689110040665 88.461909562349319 24.73345673084259 58.047262921929359 113.01017695665359 28.250255987048149 191.5695366859436 41.894928872585297 51.667537048459053 102.46180123090744 271.59916633367538 26.849131628870964 24.131352588534355
leaf_count=979 634 172 123 275 666 141 41 374 67 3103 90 2553 558 282 399 241 117 325 346 46 164 230 116 230 128 115 165 197 86 29
internal_value=0.0856033 -0.00830877 -0.0575933 0.130985 0.0772892 -0.0956555 0.0561741 0.104632 -0.0514913 -0.113596 -0.0714527 0.151883 0.12257 -0.0768996 -0.0188974 0.110413 0.0819793 0.103062 -0.0539168 -0.0915939 0.0283588 -0.00299179 -0.118102 0.0768277 0.0372059 -0.0414115 0.0526676 0.131138 0.105549 -0.00635948
internal_weight=8291.63 2701.42 1880.72 5590.21 1566.1 1409.24 471.478 820.701 407.411 1298.11 546.064 4024.12 1158.69 354.107 298.471 683.867 483.843 330.652 140.826 113.195 183.153 162.185 235.064 392.527 200.957 79.9178 160.509 658.516 386.916 50.9805
internal_count=12992 7010 5922 5982 2555 5041 881 1088 1214 4900 1797 3427 1341 1147 818 874 783 448 433 392 419 402 865 633 403 231 329 686 489 115
is_linear=0
shrinkage=0.1


Tree=3
num_leaves=31
num_cat=0
split_feature=50 36 2 38 34 50 36 36 35 47 28 0 34 38 0 36 36 12 35 19 34 22 35 35 1 10 34 26 13 2
split_gain=2944.88 1604.12 881.269 496.816 382.2 238.882 248.949 235.589 229.554 159.908 147.118 143.181 103.873 98.8774 105.243 93.806 90.2342 90.7516 86.0951 83.0936 76.7564 68.8929 73.9463 63.9347 62.7418 58.9202 72.428 54.626 54.2265 71.0609
threshold=0.6108776628971101 0.33003412187099462 0.14405419677495959 0.52609914541244518 0.96796920895576488 0.98091307282447826 0.12946759164333346 0.10941982269287111 0.52106970548629772 0.60789236426353466 937.00000000000011 0.15372272580862048 0.29946327209472662 0.49999482929706579 0.070260383188724532 0.2089553847908974 0.172416627407074 9.5000000000000018 0.54327899217605602 1.0000000180025095e-35 0.41470393538475042 16.667501449584964 0.49978068470954901 0.49778652191162115 0.37432198226451879 -0.065417837351560579 0.94242927432060253 4.4583499431610116 39.817930221557624 0.20338074117898944
decision_type=2 2 2 2 2 2 2 2 2 2 2 2 2 2 2 2 2 2 2 2 2 2 2 2 2 2 2 2 2 2
left_child=1 2 4 7 13 6 11 9 19 -4 -5 -2 -9 14 -1 27 -12 -18 28 23 24 22 -17 -3 -10 -14 -27 -16 -8 -30
right_child=5 8 3 10 -6 -7 18 12 20 -11 16 -13 25 -15 15 21 17 -19 -20 -21 -22 -23 -24 -25 -26 26 -28 -29 29 -31
leaf_value=-0.14430451174446779 -0.061864896966822437 -0.14341770341864876 -0.064433920199709865 0.096469682953282759 0.11744677981809462 0.15439826999380832 0.10058615611162341 -0.11396047610716234 -0.13500044774069433 0.12258245378007329 -0.13268365016136108 0.074294797863622739 0.15324543921591777 -0.1448272740027492 -0.10003778530808523 -0.15281794517533406 -0.079336825149724316 0.1385210994842834 0.13350341046202183 0.061780910239515041 0.13110565185792236 -0.17015879946333667 0.10113362417136965 0.023300516765504958 0.15810991164695087 0.052327699559976494 0.14243093629983286 0.10573622936328063 -0.071145836484981767 0.11384066513485369
leaf_weight=182.96293027698994 110.71547518670559 43.909927472472191 185.30653195083141 43.706435799598694 74.910362705588341 2284.2788940966129 293.70890711247921 22.236880213022232 19.948335334658626 60.696194648742676 229.31713478267193 255.35768358409405 182.33242566883564 566.91040374338627 200.99792982637882 13.528984889388083 65.402919933199883 27.020425066351891 1550.1819722652435 170.23087923228741 928.64093318581581 14.87198059260845 75.196745082736015 48.309003248810768 11.520380795001982 250.92016431689262 138.43026702105999 13.785680443048475 47.546976700425148 36.867658719420433
leaf_count=790 347 174 589 71 85 1617 372 81 72 67 951 398 148 2477 733 54 238 40 1428 301 861 62 114 106 7 479 128 23 137 42
internal_value=0.0784188 0.0103528 -0.0380037 0.0216517 -0.100905 0.131506 0.108715 0.0639995 0.103245 -0.0182914 -0.0756779 0.0331145 0.0980845 -0.116217 -0.0838651 -0.0491326 -0.0990631 -0.015645 0.123068 0.0203665 0.125901 0.0290243 0.0624108 -0.0560822 -0.0276957 0.106332 0.0843631 -0.0868304 0.0802841 0.00964607
internal_weight=8149.75 3571.09 2348.53 1205.37 1143.17 4578.66 2294.38 839.922 1222.56 246.003 365.447 366.073 593.92 1068.25 501.344 318.381 321.74 92.4233 1928.31 262.45 960.11 103.598 88.7257 92.2189 31.4687 571.683 389.35 214.784 378.124 84.4146
internal_count=12992 8651 7130 2792 4338 4341 2724 1492 1521 656 1300 745 836 4253 1776 986 1229 278 1979 581 940 230 168 280 79 755 607 756 551 179
is_linear=0
shrinkage=0.1


Tree=4
num_leaves=31
num_cat=0
split_feature=50 36 2 38 34 50 36 35 36 10 28 35 38 0 34 23 37 2 34 26 34 37 11 19 44 10 5 36 47 39
split_gain=2457.57 1329.74 750.472 399.5 397.058 218.363 214.492 194.307 175.033 130.627 114.392 106.233 98.7569 89.8245 81.8097 78.5835 75.69 75.4563 71.4618 64.7554 63.8611 60.8595 81.1052 62.5041 59.0794 57.934 60.5345 56.2433 67.8231 55.3725
threshold=0.6108776628971101 0.33003412187099462 0.16094149649143222 0.52609914541244518 0.93590918183326732 0.85089081525802623 0.12946759164333346 0.52106970548629772 0.11059579253196718 -0.11507607996463774 937.00000000000011 0.68232822418212902 0.4407558292150498 0.065944891422986998 0.46550130844116216 0.91666665673255932 0.46153222024440771 0.14171250164508822 0.29946327209472662 0.70714998245239269 0.41470393538475042 0.5123581886291505 0.11498274281620981 4.430394411087037 0.81713682413101207 -0.031249999068677422 0.95997977256774913 0.2089553847908974 0.26980355381965643 0.99999997019767772
decision_type=2 2 2 2 2 2 2 2 2 2 2 2 2 2 2 2 2 2 2 2 2 2 2 2 2 2 2 2 2 2
left_child=1 2 4 8 12 6 11 16 9 -4 -5 29 13 -1 17 24 -3 -8 -10 -15 -9 -14 -23 -24 -11 -18 -27 28 -21 -2
right_child=5 7 3 10 -6 -7 14 20 18 15 -12 -13 21 19 -16 -17 25 -19 -20 27 -22 22 23 -25 -26 26 -28 -29 -30 -31
leaf_value=-0.14600513832174952 -0.071635448680807318 -0.1108881790626968 0.14008410875140151 0.085048093565112184 0.10328335446298711 0.13859813601250986 -0.1393348125938785 -0.02526519976295263 -0.095638415174850458 -0.10811725685839793 -0.094068888420060545 0.080592839844992714 -0.13727243093798699 -0.12193074882988333 0.11397072835024019 0.090289844686469181 0.10860528897622893 0.078826705632918659 0.10356418553537161 -0.092868916643099569 0.12071816636004905 0.066416560647833994 -0.13227914270598418 0.036380806258401475 0.075834547045043971 0.043279210819326529 -0.10185769442909423 0.079667617822769307 0.092084165961138553 0.10479740212749111
leaf_weight=79.262462377548218 125.56013543903828 38.595153838396072 46.18699686229229 41.208394646644592 99.337519004940987 2793.6868750303984 24.298274204134941 30.987919509410858 18.662270531058311 120.72048884630203 264.5760291069746 119.01379583775997 648.29836991429329 49.14062574505806 1337.936667367816 32.814077690243721 80.468758672475815 45.619728907942772 514.28012484312057 68.963962599635124 908.71013280749321 34.251906737685204 129.05911508202553 26.481309592723846 20.411377727985382 102.04718554019928 40.002439990639687 66.664462372660637 27.827047392725945 20.724381923675537
leaf_count=369 406 147 43 68 116 2177 89 79 67 440 1048 177 2947 194 1390 52 104 69 642 256 861 73 554 65 37 200 130 110 49 33
internal_value=0.0723673 0.00947989 -0.0352432 0.0264636 -0.088395 0.121487 0.0929174 0.0946997 0.0656042 -0.00940903 -0.0699306 0.0104372 -0.105246 -0.0551488 0.10846 -0.0491032 0.0183888 0.00301006 0.0965886 -0.0212748 0.115904 -0.122692 -0.0728877 -0.103564 -0.081513 0.0408115 0.00240737 0.00898606 -0.0396956 -0.0466399
internal_weight=7955.8 3488.96 2288.15 1058.86 1229.29 4466.84 1673.15 1200.81 753.075 220.133 305.784 265.298 1129.95 291.859 1407.85 173.946 261.114 69.918 532.942 212.596 939.698 838.091 189.792 155.54 141.132 222.518 142.05 163.455 96.791 146.285
internal_count=12992 8651 7130 2397 4733 4341 2164 1521 1281 572 1116 616 4617 978 1548 529 581 158 709 609 940 3639 692 619 477 434 330 415 305 439
is_linear=0
shrinkage=0.1


Tree=5
num_leaves=31
num_cat=0
split_feature=50 36 0 36 0 34 10 34 34 34 47 38 2 37 2 47 38 38 1 37 34 47 35 37 11 1 23 47 47 39
split_gain=2071.87 861.283 520.635 418.404 566.361 344.078 178.416 146.531 114.183 109.186 109.1 102.407 92.8725 92.0101 82.7806 81.0537 72.3104 71.982 66.8717 66.8125 66.6966 62.1876 61.393 57.1151 56.8252 56.5627 56.1616 55.9626 54.0818 74.3463
threshold=0.51859572529792797 0.33003412187099462 0.26336938142776495 0.21638932824134829 0.15885286033153537 0.91602271795272838 -0.065417837351560579 0.49261842668056494 0.95568606257438671 0.4804393351078034 0.47200551629066473 0.52609914541244518 0.22564236074686053 0.50268390774726879 0.092699933797121062 0.23714017122983935 0.43781045079231268 0.50871956348419201 0.076128855347633376 0.49076664447784429 0.98945641517639171 0.11517319083213808 0.57609739899635326 0.54123768210411083 0.8405091166496278 0.12253758311271669 0.79999998211860668 0.10226803645491601 0.3849290162324906 0.30461293458938604
decision_type=2 2 2 2 2 2 2 2 2 2 2 2 2 2 2 2 2 2 2 2 2 2 2 2 2 2 2 2 2 2
left_child=1 2 5 4 8 6 17 12 15 14 13 28 -3 20 -5 23 18 25 -8 -13 26 -9 27 -2 -7 -1 -6 -11 29 -4
right_child=3 7 11 9 10 24 16 21 -10 22 -12 19 -14 -15 -16 -17 -18 -19 -20 -21 -22 -23 -24 -25 -26 -27 -28 -29 -30 -31
leaf_value=-0.15037810164831117 -0.14141724321864726 -0.091550095705971155 -0.17777078803222879 -0.13629440397281609 -0.15388835931815395 0.12582249512490867 -0.14108612918019137 -0.0045533812758567294 0.092653394939810396 -0.06639676617978392 0.12732597000331061 -0.1180312725248881 0.10331826096913897 0.079984940994787868 0.068866699005548301 -0.00022331507666105145 -0.11807913691886832 -0.13328750462924618 -0.01827951045286591 0.03593530614394716 0.1138395945966087 0.10635160057706367 0.13122826236986748 -0.033987245808266342 -0.042831341028688796 0.090762070778780526 0.083035164258452365 0.1041764083087289 0.11051480104202645 0.066229239910967741
leaf_weight=11.004800468683241 141.18637827038765 73.90749928355217 16.315174415707588 23.859621003270149 41.450068548321724 89.441520407795906 62.214041694998741 55.08602200448513 51.195700243115425 19.709502339363098 529.2386779487133 46.868271350860596 36.552997216582298 487.13558295369148 111.92292585968971 115.93169492483139 878.19995538890362 23.336990296840668 154.3375558257103 70.698728799819946 20.764711305499077 615.2675035148859 2787.877542719245 76.195859342813492 25.723480597138405 83.79163683950901 13.188567250967024 797.76839442551136 213.6453210413456 53.229097157716751
leaf_count=51 634 249 65 89 163 88 304 120 67 57 459 193 47 671 178 282 3996 108 439 172 26 672 2219 231 65 122 22 884 232 87
internal_value=0.0671447 -0.00751722 -0.0468876 0.103058 0.0579774 -0.0770334 -0.0927179 0.079653 -0.0463924 0.120847 0.0947351 0.0530112 -0.0270653 0.0640734 0.0328159 -0.0677492 -0.105317 0.024038 -0.0535612 -0.0254437 -0.0387214 0.097238 0.124162 -0.103761 0.0881516 0.0627684 -0.0967002 0.100064 0.085582 0.00898652
internal_weight=7727.05 2509.62 1728.81 5217.43 1476.29 1328.05 1212.88 780.814 384.51 3741.14 1091.78 400.757 110.46 562.539 135.783 333.314 1094.75 118.133 216.552 117.567 75.4033 670.354 3605.36 217.382 115.165 94.7964 54.6386 817.478 283.19 69.5443
internal_count=12992 7010 5922 5982 2555 5173 5020 1088 1214 3427 1341 749 296 882 267 1147 4739 281 743 365 211 792 3160 865 153 173 185 941 384 152
is_linear=0
shrinkage=0.1


Tree=6
num_leaves=31
num_cat=0
split_feature=50 36 2 36 34 50 36 47 35 38 37 10 38 0 36 40 8 38 0 38 28 34 35 10 34 10 34 18 7 21
split_gain=1770.83 925.131 563.699 301.972 245.467 197.973 180.732 165.617 156.687 141.489 133.367 118.363 116.944 111.215 82.4092 83.5358 72.8807 71.5697 72.1373 68.1593 65.5171 60.9997 60.4205 59.1191 66.0602 58.1228 63.6195 55.4005 60.607 68.6166
threshold=0.6108776628971101 0.33003412187099462 0.1405633091926575 0.10941982269287111 0.96796920895576488 0.98091307282447826 0.21638932824134829 0.47200551629066473 0.49978068470954901 0.52815932035446178 0.49115769565105444 -0.060011349618434899 0.52127373218536388 0.10077702626585962 0.52346986532211315 1.0000000180025095e-35 35.012689590454109 0.42945663630962377 0.070260383188724532 0.46751625835895544 8367.0000000000018 0.47509475052356726 0.49778652191162115 -0.022733898833394047 0.91602271795272838 -0.065417837351560579 0.94242927432060253 -0.13859735429286954 58.302892684936531 0.054485416039824493
decision_type=2 2 2 2 2 2 2 2 2 2 2 2 2 2 2 2 2 2 2 2 2 2 2 2 2 2 2 2 2 2
left_child=1 2 4 7 17 6 9 19 11 13 12 -3 21 -2 15 23 -13 18 -1 -4 -9 -5 -15 -10 -25 -12 27 -27 -29 -30
right_child=5 8 3 10 -6 -7 -8 20 14 -11 25 16 -14 22 -16 -17 -18 -19 -20 -21 -22 -23 -24 24 -26 26 -28 28 29 -31
leaf_value=-0.1374294267819279 -0.082937535462245845 0.11403359678030867 -0.025965568066918045 -0.12696635114898092 0.093144878898388836 0.12794166755893549 0.10361179314446689 0.11137191772122182 0.082988618749951559 -0.12294842708218293 0.12759447534727772 0.023189667285048683 -0.10405807227698612 -0.070823668393755965 0.11717980549311394 0.10546433770306247 -0.16336113478149938 -0.11489707857863832 -0.0092345800342198484 -0.12521107402143128 -0.043801349816714061 0.092339523535289569 0.075342898809235878 -0.075085304560749189 0.074715193673607821 -0.11502739238216773 0.11515450408986211 0.081818024694380834 -0.079562170996830286 0.11819313237283346
leaf_weight=63.060574755072594 54.175721183419228 42.411667197942734 106.87141974270344 15.110654309391974 70.922946229577065 2047.1830741614103 1487.4651382565498 69.88976863026619 81.131436988711357 49.060720756649971 170.11780400574207 34.668344497680664 86.358511343598366 29.926518797874451 601.38600571453571 201.51568725705147 52.892868548631668 715.78730987012386 144.43193469941616 196.31295171380043 44.556092828512192 78.949370741844177 514.19156375527382 88.690301641821861 44.064306810498238 24.132355526089668 128.81369845569134 152.55060289800167 61.497402772307396 24.550198659300804
leaf_count=326 190 50 315 59 84 1617 1544 82 100 179 159 75 378 85 556 213 223 3441 414 906 140 101 726 244 60 89 135 269 206 26
internal_value=0.0625048 0.00774644 -0.0308834 0.0164832 -0.0861353 0.105723 0.084417 -0.051537 0.0803032 0.0403118 0.0547638 -0.0230843 -0.0200351 0.0536993 0.093519 0.0592647 -0.0894996 -0.0999069 -0.0481952 -0.0902274 0.0509598 0.0571082 0.0673037 0.015737 -0.0253631 0.0787909 0.0575868 0.029362 0.0439659 -0.0231407
internal_weight=7482.68 3300.67 2153.91 1159.71 994.203 4182 2134.82 417.63 1146.76 647.355 742.081 129.973 180.419 598.294 1016.79 415.402 87.5612 923.28 207.493 303.184 114.446 94.06 544.118 213.886 132.755 561.662 391.544 262.731 238.598 86.0476
internal_count=12992 8651 7130 2865 4265 4341 2724 1443 1521 1180 1422 348 538 1001 1173 617 298 4181 740 1221 222 160 811 404 304 884 725 590 501 232
is_linear=0
shrinkage=0.1


Tree=7
num_leaves=31
num_cat=0
split_feature=50 36 2 38 34 35 50 36 36 35 36 47 38 0 12 12 1 1 36 37 4 35 3 47 35 10 47 14 19 21
split_gain=1515.32 822.276 534.226 265.678 214.879 163.837 143.997 131.798 120.437 114.308 103.551 84.065 82.23 83.4268 77.4495 76.9141 82.952 65.7517 64.6807 79.3764 75.2013 64.1694 63.5844 59.4471 61.5262 59.0703 69.1977 58.6942 57.6504 52.2936
threshold=0.64215281605720531 0.33003412187099462 0.14171250164508822 0.52609914541244518 0.96796920895576488 0.52106970548629772 0.98091307282447826 0.21638932824134829 0.10072775557637216 0.56464901566505443 0.172416627407074 0.60789236426353466 0.49999482929706579 0.082412816584110274 9.5000000000000018 1.0000000180025095e-35 0.1674957945942879 0.38817416131496435 0.5876641869544984 0.46153222024440771 2.1736991405487065 0.54170411825180065 0.41460442543029791 0.26263703405857092 0.57316777110099804 0.011949811596423389 0.23714017122983935 22.932778358459476 -3.3726656436920162 -0.0077759474515914908
decision_type=2 2 2 2 2 2 2 2 2 2 2 2 2 2 2 2 2 2 2 2 2 2 2 2 2 2 2 2 2 2
left_child=1 2 4 8 12 15 7 9 11 25 17 -4 13 -1 22 28 -17 -5 19 29 -21 -15 -12 24 27 26 -2 -10 -3 -7
right_child=6 5 3 10 -6 18 -8 -9 23 -11 14 -13 -14 21 -16 16 -18 -19 -20 20 -22 -23 -24 -25 -26 -27 -28 -29 -30 -31
leaf_value=-0.11053725062061076 -0.13471896218662729 -0.1696331384791589 -0.047951726475200934 -0.12276155978471137 0.085352291376111264 0.038138853290601314 0.12127945354384571 0.099866742971188471 0.097635073315143817 0.065725899628819792 0.087661889109151944 0.093425140167349527 -0.12221403132852859 -0.077148285059509894 0.14533531844136138 -0.12924333045653852 0.092992992912262873 0.0067665492302421588 0.11928536501441787 0.08711413703104709 -0.096713025199994584 0.021619101752083765 -0.1115977554013856 0.089946478943474351 0.068431273016220373 -0.14286316686890724 0.06471917025609282 -0.094492393032090075 0.057998429068699842 -0.27052510025142307
leaf_weight=206.16534793376923 24.895770862698555 11.877506881952284 177.26854035258293 180.02796100080013 73.357704490423203 10.854639098048212 1948.7866396605968 1257.6667457520962 21.73832780122757 421.99200685322285 25.673233985900879 55.142001941800117 464.68430726230145 126.0821840763092 35.588452011346817 63.490225210785866 22.836918532848358 50.095666229724884 519.33671706914902 404.58819842338562 23.549172833561897 137.53983613848686 42.566590666770935 447.14247849583626 128.34764671325684 40.424162045121193 57.758008047938347 59.211403608322144 175.83662988245487 11.103351607918738
leaf_count=1029 102 52 586 895 91 19 1617 1311 32 632 59 64 2491 473 46 244 33 147 440 471 69 354 193 547 208 147 89 209 294 48
internal_value=0.0583672 0.0107792 -0.0255446 0.0188841 -0.0794501 0.0759395 0.102436 0.0820663 0.0474552 0.0409944 -0.0571611 -0.0144085 -0.0923874 -0.0628848 0.0257395 0.00766824 -0.0704531 -0.0945646 0.0952386 0.0674926 0.0770029 -0.0256183 -0.0366322 0.0693579 0.0253725 -0.0438016 0.00464731 -0.0428983 0.0435952 -0.117941
internal_weight=7225.63 3474.11 2230.63 1222.8 1007.83 1243.47 3751.52 1802.74 888.85 545.07 333.952 232.411 934.472 469.787 103.828 274.041 86.3271 230.124 969.432 450.095 428.137 263.622 68.2398 656.44 209.297 123.078 82.6538 80.9497 187.714 21.958
internal_count=12992 9094 7424 2986 4438 1670 3898 2281 1646 970 1340 650 4347 1856 298 623 277 1042 1047 607 540 827 252 996 449 338 191 241 346 67
is_linear=0
shrinkage=0.1


Tree=8
num_leaves=31
num_cat=0
split_feature=50 36 2 34 38 50 35 36 36 38 1 8 28 37 2 47 8 34 18 47 34 11 5 35 35 35 34 38 40 34
split_gain=1298.68 693.838 453.918 237.435 228.695 137.521 130.305 116.976 94.2901 92.9789 88.4904 86.0605 74.4021 72.6612 70.9364 70.1453 66.0097 69.6877 69.9737 56.6858 52.8675 59.7067 66.6646 53.7432 51.7221 47.1153 46.8839 45.8452 45.4268 43.3332
threshold=0.64215281605720531 0.34465903043746954 0.16094149649143222 0.82707467675209057 0.52609914541244518 0.98091307282447826 0.53684765100479137 0.21864569932222369 0.10072775557637216 0.49999482929706579 0.19955822825431827 64.994277954101577 937.00000000000011 0.43931283056735998 0.054098078981041915 0.4439052045345307 58.978197097778327 0.34482386708259588 -0.027563272975385186 0.15033524483442309 0.27386073768138891 0.33268575370311743 0.92364931106567394 0.49867105484008795 0.49978068470954901 0.55722033977508556 0.29526673257350927 0.49282412230968481 1.0000000180025095e-35 0.98052343726158153
decision_type=2 2 2 2 2 2 2 2 2 2 2 2 2 2 2 2 2 2 2 2 2 2 2 2 2 2 2 2 2 2
left_child=1 2 3 9 8 7 13 10 15 14 24 25 -6 -3 -1 28 17 -16 -19 -20 -15 -22 23 -23 -2 -5 -10 -26 -4 -14
right_child=5 6 4 11 12 -7 -8 -9 26 -11 -12 -13 29 20 16 -17 -18 18 19 -21 21 22 -24 -25 27 -27 -28 -29 -30 -31
leaf_value=-0.12981307863433211 -0.16690778477203827 -0.15009353908267464 0.01329439421162034 -0.11384999363284137 0.071327106152653377 0.11541545321420243 0.094484884198906313 0.093703178331750028 -0.070651594740314738 -0.11657677001907035 0.073202135322967682 -0.088893788876879473 -0.08782094006019206 -0.12665894344502907 -0.14314571759587763 0.067501381170763389 -0.14845842931008216 -0.090382539704148002 -0.057169567014166915 0.052318949844155464 0.087140320263475582 -0.12717941015988124 -0.11826475688323877 0.075025966723526405 0.029141432685231436 0.10379351540505155 0.075921430005853607 -0.083852709831366626 -0.10719522691178535 0.072675581109023474
leaf_weight=100.64782901108265 18.86835840344429 23.4670500010252 56.125365763902664 10.892882302403448 40.296112552285194 1848.2500694096088 820.96004904806614 1203.2825571447611 22.672441095113754 480.82246302068233 308.14200243353844 36.880464345216751 220.50159886479378 19.457892268896103 41.174487859010696 76.218161523342133 45.94565837085247 72.706059485673904 65.519391283392906 169.92284192144871 148.3733239620924 15.895189031958578 37.453168928623199 75.950865790247917 172.85387751460075 114.48642805218697 582.52042208611965 45.322127014398575 70.714914873242378 18.211878076195717
leaf_count=571 85 107 151 42 69 1617 875 1300 78 2709 411 129 1033 75 205 117 222 299 263 389 199 60 128 105 338 153 791 147 284 40
internal_value=0.0546113 0.00998578 -0.0225167 -0.0666337 0.0236997 0.0963968 0.0733719 0.0762928 0.0506459 -0.0852429 0.0378663 0.0453862 -0.0543598 0.0193073 -0.0548626 -0.00831937 -0.0357779 -0.0209572 -0.00463053 0.0218502 0.0326865 0.0438526 -0.00582094 0.0400316 -0.0080679 0.0848848 0.0704303 0.00566894 -0.05388 -0.0755764
internal_weight=6964.54 3367.82 2226.26 1139 1087.26 3596.72 1141.56 1748.47 808.251 976.739 545.186 162.26 279.01 320.597 495.916 203.058 395.268 349.323 308.148 235.442 297.13 277.673 129.299 91.8461 237.044 125.379 605.193 218.176 126.84 238.713
internal_count=12992 9094 7545 4982 2563 3898 1549 2281 1421 4658 981 324 1142 674 1949 552 1378 1156 951 652 567 492 293 165 570 195 869 485 435 1073
is_linear=0
shrinkage=0.1


Tree=9
num_leaves=31
num_cat=0
split_feature=50 34 36 0 10 34 11 50 2 34 38 36 11 36 51 47 0 34 34 8 34 9 35 47 35 38 37 4 37 6
split_gain=1116.61 591.575 444.689 346.3 270.59 159.41 168.786 132.152 127.927 113.888 93.8326 88.3145 86.4974 81.8195 95.0429 81.6916 69.166 64.2388 63.999 55.5327 101.887 54.9541 54.5038 53.7093 51.3186 50.0965 56.8547 47.1031 46.9199 42.1582
threshold=0.64215281605720531 0.91602271795272838 0.172416627407074 0.050022697076201446 -0.082882672548294054 0.45191341638565069 0.43765144050121313 0.96966570615768444 0.22564236074686053 0.9463411569595338 0.46837063133716589 0.29122413694858557 0.80519804358482372 0.5876641869544984 0.51047661900520336 0.23058965057134631 0.083913676440715804 0.66629746556282055 0.99998527765274059 65.203071594238295 0.50004315376281749 0.085786435753107085 0.83315488696098339 0.3038324266672135 0.49978068470954901 0.49079102277755743 0.50375711917877208 1.0793180465698244 0.66036173701286327 30.236872673034672
decision_type=2 2 2 2 2 2 2 2 2 2 2 2 2 2 2 2 2 2 2 2 2 2 2 2 2 2 2 2 2 2
left_child=1 2 4 -4 -1 8 24 9 28 11 15 16 -3 14 23 22 -2 -17 -14 27 -21 -12 -6 -8 29 -18 -27 -16 -5 -7
right_child=7 12 3 5 10 6 13 -9 -10 -11 21 -13 18 -15 19 17 25 -19 -20 20 -22 -23 -24 -25 -26 26 -28 -29 -30 -31
leaf_value=0.074597397529564791 -0.11992021332931085 0.11906670927881835 -0.10924231390304651 -0.1073609489461789 -0.10176899945540736 -0.1686037130475313 -0.11318979922806004 0.10976856539808533 0.064678718851437528 0.10230449739609321 -0.11574363353513423 0.075386238464571334 -0.036379801336900885 0.075835866816696781 0.086389608552275954 0.049866291264079932 0.043598182199351299 -0.099890777592204369 0.077385604750128359 0.043056280418790366 -0.18710029739943912 0.019755451292802397 0.12295841345176589 0.031331529676122211 0.097772644006080711 -0.1952767509276036 0.005250978571661586 -0.048713413484951146 0.15740663455890927 0.041347013181325512
leaf_weight=123.63797137141228 34.905238717794418 436.15947809815407 181.04209619760513 139.06171175837517 165.87739109992981 11.072931602597235 107.43594518303871 1785.4155265986919 76.977374523878098 671.59351064264774 530.69270731508732 552.55562065541744 69.734918355941772 140.35504814982414 127.39259073138237 114.95684762299061 325.41749823093414 38.148601084947586 169.97911989688873 52.055265352129936 30.505790889263153 31.720465421676636 11.543348416686056 33.806629717350006 560.47459158301353 19.328318357467651 52.662028416991234 32.36132737994194 7.0315404981374732 70.191915482282639
leaf_count=193 139 387 982 617 777 54 450 1657 125 678 3000 686 190 173 198 239 541 138 227 102 134 80 22 70 698 84 113 90 6 142
internal_value=0.0511629 0.00924289 -0.0125261 0.0208425 -0.0640528 0.0378012 0.0526225 0.0908947 -0.0396475 0.0705516 -0.0832506 0.0488989 0.0925455 0.0105077 -0.0133978 -0.0409651 0.0150445 0.012552 0.0442902 0.0246069 -0.0419851 -0.108101 -0.0871478 -0.0785984 0.0870047 0.0268987 -0.0485877 0.0590218 -0.0946176 0.0127397
internal_weight=6704.09 3262.22 2586.34 1569.76 1016.58 1388.72 1165.65 3441.88 223.071 1656.46 892.939 984.869 675.874 523.913 383.558 330.526 432.313 153.105 239.714 242.315 82.5611 562.413 177.421 141.243 641.739 397.408 71.9903 159.754 146.093 81.2648
internal_count=12992 9094 8290 3841 4449 2859 2111 3898 748 2241 4256 1563 804 1217 1044 1176 877 377 417 524 236 3080 799 520 894 738 197 288 623 196
is_linear=0
shrinkage=0.1


Tree=10
num_leaves=31
num_cat=0
split_feature=50 34 11 50 1 36 34 36 36 0 23 37 34 34 36 34 2 2 37 16 23 1 1 35 35 39 35 47 11 9
split_gain=962.141 420.138 322.65 266.264 216.565 214.43 148.771 140.192 135.642 117.857 89.9248 91.8438 88.7056 87.5058 76.2857 72.4321 62.5434 58.8014 56.4103 55.4941 51.5592 46.1514 44.2423 43.7509 42.9054 42.0243 41.6021 43.0805 40.2091 48.3843
threshold=0.51859572529792797 0.91602271795272838 0.43765144050121313 0.81953829526901256 0.17123749852180484 0.23752087354660037 0.98945641517639171 0.36619959771633154 0.20476344972848895 0.10077702626585962 0.79999998211860668 0.50512707233428966 0.27765259146690374 0.46550130844116216 0.076040871441364302 0.4804393351078034 0.050951717421412475 0.22770219296216967 0.46153222024440771 2.2808667421340947 0.90946349501609813 0.38817416131496435 0.10874534770846368 0.49867105484008795 0.49329191446304327 0.92736694216728222 0.55063295364379894 0.59749796986579906 0.95103034377098095 0.037522062659263618
decision_type=2 2 2 2 2 2 2 2 2 2 2 2 2 2 2 2 2 2 2 2 2 2 2 2 2 2 2 2 2 2
left_child=1 2 4 5 8 6 9 26 20 -2 11 -11 21 -10 -13 17 -15 25 -9 -3 -1 -6 -22 -20 -18 -7 -4 -28 -17 -30
right_child=3 19 7 -5 12 15 -8 18 13 10 -12 14 -14 16 -16 28 24 -19 23 -21 22 -23 -24 -25 -26 -27 27 -29 29 -31
leaf_value=-0.10023654073593134 -0.097580785973549966 0.094300722555770267 -0.11799276249186562 0.098558792548631577 -0.13598899394799274 -0.1129506603370219 0.090858289686933158 -0.12690182360677046 -0.091340120247851819 -0.1133336629982995 0.084891313281103178 -0.096050437261867433 0.084306138697733193 -0.19295433222770142 0.036661919651610198 0.08591021573939428 -0.076307663466443715 0.10068634039774893 -0.15641056269547474 -0.097982667384766464 -0.12670629166600317 0.077860690002694799 0.16130593793896025 0.046127298470659939 0.076492566997017467 0.10399406210545861 -0.080234094493945793 0.043277861570657022 -0.18113161197408495 0.043604309341919979
leaf_weight=216.70262801647186 137.11916488409042 375.59422595798969 350.21730618178844 2282.6669326275587 30.083241641521454 47.235009759664536 165.82938538491726 26.956918463110924 56.966158106923103 77.432799473404884 114.41795940697193 54.12191703915596 358.54152303934097 10.21084190905094 216.87968103587627 1089.4189954102039 20.480459704995155 29.841322019696236 11.566649481654165 15.634167730808256 8.3633704036474246 15.186126112937925 14.722467482089995 136.86784297227859 178.88434886932373 11.01031172275543 271.87565407156944 31.513190492987633 10.85557200014591 81.519350856542587
leaf_count=1227 669 451 2123 2377 147 168 194 106 256 328 164 197 538 52 409 1262 76 34 53 47 53 24 27 213 272 13 1283 62 40 127
internal_value=0.0479794 -0.00701451 -0.0280774 0.0751094 0.0130301 0.048815 0.0070213 -0.0732085 -0.0305323 -0.0161509 0.00797261 -0.0172858 0.0676521 0.0185599 0.0101578 0.0740187 0.0484325 -0.0134595 0.00617656 0.0866167 -0.0851016 -0.0642507 0.056967 0.0303447 0.0607956 -0.0719409 -0.094511 -0.0674048 0.080539 0.0171941
internal_weight=6448.72 2130.37 1739.14 4318.35 910.141 2035.68 765.801 828.998 506.33 599.972 462.852 348.434 403.811 266.542 271.002 1269.88 209.576 88.0866 175.391 391.228 239.788 45.2694 23.0858 148.434 199.365 58.2453 653.606 303.389 1181.79 92.3749
internal_count=12992 7010 6512 5982 2672 3605 1961 3840 1963 1767 1098 934 709 656 606 1644 400 215 372 498 1307 171 80 266 348 181 3468 1345 1429 167
is_linear=0
shrinkage=0.1


Tree=11
num_leaves=31
num_cat=0
split_feature=50 36 1 38 34 50 47 34 36 34 36 47 10 47 36 19 37 2 11 34 34 3 21 36 2 3 36 17 5 0
split_gain=827.777 455.931 333.25 197.704 154.354 126.561 109.256 94.7394 82.1495 79.6713 74.1908 72.7934 68.059 60.4108 59.3397 58.823 52.8301 50.1986 48.3419 65.6307 48.7924 47.8284 47.227 46.2835 60.9362 52.0008 44.2535 43.5259 43.9995 40.0267
threshold=0.64215281605720531 0.3903502374887467 0.12253758311271669 0.52335515618324291 0.98945641517639171 0.98091307282447826 0.26077960431575781 0.99998527765274059 0.21638932824134829 0.86961022019386303 0.22064165771007541 0.47200551629066473 -0.006210633320733904 0.39230389893054968 0.19302142411470416 3.8884077072143559 0.49076664447784429 0.037526048719882972 0.61605364084243786 0.99217924475669872 0.29526673257350927 0.68589821457862865 -0.054136972874402993 0.53117269277572643 0.18664665520191195 1.7924333810806277 0.076040871441364302 19.124485969543461 0.056252054870128639 0.070260383188724532
decision_type=2 2 2 2 2 2 2 2 2 2 2 2 2 2 2 2 2 2 2 2 2 2 2 2 2 2 2 2 2 2
left_child=1 2 4 6 15 7 10 8 12 17 27 14 -2 -14 -5 29 -13 -3 20 26 22 -16 -8 24 25 -19 -20 -4 -29 -1
right_child=5 9 3 11 -6 -7 18 -9 -10 -11 -12 16 13 -15 21 -17 -18 23 19 -21 -22 -23 -24 -25 -26 -27 -28 28 -30 -31
leaf_value=-0.12165366916559264 0.048011192300471073 -0.14057498214016448 0.075146133249143834 -0.10870491037124137 0.087024670907110135 0.10126315751240422 0.11360814288477819 0.095906970505536746 0.063975373081366443 0.10764058324356428 0.044019745375697625 -0.075204202856793037 -0.084364640945338562 0.035650904244659283 0.062722896794222202 -0.013919669988252349 0.079277780992376867 -0.0023857340844333462 -0.12546120283821968 0.090252588260788719 0.091126819883011148 -0.096858004174806472 -0.17698141252900534 0.070271166064630228 0.079226216140385289 -0.17055428769756165 0.011527769881811836 0.18887333253655414 -0.077444436347461731 -0.070678871937487189
leaf_weight=269.04492484033108 183.04825660586357 14.134561523795126 24.448786705732346 184.36366738379002 59.350475803017616 1561.1232787668705 9.4433510005474108 523.48038944602013 695.57024878263474 320.27020770311356 148.27889101207256 34.528849601745605 110.51484747231007 67.593053489923477 44.759001389145851 112.35865226387978 61.685676634311676 90.379346907138824 28.862655147910118 99.264216303825378 370.15006698668003 32.359583914279938 13.716211795806883 381.13041815161705 75.744727253913879 23.08372263610363 128.88645792007446 6.4453693628311148 165.41524554789066 360.37417817115784
leaf_count=1849 318 58 48 1118 67 1617 9 557 936 303 272 153 359 111 113 398 106 205 122 116 471 151 62 527 96 91 271 7 651 1830
internal_value=0.0450139 0.00798237 -0.017042 0.0132309 -0.0681541 0.0810687 0.0361547 0.0611182 0.0438845 0.0675528 -0.00936974 -0.0505303 0.00519048 -0.038818 -0.0778948 -0.0805701 0.0238383 0.0455861 0.0602768 0.0265491 0.0823166 -0.00423854 -0.058493 0.0501997 0.00976873 -0.0365991 -0.0135365 -0.0496966 -0.0674566 -0.092468
internal_weight=6199.81 3058.48 2153.74 1352.61 801.128 3141.33 994.911 1580.21 1056.73 904.743 344.588 357.697 361.156 178.108 261.482 741.778 96.2145 584.473 650.323 257.013 393.31 77.1186 23.1596 570.338 189.208 113.463 157.749 196.309 171.861 629.419
internal_count=12992 9094 7814 3670 4144 3898 2029 2281 1724 1280 978 1641 788 470 1382 4077 259 977 1051 509 542 264 71 919 392 296 393 706 658 3679
is_linear=0
shrinkage=0.1


Tree=12
num_leaves=31
num_cat=0
split_feature=34 37 0 38 36 36 0 2 0 39 36 10 4 36 5 47 36 51 11 35 36 39 15 34 3 47 36 1 40 51
split_gain=731.998 562.666 242.177 240.021 215.244 199.737 97.9512 84.6522 83.4531 70.6931 89.2347 59.0704 58.6403 56.3402 55.6714 50.0034 64.2655 49.5268 48.5755 68.0493 47.1336 47.1328 46.7276 45.351 42.5782 39.123 38.5172 62.4352 37.29 37.2718
threshold=0.9463411569595338 0.51050981879234325 0.15885286033153537 0.48108257353305822 0.56881105899810802 0.36246907711029058 0.083913676440715804 0.45618818700313574 0.26570391654968267 0.99999997019767772 0.065585128962993636 0.0043699163943529138 0.89277806878089916 0.76884138584136974 0.31542314589023596 0.4439052045345307 0.049634803086519248 0.18717493861913684 0.80519804358482372 0.62659448385238659 0.3410091251134873 0.22625313699245456 -0.11196947097778319 0.99576005339622509 1.1246817708015444 0.1643997132778168 0.1905355900526047 0.15763855725526812 1.0000000180025095e-35 0.38153949379920965
decision_type=2 2 2 2 2 2 2 2 2 2 2 2 2 2 2 2 2 2 2 2 2 2 2 2 2 2 2 2 2 2
left_child=1 3 4 8 6 7 -3 26 14 10 -8 17 24 -14 -1 16 -4 -12 -2 -20 -16 -18 -19 -21 -7 -13 -5 -28 -29 -27
right_child=18 2 15 5 -6 12 9 -9 -10 -11 11 25 13 -15 20 -17 21 22 19 23 -22 -23 -24 -25 -26 29 27 28 -30 -31
leaf_value=0.052971752795676376 0.10638430480546444 -0.073857993901478444 -0.060047387692461651 -0.11604558370580279 0.075026710020159398 0.098351441291366096 -0.14692707476825123 0.026223827091093471 0.074327690832835247 0.094249567373220544 -0.10921691801141803 -0.18695881852463658 -0.12338398311369594 0.062096511993745086 -0.057967679883625403 0.097584869728374546 0.0092579259057598492 -0.071317308485059669 -0.031096689323899158 0.012562216255711082 0.023342413037401834 0.077607763402625429 0.056125742424361372 0.089900755871376678 -0.05555710325053434 -0.16059050558363985 -0.10575526946141696 -0.073170941233722128 0.066131074765410247 -0.0063748991636470775
leaf_weight=114.32317147403955 1080.2200905233622 216.60499318689108 43.032561212778091 431.99453815817833 380.37501864135265 97.460271656513214 42.697350814938545 58.999698609113693 181.84100851416588 77.031978636980057 23.732819437980652 17.827973186969757 39.571787446737289 27.938827395439148 198.0051507204771 586.13314947485924 121.91142696142197 32.569888755679131 56.786437973380089 84.389229223132133 111.40312549471855 585.10103623569012 246.60225686430931 746.86150097846985 22.039493650197983 18.328133329749107 132.78813337534666 33.510074451565742 45.052131220698357 108.14051041007042
leaf_count=262 1081 1042 137 2864 480 110 225 149 254 102 88 87 149 45 816 642 249 101 131 171 204 766 452 861 67 81 889 122 105 260
internal_value=0.0422255 0.0176335 0.0466535 -0.0308992 0.0133062 -0.0639635 -0.0166566 -0.0884175 0.0176597 0.00519806 -0.00880445 0.00438305 0.027877 -0.0466241 -0.00665889 0.0757016 0.0586005 0.0294677 0.0921405 0.0748141 -0.0286918 0.0658221 0.0412575 0.0820493 0.0699659 -0.0482742 -0.098931 -0.0639491 0.00671292 -0.0287242
internal_weight=5963.27 3995.02 2500.09 1494.93 1163.91 889.355 783.536 702.345 605.572 566.931 489.899 447.202 187.01 67.5106 423.731 1336.18 750.045 302.905 1968.26 888.037 309.408 707.012 279.172 831.251 119.5 144.297 643.345 211.35 78.5622 126.469
internal_count=12992 10748 4712 6036 2918 4500 2438 4129 1536 1396 1294 1069 371 194 1282 1794 1152 641 2244 1163 1020 1015 553 1032 177 428 3980 1116 227 341
is_linear=0
shrinkage=0.1


Tree=13
num_leaves=31
num_cat=0
split_feature=50 34 36 0 10 11 34 35 38 7 23 34 8 34 34 33 34 51 36 47 36 0 35 26 36 10 50 35 35 39
split_gain=645.669 429.334 307.177 221.747 158.849 125.543 111.857 105.969 88.7492 76.5783 72.7312 64.9844 82.9576 62.2296 58.0261 72.8324 56.7841 51.7648 48.9839 55.1668 45.9979 43.3713 42.9813 39.2312 42.2914 38.548 37.9299 36.8846 101.05 36.8381
threshold=0.77860546112060558 0.9463411569595338 0.172416627407074 0.050022697076201446 -0.065417837351560579 0.4617742151021958 0.28644178807735449 0.49867105484008795 0.47445726394653326 66.652183532714858 0.81733408570289623 0.51456794142723095 67.395290374755874 0.48504844307899481 0.82707467675209057 0.48278383910655981 0.99217924475669872 0.69230780005455028 0.12223287671804429 0.37749098241329199 0.5876641869544984 0.39545725286006933 0.69703280925750744 0.81014999747276317 0.23045052587985995 -0.082882672548294054 0.4508808702230454 0.54474565386772167 0.5000385344028474 0.99999997019767772
decision_type=2 2 2 2 2 2 2 2 2 2 2 2 2 2 2 2 2 2 2 2 2 2 2 2 2 2 2 2 2 2
left_child=1 2 4 -4 -1 6 25 -7 10 -3 -6 13 14 -9 15 -13 -11 20 19 29 -17 -10 -18 24 -8 -5 -23 28 -15 -2
right_child=18 9 3 5 8 7 23 11 21 16 -12 12 -14 27 -16 17 22 -19 -20 -21 -22 26 -24 -25 -26 -27 -28 -29 -30 -31
leaf_value=0.040834479742042767 -0.068232913533698994 0.10792447406700126 -0.094345250749027929 0.072453158709350457 -0.049693803682693362 -0.13348993420301866 -0.064312375321393625 -0.10232276397648188 -0.10203481562242425 -0.053459986612351552 0.060759344685528828 0.082404438489229681 -0.11970161528840478 0.078463163726681995 0.059937040650262563 -0.15530044168868651 -0.006712358486169287 0.062084547829473251 0.089483734398210502 0.072548096399841902 -0.00384208973643641 -0.08788343249464653 0.084807207735362114 0.077923485588213548 0.048343684296484349 -0.11518031413655661 0.11855264115281527 0.09287503157196883 -0.11337831620570026 0.081406172891316617
leaf_weight=172.11332169175148 57.32463838160038 438.12587217986584 152.44424594193697 14.071654587984083 325.18308379501104 55.462752804160118 38.517618104815483 26.399230696260929 439.85190057754517 50.653168439865112 72.999317608773708 39.63111637532711 66.493293859064579 89.259128600358963 112.07995512336493 63.649804852902889 68.520850822329521 22.295598447322845 1831.972409427166 203.55154365301132 29.273904830217361 18.270012781023979 204.37172947824001 621.72768254578114 247.08348006755114 49.343089774250984 17.35513710975647 145.79336559772491 39.655226364731789 23.073364228010178
leaf_count=354 156 432 997 22 1284 293 145 118 3014 142 173 53 254 143 175 288 141 31 2161 272 57 75 248 896 423 254 25 183 155 28
internal_value=0.039608 0.013961 -0.00381309 0.0210806 -0.0469742 0.0316759 0.054856 -0.000935987 -0.0642728 0.0806763 -0.0294443 0.0106502 -0.0197615 0.0443259 0.00513399 -0.0345322 0.0437785 -0.074754 0.0834936 0.0448466 -0.107586 -0.0934395 0.0618275 0.0638302 0.0331503 -0.0735447 0.0126839 0.0584187 0.019451 -0.0252881
internal_weight=5736.55 3620.63 2858.95 1813.18 1045.77 1660.74 970.744 689.993 873.659 761.672 398.182 634.531 333.424 301.107 266.93 154.85 323.546 115.219 2115.92 283.95 92.9237 475.477 272.893 907.329 285.601 63.4147 35.6251 274.708 128.914 80.398
internal_count=12992 10375 9412 4487 4925 3490 1740 1750 4571 963 1457 1457 858 599 604 429 531 376 2617 456 345 3114 389 1464 568 276 100 481 298 184
is_linear=0
shrinkage=0.1


Tree=14
num_leaves=31
num_cat=0
split_feature=34 37 0 38 36 36 39 0 47 0 36 28 39 36 34 21 6 51 5 8 35 34 47 36 34 21 36 19 1 39
split_gain=567.52 413.328 192.674 181.874 166.591 158.435 78.2585 78.1406 73.2375 71.4167 57.2463 56.0871 59.346 50.1942 49.6084 55.2396 49.3341 48.4821 50.7512 47.5411 69.5873 45.1067 44.6893 48.6946 43.8103 42.5831 39.4817 39.5323 43.7296 39.4514
threshold=0.9463411569595338 0.51050981879234325 0.15885286033153537 0.48108257353305822 0.56881105899810802 0.36246907711029058 0.99999997019767772 0.055781986564397819 0.55178922414779674 0.065944891422986998 0.065585128962993636 35120.000000000007 0.66666665673255932 0.11205609887838365 0.43739739060401922 0.0076060048304498204 75.384616851806655 0.33252188563346868 1.8431080579757693 60.000730514526374 0.7274845838546754 0.66000187397003185 0.4439052045345307 0.049634803086519248 0.4993435144424439 0.0039865456055849799 0.39540177583694464 -3.0816211700439449 0.099253058433532729 0.22625313699245456
decision_type=2 2 2 2 2 2 2 2 2 2 2 2 2 2 2 2 2 2 2 2 2 2 2 2 2 2 2 2 2 2
left_child=1 3 4 9 6 8 7 -3 -5 -1 -9 -11 13 -13 -7 -16 17 21 -19 -2 26 -12 23 -4 -15 -23 27 -21 -29 -25
right_child=19 2 22 5 -6 14 -8 10 -10 11 16 12 -14 24 15 -17 -18 18 -20 20 -22 25 -24 29 -26 -27 -28 28 -30 -31
leaf_value=-0.097920375158275841 0.10388959887100631 -0.13025873481751929 -0.052232839252865149 -0.094099859355859419 0.066895137785697306 -0.12405267366917071 0.068320989312568983 -0.11488317748496404 0.011963100070552683 0.0692088717218559 -0.12391643165309676 -0.12089026219867938 0.054150472942680432 -0.13346749594419352 0.071285366249191767 -0.08119193024113007 -0.17006349043821545 0.022909071132626274 -0.11273478831688824 -0.19112187950158055 0.085609562251372021 0.085725408428007868 0.089749947393533744 0.0057854084853211302 0.016035794202926373 -0.13213850635375729 0.065961645717989209 -0.24648586409292905 0.01914184098633763 0.069377619757607409
leaf_weight=51.381146281957626 705.07623951137066 67.673109620809555 42.633378200232983 562.73465324938297 355.14190010726452 19.917366124689579 95.66178011149168 54.058303743600845 73.62115616351366 189.40443482249975 55.538408935070038 48.351947948336601 131.4946618154645 22.787055857479572 129.77283038944006 29.084697693586349 17.913713671267033 391.85456212610006 29.671955965459347 11.02648404240608 790.18013690412045 27.470135785639286 531.179015442729 118.7826027572155 140.18037427216768 13.322567395865915 136.68165098130703 6.5204772949218741 125.1876415759325 545.91704658418894
leaf_count=316 750 499 137 3924 480 97 178 311 205 337 258 237 250 106 191 83 82 896 110 44 1003 50 642 249 290 54 189 28 230 766
internal_value=0.0371494 0.0150789 0.0407247 -0.0279502 0.0104352 -0.0584616 -0.0161875 -0.0284829 -0.0818292 0.0146659 -0.0168058 0.0255351 0.0014054 -0.0314155 0.0247163 0.0433688 -0.00690997 -0.00126617 0.0133609 0.0837307 0.0704419 -0.0652713 0.0678298 0.0513687 -0.00486863 0.0145728 0.0275484 -0.00923592 0.0059914 0.0580136
internal_weight=5520.22 3745.55 2346.82 1398.73 1108.31 815.131 753.165 657.503 636.356 583.6 589.83 532.218 342.814 211.319 178.775 158.858 535.771 517.858 421.527 1774.67 1069.6 96.3311 1238.51 707.333 162.967 40.7927 279.416 142.735 131.708 664.7
internal_count=12992 10748 4712 6036 2918 4500 2438 2260 4129 1536 1761 1220 883 633 371 274 1450 1368 1006 2244 1494 362 1794 1152 396 104 491 302 258 1015
is_linear=0
shrinkage=0.1


Tree=15
num_leaves=31
num_cat=0
split_feature=50 34 36 47 0 37 8 38 11 34 2 21 24 38 8 39 0 34 3 34 38 36 19 35 47 15 35 3 35 33
split_gain=500.553 314.959 231.053 174.459 167.698 93.5537 84.6733 80.4851 73.4322 65.2126 59.4006 56.1897 55.4304 50.3469 57.3368 60.0352 58.0401 54.2039 48.2788 46.4751 45.0631 45.0629 45.0511 44.858 44.568 44.1491 41.8024 36.9436 44.2664 43.305
threshold=0.77860546112060558 0.9463411569595338 0.21638932824134829 0.26077960431575781 0.050022697076201446 0.45884898304939276 62.748388290405281 0.53010928630828869 0.80205491185188305 0.46550130844116216 0.22564236074686053 0.026489404030144218 0.028571417555212978 0.51746413111686718 55.818622589111335 0.30793420970439916 0.082412816584110274 0.38696403801441198 0.18782104551792148 0.91107487678527843 0.41291171312332159 0.12223287671804429 2.9241442680358891 0.75648006796836864 0.37749098241329199 0.0010445279767736795 0.52195253968238842 0.53847700357437145 0.49329191446304327 0.56839856505393993
decision_type=2 2 2 2 2 2 2 2 2 2 2 2 2 2 2 2 2 2 2 2 2 2 2 2 2 2 2 2 2 2
left_child=1 2 3 13 -4 -6 9 12 -3 10 -7 22 -5 14 15 19 -17 -18 20 -1 -16 24 -8 -10 -2 26 -19 -11 -29 -30
right_child=21 8 4 7 5 6 11 -9 23 27 -12 -13 -14 -15 18 16 17 25 -20 -21 -22 -23 -24 -25 -26 -27 -28 28 29 -31
leaf_value=-0.11028972392670822 -0.0253084532463493 0.098442357032105771 -0.085186269211615817 0.061411134247570602 -0.059964350983731943 -0.056712069178785907 -0.12102266585000716 -0.061975735184616403 -0.012489809461921877 0.0957292396545949 0.067389833701638188 0.03415221246215773 -0.0099443374950405079 -0.11213521560394318 0.19311446051635212 -0.089644005021189632 -0.12506296091282459 -0.11693497826460014 -0.14585868530457916 0.16515661525496922 -0.12895214394278484 0.081938429025524062 0.043280370608291263 0.068185378978576308 0.064258302822311417 0.13855011848300555 0.051072776576616609 -0.049328557312352292 0.074525605460989047 0.021355247274965149
leaf_weight=95.937455259263515 79.184175118803978 416.53006492555141 131.88425451517105 211.28673610836267 100.60288106650114 98.616490244865417 66.978593587875366 142.28520617634058 124.59639324247837 226.33974602073431 63.341184288263321 83.229414254426956 224.58452717214823 214.62481566518545 8.9305441826581973 52.136211588978767 18.99048363417387 18.851807378232479 88.244982250034809 6.5433540642261496 8.459810443222521 1645.84192314744 22.2262919023633 154.24550333619118 186.17997977137566 43.151617355644703 69.067522369325161 42.732810728251934 431.49413625150919 237.48493000864983
leaf_count=592 184 466 935 371 389 368 273 842 274 295 91 149 601 1903 10 376 107 95 519 4 56 2161 41 223 272 72 162 124 596 441
internal_value=0.0348191 0.0118213 -0.00359404 -0.0362632 0.0225228 0.0328685 0.0402082 0.00332744 0.0718541 0.0504215 -0.00817617 -0.0249457 0.0246449 -0.0728901 -0.052362 -0.0303508 0.00125121 0.0328312 -0.115848 -0.0927026 0.0364401 0.0757727 -0.0800849 0.0321369 0.0375317 0.055708 0.0150483 0.0605386 0.0493472 0.0556503
internal_weight=5314.6 3403.4 2708.03 1203.1 1504.93 1373.05 1272.44 578.156 695.372 1100.01 161.958 172.434 435.871 624.939 410.314 304.678 202.198 150.061 105.635 102.481 17.3904 1911.21 89.2049 278.842 265.364 131.071 87.9193 938.052 711.712 668.979
internal_count=12992 10375 9412 5710 3702 2767 2378 1814 963 1915 459 463 972 3896 1993 1408 812 436 585 596 66 2617 314 497 456 329 257 1456 1161 1037
is_linear=0
shrinkage=0.1


Tree=16
num_leaves=31
num_cat=0
split_feature=36 0 34 37 38 35 47 0 36 11 35 38 34 33 35 13 8 21 18 15 18 34 8 51 35 2 34 11 19 51
split_gain=440.493 356.637 148.328 126.587 109.258 94.1134 90.2369 82.2285 81.226 71.7028 92.0007 58.8302 56.4882 72.4021 55.989 49.2931 49.2858 47.8582 47.9881 47.3724 57.4378 43.3249 55.9066 40.3937 39.9432 38.0485 36.7615 34.9 34.4659 39.8194
threshold=0.3903502374887467 0.17300077527761462 0.8295273780822755 0.49451246857643133 0.51851263642311107 0.57316777110099804 0.49580399692058569 0.070260383188724532 0.10072775557637216 0.52500480413436901 0.6053428351879121 0.42509530484676367 0.37394809722900396 0.50000178813934337 0.494436725974083 28.361922264099125 62.43823432922364 -0.01128095807507634 0.31745368242263799 0.34951046109199529 0.0093840584158897417 0.47509475052356726 34.072072982788093 0.56411787867546093 0.84451627731323253 0.45618818700313574 0.54204517602920543 0.18677186965942386 4.9511799812316903 0.49922113120555883
decision_type=2 2 2 2 2 2 2 2 2 2 2 2 2 2 2 2 2 2 2 2 2 2 2 2 2 2 2 2 2 2
left_child=1 2 4 11 7 21 8 28 19 -4 -11 -3 -9 14 -14 26 -16 -15 23 20 -5 22 -2 27 25 -17 -13 -19 -1 -30
right_child=5 3 9 6 -6 -7 -8 12 -10 10 -12 15 13 17 16 24 -18 18 -20 -21 -22 -23 -24 -25 -26 -27 -28 -29 29 -31
leaf_value=-0.11411750676958375 0.045446354871550153 0.073725853063234995 0.092186876115437716 -0.071485154111772822 -0.099008926356858332 0.082521673281048327 0.080425886287708206 -0.10082446524131009 0.047105413484702069 -0.14893794604792929 0.029184209159558629 -0.070887243922800783 -0.071965604313406484 0.050407951896084963 0.060831207097438417 -0.13317481875227358 -0.10846885521909336 -0.010819896189874723 0.056514024281266007 -0.17436914566100883 0.037434512605885976 0.04595270638810086 -0.12015910257695835 -0.013304812082803761 0.019581438009459752 0.0077570211552158153 0.094685136002043216 -0.1489613660185701 -0.1355334998539473 0.1138836367466276
leaf_weight=127.37999208271503 43.307888984680176 48.168670050799847 120.62373772263527 84.094208151102066 294.12879237532616 1443.881613984704 588.9383010417223 62.396141856908798 674.95004214346409 36.628762230277061 139.17513760179281 21.821221143007278 44.753473810851574 45.193560816347599 245.7658833116293 96.101351879537106 18.488802149891853 23.213661476969719 28.138942405581474 18.925628334283829 114.11521388590336 503.48880891501904 38.513617046177387 53.025240488350391 32.705255605280399 23.925962992012501 34.787243731319904 86.19777562469244 10.869309432804586 15.570141829550264
leaf_count=1127 83 67 156 350 2530 1883 806 356 1168 167 306 105 197 110 534 570 96 70 50 86 233 830 175 152 83 68 73 460 70 31
internal_value=0.0326116 0.00884092 -0.0296895 0.0387948 -0.0472486 0.06881 0.0500465 -0.0272429 0.0299905 0.0328115 -0.00792756 -0.0259175 -0.0106978 -0.000375151 0.0314686 -0.0488451 0.048986 -0.0421108 -0.064051 -0.0232099 -0.00877678 0.034985 -0.0325046 -0.0849365 -0.0783871 -0.105082 0.0308609 -0.119652 -0.0925517 0.0113478
internal_weight=5119.27 3090.08 1351.55 1738.53 1055.12 2029.19 1481.02 760.993 892.085 296.428 175.804 257.51 607.173 544.777 309.008 209.341 264.255 235.769 190.576 217.135 198.209 585.31 81.8215 162.437 152.733 120.027 56.6085 109.411 153.819 26.4395
internal_count=12992 10021 6412 3609 5783 2971 2643 3253 1837 629 473 966 2025 1669 827 899 630 842 732 669 583 1088 258 682 721 638 178 530 1228 101
is_linear=0
shrinkage=0.1


Tree=17
num_leaves=31
num_cat=0
split_feature=34 36 0 37 38 47 23 36 34 8 6 37 8 34 35 34 0 17 50 11 34 47 5 50 17 35 33 38 33 34
split_gain=399.979 266.206 250.679 145.184 97.6053 86.4285 64.0517 83.2315 57.4944 85.965 55.0807 52.3174 48.1129 56.7203 46.2093 44.9227 44.0169 39.6268 39.3795 55.61 38.3251 37.3421 39.0487 34.1583 30.7603 30.6426 41.2633 30.5116 29.9502 29.7456
threshold=0.9463411569595338 0.47338382899761206 0.10077702626585962 0.49709366261959081 0.42509530484676367 0.4439052045345307 0.84880691766738903 0.065585128962993636 0.52186360955238353 57.581651687622077 55.309881210327156 0.41956052184104925 69.638458251953139 0.99998527765274059 0.62164416909217846 0.28644178807735449 0.17132955044507983 75.15683746337892 0.46838130056858068 0.48237781226634985 0.6424526870250703 0.10641238093376161 1.3508665561676028 0.47839578986167913 46.364130020141609 0.49329191446304327 0.42416940629482275 0.35205619037151342 0.58366000652313244 0.5110299587249757
decision_type=2 2 2 2 2 2 2 2 2 2 2 2 2 2 2 2 2 2 2 2 2 2 2 2 2 2 2 2 2 2
left_child=1 2 10 4 -4 6 7 -5 -6 16 -1 -3 -2 17 24 -13 -10 -14 19 20 -9 -12 -23 -20 -15 26 -25 -17 -18 -27
right_child=12 11 3 5 8 -7 -8 18 9 -11 21 15 13 14 -16 27 28 -19 23 -21 -22 22 -24 25 -26 29 -28 -29 -30 -31
leaf_value=-0.087123625200862934 0.086155977654101171 -0.082549314767022416 0.070077075683051326 -0.077935041306045227 -0.10179651631137164 0.066180551164195064 0.064823449256749682 -0.031862053010962357 -0.068905581856699052 -0.10495105068825124 -0.12392209657480223 -0.099846386410027563 -0.0050688792007238213 0.033243828755253106 0.068576877309226542 -0.027339736439577579 0.13235198535176834 -0.22316279813003481 0.15638633446547526 -0.099264050421872807 0.081299103438892087 0.013520379510330785 -0.13131556373151129 0.042017466406285668 -0.19132847308054571 0.051733444629439795 -0.15620768883797798 0.067181743985079534 0.0085935317346557041 0.0030510534510725033
leaf_weight=367.36119240522385 985.20986215025187 26.326585479080677 67.786872431635857 117.70395076274872 174.64625435322523 400.13043518364429 186.63942161202431 75.364211179316044 29.460006676614285 73.350300945341587 30.700665213167667 17.163537435233593 58.659676089882851 12.956130020320417 452.90739495307207 35.549211785197258 41.782602049410343 9.7101645842194539 19.345424890518188 68.050457246601582 49.643000274896622 151.74661684781313 21.217315874993801 20.241995610296726 11.52463725209236 257.78661090880632 21.822929993271828 868.32667446136475 36.757587186992168 244.60048654675484
leaf_count=2884 1325 87 111 580 1180 617 327 275 197 464 240 69 134 23 676 84 58 42 28 316 78 526 132 44 44 441 101 1256 116 537
internal_value=0.0305117 0.0114168 -0.00595235 0.0116306 -0.0399032 0.0265754 0.011642 0.000292597 -0.0608451 -0.0214075 -0.0639985 0.0564479 0.0729618 0.0491434 0.0613436 0.060421 0.0353326 -0.0360435 0.0124583 -0.0265221 0.0130766 -0.0222866 -0.0042465 0.0258062 -0.0724765 0.0211664 -0.0608201 0.0634642 0.0744318 0.0280311
internal_weight=4934.47 3403.5 2456.14 1885.11 423.784 1461.33 1061.2 874.559 355.997 181.35 571.026 947.366 1530.97 545.758 477.388 921.039 108 68.3698 756.855 193.058 125.007 203.665 172.964 563.797 24.4808 544.452 42.0649 903.876 78.5402 502.387
internal_count=12992 10748 9252 5470 2126 3344 2727 2400 2015 835 3782 1496 2244 919 743 1409 371 176 1820 669 353 898 658 1151 67 1123 145 1340 174 978
is_linear=0
shrinkage=0.1


Tree=18
num_leaves=31
num_cat=0
split_feature=50 36 35 5 47 36 34 10 1 38 34 11 34 26 35 35 27 2 1 16 34 14 36 27 37 16 14 17 2 34
split_gain=354.122 217.006 169.057 91.5417 88.2315 85.1538 72.7413 65.8476 64.6954 62.7608 60.6074 62.852 91.1029 58.8402 52.6553 50.9282 45.7251 44.2663 42.9281 40.8322 35.0738 34.7664 34.7383 31.9405 31.3957 32.2843 30.6929 29.6657 33.1536 36.9573
threshold=0.81953829526901256 0.13499686121940616 0.52289763092994701 0.92364931106567394 0.23714017122983935 0.5876641869544984 0.37029887735843664 -0.026490095071494576 0.24627050012350085 0.46751625835895544 0.99217924475669872 0.72043970227241527 0.59297463297843944 0.68235000967979442 0.79566597938537609 0.80639886856079113 0.82914999127388012 0.45618818700313574 0.37432198226451879 1.0083167552948 0.83217808604240429 20.186535835266117 0.095453213900327696 0.24660000205039981 0.49484482407569891 0.086188137531280531 25.047148704528812 18.387582778930668 0.11071571707725526 0.50004315376281749
decision_type=2 2 2 2 2 2 2 2 2 2 2 2 2 2 2 2 2 2 2 2 2 2 2 2 2 2 2 2 2 2
left_child=1 4 3 13 14 6 18 -8 -5 19 11 16 -13 21 -1 -14 27 24 -4 26 -16 -3 -2 -19 -11 -26 -6 -9 29 -29
right_child=22 2 5 8 9 -7 7 10 -10 17 -12 12 15 -15 20 -17 -18 23 -20 -21 -22 -23 -24 -25 25 -27 -28 28 -30 -31
leaf_value=-0.085310176787212477 0.0244158574037555 0.038292459413029271 -0.15719339221395143 -0.085067637648892983 -0.065378484174915028 0.077021138169313705 0.068222602894093445 0.078950291463391387 0.057263674150667181 -0.11930835499304265 0.0595436087205947 0.032492829216593626 -0.14283864644797159 0.032899929477327602 -0.12666034191826331 -0.0049344466627928955 0.073930090265805382 0.21493378808517713 0.097972262397708509 -0.17907030702468085 0.11885132396888864 -0.095604578768850701 0.073523559112119066 0.002059984044220435 -0.0063841699525323953 -0.13878933327941856 0.047273300557411281 0.036911706840397712 0.013903800570015099 -0.11193100169350895
leaf_weight=311.05164843052626 161.10817601531744 27.202968768775463 31.944987297058105 220.3911769464612 27.160505048930645 486.26758471131325 356.60095005482435 41.523000039160252 37.34710156172514 72.238567858934402 241.53378839045763 91.506693884730339 84.471292838454247 309.80267196893692 7.9198483303189304 39.210140079259872 125.3036824837327 8.1930025815963727 8.3079124093055707 9.2481106966733915 21.934899777173996 67.533386319875717 1360.3992190659046 50.457498826086521 86.788270734250546 23.375423938035965 220.83183177560568 24.143301568925381 155.66376688331366 53.978223860263824
leaf_count=2479 303 86 198 1441 92 652 570 75 66 609 371 194 400 863 63 96 206 8 8 35 40 344 2074 137 355 129 424 62 359 253
internal_value=0.0285239 0.00984496 0.0251352 -0.0178654 -0.0339329 0.0414978 0.0277248 0.0321102 -0.0644434 -0.00711313 0.0170896 0.000437939 -0.0431526 0.0118101 -0.0731345 -0.0991195 0.0238526 -0.0437751 -0.104529 0.0272417 0.0537221 -0.0571569 0.0683237 0.0317967 -0.0680748 -0.034479 0.0349355 0.00106028 -0.0127739 -0.0659315
internal_weight=4763.44 3241.93 2402.73 662.277 839.2 1740.46 1254.19 1213.93 257.738 498.293 857.334 615.8 215.188 404.539 340.906 123.681 400.612 241.053 40.2529 257.24 29.8547 94.7364 1521.51 58.6505 182.402 110.164 247.992 275.308 233.785 78.1215
internal_count=12992 10615 6244 2800 4371 3444 2792 2586 1507 1789 2016 1645 690 1293 2582 496 955 1238 206 551 103 430 2377 145 1093 484 516 749 674 315
is_linear=0
shrinkage=0.1


Tree=19
num_leaves=31
num_cat=0
split_feature=34 37 47 38 36 3 36 2 0 36 8 35 50 1 8 3 4 1 44 4 0 38 36 39 16 8 45 13 4 39
split_gain=316.704 200.524 119.112 105.281 91.7553 117.414 73.4484 62.5676 55.4859 51.8812 49.2445 63.4048 48.0818 41.1665 40.275 52.7229 40.0906 37.0458 34.8733 41.9852 33.7761 32.0025 30.866 33.0823 33.8532 30.4957 38.1169 59.4593 29.9545 31.6137
threshold=0.9463411569595338 0.51050981879234325 0.31498947739601141 0.46482077240943914 0.29122413694858557 0.91171076893806469 0.52346986532211315 0.45618818700313574 0.083913676440715804 0.73106491565704357 60.000730514526374 0.7274845838546754 0.46264822781085974 0.34580224752426153 57.964513778686531 0.18179403990507129 1.1776691079139712 0.058776019141078002 0.11783855780959131 0.23122967779636386 0.070260383188724532 0.35205619037151342 0.63068664073944103 0.23076923936605456 0.10297840833663942 64.225891113281264 0.60745751857757579 37.905326843261726 1.875241816043854 0.18880181014537814
decision_type=2 2 2 2 2 2 2 2 2 2 2 2 2 2 2 2 2 2 2 2 2 2 2 2 2 2 2 2 2 2
left_child=1 3 6 13 7 16 8 18 -3 -7 -2 22 -10 14 17 -16 -6 -1 19 -5 -4 -8 23 24 -12 26 -14 -28 -23 -30
right_child=10 2 20 4 5 9 21 -9 12 -11 11 -13 25 -15 15 -17 -18 -19 -20 -21 -22 28 -24 -25 -26 -27 27 -29 29 -31
leaf_value=-0.10451474264511401 0.090360282853255952 -0.063058148692807958 -0.12611560630719312 0.15150672062233561 0.085952545841074424 -0.10685054378124666 -0.11174419578439641 0.025146380724191755 -0.055731092727310617 0.039177553604318183 -0.033690341870584208 0.068427156175734694 0.037951327621094377 0.075216587974461235 0.10131363205347498 -0.11633712355018232 -0.06188457978728145 0.027323156330363724 -0.092026042370553535 -0.12101449948577635 0.05877979145602559 0.067725491599476356 0.061602076880976159 0.0036426589061387738 -0.26637789321368061 -0.043463628814168327 0.0086076361758127638 -0.20397854840355722 -0.16969370887796814 0.021492133983418277
leaf_weight=23.224494569003582 531.7292774617672 153.63928539305925 9.9956537038087827 13.1554177030921 120.39181384444237 93.842337720096111 12.404436260461805 58.460512265563011 112.642547942698 32.845243223011494 17.446008414030079 623.44306640326977 393.22887603193521 91.904595017433167 14.136024028062819 52.330188035964966 21.640389516949654 259.05036695301533 402.83854699879885 9.9131265506148321 853.88531874865294 261.33897429704666 73.59715411812067 137.3716289550066 9.7450478374958021 74.252927370369434 57.504475444555283 17.060048557817936 10.000200316309927 64.008217372000217
leaf_count=185 750 916 104 38 195 674 40 155 474 64 44 1003 814 133 25 234 78 642 3516 97 1400 380 114 286 47 225 133 73 37 116
internal_value=0.0266103 0.00934628 0.028549 -0.0231474 -0.045864 0.000999063 0.00755773 -0.0718629 -0.00897476 -0.068991 0.0664294 0.0516606 0.00371727 0.0156764 -1.43373e-05 -0.0700472 0.0634277 0.016476 -0.0851785 0.0343976 0.0566404 0.0459865 0.00777003 -0.0163052 -0.117084 0.0160712 0.0255212 -0.0400312 0.0518209 -0.00434137
internal_weight=4607.03 3213.69 2019.96 1193.73 753.087 268.72 1156.08 484.368 808.328 126.688 1393.33 861.603 654.689 440.646 348.741 66.4662 142.032 282.275 425.907 23.0685 863.881 347.752 238.16 164.563 27.1911 542.046 467.793 74.5645 335.347 74.0084
internal_count=12992 10748 4712 6036 4817 1011 3208 3806 2635 738 2244 1494 1719 1219 1086 259 273 827 3651 135 1504 573 491 377 91 1245 1020 206 533 153
is_linear=0
shrinkage=0.1


Tree=20
num_leaves=31
num_cat=0
split_feature=34 36 47 0 23 37 10 50 36 8 0 34 36 33 37 1 0 35 20 39 35 8 18 45 38 26 35 34 18 0
split_gain=280.751 195.78 147.323 126.463 85.9113 80.3231 66.3742 57.0537 54.1824 50.9978 70.5711 48.716 48.4187 46.0261 40.0587 36.2345 34.0935 39.3477 39.9558 37.1821 33.301 38.1939 33.1341 33.0872 32.7457 33.5037 31.3643 40.5081 30.9837 30.3102
threshold=0.99576005339622509 0.21638932824134829 0.23714017122983935 0.070260383188724532 0.79999998211860668 0.45257766544818884 -0.090859696269035325 0.44049081206321722 0.33003412187099462 66.989624023437514 0.16446503996849063 0.46550130844116216 0.049634803086519248 0.47247684001922613 0.56434789299964916 0.27664713561534887 0.16852810978889468 0.494436725974083 2.5000000000000004 0.62499997019767772 0.61939558386802684 71.78794097900392 -0.00015326531865866852 0.54054027795791637 0.49910208582878118 2.9722000360488896 0.54815709590911876 0.55610072612762462 0.00067521547316573571 0.25842168927192694
decision_type=2 2 2 2 2 2 2 2 2 2 2 2 2 2 2 2 2 2 2 2 2 2 2 2 2 2 2 2 2 2
left_child=1 2 14 8 6 -5 -4 -8 -3 11 -11 15 29 -10 24 23 17 19 -19 -13 21 -2 -12 28 25 26 -1 -28 -7 -9
right_child=20 3 4 5 -6 9 7 12 13 10 22 16 -14 -15 -16 -17 -18 18 -20 -21 -22 -23 -24 -25 -26 -27 27 -29 -30 -31
leaf_value=-0.10383789930825137 0.042090606320032677 -0.10510012952877626 0.061766634352194177 -0.064794208667813907 0.058302943595846736 -0.097482771764245857 -0.076986495212298278 -0.15823430523353182 -0.13711145733633795 -0.12399915766671694 -0.15905147639772355 -0.13268371462460063 0.0095358440068768133 0.020131952111393819 0.012927566128050811 0.0734882954186519 0.074733168778609554 0.084485018877479001 0.032008646331709655 0.050608522559671354 0.0741580552692339 -0.12070051729093523 0.034237838623498648 -0.10618791942425587 -0.10899247699534918 0.057470587767688333 0.0424330685619351 -0.072805113970950561 0.0442972230754251 -0.015076872458533256
leaf_weight=106.78465049341321 82.167952477931976 81.582546062767506 100.1292604804039 71.12058362364769 229.45970371365547 20.982547782361507 159.9355082437396 30.527594923973083 21.889630176126957 38.399074055254459 9.3290587365627271 24.1472552344203 320.91053046286106 124.42774050682783 61.01028361544013 46.941082075238228 589.91458526998758 210.51223190128803 466.91455695778131 20.432022668421268 1000.1127607896924 17.477884858846664 179.71919669955969 38.693375766277313 162.67909687757492 25.299531288444996 47.915783271193504 83.940121684223413 58.074876688420773 28.688602909445763
leaf_count=791 154 936 173 294 446 105 1044 176 107 164 40 102 790 264 240 70 886 314 860 36 1594 57 349 159 1973 90 139 424 136 79
internal_value=0.0248091 0.0104561 -0.0188667 0.0303252 0.00580354 0.0393281 -0.0130135 -0.026878 -0.0398012 0.0436737 -0.000404738 0.0504633 -0.00579516 -0.00339225 -0.0628642 -0.00080168 0.0568988 0.0423272 0.0483158 -0.0486754 0.0686654 0.013537 0.0246995 -0.0304172 -0.0737031 -0.0519526 -0.0635531 -0.0309281 0.00666754 -0.0888785
internal_weight=4460.12 3360.36 1357.28 2003.08 869.651 1775.18 640.191 540.062 227.9 1704.06 227.447 1476.61 380.127 146.317 487.629 164.692 1311.92 722.006 677.427 44.5793 1099.76 99.6458 189.048 117.751 426.619 263.94 238.641 131.856 79.0574 59.2162
internal_count=12992 11187 6365 4822 2708 3515 2262 2089 1307 3221 553 2668 1045 371 3657 470 2198 1312 1174 138 1805 211 389 400 3417 1444 1354 563 241 255
is_linear=0
shrinkage=0.1


Tree=21
num_leaves=31
num_cat=0
split_feature=50 34 11 34 51 34 7 1 15 8 36 34 35 35 35 36 36 0 18 11 28 22 17 5 19 35 21 37 35 35
split_gain=250.983 169.709 134.038 118.966 107.476 107.021 102.684 77.2295 98.9202 71.2928 68.2188 58.0067 53.3238 52.0951 49.9466 47.516 46.6874 44.7553 41.5214 40.342 37.3207 49.6969 36.2159 60.2504 34.7395 33.2744 32.9806 30.5107 29.6212 56.2171
threshold=0.96966570615768444 0.88689103722572338 0.46993605792522436 0.27386073768138891 0.53246212005615245 0.50004315376281749 63.099037170410163 0.27664713561534887 7.7060012699803351e-05 62.43823432922364 0.12632197886705401 0.4993435144424439 0.78456228971481334 0.57041671872138988 0.48290507495403295 0.11810473725199701 0.79048109054565441 0.12952867895364764 -0.080331932753324495 -0.074819739907979951 4238.0000000000009 13.593696117401125 65.72031402587892 1.4337348341941836 -3.5522575378417964 0.56912231445312511 -0.0048197356518357983 0.50307321548461925 0.5000385344028474 0.53451439738273632
decision_type=2 2 2 2 2 2 2 2 2 2 2 2 2 2 2 2 2 2 2 2 2 2 2 2 2 2 2 2 2 2
left_child=1 2 3 -1 16 13 -3 8 10 25 19 -12 22 15 -13 -6 20 18 -16 -5 21 -4 -8 -24 -17 -7 -10 -27 -26 -30
right_child=-2 6 4 7 5 9 12 -9 26 -11 11 14 -14 -15 17 24 -18 -19 -20 -21 -22 -23 23 -25 28 27 -28 -29 29 -31
leaf_value=-0.083969463071974004 0.068780303132733228 0.080701760041849105 -0.077834464690106409 0.08365990728589412 -0.11058626884330441 -0.11522750646207514 0.0034030787968893253 0.077002811466250265 0.10152617587513167 -0.12713363434667305 -0.069615491960703574 -0.11398885149726211 0.050054882767294709 0.067185210324825897 -0.10276491274440075 -0.16622660018967192 0.027060192635882385 0.062443240743491196 0.017305419270648277 -0.084132711941204141 -0.094038015806855738 0.11102949239562557 -0.036814032985582279 -0.30643951235885036 0.062769462789906513 -0.088019782359351817 0.034523756617849705 0.037131857493462934 -0.1560011432112218 0.035141441796676387
leaf_weight=107.39588578417897 941.70973291993141 449.71975613385439 37.692706219851971 16.015260010957718 36.000860970467329 26.15775528922677 225.51933663338423 237.62932746857405 120.81441391631961 91.01874815300107 79.582136295735836 25.255435056984425 239.52757720649242 179.73515332117677 34.092861209064722 9.9547387398779374 45.035799793899059 220.50724805891514 185.53174772486091 136.07591987028718 322.5560531206429 22.102377831935883 43.94878263771534 10.213885247707365 95.456444203853607 24.918790385127068 187.44701528921723 89.24192775785923 21.887090910226107 51.811021331697702
leaf_count=782 1657 686 311 37 269 133 512 350 237 520 350 130 431 323 164 69 91 358 474 1066 2661 46 122 58 173 138 455 182 102 105
internal_value=0.0231352 0.010391 -0.00385002 0.0170076 -0.0305829 -0.00419624 0.0457229 0.0257324 0.0136135 -0.0582062 -0.0072465 0.00928007 0.0154256 0.0274478 0.0227714 -0.00575468 -0.0692432 0.0306189 -0.00133339 -0.0664641 -0.0805864 -0.00802367 -0.0142319 -0.0876595 0.0153164 -0.0134959 0.0607835 0.00981399 0.0260002 -0.0216247
internal_weight=4314.56 3372.85 2403.92 1350.35 1053.57 626.183 968.929 1242.95 1005.32 231.337 697.061 544.969 519.21 394.845 465.387 215.11 427.387 440.132 219.625 152.091 382.351 59.7951 279.682 54.1627 179.109 140.318 308.261 114.161 169.155 73.6981
internal_count=12992 11335 9526 4403 5123 2014 1809 3621 3271 973 2579 1476 1123 1041 1126 718 3109 996 638 1103 3018 357 692 180 449 453 692 320 380 207
is_linear=0
shrinkage=0.1


Tree=22
num_leaves=31
num_cat=0
split_feature=36 47 38 0 34 34 37 0 39 10 35 34 36 43 34 11 35 44 36 3 39 47 35 33 19 28 3 50 37 34
split_gain=229.941 161.454 118.181 79.8622 72.8487 71.9102 53.714 50.9012 49.0425 44.5478 44.5252 49.5456 41.5813 51.1181 39.9891 46.9853 36.925 34.7725 34.4617 40.378 53.4941 36.6835 32.9523 32.8868 32.0229 30.9777 30.8673 31.6606 28.9415 28.6599
threshold=0.3903502374887467 0.50039872527122509 0.52228769659996044 0.055781986564397819 0.37833853065967565 0.88689103722572338 0.52904957532882702 0.1266930624842644 0.29863132536411291 -0.017232470214366909 0.80241498351097118 0.567212074995041 0.13634504377841952 0.46249999105930334 0.93590918183326732 0.45326888561248785 0.63021185994148265 0.2153684198856354 0.65667414665222179 1.8230897188186648 0.89482456445693981 0.22666666656732562 0.48763544857501989 0.62101882696151745 8.5841622352600115 41634.000000000007 0.66755476593971264 0.42142295837402349 0.51508149504661571 0.89645731449127208
decision_type=2 2 2 2 2 2 2 2 2 2 2 2 2 2 2 2 2 2 2 2 2 2 2 2 2 2 2 2 2 2
left_child=1 2 3 -1 24 7 16 17 12 -10 11 -11 13 25 15 23 -4 -2 19 21 -21 -19 -20 -13 -5 -6 -14 -28 -23 -15
right_child=5 -3 6 4 8 -7 -8 -9 9 10 -12 14 26 29 -16 -17 -18 18 22 20 -22 28 -24 -25 -26 -27 27 -29 -30 -31
leaf_value=-0.098534928236323704 -0.20385895498318929 0.051322053929320634 -0.10491290734482393 -0.095160353931267289 0.13475291101467274 0.075839658495794049 0.011848300458531556 0.052343328804645345 0.050220384873595703 0.024252348589906228 0.056696286780494091 0.055602044920331356 0.043503947350472694 -0.11948505606565285 0.000557483072489096 -0.12812942052055637 -0.030817690506567894 0.030248819077891415 -0.14734910990167771 -0.16280423233431496 0.048716410895710632 0.0052815237487354267 0.049420300458469395 -0.13988835867136765 0.079958256549694559 -0.087652287333160911 -0.13110702014172715 -0.0037724120309098504 -0.25304615318149409 -0.018978627784709119
leaf_weight=75.890088904649019 7.8452704250812522 545.63154406473041 197.744355391711 90.716037731617689 19.373757962137464 683.54763120412827 81.499216470867395 550.32571474462748 396.91890981420875 257.4477271810174 143.94223997741938 31.664096720516682 125.54245866090059 83.062163446098566 126.47357147932053 75.162746753543615 101.92397404834628 110.11136192083359 8.9517383724451047 36.717072207480669 17.7298773676157 8.521993041038515 172.7889289855957 11.816883288323877 11.800669230520723 9.2540978565812093 23.274805322289467 121.25162052363157 8.8311079591512662 43.090347774326801
leaf_count=940 43 1123 2376 555 32 1160 274 984 818 677 259 60 280 535 276 414 748 227 37 150 29 20 281 57 24 57 110 300 40 106
internal_value=0.0215619 0.00303483 -0.00995777 0.00165698 0.00649758 0.0512616 -0.0601346 0.0330366 0.012188 0.0238499 0.00765992 -0.00638484 -0.0164535 -0.0577784 -0.0385632 -0.0802656 -0.0797114 0.00443619 0.00892986 -0.0218397 -0.0939255 0.00895206 0.0397283 0.00247336 -0.0750025 0.0628593 0.00723034 -0.0242786 -0.126183 -0.0851547
internal_weight=4178.85 2573.48 2027.85 1646.68 1570.79 1605.37 381.168 921.823 1468.28 1043.43 646.507 502.565 424.849 154.78 245.117 118.644 299.668 371.497 363.652 181.911 54.4469 127.464 181.741 43.481 102.517 28.6279 270.069 144.526 17.3531 126.153
internal_count=12992 10021 8898 5500 4560 2971 3398 1811 3981 2561 1743 1484 1420 730 807 531 3124 827 784 466 179 287 318 117 579 89 690 410 60 641
is_linear=0
shrinkage=0.1


Tree=23
num_leaves=31
num_cat=0
split_feature=50 36 0 38 35 26 8 28 19 26 39 35 10 35 4 19 37 37 47 44 36 51 0 24 34 28 19 35 3 36
split_gain=199.546 134.248 111.868 86.3372 57.95 61.6902 58.5637 46.47 39.66 39.5654 41.4677 38.9673 33.0925 31.4757 29.9724 31.8966 28.1421 26.7483 26.6424 26.2892 26.2527 29.5199 26.3387 26.1751 30.2506 25.3831 24.6182 24.3389 24.2543 25.8726
threshold=0.96966570615768444 0.52346986532211315 0.070260383188724532 0.52517554163932811 0.84451627731323253 0.97014999389648449 74.47861480712892 31639.615234375004 4.9511799812316903 0.91045001149177562 0.29863132536411291 0.52289763092994701 -0.0022168612340465184 0.494436725974083 1.903532922267914 -2.4409139156341548 0.65286359190940868 0.49876478314399725 0.2590776681900025 0.6896725893020631 0.33303830027580267 0.58366557955741893 0.16726150363683703 0.67626345157623302 0.33701279759407049 2985.0000000000005 1.6682922244071963 0.63021185994148265 0.78740209341049205 0.19302142411470416
decision_type=2 2 2 2 2 2 2 2 2 2 2 2 2 2 2 2 2 2 2 2 2 2 2 2 2 2 2 2 2 2
left_child=1 2 8 4 5 9 12 17 -1 10 18 19 -7 -14 -13 -16 27 26 20 -3 21 -4 -23 24 -12 -25 -5 -9 29 -29
right_child=-2 11 3 7 -6 6 -8 16 -10 -11 23 14 13 -15 15 -17 -18 -19 -20 -21 -22 22 -24 25 -26 -27 -28 28 -30 -31
leaf_value=-0.09059790969937663 0.06293409444033457 0.029343642210475418 -0.10767755072325361 -0.072605124056612597 0.055217362940218576 0.044359188009555926 -0.070527493812573408 -0.09159928778481409 0.020777211317989833 -0.16719009860946765 -0.144255379404826 0.070619980510776545 -0.10427289757946966 0.012987651400953199 -0.14387070876838032 0.031459016519864394 0.12490683848395163 0.054633987781203153 -0.018203525550958045 -0.058894998519280907 -0.19833126792588182 0.0646748771314552 -0.14389979512156922 0.071881216731026848 0.018370294981978695 -0.19566860081893034 0.10299528612896081 -0.047952849017811411 -0.11859371373643464 0.068676879278372113
leaf_weight=180.16244816035032 855.39091095328331 109.42271910980344 53.942788902670145 43.235488560050726 277.20500845462084 528.50758638605475 64.021172218024731 159.70878855884075 38.870706472545862 17.409116379916668 11.83815538138151 443.69945493340492 24.608478773385286 328.05522240325809 11.341964334249495 121.84331859648228 7.8630437329411498 67.797563683241606 144.78852907195687 48.8327761515975 16.981312204152346 24.432592295110226 8.0489215403795225 5.0810211449861553 338.50334255769849 11.737215895205734 9.7918725796043855 49.70886342972517 23.606551975011826 30.809219747781754
leaf_count=2104 1657 231 369 335 488 1174 229 1666 144 76 83 702 140 864 39 234 9 216 392 141 76 60 41 11 836 63 31 366 147 68
internal_value=0.0200275 0.00856478 -0.0026136 0.00403425 0.0130494 0.0056416 0.0218195 -0.0385737 -0.0708327 -0.0185241 -0.0143182 0.0460731 0.0285289 0.00480534 0.0581318 0.0165281 -0.0615188 0.0130226 -0.0458918 0.00211591 -0.0846609 -0.0623261 0.0129901 0.00702505 0.0128751 -0.114838 -0.0401793 -0.0670749 -0.0294588 -0.00332597
internal_weight=4057.25 3201.86 2466.72 2247.68 1855.16 1577.96 945.192 392.521 219.033 632.763 615.354 735.14 881.171 352.664 576.885 133.185 271.696 120.825 248.194 158.255 103.406 86.4243 32.4815 367.16 350.341 16.8182 53.0274 263.833 104.125 80.5181
internal_count=12992 11335 9988 7740 4902 4414 2407 2838 2248 2007 1931 1347 2178 1004 975 273 2256 582 938 372 546 470 101 993 919 74 366 2247 581 434
is_linear=0
shrinkage=0.1


Tree=24
num_leaves=31
num_cat=0
split_feature=34 36 47 0 37 23 10 39 8 35 34 37 36 0 45 0 37 11 35 38 45 4 3 3 35 47 3 43 45 24
split_gain=185.539 125.007 93.3415 79.1035 63.4909 63.4888 47.1004 46.1341 49.1783 46.0722 40.373 38.4291 42.5194 35.9775 35.1836 33.0087 32.3056 31.6702 33.5832 28.7978 28.437 28.496 28.2548 27.6824 31.3222 27.6605 27.0129 27.7007 26.9362 26.7617
threshold=0.99998527765274059 0.21638932824134829 0.23714017122983935 0.050022697076201446 0.45257766544818884 0.79999998211860668 -0.090859696269035325 0.56896552443504345 65.203071594238295 0.494436725974083 0.43739739060401922 0.49115769565105444 0.064225774258375182 0.15756492316722873 0.52836143970489513 0.1176278702914715 0.56434789299964916 0.80519804358482372 0.62659448385238659 0.49910208582878118 0.50217244029045116 0.087707433849573149 1.6217064261436465 0.73283794522285473 0.56464901566505443 0.3721954226493836 0.38940456509590154 0.63749998807907116 0.43435506522655493 0.14246640354394915
decision_type=2 2 2 2 2 2 2 2 2 2 2 2 2 2 2 2 2 2 2 2 2 2 2 2 2 2 2 2 2 2
left_child=1 2 16 28 -5 6 -4 8 9 15 -11 -8 -13 -10 25 -6 19 -2 -19 20 21 -1 23 24 -23 -14 -12 -28 -3 -18
right_child=17 3 5 4 7 -7 11 -9 13 10 26 12 14 -15 -16 -17 29 18 -20 -21 -22 22 -24 -25 -26 -27 27 -29 -30 -31
leaf_value=0.15068898502095376 0.076980756306201034 0.030933272692108833 0.051613176758543766 -0.060857102830431165 -0.14465297099315752 0.049273442244151144 -0.090839028923853649 0.049210286744551718 -0.15938071094233008 -0.063689456631310246 0.093314916620045388 -0.069959728022243747 -0.0079019229744345248 -0.017611267811431065 0.033044101304270275 -0.0030664813386494624 -0.067986159824350509 -0.051911967876400261 0.047636669960928316 -0.1055863877613834 -0.10989281922175015 -0.088728740402754941 0.0770866633270305 -0.11860893010086887 0.01782129425715823 -0.10918280003794828 0.036159725058681987 -0.11735367810099606 -0.099407599919208819 0.069174062044227921
leaf_weight=8.5220687948167306 449.62509052455425 20.709591116756201 90.980572119355202 76.539046928286552 23.96878470107913 210.78784382715821 78.524593465030193 814.52328106015921 21.777394704520702 39.048246670514345 85.393829174339771 104.84847639128566 105.89694904908538 100.5516956448555 177.94055917486548 52.601597461849451 24.086775369942188 36.807178415358067 427.35265681892633 125.8168224580586 54.793952081352472 45.996030796319246 19.496738955378532 43.331995017826557 68.943882539868355 36.177439339458942 491.04086045920849 12.042594134807585 67.642847362905741 34.74452294036746
leaf_count=28 826 83 173 348 154 448 707 1553 120 150 133 508 337 267 408 153 136 101 849 1975 427 391 42 302 254 138 980 40 857 104
internal_value=0.0185588 0.00667074 -0.0179043 0.0234215 0.0281685 0.00211998 -0.0146026 0.0323209 0.0156748 0.0258427 0.0347782 -0.0265702 -0.0146918 -0.0428495 0.00341591 -0.0473872 -0.0557746 0.0580655 0.0397426 -0.0668053 -0.0465662 -0.0279399 -0.0365032 -0.0504958 -0.0248173 -0.0336918 0.041312 0.032485 -0.068856 0.0130178
internal_weight=3950.51 3036.73 1230.89 1805.84 1717.49 805.156 594.369 1640.95 826.425 704.096 627.526 503.388 424.863 122.329 320.015 76.5704 425.733 913.785 464.16 366.901 241.085 186.291 177.769 158.272 114.94 142.074 588.477 503.083 88.3524 58.8313
internal_count=12992 11216 6378 4838 3898 2719 2271 3550 1997 1610 1303 2098 1391 387 883 307 3659 1776 950 3419 1444 1017 989 947 645 475 1153 1020 940 240
is_linear=0
shrinkage=0.1


Tree=25
num_leaves=31
num_cat=0
split_feature=34 36 0 8 51 0 34 45 39 34 33 5 5 14 36 21 12 34 7 35 38 35 35 8 36 6 34 50 9 51
split_gain=160.098 108.135 95.9232 81.3766 90.9387 78.2259 75.6009 50.2813 49.2111 46.2386 49.003 41.5635 38.3781 35.4254 38.3254 34.6415 31.3917 31.0514 30.3237 38.6279 29.9347 28.7018 30.5507 27.9783 27.8004 27.1413 35.1806 32.5233 27.0848 25.6477
threshold=0.99998527765274059 0.73106491565704357 0.070260383188724532 62.169906616210945 0.8336203694343568 0.29279066622257238 0.23437660187482837 0.46052357554435736 0.46004694700241094 0.8206700086593629 0.50000178813934337 1.3675534129142763 3.8942979574203496 60.229984283447273 0.11383833736181261 0.013617945834994318 11.500000000000002 0.48998802900314337 65.22672271728517 0.89818507432937633 0.36062917113304144 0.494436725974083 0.40135267376899725 90.047039031982436 0.31773975491523748 57.007211685180671 0.78929564356803905 0.50210097432136547 0.10468159988522531 0.57191208004951488
decision_type=2 2 2 2 2 2 2 2 2 2 2 2 2 2 2 2 2 2 2 2 2 2 2 2 2 2 2 2 2 2
left_child=1 2 25 5 11 6 -4 -6 9 10 13 16 -9 14 -8 -11 24 -3 -2 23 -12 22 -16 -20 -5 26 -1 -27 -13 -22
right_child=18 17 3 4 7 -7 8 12 -10 15 20 28 -14 -15 21 -17 -18 -19 19 -21 29 -23 -24 -25 -26 27 -28 -29 -30 -31
leaf_value=-0.10553821426342487 0.078830118543468441 -0.053143570758391517 -0.11544206397296891 -0.095117785859000742 -0.07795326566192709 0.059459585858837032 -0.088806422509127611 0.041032669990548935 0.026196365382648065 0.10074600015730034 -0.29476133639060426 -0.10810392059341584 -0.14629673892027126 0.09632306911524946 0.09829240367203132 -0.0076079667002170578 0.042826312461890059 0.05922795952562139 0.025703491843489079 0.076556721783569953 -0.072334659321699746 0.026851254787373342 -0.1158931297170178 -0.13959282440013204 -0.010436468415162749 -0.13854134658605075 0.03730813824734857 0.027698505143031946 -0.27772056959883251 0.01423625107937687
leaf_weight=135.78521344810724 328.76543322950602 26.178603414446115 50.418730687350035 104.02444342523813 51.523310229182243 320.6964380890131 50.484897181391716 214.88686844706535 765.81510534510016 57.023582346737385 5.3291844353079787 65.627123650163412 11.522768408060072 35.124680671840906 8.5376456901431066 61.143059737980366 33.308075208216906 405.36812537163496 342.57240504026413 191.31171003729105 168.89526210725307 164.09432058408856 30.272632163017988 10.5554137006402 61.800199296325445 15.325163092464207 19.748663812875748 50.710264787077904 10.990975663065909 42.918143145740032
leaf_count=1859 613 89 535 794 213 604 476 449 2085 90 28 412 46 82 15 170 105 722 754 372 998 441 200 37 159 195 74 181 56 138
internal_value=0.0172114 0.00613641 -0.00173807 0.00427946 -0.0291589 0.0147944 0.00484765 0.0112086 0.00921199 -0.0116383 -0.0247993 -0.0698459 0.0314988 0.00220741 -0.0108388 0.0446803 -0.0457639 0.0524112 0.0548493 0.0403682 -0.0606828 0.00856035 -0.0687757 0.0207626 -0.0635584 -0.0645952 -0.0874005 -0.0108816 -0.132436 -0.0547935
internal_weight=3840.76 2967.55 2536.01 2314.44 553.684 1760.75 1440.06 277.933 1389.64 623.823 505.657 275.751 226.41 288.514 253.389 118.167 199.133 431.547 873.205 544.44 217.143 202.905 38.8103 353.128 165.825 221.569 155.534 66.0354 76.6181 211.813
internal_count=12992 11216 10405 8096 2234 5862 5258 708 4723 2638 2378 1526 495 1214 1132 260 1058 811 1776 1163 1164 656 215 791 953 2309 1933 376 468 1136
is_linear=0
shrinkage=0.1


Tree=26
num_leaves=31
num_cat=0
split_feature=50 36 35 47 11 51 35 34 18 2 38 16 17 38 8 35 1 28 21 38 34 2 21 15 1 16 44 26 19 28
split_gain=144.618 98.1915 76.9976 61.0777 57.0594 66.6228 51.8629 41.7295 41.8103 51.6974 34.2949 41.2347 34.0024 31.6982 32.9419 33.1603 30.4108 33.1863 29.6994 30.9813 30.1589 28.7783 28.6849 49.2128 27.4076 30.336 37.5236 28.4724 27.7734 27.0282
threshold=0.98091307282447826 0.16866231709718707 0.84451627731323253 0.23714017122983935 0.46543063223361975 0.51047661900520336 0.54594156146049511 0.8295273780822755 -0.012284231372177599 0.082014415413141264 0.46751625835895544 1.3308535814285281 69.842422485351577 0.51746413111686718 63.759031295776374 0.57183048129081737 0.038753084838390357 11070744.500000002 0.017070826143026355 0.45397269725799566 0.96238455176353466 0.317182406783104 -0.0044336500577628604 0.0010445279767736795 0.34580224752426153 -0.029559561051428315 0.61224916577339183 0.82690000534057628 0.76631614565849315 12091.500000000002
decision_type=2 2 2 2 2 2 2 2 2 2 2 2 2 2 2 2 2 2 2 2 2 2 2 2 2 2 2 2 2 2
left_child=1 3 4 13 7 6 -6 8 9 -3 11 24 -7 14 15 22 -10 -18 20 -20 -8 -11 23 -1 25 28 -27 -28 -5 -12
right_child=-2 2 -4 10 5 12 18 -9 16 21 29 -13 -14 -15 -16 -17 17 -19 19 -21 -22 -23 -24 -25 -26 26 27 -29 -30 -31
leaf_value=-0.079123931188847599 0.05574957138183461 -0.14690313920032669 0.070194024817794423 0.0050460033204902787 -0.10174459303445083 0.017965677170027824 -0.018073837461838719 0.081492638826707764 -0.15295642562581854 -0.02037307734389204 0.016256198232807044 -0.16809439283300642 -0.069198472975984485 -0.10968398952345747 -0.12045237237478097 0.01728057240113692 0.049164101293752892 -0.032251783015664344 -0.17894114910959957 -0.014728924913516371 0.093035521233927998 0.066658582234817174 -0.11830811927436545 0.12214128102135619 0.068179297449189033 0.082332653680017659 -0.093753861429811861 0.022437029281344601 -0.11593605582333125 -0.05120895574396328
leaf_weight=36.77387061342597 733.81327400356531 26.365530721843243 254.30907791107893 45.364477626979351 106.78643115237355 602.76902386546135 82.338123764842749 132.7464519366622 8.3232452794909459 146.7773561142385 88.375239424407482 11.563193358480929 48.343550235033035 79.870433043688536 40.080473586916924 107.63352157175541 435.34442670270801 56.571519106626511 18.728197790682316 29.723882127553225 34.735278032720089 51.263289712369442 48.257500670850277 18.142851904034615 100.2169748544693 76.450776509940624 29.148152805864811 76.288941159844398 32.619481071829796 181.00739079341292
leaf_count=312 1617 206 450 107 1229 1408 308 218 70 491 326 44 150 1515 297 432 925 160 76 84 54 84 522 64 157 126 98 167 124 1171
internal_value=0.0159479 0.00623467 0.0187219 -0.0199161 0.0113715 -0.0058767 -0.0474108 0.029948 0.0205057 -0.0153576 -0.00190795 0.0177841 0.0114939 -0.0548173 -0.0373504 -0.0215504 0.0365939 0.0398011 -0.0123582 -0.0782019 0.0148919 0.00215527 -0.0620597 -0.0126319 0.023753 0.00662048 0.0289923 -0.00968402 -0.0455589 -0.0290759
internal_weight=3740.73 3006.92 2035.13 971.793 1780.82 923.424 272.312 857.392 724.645 224.406 641.035 371.652 651.113 330.759 250.888 210.808 500.239 491.916 165.525 48.4521 117.073 198.041 103.174 54.9167 360.089 259.872 181.888 105.437 77.984 269.383
internal_count=12992 11375 5913 5462 5463 3309 1751 2154 1936 781 2320 823 1558 3142 1627 1330 1155 1085 522 160 362 575 898 376 779 622 391 265 231 1497
is_linear=0
shrinkage=0.1


Tree=27
num_leaves=31
num_cat=0
split_feature=36 0 37 2 38 23 36 3 36 3 35 5 33 45 18 28 35 26 17 33 19 34 10 45 39 10 40 0 16 51
split_gain=131.191 93.7171 72.2974 50.9627 50.8518 48.9503 46.0616 45.8822 39.1045 36.007 33.4978 32.5242 30.9285 44.9273 30.4235 30.9294 30.3359 34.8132 30.2221 28.9322 28.834 25.3142 24.6903 23.5552 23.4841 25.964 23.4668 30.2629 25.6741 23.9118
threshold=0.47338382899761206 0.45586425065994268 0.49643760919570928 0.055246507748961456 0.42509530484676367 0.52521184086799633 0.29692901670932775 0.90243446826934826 0.10832271352410318 0.12965145707130435 0.57316777110099804 4.1068086624145517 0.54545956850051891 0.50390306115150463 -0.3223958015441894 13057.786621093752 0.79943972826004039 0.89179998636245739 41.202852249145515 0.6750604808330537 -1.2855141162872312 0.25761002302169805 -0.017232470214366909 0.60262817144393932 0.029755878262221817 0.093353413045406355 0.55000001192092907 0.11670841276645662 0.11207611486315729 0.015415887348353864
decision_type=2 2 2 2 2 2 2 2 2 2 2 2 2 2 2 2 2 2 2 2 2 2 2 2 2 2 2 2 2 2
left_child=1 2 4 -4 -1 8 -6 -8 9 -5 12 16 21 -14 -10 23 17 18 -7 -15 24 -2 -19 -16 -20 -26 27 -17 29 -29
right_child=10 -3 3 5 6 11 7 -9 14 -11 -12 -13 13 19 15 26 -18 22 20 -21 -22 -23 -24 -25 25 -27 -28 28 -30 -31
leaf_value=0.033903364082524333 -0.12521809109537935 0.0552560878196015 -0.06965272273767141 0.066906657418659962 -0.079961498182637702 0.015551398318588769 0.054172678403264368 -0.081534648409538127 -0.10506996445608173 -0.057412490940464425 0.056188133822996172 -0.16225863083375147 0.034050100488508143 -0.20358567303411249 0.096581792409278222 -0.045177096933054592 0.068882595768825661 0.059408742757165948 0.11109637360581009 0.034318611227404393 -0.10819342196328015 0.036875775100352358 0.011307232950381751 -0.049173951301336005 -0.18189785115123869 0.08326244384004805 0.080004407050987117 -0.14651180942600681 -0.051654159659251866 0.02193859807619096
leaf_weight=74.24486443772912 9.9541660174727422 295.97518997639418 89.101552568376064 26.292076591402292 253.90438485331833 126.40184262767434 61.521795216947794 41.868681382387877 24.652903072535992 204.55805010721087 726.08857123553753 9.0500434935092908 30.983079180121422 19.971750125288967 59.563985176384449 137.10026958957314 149.75830388814211 211.48721989989281 13.801236797124149 6.8703133612871161 51.04972480982542 300.04106920957565 215.39186830818653 13.623519249260424 8.6983100399374944 6.4171198457479468 35.179655522108078 8.6206527277827245 61.07703648135066 374.91874514520168
leaf_count=201 65 631 1014 105 2928 402 152 383 102 1141 1515 42 64 83 101 590 296 433 25 15 222 599 628 41 52 10 68 38 188 858
internal_value=0.014756 0.00234598 -0.00458852 0.00410796 -0.0414015 0.00789021 -0.0570496 -0.000782933 -0.00747098 -0.0432535 0.0437332 0.026229 0.0191468 -0.0479931 0.00408628 0.00798583 0.0284075 0.0188355 -0.0148867 -0.142693 -0.0629999 0.0316708 0.035138 0.06945 0.0167851 -0.0693264 0.000693822 -0.00410253 0.00856307 0.0181524
internal_weight=3648.17 2554.26 2258.28 1826.74 431.54 1737.64 357.295 103.39 945.587 230.85 1093.91 792.056 367.82 57.8251 714.737 690.084 783.006 633.247 206.368 26.8421 79.9664 309.995 426.879 73.1875 28.9167 15.1154 616.896 581.717 444.616 383.539
internal_count=12992 10651 10020 6356 3664 5342 3463 535 3232 1246 2341 2110 826 162 1986 1884 2068 1772 711 98 309 664 1061 142 87 62 1742 1674 1084 896
is_linear=0
shrinkage=0.1


Tree=28
num_leaves=31
num_cat=0
split_feature=34 36 0 8 34 45 19 37 35 28 34 39 36 35 38 11 0 50 39 28 2 27 15 35 47 34 33 11 16 6
split_gain=117.154 76.4468 60.661 53.5155 54.7484 50.6724 52.2441 43.2163 38.4368 37.2326 36.4352 34.8925 32.6609 30.8133 30.3347 29.6875 29.5761 29.3522 28.2333 41.8313 27.2469 42.7759 26.9034 25.7633 24.5704 24.1199 42.3112 30.8906 23.4442 23.1493
threshold=0.99998527765274059 0.13499686121940616 0.11670841276645662 65.943325042724624 0.50004315376281749 0.44208960235118872 0.061363732442259795 0.49673627316951757 0.80241498351097118 6696945.0000000009 0.20046580582857135 0.99999997019767772 0.81199699640274059 0.48586411774158483 0.42442035675048834 0.80519804358482372 0.29279066622257238 0.79947164654731762 0.3000000268220902 6829.0000000000009 0.45618818700313574 0.29865001142024999 0.14390422403812411 0.62659448385238659 0.1191881410777569 0.4993435144424439 0.47463922202587133 0.36234791576862341 0.14064280688762668 76.382377624511733
decision_type=2 2 2 2 2 2 2 2 2 2 2 2 2 2 2 2 2 2 2 2 2 2 2 2 2 2 2 2 2 2
left_child=1 7 5 10 -5 13 22 14 9 17 -4 12 29 -3 -1 -2 25 -6 19 -9 -16 -22 -7 28 -20 26 27 -12 -17 -8
right_child=15 2 3 4 8 6 11 18 -10 -11 16 -13 -14 -15 20 23 -18 -19 24 -21 21 -23 -24 -25 -26 -27 -28 -29 -30 -31
leaf_value=0.030358674809025848 0.068048069911246373 -0.12164468065483824 -0.099622867585485747 0.029246872596999138 -0.1096024513338497 -0.10777056940076782 -0.036584663500967188 0.038431178554933353 0.0074575449940440996 -0.24362539024432964 0.052646516961223688 0.068638096474152296 0.035227077837820898 0.037997425398533763 -0.11008754995447508 -0.15098966673336167 0.068258378994732014 0.034949583976606205 -0.11422775859975996 -0.072192962318586754 0.21314628129883159 -0.078545677347073795 0.010848484150792899 0.036899619316636871 0.010643227702039113 0.035676210668306278 -0.11695724973001059 -0.094826882168795812 0.013945851027583028 -0.2301953252043959
leaf_weight=25.269648969173431 375.33321186900139 12.843212381005285 19.62265358120203 149.28786429017782 50.582389513030648 100.55039372295141 207.08539084345102 46.085022985935211 54.774479698389769 14.882679395377634 68.136933859437704 49.062173794955015 72.751572795212269 206.28332268819213 110.58904679305851 14.316357783973215 247.6163643784821 19.448234148323536 16.508601862937212 132.34695585817099 7.1109543442726162 17.158962480723858 23.610070869326591 374.64492561668158 346.36106555536389 731.3906297981739 29.449567429721355 17.94420437887311 21.651607386767864 6.3654398322105399
leaf_count=77 826 165 150 364 244 1201 782 169 132 80 156 93 136 687 1827 54 470 40 250 881 6 76 113 849 1235 1598 156 94 47 34
internal_value=0.0136265 0.0039986 0.0136191 0.0254902 -0.012857 -0.0109283 -0.029801 -0.0245529 -0.0578545 -0.0999849 0.0354361 -0.00927949 -0.0226365 0.0286407 -0.0701899 0.0477199 0.0378574 -0.0694588 -0.0110525 -0.0436212 -0.0890305 0.00691849 -0.0852142 0.0291384 0.00496228 0.028969 -0.0134922 0.0219047 -0.0517036 -0.0423584
internal_weight=3569.06 2783.12 2081.69 1403.14 288.976 678.552 459.425 701.43 139.688 84.9133 1114.16 335.265 286.202 219.127 160.129 785.946 1094.54 70.0306 541.302 178.432 134.859 24.2699 124.16 410.613 362.87 846.921 115.531 86.0811 35.968 213.451
internal_count=12992 11216 6695 3484 860 3211 2359 4521 496 364 2624 1045 952 852 1986 1776 2474 284 2535 1050 1909 82 1314 950 1485 2004 406 250 101 816
is_linear=0
shrinkage=0.1


Tree=29
num_leaves=31
num_cat=0
split_feature=36 35 37 38 10 34 47 34 34 11 36 3 33 2 35 35 20 34 36 34 34 21 33 28 11 37 38 1 43 10
split_gain=103.152 76.3071 57.1744 49.1159 44.291 39.6928 34.2197 31.2717 30.7095 34.1344 33.3043 41.5768 30.1939 46.4764 40.0747 31.8947 44.152 55.0584 36.2966 29.6461 34.3923 41.6404 38.083 30.2939 29.9989 29.3304 30.4085 28.8848 25.9159 24.0188
threshold=0.47338382899761206 0.84451627731323253 0.49578779935836798 0.42509530484676367 -0.090859696269035325 0.40084584057331091 0.10226803645491601 0.88689103722572338 0.4993435144424439 0.67130485177040111 0.18907165527343753 0.73283794522285473 0.50000178813934337 0.055246507748961456 0.49978068470954901 0.54327899217605602 2.5000000000000004 0.61591109633445751 0.061209052801132209 0.5110299587249757 0.82707467675209057 0.0052615955937653789 0.67835924029350292 10451747.500000002 0.61898896098136913 0.41956052184104925 0.35205619037151342 0.35806362330913549 0.48749999701976782 0.033614367246627815
decision_type=2 2 2 2 2 2 2 2 2 2 2 2 2 2 2 2 2 2 2 2 2 2 2 2 2 2 2 2 2 2
left_child=1 2 3 -1 -4 -6 -7 25 -5 10 27 -12 13 -8 28 16 17 -14 -17 -20 22 -22 23 24 -21 -2 -27 -10 -15 -16
right_child=7 -3 4 8 5 6 12 -9 9 -11 11 -13 15 14 29 18 -18 -19 19 20 21 -23 -24 -25 -26 26 -28 -29 -30 -31
leaf_value=0.033647803771550085 -0.088288678608765367 0.041685264194111782 0.054531676890218733 -0.11338380917345291 -0.059734113344257656 -0.080374804795304136 -0.079014666501805664 0.060538301362505709 -0.10082543709593138 -0.089980273522840853 0.088512233387185377 -0.049577254760524846 -0.11876725761549999 0.024353422087092902 0.057799051714164287 -0.063012648730706097 -0.14048705497407751 0.089573648140569798 0.058571765915318035 0.023856237030095345 0.099587693372486782 0.0022754223280633595 -0.14305758811723426 -0.14862689042874341 -0.10118508917546028 -0.079887686555937532 0.033803465602948356 0.10023509726673184 -0.10076747553698383 0.0010459533534352787
leaf_weight=71.005042161792517 22.057210199534893 395.43246983736753 144.68485583923757 76.833009846508503 115.44174110330641 49.589405834674835 40.791085038334131 410.68772102892399 47.876917969435453 86.860974917188287 49.419652558863163 39.018306700512767 22.493960285559297 32.257362814620137 307.1861871406436 83.071257382631302 40.812462544068694 29.086868844926357 95.80897044017911 97.2503776345402 49.840350173413754 373.4862263686955 29.46810706704855 15.65703448653221 23.902295103296638 24.533046998083591 572.92561148479581 8.3986418172717077 34.00536747649312 98.477633405476809
leaf_count=191 84 979 279 1140 773 477 596 955 819 839 125 366 165 112 697 421 228 77 182 257 69 964 174 64 137 80 1222 19 218 283
internal_value=0.0125772 0.00144487 -0.00626937 -0.041337 0.00163475 -0.00333942 0.00123504 0.0391398 -0.0586009 -0.0404247 -0.0106801 0.027588 0.00418131 0.0233928 0.0322445 -0.0072606 -0.0627724 -0.00128205 -0.000586525 0.00697944 -0.00140416 0.0137325 -0.0399405 -0.0177296 -0.000813253 0.0249543 0.029135 -0.0708189 -0.0398574 0.0440219
internal_weight=3488.36 2458.16 2062.72 379.413 1683.31 1538.63 1423.18 1030.2 308.408 231.574 144.714 88.438 1373.6 512.718 471.927 860.878 92.3933 51.5808 768.485 685.413 589.604 423.327 166.278 136.81 121.153 619.516 597.459 56.2756 66.2627 405.664
internal_count=12992 10651 9672 3499 6173 5894 5121 2341 3308 2168 1329 491 4644 1906 1310 2738 470 242 2268 1847 1665 1033 632 458 394 1386 1302 838 330 980
is_linear=0
shrinkage=0.1


Tree=30
num_leaves=31
num_cat=0
split_feature=50 34 11 35 35 51 34 15 0 33 34 34 22 20 35 8 37 35 39 10 19 34 33 4 17 34 0 43 33 36
split_gain=94.1535 59.3001 67.7578 70.6265 58.5067 65.567 55.5039 63.8299 56.4889 52.8396 44.3506 84.7762 47.9932 42.9201 41.3216 40.1075 37.5548 37.2406 35.0224 33.2511 37.7325 31.4227 30.5363 34.4309 30.6171 32.0481 30.3017 29.5024 27.6007 25.6556
threshold=0.9996355175971986 0.39580714702606207 0.48611831665039068 0.55063295364379894 0.5000385344028474 0.51836189627647411 0.8295273780822755 0.0010445279767736795 0.12952867895364764 0.51102334260940563 0.51456794142723095 0.87689533829689037 23.681535720825199 2.5000000000000004 0.49329191446304327 62.43823432922364 0.58107498288154613 0.71738317608833324 0.34375001490116125 -0.04887192323803901 9.744598865509035 0.4993435144424439 0.48278383910655981 1.1965273618698122 26.592391014099125 0.71736201643943798 0.37469960749149328 0.43750000000000006 0.47061906754970556 0.22312842309474948
decision_type=2 2 2 2 2 2 2 2 2 2 2 2 2 2 2 2 2 2 2 2 2 2 2 2 2 2 2 2 2 2
left_child=1 19 6 4 5 27 7 8 9 -3 21 15 -13 -6 -7 22 -11 18 -14 28 -21 -5 -12 24 25 -24 -25 -4 -1 -19
right_child=-2 2 3 10 13 14 -8 -9 -10 16 11 12 17 -15 -16 -17 -18 29 -20 20 -22 -23 23 26 -26 -27 -28 -29 -30 -31
leaf_value=0.023628677583161017 0.047447303049604067 0.0039320141292347021 0.0743064008442922 -0.11755070898676356 -0.012693987780444636 -0.090647819948831379 0.075410737454697202 0.059460488132712846 0.024604239535725329 -0.063563324443549354 0.064474029793776588 0.044265881793570515 -0.14476993832960874 -0.13010582702726881 0.059941729902087626 -0.10692444786387648 -0.22994947664495463 -0.025677871205751209 -0.020732861027554998 -0.088659020944288264 0.09195738591489476 0.055790712992941187 -0.1329572878339986 -0.15597470829547566 -0.055139645305399998 0.089686013934624359 0.098389660906467211 -0.11275497882064656 -0.15213933149194855 0.043544562771556376
leaf_weight=79.930003011599183 603.18398288264871 149.07659578509629 9.7833601869642717 11.017045428976415 45.173089548945427 22.113786321133375 195.77159979939461 251.14168626442552 383.6898700017482 100.13278039544821 32.213629744946957 317.07970394194126 32.786708597093821 100.18038676306605 103.52846089564264 84.956818349659443 15.691079683601854 94.984860707074404 74.463369097560644 134.7661274522543 12.652403347194193 205.99942915700376 7.8505986593663684 35.007190799340606 71.945107774809003 36.636561485007405 5.4066365882754317 61.002440772950649 10.058084983378647 122.71110790222883
leaf_count=266 1538 665 61 83 286 140 369 564 1071 716 67 712 139 661 265 626 84 265 199 1491 17 421 70 179 427 102 8 1177 58 265
internal_value=0.0116017 0.00390104 0.00831776 -0.00567549 -0.0455195 -0.00992859 0.0271564 0.0166568 8.27036e-05 -0.035435 0.00634327 -0.00328642 0.0165879 -0.0936165 0.0334371 -0.0498522 -0.0861043 -0.0104201 -0.0586514 -0.0439177 -0.0731574 0.0469909 -0.024206 -0.0424194 -0.0148158 0.0503964 -0.121945 -0.0869011 0.00398286 0.0133415
internal_weight=3410.93 2807.75 2570.34 1474.84 341.782 196.428 1095.5 899.732 648.59 264.9 1133.06 916.042 642.026 145.353 125.642 274.017 115.824 324.946 107.25 237.407 147.419 217.016 189.06 156.846 116.432 44.4872 40.4138 70.7858 89.9881 217.696
internal_count=12992 11454 9622 6153 2590 1643 3469 3100 2536 1465 3563 3059 1580 947 405 1479 800 868 338 1832 1508 504 853 786 599 172 187 1238 324 530
is_linear=0
shrinkage=0.1


Tree=31
num_leaves=31
num_cat=0
split_feature=36 47 38 47 39 19 26 51 51 0 39 35 37 24 39 35 33 2 50 45 14 34 20 51 34 17 36 35 10 34
split_gain=84.4194 69.1596 50.3281 41.9878 39.9659 31.4874 28.3926 33.5159 28.9851 27.7513 26.8314 26.4324 25.0896 24.8451 31.6641 38.9735 32.8826 60.3666 44.6436 24.5611 23.2756 23.0786 30.5238 29.2461 59.5891 26.1847 25.0475 24.9253 24.7886 22.6424
threshold=0.55829003453254711 0.47200551629066473 0.51944586634635936 0.096795991063117995 0.29863132536411291 2.13917088508606 0.82690000534057628 0.82715877890586864 0.51047661900520336 0.22470179945230487 0.071428570896387114 0.48586411774158483 0.66036173701286327 0.038461543619632728 0.22625313699245456 0.85100370645523082 0.58540192246437084 0.20925732702016833 0.7664339840412141 0.59734997153282177 77.09397125244142 0.37833853065967565 2.5000000000000004 0.53737559914588939 0.82707467675209057 35.679088592529304 0.046028790995478637 0.78792646527290355 -0.082882672548294054 0.78929564356803905
decision_type=2 2 2 2 2 2 2 2 2 2 2 2 2 2 2 2 2 2 2 2 2 2 2 2 2 2 2 2 2 2
left_child=1 2 3 -1 6 12 8 20 -5 -3 -9 -2 -4 -11 15 16 19 -18 -19 -15 -8 -6 25 24 28 -23 -25 -26 -24 -27
right_child=11 9 5 4 21 -7 7 10 -10 13 -12 -13 -14 14 -16 -17 17 18 -20 -21 -22 22 23 26 27 29 -28 -29 -30 -31
leaf_value=-0.092722620741229458 -0.043343487515883281 -0.043097776729134549 -0.065992393453020201 -0.092933849039000815 -0.048648384499350342 0.0091593459387254179 0.0050420524039575757 0.014042638522437249 -0.016473757355988924 0.061641028354696273 -0.18472849246048384 0.043050809942188281 0.1384665860466015 -0.16923768434679429 0.037731239593371164 0.04908217730045409 0.034162616398333172 -0.21455149038347543 -0.64993431883019126 0.047621716366299631 0.1427362384066504 0.070396880467820569 -0.38265155946969331 -0.060490377954016739 -0.0046671447826104173 -0.015486508400499997 0.024433763796292279 0.095579227554771495 -0.061117804717960571 0.11784957002622785
leaf_weight=47.327150270342827 37.137433351948857 44.952588200569153 239.69577953219414 88.844469537958503 57.775018656626344 86.891249740496278 210.4613936804235 11.541898652911188 112.1851725615561 249.89683803915977 16.498373843729496 762.77335146069527 6.1559317335486403 7.8498997110873487 208.69811080396175 28.850664965808392 6.581771686673167 7.6674138158559781 3.399266853928566 15.60466096550226 13.036780513823031 163.73298862576485 2.442294154316186 37.140199908986688 64.912326479330659 82.823900433257222 535.1369947809726 40.140692532062531 131.38778577558696 15.050063297152517
leaf_count=527 140 473 3107 592 326 457 812 26 378 513 74 1751 6 43 528 64 15 45 29 36 30 436 15 147 181 276 1254 64 628 19
internal_value=0.010714 0.00178184 -0.00714258 9.05632e-05 0.00286522 -0.0425849 -0.0222473 0.000144461 -0.0502651 0.0323315 -0.102911 0.0390398 -0.0608729 0.0387467 0.0182149 -0.0400098 -0.102544 -0.205656 -0.348285 -0.024958 0.0130738 0.012918 0.0162338 0.00665438 -0.0227351 0.0459364 0.0189223 0.0336369 -0.0669855 0.00501656
internal_weight=3336.59 2536.68 1963.18 1630.44 1583.11 332.743 452.568 251.538 201.03 573.501 28.0403 799.911 245.852 528.549 278.652 69.9537 41.103 17.6485 11.0667 23.4546 223.498 1130.54 1072.77 811.16 238.883 261.607 572.277 105.053 133.83 97.874
internal_count=12992 11101 9355 5785 5258 3570 1912 942 970 1746 100 1891 3113 1273 760 232 168 89 74 79 842 3346 3020 2289 888 731 1401 245 643 295
is_linear=0
shrinkage=0.1


Tree=32
num_leaves=31
num_cat=0
split_feature=34 11 34 34 35 34 15 34 0 11 6 37 18 35 16 33 34 13 21 39 35 14 1 11 18 7 35 14 36 4
split_gain=78.2199 61.6833 53.0743 66.458 57.4464 51.9629 46.1666 57.0397 61.5251 42.6465 41.9551 37.226 35.2866 34.9275 33.9185 33.1841 34.0466 31.055 29.3305 32.4892 29.2384 29.0417 28.2303 34.633 37.6776 28.0237 28.1288 27.1927 27.0518 26.7983
threshold=0.99998527765274059 0.43765144050121313 0.44412609934806829 0.51456794142723095 0.57316777110099804 0.22374207526445392 0.00063538755057379614 0.81017246842384349 0.11119815334677698 0.71693488955497753 60.446880340576179 0.60423424839973461 0.0001953217506525107 0.58141890168190014 0.0047991580795496711 0.48491625487804418 0.8295273780822755 68.084533691406264 0.11540561541914941 0.46004694700241094 0.49978068470954901 20.931672096252445 0.34580224752426153 1.0000000180025095e-35 -0.0086637404747307283 65.626392364501967 0.89818507432937633 44.111394882202156 0.55829003453254711 1.1074453592300417
decision_type=2 2 2 2 2 2 2 2 2 2 2 2 2 2 2 2 2 2 2 2 2 2 2 2 2 2 2 2 2 2
left_child=1 5 -3 4 12 -1 7 8 11 13 -11 21 -4 14 -5 -15 -17 20 19 -12 -14 -7 23 -10 -25 -2 -27 -18 -23 -8
right_child=25 2 3 9 -6 6 29 -9 22 10 18 -13 17 15 -16 16 27 -19 -20 -21 -22 28 -24 24 -26 26 -28 -29 -30 -31
leaf_value=-0.080412613549455933 0.065627968928001906 -0.11294283678858325 -0.076355482044278805 -0.13260610451681457 0.054813361322682157 0.025283042822327711 0.082251424983850102 0.069513470729510266 0.055725946576535845 -0.14389136101994712 -0.085629935866845072 -0.20969953738208158 -0.10246576481414066 0.10993655301047114 -0.0067033751697262575 -0.04572419914469536 0.061866809984854637 -0.2388408791425588 0.088278544014084359 -0.018303051010827947 0.019967073482341717 -0.092244765166473494 0.064044927533436602 -0.045737222448144266 0.024236139733677317 0.0069049943923359617 0.061123633694716462 -0.017988978518331818 0.01964261754445544 0.024778850668972299
leaf_weight=50.998958187177777 258.9972625747323 50.804726973176003 64.020978562533855 38.095751272514462 234.62557949498296 50.303081320598722 169.04211248829961 135.49077238887548 100.56868942454457 45.045202530920506 128.09725188650191 13.713636234402655 21.137312026694417 29.933533323928714 48.817634904757142 105.209642091766 96.104278042912483 5.0872873719781628 16.710628792643547 162.72119358927011 252.66670683771372 90.076163185760379 100.01858779788017 158.93924281746149 149.17679104395211 300.30125904083252 140.43480502441525 76.654211020097136 28.428961157798767 156.00451732799411
leaf_count=569 634 701 973 304 534 266 411 258 214 466 608 71 188 45 202 588 200 42 31 587 1037 845 190 802 384 778 364 246 62 392
internal_value=0.00986997 0.00182318 -0.0126387 -0.00879247 0.0166853 0.0183648 0.0227386 0.0101847 -0.00144463 -0.0284801 -0.053758 -0.0512517 -0.00940252 -0.00590675 -0.0618889 0.00989568 -0.000877412 0.00596688 -0.0405557 -0.0479586 0.0105154 -0.0383798 0.0164261 0.00477218 -0.0118591 0.0395221 0.0241811 0.0264342 -0.0654034 0.0546677
internal_weight=3278.23 2578.49 1375.73 1324.93 577.538 1202.76 1151.76 826.716 691.225 747.389 352.574 182.522 342.912 394.815 86.9134 307.902 277.968 278.891 307.529 290.818 273.804 168.808 508.703 408.685 308.116 699.733 440.736 172.758 118.505 325.047
internal_count=12992 11216 6752 6051 2774 4464 3895 3092 2834 3277 1692 1244 2240 1585 506 1079 1034 1267 1226 1195 1225 1173 1590 1400 1186 1776 1142 446 907 803
is_linear=0
shrinkage=0.1


Tree=33
num_leaves=31
num_cat=0
split_feature=36 35 0 11 51 18 36 11 34 28 26 45 18 18 47 45 17 50 34 20 51 23 34 11 48 9 34 10 12 34
split_gain=71.1658 69.3596 46.1232 48.4066 62.4007 46.6352 32.1864 32.0863 42.0939 35.9665 33.1758 30.3226 33.7289 25.2672 25.0467 33.2594 45.6406 27.2305 26.3092 26.448 24.809 24.5889 24.0153 22.3013 38.7199 26.4724 32.9314 29.8631 23.2507 22.5194
threshold=0.83364582061767589 0.80241498351097118 0.070260383188724532 0.71693488955497753 0.53246212005615245 -0.012284231372177599 0.057818530127406127 0.023336755111813549 0.91892287135124218 9064.5000000000018 1.7804499864578249 0.43864887952804571 0.054781166836619384 -0.61179113388061512 0.31498947739601141 0.59262403845787059 32.288965225219734 0.93169784545898449 0.24084692448377612 2.5000000000000004 0.51047661900520336 0.52521184086799633 0.64819741249084484 1.0690259337425234 1.0000000180025095e-35 0.13935850560665133 0.50004315376281749 0.16453356295824054 5.5000000000000009 0.91448631882667553
decision_type=2 2 2 2 2 2 2 2 2 2 2 2 2 2 2 2 2 2 2 2 2 2 2 2 2 2 2 2 2 2
left_child=1 2 11 5 -5 7 21 -4 9 13 -11 -1 -13 -9 15 18 -17 -18 -7 22 -14 -3 -20 25 -25 26 28 29 -6 -28
right_child=-2 6 3 4 23 14 -8 8 -10 10 -12 12 20 -15 -16 16 17 -19 19 -21 -22 -23 -24 24 -26 -27 27 -29 -30 -31
leaf_value=0.00054337050503368311 0.047103367806896841 -0.10235806079686555 0.033749529982128899 -0.10148404087951386 0.032879402873014787 -0.11546371658098867 0.042535854437270343 -0.079790810436830562 0.071226421040568019 -0.087758355210246664 0.00033655227366369289 -0.11778430689588321 -0.091763539390373447 0.045231161484310778 0.043469744186634268 0.014616836060031361 -0.0890420756535657 -0.34099775822920092 0.034630726349752755 0.0011275547348857738 0.091963011121148838 0.031546214978704398 0.12239182079426221 -0.16594929823795929 -0.015869279060288025 0.058585967803069475 -0.078798451144538692 -0.24839018961717452 -0.11117373912317946 -0.0093876908407521994
leaf_weight=65.556945675984025 427.36197612993419 28.55227267369628 96.139057544991374 88.069391187280416 154.14505701512098 13.779439520090817 507.15055560693145 21.942680073902011 35.599767722189426 163.68719510175288 57.858770811930299 82.773113533854485 13.717933643609287 61.397117199376225 350.12844643183053 65.391432737931609 41.882353790104389 4.7789592966437331 218.05891873128712 244.5816120300442 15.831766573712228 26.387207493185997 36.383010152727365 23.818268159404397 61.77756467089057 62.270500473678112 66.307392178103328 6.4328989312052718 12.082692479714749 158.40528302080929
leaf_count=663 1040 160 300 731 456 242 1322 130 67 1330 255 1399 221 195 844 186 188 27 918 741 39 71 65 124 187 131 424 38 69 429
internal_value=0.00910745 0.00327669 -0.00465933 -0.000410831 -0.023381 0.00989457 0.0346598 -0.0172664 -0.0316711 -0.0436859 -0.0647516 -0.0535003 -0.0850428 0.0123139 0.022058 0.0100602 -0.0392948 -0.114847 0.0208448 0.0246087 0.00667116 -0.0380444 0.0471798 -0.0107654 -0.0576312 -0.00203799 -0.0115381 -0.0359507 0.0224085 -0.0298692
internal_weight=3212.25 2784.89 2222.8 2044.92 633.309 1411.61 562.09 436.625 340.486 304.886 221.546 177.88 112.323 83.3398 974.984 624.856 112.053 46.6613 512.803 499.024 29.5497 54.9395 254.442 545.24 85.5958 459.644 397.373 231.146 166.228 224.713
internal_count=12992 11952 10399 8077 2589 5488 1553 2277 1977 1910 1585 2322 1659 325 3211 2367 401 215 1966 1724 260 231 983 1858 311 1547 1416 891 525 853
is_linear=0
shrinkage=0.1


Tree=34
num_leaves=31
num_cat=0
split_feature=34 11 34 34 35 34 18 1 34 33 14 51 3 20 39 19 35 11 51 47 35 20 28 35 6 39 21 20 4 39
split_gain=62.8787 48.1387 45.9152 60.5634 44.5205 42.0068 49.3323 47.3884 34.4511 66.4249 41.1937 31.427 30.4249 29.756 28.6051 27.2777 26.3746 26.166 38.6313 32.1818 26.1296 36.9108 25.5149 29.2971 41.2012 25.2151 24.7233 24.6825 24.0589 23.8822
threshold=0.99998527765274059 0.43765144050121313 0.49647660553455358 0.51456794142723095 0.57316777110099804 0.79805731773376476 0.0001953217506525107 0.12500241398811343 0.82707467675209057 0.56141149997711193 52.175392150878913 0.32149735093116766 0.52538475394248974 2.5000000000000004 0.56896552443504345 4.8591516017913827 0.61939558386802684 0.93003889918327343 0.90988895297050487 0.34116816520690924 0.56739553809165966 2.5000000000000004 5725.0000000000009 0.5000385344028474 58.827434539794929 1.0000000180025095e-35 0.018198466859757904 2.5000000000000004 2.2166266441345219 0.56896552443504345
decision_type=2 2 2 2 2 2 2 2 2 2 2 2 2 2 2 2 2 2 2 2 2 2 2 2 2 2 2 2 2 2
left_child=1 5 -3 4 14 6 7 11 9 20 17 -1 -9 -12 22 28 -2 -10 19 -19 21 -5 25 24 -24 -4 -18 -7 -11 -14
right_child=16 2 3 8 -6 27 -8 12 10 15 13 -13 29 -15 -16 -17 26 18 -20 -21 -22 -23 23 -25 -26 -27 -28 -29 -30 -31
leaf_value=-0.13715670080450518 -0.022680410732691697 -0.087859672946401124 -0.16660995831399644 0.02043806673921137 0.053281007653523352 0.11976342482244454 0.030833809465925507 0.038165107173829309 0.026175735694165616 -0.10524462335537457 0.09803682728045883 -0.032942353641767036 -0.05226705312666681 -0.071841319876612575 0.026000171465964634 0.00016644728312996144 0.093029679506796442 -0.047451962209598811 0.054656874448101259 -0.25083739011618789 0.022623334691198371 -0.13902575271492137 -0.11506305015346413 -0.11416680654297642 0.03602679805551335 0.079894905804048968 0.034270605077254587 0.036779480747802837 -0.24980682673943086 0.016261059201685687
leaf_weight=40.699941152706742 69.354211628437042 75.055126782506704 4.8641128949820986 28.285805994644761 216.51985337771475 51.483429666608572 486.05989586003125 158.48345108702779 246.78510977514088 105.97587002255023 11.347112227231262 100.11833607777953 108.75612968951464 112.91801257990301 148.4636447224766 22.04337809048593 83.230777651071548 24.034423345699906 22.285657892003655 11.50343584269285 102.00092768855393 29.816130565479398 27.74054716154933 50.530898069962859 51.657771797850728 28.250424385070801 512.74690790101886 117.98066424019635 12.915470685809849 95.5224834010005
leaf_count=601 206 908 58 171 489 74 1408 545 663 964 23 765 508 501 638 81 189 105 48 64 357 219 729 330 178 145 1381 290 81 273
internal_value=0.00837291 0.00108134 -0.0118789 -0.00734546 0.0184523 0.0159858 0.00810815 -0.0138269 -0.0260079 -0.051939 -0.00780619 -0.0630629 0.00528576 -0.0563291 -0.00575609 -0.102005 0.0356846 0.0119887 -0.04856 -0.113287 -0.00786683 -0.0613939 -0.0346726 -0.0546436 -0.0167617 0.0436864 0.0424766 0.0619901 -0.120949 -0.0202227
internal_weight=3157.43 2492.1 1332.99 1257.94 528.027 1159.1 989.64 503.58 729.911 301.038 428.874 140.818 362.762 124.265 311.507 140.935 665.332 304.609 57.8235 35.5379 160.103 58.1019 163.044 129.929 79.3983 33.1145 595.978 169.464 118.891 204.279
internal_count=12992 11216 6752 5844 2567 4464 4100 2692 3277 1873 1404 1366 1326 524 2078 1126 1776 880 217 169 747 390 1440 1237 907 203 1570 364 1045 781
is_linear=0
shrinkage=0.1


Tree=35
num_leaves=31
num_cat=0
split_feature=36 35 47 39 37 8 35 16 26 16 9 34 44 38 18 38 3 26 40 28 17 24 37 51 44 15 13 0 36 3
split_gain=60.4015 47.7482 43.5166 35.9696 35.4957 29.8155 29.6386 25.6813 24.3914 27.3607 23.8997 33.0736 23.8854 21.9939 21.6953 21.4166 21.4121 24.3257 30.4006 25.2837 25.9915 21.4111 20.986 20.8321 20.3878 21.5684 21.0192 26.2842 26.9303 20.2353
threshold=0.21638932824134829 0.78792646527290355 0.4176281094551087 0.56896552443504345 0.49115769565105444 65.203071594238295 0.494436725974083 0.81517797708511364 0.72949999570846569 0.37365522980690008 0.018936919979751114 0.82354676723480236 0.71077397465705883 0.45949102938175207 -0.39093789458274836 0.55909904837608349 0.2159041836857796 0.97139999270439159 1.0000000180025095e-35 2632.0000000000005 59.63951492309571 0.2286816015839577 0.56912118196487438 0.23323583602905276 0.96748992800712597 -0.00042820838280022139 29.981222152709964 0.090272609144449248 0.43451766669750219 0.77566584944725048
decision_type=2 2 2 2 2 2 2 2 2 2 2 2 2 2 2 2 2 2 2 2 2 2 2 2 2 2 2 2 2 2
left_child=2 3 4 5 -1 6 21 14 9 12 11 15 29 -11 -6 23 -16 18 -18 -19 -21 -2 -13 -8 26 -26 -5 28 -28 -7
right_child=1 -3 -4 24 7 8 10 -9 -10 13 -12 22 -14 -15 16 -17 17 19 -20 20 -22 -23 -24 -25 25 -27 27 -29 -30 -31
leaf_value=-0.07826724115251385 -0.030482425276861277 0.049084460106178507 0.017995767836836259 0.050117730999832889 -0.090797187484796663 -0.009851059165504477 -0.12336807152109824 -0.12384556407811659 -0.015316697598723551 -0.46931572947346994 0.032464973904622697 0.091858467810303338 -0.014101533618251803 -0.13185574845443906 0.037054007543235797 0.047430703311968532 -0.0099655630668356397 0.11911735200431058 -0.083971513556811303 0.0056340560002307808 -0.085226348817668662 -0.17391964829815096 -0.050063465247847619 -0.026675119460848575 -0.21499928166557924 0.0022738453268214081 -0.15598624766862704 0.024537840212662115 -0.0023201014729613378 -0.25646275237463517
leaf_weight=101.53466005437076 61.137557052075863 407.90618026256561 380.88249401189387 287.9452865999192 33.082531275227666 5.0524950809776774 26.08338875323534 21.067620933055878 90.300284059718251 3.3144737072288981 290.4700251724571 43.994134522974491 26.930886197835207 4.6281216945499182 91.610179532319307 32.53605960868299 136.0832107430324 17.481408489868045 93.744713628664613 285.79308566451073 35.381010182201862 12.54159192368388 13.652368146926163 152.86220332048833 6.9625570289790657 13.289238510653375 16.700264699757099 363.87408052943647 35.966475078836083 9.7439327482134086
leaf_count=1949 334 1083 1115 784 274 24 121 129 294 23 780 87 85 23 486 167 620 50 791 1313 173 114 50 842 32 48 113 922 97 69
internal_value=0.00769624 0.0187523 -0.00991249 0.0104928 -0.0229427 -0.00450909 0.00472263 -0.0150779 -0.0462768 -0.102563 0.0125726 -0.00889731 -0.0701817 -0.272679 -0.0117722 -0.0271998 -0.0078116 -0.0150416 -0.0401519 0.00199943 -0.00437526 -0.0548982 0.0582472 -0.0407692 0.0264988 -0.0724245 0.0293425 0.0149811 -0.0510466 -0.172253
internal_weight=3102.55 1905.89 1196.66 1497.99 815.778 773.248 633.277 714.244 139.97 49.6699 559.598 269.128 41.7273 7.9426 693.176 211.482 660.094 568.483 229.828 338.656 321.174 73.6791 57.6465 178.946 724.738 20.2518 704.486 416.541 52.6667 14.7964
internal_count=12992 6092 6900 5009 5785 3013 2495 3836 518 224 2047 1267 178 46 3707 1130 3433 2947 1411 1536 1486 448 137 963 1996 80 1916 1132 210 93
is_linear=0
shrinkage=0.1


Tree=36
num_leaves=31
num_cat=0
split_feature=36 35 39 28 16 0 13 9 5 34 43 28 35 0 10 36 37 18 4 47 22 19 43 39 5 34 3 40 36 34
split_gain=55.237 53.3008 35.9196 49.5571 43.3317 37.6703 33.9412 32.8989 31.0841 25.993 25.8617 25.68 30.2741 25.0759 25.593 24.9539 22.6431 25.628 28.078 25.9475 26.5847 25.1431 27.1577 36.0021 23.1108 22.208 31.3712 25.0219 21.8927 21.6637
threshold=0.83364582061767589 0.94597589969635021 0.49999998509883886 12091.500000000002 0.11207611486315729 0.45586425065994268 76.588085174560561 0.10169838368892671 5.0826761722564706 0.27765259146690374 0.61250001192092907 4397755.5000000009 0.56599801778793346 0.073380313813686385 0.038407249376177795 0.3410091251134873 0.49673627316951757 -0.11025124043226241 0.28367808461189276 0.15033524483442309 26.697592735290531 6.8816020488739023 0.56250000000000011 0.080498341470956816 1.468029856681824 0.93873196840286266 2.1929969787597661 1.0000000180025095e-35 0.046028790995478637 0.87485936284065258
decision_type=2 2 2 2 2 2 2 2 2 2 2 2 2 2 2 2 2 2 2 2 2 2 2 2 2 2 2 2 2 2
left_child=1 2 3 9 7 6 8 16 13 -1 -6 12 -9 15 -15 -4 29 18 -18 -19 25 22 23 -22 -24 26 -21 -28 -16 -5
right_child=-2 -3 5 4 10 -7 -8 11 -10 -11 -12 -13 -14 14 28 -17 17 19 -20 20 21 -23 24 -25 -26 -27 27 -29 -30 -31
leaf_value=-0.13299619427446807 0.041864436762974952 0.045754112417270343 -0.091825912637830243 -0.077350744770333255 -0.10844188990577426 0.068707709710687362 -0.099735675446108854 -0.081802329183736353 -0.18341381796922329 0.036818313736745011 -0.014663182808151929 -0.042826132114611691 0.08257206159520121 0.021136814793979379 -0.15369381598772863 0.009051549379874008 0.027997729335714473 -0.070429397770489108 -0.14279931160167991 0.0077810967685822477 -0.024025370829114365 0.06421087881873784 -0.0082464643708513967 -0.34470743495676637 -0.2177110755359494 0.071132434962243293 -0.2070545781577271 0.0054327666745807102 -0.0099041907433325225 0.040219957261832945
leaf_weight=9.4484976697713119 396.76912278681993 250.68262240104377 47.824428242631257 117.5650848345831 90.291357223875821 97.315565533936024 30.740590022876859 13.105558499693869 8.5307979341596347 195.90623391605914 43.610196027904749 34.36795418895781 77.255044165998697 804.26419036835432 11.140915727242826 50.325940867885947 14.078304611146448 61.553239488974214 30.428667511790991 306.98601154796779 6.0470753684639922 12.641707912087439 28.808515077456832 8.3144796350970847 6.4459591545164576 49.697432361543179 12.716238886117937 9.8226257804781181 213.64731571637094 18.08296068944037
leaf_count=106 1040 682 941 1932 609 220 166 50 48 800 165 111 148 2580 88 139 61 582 219 1141 19 31 83 54 37 97 65 26 694 58
internal_value=0.00705693 0.0018682 -0.00269488 -0.0155062 -0.0252115 0.00893426 0.00394753 -0.0164792 0.0067539 0.029005 -0.0778992 0.0307483 0.0587318 0.00819311 0.0127994 -0.0401017 -0.0251014 -0.01604 -0.0887733 -0.00960473 -0.00112426 -0.0616877 -0.0937655 -0.209681 -0.0465452 0.00881856 -0.00057933 -0.114451 -0.0170307 -0.0616776
internal_weight=3058.41 2661.65 2410.96 1147.17 941.818 1263.79 1166.47 807.917 1135.73 205.355 133.902 124.729 90.3606 1127.2 1029.05 98.1504 683.188 547.54 44.507 503.033 441.48 62.2577 49.616 14.3616 35.2545 379.222 329.525 22.5389 224.788 135.648
internal_count=12992 11952 11270 6394 5488 4876 4656 4714 4490 906 774 309 198 4442 3362 1080 4405 2415 280 2135 1553 224 193 73 120 1329 1232 91 782 1990
is_linear=0
shrinkage=0.1


Tree=37
num_leaves=31
num_cat=0
split_feature=36 35 36 3 18 47 26 17 51 28 23 44 5 19 2 6 17 48 37 22 36 38 36 23 22 11 4 2 50 23
split_gain=52.2022 43.6511 31.9555 36.3528 32.9154 28.469 33.725 30.43 28.7588 27.7748 25.5092 29.9973 23.914 28.9019 21.2871 20.5836 25.37 20.2416 25.1308 22.5148 21.4484 21.0065 24.1819 20.2148 20.0051 40.8953 24.8575 19.8847 19.5409 18.8367
threshold=0.10941982269287111 0.80241498351097118 0.83364582061767589 0.37737616896629339 -0.89954105019569386 0.31498947739601141 1.2034500241279604 34.79345893859864 0.50672417879104625 64688992.000000007 0.79999998211860668 0.92827278375625621 0.39216072857379919 -0.43632075190544123 0.055246507748961456 48.364477157592781 19.342186927795414 0.35000000894069677 0.54661285877227794 23.952764511108402 0.56881105899810802 0.42359657585620886 0.28860288858413702 0.49498941004276281 12.111757278442385 0.84621188044548046 0.029799045994877819 0.16347312927246097 0.93169784545898449 0.5900065302848817
decision_type=2 2 2 2 2 2 2 2 2 2 2 2 2 2 2 2 2 2 2 2 2 2 2 2 2 2 2 2 2 2
left_child=10 2 3 15 -5 6 7 8 27 12 11 24 -9 -14 -8 -2 -17 18 20 -19 21 22 -15 -3 26 -26 -1 29 -28 -6
right_child=1 23 -4 4 5 -7 14 9 -10 -11 -12 -13 13 17 -16 16 -18 19 -20 -21 -22 -23 -24 -25 25 -27 28 -29 -30 -31
leaf_value=0.12273478124658094 0.073822044010649499 0.018725439352674903 0.035541829059369055 -0.13977539489481705 -0.032555440364453757 0.015015269166518018 -0.11175558343794288 0.0053073620020875206 0.024335985593416418 -0.24320134738339727 0.016033209099580923 0.058623034160790968 -0.13463522911300072 0.019313835721108522 0.016865320797796762 -0.19795339168737836 0.02162406771895492 -0.073042080539931303 0.018114106250961267 -0.33051394323033129 0.056554546047206583 -0.14983487991647185 -0.21570898570729247 0.060245373677512086 0.011391418746450619 -0.078395656475044345 -0.068125566242922014 0.03294960194942341 -0.26900171636222509 -0.12122099927343322
leaf_weight=6.6672335918992749 95.728889649733901 226.67064872942865 314.23311935737729 17.860942951403558 98.897703948430717 537.80831628199667 13.419244861230252 62.64576855674386 147.93659057002515 7.528363110497593 140.16988249775022 32.837995991110802 46.319893022999167 21.077987963333729 312.92649524472654 5.5259705865755668 110.12662794999778 11.603701425716283 58.152563059702516 4.8017743844538918 11.090718477964399 31.904556860215962 5.5256261909380546 242.93845827877522 140.81752833444625 79.291533730924129 159.28594603110105 32.904508231207728 4.9945382997393599 31.62148077506572
leaf_count=18 334 664 809 136 808 1881 144 253 405 45 587 111 388 60 991 40 397 44 157 28 23 268 32 686 676 458 2127 85 25 312
internal_value=0.00647835 0.0127948 0.00629263 0.000773815 -0.00485939 -0.0031815 -0.0140751 -0.02871 -0.00760686 -0.0539187 -0.0209484 -0.0331772 -0.0482891 -0.0659163 0.0115765 0.0395229 0.0111325 -0.0438359 -0.0304077 -0.148402 -0.0709496 -0.0951191 -0.0295009 0.0402046 -0.0408858 -0.0209533 -0.0665507 -0.0365226 -0.0742327 -0.0540369
internal_weight=3013.31 2449.25 1979.64 1665.41 1454.03 1436.17 898.357 572.011 311.36 260.651 564.065 423.895 253.123 190.477 326.346 211.381 115.653 144.157 127.751 16.4055 69.5989 58.5082 26.6036 469.609 391.057 220.109 170.948 163.424 164.28 130.519
internal_count=12992 8990 7640 6831 6060 5924 4043 2908 1610 1298 4002 3415 1253 1000 1135 771 437 612 540 72 383 360 92 1350 3304 1134 2170 1205 2152 1120
is_linear=0
shrinkage=0.1


Tree=38
num_leaves=31
num_cat=0
split_feature=47 36 40 19 5 37 28 33 36 50 10 50 0 47 18 9 22 33 33 35 50 8 18 43 3 0 44 23 26 6
split_gain=44.414 46.938 45.2719 33.8149 31.1946 27.7653 27.6559 31.033 23.5963 22.9131 25.0331 26.2629 22.6219 24.0079 22.4386 24.213 22.3329 20.4846 27.4379 20.2561 31.3998 26.0327 25.1126 21.6645 20.0348 27.0369 25.6374 23.7879 21.725 19.1928
threshold=0.61873435974121105 0.21638932824134829 1.0000000180025095e-35 -1.2855141162872312 5.5445637702941903 0.49115769565105444 17610.000000000004 0.72998517751693737 0.73106491565704357 0.66558155417442333 0.032881321385502822 0.38400557637214666 0.11670841276645662 0.23173980414867404 0.37583385407924658 0.052214972674846656 6.1362130641937265 0.71911272406578075 0.67093470692634594 0.52788069844245922 0.70826375484466564 57.785440444946296 1.0000000180025095e-35 0.48749999701976782 0.72026675939559948 0.071167916059494032 0.7194749414920808 0.77777752280235302 0.78499999642372142 67.228408813476577
decision_type=2 2 2 2 2 2 2 2 2 2 2 2 2 2 2 2 2 2 2 2 2 2 2 2 2 2 2 2 2 2
left_child=1 4 3 6 5 9 16 14 12 10 -1 -12 13 19 15 -8 -3 18 -15 20 22 23 -5 -21 26 27 -4 -26 -28 -24
right_child=-2 2 24 8 -6 -7 7 -9 -10 -11 11 -13 -14 17 -16 -17 -18 -19 -20 21 -22 -23 29 -25 25 -27 28 -29 -30 -31
leaf_value=-0.083153367878140858 0.039414340302488138 0.09666162546166035 0.079946199138114002 -0.16956950407330637 -0.20371025322301614 -0.0078405943820897914 -0.13072450043404996 0.016995776156649069 0.032362895926679305 -0.21941413280850364 -0.1155779610322101 0.07035729699951955 0.0098590870290148052 -0.12076526583434749 -0.33264387212257285 -0.013691603004997424 -0.084015727273522411 0.021673602132008529 -0.51791086502857164 -0.090637776014450083 -0.30423990745834062 -0.11155481244131878 0.011140575919157472 0.04919885597731026 -0.11848335113294779 0.031403963964689051 -0.1429619499777742 0.040365941757856766 0.032610937008636751 -0.17742686338656535
leaf_weight=69.445700837299228 349.61293575912714 21.103224162012342 152.23283024970442 11.975751270540057 8.7366881035268289 875.21800036914647 49.484808500856161 30.84761525131762 264.99136444553733 8.3650518804788572 10.563156217336653 27.049565196968615 455.97748387046158 24.80327378958464 3.9722143374383441 27.503332590684295 10.122948218137024 9.6080849245190603 1.8708191532641638 12.751852583140133 4.7588051557540885 14.788833400234578 48.769521542824805 84.461886127479374 24.097439275123179 311.3330016573891 9.554976085200904 15.485300719738005 26.857553275302052 6.0693812146782866
leaf_count=1595 1034 48 349 135 68 4298 374 92 725 70 244 199 1221 404 25 83 37 23 14 55 24 65 218 185 323 837 42 77 78 50
internal_value=0.00593367 0.00147078 0.0119669 0.000184545 -0.0155795 -0.0139203 -0.0451159 -0.0683538 0.00707158 -0.0600206 -0.0475663 0.0181392 -0.00284501 -0.0291928 -0.100874 -0.0889155 0.0380894 -0.103523 -0.14862 -0.014502 -0.0560556 0.0120521 -0.0383789 0.030856 0.0356351 0.0215067 0.0619166 -0.0563394 -0.013461 -0.00972942
internal_weight=2972.41 2622.8 1623.42 1083.86 999.378 990.641 143.034 111.808 940.827 115.423 107.058 37.6127 675.836 219.858 80.9604 76.9881 31.2262 36.2822 26.6741 183.576 71.5735 112.003 66.8147 97.2137 539.561 350.916 188.645 39.5827 36.4125 54.8389
internal_count=12992 11958 5484 3778 6474 6406 659 574 3119 2108 2038 443 2394 1173 482 457 85 441 418 732 427 305 403 240 1706 1237 469 400 120 268
is_linear=0
shrinkage=0.1


Tree=39
num_leaves=31
num_cat=0
split_feature=34 11 37 34 34 34 35 44 12 20 35 15 34 0 8 4 19 26 13 36 35 35 47 21 51 50 11 34 33 35
split_gain=40.4434 38.6292 38.8512 34.3902 32.2901 44.9906 32.8 32.3135 31.4539 37.2699 32.4556 29.4789 36.9867 40.6173 25.5905 24.0444 23.4452 22.5577 33.9549 22.483 22.2443 20.1954 20.7825 36.8278 19.9956 19.5302 19.3361 20.583 31.2324 27.6444
threshold=0.99576005339622509 0.43765144050121313 0.46655000746250158 0.22374207526445392 0.51456794142723095 0.44412609934806829 0.59258177876472484 0.97771111130714428 10.500000000000002 2.5000000000000004 0.55722033977508556 0.00063538755057379614 0.81017246842384349 0.22470179945230487 60.000730514526374 1.1074453592300417 5.0383312702178964 0.7974500060081483 35.41649246215821 0.10941982269287111 0.55310457944870006 0.69908884167671215 0.59749796986579906 0.057234514504671104 0.10464660823345186 0.95075446367263805 -0.10616162046790122 0.43739739060401922 0.51297163963317882 0.494436725974083
decision_type=2 2 2 2 2 2 2 2 2 2 2 2 2 2 2 2 2 2 2 2 2 2 2 2 2 2 2 2 2 2
left_child=1 3 25 16 5 -4 19 8 9 -6 -11 12 13 17 20 -13 -1 18 24 -7 -2 22 23 -16 -5 -3 -19 -28 29 -29
right_child=14 2 4 11 7 6 -8 -9 -10 10 -12 15 -14 -15 21 -17 -18 26 -20 -21 -22 -23 -24 -25 -26 -27 27 28 -30 -31
leaf_value=-0.11733744863638602 -0.14190347727494582 -0.075352513624463879 -0.10083526016074769 -0.18473210894812897 0.038995078292424663 -0.060672428921682425 0.0557145351719667 -0.19346760964545584 0.017054287574484715 -0.12662682642809084 -0.034968433463997577 0.071245318248114059 0.0584237438966611 0.034963045254206689 -0.018892136478364938 0.013845506121637517 0.050627202661722742 0.072491623560093088 -0.12982928088549045 0.011233011141567002 0.064601724872571584 0.027409562996412506 0.093639937277716134 -0.23154847971213852 -0.0065257249554317807 -0.42239841635817665 -0.08706691439237163 -0.072908084045649232 -0.041924992847674106 0.049976421908623017
leaf_weight=32.220191699452698 5.3680462613701811 71.878266993910074 34.162168544717133 6.8180546984076491 61.045116684399545 51.359561974182725 156.05678230524063 10.974436925724147 165.27335226815194 43.320187310688198 356.96019921265543 152.28281678631902 115.08297143504024 193.36308227293193 86.674890529364347 140.1343377539888 11.198767730966209 28.953337689861655 41.328248888254166 283.58138420060277 184.4428814612329 316.11004493013024 13.506422460079191 8.9881535209715349 82.281081765890121 1.6589872613549221 33.361548278480768 21.942872593179345 113.19103622157127 110.47881034109741
leaf_count=531 21 898 514 68 370 544 385 87 640 323 1507 411 256 480 234 391 38 56 354 1447 560 924 25 41 501 11 285 157 620 313
internal_value=0.00543377 -0.000612977 -0.0126911 0.0131792 -0.00823294 0.0101288 0.0178494 -0.0233572 -0.0203779 -0.0337882 -0.0448881 0.0168222 0.00628312 -0.00321557 0.0282302 0.0437378 -0.0740154 -0.0200566 -0.0549123 0.000207092 0.0587615 0.0146034 -0.0224781 -0.0388726 -0.0201625 -0.0831818 -0.00529288 -0.0133657 -0.00335492 0.0296139
internal_weight=2934 2318.91 1236.27 1082.64 1162.73 525.16 490.998 637.573 626.599 461.326 400.28 1039.22 746.801 631.718 615.09 292.417 43.419 438.355 130.427 334.941 189.811 425.28 109.169 95.663 89.0991 73.5373 307.928 278.974 245.613 132.422
internal_count=12992 11187 6726 4461 5817 2890 2376 2927 2840 2200 1830 3892 3090 2834 1805 802 569 2354 923 1991 581 1224 300 275 569 909 1431 1375 1090 470
is_linear=0
shrinkage=0.1


Tree=40
num_leaves=31
num_cat=0
split_feature=35 36 40 22 28 13 16 37 19 4 0 27 22 36 11 0 35 15 3 15 0 2 23 3 50 0 44 37 38 5
split_gain=39.1286 32.9204 36.9496 29.8707 27.4603 41.513 34.2179 30.4935 23.4125 22.2106 21.9844 20.7142 20.8903 19.5263 27.2485 26.2066 21.7595 22.4506 19.0218 23.5326 18.9225 33.0251 21.4147 18.4514 24.9498 19.7634 24.1453 22.4824 18.3443 17.8507
threshold=0.94597589969635021 0.29358115792274481 1.0000000180025095e-35 44.308319091796882 2632.0000000000005 76.588085174560561 1.8710600137710574 0.49115769565105444 -3.5522575378417964 0.073334340006113066 0.065229382365942015 0.22969999909400943 13.207546234130861 0.76884138584136974 0.53320130705833446 0.050022697076201446 0.74868056178092968 -0.056949144229292863 1.1351815462112429 -0.14265235513448712 0.13787101954221728 0.073017485439777388 0.82171431183815014 0.12965145707130435 0.36179538071155554 0.46393366158008581 0.26829329133033758 0.59319427609443676 0.39794622361660009 5.0826761722564706
decision_type=2 2 2 2 2 2 2 2 2 2 2 2 2 2 2 2 2 2 2 2 2 2 2 2 2 2 2 2 2 2
left_child=1 4 3 8 5 -1 7 11 -3 -4 -9 12 -6 14 15 -10 17 -16 -17 28 21 -19 -23 -12 25 26 -25 -28 -20 -26
right_child=-2 2 9 -5 6 -7 -8 10 13 -11 23 -13 -14 -15 16 18 -18 20 19 -21 -22 22 -24 24 29 -27 27 -29 -30 -31
leaf_value=0.040460509727373556 0.041790727807923672 -0.083509547993415645 -0.10828819822154967 0.06509284945432757 -0.060031847372114415 -0.15910230359886265 -0.16573576343727159 -0.09860639295163251 -0.11621196993596872 0.042563913556475264 0.071654903189453056 -0.073443495869817438 0.15763738445512804 0.02362928801473077 -0.29485946372749744 0.041950894871894635 0.014294395437431535 -0.0054496382785676721 0.029393635088113837 0.0035728254313391961 -0.02358558381833617 -0.18933508254759845 0.00068318199363618499 0.068235996381406483 -0.00045007102076673113 0.067968431166834029 -0.10969727511394878 0.096620902169271189 -0.2213428052272032 -0.1283561131080708
leaf_weight=161.75671676080674 262.76780450157821 35.119082295335829 10.020260505378245 68.521340751554817 9.3401120118796843 11.141752011142669 14.886158134788273 25.703255888074636 15.613937318325041 376.05661940760911 30.490089956671 115.99448338896036 8.3515208177268487 241.6276612021029 3.7414588555693618 146.30975494347513 66.544456496834755 26.302745081484318 4.3876483067870131 124.28598952665925 117.44988511502743 29.963412148877978 7.3945929631590834 10.578336231410502 862.57410287857056 11.304137546569107 67.064415710046887 5.7331342771649352 8.7106144800782186 11.051030591130255
leaf_count=639 801 202 45 197 192 105 99 553 493 1163 127 2096 15 685 23 324 195 93 10 357 344 171 18 61 3132 25 706 14 47 60
internal_value=0.00499757 0.00131873 0.0127866 0.00164259 -0.00960456 0.0276005 -0.0150882 -0.0131519 -0.00361173 0.0386487 -0.00729052 -0.0580706 0.0427212 -7.03645e-05 -0.0104688 0.00991717 -0.0347401 -0.0523918 0.0168591 -0.00986293 -0.0473828 -0.0912872 -0.151723 -0.00494057 -0.00735242 -0.0561121 -0.072935 -0.0934488 -0.137351 -0.00206803
internal_weight=2890.79 2628.02 1282.05 895.973 1345.97 172.898 1173.07 1158.18 827.451 386.077 1024.5 133.686 17.6916 792.332 550.704 299.308 251.397 184.852 283.694 137.384 181.111 63.6608 37.358 998.795 968.305 94.68 83.3759 72.7975 13.0983 873.625
internal_count=12992 12191 4367 3159 7824 744 7080 6981 2962 1208 4678 2303 207 2760 2075 1231 844 649 738 414 626 282 189 4125 3998 806 781 720 57 3192
is_linear=0
shrinkage=0.1


Tree=41
num_leaves=31
num_cat=0
split_feature=39 34 14 11 2 20 34 35 34 34 21 33 33 18 35 11 22 18 13 51 35 37 35 35 6 15 21 23 17 11
split_gain=36.3308 41.4432 39.8508 35.3085 33.7659 32.1036 80.3315 45.1171 46.8381 73.1548 48.0591 41.6307 38.6783 28.5785 25.6324 25.5466 28.9237 24.9807 24.5459 24.4471 33.0648 23.93 22.2793 41.5904 24.6719 21.0211 20.949 20.5881 26.5894 26.1649
threshold=0.99999997019767772 0.43739739060401922 79.342121124267592 0.25151176750659948 0.26749512553215032 1.5000000000000002 0.64819741249084484 0.56912231445312511 0.50004315376281749 0.80762550234794628 0.013617945834994318 0.50276231765747081 0.68197238445281994 -0.0092882160097360594 0.68232822418212902 1.1278295516967776 45.249969482421882 1.479521691799164 66.447349548339858 0.51047661900520336 0.52380511164665233 0.5841888189315797 0.5000385344028474 0.52380511164665233 54.612655639648445 -0.043231844902038567 0.017915209755301479 0.57142862677574169 16.87857818603516 0.58919122815132152
decision_type=2 2 2 2 2 2 2 2 2 2 2 2 2 2 2 2 2 2 2 2 2 2 2 2 2 2 2 2 2 2
left_child=1 3 -2 4 25 6 13 11 -9 12 -11 15 27 -3 18 19 -17 21 -12 20 -7 -14 24 -24 -21 -1 -25 28 -10 -30
right_child=2 5 -4 -5 -6 7 -8 8 9 10 14 -13 17 -15 -16 16 -18 -19 -20 22 -22 -23 23 26 -26 -27 -28 -29 29 -31
leaf_value=-0.11531419090724462 0.039930084951775358 -0.032347109958311492 -0.17443860279342474 -0.093130973319928478 0.061637366963561396 -0.10741511795077702 0.11530034364073843 0.050136992585754284 -0.24019802871044518 0.061591809181948488 -0.020944458207338749 -0.068665974092205082 -0.11773211526491574 0.031392637087595099 0.013013945430830957 -0.27938040255130042 0.049527408054104556 0.094698342481351352 -0.16994824123174479 -0.14107121249315152 0.02900526010959277 -0.33640391366625416 -0.13307753278620563 0.061902642266992103 0.053322774819658192 -0.012286218523358466 -0.041626046255217604 0.010474752439425205 -0.010462269126467662 -0.103010633252335
leaf_weight=28.874260160140693 345.28328711166978 117.54326736554503 8.895305657759307 82.043457276187837 44.290368041023612 43.157715572975576 86.877111714333296 222.0583236888051 6.9883327782154074 172.60267160832882 153.81419424712658 162.56758198561147 41.116832480765879 175.17333721555769 571.40979676321149 7.0059583801776153 4.3236932158470154 4.8219039738178244 11.911851696670054 6.9003043035045257 30.19852301850915 5.6979897730052462 24.588745925575495 43.908929415047169 121.28807154856622 63.040287611074746 35.225074285641313 92.118697764351964 94.682317107915878 45.098294716328382
leaf_count=311 1089 1088 57 1160 103 595 147 531 50 470 520 1045 423 1000 1817 48 12 13 71 68 108 37 166 116 311 460 136 318 378 344
internal_value=0.00457187 0.000324228 0.0345461 -0.0413061 -0.0100892 0.00430732 0.0308591 -0.000993219 0.0079474 0.000141988 0.0140933 -0.027532 -0.0435448 0.00579731 0.00297142 -0.00641033 -0.153861 -0.122025 -0.0316544 -0.000937881 -0.051255 -0.144347 0.014978 -0.019479 0.0428587 -0.0446517 0.0158187 -0.0265809 -0.0498387 -0.0403217
internal_weight=2853.51 2499.33 354.179 218.248 136.205 2281.08 379.594 1901.49 1422.32 1200.26 909.739 479.165 290.524 292.717 737.136 316.597 11.3297 51.6367 165.726 305.267 73.3562 46.8148 231.911 103.723 128.188 91.9145 79.134 238.888 146.769 139.781
internal_count=12992 11846 1146 2034 874 9812 2235 7577 4972 4441 2878 2605 1563 2088 2408 1560 60 473 591 1500 703 460 797 418 379 771 252 1090 772 722
is_linear=0
shrinkage=0.1


Tree=42
num_leaves=31
num_cat=0
split_feature=36 35 20 34 50 18 47 34 34 35 44 8 34 22 34 9 3 0 35 8 21 24 33 3 11 6 34 4 33 34
split_gain=33.6392 34.4298 28.463 37.4297 33.4957 29.0464 26.8288 24.1052 43.1705 40.1574 34.5512 29.1806 27.0882 25.3801 24.357 26.3589 23.9531 22.8235 22.2214 21.785 23.0453 23.2452 28.1572 21.5251 26.5863 20.711 19.9475 25.4531 19.8229 22.1832
threshold=0.10941982269287111 0.49978068470954901 2.5000000000000004 0.67707613110542308 0.98988747596740734 0.0011243006447330119 0.086237493902444853 0.99998527765274059 0.53180551528930675 0.54327899217605602 0.86840602755546581 70.669380187988295 0.4993435144424439 23.681535720825199 0.87689533829689037 0.080371495336294188 2.8505489826202397 0.10940906777977945 0.69908884167671215 30.275425910949711 0.0027940168511122469 0.15789473801851275 0.56309482455253612 0.38940456509590154 0.045419368892908103 75.605564117431655 0.44412609934806829 1.66834431886673 0.43847833573818212 0.57065269351005565
decision_type=2 2 2 2 2 2 2 2 2 2 2 2 2 2 2 2 2 2 2 2 2 2 2 2 2 2 2 2 2 2
left_child=-1 17 3 5 6 23 -4 8 12 16 11 14 -8 -9 15 19 -10 -2 -15 -11 -21 -22 -23 -3 -25 -13 27 -7 -19 -30
right_child=1 2 4 -5 -6 26 7 13 9 10 -12 25 -14 18 -16 -17 -18 28 -20 20 21 22 -24 24 -26 -27 -28 -29 29 -31
leaf_value=-0.018457089083883722 -0.083207080095658525 0.053650417261588979 -0.15838655986378952 0.078814590298616163 0.032589937036672331 0.015854364684386418 -0.097327206729147783 0.056939987767902878 -0.094019562571421314 -0.16668368432255554 -0.118786047976407 -0.13650299101583449 0.026194054889297977 -0.060358671014328416 0.02920411183950072 0.049645666882671025 -0.32917968606198844 0.031489709966946326 0.02174630044372106 0.017543181946033392 -0.020087285755688331 -0.0201781262711716 -0.17432019708388913 0.03803840029080046 -0.05334672468629216 -0.0077732056047554836 0.062716932750645646 -0.21013347255867143 -0.066067541712441044 0.05143274685897941
leaf_weight=531.10591494012624 56.297198923304677 42.677433428354561 10.831841763108967 135.74658288992941 375.866156661883 35.736274272203445 18.803975995630026 132.39830591902137 34.587420335505158 12.062715511769055 32.198246870189905 29.845079488120973 317.96522747725248 46.637434709817171 151.05771669559181 43.106516283005476 4.9515577889978877 68.563369969837368 112.42803221940994 70.579687455669045 78.302055019885302 20.741249124519527 27.647551132366061 44.996178577654064 108.84071076381952 21.502553571015596 148.86218539159745 5.7916508577764025 71.201783357653767 20.749845727346838
leaf_count=4002 725 173 125 399 1303 178 103 355 188 49 140 187 1012 148 367 83 26 325 305 195 270 75 174 127 1044 62 384 33 375 60
internal_value=0.0042091 0.00948673 0.0134685 0.0336352 0.00663096 0.0177839 -0.00173959 -0.000270282 -0.00866484 -0.0265475 -0.0186793 -0.0115928 0.0192971 0.0245954 -0.00255721 -0.0215629 -0.123469 -0.0284218 -0.00232659 -0.0362264 -0.0282492 -0.0537602 -0.108249 -0.00918534 -0.0266172 -0.0825956 0.0456207 -0.0156628 -0.00920702 -0.0395524
internal_weight=2812.08 2280.98 2064.16 522.651 1541.51 386.904 1165.65 1154.82 863.352 526.582 487.043 454.845 336.769 291.464 403.497 252.44 39.539 216.812 159.065 209.333 197.271 126.691 48.3888 196.514 153.837 51.3476 190.39 41.5279 160.515 91.9516
internal_count=12992 8990 7505 2338 5167 1939 3864 3739 2931 1816 1602 1462 1115 808 1213 846 214 1485 453 763 714 519 249 1344 1171 249 595 211 760 435
is_linear=0
shrinkage=0.1


Tree=43
num_leaves=31
num_cat=0
split_feature=35 34 36 11 51 18 1 18 5 34 10 28 9 28 26 21 35 51 34 24 39 26 33 12 36 6 26 5 18 18
split_gain=30.1491 25.6861 24.1819 23.1763 35.0081 31.7118 31.52 31.0145 29.7043 25.45 33.1766 25.1162 25.0197 22.8779 22.1047 23.1985 22.1566 22.8643 21.8275 21.6728 21.9418 18.3531 16.8879 19.2992 16.9493 16.9664 16.5265 16.2633 23.2457 15.7997
threshold=0.94597589969635021 0.15903863310813907 0.83364582061767589 0.76792946457862865 0.39942288398742681 0.0036850199103355412 0.051033711060881622 -0.012284231372177599 7.0679748058319101 0.94887384772300731 -0.027612576261162754 13452524.000000002 0.0066235610283911237 16892012.000000004 0.82690000534057628 -0.020678164437413212 0.49978068470954901 0.35043762624263769 0.50742584466934215 0.031755369156599052 0.22625313699245456 2.9722000360488896 0.49999998509883886 11.500000000000002 0.03924823924899102 83.157192230224624 1.5370999574661257 0.78747814893722545 0.054781166836619384 0.039045911282300956
decision_type=2 2 2 2 2 2 2 2 2 2 2 2 2 2 2 2 2 2 2 2 2 2 2 2 2 2 2 2 2 2
left_child=1 -1 3 6 -5 -6 27 9 22 10 11 19 21 14 -9 -16 17 26 -19 -8 -21 -12 23 -7 25 -24 -17 28 -3 -15
right_child=-2 2 -4 4 5 8 7 13 -10 -11 12 -13 -14 29 15 16 -18 18 -20 20 -22 -23 24 -25 -26 -27 -28 -29 -30 -31
leaf_value=-0.1159750702654562 0.037189754111197119 -0.087933733134457306 0.02775129624816677 -0.15587015827492498 -0.10199563097607239 -0.16410902562093621 0.034498558666367883 0.00038848536344374856 -0.22834179196080606 0.062011396941058644 -0.11222920427860548 -0.17763169812346472 -0.0082466924497249933 -0.015103307168652817 0.091875071960779806 -0.031850734903758914 0.034671977093438978 -0.10966672129483519 0.044015480112096342 -0.096799230976769124 -0.0016914599374453516 0.013149773003634905 -0.14568912252460914 0.043327832631196619 0.0017530890727612347 0.01086369955881677 0.099025646533199826 -0.10967504530247232 0.078507236333153319 -0.15976814091006197
leaf_weight=18.755616255570203 247.45047184452415 18.523294538259506 307.60750993527472 18.077478489838541 38.782612483948469 13.571009397506716 123.997887278907 322.84763821586967 6.0751244677230707 39.590335972607136 76.144802623894066 7.8341920841485253 56.837047503329813 109.90845651272684 59.728534091264009 18.547523951157928 481.54716308880597 33.912194917909801 12.703886484727262 31.227735030464828 108.67129489127547 13.789328278973697 15.99739425443113 6.6989919124171129 496.48790356563404 12.203316722065209 20.109502180479467 35.098603817634284 15.340454366058109 8.1064061019569618
leaf_count=400 801 332 906 235 475 141 381 1452 36 101 1054 52 327 406 120 134 1497 294 50 256 507 75 129 33 1608 29 70 996 56 39
internal_value=0.00387625 0.000616329 0.00148755 -0.00218075 -0.0187947 -0.0145934 0.00415334 0.00714275 -0.00844188 -0.0146226 -0.0218722 -0.00117942 -0.0601825 0.0164836 0.0216452 0.0325984 0.0263521 -0.020631 -0.067785 0.00405884 -0.0229211 -0.0930052 -0.00599047 -0.0955536 -0.00253043 -0.0779439 0.0362316 -0.0619748 -0.0125351 -0.0250403
internal_weight=2776.17 2528.72 2509.97 2202.36 607.894 589.816 1594.47 1525.5 551.034 458.093 418.502 271.731 146.771 1067.41 949.396 626.549 566.82 85.2731 46.6161 263.897 139.899 89.9341 544.959 20.27 524.689 28.2007 38.657 68.9624 33.8637 118.015
internal_count=12992 12191 11791 10885 2686 2451 8199 6815 1976 2753 2652 1196 1456 4062 3617 2165 2045 548 344 1144 763 1129 1940 174 1766 158 204 1384 388 445
is_linear=0
shrinkage=0.1


Tree=44
num_leaves=31
num_cat=0
split_feature=47 36 40 37 19 26 3 51 44 37 50 10 50 5 13 50 28 35 2 44 45 9 37 34 21 50 16 50 47 11
split_gain=28.3085 27.1334 28.2536 24.2724 22.1956 20.598 19.355 19.6014 18.5713 17.9737 22.7711 20.9095 20.8728 19.445 17.4273 24.3773 18.3707 28.313 17.2658 16.7494 15.9203 15.8196 15.7744 20.1354 19.4492 15.207 14.7628 21.4929 16.9413 17.4874
threshold=0.62821903824806224 0.21638932824134829 1.0000000180025095e-35 0.42748768627643591 -0.58070075511932362 0.22954999655485156 0.72026675939559948 0.50441673398017894 0.7194749414920808 0.49115769565105444 0.66558155417442333 0.032881321385502822 0.38400557637214666 5.0826761722564706 68.614082336425795 0.67237922549247753 25281.000000000004 0.6053428351879121 0.24758582562208178 0.66470459103584301 0.41709755361080175 -0.077153000980615602 0.49578779935836798 0.52888235449790966 0.0035555866779759531 0.62351083755493175 0.81517797708511364 0.95075446367263805 0.30775021016597753 0.76792946457862865
decision_type=2 2 2 2 2 2 2 2 2 2 2 2 2 2 2 2 2 2 2 2 2 2 2 2 2 2 2 2 2 2
left_child=1 9 4 -4 14 20 8 -8 -7 10 11 21 -13 26 16 -16 25 18 -18 -14 -5 -1 23 -2 -25 -3 28 -28 29 -11
right_child=22 2 3 5 -6 6 7 -9 -10 13 -12 12 19 -15 15 -17 17 -19 -20 -21 -22 -23 -24 24 -26 -27 27 -29 -30 -31
leaf_value=0.024602267843453898 -0.12211365035974681 0.073325516640813562 -0.20755459530435841 0.054932440225856242 0.0059154282951460226 0.07817675011442371 -0.011077626338712504 0.040192794377144 -0.0051776550087425828 -0.0090674814536594438 -0.21014218597596243 -0.11404043328284108 0.1011740568635881 -0.15447549887062503 -0.24534353802805559 0.0041483313885371052 -0.11926938021268629 -0.00071627113885625949 0.021979818455988856 -0.1273523231667737 -0.19745307493772457 -0.10292816688487068 0.043701081927986656 0.10422944073645697 -0.036366306363751141 -0.090209344044522577 -0.11230141045554279 0.07588990524176556 0.011637907649715052 -0.065127531815392756
leaf_weight=12.38787622284144 13.432230122387407 28.63975281175226 4.3279553819447747 3.9176734080538136 825.78247860446572 130.77713586296886 128.85638814419508 176.99204665794969 33.595733540132642 366.96037562005222 8.4752264851704222 8.3592003341764194 21.984818209894005 9.0303376847878081 8.6705926172435266 7.1422223448753348 46.751698108389974 78.558805306442082 10.619725015014408 3.755000725388526 6.9035063525661826 45.278765413444489 241.70024841092527 16.202457066625357 25.05264594219625 7.0948089174926272 27.278290832880884 7.8051561787724486 367.22467522695661 65.589862132444978
leaf_count=96 92 76 43 14 2945 326 694 465 113 2525 79 247 132 63 53 23 395 250 29 70 54 1507 771 29 94 27 165 15 1109 491
internal_value=0.00354234 1.22255e-06 0.0083665 0.0282052 -0.00113661 0.0303263 0.0334654 0.0185922 0.0611402 -0.0132771 -0.0533105 -0.038826 0.0232499 -0.00852175 -0.0321987 -0.132655 -0.0229452 -0.0397181 -0.0931235 0.067836 -0.10608 -0.0755322 0.0327274 -0.0157725 0.018851 0.040857 -0.00694303 -0.0704337 -0.0041579 -0.0175682
internal_weight=2739.15 2442.76 1498.63 485.37 1013.26 481.042 470.221 305.848 164.373 944.13 100.241 91.7657 34.099 843.889 187.478 15.8128 171.665 135.93 57.3714 25.7398 10.8212 57.6666 296.388 54.6873 41.2551 35.7346 834.858 35.0834 799.775 432.55
internal_count=12992 12006 5507 1709 3798 1666 1598 1159 439 6499 2131 2052 449 4368 853 76 777 674 424 202 68 1603 986 215 123 103 4305 180 4125 3016
is_linear=0
shrinkage=0.1


Tree=45
num_leaves=31
num_cat=0
split_feature=39 14 34 11 20 34 47 2 35 34 34 21 33 8 28 18 35 35 22 20 43 18 36 17 34 47 18 0 34 39
split_gain=27.1922 31.3259 29.6543 27.5985 26.803 64.7618 38.0468 25.8586 23.4858 36.4738 47.9879 42.404 30.6842 24.5589 26.4432 28.6485 24.1981 54.2446 37.1418 30.0997 28.8769 27.1346 22.1807 20.2221 22.8815 19.6432 19.409 18.7978 18.253 27.1428
threshold=0.99999997019767772 84.29538726806642 0.43739739060401922 0.25151176750659948 1.5000000000000002 0.64819741249084484 0.11517319083213808 0.26749512553215032 0.56912231445312511 0.50004315376281749 0.80762550234794628 0.013617945834994318 0.56839856505393993 55.818622589111335 12287482.000000002 -0.39093789458274836 0.5000385344028474 0.51382675766944896 5.6981248855590829 2.5000000000000004 0.61250001192092907 -0.0013075472088530658 0.09946680068969728 22.818767547607425 0.99576005339622509 0.16213477402925494 -0.0092882160097360594 0.23665061593055728 0.52186360955238353 0.23572057485580447
decision_type=2 2 2 2 2 2 2 2 2 2 2 2 2 2 2 2 2 2 2 2 2 2 2 2 2 2 2 2 2 2
left_child=2 -2 3 7 5 26 -6 -1 16 -10 12 -12 -11 14 15 -14 18 -18 -8 21 28 25 -17 -13 -25 -19 27 -4 -21 -30
right_child=1 -3 4 -5 6 -7 8 -9 9 10 11 23 13 -15 -16 22 17 19 -20 20 -22 -23 -24 24 -26 -27 -28 -29 29 -31
leaf_value=-0.039651633430898399 0.034314195815279017 -0.1871955390427239 -0.05815410745909988 -0.085014138350472238 -0.092397600556203108 0.10991657866018967 -0.092143132323094054 0.056365651508900973 0.045424420493772266 0.00093740776870706731 0.05982138688444593 0.061210529294832172 -0.16992838932304299 -0.14824871323804509 -0.20255332853143246 -0.13811695907031848 -0.15909956770524947 0.10206902099513107 0.030767164837525004 0.00018541663325012637 -0.17083932211852354 0.085897879182229755 0.0036710436893912183 -0.027292700562572315 0.011209056234407731 -0.13445434054131541 0.027361855057413478 0.026222262711174855 -0.1859548767042494 -0.034810784878325715
leaf_weight=87.330113692209125 326.76242082612589 6.5116035812534383 70.055113432463259 75.378544829320163 45.403100539930165 75.927430581301451 29.746296842582524 41.318846309557557 207.49209123104811 120.89653203636408 149.61454975791276 52.011862217448652 13.448654646053908 29.62696626689285 10.011173103004692 12.644513812381772 32.821944429539144 4.9710477814078358 141.72235539974645 89.993448383174837 15.898996140807865 40.257163138128817 86.57446985412389 250.63338137790561 401.82669112272561 11.957120563834904 167.47311523929238 42.374936643056571 15.24357851827517 53.871402896475047
leaf_count=771 1102 44 966 1160 588 147 374 103 525 446 429 142 136 349 63 154 276 30 546 322 110 88 283 965 1275 137 1000 122 109 230
internal_value=0.00323627 0.0299863 -0.000515045 -0.0369659 0.00290819 0.0280056 -0.00200763 -0.00881327 0.000309354 0.00689411 -0.000197889 0.0114713 -0.0366781 -0.0665363 -0.0468028 -0.0329634 -0.0198271 -0.0387664 0.00944475 -0.0217565 -0.0423377 0.0412292 -0.0143985 0.00120276 -0.00358085 -0.064998 0.00578611 -0.0263526 -0.0294971 -0.0681462
internal_weight=2709.8 333.274 2376.53 204.028 2172.5 355.831 1816.67 128.649 1771.26 1334.78 1127.29 854.086 273.202 152.306 122.679 112.668 436.483 265.015 171.469 232.193 175.007 57.1853 99.219 704.472 652.46 16.9282 279.903 112.43 159.108 69.115
internal_count=12992 1146 11846 2034 9812 2235 7577 874 6989 4767 4242 2811 1431 985 636 573 2222 1302 920 1026 771 255 437 2382 2240 167 2088 1088 661 339
is_linear=0
shrinkage=0.1


Tree=46
num_leaves=31
num_cat=0
split_feature=35 34 11 16 35 0 45 4 17 22 50 11 23 18 34 43 39 1 35 16 19 28 10 5 38 39 44 34 11 17
split_gain=24.4293 20.791 21.6533 25.1291 22.6217 22.4317 24.9746 24.9421 19.6668 18.8593 23.133 20.703 25.1556 22.4448 32.7262 19.356 24.1913 19.0731 18.6956 18.6832 17.2616 16.5714 24.6346 16.5569 19.2379 15.9363 17.1437 15.7719 19.3812 18.0025
threshold=0.94597589969635021 0.22374207526445392 0.43765144050121313 -0.00084561220137402404 0.49867105484008795 0.11579605191946031 0.4510094821453095 0.7097679376602174 40.568212509155281 44.308319091796882 0.67237922549247753 0.93003889918327343 0.16000001132488254 -0.011699433438479899 0.94887384772300731 0.48749999701976782 0.57178571820259105 0.052244458347558982 0.43465033173561102 0.072262603789567961 5.0383312702178964 12287482.000000002 -0.054070893675088876 4.7923994064331064 0.44264216721057897 0.022347067482769493 0.7520379126071931 0.70113715529441845 0.053343752399086959 61.938171386718757
decision_type=2 2 2 2 2 2 2 2 2 2 2 2 2 2 2 2 2 2 2 2 2 2 2 2 2 2 2 2 2 2
left_child=1 20 3 5 18 6 8 -8 -3 11 -11 13 -13 14 25 -15 17 -17 -4 -19 -1 27 -23 -14 -25 26 -6 28 -7 -30
right_child=-2 2 4 -5 9 21 7 -9 -10 10 -12 12 23 15 -16 16 -18 19 -20 -21 -22 22 -24 24 -26 -27 -28 -29 29 -31
leaf_value=-0.11161263269299689 0.033729025447717428 0.039922855910631085 0.050181279255440449 0.046740927389225022 -0.032503001400331542 0.047030351887430114 -0.10732257535642209 -0.018344621646728048 -0.096724118790099178 -0.096703739399383454 0.050115997008450666 0.026134796759179499 -0.039900287969057431 0.047984175419449042 0.054393071732202682 -0.12906202233266603 0.017939046992164417 0.00084551493484164594 -0.096976594334181029 -0.049046639658265348 0.040484846917976401 -0.14304792605873526 0.0063723322100461546 -0.26176913415397723 -0.057527518218460666 -0.075197189606599352 0.17768040157765158 0.049910277219943559 0.00069327031274309104 -0.13381443095918219
leaf_weight=28.954620450269431 235.55654178932309 77.054295827168971 10.668944483622907 178.24406378995627 15.016788644250484 101.41366831213236 45.522429846227169 102.30504272598773 12.200193472672252 11.98199897026643 102.83162328228354 56.735991856548935 183.39450183091685 94.37159875407815 31.828960716724396 14.775355137884615 378.60080827632919 266.51487029111013 45.245663178153336 104.48027756297961 10.052138028666375 15.392093710601328 38.968167147599161 7.552541013807061 11.8442140314728 103.40354224154726 5.2330063125118604 144.83197664283216 225.85276559460908 10.408946083858607
leaf_count=666 801 464 66 649 147 268 381 455 144 54 302 208 799 383 88 462 1361 1055 744 495 44 77 144 39 60 1247 17 414 900 58
internal_value=0.00297786 3.88629e-06 0.00118256 0.0128897 -0.00653472 0.0050936 -0.0205252 -0.0457448 0.0212446 -0.00402349 0.0347938 -0.00752241 -0.0327253 -0.00107332 -0.0360341 0.00525661 -1.86608e-05 -0.0176426 -0.0688977 -0.0132052 -0.0724167 0.0164069 -0.035936 -0.0491929 -0.137053 -0.0593105 0.0218132 0.022304 0.0104634 -0.00523271
internal_weight=2671.24 2435.68 2396.67 952.194 1444.48 773.95 237.082 147.827 89.2545 1388.57 114.814 1273.75 259.527 1014.23 155.482 858.743 764.371 385.771 55.9146 370.995 39.0068 536.868 54.3603 202.791 19.3968 123.653 20.2498 482.507 337.675 236.262
internal_count=12992 12191 11481 3954 7527 3305 1444 836 608 6717 356 6361 1106 5255 1499 3756 3373 2012 810 1550 710 1861 221 898 99 1411 164 1640 1226 958
is_linear=0
shrinkage=0.1


Tree=47
num_leaves=31
num_cat=0
split_feature=15 0 10 36 45 26 19 28 12 28 7 34 35 45 18 8 14 21 43 16 51 21 1 38 3 38 13 28 39 3
split_gain=22.1739 23.1048 41.6672 25.1603 29.1636 24.5357 32.933 24.4404 28.9018 28.134 25.2107 23.3629 22.9675 26.4264 20.8668 21.9097 33.2215 25.4722 20.7569 41.0153 20.2016 19.7118 19.5578 19.0805 18.9299 18.2365 17.954 17.717 20.675 20.0859
threshold=13.150639533996584 0.45586425065994268 0.18231245875358584 0.29358115792274481 0.4977687150239945 1.1937500238418581 0.25126942992210394 3306304.3750000005 9.5000000000000018 3511211.5000000005 44.980955123901374 0.37833853065967565 0.54594156146049511 0.80513474345207225 -0.39093789458274836 64.225891113281264 74.201301574707045 0.030142190866172317 0.53749999403953563 0.0047991580795496711 0.3569543063640595 -0.028164881281554695 0.056800698861479766 0.38806159794330602 0.9656946361064912 0.39605535566806799 66.447349548339858 13057.786621093752 0.59999993443489086 2.0661337375640874
decision_type=2 2 2 2 2 2 2 2 2 2 2 2 2 2 2 2 2 2 2 2 2 2 2 2 2 2 2 2 2 2
left_child=1 2 3 7 24 6 25 11 9 -9 -10 21 13 18 -13 22 17 -17 -8 -20 -14 -1 -16 -4 -5 26 -6 28 -24 -29
right_child=-2 -3 23 4 5 -7 12 8 10 -11 -12 14 20 -15 15 16 -18 -19 19 -21 -22 -23 27 -25 -26 -27 -28 29 -30 -31
leaf_value=0.018925502221794031 -0.2036508891843386 0.031547492181661439 0.019864408724331217 0.053981588073075883 -0.23444947855700629 0.022285327847301681 -0.023528076450215828 -0.30623312585043161 -0.11663749214645971 -0.047492963694021978 0.061395027910641622 -0.056427129510555729 -0.066403898310359158 0.078052924473251351 -0.078148255157793334 -0.079009342101835939 -0.18097943261007177 0.0096405761621302776 -0.29703151690828772 -0.047725098630349197 0.027518076100130087 -0.094366621727958622 0.078208375284676251 -0.20196648045910545 0.012456012378635212 -0.046672367512983738 0.056663920810347213 0.0024190222073018942 -0.0062052472279269634 0.065460616590070492
leaf_weight=22.889872010797262 5.1957877120003095 258.22010032460093 5.2604804970324066 207.28580630011857 10.070219107903538 286.08774170931429 44.038434066809714 4.2908576307818285 9.7003786647692305 204.00978407729417 44.181821195408702 54.972244714852422 25.670952621847391 15.143382419366388 21.06090126093477 42.437378433533013 12.331079993396996 137.20499824173748 9.96396870352328 19.540378678590059 212.22210825048387 46.671490950509906 92.579632163047791 14.748219531029461 233.3716290788725 106.57205020962283 2.6829824894666663 395.82072320627049 42.2591253221035 57.938033511862159
leaf_count=131 50 857 15 524 97 961 180 45 133 1202 170 498 91 37 489 626 89 422 56 60 675 972 280 96 732 901 8 2268 185 142
internal_value=0.00272946 0.00313575 5.45023e-05 0.00127231 0.0116643 -0.000571565 -0.0152363 -0.00898238 -0.0359364 -0.0528228 0.0293439 -0.00135211 0.00119101 -0.0422426 0.00317387 0.00726103 -0.0222004 -0.0113014 -0.067013 -0.131919 0.017383 -0.0570867 0.016538 -0.143645 0.0319897 -0.060196 -0.173206 0.0199261 0.0517527 0.0104685
internal_weight=2644.42 2639.23 2381.01 2361 1172.65 731.992 445.904 1188.35 262.183 208.301 53.8822 926.165 326.579 88.6862 856.604 801.632 191.973 179.642 73.5428 29.5043 237.893 69.5614 609.658 20.0087 440.657 119.325 12.7532 588.598 134.839 453.759
internal_count=12992 12942 12085 11974 4322 3066 2105 7652 1550 1247 303 6102 1099 333 4999 4501 1137 1048 296 116 766 1103 3364 111 1256 1006 105 2875 465 2410
is_linear=0
shrinkage=0.1


Tree=48
num_leaves=31
num_cat=0
split_feature=39 14 36 3 44 16 1 28 17 16 15 26 4 28 35 20 35 20 51 5 8 51 34 1 34 20 35 35 17 18
split_gain=20.1993 25.6728 23.1561 23.91 21.8875 22.2838 21.6757 25.2422 26.8002 21.7215 19.5412 18.9279 18.7925 18.0982 17.6108 34.3687 34.1268 34.605 23.5289 26.7448 21.6754 21.1106 28.0412 29.1315 17.9812 19.345 27.6251 27.7162 26.2572 24.062
threshold=0.99999997019767772 79.342121124267592 0.10941982269287111 0.3994042724370957 0.92827278375625621 2.2808667421340947 0.12500241398811343 3199819.0000000005 75.15683746337892 0.042822698131203658 -8.8135313987731916 1.2034500241279604 0.59201860427856456 231781.51562500003 0.52195253968238842 1.0000000180025095e-35 0.5000385344028474 1.5000000000000002 0.50000774860382091 0.89910954236984264 67.395290374755874 0.12798008322715762 0.66924637556076061 0.24157978594303134 0.37029887735843664 2.5000000000000004 0.54594156146049511 0.52558875083923351 14.43029832839966 -0.069883264601230607
decision_type=2 2 2 2 2 2 2 2 2 2 2 2 2 2 2 2 2 2 2 2 2 2 2 2 2 2 2 2 2 2
left_child=2 -2 4 12 5 6 9 -8 -9 -1 -5 -11 -4 -3 16 -16 18 -18 19 -12 21 22 23 -17 -23 29 27 -27 -29 -26
right_child=1 13 3 10 -6 -7 7 8 -10 11 14 -13 -14 -15 15 20 17 -19 -20 -21 -22 24 -24 -25 25 26 -28 28 -30 -31
leaf_value=-0.10413472905710802 0.030928462666286544 -0.2607066634468776 0.06367241255210869 -0.2241690966650646 0.054859719188984316 -0.1717181100159122 0.000659147167386485 -0.10741563795682028 0.080328449971195662 0.065415822456862033 -0.00071242360041217766 -0.15454625438406905 0.0065394360553580437 0.026718481888478442 0.10716377989438236 -0.18556774650077829 0.0058389239088599901 -0.12781039931305146 0.028191468203493154 -0.088781328103657783 -0.018956201777013081 -0.091528875001426591 0.038025360390385378 -0.0065335923561727531 -0.017274575809659989 0.061000913080939759 0.015215210934784293 0.10314919877860523 -0.15507867070307355 0.071704029207433337
leaf_weight=56.410730304662138 309.92459590639919 5.2333189658820611 111.64573796326295 3.8858608887530854 34.397727644536644 10.545261170715092 254.56991877360269 44.085962132085115 9.1879762411117536 16.59632276091725 108.26597353536636 5.1186236790381363 118.86843141447753 3.7680633012205362 32.709225634112954 19.263795090373605 31.672829379793257 49.889107617549598 133.4893572544679 50.596938617993146 322.61637951107696 15.46513082180172 24.033802526071668 17.206140850670636 40.981946463696659 12.144174595363436 628.28786737238988 4.6192775368690517 26.686642897315323 117.61592699075118
leaf_count=1343 1089 43 426 36 134 71 1511 378 21 171 704 97 518 14 63 145 162 335 427 1092 1212 144 69 50 228 32 1987 5 131 354
internal_value=0.00250825 0.0260932 -0.000760903 0.00405489 -0.021659 -0.028297 -0.0243786 -0.0124403 -0.075036 -0.0714198 -0.000185227 0.0135666 0.0342109 -0.140388 0.000346932 0.00599603 -0.0187138 -0.0759106 -0.00275672 -0.0287619 0.00330332 0.011227 -0.0458362 -0.101101 0.015309 0.0172989 0.00988225 -0.0672323 -0.116976 0.0487118
internal_weight=2619.78 318.926 2300.86 1869.94 430.913 396.515 385.97 307.844 53.2739 78.1257 1639.43 21.7149 230.514 9.00138 1635.54 1261.63 373.914 81.5619 292.352 158.863 1228.92 906.305 60.5037 36.4699 845.801 830.336 671.738 43.4501 31.3059 158.598
internal_count=12992 1146 11846 8120 3726 3592 3521 1910 399 1611 7176 268 944 57 7140 4420 2720 497 2223 1796 4357 3145 264 195 2881 2737 2155 168 136 582
is_linear=0
shrinkage=0.1


Tree=49
num_leaves=31
num_cat=0
split_feature=35 34 26 28 11 39 15 51 24 34 36 50 47 0 9 6 8 18 1 17 1 3 15 50 8 34 33 14 35 3
split_gain=19.6291 17.7356 17.5462 25.4089 21.6156 21.2999 26.361 20.9305 17.7143 24.4798 17.1712 20.1583 17.0948 16.134 15.9615 26.4654 27.9306 18.3646 15.6949 15.563 17.052 20.7954 15.4295 15.397 15.3108 19.2543 18.6188 15.1738 20.4524 19.8016
threshold=0.94597589969635021 0.15903863310813907 0.97014999389648449 33494840.000000004 1.3283296823501589 0.29863132536411291 3.1493629217147832 0.51836189627647411 0.52251011133193981 0.88987958431243908 0.10072775557637216 0.05969516001641751 0.23983243852853778 0.050022697076201446 0.10169838368892671 67.599422454833999 57.964513778686531 0.18184033036231997 0.093386013060808196 44.913885116577156 0.12157490104436876 2.449450016021729 0.95915949344635021 0.53963592648506176 69.96317291259767 0.9587002992630006 0.7577941119670869 27.909589767456058 0.57450252771377575 5.0950274467468271
decision_type=2 2 2 2 2 2 2 2 2 2 2 2 2 2 2 2 2 2 2 2 2 2 2 2 2 2 2 2 2 2
left_child=1 -1 4 10 5 6 14 12 27 19 22 -12 23 -13 15 17 18 -3 -17 20 21 -10 -4 -5 -2 26 -26 -7 29 -29
right_child=24 2 3 7 -6 8 -8 -9 9 -11 11 13 -14 -15 -16 16 -18 -19 -20 -21 -22 -23 -24 -25 25 -27 -28 28 -30 -31
leaf_value=-0.10945344103829271 0.049249769392519821 -0.034301604380461946 -0.0088668276355486752 -0.17922374745492686 -0.1787932646282287 0.032280303589918215 -0.30012889152887134 -0.013729589450406183 -0.17785083127666976 0.035802785323300543 -0.12340209878634295 -0.064519859864003978 -0.26249875151242613 0.019906553289311645 0.01779932189218859 -0.13994000030494708 -0.073410886934801772 0.039155752076907052 -0.4505487272475695 -0.17530484428648446 0.0013464009412137616 0.099249401311627752 -0.15245937907816051 0.010831924232761279 -0.00012704174088117121 0.015115265881903246 -0.25591793704801025 -0.030233822200392647 0.012747358705465634 -0.22890439067806884
leaf_weight=14.817767447326331 148.51719169318676 214.09885350195691 217.80659476015717 7.6277918587438824 7.505020957440137 190.30311875184998 3.509679537266492 57.301007512025535 14.337182838935407 28.727085776627064 10.179616072215138 23.154757618904114 6.5707522309385231 1008.7929078736342 71.115796083584428 3.1948993932455769 36.871537411119789 40.466584100853652 3.3144375737756491 12.641892441082744 26.457931789569557 3.3390079475939265 7.7494605584070078 9.6619208659976703 5.796154407784341 65.909153040498495 5.5901667289435863 96.357813457027078 245.96304571907967 5.2924260180443516
leaf_count=400 504 1971 1653 96 41 916 20 196 214 80 80 551 57 3470 203 24 197 144 30 128 120 8 48 29 22 242 33 608 881 26
internal_value=0.00229443 -0.000392847 0.000294143 0.00774349 -0.00971887 -0.00844485 -0.0273616 -0.0464994 0.00286029 -0.0394201 0.0112163 0.0166308 -0.125196 0.0180122 -0.0247677 -0.0349278 -0.107125 -0.0226246 -0.298096 -0.0774807 -0.0494597 -0.125507 -0.0138003 -0.0730159 0.0304647 -0.00562938 -0.125709 0.00958085 -0.00284611 -0.0405776
internal_weight=2592.97 2367.16 2352.34 1348.84 1003.5 995.991 372.572 81.1615 623.42 85.5031 1267.68 1042.13 23.8605 1031.95 369.062 297.946 43.3809 254.565 6.50934 56.776 44.1341 17.6762 225.556 17.2897 225.813 77.2955 11.3863 537.916 347.613 101.65
internal_count=12992 12191 11791 6180 5611 5570 2589 378 2981 550 5802 4101 182 4021 2569 2366 251 2115 54 470 342 222 1701 125 801 297 55 2431 1515 634
is_linear=0
shrinkage=0.1


Tree=50
num_leaves=31
num_cat=0
split_feature=47 5 36 47 37 4 44 50 26 11 38 8 22 27 0 44 5 16 16 44 8 24 15 34 33 33 36 13 36 28
split_gain=18.5354 18.7643 18.3211 22.69 20.0565 21.7236 18.895 16.796 22.1972 25.2832 23.2126 16.4285 16.8792 16.1579 16.1236 16.0359 15.3583 22.9008 17.7645 15.7574 15.1497 19.2962 19.5203 19.158 23.452 18.4617 19.102 21.535 25.3723 19.2661
threshold=0.62821903824806224 7.0679748058319101 0.3903502374887467 0.096795991063117995 0.57485783100128185 1.903532922267914 0.2153684198856354 0.88479629158973705 0.66290000081062328 0.85913205146789562 0.42509530484676367 69.96317291259767 42.182373046875007 0.80689999461174022 0.050022697076201446 0.91632205247879039 0.6050952970981599 -0.00015402994176838544 0.12912827730178836 0.7222840189933778 62.169906616210945 0.77475488185882579 -0.11739322170615195 0.37833853065967565 0.44106200337409979 0.52631577849388134 0.058909159153699882 31.080084800720218 0.03539578057825566 15100090.500000002
decision_type=2 2 2 2 2 2 2 2 2 2 2 2 2 2 2 2 2 2 2 2 2 2 2 2 2 2 2 2 2 2
left_child=1 2 3 -1 5 6 -4 8 10 -10 -6 -9 -13 -11 -5 -8 17 -7 -18 -20 23 22 -22 24 -16 -25 27 28 -27 -28
right_child=-2 -3 4 14 7 16 15 11 9 13 -12 12 -14 -15 20 -17 18 -19 19 -21 21 -23 -24 25 -26 26 29 -29 -30 -31
leaf_value=-0.094749772128906187 0.026896960966528129 -0.1335407804031718 -0.11637173245107124 -0.10831152046251186 -0.20874487295672056 -0.22604106925483936 0.040941865701040005 0.030020057683443926 0.0018430285857256572 -0.30684943962896116 -0.042256792839051871 -0.22640000299011445 0.028907243203066819 -0.04061453705946344 -0.015127694061113153 -0.062682849979503422 0.027703548032366073 -0.018802049468244868 -0.23452291520070229 -0.014601457855189985 -0.15287465179781023 -0.21983812166118769 -0.013766207929309585 0.023304004466278345 -0.14313277068903782 0.070396730521005729 0.0073294922371008771 -0.12092072852538567 -0.17343567412003091 -0.068751178979184854
leaf_weight=28.767864278517663 269.8203630046919 10.60134746879339 8.1976782693527621 14.969444220885633 12.375327888876198 8.0064965449273604 390.05596360750496 115.16440602205694 125.87367545999587 4.4528557620942575 25.903675377368927 5.2904573231935483 5.0723758451640606 4.6706942617893219 68.210005844011903 15.5282010063529 59.9140620585531 15.964127623476086 5.2481502406299105 8.5915061198174936 10.323865137994288 4.7370696361176661 440.41544637130573 400.47932084696367 18.113701762631536 17.054519435390834 407.39889487624168 28.669143394101411 5.6917819986119857 36.246081354096532
leaf_count=802 986 65 53 865 60 43 1083 436 346 26 85 28 19 17 816 66 185 58 27 28 112 46 2161 1846 320 107 1729 320 95 162
internal_value=0.00210013 -0.000806354 -0.000192244 -0.00680624 0.0118968 0.0239213 0.0339365 -0.00868747 -0.028867 -0.00980809 -0.0960812 0.019168 -0.101433 -0.170554 -0.00506422 0.0369745 -0.0184845 -0.0880225 0.00411602 -0.0979981 -0.00398893 -0.0190625 -0.0169524 0.00300352 -0.0419876 0.00734034 -0.00557347 -0.0632742 0.00938282 0.00111365
internal_weight=2571.81 2301.99 2291.39 1481.08 810.31 511.506 413.782 298.803 173.276 134.997 38.279 125.527 10.3628 9.12355 1452.31 405.584 97.7243 23.9706 73.7537 13.8397 1437.34 455.476 450.739 981.863 86.3237 895.54 495.06 51.4154 22.7463 443.645
internal_count=12992 12006 11941 9381 2560 1543 1202 1017 534 389 145 483 47 43 8579 1149 341 101 240 55 7714 2319 2273 5395 1136 4259 2413 522 202 1891
is_linear=0
shrinkage=0.1


Tree=51
num_leaves=31
num_cat=0
split_feature=34 6 33 35 34 20 6 14 35 20 22 10 35 34 34 8 21 36 10 18 28 8 14 24 20 2 44 22 37 9
split_gain=17.7575 22.9813 22.6164 22.7689 28.3374 46.6693 25.5575 22.2462 21.9542 39.5357 22.2007 23.8791 20.2835 28.5209 37.6818 38.9857 33.496 27.9926 23.634 22.2721 23.6695 20.9923 20.3043 19.6807 19.5553 19.6958 19.2334 29.4588 18.5218 18.3987
threshold=0.99576005339622509 65.013072967529311 0.56502360105514537 0.52195253968238842 0.45191341638565069 2.5000000000000004 23.540524482727054 86.121822357177749 0.50126957893371593 1.5000000000000002 4.397214651107789 -0.031249999068677422 0.54474565386772167 0.50004315376281749 0.82707467675209057 52.86816596984864 -0.0011111875064671037 0.09946680068969728 -0.095643043518066392 -0.34733685851097101 12287482.000000002 25.231679916381839 52.175392150878913 0.033333336934447295 1.0000000180025095e-35 0.25063052773475653 0.8121994435787202 13.593696117401125 0.49673627316951757 -0.098646774888038621
decision_type=2 2 2 2 2 2 2 2 2 2 2 2 2 2 2 2 2 2 2 2 2 2 2 2 2 2 2 2 2 2
left_child=2 -2 3 6 -5 -6 -1 12 10 -10 11 24 18 -14 15 17 -16 -15 -4 21 26 -19 -18 -22 28 -26 -21 -28 -8 -11
right_child=1 -3 7 4 5 -7 8 -9 9 29 -12 -13 13 14 16 -17 22 19 -20 20 23 -23 -24 -25 25 -27 27 -29 -30 -31
leaf_value=-0.1364148420429506 0.057400058220515165 0.0071738518252214964 0.076383347573780042 -0.033761066838793909 0.070571552703131452 0.0080536753307500607 -0.082248280386311962 -0.21716072937295611 0.022213852136606885 0.11658947487095683 0.026632866627655828 -0.054773828749210676 0.036405751109274853 -0.12784957739661715 0.096893545970181461 -0.11730266265460008 0.0075977180039581288 0.044597401295725467 -0.090479386271194062 0.027000631672166472 -0.015204296866574174 -0.18924251975557937 -0.046675596061047188 -0.24635772025136249 -0.13011735706245189 0.024193274181640273 -0.31679184638857444 0.043168859662282615 0.059823895754410453 -0.11665456298545214
leaf_weight=15.18750507198274 116.60676763765514 416.4518818706274 9.941068306565283 87.484414949314669 173.12133610667661 384.82788698887452 10.62500949623063 5.4159462018869808 46.536892116535455 3.6098746657371512 226.72796262567863 97.235177994240075 116.47723027318716 23.215683801099658 34.003918133676052 61.023322364781052 254.99902221094817 5.5940790604800013 58.081541883992031 120.18196252500638 8.406036561354993 12.23677661269903 94.467386780772358 6.556005109101533 16.192807836923748 16.908445991575718 4.2326739681884629 4.9120101984590292 67.297547588590533 53.560631345957518
leaf_count=296 379 1426 19 703 613 1324 182 50 244 4 1256 1674 338 353 64 662 849 14 614 390 23 115 451 42 137 39 28 15 249 439
internal_value=0.00192678 0.0181609 -0.00235923 0.0063908 0.0191548 0.0274518 -0.00848297 -0.0151608 -0.00487617 -0.046221 0.00498105 -0.0185909 -0.0138174 -0.00905263 -0.0174595 -0.0479761 0.0021458 -0.0251497 -0.0660935 -0.010443 0.00258667 -0.11588 -0.00707339 -0.11649 0.0130983 -0.051294 0.0163629 -0.123441 0.0404519 -0.101927
internal_weight=2552.12 533.059 2019.06 1199.32 645.434 557.949 553.882 819.745 538.694 103.707 434.987 208.259 814.329 746.306 629.829 246.359 383.47 185.335 68.0226 162.12 144.289 17.8309 349.466 14.962 111.024 33.1013 129.327 9.14468 77.9226 57.1705
internal_count=12992 1805 11187 7160 2640 1937 4520 4027 4224 687 3537 2281 3977 3344 3006 1642 1364 980 633 627 498 129 1300 65 607 176 433 43 431 443
is_linear=0
shrinkage=0.1


Tree=52
num_leaves=31
num_cat=0
split_feature=23 35 16 17 47 16 15 35 10 39 28 15 8 38 28 28 0 8 48 51 36 18 17 39 39 37 26 33 24 13
split_gain=17.1119 27.5042 21.3788 17.224 17.1548 22.4833 26.3407 25.1955 24.8224 22.4726 24.9134 19.1755 20.4485 19.1409 18.4308 16.7991 16.4424 20.4932 20.5285 16.7801 16.0154 19.5718 24.2336 18.7113 18.7096 16.1748 16.0086 15.7496 15.5382 15.3263
threshold=0.50979989767074596 0.79943972826004039 2.2808667421340947 34.581216812133796 0.41492031514644628 -0.025678425095975396 -0.035843489691615098 0.55445688962936412 -0.012979993131011723 0.23999997228384021 388320.50000000006 -0.078104529529809938 25.765896797180179 0.4407558292150498 328238.50000000006 4621.0000000000009 0.26878727972507482 72.804138183593764 0.15000000223517421 0.70076140761375438 0.068397626280784621 0.019661271013319496 65.72031402587892 0.25824573636054998 0.64824989438056957 0.43931283056735998 0.94365000724792492 0.87423884868621837 0.14285715669393542 18.721474647521976
decision_type=2 2 2 2 2 2 2 2 2 2 2 2 2 2 2 2 2 2 2 2 2 2 2 2 2 2 2 2 2 2
left_child=2 3 15 29 5 6 7 -5 -7 10 -6 12 -9 -12 -14 -1 19 -18 -19 26 21 -17 23 -23 -25 -22 -10 28 -4 -2
right_child=1 -3 27 4 9 8 -8 11 16 -11 13 -13 14 -15 -16 20 17 18 -20 -21 25 22 -24 24 -26 -27 -28 -29 -30 -31
leaf_value=0.030418259237102504 -0.02631188121932216 0.041893907284836295 -0.22642422103812687 -0.12895353711494617 0.0082646260292311476 0.037739827537953671 -0.18232110233329535 0.096094709680082213 -0.097071842590609317 0.04202912311851556 -0.32828161866976002 0.097015758444308306 -0.026668829382148925 -0.073079470927676859 -0.2331437778938196 -0.091500109872035482 -0.030980091876243961 -0.10532152425123698 -0.42880986649157127 0.023850247970384066 -0.088223203734751066 -0.10610562059494769 -0.13512109469381847 0.080649952618669085 -0.11483018741572054 -0.0021873374633407413 -0.014003433334836907 0.084367413341886077 -0.062790179787856337 0.025827535827490207
leaf_weight=128.78616226324812 66.73271775781177 227.549615024589 8.8533178551588261 20.817013986874372 29.109270909801126 81.642328743822873 16.286206382792443 7.3488947292789844 35.36119573796168 110.40911499410868 4.3736311569809905 14.822425791528074 12.069770046044143 8.9595603346824628 6.7359625664539626 48.447667037602514 12.090751208364965 4.8488128501921874 3.2946943342685699 60.361048440914601 22.304356782464311 9.014059810433535 11.823265499435363 34.846828295383602 5.6966221947222939 1076.2158863199875 67.456415970576927 4.4619229957461348 16.842725170543417 363.31063721631654
leaf_count=646 342 826 65 198 91 313 111 17 315 318 24 35 80 64 45 971 45 33 21 195 305 103 67 135 54 5298 405 12 74 1784
internal_value=0.00177469 0.0107445 -0.00579306 0.00309023 -0.00960894 -0.0220214 -0.0691837 -0.0393656 -0.00812834 0.0182558 -0.0435876 0.00614647 -0.0453512 -0.156792 -0.100625 -0.00391515 -0.0285456 -0.113572 -0.236198 -0.0180022 -0.00757442 -0.0439843 -0.00648027 0.0242104 0.0531837 -0.00393421 -0.0425725 -0.0890552 -0.119169 0.0177367
internal_weight=2520.87 1153.58 1367.29 926.03 495.987 343.136 78.0803 61.7941 265.055 152.852 42.4425 40.9771 26.1546 13.3332 18.8057 1337.13 183.413 20.2343 8.14351 163.179 1208.35 109.828 61.3808 49.5575 40.5435 1098.52 102.818 30.158 25.696 430.043
internal_count=12992 5262 7730 4436 2310 1813 486 375 1327 497 179 177 142 88 125 7579 1014 99 54 915 6933 1330 359 292 189 5603 720 151 139 2126
is_linear=0
shrinkage=0.1


Tree=53
num_leaves=31
num_cat=0
split_feature=33 36 37 1 45 20 45 28 16 40 34 17 5 0 36 27 11 4 43 9 6 2 6 12 33 3 15 12 28 35
split_gain=16.1283 16.1675 16.8733 14.8846 23.6326 20.5954 18.2735 18.2268 49.5234 28.6403 18.1089 16.9739 17.7714 16.0034 16.24 18.5645 15.9681 14.7794 14.7054 21.5239 17.2762 17.7336 17.197 18.6401 23.6989 19.6612 19.2619 20.9734 14.5415 14.3465
threshold=0.21700425446033481 0.83364582061767589 0.45884898304939276 0.12500241398811343 0.49916243553161627 1.0000000180025095e-35 0.52147984504699718 3306304.3750000005 0.21679310500621798 0.55000001192092907 0.23437660187482837 76.26303863525392 1.6073620915412905 0.12264668196439744 0.31427145004272466 0.66444998979568493 -0.052825810387730592 8.1382970809936541 0.63749998807907116 0.017109100706875328 57.007211685180671 0.075724471360445036 67.39694976806642 9.5000000000000018 0.71656796336174022 1.8790296316146853 0.0054994132369756707 2.5000000000000004 194234.50000000003 0.75996828079223644
decision_type=2 2 2 2 2 2 2 2 2 2 2 2 2 2 2 2 2 2 2 2 2 2 2 2 2 2 2 2 2 2
left_child=-1 2 -2 4 29 10 16 11 9 13 -5 -7 -13 -9 15 -15 -6 -3 20 -20 21 -8 -22 24 26 -26 -24 -28 -14 -4
right_child=1 17 3 5 6 7 18 8 -10 -11 -12 12 28 14 -16 -17 -18 -19 19 -21 22 -23 23 -25 25 -27 27 -29 -30 -31
leaf_value=-0.15927837043183599 -0.048595750153855817 0.027380077965657557 0.00036282647683820609 -0.061940057764097958 0.13134957463542854 0.01290246081617113 -0.12999349639370969 -0.15765914337157702 -0.27964572987024428 -0.24024224477840514 0.058254369631055826 -0.018777241555600076 -0.30295998258738294 0.00555609563489275 0.020522533227037738 -0.054643001719375188 -0.10891472899686397 -0.11245358025198371 0.0083144257705007867 -0.27281590723123267 0.024609810261612464 -0.027565832008933439 -0.020374122953658938 0.018937334015913871 -0.10218353589241239 0.11232277389772378 -0.13644397274910627 -0.40298192248215792 -0.0514657960201109 0.067306158644781108
leaf_weight=6.2134673297405234 71.878926642471924 293.09243774600327 258.16213638661429 14.114192094188182 2.9778719283640376 931.46216697432101 22.758093311218545 6.9892311026342204 7.0066479714587322 5.38110975222662 112.03071554983035 47.473657890222967 4.364335688762365 107.96412520809099 147.05098456703126 97.480483421124518 38.905715620843694 7.7585334647446862 5.3281727824360114 5.5706775719299912 114.40187255735509 65.699202929623425 11.49876050185412 37.613817675039172 7.5064454954117563 9.9196267537772638 17.575738904532049 3.5482376739382735 4.8584612598642707 36.545069835148752
leaf_count=144 1061 995 2166 190 4 3640 385 57 51 51 384 205 28 397 432 419 907 39 29 36 401 458 45 129 33 22 102 32 16 134
internal_value=0.00163319 0.00203361 -0.000944718 0.000667712 -0.0121082 0.00615239 -0.0299401 0.00256721 -0.0163039 -0.0112469 0.044806 0.00966896 -0.043454 -0.00781904 -0.00484803 -0.0230075 -0.0918322 0.023774 -0.02134 -0.135378 -0.0170618 -0.0539182 -0.000927317 -0.0342539 -0.0742294 0.0199222 -0.124522 -0.181215 -0.170476 0.00866411
internal_weight=2503.13 2496.92 2196.07 2124.19 638.011 1486.18 343.304 1360.03 371.873 364.866 126.145 988.159 56.6965 359.485 352.496 205.445 41.8836 300.851 301.421 10.8989 290.522 88.4573 202.064 87.6626 50.0488 17.4261 32.6227 21.124 9.2228 294.707
internal_count=12992 12848 11814 10753 4883 5870 2583 5296 1407 1356 574 3889 249 1305 1248 816 911 1034 1672 65 1607 843 764 363 234 55 179 134 44 2300
is_linear=0
shrinkage=0.1


Tree=54
num_leaves=31
num_cat=0
split_feature=35 18 34 10 44 39 16 28 24 45 33 0 9 27 5 48 15 11 35 21 45 37 36 0 13 1 28 24 26 3
split_gain=14.9815 16.3134 28.3213 25.0512 21.1704 18.1506 16.1471 15.771 18.8927 15.5045 14.6956 14.5672 28.4543 23.8037 19.0969 24.356 17.2192 19.3251 17.3678 20.3606 16.6179 14.4524 17.8219 23.5574 14.8956 14.4046 14.1831 17.4259 23.2921 25.6071
threshold=0.94597589969635021 -0.012284231372177599 0.94887384772300731 -0.027612576261162754 0.55478757619857799 0.58883720636367809 0.082593135535717024 6419596.5000000009 0.12499999627470972 0.35463969409465795 0.33664351701736456 0.18730794638395312 0.060738645493984229 0.97404998540878307 0.75425362586975109 0.25000000745058065 -0.0026958165690302844 0.91702812910079967 0.54594156146049511 -0.010123393964022396 0.47226969897747045 0.63876536488533031 0.36619959771633154 0.13578467816114428 20.905011177062992 0.10436908155679704 4238.0000000000009 0.21052632480859759 1.1230999827384951 1.1712605357170107
decision_type=2 2 2 2 2 2 2 2 2 2 2 2 2 2 2 2 2 2 2 2 2 2 2 2 2 2 2 2 2 2
left_child=1 2 3 7 -3 6 10 -1 -9 -8 -6 12 16 14 25 -16 21 18 19 -18 -21 22 23 24 -7 -14 -11 28 29 -28
right_child=-2 4 -4 -5 5 11 9 8 -10 26 -12 -13 13 -15 15 -17 17 -19 -20 20 -22 -23 -24 -25 -26 -27 27 -29 -30 -31
leaf_value=0.00024528183495295912 0.026902724551312068 0.023362309940162022 0.061213784607901958 -0.056604216683310518 -0.14921472880318867 0.059714026593705907 -0.16987538400001942 -0.028172158110969889 -0.24969557518372715 0.038449783389050148 -0.0023520139817268981 0.025169113538603467 -0.10632270425716042 0.090739904991967824 -0.014447022919198863 -0.27229773893237852 0.095365487807581834 -0.067204891569577554 0.051150143809530646 -0.10718704336536972 0.00061666269481740069 -0.19010340198245626 0.022679426343320333 -0.26104130805731462 -0.096498545129772406 -0.36109799088545635 -0.052503667710072026 -0.0013781277024823059 -0.0093568501082623764 -0.18400489229273523
leaf_weight=245.32763229776174 212.33000773377717 411.273648645496 41.525596410036087 159.51600067294203 6.9022808186709872 9.7135853297077173 8.4844193183816952 12.450460262596609 5.5733483969233921 25.023320755921304 529.01530174957588 314.11482205381617 4.0035808756947535 6.1278703007847062 16.098835946992043 4.7424104865640393 15.884459063410757 23.779939998406917 128.20373717183247 19.966754388995469 50.375184880569577 5.6689599063247433 37.53155848942697 5.8117351243272415 16.427237569354475 4.9789487794041634 35.647465354530141 63.808859402546659 40.579805462155491 25.330635685939342
leaf_count=1326 801 2488 131 2166 121 44 88 57 62 87 2350 1006 16 15 70 29 42 132 385 178 272 32 119 38 107 33 225 272 162 138
internal_value=0.00149965 -0.000872424 -0.0175919 -0.0253306 0.0034185 -0.00244778 -0.0132739 -0.00638775 -0.096672 -0.0376085 -0.00424351 0.00954285 -0.00450878 -0.0887705 -0.125654 -0.0731208 0.00515843 0.0183251 0.0278103 -0.00689213 -0.0299837 -0.0365755 -0.0240498 -0.078938 -0.038452 -0.247543 -0.0317142 -0.0423315 -0.0680625 -0.10713
internal_weight=2486.22 2273.89 464.393 422.867 1809.5 1398.22 734.792 263.351 18.0238 198.875 535.918 663.43 349.315 35.9516 29.8238 20.8412 313.363 238.21 214.43 86.2264 70.3419 75.1531 69.4841 31.9526 26.1408 8.98253 190.39 165.367 101.558 60.9781
internal_count=12992 12191 3742 3611 8449 5961 3443 1445 119 972 2471 2518 1512 163 148 99 1349 1009 877 492 450 340 308 189 151 49 884 797 525 363
is_linear=0
shrinkage=0.1


Tree=55
num_leaves=31
num_cat=0
split_feature=35 20 34 18 11 34 34 44 37 33 34 2 21 35 1 28 17 33 34 34 28 11 35 0 10 45 34 22 28 18
split_gain=14.5803 24.2696 45.6625 20.8416 24.6273 18.8831 51.8255 19.5105 18.307 18.2774 28.5445 18.7974 18.0193 24.8638 29.738 20.0697 17.3826 19.7704 19.2771 17.152 16.9244 16.7226 16.5838 24.8561 16.5064 15.9187 15.8399 16.2621 15.6809 15.3587
threshold=0.49978068470954901 2.5000000000000004 0.78664875030517589 0.0001953217506525107 0.023336755111813549 0.51456794142723095 0.87689533829689037 0.95404738187789928 0.47341156005859381 0.44373036921024328 0.57065269351005565 0.11328133940696718 0.0052615955937653789 0.60344877839088451 0.083537667989730849 1540347.0000000002 24.125359535217289 0.72998517751693737 0.84337005019187938 0.4993435144424439 12091.500000000002 0.91702812910079967 0.55836224555969249 0.19208387285470965 0.0015824210713617506 0.99887877702713024 0.38696403801441198 -0.29170534014701838 2732987.0000000005 -0.080331932753324495
decision_type=2 2 2 2 2 2 2 2 2 2 2 2 2 2 2 2 2 2 2 2 2 2 2 2 2 2 2 2 2 2
left_child=9 2 3 4 -2 19 7 8 -7 11 -11 -1 -8 14 24 -16 -10 22 -19 -3 -6 -15 23 -18 -14 -23 27 -5 -20 -22
right_child=1 5 -4 26 20 6 12 -9 16 10 -12 -13 13 21 15 -17 17 18 28 -21 29 25 -24 -25 -26 -27 -28 -29 -30 -31
leaf_value=-0.082474498070564367 0.048065757711336664 -0.064392764552809165 0.09802750343945732 0.022919853511484883 0.020546488877512439 -0.1508094451140336 0.074703401550975379 -0.19160247758155538 0.0053891846992775013 -0.06740686198897998 0.036995607905120242 0.029971489072461291 -0.40812802056655006 0.019277857221344889 0.011474360356499021 -0.12555950056827725 -0.15366420320389204 -0.18700113762359885 0.023870554710574334 0.019863103493265057 -0.095452514880187911 -0.024617028097949342 -0.022051650002333289 -0.00092448686811250546 -0.1299604900120461 0.053197694300532151 0.045798280056012435 -0.13054538857969816 -0.21198333679353404 -0.022417098488708081
leaf_weight=17.936472355620936 59.592710124794394 25.563816465437412 69.772455031983554 18.986546051688496 56.464893070515245 12.955857133259995 36.999695239588618 7.9882778231985858 102.92499919841066 115.56081125466153 33.861507269088179 86.858634274220094 3.054476688615976 474.93903508782387 38.210065360181034 14.838103949092327 25.347052041441202 17.546302852453664 11.594076201319693 440.28255044459365 41.322846150957048 191.84336226340383 220.65822222013958 18.380409988574684 7.0729643320664763 30.464375725015998 179.30773053551093 10.851179046556352 3.7244933010078958 94.957968614529818
leaf_count=548 206 170 222 119 436 158 117 77 397 1179 168 533 22 1636 125 73 250 191 63 1736 590 670 1024 63 41 107 659 152 27 1233
internal_value=0.00139032 0.00399288 0.0226288 0.0112291 -0.00811818 -0.00188489 -0.0084315 -0.0368102 -0.0338172 -0.0212923 -0.0437476 0.0107255 0.00655535 0.00323948 -0.0568329 -0.0268554 -0.0300295 -0.0422935 -0.115441 0.0152395 -0.025489 0.00868248 -0.0332008 -0.0894616 -0.213857 -0.0139535 0.034572 -0.0328913 -0.033474 -0.0445628
internal_weight=2469.86 2215.64 531.256 461.484 252.338 1684.39 1218.54 421.12 413.131 254.217 149.422 104.795 797.422 760.422 63.1756 53.0482 400.176 297.251 32.8649 465.846 192.746 697.247 264.386 43.7275 10.1274 222.308 209.145 29.8377 15.3186 136.281
internal_count=12992 10564 3617 3395 2465 6947 5041 2250 2173 2428 1347 1081 2791 2674 261 198 2015 1618 281 1906 2259 2413 1337 313 63 777 930 271 90 1823
is_linear=0
shrinkage=0.1


Tree=56
num_leaves=31
num_cat=0
split_feature=34 21 38 0 10 18 34 8 11 51 35 38 35 19 51 4 33 11 17 39 48 4 34 24 21 51 4 36 22 35
split_gain=13.952 15.4694 16.9417 15.0971 31.1304 17.7016 29.0915 22.9002 16.0059 19.9299 16.0045 15.8064 15.7718 15.943 22.5777 14.9928 14.9217 14.8383 14.6625 13.8336 15.5954 26.9704 13.7661 14.5843 12.9565 12.9284 21.8493 22.1804 22.1236 20.8498
threshold=0.15903863310813907 -0.038777915760874741 0.60735177993774425 0.45586425065994268 0.18231245875358584 -0.012284231372177599 0.93873196840286266 60.000730514526374 0.73929128050804149 0.38610520958900457 0.72014901041984569 0.44711327552795416 0.52380511164665233 2.6541810035705571 0.12106532603502275 3.9248695373535161 0.56839856505393993 -0.074819739907979951 50.122283935546882 0.70475122332572948 0.15000000223517421 0.6571597456932069 0.63397637009620678 0.86032786965370189 0.0027940168511122469 0.50000774860382091 1.9667545557022097 0.27912142872810369 -18.700397491455075 0.51153174042701732
decision_type=2 2 2 2 2 2 2 2 2 2 2 2 2 2 2 2 2 2 2 2 2 2 2 2 2 2 2 2 2 2
left_child=-1 -2 3 4 5 6 7 12 10 15 16 -6 17 -14 -15 -10 22 -3 -13 -16 21 -21 23 25 -24 26 -7 -28 -29 -30
right_child=1 2 -4 -5 11 8 -8 -9 9 -11 -12 18 13 14 19 -17 -18 -19 -20 20 -22 -23 24 -25 -26 -27 27 28 29 -31
leaf_value=-0.10506554582139041 0.049441370515311771 0.042949553428025228 -0.11086772504712022 0.026481965009836708 -0.02790158045416867 0.0049672233897157742 0.051675724187770923 -0.10779259772670458 -0.13665878992008562 -0.0050691651880401707 0.037892007791521298 -0.1289835362960452 0.0064221004858407444 -0.2078156088769938 -0.070973887744591069 0.10805667377719841 -0.01487615430617777 -0.084999136461304262 -0.38076621984882708 -0.2492688641019879 0.057462546585713259 0.057262776447545599 0.093048616380758689 -0.1673911976423425 0.021591569216324425 0.026362229328965914 0.010262521742846703 0.11474249837773971 -0.12473349437136171 -0.37451422470340551
leaf_weight=12.273864900693296 66.354264826513827 10.823071601334957 13.584715188480912 213.55558780580759 8.7304625539109129 250.66949695767835 51.730590399354696 33.071176330791786 18.434160856762905 603.00155279086903 191.71293911337852 7.2352039869874698 186.63037488237023 7.8206256777048102 39.125497777480632 2.897021770477294 246.44708962389268 55.761386760510504 3.3996896967291832 5.2692771991714817 25.750350555405021 6.3048440869897604 38.258587651420385 4.7384449760429552 75.349079160951078 232.44407992088236 15.51432604016736 2.7273271605372456 12.388824632391335 4.5762621182948342
leaf_count=400 215 41 215 780 32 2037 170 534 218 2488 657 50 1267 48 220 6 1077 981 25 41 57 21 89 52 257 820 89 5 71 29
internal_value=0.00128388 0.0018201 0.000485665 0.00112817 -0.00140098 -0.000248854 -0.0185721 -0.0283789 0.00430497 -0.00842958 0.0117021 -0.127615 -0.0205969 -0.00987937 -0.0459815 -0.103424 0.00601657 -0.0642015 -0.209472 -0.0294263 0.014126 -0.08229 0.0141039 0.00725097 0.0456555 0.00884753 -0.00539355 -0.0791616 -0.149613 -0.192111
internal_weight=2446.58 2434.31 2367.95 2354.37 2140.81 2121.45 422.287 370.557 1699.16 624.333 1074.83 19.3654 337.485 270.901 84.2706 21.3312 883.114 66.5845 10.6349 76.45 37.3245 11.5741 636.666 523.059 113.608 518.32 285.876 35.2067 19.6924 16.9651
internal_count=12992 12592 12377 12162 11382 11275 3380 3210 7895 2712 5183 107 2676 1654 387 224 4526 1022 75 339 119 62 3449 3103 346 3051 2231 194 105 100
is_linear=0
shrinkage=0.1


Tree=57
num_leaves=31
num_cat=0
split_feature=33 15 36 37 37 14 27 28 14 45 5 36 11 39 9 28 27 50 50 24 44 8 35 1 34 51 9 6 34 21
split_gain=13.776 13.3515 13.2532 17.7084 17.0335 16.1067 15.9697 17.655 17.5575 13.7779 19.5298 23.484 12.6011 13.3928 16.8779 16.5131 25.5008 22.1522 17.0246 15.2166 20.0657 21.1926 18.776 24.9684 18.2497 15.5598 15.1701 23.3895 18.4831 18.0554
threshold=0.21700425446033481 13.150639533996584 0.47338382899761206 0.56066459417343151 0.41956052184104925 31.89887619018555 0.82159999012947094 43438496.000000007 44.328973770141609 0.99887877702713024 2.790469884872437 0.89307633042335521 0.053343752399086959 0.27337552607059484 0.010613977909088137 6153716.0000000009 0.67535001039505016 0.69974371790885936 0.34288291633129125 0.52251011133193981 0.87530478835105907 34.072072982788093 0.61939558386802684 0.25089266896247869 0.50004315376281749 0.66342005133628856 -0.041937105357646935 65.230648040771499 0.78929564356803905 0.00080266958684660505
decision_type=2 2 2 2 2 2 2 2 2 2 2 2 2 2 2 2 2 2 2 2 2 2 2 2 2 2 2 2 2 2
left_child=-1 2 6 4 5 -4 12 -8 -9 10 -5 -12 -2 14 26 18 -17 -18 -16 -15 21 -21 23 24 25 -23 -14 28 -28 -30
right_child=1 -3 3 9 -6 -7 7 8 -10 -11 11 -13 13 19 15 16 17 -19 -20 20 -22 22 -24 -25 -26 -27 27 -29 29 -31
leaf_value=-0.15858634401762084 0.024889796778040204 -0.17318025057285327 -0.19984111271652216 -0.0029538250255010398 0.035831489551797699 -0.0013489609398053158 0.018669328032101924 -0.013294248612934045 -0.25635401666141067 0.060914260960454263 -0.30098037092052771 -0.03419270675590181 -0.0065225600065004418 0.00094800389875334887 -0.098812909540564431 -0.018104072982368141 -0.098513595583438487 -0.39723703617880141 0.010811606267096034 -0.2066142378544561 -0.21629860693738451 -0.056440099238687307 0.026354400484108215 -0.27564756495259246 -0.15674772798595843 0.094924000278908169 -0.090592719058039853 -0.22617703588653312 0.12348244007071006 -0.050314097068731516
leaf_weight=5.3849346742499611 107.43244267813861 4.365940225776284 5.8159542339853969 293.95030075870454 313.18372454075143 13.760298074688761 386.13661997765303 8.3271374637261015 4.6212020036764434 31.341205067932606 4.8427259754389498 10.353387633338571 46.084896980319172 758.99677457346115 15.393771521281449 28.311880820430815 7.6255661323666555 3.6806363575160503 177.68826422933489 6.280029551126062 6.0736891659907988 17.2992736841552 47.94233519397676 4.9615833573043338 9.551870873430742 11.180712956003843 60.447875720914453 9.394928891444577 9.1245481073856372 17.331661158706993
leaf_count=144 505 50 39 1046 984 57 1857 43 36 121 32 43 382 4027 210 155 48 24 840 69 46 272 210 40 129 28 1303 104 17 131
internal_value=0.00118123 0.00153652 0.0018521 0.0137695 0.0301749 -0.0603195 -0.00274874 0.0148178 -0.100041 -0.0022636 -0.00866856 -0.119213 -0.00796179 -0.0108141 -0.0265882 -0.00999516 -0.0688036 -0.19576 0.00207162 -0.0039525 -0.0399626 -0.0289458 -0.016676 -0.0646596 -0.0371344 0.00298263 -0.0537066 -0.076287 -0.0600828 0.00962702
internal_weight=2426.89 2421.5 2417.14 673.248 332.76 19.5763 1743.89 399.085 12.9483 340.488 309.146 15.1961 1344.8 1237.37 375.084 232.7 39.6181 11.3062 193.082 862.286 103.289 97.2158 90.9358 42.9934 38.0319 28.48 142.384 96.299 86.9041 26.4562
internal_count=12992 12848 12798 2322 1080 96 10476 1936 79 1242 1121 75 8540 8035 3214 1277 227 72 1050 4821 794 748 679 469 429 300 1937 1555 1451 148
is_linear=0
shrinkage=0.1


Tree=58
num_leaves=31
num_cat=0
split_feature=33 11 35 15 34 34 21 17 27 28 16 34 1 45 26 35 51 16 2 3 33 19 28 13 17 11 17 23 35 9
split_gain=12.3273 12.8086 20.6036 23.4586 18.168 24.0241 26.7947 20.0677 19.3307 16.7443 16.5051 16.3134 24.4622 16.0284 15.0394 15.1552 21.6204 15.5748 15.4623 18.2216 15.4566 16.0151 14.9738 16.3443 22.2001 14.9445 20.01 27.1104 23.6607 22.6199
threshold=0.21700425446033481 0.41115622222423559 0.59258177876472484 -0.0030238160397857423 0.50004315376281749 0.91602271795272838 0.013217186555266382 26.775094985961918 25.500000000000004 298.00000000000006 -0.00084561220137402404 0.8206700086593629 0.34580224752426153 0.54054027795791637 1.7595999836921694 0.72462809085845958 0.50441673398017894 2.8725302219390874 0.36072273552417761 0.42898684740066534 0.84573867917060863 -0.2503132820129394 18299277.000000004 22.711841583251957 50.900627136230476 0.069905038923025145 34.581216812133796 0.10000000521540643 0.54327899217605602 0.019517426379024986
decision_type=2 2 2 2 2 2 2 2 2 2 2 2 2 2 2 2 2 2 2 2 2 2 2 2 2 2 2 2 2 2
left_child=-1 10 3 13 -4 7 -7 -6 -9 -5 11 12 25 -3 15 16 -8 -17 -18 -20 21 -19 -11 -24 -25 -2 29 -28 -29 -27
right_child=1 2 4 9 5 6 14 8 -10 22 -12 -13 -14 -15 -16 17 18 20 19 -21 -22 -23 23 24 -26 26 27 28 -30 -31
leaf_value=-0.15710615445842835 0.017182694994145379 -0.050842524619719158 0.037019944646921259 -0.15076876534975281 0.017522709232708843 0.084666670545702899 -0.1922782925551455 -0.052021759079423302 0.046291171075311617 -0.0032273514016053157 0.042621805906566994 0.040182602705456448 0.048605681814612521 -0.17187748839475767 0.038177079420622206 0.014270271703659233 -0.011004757824509924 -0.32316049101620387 -0.0270970650437878 -0.27915280026787598 0.024071088912537512 -0.045217093695965736 0.013238488180968256 -0.19276507768529705 -0.002488318173358919 -0.025903738052755029 0.032516793254193176 -0.1240308957104219 -0.032890121697642848 0.039478300554874238
leaf_weight=4.9160982640460125 151.06572227622382 54.734913524938747 143.78074444504455 8.5348412171006185 79.943994708824903 44.557090580463409 7.7475520279258481 185.58062302879989 22.415592612698674 388.32169166137464 139.80444244644605 111.90878097433597 84.459336265921593 13.674810154130681 105.21031677350402 288.82527517899871 132.45707170758396 4.0652889497578135 7.0144691746681911 4.8520056195557117 6.5505357980728141 4.230323299765586 15.837587694637476 15.221273968927564 10.268125469796358 140.2612978334073 32.427363214548677 48.761028072796762 68.497464436106384 84.969487661961466
leaf_count=144 645 913 516 91 350 142 40 1263 84 2830 640 383 234 189 323 1055 412 27 24 27 19 17 103 124 44 1023 157 531 375 267
internal_value=0.0010843 0.00140753 -0.004045 -0.0205753 0.00402854 -0.00128068 0.0100271 -0.0250599 -0.0414267 -0.0120727 0.0111711 0.00508415 -0.00135025 -0.0750369 0.00409843 -0.00376879 -0.0295379 0.00913576 -0.0208017 -0.130158 -0.0907539 -0.181424 -0.00931753 -0.0665428 -0.116114 -0.0093719 -0.0200716 -0.0484103 -0.0707903 -0.00123802
internal_weight=2410.9 2405.98 1543.82 506.593 1037.23 893.45 605.51 287.94 207.996 438.184 862.155 722.35 610.442 68.4097 560.953 455.743 152.071 303.671 144.324 11.8665 14.8461 8.29561 429.649 41.327 25.4894 525.982 374.917 149.686 117.258 225.231
internal_count=12992 12848 8593 4294 4299 3783 2086 1697 1347 3192 4255 3615 3232 1102 1944 1621 503 1118 463 51 63 44 3101 271 168 2998 2353 1063 906 1290
is_linear=0
shrinkage=0.1


Tree=59
num_leaves=31
num_cat=0
split_feature=34 33 11 20 34 35 33 22 34 34 33 35 24 8 15 44 2 43 35 34 13 21 0 34 27 17 27 44 12 50
split_gain=11.9368 25.5951 26.4104 20.4383 40.5786 22.7556 37.3156 22.7593 19.529 39.2169 25.0887 19.096 24.984 19.0701 19.9417 18.3171 20.1371 16.0174 21.5164 15.8741 18.5335 20.7851 17.8215 18.9618 15.5431 25.1722 21.0932 15.4727 17.7754 14.7272
threshold=0.49647660553455358 0.50000178813934337 0.52849107980728161 2.5000000000000004 0.7653520703315736 0.51487553119659435 0.53678059577941906 5.0847473144531259 0.51456794142723095 0.82707467675209057 0.70634543895721447 0.55722033977508556 0.16666665673255923 61.611652374267585 -0.23891312628984449 0.89004826545715343 0.17155230790376666 0.61250001192092907 0.78086501359939586 0.93590918183326732 29.592752456665043 0.0049061449244618425 0.15756492316722873 0.87973359227180492 0.97404998540878307 28.313924789428714 0.72110000252723705 0.64020070433616649 3.5000000000000004 0.1791459918022156
decision_type=2 2 2 2 2 2 2 2 2 2 2 2 2 2 2 2 2 2 2 2 2 2 2 2 2 2 2 2 2 2
left_child=1 2 -1 4 5 27 -7 -8 -5 10 15 12 -11 17 -15 -10 -17 19 24 20 -13 -22 23 -23 25 -19 -27 -2 -29 -16
right_child=3 -3 -4 8 -6 6 7 -9 9 11 -12 13 -14 14 29 16 -18 18 -20 -21 21 22 -24 -25 -26 26 -28 28 -30 -31
leaf_value=0.0036917794628776937 -0.00064239433335893336 -0.10058305195228828 -0.11000135590976363 0.016280159268164035 0.085390194596744282 0.07157684366500737 0.0080616073192732313 -0.12084477225591457 -0.022937716280574661 -0.18238998613487944 -0.12249988410563523 0.047263527121916407 0.0037631641886081337 -0.19500060134255856 -0.15803986914693008 -0.060699038628961123 -0.30591629324666991 -0.35129142647847783 0.05340604526433116 0.051343992011687371 0.058715154094791999 -0.26404828910081807 -0.013803716679735149 -0.064432822643952059 0.071987730603268921 -0.012706199304330793 -0.27103705782605142 -0.11162527509417797 0.020061251479567291 -0.0032484949041764696
leaf_weight=213.28690047701821 145.01549317035824 33.521573433885351 22.596388676669449 435.64719852630515 82.535466972272843 109.78716498473659 89.288863908965141 16.178142666583881 271.36675829067826 12.708701942116024 31.955801793374121 59.321932906284928 16.662622694508173 5.5991458368953309 6.2253135391511014 11.440658300649376 4.7347788829356423 4.0629643145948711 17.109685938805342 171.65303214639425 20.389848996885121 7.117875148542228 33.365063957870007 14.357692928984759 4.7918609455227843 13.164365900680425 4.1594111667945972 30.430267667397857 15.456906524021177 485.48341558035463
leaf_count=1643 1461 429 553 1793 322 377 673 202 1387 90 323 157 74 51 67 79 30 27 59 648 47 57 120 54 13 51 28 337 103 1737
internal_value=0.00100832 -0.018819 -0.00719943 0.00352792 0.0214672 0.00847733 0.0307682 -0.011712 -0.00184613 -0.00845051 -0.0384416 0.00248578 -0.0767836 0.00523524 -0.0073451 -0.0290998 -0.132478 0.0231363 -0.0338011 0.0311855 0.00546869 -0.027488 -0.0595385 -0.130593 -0.0907976 -0.127271 -0.074731 -0.016657 -0.0672672 -0.00520824
internal_weight=2389.42 269.405 235.883 2120.01 488.692 406.157 215.254 105.467 1631.32 1195.67 319.498 876.173 29.3713 846.802 497.308 287.542 16.1754 349.494 43.2883 306.205 134.552 75.2305 54.8406 21.4756 26.1786 21.3867 17.3238 190.903 45.8872 491.709
internal_count=12992 2625 2196 10367 3475 3153 1252 875 6892 5099 1819 3280 164 3116 1855 1496 109 1261 178 1083 435 278 231 111 119 106 79 1901 440 1804
is_linear=0
shrinkage=0.1


Tree=60
num_leaves=31
num_cat=0
split_feature=34 21 38 36 45 51 3 4 28 12 28 14 26 6 13 7 34 21 11 36 39 35 10 10 36 21 33 45 28 28
split_gain=11.7062 11.3566 13.3897 13.0047 21.6937 16.1703 15.1591 17.3633 14.4733 18.441 16.9931 15.0961 16.7614 14.3146 14.1943 14.0788 13.8981 15.5364 13.8965 13.1198 20.1983 26.7394 17.5624 22.0152 16.5985 16.0476 13.8711 13.2746 13.1087 15.9744
threshold=0.15903863310813907 -0.038777915760874741 0.60735177993774425 0.32121853530406957 0.49916243553161627 0.97753432393074047 1.2193166017532351 1.406501352787018 3306304.3750000005 9.5000000000000018 3511211.5000000005 71.659141540527358 1.0563500523567202 50.918676376342781 23.351717948913578 44.980955123901374 0.37833853065967565 -0.028164881281554695 0.76050841808319103 0.1818012744188309 0.95480081439018261 0.74294653534889232 -0.006808515638113021 0.05821091681718827 0.1381134316325188 0.043846961110830314 0.65142381191253673 0.53535959124565136 903308.50000000012 2632.0000000000005
decision_type=2 2 2 2 2 2 2 2 2 2 2 2 2 2 2 2 2 2 2 2 2 2 2 2 2 2 2 2 2 2
left_child=-1 -2 3 8 6 -6 7 -5 16 10 13 14 -13 -10 -12 -11 17 -3 -17 24 22 -22 -21 25 26 -24 27 -16 29 -18
right_child=1 2 -4 4 5 -7 -8 -9 9 15 11 12 -14 -15 19 18 28 -19 -20 20 21 -23 23 -25 -26 -27 -28 -29 -30 -31
leaf_value=-0.10198715959220545 0.043686618328041382 0.045276230031884107 -0.10201080338791935 0.062065539578107509 -0.008905474633602143 0.030309227943605379 0.0053650558176069349 -0.011625850309985943 -0.017800382965084779 -0.079798622069948713 0.011514124547498951 0.078327585669749927 -0.091515468907586869 -0.35380469047184371 -0.066963191319774046 0.076554408095979895 0.026969707437598491 -0.085313452742377671 -0.079150387954460083 -0.0058971823828458227 -0.42146297539950245 -0.036420948287637575 -0.14493583463677837 -0.032905133274453296 0.019268237860304776 -0.38409260350863239 -0.022911753599074644 -0.2212035955790031 0.022196534385145766 -0.012169851050311412
leaf_weight=10.996708597405812 61.926371234469116 12.186731623485683 12.723521838197483 160.59567979071289 541.04198428313248 130.51888181082904 150.02811332093552 39.922713005915284 2.155182196525856 9.9192364686168712 38.703516453737393 21.871325523359705 7.912683553993701 3.0797917060554028 15.234644713578747 36.689254169352353 129.24035042559262 36.089035360375419 6.7932585305534294 25.483240393456072 3.96058690175414 3.3116524554789066 16.818326525739398 18.080972446128726 38.436259994516149 3.3675145581364623 31.968485429184511 8.8047599620185775 250.79021722916514 539.8905889573507
leaf_count=400 215 51 215 430 2511 574 527 148 20 128 210 65 30 29 222 131 664 770 58 102 32 12 122 75 159 21 153 113 1126 3679
internal_value=0.00094865 0.00142879 0.000288849 0.000859007 0.00924161 -0.00128404 0.0294062 0.0473938 -0.00593668 -0.0254268 -0.0372891 -0.033302 0.0332056 -0.215475 -0.043004 0.027705 -4.67373e-05 -0.0523474 0.0522287 -0.0557561 -0.0882273 -0.246121 -0.0702157 -0.113048 -0.0313377 -0.184833 -0.0660667 -0.123456 0.00269791 -0.00461018
internal_weight=2368.54 2357.54 2295.62 2282.89 1022.11 671.561 350.547 200.518 1260.79 292.591 239.189 233.954 29.784 5.23497 204.17 53.4017 968.197 48.2758 43.4825 165.466 71.0223 7.27224 63.7501 38.2668 94.4442 20.1858 56.0079 24.0394 919.921 669.131
internal_count=12992 12592 12377 12162 4190 3085 1105 578 7972 1682 1365 1316 95 49 1221 317 6290 821 189 1011 364 44 320 218 647 143 488 335 5469 4343
is_linear=0
shrinkage=0.1


Tree=61
num_leaves=31
num_cat=0
split_feature=23 35 8 7 4 34 8 48 6 18 37 23 26 4 10 44 51 1 8 17 48 15 8 39 50 4 36 6 36 27
split_gain=10.704 18.612 14.5697 19.6362 19.6586 19.5797 18.1501 19.6079 16.6741 16.6522 20.5314 17.4037 19.1506 18.3568 17.9447 16.5717 18.1179 15.5262 15.0838 24.2998 18.6369 16.716 22.8601 16.5033 16.3249 14.9326 14.872 14.7651 14.3076 14.171
threshold=0.50979989767074596 0.79943972826004039 62.748388290405281 75.007904052734389 3.4570804834365849 0.87973359227180492 84.26084136962892 0.65000000596046459 65.230648040771499 0.00035793200368061667 0.6060168743133546 0.17917487770318988 3.3541500568389897 1.1383438110351565 -0.049988428130745881 0.54393127560615551 0.015415887348353864 0.25898879766464239 69.96317291259767 45.802703857421882 0.35000000894069677 0.62236207723617565 73.134792327880874 0.77777788043022167 0.71189984679222118 0.098186012357473387 0.21121074259281161 66.30344390869142 0.25245615839958196 0.84415000677108776
decision_type=2 2 2 2 2 2 2 2 2 2 2 2 2 2 2 2 2 2 2 2 2 2 2 2 2 2 2 2 2 2
left_child=2 -2 5 4 18 9 -5 29 -7 10 11 26 13 17 -15 -11 -17 28 19 20 -4 23 -23 27 -25 -18 -1 -20 -13 -8
right_child=1 -3 3 6 -6 8 7 -9 -10 15 -12 12 -14 14 -16 16 25 -19 21 -21 -22 22 -24 24 -26 -27 -28 -29 -30 -31
leaf_value=-0.027129777557582974 0.0018479670149921569 0.03535272749051991 -0.05360825998972657 0.013513697948809439 -0.23156693540706216 0.06134339733602924 -0.070863323071535853 0.084099963788440021 -0.0012172630995002484 0.040653259202817683 -0.1439965389103833 -0.092780334508990106 0.06332092295671761 -0.27025736590712873 -0.080363493994435292 -0.1549730519414293 -0.21865405714245911 0.026508320399393149 -0.12226565106326147 0.024164602671668249 -0.30354183173783866 -0.39823948678669135 -0.086082716823653996 -0.074475833305680555 -0.42119860929089487 0.0018225278445621858 0.042944385765267414 -0.010604200795711291 -0.010749008715394394 -0.2608766257667206
leaf_weight=55.619702744763345 862.73553351929877 205.24073475133628 41.07993712334428 173.49876453704201 5.4282237510196856 91.708595044910908 23.221741704735908 7.0073282159864894 79.564588364213705 111.2762568781618 13.454181204549966 45.634649993153289 16.546050515491515 6.2397234952077296 24.578890320379287 7.7942188957240424 3.1046751607209435 32.652205986902118 15.877874108962713 65.394156325957738 3.2171314209699622 3.4914643559604865 7.1510381379630417 3.2745123207569113 2.3201107159256935 291.21881535602733 66.496778071857989 46.590255201328546 39.811101026367396 4.7232537870295337
leaf_count=764 4436 826 375 599 35 299 116 18 285 623 68 1038 71 49 239 50 26 125 236 304 24 28 45 32 17 1367 333 204 325 35
internal_value=0.000884573 0.00828682 -0.00525329 -0.021035 -0.043947 0.00191457 0.000269462 -0.0654732 0.032281 -0.00536532 -0.0232562 -0.0176074 -0.0387413 -0.0500814 -0.118811 0.00766279 -0.00448828 -0.032146 -0.0385412 -0.014573 -0.07176 -0.0719455 -0.188491 -0.053722 -0.218263 -0.000503172 0.0110281 -0.0389858 -0.0545601 -0.102979
internal_weight=2355.95 1067.98 1287.98 402.276 193.825 885.7 208.451 34.9523 171.273 714.427 301.033 287.579 165.463 148.917 30.8186 413.394 302.118 118.098 188.396 109.691 44.2971 78.7053 10.6425 68.0628 5.59462 294.323 122.116 62.4681 85.4458 27.945
internal_count=12992 5262 7730 2068 1300 5662 768 169 584 5078 3012 2944 1847 1776 288 2066 1443 1488 1265 703 399 562 73 489 49 1393 1097 440 1363 151
is_linear=0
shrinkage=0.1


Tree=62
num_leaves=31
num_cat=0
split_feature=33 36 37 43 26 26 47 36 3 23 14 4 47 14 43 44 19 15 10 11 48 19 18 45 1 7 8 13 17 47
split_gain=10.9514 10.4277 12.1777 12.4424 12.8891 12.3626 12.2467 11.626 14.3338 15.1636 14.145 16.1736 16.4863 13.1263 15.5816 15.0965 12.7293 17.3135 16.7596 17.533 15.8259 11.6651 11.1767 13.026 14.4243 16.1919 18.0876 17.6297 20.8205 18.0377
threshold=0.21700425446033481 0.83364582061767589 0.45884898304939276 0.46249999105930334 0.092349998652935042 0.21455000340938571 0.086237493902444853 0.046028790995478637 0.37737616896629339 0.98644074797630321 42.559547424316413 0.18553733080625537 0.94008174538612377 32.648969650268562 0.48749999701976782 0.70347315073013317 3.6681563854217534 -0.29766215384006495 -0.010319928172975777 0.51253557205200206 0.35000000894069677 -5.3010747432708731 -0.39093789458274836 0.31622441112995153 0.1336493864655495 59.203216552734382 41.674455642700202 21.38839149475098 23.236314773559574 0.18692436814308169
decision_type=2 2 2 2 2 2 2 2 2 2 2 2 2 2 2 2 2 2 2 2 2 2 2 2 2 2 2 2 2 2
left_child=-1 2 -2 5 -5 -4 -6 10 16 21 13 -12 -13 14 -8 -15 20 -18 -19 -20 -9 -10 -23 -24 25 26 -25 28 -27 -29
right_child=1 -3 3 4 6 -7 7 8 9 -11 11 12 -14 15 -16 -17 17 18 19 -21 -22 22 23 24 -26 27 -28 29 -30 -31
leaf_value=-0.15742823203218881 -0.044272710430381224 0.019290649295239409 -0.15422088509049556 0.079659581964727152 -0.096091864447014619 0.024628498164837021 0.072653350154304783 0.01970381023904939 -0.079163613982922071 0.035480709877335051 0.0024566531920791768 -0.13824270747791473 0.10287575709517556 -0.074092136186366619 -0.084933839525336161 0.093697908967096455 0.08603797762653638 0.024084468817623224 -0.36408476582342464 -0.089677325442312578 0.09967540982577619 -0.063238894150136366 0.044851319363772915 -0.045259167436886884 0.0015550600119337208 -0.081954293437912398 0.0089191467043092058 -0.10101345367207351 -0.32266247950057836 -0.011048785244558122
leaf_weight=4.3646969390101722 63.999392816796899 278.23781309183687 3.930534782819449 18.733104600571096 14.239647868322207 231.3395560006611 8.4565870326478016 163.05992512439843 22.171895083738491 88.689057601615787 18.217981769703329 29.566015152260661 3.1365412175655356 7.288427866529676 24.314793501980603 20.289491420146078 7.3278483413159874 7.0450667189434233 3.353733615018422 7.6163445631973445 29.172764488495886 33.240828948793933 51.315218938747421 89.124782104277983 773.75765460333787 17.484405876602981 199.6802443061024 29.877019314095378 4.5230110613629213 87.717518161283806
leaf_count=144 1061 1034 63 75 384 1289 62 1007 295 345 108 370 7 134 330 69 16 34 32 46 59 246 235 526 2803 123 1482 259 37 317
internal_value=0.000824953 0.00112053 -0.00133524 4.24151e-05 -0.00284573 0.0216406 -0.00373365 -0.00297188 -0.000817994 -0.00453497 -0.0342369 -0.0730522 -0.115117 -0.00148604 -0.0442688 0.0493535 0.0230577 -0.0435587 -0.0962734 -0.173568 0.0318401 -0.00724639 -0.00600716 -0.00448944 -0.00659558 -0.0213167 -0.0078002 -0.0492793 -0.131425 -0.0339059
internal_weight=2341.27 2336.91 2058.67 1994.67 1759.4 235.27 1740.67 1726.43 1615.16 1397.58 111.27 50.9205 32.7026 60.3493 32.7714 27.5779 217.576 25.343 18.0151 10.9701 192.233 1308.89 1286.72 1253.48 1202.16 428.407 288.805 139.602 22.0074 117.595
internal_count=12992 12848 11814 10753 9401 1352 9326 8942 7862 6668 1080 485 377 595 392 203 1194 128 112 78 1066 6323 6028 5782 5547 2744 2008 736 160 576
is_linear=0
shrinkage=0.1


Tree=63
num_leaves=31
num_cat=0
split_feature=34 1 20 35 10 34 33 37 11 20 34 25 35 34 35 34 21 0 12 50 33 0 33 34 44 2 13 8 37 18
split_gain=10.2256 13.1439 12.248 30.282 22.3283 18.6323 17.0337 16.1227 14.9929 14.1145 31.635 18.6718 21.0971 16.8056 31.5543 21.4605 21.4613 18.5463 19.0097 19.6742 16.3611 15.6048 15.2253 26.9813 17.8279 17.5855 21.8998 15.1787 14.6406 14.4717
threshold=0.22374207526445392 0.27664713561534887 1.0000000180025095e-35 0.5099797546863557 -0.031249999068677422 0.4993435144424439 0.47761689126491552 0.49673627316951757 0.52064803242683422 2.5000000000000004 0.78664875030517589 1.0000000180025095e-35 0.51591998338699352 0.51456794142723095 0.55722033977508556 0.91602271795272838 0.018899491056799892 0.22470179945230487 8.5000000000000018 0.91994309425354015 0.52288299798965465 0.1202087812125683 0.56839856505393993 0.70113715529441845 0.28878915309906011 0.075724471360445036 29.073948860168461 37.821357727050788 0.6148718297481538 -0.10467253997921942
decision_type=2 2 2 2 2 2 2 2 2 2 2 2 2 2 2 2 2 2 2 2 2 2 2 2 2 2 2 2 2 2
left_child=1 -1 3 4 7 6 8 -2 -4 10 11 21 -13 -11 17 22 -17 18 19 -15 -14 -7 27 -24 -25 -26 -27 28 -16 -23
right_child=2 -3 5 -5 -6 9 -8 -9 -10 13 -12 12 20 14 15 16 -18 -19 -20 -21 -22 29 23 24 25 26 -28 -29 -30 -31
leaf_value=-0.12180865601218281 -0.068452868625710941 0.018127814188874134 0.00084492737498290224 0.098239876208928059 -0.04603010217022617 -0.080551853836061171 -0.0832735776896254 0.056382092310039877 -0.10141483855111207 0.015145053869266839 0.087139042390614804 -0.018579232583088807 0.09507920313523413 -0.11550739376269281 -0.17214005816315656 0.050229527793643029 0.00029176393748712239 0.017958521220206514 -0.022106251254228781 -0.42188594748508051 0.01904744750962533 -0.069403365021958652 -0.13297134295676658 -0.23272594363241794 -0.1165015262830182 0.026206794345287783 -0.036442949460404869 0.017063270577291137 0.036730468666639857 0.026292392200774218
leaf_weight=15.235915081342684 12.246900431578977 11.997823810437692 107.6298492574133 44.380909056868404 54.935049177729525 34.893255415838212 47.342974354978651 66.647753857076168 16.541042679687962 426.37180175934918 58.899312286637723 65.089857966639102 50.772175608202815 40.395677734282799 8.7408632421866042 102.085111098364 548.20994553342462 20.484146622940898 25.399432503385469 2.210646763443946 63.951117481803522 21.863719392800704 25.041313859866932 4.0443894106429061 18.009029185865074 86.746172612998635 156.38110065250657 128.04503926634789 5.447183057665824 57.006119777448475
leaf_count=639 185 71 546 118 1210 587 473 249 341 1789 228 413 132 386 42 376 1971 63 147 14 371 206 179 44 164 323 905 469 16 335
internal_value=0.00075675 -0.0601596 0.00147811 0.0266579 0.00291967 -0.000636948 -0.0322364 0.0370038 -0.0127773 0.00214228 0.0202547 0.0068359 0.0268955 -0.0018538 -0.00804197 -0.00334963 0.00813113 -0.0654568 -0.0905824 -0.131404 0.0526962 -0.0248701 -0.0206136 -0.0337491 -0.0243795 -0.0211527 -0.0140899 0.00618908 -0.0919489 -0.000235685
internal_weight=2327.05 27.2337 2299.81 178.211 133.83 2121.6 171.514 78.8947 124.171 1950.09 352.476 293.576 179.813 1597.61 1171.24 1082.75 650.295 88.4899 68.0058 42.6063 114.723 113.763 432.455 290.222 265.181 261.136 243.127 142.233 14.188 78.8698
internal_count=12992 710 12282 1762 1644 10520 1360 434 887 9160 2272 2044 916 6888 5099 4489 2347 610 547 400 503 1128 2142 1615 1436 1392 1228 527 58 541
is_linear=0
shrinkage=0.1


Tree=64
num_leaves=31
num_cat=0
split_feature=35 18 14 11 8 34 11 28 38 40 34 9 24 47 28 23 27 0 16 36 4 27 3 17 0 8 24 34 10 19
split_gain=9.79975 11.6052 14.6871 14.6226 20.4805 14.2654 16.1789 17.3884 15.5552 14.9396 13.0493 11.8788 11.9388 14.2504 15.7311 11.8616 11.6797 11.3316 15.7601 14.9885 15.2093 17.2202 13.6208 12.6161 13.698 11.1781 12.5947 14.5498 15.2379 15.2215
threshold=0.94597589969635021 -0.012284231372177599 80.668880462646499 0.37034739553928381 37.821357727050788 0.94887384772300731 -0.074819739907979951 2040668.6875000002 0.42588976025581365 0.65000000596046459 0.44412609934806829 0.0093520414084196108 0.024894362315535549 0.39541357755661016 41634.000000000007 0.84067201614379894 0.74834999442100536 0.17601303011178973 -0.0022304242011159654 0.14322612434625628 2.5616875886917119 0.54420000314712536 3.340715885162354 44.913885116577156 0.12587906420230868 69.96317291259767 0.024894362315535549 0.99217924475669872 0.099501255899667754 -1.2551621198654173
decision_type=2 2 2 2 2 2 2 2 2 2 2 2 2 2 2 2 2 2 2 2 2 2 2 2 2 2 2 2 2 2
left_child=1 2 5 17 -5 6 -1 9 -9 11 16 -8 -13 14 -14 -10 -6 18 19 -3 22 -22 -21 24 -24 -2 -27 -28 -29 -30
right_child=25 3 -4 4 10 -7 7 8 15 -11 -12 12 13 -15 -16 -17 -18 -19 -20 20 21 -23 23 -25 -26 26 27 28 29 -31
leaf_value=0.042813073228264983 0.040257449846635623 -0.08504664915695874 -0.19336992492005065 -0.10272907610743352 -0.12033727235595021 0.049836195167874874 -0.038746472530183866 -0.0086294289991851285 -0.14577144015672119 0.043954228520105436 7.1813244163762327e-05 0.055086686621778215 0.072835399998635253 -0.18344364365602078 -0.068323217750840284 -0.001630093936159307 0.0048673456886685514 0.03988065945106499 0.038268765327812232 0.019007392929846902 0.00049347655541187867 -0.20027166552875653 -0.24959445446223058 0.050842279522367743 -0.013893789795892959 0.04712789121871646 -0.13972817354019279 0.058449381303379414 0.056497092131016696 -0.14342703101912657
leaf_weight=37.30134110013023 124.03991524875164 23.380787044763565 4.6306085061514741 20.352920359233394 17.265587462112311 31.997588325291872 178.87557556736283 20.952619087416679 28.700630499050021 35.784337079618126 1188.5175885377685 31.794449150795117 14.580500424373897 5.1143999602645627 17.217528057750314 7.1266872200649223 13.106317192432469 152.97242040908895 103.33486130216625 145.76869879686274 9.5853969790041464 7.7076766528189173 5.593298099935053 4.8499810472130767 4.4095156900584698 25.118352141231298 11.254400067031382 16.98100202344358 5.7671373188495627 11.211965395137669
leaf_count=142 504 334 70 171 480 128 2105 82 450 283 5589 116 85 46 194 41 175 485 597 484 34 37 29 14 20 93 55 58 20 71
internal_value=0.000713286 -0.00126517 -0.0162748 0.00239759 -0.00324342 -0.014272 -0.0197066 -0.0265627 -0.0770723 -0.0164418 -0.00158222 -0.0251711 0.0101717 -0.0285157 -0.00359709 -0.117099 -0.066308 0.0176741 0.00652295 -0.00977375 0.000118298 -0.0889893 0.00971194 -0.0815158 -0.145691 0.0221996 -0.00964734 -0.0411881 -0.00853187 -0.0755206
internal_weight=2305.29 2110.92 414.076 1696.85 1239.24 409.446 377.448 340.147 56.7799 283.367 1218.89 247.582 68.7069 36.9124 31.798 35.8273 30.3719 457.603 304.63 201.295 177.915 17.2931 160.621 14.8528 10.0028 194.373 70.3329 45.2145 33.9601 16.9791
internal_count=12992 12191 3742 8449 6415 3672 3544 3402 573 2829 6244 2546 441 325 279 491 655 2034 1549 952 618 71 547 63 49 801 297 204 149 91
is_linear=0
shrinkage=0.1


Tree=65
num_leaves=31
num_cat=0
split_feature=34 35 11 34 15 0 45 0 27 4 35 10 35 35 15 39 23 2 2 26 11 1 38 1 3 26 6 51 47 36
split_gain=9.36135 15.0747 11.6779 13.5856 13.9701 17.2065 21.5522 17.7835 13.971 12.9342 12.049 19.9764 11.8983 15.4581 11.8738 11.597 12.7244 10.9664 11.2035 10.3496 10.2748 13.8648 11.7802 10.1984 9.82596 9.703 23.6313 11.5535 17.1289 9.51833
threshold=0.29140184819698339 0.42741180956363684 0.43765144050121313 0.88987958431243908 0.00063538755057379614 0.12952867895364764 0.4510094821453095 0.067522797733545317 0.84825000166893016 1.1074453592300417 0.47879748046398168 -0.051115626469254487 0.49867105484008795 0.44662214815616613 -0.7754569649696349 0.99999997019767772 0.10000000521540643 0.22941396385431292 0.15969957411289218 0.85355001688003551 0.15025389194488528 0.12253758311271669 0.43027459084987646 0.6424696445465089 1.7493435144424441 1.2583500146865847 61.23268127441407 0.37160873413085943 0.32600873708724981 0.17613899707794192
decision_type=2 2 2 2 2 2 2 2 2 2 2 2 2 2 2 2 2 2 2 2 2 2 2 2 2 2 2 2 2 2
left_child=1 19 3 4 5 6 14 -8 15 -6 11 17 13 -4 -2 16 -9 18 -7 -1 21 22 -18 -3 -21 27 -27 28 -11 -16
right_child=2 23 12 -5 9 10 7 8 -10 25 -12 -13 -14 -15 29 -17 20 -19 -20 24 -22 -23 -24 -25 -26 26 -28 -29 -30 -31
leaf_value=-0.11677896710927588 -0.15651843917003938 -0.10248590003654734 0.04726182652112506 0.05111818109544547 0.053251037188200859 0.015335133119878067 -0.16745560657227579 0.043294493457052066 -0.16309299637361691 -0.14853802945363495 0.018753799221388534 -0.16963879689280881 -0.0021655419588772718 -0.090249225657284785 -0.039724188038838024 0.051052010422853816 0.0027426208037058934 0.050209314514888907 -0.1814755937309048 0.081111856438367907 -0.10065585856098397 0.10342807823558114 -0.14790111184260296 0.10905960394279393 -0.12458596900234918 -0.00075187786586626624 -0.23933648997613474 0.039487042372230503 0.062872302107404965 0.04506978527443261
leaf_weight=4.4772184630855945 3.8210157463327041 28.768095574574549 10.945862029911948 77.340554416179657 106.55656166188419 6.2800167854875344 12.269647369277662 13.56915252888575 8.4235703251324576 8.794925205409525 293.96164013748057 9.1685440642759186 1382.6581478960579 32.291653521242552 17.507533561205491 15.261939067859201 12.673067970201378 17.309841800481081 5.3619289277121425 16.459856357425455 33.99032220733352 6.9631784316152325 8.7925084221642447 2.4749601483345023 2.7037527887150636 20.047667899169031 5.2356986775994292 64.730135822668672 6.7922427412122479 54.287685468792915
leaf_count=128 74 827 74 325 360 28 214 66 69 48 1100 97 7340 643 388 42 55 46 30 127 270 16 94 6 25 66 29 179 16 210
internal_value=0.000662276 -0.0401395 0.00166421 0.0112598 0.00704735 -0.00178105 -0.025994 -0.0538542 -0.0398701 0.0286709 0.0118944 -0.0410012 -0.00378091 -0.0554374 0.0152507 -0.0284951 -0.0444718 -0.000263854 -0.0753099 0.0201091 -0.0635511 -0.0191875 -0.0589625 -0.085728 0.0520904 0.00386832 -0.0501582 0.0208755 -0.0564142 0.0243925
internal_weight=2289.92 54.8839 2235.04 809.139 731.799 519.642 187.56 111.943 99.6737 212.157 332.082 38.1203 1425.9 43.2375 75.6162 91.2502 75.9882 28.9518 11.6419 23.6408 62.4191 28.4288 21.4656 31.2431 19.1636 105.601 25.2834 80.3173 15.5872 71.7952
internal_count=12992 1113 11879 3822 3497 2799 1498 826 612 698 1301 201 8057 717 672 543 501 104 58 280 435 165 149 833 152 338 95 243 64 598
is_linear=0
shrinkage=0.1


Tree=66
num_leaves=31
num_cat=0
split_feature=33 43 44 0 36 40 6 35 28 13 14 26 7 15 28 17 51 5 17 36 47 22 21 0 16 36 2 4 36 17
split_gain=9.1798 17.1528 12.378 10.1553 9.91598 18.7704 14.7604 16.2339 13.9359 14.6212 13.8226 13.7421 13.2511 13.8438 21.7377 16.2714 17.2955 14.5188 20.4872 19.0486 24.4197 22.1628 17.6652 12.5839 12.0996 18.5395 11.9363 11.6331 11.6083 23.0657
threshold=0.95868444442749035 0.58750000596046459 0.81481802463531505 0.030432954430580143 0.32121853530406957 1.0000000180025095e-35 84.159385681152358 0.98958224058151256 3306304.3750000005 23.351717948913578 71.659141540527358 1.0563500523567202 43.750003814697273 -0.014650790486484764 623792.00000000012 43.396362304687507 0.56945890188217174 2.2682853937149052 32.848815917968757 0.94336649775505077 0.50512596964836132 27.002407073974613 0.08928843587636949 0.055781986564397819 0.11816859990358354 0.048543391749262817 0.1005295403301716 0.059503516182303436 0.47338382899761206 21.343024253845218
decision_type=2 2 2 2 2 2 2 2 2 2 2 2 2 2 2 2 2 2 2 2 2 2 2 2 2 2 2 2 2 2
left_child=3 -2 -3 -1 8 6 7 12 23 -10 24 -12 -6 14 -14 16 -16 28 26 20 21 -20 -22 -5 -11 -26 -19 -7 29 -15
right_child=1 2 -4 4 5 27 -8 -9 9 10 11 -13 13 17 15 -17 -18 18 19 -21 22 -23 -24 -25 25 -27 -28 -29 -30 -31
leaf_value=-0.12431428447094298 0.039029763681467849 -0.055887512217431518 -0.33553187741103568 -0.10765663326448696 0.018664521214178657 -0.10851779696063331 0.045389731234198837 0.059208985701340061 0.021571716292741988 -0.039346126063487669 0.071202220523242599 -0.077027689665352006 -0.013727568666715862 -0.13774517356665464 -0.20133945928863317 -0.34943433448261901 0.00045199358552849058 -0.088857298502124482 -0.24938911261325433 -0.004070741380255421 -0.49466875499498092 -0.023313485144346772 -0.15973993798456337 0.002452237851006892 0.082169954869533227 -0.249093085990366 0.067669385335571722 0.034194046302989993 0.010029403780704117 -0.010094607131255666
leaf_weight=6.4413630675990126 5.7271831197431293 3.0766328871250153 3.2600349567364901 10.493805705220437 144.62939710635692 5.8362272232770911 66.48090083245188 38.261779703199863 56.869447514414787 191.71805468713865 21.433759415755052 8.831334197893737 32.898896246682853 16.509946263860911 8.9949797873850965 3.2747970419004551 8.0474863070994598 6.9244174738414612 6.2632969575934174 14.593799617141483 2.9839260503649703 14.093960219994186 3.3345567658543587 951.39003731473349 2.3067119242623431 6.3138478761538863 16.43548995628953 267.9920288505964 248.90318108245265 99.253790103364736
leaf_count=191 31 15 31 545 522 34 258 161 353 1235 69 32 216 361 92 26 32 32 42 53 22 45 18 6088 10 69 48 1116 860 385
internal_value=0.000604468 -0.0863953 -0.199757 0.00106856 0.0014267 0.00881755 0.000461171 -0.00402767 -0.00452281 -0.0238419 -0.0350414 0.0279488 -0.00788572 -0.015844 -0.0639534 -0.145282 -0.106053 -0.00988024 -0.0535639 -0.0959231 -0.146174 -0.0928699 -0.317911 0.00125099 -0.0445573 -0.160453 0.0212713 0.0311524 -0.00213823 -0.0282998
internal_weight=2273.58 12.0639 6.33667 2261.51 2255.07 1005.71 731.885 665.404 1249.36 287.473 230.604 30.2651 627.142 482.513 53.2162 20.3173 17.0425 429.296 64.6294 41.2695 26.6757 20.3573 6.31848 961.884 200.339 8.62056 23.3599 273.828 364.667 115.764
internal_count=12992 77 46 12915 12724 4323 3173 2915 8401 1768 1415 101 2754 2232 366 150 124 1866 260 180 127 87 40 6633 1314 79 80 1150 1606 746
is_linear=0
shrinkage=0.1


Tree=67
num_leaves=31
num_cat=0
split_feature=34 8 15 0 12 50 5 1 0 3 18 51 19 35 33 34 34 24 10 38 20 4 34 33 21 3 18 45 44 44
split_gain=8.59072 8.4658 16.041 14.6458 18.7289 14.2958 14.2114 20.0367 12.7881 14.4915 12.5401 14.5462 16.6735 15.8062 20.1938 16.7626 18.9309 16.1069 15.9665 14.086 13.9475 13.7708 13.6856 21.0968 15.2531 14.8389 14.7785 14.2812 13.4597 15.3353
threshold=0.15903863310813907 66.666667938232436 -0.10643086582422255 0.1389446705579758 12.500000000000002 0.19235784560441974 5.0826761722564706 0.25389753282070165 0.29279066622257238 2.3654866218566899 -0.39093789458274836 1.0000000180025095e-35 3.8309451341629033 0.54073286056518566 0.55965822935104381 0.53180551528930675 0.4993435144424439 0.86032786965370189 -0.095643043518066392 0.56736838817596447 1.5000000000000002 1.1965273618698122 0.75773641467094432 0.6397724747657777 0.0052615955937653789 0.42507569491863256 0.19940177351236346 0.75016513466835033 0.70347315073013317 0.7194749414920808
decision_type=2 2 2 2 2 2 2 2 2 2 2 2 2 2 2 2 2 2 2 2 2 2 2 2 2 2 2 2 2 2
left_child=-1 8 -3 4 -4 -5 -7 -8 10 -10 -2 12 -12 14 17 16 -15 19 -16 28 -17 -20 23 25 -24 -22 -25 -27 -13 -30
right_child=1 2 3 5 -6 6 7 -9 9 -11 11 13 -14 15 18 20 -18 -19 21 -21 22 -23 24 26 -26 27 -28 -29 29 -31
leaf_value=-0.098757418368385919 -0.046467873348219196 -0.15663008445992196 -0.10641093754719842 -0.11039979682396346 0.063134707960211492 0.0028688873982200065 -0.23865131200589473 -0.023626341454063879 0.012784304216049015 0.070103337432398383 -0.011923685602737835 0.013532833141858379 -0.16623225066878161 -0.015444721449809152 0.094982343645925782 0.062306163958514064 0.051271185779813357 -0.20419747636891047 -0.13878008783363946 -0.087342308159074414 -0.11995220778326793 -0.016357828692135219 0.046958253544244051 -0.1451048289800437 -0.00047608707837911942 0.013067382241960905 0.014734016037725306 -0.12955733162917274 -0.15918617149303019 -0.016665949954964506
leaf_weight=8.6734893271350284 54.378977810381912 7.3299293402815229 28.923527793143876 12.186214531771837 8.4097870041150582 483.28507844149135 5.7792084445245591 17.324523977935314 225.07443729322404 54.858191454783082 20.263562034582723 290.1959204870509 10.699896743055431 56.057494882727042 4.9636978656053534 38.029047725489363 176.27342311432585 3.9749065439682445 25.78477401076816 18.491854262771085 10.724900351837276 14.275436681928111 84.506441297475249 21.510856835171584 342.72599174571224 102.32543072500266 7.9121793070808044 7.5377847347408524 8.0955022294074279 112.01654174004216
leaf_count=400 602 80 424 151 62 1853 35 73 821 229 176 2359 60 434 9 191 498 60 409 607 121 107 331 260 1367 418 28 34 84 709
internal_value=0.000573376 0.00095562 -0.00966254 -0.0077247 -0.0682187 -0.00336961 -0.000793936 -0.0774131 0.00449299 0.0240171 0.000618849 0.00250663 -0.0652474 0.00408947 -0.0104555 0.0122886 0.0351738 -0.00382455 -0.0741931 -0.00196712 0.00364696 -0.095155 -0.000217532 -0.0262026 0.00890641 -0.00767841 -0.102122 0.00328181 0.00188058 -0.0262718
internal_weight=2262.59 2253.92 563.238 555.908 37.3333 518.575 506.389 23.1037 1690.68 279.933 1410.74 1356.37 30.9635 1325.4 477.799 847.604 232.331 432.775 45.0239 428.8 615.273 40.0602 577.244 150.011 427.232 120.588 29.423 109.863 410.308 120.112
internal_count=12992 12592 2678 2598 486 2112 1961 108 9914 1050 8864 8262 236 8026 4344 3682 932 3819 525 3759 2750 516 2559 861 1698 573 288 452 3152 793
is_linear=0
shrinkage=0.1


Tree=68
num_leaves=31
num_cat=0
split_feature=33 0 10 15 38 8 7 34 21 18 35 26 28 15 34 34 28 47 21 34 35 2 50 4 40 8 11 45 4 20
split_gain=8.8005 8.13673 23.6672 13.662 12.3553 11.3599 10.7594 10.373 13.5039 13.292 16.9211 16.0523 14.7565 12.4622 13.8234 17.1439 15.9356 14.5389 13.8795 34.4843 20.148 17.4687 13.3553 11.7658 11.9448 11.7464 10.9102 10.4572 10.1981 10.1416
threshold=0.21700425446033481 0.45586425065994268 0.18231245875358584 -8.8135313987731916 0.44711327552795416 90.047039031982436 96.001922607421889 0.22374207526445392 -0.031131683848798272 -0.015690586529672142 0.56739553809165966 1.2462000250816347 298.00000000000006 0.001973195001482964 0.94887384772300731 0.54204517602920543 12852733.500000002 0.37749098241329199 0.00080266958684660505 0.70438468456268322 0.84451627731323253 0.2397025525569916 0.77860546112060558 0.8612770438194276 0.35000000894069677 24.046079635620121 1.3283296823501589 0.47752149403095251 0.2484526261687279 1.5000000000000002
decision_type=2 2 2 2 2 2 2 2 2 2 2 2 2 2 2 2 2 2 2 2 2 2 2 2 2 2 2 2 2 2
left_child=-1 2 3 -2 -4 7 -7 -5 -9 10 11 25 -12 14 15 17 18 -14 19 22 27 -22 28 24 -13 -10 29 -20 -17 -11
right_child=1 -3 4 5 -6 6 -8 8 9 26 12 23 13 -15 -16 16 -18 -19 20 -21 21 -23 -24 -25 -26 -27 -28 -29 -30 -31
leaf_value=-0.15724999513687249 -0.18927366720201033 0.019276544002878315 -0.022512783162408435 -0.074423422993714489 -0.1847275754177562 -0.18697073004827328 0.0016071633942438557 0.048401806049534819 -0.0067004886417250283 0.023195392168300653 0.090464800016496413 -0.12581393938671548 0.055783133731294954 -0.14967408864240542 0.054893664584318658 -0.0067709664443497243 -0.24321280803608306 -0.11833845156797469 -0.07435349159634648 0.046612531503197274 0.055777875265732441 -0.10776809278836921 0.10313432119462812 0.038915823058084491 0.028610665701722333 -0.13057000616852352 -0.12019141863607943 -0.18686752409087093 -0.16707989151198382 0.00099235440359586569
leaf_weight=3.5295353811816303 3.8116645623231298 214.98942600004375 8.4854618278332072 18.157155997003429 10.512455401476471 6.2920741187408549 5.8279122142121196 59.553552289493382 10.082899888744576 243.34428289835341 15.208248098148031 13.007053610635923 41.402958257123828 6.3231936352094626 30.831199755892158 5.3174084378406468 3.5460477152373633 5.4235836523585013 28.172491939971223 51.963579895440489 19.74116810713895 9.7599175418727082 2.8834602609276763 21.323496725177392 8.1458969207014871 31.79967204463901 7.0571043509989968 11.687176839564925 15.640866158064453 1330.6841027626069
leaf_count=144 47 861 32 612 80 48 25 262 75 1886 64 173 193 135 131 39 38 41 322 233 75 65 6 131 84 906 42 135 220 5887
internal_value=0.000530415 0.000778919 -0.00118397 -0.000132408 -0.112274 0.000227492 -0.0962928 0.000815031 0.00150747 4.78697e-05 -0.0181339 -0.0568194 -0.00496952 -0.0112069 -0.00733907 -0.0171515 -0.0337669 0.0356159 -0.0286507 0.000926841 -0.0609763 0.00167156 -0.0986461 -0.0135037 -0.0663458 -0.100749 0.00386872 -0.107344 -0.126407 0.00442494
internal_weight=2244.51 2240.98 2025.99 2006.99 18.9979 2003.18 12.12 1991.06 1972.9 1913.35 332.26 84.359 247.901 232.693 226.37 195.539 148.712 46.8265 145.166 75.8053 69.3608 29.5011 23.8417 42.4764 21.153 41.8826 1581.09 39.8597 20.9583 1574.03
internal_count=12992 12848 11987 11875 112 11828 73 11755 11143 10881 3066 1369 1697 1633 1498 1367 1133 234 1095 498 597 140 265 388 257 981 7815 457 259 7773
is_linear=0
shrinkage=0.1


Tree=69
num_leaves=31
num_cat=0
split_feature=35 20 34 35 35 47 45 35 34 33 48 35 5 33 34 11 22 0 15 7 2 0 21 6 11 13 50 36 11 44
split_gain=8.01443 14.9607 26.7365 16.2446 53.103 17.5743 15.1564 18.396 14.6868 14.8208 18.5094 15.5168 14.7102 14.3411 20.7107 14.9139 14.2542 13.2263 12.8618 14.7641 12.8211 14.7521 15.6887 13.3963 19.9954 12.4712 12.3435 12.082 12.0753 12.0314
threshold=0.49978068470954901 2.5000000000000004 0.78664875030517589 0.5000385344028474 0.54327899217605602 0.3124817162752152 0.53337836265563976 0.52289763092994701 0.37029887735843664 0.56502360105514537 1.0000000180025095e-35 0.51591998338699352 0.95997977256774913 0.44373036921024328 0.54573604464530956 0.3208011537790299 -0.29170534014701838 0.093275971710681929 -0.14265235513448712 36.737955093383796 0.22941396385431292 0.14347985386848452 -0.01206792891025543 41.095706939697273 0.085948221385478987 28.70260047912598 0.58236947655677807 0.415532797574997 0.36234791576862341 0.61041402816772472
decision_type=2 2 2 2 2 2 2 2 2 2 2 2 2 2 2 2 2 2 2 2 2 2 2 2 2 2 2 2 2 2
left_child=13 2 8 -3 5 6 7 -5 16 11 -11 12 29 17 15 20 27 -1 19 -12 21 22 -15 24 -22 -7 -14 -2 -9 -10
right_child=1 3 -4 4 -6 25 -8 28 9 10 18 -13 26 14 -16 -17 -18 -19 -20 -21 23 -23 -24 -25 -26 -27 -28 -29 -30 -31
leaf_value=-0.11021016969781652 -0.063981474170513711 0.033096668860229071 0.086530897798946529 -0.14975994155735969 0.00028354344024191322 -0.13774274379607274 -0.16315810295580385 0.053111734401344028 0.046564524347491205 -0.074289535362430645 0.012256780105577764 0.046117840215547629 -0.11362818987797924 0.033174797306747203 0.02969144568193224 -0.11711130416027622 -0.14698283793806166 0.025688634895415903 0.054667874948563379 -0.17468215779587479 0.061497290229963468 -0.16195286209328455 -0.12531040398835303 0.078997171900736254 -0.20091307101910383 0.018024853108563721 0.028599974752963137 0.064524679189709749 -0.074622651846133745 -0.049271395963167902
leaf_weight=7.8638164967414914 18.137194866430949 120.557003662223 51.254664896987379 17.279481001896784 1335.0105877298047 6.389321736060082 25.341520657471847 12.847975628450515 48.941453503910452 36.002498593064956 13.400083239190282 171.49475766858086 18.249675831408243 15.906689186347647 33.181225592968985 32.490241652005352 10.564461757661773 80.193680889089592 34.764947220217437 6.1701813938561818 6.1289277970790881 12.264144250657408 10.284608028479854 15.553486876189707 5.5183253521099687 26.284722532145679 9.1669791871681792 12.262954247649757 17.456135164014995 17.887377419043332
leaf_count=453 317 656 222 263 5471 32 247 29 269 562 68 835 659 128 194 626 203 628 214 84 16 130 186 32 35 91 32 35 158 117
internal_value=0.000477079 0.00245842 0.0185603 -0.00216532 -0.00511621 -0.0733812 -0.100688 -0.0674186 0.00978592 0.0163094 -0.0186817 0.0282045 -0.00439175 -0.0176711 -0.038607 -0.0616973 -0.046918 0.0135524 0.018164 -0.046682 -0.0342754 -0.0714406 -0.029058 0.0182675 -0.0628295 -0.0124351 -0.0660731 -0.0121441 -0.0204673 0.0209131
internal_weight=2228.85 2009.46 448.297 1561.17 1440.61 105.599 72.9251 47.5836 397.043 356.078 90.3377 265.74 94.2455 219.385 131.328 98.1464 40.9646 88.0575 54.3352 19.5703 65.6562 38.4554 26.1913 27.2007 11.6473 32.674 27.4167 30.4001 30.3041 66.8288
internal_count=12992 10564 3617 6947 6291 820 697 450 3395 2840 928 1912 1077 2428 1347 1153 555 1081 366 152 527 444 314 83 51 123 691 352 187 386
is_linear=0
shrinkage=0.1


Tree=70
num_leaves=31
num_cat=0
split_feature=15 22 50 10 37 17 45 1 19 10 14 21 28 48 50 26 26 38 16 3 26 8 4 15 26 23 23 47 2 47
split_gain=7.50782 8.28388 15.4363 12.62 14.3472 18.3128 29.4184 12.471 12.0452 12.329 20.9886 16.0877 11.5238 30.8675 11.4569 11.7417 14.3802 11.7651 10.7162 14.0703 13.3019 14.755 15.0997 17.1556 20.3833 14.8211 17.3613 15.4186 14.5843 18.1839
threshold=13.150639533996584 44.308319091796882 0.98988747596740734 0.039988664910197265 0.61700096726417553 28.132472038269047 0.70081496238708507 0.082136273384094252 -5.0749645233154288 0.046131677925586707 52.737886428833015 0.039625065401196487 1753417.5000000002 0.15000000223517421 0.12491729855537416 0.098400000482797637 0.15200000256299975 0.58142635226249706 0.001167666807305068 0.53423509001731884 6.2500000000000009 53.338640213012702 0.47835095226764685 0.07126201689243318 2.0217499732971196 0.25439137220382696 0.17917487770318988 0.49069949984550482 0.059146752581000335 0.22798964381217959
decision_type=2 2 2 2 2 2 2 2 2 2 2 2 2 2 2 2 2 2 2 2 2 2 2 2 2 2 2 2 2 2
left_child=1 3 12 18 7 -6 -7 -5 -9 10 -10 -12 -3 -14 -11 -16 -17 -18 19 -1 21 28 -23 -24 25 26 27 -25 29 -20
right_child=-2 2 -4 4 5 6 -8 8 9 14 11 -13 13 -15 15 16 17 -19 20 -21 -22 22 23 24 -26 -27 -28 -29 -30 -31
leaf_value=0.01603276796388484 -0.14261511470452023 0.0061861110269455268 0.048339887508723346 -0.14967262162594047 0.032264310444435777 -0.37820412123368741 -0.059070940270839825 -0.11559318680287085 -0.022039418253338522 -0.11211972897768491 -0.11428490050761675 -0.42823453926372324 0.034415323850200137 -0.30788628231264742 0.13263342940738673 -0.1871020466936491 0.0014805701378571771 -0.12448356728200474 0.016233415495891201 -0.010587080755039925 -0.14525333023432582 0.037188165328899112 0.01157765315892394 -0.14470562975512791 0.055139649815025761 -0.036243915156987293 -0.29669867442951842 0.070251034014417305 0.049262555129659213 -0.1812671872111648
leaf_weight=280.77948326675687 3.6632846203865475 28.768859011703171 89.156592354178429 6.3961331493919706 7.0129482373595264 4.4014794789254656 8.403250777628271 10.41394190257415 25.102194288279861 9.3796727656153944 5.2822416510898611 2.3620849885046482 6.0212359675206226 4.6835760390385985 6.5327636785805216 4.1762095182202748 435.12569059501402 7.5433870403794563 18.859727406292226 678.0773972904426 5.1736391095910212 104.15273749805056 178.64362452237401 11.533145808847626 18.809540904825553 65.74759550858289 4.935251486953347 4.6954479096457353 166.22154732781928 6.1923972080694503
leaf_count=2154 50 105 366 141 24 33 40 136 147 112 48 15 19 28 15 33 1706 118 252 4196 43 649 1024 97 61 355 53 14 788 170
internal_value=0.000426026 0.000663712 0.0252895 -0.000862154 -0.0141425 -0.0976289 -0.168769 -0.010913 -0.00915875 -0.00692184 -0.0662191 -0.211295 -0.0267727 -0.115349 -0.00272573 -0.000462546 -0.00240837 -0.000665946 0.00371539 -0.00279206 0.0143822 0.0158067 0.00461341 -0.00731757 -0.0392461 -0.0596732 -0.132459 -0.0825118 0.0385426 -0.0325849
internal_weight=2208.25 2204.58 128.63 2075.95 532.132 19.8177 12.8047 512.314 505.918 495.504 32.7465 7.64433 39.4737 10.7048 462.758 453.378 446.845 442.669 1543.82 958.857 584.965 579.791 388.517 284.365 105.721 86.9114 21.1638 16.2286 191.274 25.0521
internal_count=12992 12942 518 12424 2568 97 73 2471 2330 2194 210 63 152 47 1984 1872 1857 1824 9856 6350 3506 3463 2253 1604 580 519 164 111 1210 422
is_linear=0
shrinkage=0.1


Tree=71
num_leaves=31
num_cat=0
split_feature=36 45 26 19 17 35 39 13 50 44 23 24 13 47 27 28 6 45 44 23 44 16 18 26 36 34 26 9 37 16
split_gain=7.81907 14.9785 13.5345 18.8549 18.6933 14.1453 13.1096 17.134 11.6736 11.6445 10.8262 11.3833 14.3259 11.3813 10.9887 18.7907 14.0108 12.1077 11.9011 10.8987 13.7361 14.9317 14.8369 13.0836 12.1595 11.8292 11.6101 11.8765 11.5948 15.4517
threshold=0.32121853530406957 0.49916243553161627 1.1639999747276308 0.098532974720001235 16.549405097961429 0.79566597938537609 0.17076921463012698 21.59094333648682 0.77388665080070507 0.89779531955719005 0.019324120134115223 0.61538466811180126 23.790929794311527 0.096795991063117995 0.89399999380111705 33494840.000000004 74.182640075683608 0.50551187992095958 0.56446343660354625 0.25439137220382696 0.49832895398139959 0.28625348210334783 0.00588332791812718 0.092349998652935042 0.23273635655641559 0.89645731449127208 0.15200000256299975 0.13412687182426455 0.54741913080215465 0.002248741104267538
decision_type=2 2 2 2 2 2 2 2 2 2 2 2 2 2 2 2 2 2 2 2 2 2 2 2 2 2 2 2 2 2
left_child=10 9 3 5 -5 -3 7 -6 -9 -2 11 -1 -13 -12 19 17 -17 18 -16 20 -15 22 25 -21 -23 -22 27 -25 -28 -30
right_child=1 2 -4 4 6 -7 -8 8 -10 -11 13 12 -14 14 15 16 -18 -19 -20 23 21 24 -24 26 -26 -27 28 -29 29 -31
leaf_value=0.042304351478380631 0.028416963851126787 -0.071762505618437153 0.016522772078205718 -0.17530606511838609 -0.22948516703014188 0.010388774102936219 0.012868831926016648 -0.084064326544938936 0.023090964631349364 -0.061587959633421209 -0.10659940189367545 0.09765468544491071 -0.15471133759432032 0.009670545265147849 0.030098441823053625 -0.037567149915986246 -0.30724550142020024 0.045361119171151196 -0.048317241157764049 0.095751162642944171 -0.12029651709132255 -0.093479905696192689 -0.013909405999720285 -0.07844705528242972 -0.30799959491911366 0.035050473749790222 -0.014168563553511874 -0.44189495777154975 -0.01491484938357312 0.038898731619534152
leaf_weight=76.613414933963213 317.04671813128516 77.001038068556227 248.26163507276215 5.9666129183024159 4.560789201874285 28.798692863434553 240.18800744879991 18.501236622687429 22.567907050251961 15.057043598033486 11.475681215117218 3.374951064353807 6.7444710838608444 59.03708568145521 40.745121240848675 5.7026686469325778 2.9093705080449581 101.1160446285503 36.866803007549606 12.623028789355883 26.884225272922777 18.837565046502281 93.829787972848862 4.7832689271308473 3.073385360883548 5.9947243216447523 497.3799572098651 1.1072091795504091 100.49318962264806 113.75655660498887
leaf_count=503 1102 901 1041 37 32 112 927 85 82 71 638 31 112 646 229 40 23 415 219 68 417 134 498 109 23 26 3707 9 416 339
internal_value=0.000411907 0.00707775 -0.00179685 -0.0132361 -0.000122889 -0.0494009 0.00353416 -0.0456019 -0.0251814 0.0243363 -0.00491679 0.0291379 -0.0705442 -0.00751544 -0.00650485 0.0156063 -0.128672 0.0225583 -0.00715016 -0.0109219 -0.0311364 -0.0473464 -0.0341656 -0.00517275 -0.12357 -0.0919725 -0.00694826 -0.146763 -0.00579095 0.0136576
internal_weight=2201.3 977.95 645.846 397.584 291.785 105.8 285.818 45.6299 41.0691 332.104 1223.35 86.7328 10.1194 1136.62 1125.14 187.34 8.61204 178.728 77.6119 937.8 207.657 148.62 126.709 730.143 21.911 32.8789 717.52 5.89048 711.63 214.25
internal_count=12992 4390 3217 2176 1163 1013 1126 199 167 1173 8602 646 143 7956 7318 926 63 863 448 6392 1744 1098 941 4648 157 443 4580 118 4462 755
is_linear=0
shrinkage=0.1


Tree=72
num_leaves=31
num_cat=0
split_feature=33 28 16 50 15 24 35 34 8 13 18 18 27 38 6 0 25 1 7 26 18 33 3 51 3 8 14 33 35 39
split_gain=7.60274 7.17092 49.9741 16.7522 14.9341 17.3086 35.6849 13.9274 17.4 12.854 12.7902 20.0483 17.4832 15.2967 14.9042 14.323 13.728 12.2089 11.8937 9.88237 12.1669 16.0622 15.7227 12.225 11.9514 9.60458 9.52642 9.50596 43.0465 14.5345
threshold=0.21700425446033481 2297049.5000000005 0.42892813682556158 0.54738119244575512 -0.047639291733503335 0.069469287991523757 0.71216416358947765 0.99576005339622509 64.70932769775392 56.697137832641609 0.03340346738696099 0.039045911282300956 0.37590000033378607 0.43348915874958044 71.115810394287124 0.16446503996849063 1.0000000180025095e-35 0.18963187932968142 81.748928070068374 0.9486999809741975 0.40008233487606054 0.78406614065170299 1.434036433696747 0.95833218097686779 1.0281267762184145 90.047039031982436 75.034130096435561 0.54209032654762279 0.57316777110099804 0.19676491618156436
decision_type=2 2 2 2 2 2 2 2 2 2 2 2 2 2 2 2 2 2 2 2 2 2 2 2 2 2 2 2 2 2
left_child=-1 7 4 -4 5 -3 17 8 18 19 13 -12 14 16 -13 -14 -10 -7 -2 20 -9 22 24 -24 -22 -11 -17 29 -29 -6
right_child=1 2 3 -5 27 6 -8 9 10 25 11 12 15 -15 -16 26 -18 -19 -20 -21 21 -23 23 -25 -26 -27 -28 28 -30 -31
leaf_value=-0.15487368568361459 0.0057060642519836339 -0.013978626166932654 -0.15556002357537008 -0.51988003503864322 -0.038559962877039312 -0.13613759729915406 -0.36676029474367067 0.040499184777618574 0.076441273834696039 0.0024674930125748494 0.12636930201358762 -0.067738233880605903 -0.10385260340477079 -0.12138396332365969 -0.35978945031868026 0.0023992114303631718 -0.11203125526812191 0.060222276111124518 -0.16380874199919779 0.056266009451282774 -0.11603739944351039 0.04515862025382212 -0.36024194439792789 -0.082865228078809527 0.077549432499357529 -0.115955833247708 -0.13781615733479685 -0.12840223928041755 -0.0017961858706046639 0.02228442716839326
leaf_weight=3.149130046425852 987.94990617560688 31.412413093843497 2.8000978557975023 2.2979190368205309 47.063580038840882 7.2080333053017984 4.9115328742191187 57.421287477016449 9.7282566793728638 90.65307885967195 9.544920565094797 4.9839964890852562 16.05982334446162 27.122451306786388 2.6907874478492886 117.14709909679368 6.4118100088089696 5.6472247249912471 4.1564569594338527 119.48491744510829 7.3058818913996237 14.28107290714979 3.2236509397625914 3.1334114670753479 5.6595566906034946 7.4083127267658702 5.0545664476230732 29.324611298507079 318.91651091119274 236.8090634791879
leaf_count=144 6706 151 54 16 453 94 39 209 27 326 23 34 209 550 26 452 43 24 31 450 35 53 23 20 14 35 33 274 1295 1149
internal_value=0.000392613 0.000616308 -0.00784928 -0.319776 -0.00551517 -0.058595 -0.137478 0.0044916 -0.000414331 0.0234248 -0.0274215 -0.0140399 -0.0232233 -0.0755137 -0.170132 -0.0150685 0.00156859 -0.0498781 0.00499588 0.0373549 0.0125309 -0.0352609 -0.0946982 -0.223522 -0.0315346 -0.00647912 -0.00340045 -0.0013855 -0.0124574 0.012197
internal_weight=2188.96 2185.81 686.391 5.09802 681.293 49.1792 17.7668 1499.42 1190.85 308.571 198.744 155.481 145.936 43.2625 7.67478 138.261 16.1401 12.8553 992.106 210.51 91.0249 33.6036 19.3225 6.35706 12.9654 98.0614 122.202 632.114 348.241 283.873
internal_count=12992 12848 3549 70 3479 308 157 9299 8134 1165 1397 777 754 620 60 694 70 118 6737 804 354 145 92 43 49 361 485 3171 1569 1602
is_linear=0
shrinkage=0.1


Tree=73
num_leaves=31
num_cat=0
split_feature=35 51 18 20 35 35 35 11 34 34 20 39 39 35 34 34 33 37 51 34 16 19 38 8 35 11 28 5 44 23
split_gain=7.36221 12.372 12.9513 11.8064 17.238 13.3909 26.4941 17.1912 14.3266 13.9553 18.7106 14.7754 13.4939 12.8277 12.9732 14.9848 21.6943 20.8773 15.9147 15.7968 13.9125 13.7784 13.5267 14.0855 16.6429 11.9809 11.9436 11.5848 11.3947 12.5902
threshold=0.49978068470954901 0.23001653701066974 0.00035793200368061667 1.0000000180025095e-35 0.5099797546863557 0.5000385344028474 0.52195253968238842 0.34953759610652929 0.89968541264534008 0.45191341638565069 2.5000000000000004 0.22625313699245456 0.35714288055896765 0.54327899217605602 0.50004315376281749 0.82707467675209057 0.60591408610343944 0.49484482407569891 0.21281746029853824 0.70113715529441845 -0.052246306091547005 3.3999220132827763 0.36843250691890722 37.821357727050788 0.68232822418212902 0.58919122815132152 937.00000000000011 0.29243932664394384 0.80465450882911693 0.09090867638587953
decision_type=2 2 2 2 2 2 2 2 2 2 2 2 2 2 2 2 2 2 2 2 2 2 2 2 2 2 2 2 2 2
left_child=1 2 27 4 -2 26 7 -7 -9 12 11 -11 -8 28 20 16 17 -16 -17 -18 -15 25 -19 24 -24 -21 -5 -1 -12 -30
right_child=3 -3 -4 5 -6 6 9 8 -10 10 13 -13 -14 14 15 18 19 22 -20 21 -22 -23 23 -25 -26 -27 -28 -29 29 -31
leaf_value=-0.17644183691377469 -0.008397546421925273 -0.032445888970466276 0.072330478301943613 -0.16360057864980759 0.086826697015192314 -0.0090016958354536113 -0.10987232894189335 -0.11374266601539806 0.067980153443752619 -0.0066008631066378151 -0.025689659361138956 0.04822846406265191 -0.012015464044449838 0.073751857882872224 -0.14803785317124959 0.098364666964305528 -0.17144933426934242 -0.11737466447614682 0.00084016789218236223 -0.050109390272724375 0.010631549700923389 -0.006369600775155828 -0.012035359251819141 0.025363892777798644 -0.21969409786105923 -0.16107784842399028 0.034428712013823325 0.0018078815957422536 0.03114564251572402 -0.2044586213461726
leaf_weight=4.2026039988268193 36.726167725864798 152.0338797798031 27.100738370441832 3.1132834027521303 39.410227583372034 44.356186332297511 21.210887478198856 43.028361775854137 4.8248269381001583 73.592130357050337 50.759837073099334 147.97388906776905 41.982619456364773 42.59770919336006 9.3090422931127232 17.095181316137314 11.573070612270383 8.4021873408928496 789.55407443473814 30.080729358829558 193.729448313592 42.49561858153902 15.563555236440154 128.48439936281648 5.1321561448276034 14.380921760341151 140.11771128419787 27.535663752816617 3.1708246753551048 7.9668964652810246
leaf_count=58 726 1896 149 52 148 268 374 595 19 663 303 837 303 103 133 42 103 43 3136 199 641 175 54 485 26 264 795 325 13 64
internal_value=0.000379963 -0.0173773 0.0215584 0.00228399 0.0408931 0.000729079 -0.00168058 -0.0538497 -0.0954204 0.00122596 0.00305552 0.0300172 -0.0448611 -0.00130397 0.000800465 -0.00387472 -0.0244852 -0.00251809 0.00290699 -0.0616932 0.0220089 -0.0470858 0.00607837 0.0130315 -0.0635309 -0.0860016 0.0301243 -0.0217949 -0.0457877 -0.137384
internal_weight=2177.5 210.873 58.839 1966.63 76.1364 1890.5 1747.26 92.2094 47.8532 1655.06 1591.86 221.566 63.1935 1370.3 1308.4 1072.07 265.422 166.891 806.649 98.5303 236.327 86.9573 157.582 149.18 20.6957 44.4617 143.231 31.7383 61.8976 11.1377
internal_count=12992 2428 532 10564 874 9690 8843 882 614 7961 7284 1500 677 5784 5404 4660 1482 741 3178 741 744 638 608 565 80 463 847 383 380 77
is_linear=0
shrinkage=0.1


Tree=74
num_leaves=31
num_cat=0
split_feature=35 18 14 2 23 23 1 5 34 37 19 19 13 28 38 0 50 13 8 28 18 24 14 23 2 11 50 26 44 0
split_gain=7.10974 12.7325 12.0874 12.0715 16.1891 15.3866 13.4717 12.5912 12.4706 12.137 12.8069 13.1039 25.2758 14.2525 12.0855 16.1719 24.3849 11.308 11.0497 10.9453 18.0744 16.0223 11.969 11.2949 10.3749 9.83863 10.8693 9.76449 11.4187 9.83848
threshold=0.7274845838546754 -1.0377949476242063 13.535352230072023 0.18169860541820529 0.48076923191547399 0.019324120134115223 0.50745853781700145 0.20890821516513827 0.89968541264534008 0.47490753233432775 7.2861516475677499 3.1718429327011113 43.15472602844239 26304374.000000004 0.4479887336492539 0.45586425065994268 0.72954088449478161 12.173173427581789 86.233123779296889 1753417.5000000002 0.274944618344307 0.052186783403158195 53.720857620239265 0.59525281190872203 0.052010562270879752 -0.074819739907979951 0.1140672266483307 1.622500002384186 0.66683182120323192 0.32387116551399237
decision_type=2 2 2 2 2 2 2 2 2 2 2 2 2 2 2 2 2 2 2 2 2 2 2 2 2 2 2 2 2 2
left_child=1 -1 17 8 5 -5 7 -7 24 -9 11 13 -13 14 27 16 -16 -2 25 22 -21 -22 -6 -24 -4 -3 -27 28 29 -11
right_child=2 18 3 4 19 6 -8 9 -10 10 -12 12 -14 -15 15 -17 -18 -19 -20 20 21 -23 23 -25 -26 26 -28 -29 -30 -31
leaf_value=-0.095211849669608328 0.017267605224506828 0.043293497673456985 -0.15147543522612944 0.053254188910771605 0.064538492068616379 0.044008189920034024 0.020136872754086699 0.050564721032642361 0.049583669628295697 -0.10266409630772483 0.10670384880058213 -0.058241588888682742 -0.35234823621471234 0.043720137648785962 -0.10202065818377751 0.023831233641891238 -0.32846046998764744 -0.23580215068515367 -0.086293358167095449 0.0066504760651592059 -0.32324431496643563 -0.019079760581466647 -0.10669784109900737 0.023863158721335119 0.0098822710386055525 -0.069326782671848483 -0.0018712533805027632 0.025018538414477445 -0.12918073690730997 0.062202920972599031
leaf_weight=14.927392269251866 3.2494039074517778 47.41110070166178 4.1382803434971711 24.368989989161491 72.409789276774973 13.436164819169788 38.285183075815439 9.3842225922271592 128.64064874965698 6.4359205458313218 4.0260502584278575 7.5724087841808778 4.7582452930510044 11.200479466468094 18.035040903603665 5.8107370026409617 6.4588572494685641 3.8667349047027528 15.540686470922081 69.465173438191414 3.2768174260854712 3.6731184357777238 8.4062248189002258 31.289239976555109 107.41433744202368 24.292092543211766 1433.1003220360144 13.947974421083925 17.692179743200541 8.2715922892093641
leaf_count=212 20 192 45 80 291 57 151 50 483 31 16 38 32 32 174 23 36 29 119 293 22 18 48 131 535 401 9293 42 78 20
internal_value=0.000355457 -0.00330594 0.00934205 0.0108333 -0.000301072 -0.0209269 -0.0318619 -0.0475337 0.0283652 -0.0583615 -0.0681704 -0.0751981 -0.171734 -0.0616487 -0.0770453 -0.126151 -0.161731 -0.120244 -0.00240357 0.0204521 -0.00873281 -0.16249 0.0403456 -0.00378547 0.00389637 -0.00153721 -0.00299561 -0.0449376 -0.0750535 -0.00994191
internal_weight=2160.79 1535.27 625.514 618.398 378.204 189.684 165.315 127.03 240.193 113.594 104.209 100.183 12.3307 87.8528 76.6523 30.3046 24.4939 7.11614 1520.34 188.52 76.4151 6.94994 112.105 39.6955 111.553 1504.8 1457.39 46.3477 32.3997 14.7075
internal_count=12992 10217 2775 2726 1663 860 780 629 1063 572 522 506 70 436 404 233 210 49 10005 803 333 40 470 179 580 9886 9694 171 129 51
is_linear=0
shrinkage=0.1


Tree=75
num_leaves=31
num_cat=0
split_feature=36 19 27 27 23 14 13 50 39 14 9 17 21 1 1 33 18 36 4 24 24 22 50 35 44 9 6 10 5 38
split_gain=7.06507 12.6021 9.70538 14.5689 14.1023 14.0547 17.7865 16.8117 14.4673 13.2029 12.1829 10.6322 10.2012 10.0096 13.7355 13.5217 14.0174 13.4636 12.1412 9.78952 10.38 9.77212 9.10364 10.0766 9.14773 9.01581 9.22559 8.94154 8.69204 9.68156
threshold=0.10941982269287111 -5.9683549404144278 0.41780000925064092 0.77705001831054699 0.3000000268220902 61.160301208496101 54.15919494628907 0.83784607052803051 0.75757578015327465 39.195812225341804 0.13935850560665133 39.981069564819343 -0.013404409866780041 0.27027356624603277 0.22610342502593997 0.68197238445281994 0.14993358403444293 0.061209052801132209 3.3524897098541264 1.0000000180025095e-35 0.22222220152616504 13.207546234130861 0.03922801464796067 0.99987903237342846 0.23243516683578494 0.027174685150384906 53.578544616699226 -0.13471822440624234 1.6073620915412905 0.37584860622882849
decision_type=2 2 2 2 2 2 2 2 2 2 2 2 2 2 2 2 2 2 2 2 2 2 2 2 2 2 2 2 2 2
left_child=1 -1 9 5 10 6 13 -8 25 11 -5 21 -11 14 15 16 -4 18 -17 -15 -21 -3 24 -24 -2 26 -7 -26 29 -6
right_child=22 2 3 4 28 8 7 -9 -10 12 -12 -13 -14 19 -16 17 -18 -19 -20 20 -22 -23 23 -25 27 -27 -28 -29 -30 -31
leaf_value=-0.14647346808698103 0.043564157094669841 -0.062206368357467727 -0.12710499829254787 -0.09231766377050582 -0.1383381069000249 0.05194687166738552 -0.098511154355920783 -0.37165427195512513 -0.1468764075565078 -0.078051408723787158 0.037479448121763285 -0.19726224327725383 0.06624951259384286 0.04876174899284421 -0.19502111616229179 -0.16638571846373224 0.00022901420244490699 0.047158770787982619 0.12447343572948143 -0.17646174030573536 -0.0018334169056208743 0.061440760945503617 0.0019109264231046868 0.034386591916372548 -0.41407443034084512 0.058643970928642312 -0.10290481599764945 -0.092125418187942204 -0.040352143534698334 0.044394395874572126
leaf_weight=6.8154135440126984 5.0166937983594861 15.267897782963706 27.534676026552916 22.175900485774036 3.0039938513655207 6.8310563129489301 7.9733634848380444 3.1410723775625229 5.4138115947134784 5.4667257358669294 10.730464601889251 3.4460685305530196 47.180158865754493 19.360600780928507 7.1803519448731086 6.6089222066802922 12.602047792635856 20.193850699579343 1.8332354899030177 4.9994607222033656 10.665078436722977 10.994521982967852 1636.6011839098355 101.46639629453421 0.93588828854262907 29.515163404983468 8.8083458036417124 11.024608158157204 16.919449693523347 83.30259084480349
leaf_count=294 36 361 964 302 25 81 109 20 57 81 30 65 291 63 78 107 102 95 3 51 55 56 8330 459 8 83 89 157 108 432
internal_value=0.000367206 -0.0116626 -0.00931361 -0.0174484 0.00701383 -0.0367354 -0.0550969 -0.175705 0.00759676 0.021188 -0.049992 -0.032113 0.0512657 -0.043018 -0.0634122 -0.0496713 -0.0871249 0.00282428 -0.103225 0.00120741 -0.0575674 -0.0104426 0.00309501 0.00380682 -0.0697775 0.0261173 -0.0352679 -0.117317 0.0251861 0.0380342
internal_weight=2153.01 397.964 391.149 308.793 136.132 172.661 122.093 11.1144 50.5684 82.3554 32.9064 29.7085 52.6469 110.978 75.9531 68.7727 40.1367 28.636 8.44216 35.0251 15.6645 26.2624 1755.04 1738.07 16.9772 45.1546 15.6394 11.9605 103.226 86.3066
internal_count=12992 4002 3708 2854 897 1957 1647 129 310 854 332 482 372 1518 1349 1271 1066 205 110 169 106 417 8990 8789 201 253 170 165 565 457
is_linear=0
shrinkage=0.1


Tree=76
num_leaves=31
num_cat=0
split_feature=34 20 35 10 37 34 1 33 11 39 45 18 51 34 47 34 34 20 33 6 39 40 34 3 35 3 28 16 35 15
split_gain=6.49021 6.79695 19.8664 15.8242 12.8991 12.5478 16.0049 15.173 14.0587 11.9459 11.5999 11.0416 10.8883 10.3455 9.57772 9.8209 14.5211 28.6976 24.8843 13.0611 15.4457 18.5452 17.2972 12.8266 12.7656 12.464 13.1565 19.9153 16.015 18.3979
threshold=0.15903863310813907 1.0000000180025095e-35 0.5099797546863557 -0.031249999068677422 0.49673627316951757 0.4993435144424439 0.35806362330913549 0.46204714477062231 0.33597636222839361 0.35714288055896765 0.46208792924880987 0.002266969066113234 0.10464660823345186 0.29946327209472662 0.10641238093376161 0.51456794142723095 0.70113715529441845 2.5000000000000004 0.60591408610343944 43.399375915527351 0.036831904202699668 1.0000000180025095e-35 0.64474096894264232 1.4005619883537295 0.49778652191162115 0.029500274918973449 1753417.5000000002 0.42892813682556158 0.57316777110099804 -0.047639291733503335
decision_type=2 2 2 2 2 2 2 2 2 2 2 2 2 2 2 2 2 2 2 2 2 2 2 2 2 2 2 2 2 2
left_child=-1 2 3 4 -2 6 7 9 -8 -3 11 -5 -11 -14 -7 24 18 -18 19 23 -21 -22 -23 -17 -16 -19 -27 28 -28 -30
right_child=1 5 -4 10 -6 14 8 -9 -10 12 -12 -13 13 -15 15 16 17 25 -20 20 21 22 -24 -25 -26 26 27 -29 29 -31
leaf_value=-0.094590406843831298 -0.067659909507621532 -0.076592969366651484 0.084977150044001248 -0.080820526436387097 0.04747295553340581 -0.048405230530826363 0.081308652909213811 -0.091425602489155419 -0.079415364159324542 -0.14305262689399298 -0.10193659457709406 0.044300684193523787 -0.12025446380929553 0.029799416226146055 -0.054780625605761461 0.056938167808386855 0.059067768303161822 -0.16226983811210693 -0.10215515489766443 -0.14646308236333139 0.0071868105805336299 -0.12698907842909821 0.0053303649582687827 -0.11288365533775116 0.018057850187212419 0.0080165232175418207 -0.08593708387136148 -0.17732352096050549 -0.089852714722632884 -0.00010173069817420015
leaf_weight=7.1790693968650876 11.460087203071451 25.420304997940548 36.758425585925579 11.372640936519021 64.499486362561584 37.814048058236949 21.168334499001507 42.942043935297988 7.3257420770823947 4.6114491326734415 19.761409615224693 18.56874186929781 5.0359325113240621 52.442133738542907 25.350232902448624 38.457513782661408 83.353131194598973 4.8336102857720098 35.391070734593086 9.7820698083378357 97.841761612333357 24.211889470228925 16.689069360028952 5.0291955003049216 473.27080621011555 588.15142395941075 27.594289358472452 7.500523518305271 24.648355179466307 311.2603194079129
leaf_count=400 213 422 137 371 284 651 51 549 33 36 781 186 88 281 239 243 506 32 361 99 390 242 100 30 2141 2622 149 49 130 1176
internal_value=0.000331288 0.000650835 0.0203131 0.00139777 0.0301028 -0.000970161 -0.0279098 -0.0427403 0.039987 -0.0188498 -0.0424714 -0.00322413 0.00479101 0.0166525 0.00139402 0.0024559 -0.00219835 0.00277492 -0.0251036 -0.0109017 -0.0250142 -0.0164514 -0.072998 0.0372984 0.0143547 -0.00209255 -0.00128535 -0.0160316 -0.0127035 -0.00668749
internal_weight=2139.73 2132.55 162.421 125.662 75.9596 1970.13 158.946 130.452 28.4941 87.5098 49.7028 29.9414 62.0895 57.4781 1811.18 1773.37 1274.74 1047.34 227.403 192.011 148.525 138.743 40.901 43.4867 498.621 963.989 959.155 371.003 363.503 335.909
internal_count=12992 12592 1972 1835 497 10620 1460 1376 84 827 1338 557 405 369 9160 8509 6129 4664 1465 1104 831 732 342 273 2380 4158 4126 1504 1455 1306
is_linear=0
shrinkage=0.1


Tree=77
num_leaves=31
num_cat=0
split_feature=17 39 39 33 26 50 35 19 51 16 9 19 18 19 51 17 28 17 51 11 27 9 16 35 21 38 10 19 4 4
split_gain=6.55122 12.277 12.5507 12.9168 15.9223 13.5264 11.2046 14.8569 10.8338 11.1761 11.9886 10.3806 10.7566 10.191 9.74783 9.72287 18.8955 12.8031 11.7129 17.3981 13.7179 16.2518 13.3133 23.6124 30.2437 13.0571 11.6811 11.1062 14.2818 18.6525
threshold=33.924749374389656 0.029755878262221817 0.15789473801851275 0.72729700803756725 1.9807500243186953 0.61754268407821666 0.66373187303543102 4.0943319797515878 0.13571962714195254 -0.34965184330940241 0.0066235610283911237 6.2560350894927987 -0.018699974752962586 -3.0816211700439449 0.73527926206588756 67.290523529052749 1236.5000000000002 42.743947982788093 0.98866739869117748 1.0600696206092837 0.71239998936653148 0.13935850560665133 0.002248741104267538 0.87687143683433544 0.01608510967344046 0.46657183766365057 -0.017956395633518692 1.3028233647346499 1.1298700571060183 1.6426669955253603
decision_type=2 2 2 2 2 2 2 2 2 2 2 2 2 2 2 2 2 2 2 2 2 2 2 2 2 2 2 2 2 2
left_child=8 -2 3 4 6 14 7 13 9 -1 -11 12 -8 -3 -5 17 -17 18 19 20 -4 22 23 24 26 -21 -22 28 -19 -30
right_child=1 2 15 5 -6 -7 11 -9 -10 10 -12 -13 -14 -15 -16 16 -18 27 -20 25 21 -23 -24 -25 -26 -27 -28 -29 29 -31
leaf_value=0.02850853825136835 0.026194339746066359 -0.15398041773427934 0.0014067294520793273 0.0031474784799592655 0.057735694569736332 0.03808701996590539 -0.027362743810923646 -0.19538275990380885 0.0099346344701468359 -0.13456446268143205 -0.0069328654900568153 0.06523742989197312 -0.21357185943041224 -0.015637498897782116 -0.15705093937897052 -0.14039197417707461 -0.015768426854264272 0.011788468565105226 0.044777735696765991 -0.21459629005359671 -0.15167633733260144 -0.24928364890977789 -0.00077970461477575872 0.089945411104700793 -0.33776058524624086 -0.018559394682700344 -0.025540994764571664 0.02201912890728713 -0.10227451102845775 -0.0070935210106419806
leaf_weight=15.454963333671911 120.75339882756816 6.1271485895267679 151.64273421891266 7.7917457652511057 9.9858323945663852 34.869584906846285 4.0849917892483125 6.4738783466164014 789.9341995746945 16.139450960210528 13.528504454530774 2.1338368356227866 12.894719488802364 40.663784711563494 7.4110642434097826 13.182581639906855 157.81708179021371 168.2580507947423 28.036024500150234 8.0603606300428492 11.941127969301304 3.8273501992225638 45.029964026063681 6.9690180965699247 5.0617315112613133 5.8732977025210849 19.062069742009047 313.38183242618106 29.780836390506011 66.70712962327525
leaf_count=88 777 160 943 55 44 110 74 51 5359 228 104 7 97 351 56 112 760 1135 113 42 83 22 249 24 36 40 111 1269 206 286
internal_value=0.000313628 -0.00415968 -0.00730033 -0.0362854 -0.0606356 0.00376831 -0.076967 -0.0533978 0.00721234 -0.0404448 -0.0763648 -0.142649 -0.168774 -0.0337531 -0.074946 -0.00359013 -0.0253758 0.000723449 -0.0166026 -0.0232864 -0.0170685 -0.0475571 -0.0387898 -0.0785629 -0.111125 -0.131963 -0.074123 0.00927977 -0.00579991 -0.036471
internal_weight=2122.88 1287.82 1167.07 132.437 82.3642 50.0724 72.3784 53.2648 835.057 45.1229 29.668 19.1135 16.9797 46.7909 15.2028 1034.63 171 863.632 285.504 257.468 243.534 91.8913 88.0639 43.0339 36.0649 13.9337 31.0032 578.128 264.746 96.488
internal_count=12992 7213 6436 1005 784 221 740 562 5779 420 332 178 171 511 111 5431 872 4559 1663 1550 1468 525 503 254 230 82 194 2896 1627 492
is_linear=0
shrinkage=0.1


Tree=78
num_leaves=31
num_cat=0
split_feature=36 44 43 37 15 28 51 45 13 50 6 7 50 7 35 27 2 0 8 37 16 23 23 27 34 47 47 27 28 16
split_gain=6.48732 16.8132 16.2517 13.1238 10.2167 19.9845 27.6037 11.9803 13.1776 9.98941 11.626 9.88257 20.825 12.3426 11.4124 13.7137 19.6621 12.9286 14.4682 9.35429 10.9424 9.32203 11.1448 24.7314 9.45264 9.26073 17.8731 8.86027 8.52038 9.72389
threshold=0.47338382899761206 0.95404738187789928 0.63749998807907116 0.56066459417343151 0.17651380598545077 438831.54687500006 0.95833218097686779 0.72410726547241222 24.562388420104984 0.9996355175971986 68.647136688232436 66.459087371826186 0.8572656810283662 73.725719451904311 0.51255181431770336 0.59870001673698436 0.073628876358270659 0.20683009922504428 44.504055023193366 0.41956052184104925 -0.0054312178399413815 0.052098516374826438 0.067041199654340758 0.77705001831054699 0.38696403801441198 0.51044824719429027 0.34825929999351507 0.80689999461174022 3306304.3750000005 0.21679310500621798
decision_type=2 2 2 2 2 2 2 2 2 2 2 2 2 2 2 2 2 2 2 2 2 2 2 2 2 2 2 2 2 2
left_child=21 3 25 19 7 9 -7 11 -9 10 -6 14 13 -13 15 16 -5 -16 -19 20 -2 24 23 -23 -1 26 -3 -20 -24 -30
right_child=1 2 -4 4 5 6 -8 8 -10 -11 -12 12 -14 -15 17 -17 -18 18 27 -21 -22 22 28 -25 -26 -27 -28 -29 29 -31
leaf_value=-0.08188251648514594 -0.20527680171624568 -0.0068133845189408543 -0.25446661238186036 0.01275957562599594 0.015006097669162409 -0.34929967979544779 -0.034540484681569665 0.096208340716779792 0.01020485681425029 0.036963072949007782 -0.16979541130133011 -0.26246579595225689 0.018544877257332653 -0.056556306430217786 0.027953425464802579 -0.007119808933756586 -0.28916579088255751 -0.19608442100823453 -0.10062390654365005 0.032934554890918906 -0.0020930384715307716 -0.18666145327178932 -6.2359701906273789e-05 0.066237285366949269 0.027856775719014949 0.07586026086935739 -0.24189472919736321 0.10568544338073578 -0.015852155107715222 -0.13708356881869146
leaf_weight=8.3432826595962961 3.4185357666574427 11.201974965631967 4.0377185214310876 3.7658526794984954 7.1278115063905698 4.5905214343219978 7.088537098839879 25.849187340587378 57.325779596343637 20.696389995515347 6.5164826065301895 6.1501736585050821 13.133763197809458 5.5273975394666195 96.316433835308999 17.435170093551278 5.0483746379613876 5.7807134166359893 3.8949543628841621 259.15565099159721 11.798046148847785 9.908556174719708 1020.5294723096886 6.3416826950851819 132.56195601995569 5.5177501589059821 4.5469285119324914 4.4713934175670147 339.62886291049654 6.7476684708381063
leaf_count=189 31 45 27 13 22 31 39 82 228 99 29 33 54 25 332 59 29 39 26 954 63 120 7380 25 868 35 28 18 1996 73
internal_value=0.000303006 0.00920245 -0.0705446 0.0127735 -0.00203138 -0.0452592 -0.158258 0.00609832 0.0369331 -0.00682881 -0.0732547 -0.00977968 -0.0678422 -0.165002 0.000757796 -0.0585119 -0.160169 0.014842 -0.0744234 0.0284604 -0.04774 -0.00314449 -0.0056407 -0.0879673 0.0213589 -0.0356249 -0.0746847 0.0096381 -0.00466198 -0.0182138
internal_weight=2114.46 590.396 25.3044 565.091 290.719 46.0197 11.6791 244.699 83.175 34.3407 13.6443 161.524 24.8113 11.6776 136.713 26.2494 8.81423 110.463 14.1471 274.372 15.2166 1524.06 1383.16 16.2502 140.905 21.2667 15.7489 8.36635 1366.91 346.377
internal_count=12992 2341 135 2206 1158 220 70 938 310 150 51 628 112 58 516 101 42 415 83 1048 94 10651 9594 145 1057 108 73 44 9449 2069
is_linear=0
shrinkage=0.1


Tree=79
num_leaves=31
num_cat=0
split_feature=19 19 39 9 19 36 50 14 38 38 19 36 40 7 33 36 11 6 6 13 4 38 3 35 17 5 34 13 6 4
split_gain=6.09619 7.98621 11.5218 9.7246 11.6524 11.0466 15.1896 13.1817 12.5244 10.6714 10.0088 14.3181 9.51938 17.5196 12.1092 10.6023 14.1112 10.5427 10.9877 10.1252 9.64051 9.5747 9.21645 13.6966 11.333 14.346 14.4046 14.219 11.67 13.918
threshold=-6.1004481315612784 -1.7951323986053465 0.9745212495326997 -0.098646774888038621 1.217403292655945 0.22312842309474948 0.33963595330715185 89.40112686157228 0.39890186488628393 0.49175584316253668 -1.3888885378837583 0.15591879189014438 1.0000000180025095e-35 72.425979614257827 0.73618879914283764 0.11526672914624216 0.39980432391166693 51.616636276245124 70.117107391357436 57.981035232543952 1.1074453592300417 0.43612036108970648 1.4005619883537295 0.49556680023670202 20.922597885131839 0.082429915666580214 0.90247890353202831 20.173774719238285 66.481880187988295 0.13275471329689029
decision_type=2 2 2 2 2 2 2 2 2 2 2 2 2 2 2 2 2 2 2 2 2 2 2 2 2 2 2 2 2 2
left_child=-1 2 12 4 9 6 8 22 -5 -3 11 -8 13 14 17 16 -14 -2 -19 -16 -17 -22 24 -24 25 -7 27 -27 29 -26
right_child=1 3 -4 5 -6 7 10 -9 -10 -11 -12 -13 15 -15 19 20 -18 18 -20 -21 21 -23 23 -25 28 26 -28 -29 -30 -31
leaf_value=-0.042487046327637674 -0.028574950035105719 0.038545008620152962 0.078034354702165354 0.051481441862072409 0.079251294876492046 -0.28513678573449913 -0.041443068836417199 -0.1259675069115824 -0.090219656270678461 -0.12528832919826624 -0.0065956018783354942 -0.27386906085118384 0.050646644509842624 0.028562550699396085 0.085319821992569586 0.057699599950775254 -0.065172737683456702 -0.138298814593316 0.099355689724488022 -0.068549905643604261 0.060984596441581843 -0.069995122316546463 -0.073606182506670045 -0.0012924065535663231 -0.11871697752282216 -0.018633531995505787 0.093482567439188202 -0.17837887093712088 -0.0014810607182605818 0.034485878278669592
leaf_weight=32.764159695769195 32.23655497044092 10.391627670731397 26.969043393852189 7.3993904707022002 30.943805368617177 2.0597919151186934 15.848041031102186 7.8303967637475571 39.721917361195665 6.4393275952897957 571.56225234593148 3.1827011820860198 18.416661915602162 65.176647924876306 11.48892287979834 89.578301323053893 24.533119354455266 21.356592518393885 2.1403955700807265 6.8124395918566725 9.6216030735522526 13.29000170715153 27.6308833778603 503.006901798537 6.0558082195930174 46.950617361348122 9.9502356573939306 6.3223601626232258 173.20166458180756 285.11974586639553
leaf_count=588 481 37 108 42 94 13 165 54 915 93 3504 37 233 263 54 542 543 213 6 41 26 112 205 1989 39 806 38 52 633 1066
internal_value=0.000311413 0.000987121 0.0154726 -0.00166957 0.0428283 -0.0029158 -0.0133304 0.00330214 -0.0679685 -0.0241357 -0.00897104 -0.080314 0.00974637 -0.00924662 -0.0425319 0.0267565 -0.0155099 -0.0657071 -0.11665 0.0280439 0.0428942 -0.0149909 0.00425681 -0.00505786 0.0135887 -0.0254244 -0.016963 -0.0375919 0.0190732 0.0312996
internal_weight=2108 2075.24 321.62 1753.62 47.7748 1705.84 637.714 1068.13 47.1213 16.831 590.593 19.0307 294.651 139.212 74.0349 155.44 42.9498 55.7335 23.497 18.3014 112.49 22.9116 1060.3 530.638 529.66 65.283 63.2232 53.273 464.377 291.176
internal_count=12992 12404 2622 9782 224 9558 4663 4895 957 130 3706 202 2514 1058 795 1456 776 700 219 95 680 138 4841 2194 2647 909 896 858 1738 1105
is_linear=0
shrinkage=0.1


Tree=80
num_leaves=31
num_cat=0
split_feature=36 4 44 45 27 28 40 36 35 33 36 34 24 0 18 36 10 35 0 3 18 2 18 11 15 21 36 48 37 23
split_gain=6.21849 10.3188 9.22674 11.4658 24.6608 7.10053 14.833 12.7172 12.4322 12.5041 11.633 12.2669 11.5007 15.7299 23.2514 21.5608 15.4858 16.536 12.0024 15.7222 10.5215 10.1084 13.4991 11.8418 16.6486 15.8218 15.8011 12.0686 14.4278 14.4312
threshold=0.83364582061767589 8.1382970809936541 0.95404738187789928 0.90687859058380138 0.77705001831054699 4759791.0000000009 0.65000000596046459 0.055547341704368598 0.80241498351097118 0.54209032654762279 0.1381134316325188 0.62326812744140636 0.15384616702795031 0.25566476583480841 0.045382145792245872 0.18907165527343753 -0.025941867381334301 0.58949550986289989 0.13578467816114428 2.1538687944412236 0.071584485471248641 0.10599029809236528 0.0028358778217807416 0.87065911293029796 -0.062837444245815263 0.02782155200839043 0.037891602143645293 0.15000000223517421 0.5523839294910432 0.45038029551506048
decision_type=2 2 2 2 2 2 2 2 2 2 2 2 2 2 2 2 2 2 2 2 2 2 2 2 2 2 2 2 2 2
left_child=5 2 -2 4 -4 21 7 -7 9 10 11 20 16 -14 15 -15 -11 -18 19 -19 -9 22 -1 24 -23 -25 -27 28 -28 -30
right_child=1 -3 3 -5 -6 6 -8 8 -10 12 -12 -13 13 14 -16 -17 17 18 -20 -21 -22 23 -24 25 -26 26 27 -29 29 -31
leaf_value=-0.046784300523242658 0.023768008596144488 -0.10179385224338477 -0.28957009077383061 0.089836247535106217 0.013071065059321414 -0.11769591521643129 -0.20291850408508255 -0.17249974668622728 0.028086350736623661 0.043204398011769923 0.011483287263557088 0.089724241360872023 -0.039189849128391997 -0.11556423471133666 0.0068693684237990521 -0.40723989845902153 -0.17899136582737557 -0.049971956788551514 -0.0061291595046320526 -0.30125843583436229 0.070852506883553143 -0.0097915448175652439 -0.0014597347155721357 -0.12445971114305208 0.020560139166738076 -0.12350264575295533 -0.011568669274878709 0.024430169853573901 -0.24481576671071142 -0.021795173105690947
leaf_weight=89.742153753177263 225.99922656430863 7.3225434385240069 4.4992976887151581 3.9416119791567317 6.7047172598540783 10.951036696438676 4.0845058460254213 9.7050310159102064 75.36454516556114 29.712448890670203 144.49899176525651 3.3103640873450777 36.019302458153106 5.5702083471696806 5.4907747209072104 4.6499979980289936 7.8761304352083235 10.299904669722308 57.083103079581633 3.283639768138527 2.1748178988927966 256.30978213483468 245.38827172369929 12.231302689586299 612.81132383778458 11.175207903608678 101.89668578468263 96.968837202526629 5.5954315140843374 6.0262626372277737
leaf_count=2277 921 39 32 20 28 197 62 193 276 102 730 19 220 32 15 32 90 67 190 21 9 1551 1658 233 3105 78 425 311 32 27
internal_value=0.000299917 0.015153 0.0187042 -0.0568563 -0.108463 -0.00169688 -0.0133044 -0.0113967 -0.00844998 -0.0170636 0.0027323 -0.0805126 -0.0368228 -0.0756086 -0.159103 -0.248271 -0.0182888 -0.0415514 -0.0262331 -0.110717 -0.12795 0.0016129 -0.0135969 0.0062341 0.0116092 -0.0137392 -0.00762964 -0.0014777 -0.0236085 -0.129172
internal_weight=2096.69 248.467 241.145 15.1456 11.204 1848.22 410.075 405.99 395.039 319.675 159.689 15.1902 159.986 51.7303 15.711 10.2202 108.255 78.5428 70.6666 13.5835 11.8798 1438.15 335.13 1103.01 869.121 233.894 221.662 210.487 113.518 11.6217
internal_count=12992 1040 1001 80 60 11952 2255 2193 1996 1720 951 221 769 299 79 64 470 368 278 88 202 9697 3935 5762 4656 1106 873 795 484 59
is_linear=0
shrinkage=0.1


Tree=81
num_leaves=31
num_cat=0
split_feature=37 34 19 21 51 19 34 17 35 18 18 16 11 13 2 35 11 8 38 33 20 39 39 4 8 35 14 5 28 19
split_gain=6.02288 5.74969 9.5675 6.80418 9.08439 13.3738 20.9258 7.91945 9.01305 14.0617 12.824 11.0069 13.7561 10.6869 14.2624 19.9724 19.8736 15.25 14.041 12.0537 10.1559 10.0125 11.3734 14.5361 15.869 11.8389 10.7982 10.4017 18.9708 16.4763
threshold=0.66995754837989818 0.22374207526445392 5.2052242755889901 -0.026281335391104218 0.015415887348353864 2.1995905637741093 0.66000187397003185 34.071578979492195 0.57450252771377575 0.45506297051906591 0.37583385407924658 -0.16230151057243344 0.069905038923025145 35.722145080566413 0.24758582562208178 0.59102591872215282 0.69291478395462047 50.717519760131843 0.49079102277755743 0.6190868914127351 2.5000000000000004 0.036831904202699668 0.23076923936605456 1.1625270843505862 69.96317291259767 0.92748945951461803 65.632724761962905 2.6208928823471074 4220884.0000000009 -1.2551621198654173
decision_type=2 2 2 2 2 2 2 2 2 2 2 2 2 2 2 2 2 2 2 2 2 2 2 2 2 2 2 2 2 2
left_child=1 2 -1 -3 5 -5 -7 -6 9 10 11 20 -13 -10 -15 16 -16 18 19 -17 -9 -19 23 25 -25 26 -23 -24 29 -29
right_child=-2 3 -4 4 7 6 -8 8 13 -11 -12 12 -14 14 15 17 -18 21 -20 -21 -22 22 27 24 -26 -27 -28 28 -30 -31
leaf_value=-0.10225943225687591 0.040330554131778287 0.025973850596920561 0.048954086694469358 0.013143730224294374 0.0077186490077864548 -0.19536661129047611 0.023754738573112014 -0.14739899935879561 -0.033894924322076449 0.049127080081522639 -0.22638442877656584 0.045132866918812319 -0.026931888994324433 0.016088392848566474 0.014520295808786044 -0.041816817799058104 -0.29141054982647868 0.052932219290067528 0.019038809948514226 -0.26508902547040164 0.011789444974747253 -0.01221348440552452 0.0073827340332377773 -0.033866366122196193 -0.2267476772630552 0.065254441371209407 -0.16420907177461253 0.013996564930768816 0.045083434611800852 -0.25761585505465179
leaf_weight=13.282050662091935 36.909023061394691 96.721093489264604 6.1086550180334589 16.692194135859609 749.91838965268107 11.255675702122973 7.1121040843427172 12.952491830277724 83.788456567097455 27.020099928718992 3.1684152185916892 29.81238230317831 237.53972422340303 416.28115343130776 3.6940115587785822 4.0543123520910722 4.9941194239072502 29.240419918205589 5.9335545289795837 5.9909342769533396 5.8033460201404514 15.95674291031901 207.76467848476022 8.8991461989935505 8.1920821033418161 12.286800541449336 6.610247856238856 3.4034005450084814 7.6948688179254523 6.4965026881545791
leaf_count=671 147 497 37 148 5124 74 27 142 400 95 26 116 2054 1882 21 20 39 117 54 40 43 97 832 43 50 54 53 20 23 46
internal_value=0.000293823 -0.000427483 -0.0546226 9.03772e-05 -0.00120505 -0.0516441 -0.110522 -0.000273086 -0.00549552 -0.0198627 -0.0263068 -0.0240911 -0.018896 -2.89116e-05 0.00376722 -0.0117186 -0.161335 -0.00768819 -0.10293 -0.174975 -0.0981436 -0.00272365 -0.0085923 -0.0507748 -0.126317 -0.0137311 -0.0567355 0.00113071 -0.0726952 -0.164241
internal_weight=2085.58 2048.67 19.3907 2029.28 1932.56 35.06 18.3678 1897.5 1147.58 316.296 289.276 286.108 267.352 831.281 747.493 331.212 8.68813 322.524 15.9788 10.0452 18.7558 306.545 277.304 51.945 17.0912 34.8538 22.567 225.359 17.5948 9.8999
internal_count=12992 12845 708 12137 11640 249 101 11391 6267 2476 2381 2355 2170 3791 3391 1509 60 1449 114 60 185 1335 1218 297 93 204 150 921 89 66
is_linear=0
shrinkage=0.1


Tree=82
num_leaves=31
num_cat=0
split_feature=1 16 18 14 34 11 11 8 11 28 50 40 14 38 28 40 19 9 19 1 3 4 6 18 36 26 0 16 3 3
split_gain=5.6363 13.0102 7.00313 10.8657 12.2644 12.117 9.78084 17.0998 15.2957 10.1229 12.0359 10.8778 10.8344 9.76227 17.4047 11.1219 10.8476 15.7424 10.6855 9.73953 9.55855 9.51093 16.3237 9.29977 10.0395 14.8173 8.89914 11.6725 11.2884 11.2043
threshold=0.676191806793213 2.2808667421340947 -0.012284231372177599 86.121822357177749 0.93873196840286266 0.60970431566238414 0.36616641283035284 37.821357727050788 0.38174566626548773 298.00000000000006 0.98988747596740734 0.25000000745058065 70.799373626708999 0.51214826107025158 1157092.0000000002 0.15000000223517421 1.8685252666473391 -0.1249202787876129 -5.3010747432708731 0.069590277969837203 0.89488399028778087 0.59201860427856456 76.152389526367202 -1.0377949476242063 0.39540177583694464 0.59760001301765453 0.17601303011178973 -0.00084561220137402404 3.0705999135971074 6.0856063365936288
decision_type=2 2 2 2 2 2 2 2 2 2 2 2 2 2 2 2 2 2 2 2 2 2 2 2 2 2 2 2 2 2
left_child=2 -2 3 4 5 13 26 8 -8 10 -9 -11 21 16 15 -15 17 -1 -19 -7 -10 -13 -23 -18 25 -25 27 28 -4 -30
right_child=1 -3 6 -5 -6 19 7 9 20 11 -12 12 -14 14 -16 -17 23 18 -20 -21 -22 22 -24 24 -26 -27 -28 -29 29 -31
leaf_value=-0.2101934249049888 0.05015372089261734 -0.104767088465966 0.0013804027569100223 -0.22038152472118214 0.039953506266624354 0.063130932230959974 -0.36476004164970632 -0.043004592277978565 -0.1737660294282494 -0.0025910329672992373 -0.28365381926386374 0.050186373249103813 -0.064596962873794114 -0.073119836798055782 -0.15776044984921184 0.02053918071276176 -0.15054803309346276 -0.10932080161703304 0.028474606500787637 -0.088686929419665481 -0.017023642061504349 0.0024155741371243407 -0.345637569288408 -0.1499816867516017 0.035398700522931502 -0.019412977994682435 0.0365347923512283 0.039592757275537585 -0.11959003448714073 0.028892776026914365
leaf_weight=2.9784636953845611 47.218020267784595 6.1238767933100453 172.53586476150667 2.5038795431028111 41.46353766694665 4.8189914338290682 1.885773104615512 15.946057200664656 5.6362008221331079 1083.5379239673202 2.3897842913866034 92.486923662363552 10.966988807078449 22.826608376315562 11.385209799511356 28.52019651531009 5.6693722913041702 5.8917425209656349 125.52957763959421 34.318892604293069 12.56220724689774 8.8911890365998243 1.5881932878401119 10.129722789628429 25.268294333480299 61.211261282674968 136.68338727112859 72.073034881730564 16.035014947876338 7.4398741396144024
leaf_count=25 208 32 975 50 182 103 19 134 96 5733 16 567 67 530 315 636 46 60 787 649 65 128 17 99 78 316 499 449 84 27
internal_value=0.00028242 0.0323682 -0.000563535 -0.0127482 -0.0113801 -0.0176672 0.00227729 -0.00214138 -0.0936603 -0.000629557 -0.0743694 0.000499557 0.0298919 -0.0108272 -0.0459005 -0.0210976 -0.00153099 0.0171448 0.0222971 -0.0699938 -0.0655681 0.039956 -0.0503333 -0.026072 -0.0187674 -0.0379525 0.015769 0.00518148 -0.00747153 -0.0725315
internal_weight=2076.52 53.3419 2023.17 382.516 380.012 338.548 1640.66 1235.89 20.0842 1215.81 18.3358 1197.47 113.933 299.41 62.732 51.3468 236.678 134.4 131.421 39.1379 18.1984 102.966 10.4794 102.279 96.6093 71.341 404.767 268.084 196.011 23.4749
internal_count=12992 240 12752 3876 3826 3644 8876 6842 180 6662 150 6512 779 2892 1481 1166 1411 872 847 752 161 712 145 539 493 415 2034 1535 1086 111
is_linear=0
shrinkage=0.1


Tree=83
num_leaves=31
num_cat=0
split_feature=23 3 51 3 21 3 37 18 10 36 22 0 10 36 26 1 37 21 22 28 39 45 11 0 50 36 33 37 15 28
split_gain=5.54539 17.1464 15.3675 12.8391 11.7959 9.10295 9.6962 12.9934 9.91275 9.49752 12.1765 14.6582 10.5375 8.47864 8.42295 11.375 10.7816 12.9968 11.7725 11.3093 13.8872 11.5747 10.2539 10.023 8.7244 8.31267 8.14158 8.04043 7.71627 7.66101
threshold=0.98644074797630321 0.32172478735446935 0.70851543545722973 0.1637285724282265 -0.0061304501723498097 0.29069195687770849 0.49791146814823156 0.032093305140733726 -1.0000000180025095e-35 0.10564017295837404 7.0095999240875253 0.35241450369358068 0.24361789226531985 0.020510470494627956 0.4946999996900559 0.10206764191389085 0.6002001464366914 0.068076316267251982 15.220635890960695 767484.00000000012 0.72814252972602855 0.55448630452156078 1.001335680484772 0.1234862767159939 0.81316891312599193 0.070078935474157347 0.78690317273139965 0.52493473887443554 -0.98634231090545643 298.00000000000006
decision_type=2 2 2 2 2 2 2 2 2 2 2 2 2 2 2 2 2 2 2 2 2 2 2 2 2 2 2 2 2 2
left_child=5 2 3 -2 -5 6 7 8 -1 10 11 -7 14 -8 22 23 17 18 -17 21 27 -20 25 -16 -22 -12 -27 -21 -15 -4
right_child=1 -3 29 4 -6 9 13 -9 -10 -11 12 -13 -14 28 15 16 -18 -19 19 20 24 -23 -24 -25 -26 26 -28 -29 -30 -31
leaf_value=-0.066656116818018571 0.024975023339516435 0.035009859871954069 -0.26420856628671596 -0.0094837335850069052 -0.22921136821196095 -0.085630326079196434 -0.055714257410556814 -0.15694403785535313 0.051397722515532963 -0.00059891171830208831 0.089568897050995216 0.048480427619191621 -0.13130779146126131 -0.10617388170320084 -0.054135366388351071 0.024697528992844164 0.058917705829523194 0.042750753164061808 -0.11760757428114205 -0.16108701994624774 -0.14742993608912139 0.01957771266028506 -0.10266332535123582 -0.25896828633195473 -0.41457250732528073 -0.12145062557275191 0.051694290965444735 -0.019795991634939725 0.044908577647061597 -0.057993896902861677
leaf_weight=12.16441480064532 27.003372117818799 133.57264348055469 3.9385417588055125 5.4333836464211345 4.4394991751760227 47.265491403726628 9.8777990540256706 6.2034414297668254 17.127151662221877 1494.8046405262721 23.148732252797345 9.8479995839297754 6.7734088040888301 3.4795909785607355 9.0800375831313413 18.197614855365828 20.401799067156389 23.305910129100084 9.3150899795582536 7.020835774485028 2.6305291852913788 18.10208445857279 4.6796533388551316 3.241798371076583 2.2839222475886345 4.393855727161279 7.110747077036649 9.4472086695022863 118.69343510066392 3.3203240931034088
leaf_count=298 179 658 27 34 62 1376 125 89 256 7978 124 35 37 45 240 154 51 61 124 102 27 83 34 21 14 71 17 50 602 18
internal_value=0.000266296 0.0171546 -0.0368835 -0.0107034 -0.108288 -0.00132281 0.0209283 -0.025472 0.00237147 -0.00348897 -0.0225835 -0.0625058 -0.00910242 0.0334006 -0.00400419 -0.0168829 -0.00673837 -0.0215718 -0.0439472 -0.0695451 -0.124057 -0.0270315 0.0362781 -0.108026 -0.271581 0.055041 -0.0144335 -0.0800327 0.0406056 -0.169883
internal_weight=2066.3 177.708 44.1351 36.8763 9.87288 1888.6 167.546 35.495 29.2916 1721.05 226.247 57.1135 169.133 132.051 162.36 123.027 110.705 90.3032 66.9973 48.7997 21.3825 27.4172 39.333 12.3218 4.91445 34.6533 11.5046 16.468 122.173 7.25887
internal_count=12992 978 320 275 96 12014 1415 643 554 10599 2621 1411 1210 772 1173 927 666 615 554 400 193 207 246 261 41 212 88 152 647 45
is_linear=0
shrinkage=0.1


Tree=84
num_leaves=31
num_cat=0
split_feature=0 10 7 16 15 5 3 27 47 16 18 23 18 36 24 10 0 5 33 36 37 34 3 22 14 8 1 0 4 16
split_gain=5.1607 14.7444 10.8574 9.57513 8.83405 8.02776 12.0687 11.0463 13.5195 7.96136 8.49736 7.76855 11.2072 12.2196 36.0364 14.259 9.1178 7.24218 7.31683 7.1984 13.0659 12.5024 17.3879 10.4815 12.0114 23.0015 15.9078 11.9751 11.5639 12.2782
threshold=0.45586425065994268 0.18231245875358584 60.381916046142585 0.24523554742336276 -8.8135313987731916 0.75425362586975109 0.14935501664876941 0.39720000326633459 0.47892397642135626 0.81517797708511364 2.009782195091248 0.66666665673255932 0.33494836091995245 0.43451766669750219 0.082640398293733611 0.24361789226531985 0.52395775914192211 6.0580949783325204 0.67835924029350292 0.3903502374887467 0.57485783100128185 0.88689103722572338 4.297635793685914 23.681535720825199 19.048334121704105 60.621191024780281 0.15303084254264834 0.055781986564397819 2.8032072782516484 0.28625348210334783
decision_type=2 2 2 2 2 2 2 2 2 2 2 2 2 2 2 2 2 2 2 2 2 2 2 2 2 2 2 2 2 2
left_child=1 4 -3 -4 -1 6 -2 -7 -9 -8 -11 12 16 15 -15 -14 -10 19 -19 23 21 22 -21 27 25 26 -25 -6 29 -29
right_child=5 2 3 -5 17 7 9 8 11 10 -12 -13 13 14 -16 -17 -18 18 -20 20 -22 -23 -24 24 -26 -27 -28 28 -30 -31
leaf_value=-0.16903316987527525 -0.081006382255697035 -0.24799688771983297 0.014474747311304145 -0.14875848097239117 -0.078321365204528107 -0.12514803830703525 0.064724906438119789 -0.11761714011443265 -0.05670241295100989 -0.11755987588884026 0.046953235579508021 0.057869654225447126 0.05577829802505993 -0.4367921131950489 -0.007976039370488245 -0.12863887095770235 0.058050583871437383 -0.14598426940044482 0.0054891666288505994 0.012283487609257161 -0.0083517977412115758 0.045378670062396639 -0.13388260450626974 -0.18820938391407654 -0.016008833643293339 -0.3178735902147809 0.081325371716387262 0.0023396539622322029 0.047328507852201489 -0.066832710805562009
leaf_weight=3.104899385420139 7.6705939564853898 3.5367432809434858 8.693947784136979 6.1255193687975398 18.457506587175885 6.8364196438342324 64.967748235911131 8.1642053816467506 8.9899139665067178 5.3584905164316279 7.5823132432997227 30.825437960214913 12.562186080962425 2.9083874989300948 6.0082757957279682 6.2928759567439547 30.131559194996953 6.8186565600917657 5.9907305393135175 256.74562797986437 270.69152493588626 131.33809481188655 8.4051285403547791 3.667230745777486 300.11972709928523 3.8867778081912538 5.4347438383847475 743.51153167933808 55.215261886245571 26.577944251446752
leaf_count=47 45 34 38 40 1398 39 252 42 42 38 25 141 44 24 32 33 107 65 28 990 1082 504 46 31 1375 26 18 5901 214 291
internal_value=0.000248217 -0.00138813 -0.0905678 -0.0529965 -0.000498443 0.015583 0.0386746 -0.00194862 0.00600586 0.0504579 -0.0211679 0.0163343 -0.00280581 -0.0513866 -0.147845 -0.00577092 0.0316809 -0.000213564 -0.0751427 0.000312626 0.00858481 0.0201478 0.00765011 -0.00445804 -0.0200834 -0.114232 -0.0272715 0.00134033 0.00312193 -4.7678e-05
internal_weight=2056.62 1858.32 18.3562 14.8195 1839.97 198.298 85.5791 112.719 105.883 77.9086 12.9408 97.7186 66.8932 27.7717 8.91666 18.8551 39.1215 1836.86 12.8094 1824.05 667.18 396.489 265.151 1156.87 313.108 12.9888 9.10197 843.762 825.305 770.089
internal_count=12992 12128 112 78 12016 864 360 504 465 315 63 423 282 133 56 77 149 11969 93 11876 2622 1540 1036 9254 1450 75 49 7804 6406 6192
is_linear=0
shrinkage=0.1


Tree=85
num_leaves=31
num_cat=0
split_feature=33 1 16 34 20 34 34 47 50 34 34 33 21 8 18 44 34 51 17 35 24 11 37 24 28 35 35 2 21 19
split_gain=6.18004 5.77485 10.9596 6.27743 7.78086 35.3346 10.3316 11.4495 10.4143 10.3921 16.8832 23.0162 16.6905 14.1775 15.2139 16.3528 15.0511 14.1115 13.9107 12.0593 12.9824 12.2358 14.0247 11.7997 11.4485 11.7829 33.238 25.8942 13.8706 12.3795
threshold=0.21700425446033481 0.676191806793213 2.2808667421340947 0.22374207526445392 1.5000000000000002 0.64819741249084484 0.4993435144424439 0.086237493902444853 0.85089081525802623 0.51456794142723095 0.82707467675209057 0.60591408610343944 -0.0011111875064671037 52.86816596984864 0.42680825293064123 0.75016826391220104 0.70438468456268322 0.21281746029853824 67.826019287109389 0.57316777110099804 0.56306818127632152 1.1278295516967776 0.57032558321952831 0.080459769815206542 384.81007385253912 0.5000385344028474 0.51487553119659435 0.21489483118057254 0.013217186555266382 6.3564348220825204
decision_type=2 2 2 2 2 2 2 2 2 2 2 2 2 2 2 2 2 2 2 2 2 2 2 2 2 2 2 2 2 2
left_child=-1 3 -3 -2 5 -5 8 -8 -6 19 11 18 -12 14 15 16 -13 -14 -11 21 -21 24 -23 -18 -9 -26 -27 28 -28 -30
right_child=1 2 -4 4 6 -7 7 9 -10 10 12 13 17 -15 -16 -17 23 -19 -20 20 -22 22 -24 -25 25 26 27 -29 29 -31
leaf_value=-0.15307983197086783 -0.0610921403030983 0.05135769403730938 -0.090803906764607312 0.0011960372745639385 -0.067489101981247385 0.095210011220917476 -0.11978955885488439 -0.20185921527491196 0.033357746823317984 -0.0012388133065144369 0.080030006967368075 -0.13620908570644327 0.09683826702141668 -0.12012805656471506 0.065412057585930522 -0.16857597526766102 -0.082507434573457161 -0.0020943189962163307 -0.14434679334437409 0.039005131254966734 -0.099957399463140806 -0.21407629749571574 0.038452905242082724 0.016143423140597003 0.027019155386353823 -0.15883407023614951 0.05252006497399158 -0.12580032545572287 -0.0039394432323160344 -0.1755942215975044
leaf_weight=2.6248824241920365 16.88905818227795 44.172539174556732 6.1818264480680218 298.46487350703683 44.484771492076106 46.160412314115092 8.1026868158951384 2.6926849093288174 13.302148588001726 228.52303878363455 26.881129112094641 12.602403905708341 14.704901182092724 29.018673256388865 11.927643643692134 11.051410076499449 17.779273243970238 738.09731745673344 7.0004493852611622 163.39649850991555 7.0114042498171321 5.5591841819696111 3.6387061404529959 38.122513124253601 125.90760769415647 14.471810354560146 56.578400215948932 13.790765011683105 35.019295268575661 4.7741502830758682
leaf_count=144 627 205 32 3255 452 156 280 46 38 1291 94 158 45 490 35 90 149 3063 66 498 38 46 15 236 784 182 202 101 151 23
internal_value=0.000262541 0.00045924 0.033905 -0.000384538 0.000133532 0.0137886 -0.00274568 -0.00122356 -0.0442749 -0.000611084 -0.00563605 -0.0236792 0.00260296 -0.0592256 -0.0399073 -0.0556976 -0.0374876 -0.000161814 -0.0054924 0.0125737 0.0332875 -0.000876661 -0.114175 -0.015232 0.00323852 0.0054428 -0.016354 0.00236331 0.0207035 -0.0245334
internal_weight=2048.93 2046.31 50.3544 1995.95 1979.06 344.625 1634.44 1576.65 57.7869 1568.55 1135.71 356.025 779.683 120.502 91.4832 79.5556 68.5042 752.802 235.523 432.841 170.408 262.433 9.19789 55.9018 253.235 250.542 124.634 110.163 96.3718 39.7934
internal_count=12992 12848 237 12611 11984 3411 8573 8083 490 7803 5717 2515 3202 1158 668 633 543 3108 1357 2086 536 1550 61 385 1489 1443 659 477 376 174
is_linear=0
shrinkage=0.1


Tree=86
num_leaves=31
num_cat=0
split_feature=36 47 3 6 17 26 3 10 0 8 35 4 43 3 38 7 45 36 8 50 28 35 4 28 0 21 11 4 6 19
split_gain=5.30171 8.40602 15.6867 13.7853 13.56 10.9445 10.8697 10.7558 15.6672 15.9686 10.1264 9.90645 8.77749 6.68576 13.9822 14.2432 10.4947 16.5812 17.2287 17.0259 9.43663 13.4144 12.5175 13.7204 8.6443 13.6109 15.3469 14.0114 19.0885 20.6354
threshold=0.83364582061767589 0.38859400153160101 5.0950274467468271 68.647136688232436 20.000885963439945 1.7254000306129458 7.3754191398620614 -0.012979993131011723 0.33169473707675939 68.610836029052749 0.89109286665916454 5.7603173255920419 0.53749999403953563 0.54374009370803844 0.42657859623432165 53.750263214111335 0.7086472511291505 0.10072775557637216 74.47861480712892 0.7617381513118745 14089.000000000002 0.91939398646354686 0.9613267481327058 925203.50000000012 0.16852810978889468 0.021604487672448162 0.58919122815132152 2.038806796073914 74.741806030273452 2.8619530200958256
decision_type=2 2 2 2 2 2 2 2 2 2 2 2 2 2 2 2 2 2 2 2 2 2 2 2 2 2 2 2 2 2
left_child=13 2 11 5 -3 6 -4 -6 9 10 12 -2 -9 14 -1 -16 17 -17 19 20 -19 22 23 -22 25 -15 -27 28 29 -28
right_child=1 4 3 -5 7 -7 -8 8 -10 -11 -12 -13 -14 24 15 16 -18 18 -20 -21 21 -23 -24 -25 -26 26 27 -29 -30 -31
leaf_value=0.029596758081553699 0.052806861767640115 -0.17443308225440907 -0.26303074652803887 0.0306351956424009 0.06033876452292998 0.024106037466776222 -0.057525161690148853 -0.10070710380110293 0.02915235936941106 -0.19558587801381921 -0.17323149637298962 -0.053874528570865214 0.041691845962922129 -0.0086025501087489253 0.016728785806547013 -0.09366835713808852 0.037218318776407279 0.033998777141638729 0.049362661287123785 -0.2073671509929782 -0.11409892224324514 0.090489401487972645 -0.16025292168648064 0.030748582450707003 0.0019643459059642244 0.029186499718967869 -0.11441650594555189 -0.0063921188765962466 -0.024053877869865209 -0.32768617192604299
leaf_weight=189.58041380206123 112.12218231311999 4.7567428871989241 5.2234153933823126 15.288334645330904 21.415865299291909 4.5751328319311133 5.0738138165324926 6.2377636551391396 30.973605703096837 7.7453437913209191 4.1519014332443467 9.4370661191642267 14.143742986023424 505.56177584343823 153.4034333518357 37.062794354220387 22.346617176488508 17.79547903733328 29.073449607705697 5.7472740337252608 12.084681074949915 5.7118623107671729 11.637194765964521 14.25165329989977 712.33915882487781 16.955086188856512 18.241273856256161 18.14155915309675 15.026360445190219 6.0387795232236376
leaf_count=761 409 32 29 55 103 15 25 39 159 40 32 36 66 4454 1935 704 112 92 137 29 144 14 111 89 2978 122 108 67 59 36
internal_value=0.000254297 0.0141743 0.0285082 -0.036045 -0.0101448 -0.10459 -0.161771 -0.000914957 -0.0216541 -0.0704063 -0.0308864 0.0445248 -0.00188938 -0.00161993 0.00821549 -0.00489769 -0.0262037 -0.0368307 -0.014956 -0.0427713 -0.0273847 -0.0523897 -0.0738811 -0.0357161 -0.00541538 -0.0144795 -0.0544127 -0.079086 -0.112637 -0.16746
internal_weight=2032.14 241.145 151.72 30.1607 89.425 14.8724 10.2972 84.6682 63.2524 32.2788 24.5334 121.559 20.3815 1791 498.695 309.114 155.711 133.364 96.3016 67.2281 61.4809 43.6854 37.9735 26.3363 1292.3 579.965 74.4031 57.448 39.3064 24.2801
internal_count=12992 1040 569 124 471 69 54 439 336 177 137 445 105 11952 4128 3367 1432 1320 616 479 450 358 344 233 7824 4846 392 270 203 144
is_linear=0
shrinkage=0.1


Tree=87
num_leaves=31
num_cat=0
split_feature=18 34 8 20 34 24 45 11 51 28 16 10 14 1 23 36 38 33 34 50 19 35 35 24 28 2 43 9 36 50
split_gain=5.57406 15.1981 13.4795 11.5737 19.1052 11.7762 11.4528 10.2017 10.1 10.0173 10.4547 9.92847 12.221 10.4407 14.7878 11.3331 10.2767 9.88677 9.81006 9.58156 9.47447 9.38987 9.21634 9.19764 11.4246 14.7237 9.94821 11.0094 10.5477 10.2701
threshold=0.0001953217506525107 0.94242927432060253 65.943325042724624 2.5000000000000004 0.58624675869941723 0.59135800600051891 0.57945978641510021 0.68963521718978893 0.78502601385116588 35120.000000000007 -0.0054312178399413815 -0.028130494989454743 20.186535835266117 0.17946953326463702 0.16666667908430102 0.21638932824134829 0.51546099781990062 0.95868444442749035 0.91107487678527843 0.7568030357360841 0.94905751943588268 0.6053428351879121 0.98958224058151256 0.038461543619632728 5626382.5000000009 0.13949492573738101 0.56250000000000011 -0.023663255386054512 0.10564017295837404 0.53125154972076427
decision_type=2 2 2 2 2 2 2 2 2 2 2 2 2 2 2 2 2 2 2 2 2 2 2 2 2 2 2 2 2 2
left_child=1 2 11 4 5 6 7 -2 -7 -8 -11 16 -13 14 15 -14 23 -5 22 -4 -12 -15 -16 -1 26 -26 28 29 -25 -28
right_child=3 -3 19 17 -6 8 9 -9 -10 10 20 12 13 21 18 -17 -18 -19 -20 -21 -22 -23 -24 24 25 -27 27 -29 -30 -31
leaf_value=0.028744333294588937 0.030018759410108953 0.040716107618043153 -0.071998024621420229 -6.2879645788796752e-05 0.071387529108183467 -0.14443767277202055 0.044866335067128643 -0.097192395194843129 0.096330421023346352 -0.15273295773472162 -0.15525477949238428 0.02141677426240338 -0.11392107213431431 -0.065718458697058113 -0.10495717174848439 0.047815385994709268 -0.044099669848133863 -0.11234128486368716 0.044450262466764416 -0.31893021020670292 0.01110527442113262 0.02144202602129967 0.068454975324941297 -0.065510668382032691 0.035846392887846003 -0.16596483446296573 -0.068160524152730592 -0.0044863685681046017 0.028393545439536927 -0.32760062764675513
leaf_weight=120.9617514583515 159.2252253802435 56.756536819040775 19.515582431515217 1185.5319187736895 60.815814880188555 8.4305107902036962 11.588068335782735 6.5639370011631391 2.1961838975548735 9.2822544242953899 4.3596090461360317 39.045832823263481 5.7836853421758887 18.459347150812391 60.574893961835187 17.266269889718387 42.578765667101834 7.8948620979790567 5.3782436212059102 1.7089855424128462 15.941483945964135 37.407388622057624 3.2281084693968287 14.117810901254414 5.7746072103036559 9.6672707442194206 3.7382618270348784 9.7228071214631182 78.318627591943368 2.5780958347022533
leaf_count=478 1083 256 456 5254 263 107 70 186 5 68 77 740 355 217 1443 98 760 48 18 12 86 226 19 149 37 59 27 56 319 20
internal_value=0.000262167 -0.00830163 -0.0139126 0.00347735 0.0218372 0.00798782 0.0132594 0.0249822 -0.0946789 -0.0339461 -0.0648176 -0.0104258 -0.0283515 -0.0414729 -0.0621375 0.00723254 0.00124434 -0.000805634 -0.0852503 -0.0918808 -0.0246201 -0.00735732 -0.0961834 0.0091286 -0.0100192 -0.090496 0.0014369 -0.0712635 0.0140516 -0.174054
internal_weight=2024.41 552.583 495.826 1471.83 278.403 217.587 206.961 165.789 10.6267 41.1714 29.5833 474.602 187.144 148.098 92.2312 23.05 287.458 1193.43 69.1812 21.2246 20.3011 55.8667 63.803 244.879 123.917 15.4419 108.476 16.0392 92.4364 6.31636
internal_count=12992 5745 5489 7247 1945 1682 1570 1269 112 301 231 5021 3116 2376 1933 453 1905 5302 1480 468 163 443 1462 1145 667 96 571 103 468 47
is_linear=0
shrinkage=0.1


Tree=88
num_leaves=31
num_cat=0
split_feature=12 5 13 15 19 6 44 34 3 50 16 26 11 26 22 8 13 43 3 38 17 22 8 1 22 14 33 50 28 51
split_gain=5.30855 10.7844 11.4552 17.7637 9.75718 10.9616 7.43068 8.15177 7.94434 7.82739 6.4629 6.31795 11.726 10.9926 16.5113 9.60637 11.5036 14.3065 11.1365 12.3157 17.9601 13.3072 10.2271 14.6787 11.0375 11.0215 9.93049 9.45557 9.47766 10.9108
threshold=17.500000000000004 0.40157014131546026 31.864352226257328 -0.18065840750932691 6.0520131587982187 62.718500137329109 0.94606846570968639 0.88987958431243908 2.7197318077087407 0.95981970429420482 -0.67614898085594166 0.97014999389648449 1.3283296823501589 0.91045001149177562 32.408777236938484 78.338123321533217 40.023300170898445 0.38750000298023229 0.25204847753047949 0.40466453135013586 67.826019287109389 39.585687637329109 88.375961303710952 0.59217146039009105 33.932683944702156 30.119359016418461 0.6577022671699525 0.03922801464796067 28004856.000000004 0.38153949379920965
decision_type=2 2 2 2 2 2 2 2 2 2 2 2 2 2 2 2 2 2 2 2 2 2 2 2 2 2 2 2 2 2
left_child=11 2 3 -2 5 -5 7 8 -3 -10 -4 12 13 15 -15 16 -1 -18 -19 20 26 -21 25 24 -24 -17 -20 -13 -29 -30
right_child=1 6 10 4 -6 -7 -8 -9 9 -11 -12 27 -14 14 -16 22 17 18 19 21 -22 -23 23 -25 -26 -27 -28 28 29 -31
leaf_value=0.0030888981690062297 0.079595033495907574 0.029864901282265256 -0.14953290806672023 -0.16210138892541839 -0.013788501883965319 -0.44585866966085075 -0.12015700711070321 0.073241429759924565 -0.12098377497220336 0.042513185843078921 0.0358090965100126 -0.10084481976825606 -0.12482185869370051 -0.037025435708030678 -0.25491898781036315 -0.11191748038234464 -0.21931332075174775 0.03380646677236359 -0.10403654104312954 -0.027498133090428076 -0.24922178181517085 0.046388213529088854 -0.019094553712666055 0.067286559018086833 -0.27987876145043605 0.05359521261159117 -0.0069033862456813443 0.0073627654743484844 -0.14417011046909367 -0.016659417442291012
leaf_weight=382.56904048539582 3.9300515248905858 76.240330302651273 2.1026356833754134 5.5957242410513555 2.8659246098250151 1.7990742409601805 3.1863554546143851 37.946771623566747 7.4594382129143906 4.8204208463430405 17.880455959995743 8.569603732088579 8.5067133463453484 26.424530740885533 4.0047788619995108 4.2932775676017618 3.6774394979584022 33.022602228884352 19.750509958714247 177.12659146788064 5.199593409895896 28.265614557807567 3.0491544398828392 5.2065547108650208 3.46983211429324 63.970024781709071 22.534039894118905 967.79778939919197 7.3924265457317224 72.760207136991085
leaf_count=2961 29 648 24 104 16 13 31 137 36 20 138 137 48 192 23 32 62 246 125 1354 31 106 29 21 28 254 85 5644 56 362
internal_value=0.000240183 0.0174925 -0.0324822 -0.101186 -0.170429 -0.231136 0.0306647 0.0344647 0.0178419 -0.0568035 0.0163073 -0.00128959 -0.00804757 -0.00677819 -0.0657022 -0.00439429 -0.00829294 -0.0233299 -0.020809 -0.0279411 -0.0738391 -0.0173301 0.0283661 -0.0579098 -0.157901 0.0431856 -0.0522729 0.00377045 0.00462594 -0.0284196
internal_weight=2011.42 163.827 34.1739 14.1908 10.2607 7.3948 129.653 126.467 88.5202 12.2799 19.9831 1847.59 791.07 782.564 30.4293 752.134 672.145 289.576 285.899 252.876 47.4841 205.392 79.9888 11.7255 6.51899 68.2633 42.2845 1056.52 1047.95 80.1526
internal_count=12992 1196 324 162 133 117 872 841 704 56 162 11796 5597 5549 215 5334 4970 2009 1947 1701 241 1460 364 78 57 286 210 6199 6062 418
is_linear=0
shrinkage=0.1


Tree=89
num_leaves=31
num_cat=0
split_feature=35 19 14 44 28 15 24 16 23 1 28 27 36 4 16 47 5 34 11 38 18 33 50 19 45 18 13 19 36 14
split_gain=5.10343 9.74085 10.2998 10.5592 8.5187 16.2979 18.2333 12.0945 9.74951 11.7446 12.1954 11.1806 10.0734 13.3542 12.0718 15.815 12.6171 10.0502 12.1773 10.0311 9.66663 17.389 9.53677 11.432 19.5071 14.2224 14.7639 9.48503 8.75634 8.71598
threshold=0.7274845838546754 8.9139642715454119 14.100329399108888 0.73398220539093029 1643982.0000000002 -0.045134106650948518 0.01351329777389765 0.42892813682556158 0.48893357813358312 0.18355464935302737 2346.0000000000005 0.24000000208616259 0.37536482512950903 1.5078973770141604 1.5352017283439638 0.52906912565231334 0.22585453838109973 0.84792113304138195 0.6783224642276765 0.3931646347045899 0.3554185181856156 0.81464901566505443 0.71640577912330639 3.2779027223587041 0.70081496238708507 0.023729131557047371 45.831302642822273 7.4586751461029062 0.15762690454721454 53.720857620239265
decision_type=2 2 2 2 2 2 2 2 2 2 2 2 2 2 2 2 2 2 2 2 2 2 2 2 2 2 2 2 2 2
left_child=-1 2 3 -2 8 6 -6 22 9 17 -11 -12 14 -14 15 16 -13 18 28 -18 -15 -22 -7 -24 25 -25 -27 29 -4 -10
right_child=1 -3 4 -5 5 7 -8 -9 27 10 11 12 13 20 -16 -17 19 -19 -20 -21 21 -23 23 24 -26 26 -28 -29 -30 -31
leaf_value=-0.0029884828443776639 -0.012053434298551633 0.064237008685565034 -0.10259802377441481 -0.26500141811408934 -0.0058130822295692948 0.030426668875336845 -0.22141545751590241 -0.13866308219164966 0.055136027336577 0.083028214521062543 0.12124603451309096 0.026262616281143208 0.078383813873951852 0.063690178222849517 -0.15520905921252162 0.020686940077429564 0.0079257700541500997 0.070788748192530379 -0.15828556071450242 -0.13206265530617167 -0.19415913656923983 0.058438642482056359 0.0021783937148257778 -0.00069180324841702334 0.0090816002932238866 -0.11509531204738398 -0.39078390487742892 -0.1029228849440588 0.039402627988328318 0.00045412795975477671
leaf_weight=1423.2159145490441 3.9692745483480385 29.378612008877099 5.1180561566725364 2.8247801549732685 8.2893850859254581 73.810426643118262 7.4456776024308047 6.2101116504054508 104.27720425615553 11.249329669866709 4.9478655247949055 9.4179293316556123 16.361851520836353 5.2931749597191837 9.8397653696592879 28.425864358898252 6.3437868729233733 36.505999529734254 4.4392722728662184 26.507007874199189 7.26025567576289 4.3631109967827797 72.31641898304224 3.3085688948631304 12.149291040375827 4.0228225663304329 3.7563671600073576 4.8076901361346236 28.657980231917463 40.459250028943643
leaf_count=10217 32 146 131 18 35 291 54 36 468 49 14 42 54 19 60 108 21 123 65 194 40 20 291 16 62 21 27 30 110 198
internal_value=0.000237131 0.0081283 0.00514412 -0.117222 0.00666793 -0.0103364 -0.107834 -0.00159855 0.0158503 0.0016723 -0.0164854 -0.0259116 -0.0323091 0.0139717 -0.0514333 -0.036989 -0.0757763 0.0332655 -0.00257947 -0.10503 -0.0483283 -0.0993405 0.00342723 -0.0174285 -0.0784476 -0.174357 -0.248218 0.0352604 0.0178854 0.0398504
internal_weight=2004.97 581.757 552.379 6.79405 545.584 191.309 15.7351 175.574 354.275 204.731 130.01 118.761 113.813 33.2784 80.5344 70.6946 42.2687 74.7213 38.2153 32.8508 16.9165 11.6234 169.364 95.5535 23.237 11.0878 7.77919 149.544 33.776 144.736
internal_count=12992 2775 2629 50 2579 833 89 744 1746 1050 621 572 558 133 425 365 257 429 306 215 79 60 708 417 126 64 48 696 241 666
is_linear=0
shrinkage=0.1


Tree=90
num_leaves=31
num_cat=0
split_feature=18 6 34 5 28 35 45 11 44 2 12 28 19 5 38 50 36 19 43 36 34 9 44 38 13 44 28 39 39 36
split_gain=5.0089 9.01073 8.93733 9.72261 8.65394 8.94198 9.56836 8.543 13.0823 9.11177 7.56168 7.43234 7.33158 7.33995 8.29116 9.1753 8.10402 7.15979 8.03098 9.82138 7.13402 8.42461 6.8652 7.47839 6.63689 8.91399 6.50447 9.88133 11.9734 11.2004
threshold=-0.012284231372177599 72.638656616210952 0.94887384772300731 0.012682307045906784 298.00000000000006 0.60841399431228649 0.41544204950332647 0.60970431566238414 0.71318194270133983 0.082014415413141264 30.500000000000004 19245094.000000004 -6.1004481315612784 0.53800529241561901 0.51453509926795971 0.39471718668937689 0.087263029068708434 1.8685252666473391 0.51249998807907116 0.32493872940540319 0.50004315376281749 0.0066235610283911237 0.75633391737937938 0.3866154551506043 43.30328559875489 0.59019541740417492 384.81007385253912 0.99999997019767772 0.93357843160629284 0.086234811693429961
decision_type=2 2 2 2 2 2 2 2 2 2 2 2 2 2 2 2 2 2 2 2 2 2 2 2 2 2 2 2 2 2
left_child=1 2 3 -1 5 6 -5 9 10 20 -9 12 -11 17 16 -16 -15 -14 -19 -20 21 -6 -10 -24 -4 -26 -2 28 -28 -30
right_child=26 -3 24 4 7 -7 -8 8 22 11 -12 -13 13 14 15 -17 -18 18 19 -21 -22 -23 23 -25 25 -27 27 -29 29 -31
leaf_value=-0.21043564180223814 -0.040720089756540893 -0.21841318735920892 0.09340909347744232 -0.16569993014859952 -0.078237133281512508 0.084447828392078983 0.046475754072096233 -0.11174444307562402 0.092744343111076266 -0.10369163648242428 0.10447081800043048 -0.12541484939488465 0.034086937279243584 -0.10864974898324947 -0.027977299148564096 -0.17049452248250821 0.0032919964598829444 0.017672794949306209 -0.12635213625684444 0.015397891643560483 -0.13727688578305583 0.10947785500465793 0.10821729228066253 -0.15868043626782619 0.053599673570311736 -0.089440145956980674 0.0026677225367756673 0.024801305560913992 -0.18532187126605132 -0.029467475266013093
leaf_weight=2.4986253923270842 33.86189575039316 2.0672913636662988 13.845297470688818 3.5640392071800324 7.6915454490226711 17.350709515623748 5.265562147309538 25.82384048464883 6.8225510516785999 7.0176009722053996 1.7255888342624519 5.060025389015208 81.223408723832108 7.0635843190830192 12.843556459411049 6.9682608189177691 76.597351594915381 31.63404620741494 11.028347721323373 8.7788871545344573 9.6559778456576151 3.4692236628616229 1.6157865356653927 2.9972192816785537 12.152932692319157 6.7913273442536584 1336.3745943590475 192.71035494690295 5.0042349434515918 58.676037264871411
leaf_count=18 252 23 74 42 550 74 60 627 37 152 10 52 643 103 262 128 357 153 100 32 220 52 3 81 54 38 7582 856 59 298
internal_value=0.000256322 -0.0102195 -0.00905464 -0.0139081 -0.0124388 0.0427569 -0.0391683 -0.0171302 -0.0608795 -0.0107906 -0.0982016 -0.00546101 -0.00296479 2.86424e-05 -0.0199345 -0.0781038 -0.00615937 0.015599 -0.0135925 -0.0635262 -0.0743394 -0.0198876 0.029033 -0.0651948 0.0407829 0.00232133 0.0026492 0.00357122 0.000649009 -0.0417151
internal_weight=1998.18 371.553 369.485 336.696 334.197 26.1803 8.8296 308.017 38.985 269.032 27.5494 248.215 243.155 236.137 103.473 19.8118 83.6609 132.665 51.4413 19.8072 20.8167 11.1608 11.4356 4.61301 32.7896 18.9443 1626.63 1592.77 1400.05 63.6803
internal_count=12992 3945 3922 3756 3738 176 102 3562 758 2804 637 1982 1930 1778 850 390 460 928 285 132 822 602 121 84 166 92 9047 8795 7939 357
is_linear=0
shrinkage=0.1


Tree=91
num_leaves=31
num_cat=0
split_feature=36 37 6 17 15 19 5 22 37 28 35 0 2 28 28 38 1 45 14 12 51 28 39 37 36 39 11 1 10 33
split_gain=4.61896 8.00549 8.49273 9.10037 7.66832 7.95239 9.51003 16.1369 13.0696 6.4621 6.87409 5.60546 7.80273 10.384 12.2579 15.0209 5.48548 9.65344 11.6678 10.3299 10.8313 9.8934 14.564 12.4853 14.5438 16.0445 12.8707 10.0512 9.75674 9.7525
threshold=0.83364582061767589 0.56912118196487438 51.616636276245124 35.503780364990241 0.12563695758581164 5.7130680084228525 0.81425988674163829 43.630102157592781 0.6148718297481538 1657.6401367187502 0.61939558386802684 0.33169473707675939 0.12967922538518908 478056.50000000006 5626382.5000000009 0.436851516366005 0.13273513317108157 0.46208792924880987 12.085213661193849 6.5000000000000009 0.35912485420703893 2346.0000000000005 0.087977301329374327 0.52343717217445385 0.26887035369873052 0.65373870730400097 1.0000000180025095e-35 0.087190378457307829 0.0053957013878971347 0.70842534303665172
decision_type=2 2 2 2 2 2 2 2 2 2 2 2 2 2 2 2 2 2 2 2 2 2 2 2 2 2 2 2 2 2
left_child=16 9 3 -3 11 6 -6 8 -8 10 -2 12 -4 -14 15 -15 17 18 -1 21 29 28 -23 26 25 27 -24 -25 -19 -21
right_child=1 2 4 -5 5 -7 7 -9 -10 -11 -12 -13 13 14 -16 -17 -18 19 -20 20 -22 22 23 24 -26 -27 -28 -29 -30 -31
leaf_value=-0.24771748702353738 -0.11723193544630453 -0.0082088061422262385 0.032173707074959888 -0.18530374750147094 0.023448110570626263 0.06334928911344602 -0.08844282277988029 0.017598956241674093 -0.31763884807889742 0.043717067697966919 0.04506779575232768 0.10352719755818003 0.056139144407512255 -0.011363560729487601 -0.0015512612195211889 -0.29793546127393788 0.0023928453507907396 -0.072908632673465007 0.011058659558709482 -0.10586427961757017 0.0096242519493199251 -0.1537877243838483 0.068428875098260608 -0.14966047098602472 0.0012904511989195958 -0.16078219908616845 -0.097569131446066104 0.01353930561408211 0.071974006486555095 0.036905561335836543
leaf_weight=1.7583430649247009 5.4413054665783402 6.858054379001258 59.84841039404273 5.0297674871981144 8.5482418444007688 6.2934389077126971 5.9409980624914187 6.4477063566446295 4.2806768193840981 88.881149886699859 5.0146345794200897 7.3810160793364039 8.3457093797624129 3.1965896934270885 8.8846420347690565 4.2754361983388662 1175.6426582511049 6.5765600026934434 191.7410880656098 16.326093942800075 147.57238598089316 10.750787398341343 5.2698127223993643 4.8117991825565722 98.451810642029159 13.193832566961644 41.096492193231825 17.494304780382663 15.850840487051753 6.7680253458674988
leaf_count=33 33 29 238 26 37 32 29 28 25 366 30 44 36 10 39 38 5925 148 2187 361 950 339 45 70 497 126 1055 82 86 48
internal_value=0.000235473 0.013411 -0.00241328 -0.0831381 0.00536071 -0.0372107 -0.062307 -0.106283 -0.184427 0.0349691 -0.0393935 0.0199527 0.012657 -0.0346278 -0.0809401 -0.175338 -0.00152798 -0.00950755 0.00870714 -0.0186821 -0.000341594 -0.0333434 -0.0407185 -0.0339772 -0.0184959 -0.0733694 -0.0787024 -0.0216656 0.029489 -0.0640238
internal_weight=1987.97 234.668 135.331 11.8878 123.443 31.5111 25.2176 16.6694 10.2217 99.3371 10.4559 91.9318 84.5508 24.7024 16.3567 7.47203 1753.3 577.662 193.499 384.163 170.667 213.496 191.069 180.318 133.952 35.4999 46.3663 22.3061 22.4274 23.0941
internal_count=12992 1040 611 55 556 151 119 82 54 429 63 405 361 123 87 48 11952 6027 2220 3807 1359 2448 2214 1875 775 278 1100 152 234 409
is_linear=0
shrinkage=0.1


Tree=92
num_leaves=31
num_cat=0
split_feature=33 8 34 51 19 18 37 47 35 44 3 15 34 22 33 47 27 36 45 26 24 34 44 17 35 3 16 34 39 21
split_gain=4.93383 5.53048 10.2921 7.48755 10.4337 7.77514 7.74545 10.0183 7.5331 6.85537 11.5664 9.93204 8.30557 9.34245 6.77975 8.50338 12.2776 11.0504 7.5215 7.17329 6.75416 6.66665 6.62177 6.45379 8.52282 10.0976 10.6499 8.84062 10.6493 11.8803
threshold=0.21700425446033481 26.505303382873539 0.22374207526445392 0.029223186895251278 4.3043377399444589 -0.68911623954772938 0.52560847997665416 0.20062857866287234 0.75405296683311474 0.69680356979370128 4.8294742107391366 -0.0021235680906102057 0.59625360369682323 12.53263568878174 0.67326983809471141 0.3746593594551087 0.76150000095367443 0.31427145004272466 0.53337836265563976 0.8355500102043153 0.25641025602817541 0.41028654575347906 1.0000000180025095e-35 34.071578979492195 0.57450252771377575 0.42507569491863256 -0.087789557874202714 0.50004315376281749 0.70878201723098766 0.035696895793080337
decision_type=2 2 2 2 2 2 2 2 2 2 2 2 2 2 2 2 2 2 2 2 2 2 2 2 2 2 2 2 2 2
left_child=-1 9 -3 4 20 6 8 -8 -5 11 12 14 13 -11 15 16 17 18 19 -2 -4 -21 -7 -24 25 26 -25 28 -26 -30
right_child=1 2 3 5 -6 22 7 -9 -10 10 -12 -13 -14 -15 -16 -17 -18 -19 -20 21 -22 -23 23 24 27 -27 -28 -29 29 -31
leaf_value=-0.14387213767779841 -0.13250239184904522 -0.11573909117514632 0.015765771098384496 -0.095098028259666789 -0.12615442001034716 -0.12221640506337264 0.013106289419383986 -0.20753953039440043 0.01984387996648657 -0.074257589314106975 0.10081113149736987 0.074274363898254564 -0.0067984742535046119 -0.30648201020742533 0.073967235263007095 0.043764949733448029 -0.16387897028412962 0.03796349412394296 -0.16855683028662255 -0.13249201727803611 -0.10801356614194742 0.051076615482828019 0.0089182583727289034 -0.13373939564606271 0.045249988620626229 -0.028434490557995226 0.034298925630572019 -0.0029675087044805379 0.047807446601581143 -0.062127484833634145
leaf_weight=2.3730894074542439 4.6984631933155532 7.8031316702545146 20.702534082753122 8.5894928663474293 11.113667639438061 4.3354118500137693 3.2365084227058087 5.6502809254452586 16.960659848176874 6.4567640620516666 5.4067088067531577 33.986570192384534 11.182585020404074 2.3676371788606048 14.644706967985256 28.720108887180686 5.5995162727776906 25.104717672802508 4.8964120168238869 2.4937355118454425 5.6010016524232915 9.5732129557291028 702.95837400841992 4.0983605693909331 88.209050411824137 214.95657257124549 47.306651899940334 639.61965084495023 16.759506138972938 23.774980898946524
leaf_count=144 102 484 157 213 63 81 26 38 170 56 15 123 57 16 57 118 54 87 68 41 66 54 4964 72 309 1603 526 3043 62 123
internal_value=0.000231381 0.000404372 -0.00113915 -0.000646151 -0.044916 0.000286298 -0.0467671 -0.127182 -0.0187975 0.0185297 -0.0289635 0.0278343 -0.064034 -0.136565 0.0113471 3.74901e-05 -0.0239448 -0.00719 -0.0595201 -0.0276755 -0.0105915 0.0131406 0.00121647 0.00152443 -0.0034987 -0.0189131 0.0209018 0.00184487 0.0257536 -0.0166735
internal_weight=1979.18 1976.81 1821.68 1813.87 37.4172 1776.46 34.4369 8.88679 25.5502 155.131 25.4137 129.717 20.007 8.8244 95.7309 81.0862 52.3661 46.7665 21.6618 16.7654 26.3035 12.0669 1742.02 1737.68 1034.72 266.362 51.405 768.363 128.744 40.5345
internal_count=12992 12848 12000 11516 286 11230 447 64 383 848 144 704 129 72 581 524 406 352 265 197 223 95 10783 10702 5738 2201 598 3537 494 185
is_linear=0
shrinkage=0.1


Tree=93
num_leaves=31
num_cat=0
split_feature=37 15 5 45 35 33 34 11 2 0 21 6 11 0 20 34 34 28 15 25 0 35 40 36 27 4 35 35 47 17
split_gain=4.49166 4.99519 6.38703 8.00026 4.91295 11.1455 14.1824 12.3799 9.8972 11.3275 10.4185 9.21998 13.6988 9.12561 8.6699 16.7941 10.2228 11.1812 16.2355 12.9776 14.9477 10.9796 12.9044 11.6947 10.9024 10.8076 10.1853 31.4707 11.8373 10.3404
threshold=0.66995754837989818 0.06797350570559503 0.83159610629081737 0.76114422082901012 0.49978068470954901 0.44373036921024328 0.54573604464530956 0.3208011537790299 0.22941396385431292 0.14347985386848452 -0.01206792891025543 41.095706939697273 0.085948221385478987 0.093275971710681929 2.5000000000000004 0.79805731773376476 0.37029887735843664 13057.786621093752 -0.14902491122484204 1.0000000180025095e-35 0.1202087812125683 0.51591998338699352 1.0000000180025095e-35 0.66720122098922741 0.39720000326633459 0.64725095033645641 0.5000385344028474 0.54327899217605602 0.3124817162752152 13.402565479278566
decision_type=2 2 2 2 2 2 2 2 2 2 2 2 2 2 2 2 2 2 2 2 2 2 2 2 2 2 2 2 2 2
left_child=4 2 -2 -4 5 13 7 8 9 10 -7 12 -10 -1 15 16 -6 -18 25 20 -20 22 23 -21 -22 -19 -16 28 29 -28
right_child=1 -3 3 -5 14 6 -8 -9 11 -11 -12 -13 -14 -15 26 -17 17 18 19 21 24 -23 -24 -25 -26 -27 27 -29 -30 -31
leaf_value=-0.10900904716667215 0.053628881118040928 0.1049980232305765 -0.1589411697370704 0.026875271002879866 -0.046081817428613614 0.027884559279842319 0.025174068215091085 -0.11476996581349203 0.055424668875380993 -0.15406497527138352 -0.11557564713594393 0.071604840994220584 -0.18599513466903528 0.024145836578516933 0.027655646626958064 0.081384571356221236 0.049124660682951474 -0.022284342690452989 -0.078603780600629336 -0.14128811573657785 -0.09189429728539962 0.052785825838210454 0.033775358667768866 0.068241584105053155 0.035874098323327927 -0.14884039396832455 0.056663575565332219 -0.0005159045816900301 -0.0079096706471620919 -0.097555498210964264
leaf_weight=5.5696838555013519 15.878958567976953 8.0817557964473945 3.9460091888904554 5.6128685809671879 31.589737318630796 13.472004789684435 27.795449603931047 25.807809637393802 5.0511506944894808 10.162520715210119 8.1094060410396214 13.645884089171885 4.3957812683656812 67.80883712132345 104.42557189823128 34.455397718818858 68.711708018614445 19.811949364317119 27.166500351653667 10.447119855671188 8.03211917466251 86.851548855018336 23.071111353638116 3.5754176676273337 39.626323170959949 10.233139485324498 4.701997415162622 1197.4893162422086 28.24240810284391 57.705076540863956
leaf_count=452 67 27 26 27 552 128 187 625 16 130 186 31 35 625 643 195 556 214 697 157 126 462 202 10 292 146 17 5366 118 677
internal_value=0.000216444 0.0365101 0.0147511 -0.0498318 -0.000411304 -0.0160593 -0.036426 -0.0576575 -0.0307787 -0.0670137 -0.0260219 0.0190308 -0.0569111 0.0140389 0.00120879 0.01496 0.00800595 0.0137487 0.00312552 0.0134817 -0.0194045 0.0333349 -0.0122077 -0.087863 0.0143406 -0.0653884 -0.00238139 -0.0048164 -0.0616264 -0.085936
internal_weight=1971.47 33.5196 25.4378 9.55888 1937.95 181.819 108.44 80.6446 54.8367 31.7439 21.5814 23.0928 9.44693 73.3785 1756.14 363.572 329.117 297.527 228.815 198.77 74.8249 123.945 37.0936 14.0225 47.6584 30.0451 1392.56 1288.14 90.6495 62.4071
internal_count=12992 147 120 53 12845 2415 1338 1151 526 444 314 82 51 1077 10430 3609 3414 2862 2306 1946 1115 831 369 167 418 360 6821 6178 812 694
is_linear=0
shrinkage=0.1


Tree=94
num_leaves=31
num_cat=0
split_feature=11 15 47 16 10 33 7 23 19 17 45 9 36 44 19 14 26 5 45 37 27 10 50 26 27 23 23 38 45 38
split_gain=4.28832 8.93743 8.11822 7.85123 12.2033 10.2565 12.1837 9.97094 9.93913 9.90706 13.3901 12.2492 9.68361 10.061 9.90549 12.003 11.0231 9.64457 13.9166 12.6011 11.9465 15.7226 12.7862 9.30362 9.16381 11.4053 16.1309 10.7998 8.93066 11.862
threshold=0.41115622222423559 0.19262842833995822 0.083807565271854415 0.0013636227813549342 0.11123737320303918 0.7384239435195924 76.253704071044936 0.66666671633720409 8.9139642715454119 49.904531478881843 0.58336395025253307 0.049999855458736427 0.3903502374887467 0.91632205247879039 -0.094901069998741136 19.5304708480835 3.8062499761581425 0.4718699604272843 0.34220357239246374 0.55964040756225597 0.90849998593330394 -0.10020663216710089 0.74715277552604686 0.4946999996900559 0.90849998593330394 0.71428576111793529 0.19030845165252688 0.5165356993675233 0.65480393171310436 0.392096757888794
decision_type=2 2 2 2 2 2 2 2 2 2 2 2 2 2 2 2 2 2 2 2 2 2 2 2 2 2 2 2 2 2
left_child=1 2 -1 4 5 6 8 -5 9 11 -11 17 14 -14 -9 -16 28 19 -19 -2 21 -20 -22 -12 25 26 -13 -27 29 -17
right_child=3 -3 -4 7 -6 -7 -8 12 -10 10 23 24 13 -15 15 16 -18 18 20 -21 22 -23 -24 -25 -26 27 -28 -29 -30 -31
leaf_value=-0.11984921449527625 -0.082576384483710435 0.060048230068330204 0.0052488425169769379 -0.0051208986758870152 -0.17909777861071707 0.0079259774637536647 -0.19511252253637412 0.030015741657934913 0.059343639493082884 0.04433637895367698 0.041854882560119988 -0.13940793867762721 0.052136416450516948 -0.041500496120324526 -0.1569469415487339 -0.25118670209533905 -0.16309133120109948 0.075158904954548619 -0.39043117613670691 -0.26619830876119266 -0.12850954005748966 -0.033791069781822183 -0.52797552456823549 -0.21396434675528778 0.082652547346616034 -0.22000512144047862 0.037712201715429272 0.029087991870609731 0.048337327344353642 -0.013649791726046676
leaf_weight=5.2308241377468212 28.879906853413559 30.03070655601914 626.554173447832 677.23224664745794 4.5429584254743522 129.15447843345464 4.278502511791884 75.21570557798259 13.181231276132165 29.723663682190818 2.2672454768326125 6.4125783685594788 94.80821428168565 13.054928185185416 5.8605310261482364 2.1774689971934995 4.4432102497667065 9.0247871055034903 1.2681563859805454 4.2928432542830697 4.9604778158973195 48.952467149385484 0.95564666390418995 3.8116146668908186 10.240331889595835 4.9874899266287676 25.948847745603416 2.673652125755325 25.440505668520927 60.904196688381489
leaf_count=249 382 128 3989 4257 33 701 31 436 55 236 11 39 357 71 41 17 25 95 18 36 140 919 12 43 38 32 119 21 101 360
internal_value=0.000198552 0.00674669 0.0042131 -0.0031487 -0.0163144 -0.0140803 -0.0281604 0.00145735 -0.0245451 -0.0305416 0.01668 -0.041919 0.0172606 0.0408033 0.00266981 -0.018143 -0.00939279 -0.0624458 -0.0401006 -0.106339 -0.0586302 -0.0427968 -0.193036 -0.118551 -0.00176052 -0.0233588 0.00261496 -0.133074 -0.00167816 -0.0218492
internal_weight=1956.51 661.816 631.785 1294.69 335.557 331.014 201.859 959.137 197.581 184.4 35.8025 148.597 281.905 107.863 174.042 98.8259 92.9654 98.3343 65.1615 33.1728 56.1367 50.2206 5.91612 6.07886 50.2629 40.0226 32.3614 7.66114 88.5222 63.0817
internal_count=12992 4366 4238 8626 2961 2928 2227 5665 2196 2141 290 1851 1408 428 980 544 503 1602 1184 418 1089 937 152 54 249 211 158 53 478 377
is_linear=0
shrinkage=0.1


Tree=95
num_leaves=31
num_cat=0
split_feature=34 21 34 16 16 18 35 26 0 28 36 34 34 9 6 27 18 10 34 34 11 35 11 20 34 6 11 16 26 51
split_gain=4.14761 4.96026 7.26095 8.08322 7.45245 6.15195 8.68714 11.232 10.6659 7.80141 8.17337 7.5394 7.80426 11.1009 7.5621 11.2881 9.00696 7.94232 7.77957 7.54838 7.52273 7.29881 7.27429 7.21656 14.7652 9.92988 10.0824 13.6197 9.06382 10.438
threshold=0.15903863310813907 -0.028164881281554695 0.29140184819698339 -0.032065661624073975 -0.099423985928297029 -0.016498674638569352 0.56912231445312511 1.2462000250816347 0.17986345291137698 298.00000000000006 0.058909159153699882 0.94887384772300731 0.54204517602920543 -0.053102344274520867 36.363658905029304 0.61220002174377453 -0.42807722091674799 -0.15130965411663053 0.63911664485931408 0.4993435144424439 -0.10616162046790122 0.57609739899635326 0.313708245754242 1.5000000000000002 0.64819741249084484 32.389120101928718 0.34495888650417333 0.00017200507136294621 0.78499999642372142 0.74113160371780407
decision_type=2 2 2 2 2 2 2 2 2 2 2 2 2 2 2 2 2 2 2 2 2 2 2 2 2 2 2 2 2 2
left_child=-1 -2 3 4 -3 6 7 20 -9 -8 21 12 13 -12 18 17 -17 -16 -14 -15 -4 -11 -20 24 25 -7 -27 -28 29 -29
right_child=1 2 5 -5 -6 23 9 8 -10 10 11 -13 14 19 15 16 -18 -19 22 -21 -22 -23 -24 -25 -26 26 27 28 -30 -31
leaf_value=-0.089817488767627796 0.024591844074398378 -0.10392261102705143 0.089996637884010966 -0.12214875016547365 0.072771735815689895 -0.11782088776626837 0.068893572227699179 0.018293620099645292 -0.14631119943154974 0.09248674577750518 -0.16194509054342116 0.044692188044395627 -0.13352997191529717 -0.062053074624486532 -0.40317346570756157 -0.1041472764910451 0.0093314742540833769 -0.071035043501154665 0.087032747327922044 0.068678095017607133 -0.10467985159383518 -0.11058487952619987 -0.049303448339772946 -7.1405246567831865e-05 0.10045822365906759 0.032993125384000815 -0.11242996079941403 -0.10500633362572696 0.03920363121079723 0.11516617355032102
leaf_weight=5.1039303704164913 81.51923169544898 3.911856556951534 2.137481237063187 10.319941223744534 6.123637444921771 5.7823409233824341 13.67065132933203 27.24965505494038 4.6011966688092789 2.0647255021613082 2.7751204206142566 27.550637705251575 2.6282404019730192 5.3106953919632387 0.73340894281864066 8.2078158676158619 47.310631194617599 39.265912900678813 14.273772533517333 26.236207910813391 27.814882230231888 12.395994187332688 5.3918428265023968 1384.5056857553718 20.689154605381191 109.38310997001827 12.268010426429099 10.670827291789463 28.534768237790558 2.6975717544555655
leaf_count=400 466 80 10 481 70 159 84 299 51 6 31 144 49 72 4 102 273 399 49 89 924 359 70 6778 70 527 340 280 323 3
internal_value=0.000210578 0.000446699 -0.000608966 -0.0600071 0.00389591 4.66608e-05 -0.0139109 -0.0468261 -0.00548531 -0.00412207 -0.00926344 -0.00344271 -0.0121597 0.0298027 -0.0243846 -0.0366245 -0.00744516 -0.077125 0.0280571 0.0466704 -0.0907872 -0.08159 0.0496526 0.00243671 0.0207106 0.0109672 0.0155204 -0.0197607 0.00737011 -0.0605783
internal_weight=1951.13 1946.03 1864.51 20.3554 10.0355 1844.15 269.619 61.8032 31.8509 207.816 194.145 179.684 152.134 34.322 117.812 95.5178 55.5184 39.9993 22.2939 31.5469 29.9524 14.4607 19.6656 1574.53 190.026 169.337 163.554 54.1712 41.9032 13.3684
internal_count=12992 12592 12126 631 150 11495 3015 1284 350 1731 1647 1282 1138 192 946 778 375 403 168 161 934 365 119 8480 1702 1632 1473 946 606 283
is_linear=0
shrinkage=0.1


Tree=96
num_leaves=31
num_cat=0
split_feature=35 8 18 28 37 0 1 10 48 34 8 28 4 9 47 8 23 9 19 22 22 22 28 15 24 16 28 18 38 34
split_gain=4.24289 8.02423 15.8157 10.8743 11.0518 10.8146 10.116 9.0746 12.5411 13.3329 12.6007 12.5094 11.3124 15.4011 8.31102 7.88912 7.74522 8.1008 7.64413 7.63502 7.89464 7.28056 7.23558 15.5042 16.2634 9.53639 8.09596 7.91906 7.54943 10.941
threshold=0.7274845838546754 70.669380187988295 0.022596994414925579 124477.50000000001 0.57138141989707958 0.38198493421077734 0.43214634060859686 0.0043699163943529138 0.15000000223517421 0.60956457257270824 75.868488311767592 1977763.0000000002 1.6426669955253603 0.084055025130510344 0.49580399692058569 70.406970977783217 0.38235440850257879 0.047851230949163444 8.9139642715454119 26.697592735290531 19.589664459228519 17.179265022277836 1643982.0000000002 -0.045134106650948518 0.01351329777389765 0.42892813682556158 903308.50000000012 -0.023165068589150902 0.41374899446964269 0.83424049615859996
decision_type=2 2 2 2 2 2 2 2 2 2 2 2 2 2 2 2 2 2 2 2 2 2 2 2 2 2 2 2 2 2
left_child=1 15 5 4 19 -3 -7 -5 9 12 11 -10 13 -9 21 -1 -12 -18 22 20 -4 -11 26 24 -24 28 -2 -26 -25 -30
right_child=18 2 3 7 -6 6 -8 8 10 14 16 -13 -14 -15 -16 -17 17 -19 -20 -21 -22 -23 23 25 27 -27 -28 -29 29 -31
leaf_value=-0.00045720975605749632 0.0075796057052375651 -0.056015291654315319 -0.051570602179599023 0.080838239633633166 -0.23769723235688237 -0.37525538871406577 -0.11091230986079237 0.035354392256919956 0.027726593825388571 0.019748689584774676 0.10318899128918575 -0.15358265239226676 0.08088440694503149 -0.20842985660820187 -0.010718472102150031 0.10992590212365244 0.083519116593707962 -0.059557801045632644 0.059657964234077647 -0.0037642635703680621 -0.26573468367167702 -0.16160531668956768 -0.004853203905947393 0.037940539598042167 -0.12274865833395002 -0.12163713830007659 0.052732246675982287 -0.32467635304804077 0.044521524415437691 -0.025966128618916614
leaf_weight=1191.2868173396273 297.98532790585887 29.28221404083888 5.1297697592526736 14.220809047925284 3.2178843244910231 2.1613104939460746 4.3845121366903186 6.6224987600580807 9.5114316688850504 2.6298767167609247 20.213240707875229 6.343191012274473 11.955172322690485 4.2573930323123932 8.3716432545334083 6.510134160926099 7.6809482510434455 8.1625175327062589 26.765788005664945 17.233429927146062 2.5904096778249368 13.987016539322211 8.1720359709579515 44.419029047712684 4.7575772383715957 6.4219171394361174 45.815672277938575 3.2818810194730741 28.461050574551336 97.314847826957703
leaf_count=9093 1617 378 50 42 15 16 40 50 34 25 39 36 32 22 32 31 22 31 146 88 30 111 35 142 39 36 166 19 128 447
internal_value=0.000192401 -0.00280098 -0.0226148 -0.00764687 -0.0632789 -0.0819914 -0.198194 0.00610616 -0.00454959 -0.0414945 0.0294861 -0.0448125 0.01374 -0.0600404 -0.091969 0.000142732 0.0621562 0.00980621 0.00750193 -0.0407868 -0.123431 -0.132903 0.00490051 -0.0106043 -0.104197 -0.00201352 0.0135967 -0.20518 0.0025002 -0.0100159
internal_weight=1939.15 1375.75 177.955 142.127 28.1715 35.828 6.54582 113.956 99.7349 47.8236 51.9113 15.8546 22.8351 10.8799 24.9885 1197.8 36.0567 15.8435 563.395 24.9536 7.72018 16.6169 536.629 192.828 16.2115 176.617 343.801 8.03946 170.195 125.776
internal_count=12992 10217 1093 659 183 434 56 476 434 272 162 70 104 72 168 9124 92 53 2775 168 80 136 2629 846 93 753 1783 58 717 575
is_linear=0
shrinkage=0.1


Tree=97
num_leaves=31
num_cat=0
split_feature=34 33 6 26 23 2 51 36 10 5 35 45 11 33 34 21 13 27 7 19 45 33 39 3 8 3 3 16 1 50
split_gain=3.96569 9.82968 9.79719 10.7306 9.4385 12.0317 16.5714 10.8036 9.85873 9.48807 9.22656 9.21044 10.8884 13.8718 8.90624 13.7062 14.2998 11.2621 11.7889 11.9789 10.7045 8.75267 13.4745 11.8011 9.30892 8.64322 10.611 8.38979 8.49977 8.09731
threshold=0.99998527765274059 0.56502360105514537 65.013072967529311 1.7595999836921694 0.88888895511627208 0.10389826446771623 0.65541833639144909 0.24707154929637912 0.24361789226531985 1.9372024536132815 0.56739553809165966 0.79084581136703502 1.0409276485443117 0.72367396950721752 0.6834978759288789 0.011726657394319774 23.958763122558597 0.97404998540878307 71.326282501220717 2.1995905637741093 0.49197413027286535 0.50000178813934337 0.49999998509883886 0.51439473032951366 16.118206977844242 0.47607758641242987 0.58851778507232677 2.8725302219390874 0.050022697076201446 0.25961804389953619
decision_type=2 2 2 2 2 2 2 2 2 2 2 2 2 2 2 2 2 2 2 2 2 2 2 2 2 2 2 2 2 2
left_child=1 14 10 4 8 6 -6 -7 11 -10 -2 12 25 -14 21 -16 -17 18 20 -20 -18 27 23 -23 -25 -4 -27 28 -1 -3
right_child=2 29 3 -5 5 7 -8 -9 9 -11 -12 -13 13 -15 15 16 17 -19 19 -21 -22 22 -24 24 -26 26 -28 -29 -30 -31
leaf_value=-0.050203461373019502 -0.082419075344182663 -0.06017296706207214 0.045536892421872734 0.035306844858959782 -0.032211396437870861 -0.12575651504449131 -0.31998197438992065 0.029899808813329938 -0.014474390383450372 -0.20043291869170365 0.049695389045629632 0.033572578961700732 -0.186825395069146 -0.017136739678491632 0.071818773063752978 0.083282544472243814 -0.15669167218224464 0.074728361769996282 -0.068629290276854257 -0.31009527413114968 0.0058256189954199265 -0.0014657888372624913 0.0036526352694800489 0.13119569002280476 -0.12356941254743943 -0.12367767482004742 -0.0045703556946987403 -0.18022540219481911 0.0079606000918100595 -0.0091541866093755829
leaf_weight=26.171196513794712 5.6920418161898843 32.841029161063489 32.450085207819939 73.987130681052804 4.312613923102619 6.6360122058540609 3.7334515433758497 13.591671660542486 6.514170188456772 4.7404057867825031 74.129250725731254 69.632316794246435 7.4293658500537303 13.703653596341608 47.29732905596029 16.478050485951826 4.7180658765137187 9.5650103945517895 6.7283718420658243 2.9575996994972229 28.748172729508951 16.231328000227222 62.555409633787349 1.5194208876928339 25.580986248765839 8.0426510535180551 106.83907659817487 2.4377832190511972 628.21471965200908 589.7135780735407
leaf_count=1176 27 584 84 275 19 37 31 87 34 29 347 273 37 46 223 45 37 35 54 25 108 245 374 6 359 35 415 33 4440 3472
internal_value=0.000196557 -0.00223105 0.00864672 0.00146678 -0.00755159 -0.0623082 -0.16574 -0.0211657 -0.0013428 -0.0927998 0.0402743 0.00298027 -0.00966459 -0.0767912 0.00457685 0.0303302 0.0019713 -0.0234445 -0.0452053 -0.142361 -0.017086 0.000643423 -0.026037 -0.0688982 -0.109286 -3.60609e-05 -0.0129088 0.0049446 0.00563441 -0.0118455
internal_weight=1933.19 1501.76 431.434 351.613 277.625 28.2737 8.04607 20.2277 249.352 11.2546 79.8213 238.097 168.465 21.133 879.203 116.493 69.1953 52.7172 43.1522 9.68597 33.4662 762.711 105.887 43.3317 27.1004 147.332 114.882 656.824 654.386 622.555
internal_count=12992 11216 1776 1402 1127 174 50 124 953 63 374 890 617 83 7160 527 304 259 224 79 145 6633 984 610 365 534 450 5649 5616 4056
is_linear=0
shrinkage=0.1


Tree=98
num_leaves=31
num_cat=0
split_feature=19 36 19 39 9 19 36 50 45 0 6 17 45 13 5 11 44 47 35 27 45 35 24 0 22 22 28 10 3 44
split_gain=3.92342 7.63104 6.75522 7.59292 7.1496 8.85798 7.63328 10.4475 8.6393 11.4609 9.37256 14.0221 16.7631 12.8549 10.8389 9.72102 21.1853 11.6268 9.07286 8.89026 11.3581 19.2252 16.2644 13.7338 10.6548 22.9346 8.9372 8.56087 19.6667 13.0512
threshold=-6.1004481315612784 0.11059579253196718 -1.7951323986053465 0.9745212495326997 -0.098646774888038621 1.217403292655945 0.22312842309474948 0.33963595330715185 0.53694847226142894 0.58044329285621654 81.151718139648452 27.137235641479496 0.55227527022361766 18.347709655761722 0.83159610629081737 1.1093547344207766 0.70347315073013317 0.41492031514644628 0.74294653534889232 0.73504999279975902 0.63913998007774364 0.64322704076766979 0.057142864912748344 0.18306237459182742 7.6985461711883554 -9.2069897651672346 73704.500000000015 0.050918463617563255 3.1546363830566411 0.830975502729416
decision_type=2 2 2 2 2 2 2 2 2 2 2 2 2 2 2 2 2 2 2 2 2 2 2 2 2 2 2 2 2 2
left_child=1 -1 3 -2 5 -4 7 -6 9 18 11 12 -10 -14 -12 19 -17 -18 -8 -13 24 22 -22 -24 25 -21 -23 28 29 -16
right_child=2 -3 4 -5 6 -7 8 -9 10 -11 14 15 13 -15 27 16 17 -19 -20 20 21 26 23 -25 -26 -27 -28 -29 -30 -31
leaf_value=-0.15379355101403044 0.010075149069806805 -0.013490861914981781 -0.023666182686133359 0.06953702997183614 -0.062208676789705535 0.074657871959186856 0.0072916139658003786 -0.0083448528936832297 -0.12284213491264542 -0.17228269816674396 0.066938540012543818 -0.0071999859901303283 -0.028524792767947338 0.046170317985518711 -0.043612044867463312 0.020883869327514046 -0.077516706018329856 -0.27866246483838031 0.043714704518649256 0.05209776592544877 -0.066759461187235955 -0.13232097408353774 -0.14379492424219606 -0.3865896478790713 0.013202374949045945 -0.2423855095690266 0.013661266437463402 0.018678483184804067 0.041052484819488741 -0.29234292682614371
leaf_weight=4.667258900008167 260.33755444052804 22.88378686759097 14.163895212346686 23.405626469408162 38.572910655508167 25.948283436708152 352.26774552550341 541.85953986564709 8.0918145813047868 3.3148553036153308 34.598031090572476 210.53174571762793 31.56958770356141 85.276818573649507 4.0950065068900603 9.6099319653585571 5.6248354278504831 5.875305999070406 84.865574929048307 5.1141335172578692 10.098348375409843 5.4837472233921316 5.3709573049563897 4.1145416554063559 38.091566549614072 5.4769283737987262 17.827320948243141 52.290660807862878 8.9402140080928785 4.3509607277810574
leaf_count=278 2514 310 130 108 957 94 2145 3706 44 24 161 903 140 308 17 34 28 32 337 18 48 35 33 28 155 37 80 210 48 30
internal_value=0.000206869 -0.0372587 0.000750951 0.0149801 -0.00175144 0.0399389 -0.00281435 -0.0119244 0.00251133 0.0129581 -0.00581778 -0.0121007 0.0163499 0.0259892 0.0211854 -0.0230981 -0.0887043 -0.18028 0.0143628 -0.0185139 -0.0445238 -0.0820421 -0.155083 -0.249112 -0.011466 -0.100188 -0.0206799 -0.00153331 -0.0623223 -0.171746
internal_weight=1924.72 27.551 1897.17 283.743 1613.43 40.1122 1573.31 580.432 992.881 440.448 552.432 448.158 124.938 116.846 104.275 323.219 21.1101 11.5001 437.133 302.109 91.5775 42.8949 19.5838 9.4855 48.6826 10.5911 23.3111 69.6768 17.3862 8.44597
internal_count=12992 588 12404 2622 9782 224 9558 4663 4895 2506 2389 1923 492 448 466 1431 94 60 2482 1337 434 224 109 61 210 55 115 305 95 47
is_linear=0
shrinkage=0.1


Tree=99
num_leaves=31
num_cat=0
split_feature=15 22 51 45 18 50 28 10 45 28 39 34 22 35 17 36 23 3 45 20 34 33 4 11 2 44 11 33 28 2
split_gain=3.94859 4.54067 9.74091 8.12642 7.86858 6.199 11.6172 10.9793 15.7416 9.03177 9.82006 12.6303 13.5414 12.2304 12.4838 11.2171 13.7623 10.3421 11.5581 9.23096 12.2041 11.4496 9.19957 11.6095 9.16372 8.99951 8.82915 14.6425 10.1065 10.4862
threshold=13.150639533996584 44.308319091796882 0.63378500938415538 0.51054769754409801 0.063590623438358321 0.70461902022361766 298.00000000000006 -0.063212785869836793 0.65480393171310436 3313.0000000000005 0.6431068778038026 0.67707613110542308 23.366718292236332 0.84451627731323253 66.254467010498061 0.047466190531849868 0.53271707892417919 0.28522357344627386 0.66019758582115184 1.5000000000000002 0.82707467675209057 0.65985363721847545 2.0908534526824956 0.50894755125045787 0.075724471360445036 0.61670830845832836 1.001335680484772 0.63825291395187389 18299277.000000004 0.11328133940696718
decision_type=2 2 2 2 2 2 2 2 2 2 2 2 2 2 2 2 2 2 2 2 2 2 2 2 2 2 2 2 2 2
left_child=1 5 4 -4 -3 9 7 -7 -9 -1 11 17 19 14 15 -14 -17 -11 -19 -13 21 22 23 -21 -22 -18 -8 -28 29 -29
right_child=-2 2 3 -5 -6 6 26 8 -10 10 -12 12 13 -15 -16 16 25 18 -20 20 24 -23 -24 -25 -26 -27 27 28 -30 -31
leaf_value=0.029117149095960349 -0.11582496851064408 0.038961149805409372 -0.098043677134302315 0.034082337911720419 -0.17266835331379815 0.029922715088454756 -0.0020371210157435985 -0.32301605592790483 -0.032767262579517724 0.030914296016085176 0.013977148640170065 0.096684530105203101 0.097473001679400845 0.034217940236984642 -0.13131050234290001 -0.01401920102316951 -0.01051549399422288 -0.035040575470421512 0.019913898064745972 0.029131192181664961 -0.070152524952802497 -0.06880938936420887 0.10989533580467828 -0.10457369023859764 0.042870504927005677 -0.21469902158274176 -0.099316737415925144 0.069706828267890861 -0.10835950087642561 -0.022920450551093582
leaf_weight=125.53728443992441 2.9273758454073677 2.8651514769153428 4.884319305419921 99.162415601313114 4.5420064181089401 3.7815309166908264 596.45401701366063 3.7704901788383705 3.7043311148881912 35.055560902765137 352.26260740243015 15.554687332594765 6.6492061448516315 26.713004790013656 13.605268924846312 38.117741209920496 3.2257555680116621 247.91749717338098 45.258606277086074 23.136473454884253 7.6646617200458413 26.483132102846866 8.2632092464482394 9.0282025836349913 111.97191374303657 6.5251695341430604 25.72825241019018 17.386688247323036 9.1611346788704378 41.143912203609943
leaf_count=991 50 30 27 433 28 18 2339 24 22 532 2110 61 33 102 112 192 19 3714 348 131 57 416 32 237 520 46 136 40 34 158
internal_value=0.000226342 0.000403693 0.0199919 0.0278799 -0.0908083 -0.000806431 -0.00815856 -0.10893 -0.179176 0.00386713 0.000624128 -0.00689986 0.00804407 -0.0231302 -0.045618 -0.024233 -0.0411386 -0.020419 -0.0265571 0.0226726 0.0165013 -0.0176999 0.0157804 -0.00839801 0.0356295 -0.147152 -0.00651432 -0.0350996 -0.010692 0.00459476
internal_weight=1918.48 1915.55 111.454 104.047 7.40716 1804.1 701.13 11.2564 7.47482 1102.97 977.433 625.17 296.938 94.8361 68.1231 54.5179 47.8687 328.232 293.176 202.102 186.548 66.911 40.4279 32.1647 119.637 9.75093 689.874 93.42 67.6917 58.5306
internal_count=12992 12942 518 460 58 12424 2771 64 46 9653 8662 6552 1958 504 402 290 257 4594 4062 1454 1393 816 400 368 577 65 2707 368 232 198
is_linear=0
shrinkage=0.1


Tree=100
num_leaves=31
num_cat=0
split_feature=18 14 6 34 10 43 24 11 47 21 28 27 50 12 27 9 0 26 24 21 50 28 36 28 14 34 0 0 35 17
split_gain=3.89708 9.66442 9.4403 8.48129 7.92091 9.27412 9.09792 8.79631 7.93383 7.29759 6.94938 10.0557 8.71174 7.49375 6.99364 6.90016 6.75978 8.33874 6.37902 10.682 11.9953 11.4074 9.41965 10.3218 9.9937 8.08222 6.3748 6.34257 6.32738 7.08016
threshold=-0.0042716136667877427 86.121822357177749 73.339462280273452 0.94242927432060253 -0.028130494989454743 0.41250000894069677 0.6250000298023225 0.58919122815132152 0.4211482852697373 0.018198466859757904 168000.50000000003 0.55484998226165783 0.80600258708000194 21.500000000000004 0.57234999537467968 -0.08849687501788138 0.13578467816114428 3.9333499670028691 0.062499998137354858 -0.0011111875064671037 0.64518034458160411 46704.000000000007 0.10213132575154306 5167777.5000000009 25.689485549926761 0.8295273780822755 0.2462388947606087 0.086805816739797606 0.51991561055183422 41.202852249145515
decision_type=2 2 2 2 2 2 2 2 2 2 2 2 2 2 2 2 2 2 2 2 2 2 2 2 2 2 2 2 2 2
left_child=1 2 3 4 7 -6 10 9 -9 18 -7 13 14 -12 -13 -2 17 -16 -1 22 21 -21 25 28 -25 -20 -18 -8 29 -24
right_child=15 -3 -4 -5 5 6 27 8 -10 -11 11 12 -14 -15 16 -17 26 -19 19 20 -22 -23 23 24 -26 -27 -28 -29 -30 -31
leaf_value=0.016702735257879877 0.073370949470696792 -0.19725073377420221 -0.22513479956769464 0.03834380457814264 0.050021875708051868 -0.01913576060671127 -0.12080744977717076 -0.17949646617874582 0.010756254372508994 0.083620109350942426 -0.14172525815380863 0.076059944666262078 -0.26052451788923742 0.052573763708559332 -0.11943458727695418 0.0019742622621973065 0.022937455818838107 0.11055248589457554 -0.11458785393661884 0.046649499061077362 -0.29936865334010532 -0.15403106518267862 0.013087832466222669 0.040809336730136626 -0.18098894457918657 0.11916811140343325 -0.12750470053928417 0.088159410617581174 0.043106867348114711 -0.11258506193187523
leaf_weight=113.67774345359067 13.661827041069044 2.6885035255108951 1.9754642142215733 39.068905389867723 13.358389973000156 54.428729394232505 1.7499490290647362 5.0426973662688379 3.8771987421787344 11.07151606492698 19.884249265538532 5.4304774026677469 1.7007054165005673 2.2051197204273185 14.157670707449141 1474.4122353015409 15.132808953290807 1.774044332676566 11.240460496221202 5.5354155136737955 2.4668040634132913 5.8009394853143021 16.039289305801507 3.3178482067887654 5.239594079554081 1.7032577767968167 3.4607501550926818 8.544707670575006 45.150112865085248 6.2219015923328689
leaf_count=622 65 56 20 205 152 1059 92 82 22 31 684 42 9 37 350 8217 155 9 301 31 17 60 178 27 59 3 44 77 212 74
internal_value=0.000224462 -0.00825825 -0.00704633 -0.00601387 -0.010596 -0.0292791 -0.0375249 0.000613638 -0.0967996 0.00443364 -0.0453793 -0.0677871 -0.038865 -0.122329 -0.0294301 0.00262975 -0.0460226 -0.0938248 0.000382154 -0.0176802 -0.0995268 -0.056041 -0.00497399 0.00846133 -0.0949944 -0.083828 -0.00506378 0.0526379 0.0215944 -0.0220372
internal_weight=1910.02 421.945 419.257 417.281 378.212 141.828 128.469 236.385 8.9199 227.465 118.175 63.7458 41.6565 22.0894 39.9558 1488.07 34.5253 15.9317 216.393 102.716 13.8032 11.3364 88.9125 75.9687 8.55744 12.9437 18.5936 10.2947 67.4113 22.2612
internal_count=12992 4710 4654 4634 4429 2710 2558 1719 104 1615 2389 1330 609 721 600 8282 558 359 1584 962 108 91 854 550 86 304 199 169 464 252
is_linear=0
shrinkage=0.1


Tree=101
num_leaves=31
num_cat=0
split_feature=8 34 7 15 37 37 15 51 34 21 16 0 0 34 11 28 27 23 36 0 36 10 35 35 34 33 39 2 14 15
split_gain=3.9088 8.63724 6.31725 8.64013 8.53401 15.0212 7.29979 6.29568 8.8345 11.6537 6.78959 7.72986 7.96106 7.11669 6.42731 5.78066 5.58809 5.46079 9.851 5.70655 5.92904 5.26475 5.05137 10.4015 9.51244 9.68114 9.65593 9.07432 7.77675 8.36232
threshold=26.505303382873539 0.22374207526445392 45.948265075683601 0.20091625303030017 0.57138141989707958 0.63876536488533031 -0.0021235680906102057 0.029223186895251278 0.8206700086593629 -0.021365955471992489 -1.5817378163337705 0.13122472912073138 0.10549624264240266 0.83424049615859996 0.34119178354740148 801.50000000000011 0.61220002174377453 0.84579783678054821 0.09946680068969728 0.11450493708252908 0.69801980257034313 -0.13471822440624234 0.4218467921018601 0.49978068470954901 0.50742584466934215 0.43597197532653814 0.99999997019767772 0.11924548819661142 35.137660980224616 0.0070620295591652402
decision_type=2 2 2 2 2 2 2 2 2 2 2 2 2 2 2 2 2 2 2 2 2 2 2 2 2 2 2 2 2 2
left_child=2 -2 6 4 -4 -6 17 8 9 16 11 12 -9 14 15 -13 -3 18 21 20 -20 -1 -12 24 25 26 27 -24 -26 -30
right_child=1 7 3 -5 5 -7 -8 10 -10 -11 22 13 -14 -15 -16 -17 -18 -19 19 -21 -22 -23 23 -25 28 -27 -28 -29 29 -31
leaf_value=0.067946869668006615 -0.11283364404654583 -0.048873615338023535 0.0036361394161579818 0.080985777344132301 -0.30398943896799108 -0.014628872690497109 0.06835022276161215 -0.073783203235611952 0.10383459686196275 -0.11187178089793992 0.050947549780656735 0.091070648286915259 -0.32363350530820539 0.056187928940644442 -0.18282222631876785 -0.10659206109410641 0.08005896643874888 0.059818672554238228 -0.13391892886013382 0.020215354883447223 0.071366674491687071 -0.1476465362329944 -0.12021927345940919 0.0023068106846454465 0.056190387143745635 -0.078446940736404236 -0.26427148335070166 0.044411279164852269 -0.16621192234130477 0.015645094739497389
leaf_weight=1.3837895244359968 6.892044524283846 7.2669951325515303 6.6370974202873203 4.5316556468605986 3.4524694290012121 3.734685555100441 28.628767763089854 4.0397744178189923 3.697859212756156 18.146697553689592 19.947426906495821 2.8224556706845778 1.8636097628623245 7.1122259069234124 3.5393677642568946 3.1096262387000024 6.2549000941216946 18.537544423073996 4.9365364732802837 64.890364716178738 1.9677098616957662 6.2418026147934134 4.0750986321654699 1570.8791623066209 18.454222044441853 45.448531923379051 1.3086178740486492 18.766073734499514 3.9634483386762422 6.9840908127953298
leaf_count=4 544 60 39 13 24 18 138 94 16 193 126 12 27 31 36 30 22 83 73 329 8 159 234 9434 124 855 27 132 56 51
internal_value=0.000197305 -0.0011065 0.0159803 -0.0388439 -0.0781247 -0.153628 0.0239301 -0.000665899 -0.0424284 -0.0595071 0.000196671 -0.0543898 -0.152657 -0.019409 -0.0761756 -0.0125451 0.0107675 0.0109481 -0.000458843 0.0110191 -0.0754125 -0.108524 0.00092307 0.000325506 -0.0311127 -0.05126 -9.56714e-05 0.0150395 0.0165787 -0.0501944
internal_weight=1899.51 1754.57 144.942 18.3559 13.8243 7.18715 126.587 1747.68 35.3665 31.6686 1712.31 22.4871 5.90338 16.5837 9.47145 5.93208 13.5219 97.9577 79.4202 71.7946 6.90425 7.62559 1689.83 1669.88 99.0001 69.5983 24.1498 22.8412 29.4018 10.9475
internal_count=12992 12104 888 94 81 42 794 11560 291 275 11269 230 121 109 78 42 82 656 573 410 81 163 11039 10913 1479 1248 393 366 231 107
is_linear=0
shrinkage=0.1


Tree=102
num_leaves=31
num_cat=0
split_feature=36 37 23 23 27 51 8 4 34 22 15 50 44 18 48 21 16 16 5 19 44 44 17 37 45 7 34 27 26 19
split_gain=3.82406 10.367 6.84232 8.55638 16.0986 6.93287 6.66282 12.7003 20.0395 13.6079 12.0237 8.85387 9.83934 8.84213 8.69466 8.57921 7.8771 10.7815 7.77578 6.56089 12.6277 21.0503 6.5244 7.81915 6.88385 6.48961 6.40483 6.68953 7.96934 12.8341
threshold=0.47338382899761206 0.56066459417343151 0.052098516374826438 0.067041199654340758 0.77705001831054699 0.07816867902874948 59.541080474853523 1.0300130844116213 0.99217924475669872 29.584099769592289 0.050470983609557159 0.88479629158973705 0.91632205247879039 0.33494836091995245 0.45000000298023229 0.026489404030144218 -0.0069234364200383416 -0.010998079087585209 1.7446677684783938 9.1732945442199725 0.830975502729416 0.87144160270690929 16.549405097961429 0.50307321548461925 0.48786191642284399 51.979843139648445 0.43156336247920996 0.62584999203681957 1.1937500238418581 0.56834194064140331
decision_type=2 2 2 2 2 2 2 2 2 2 2 2 2 2 2 2 2 2 2 2 2 2 2 2 2 2 2 2 2 2
left_child=2 22 5 4 -4 -1 16 8 9 -8 18 15 14 -10 -13 -12 17 19 -9 20 -3 -22 23 -2 -24 -23 -26 -28 29 -29
right_child=1 6 3 -5 -6 -7 7 10 13 -11 11 12 -14 -15 -16 -17 -18 -19 -20 -21 21 25 24 -25 26 -27 27 28 -30 -31
leaf_value=-0.11128014460433211 -0.13856064028056134 -0.0014828828927077346 -0.16482376550220645 -0.0039630285124033137 0.056956415624576463 0.024346488048363226 -0.38725303643780579 0.081789285841663353 -0.11938649226217653 -0.11061044710481421 -0.03538292270225564 0.036823436572915515 -0.15449833516913791 0.06960415608741978 -0.11436057842865273 -0.22080482138759924 0.022217911983939936 -0.17259386214403949 -0.02494837067166469 0.043669242957411356 -0.30592986612784118 -0.14406682447375127 0.051167345217361798 0.015140435829776472 -0.10686750795689617 0.02066535566256884 0.040693187284543249 -0.087967057581450903 0.034770671518267703 0.016987321753723028
leaf_weight=3.8936330270953468 5.3740195496939114 52.934882570058107 8.8195197746099421 1224.3215494547912 5.204320913529954 117.72269156064431 3.1870068842545161 17.296256707981232 4.4529868699610233 4.0220392271876335 5.0509477332234365 19.54126254469157 4.441366381943225 5.5748201832175255 4.7235064990818492 4.931730218231678 110.42007170896977 4.2773335203528395 11.273695491254328 18.037751823663712 3.8849694710224858 3.5902490504086 75.712543868285138 8.6169856917113048 4.2353757491218849 7.1621205285191536 69.394831599667668 20.422036837786436 35.024039151147008 27.127550469711423
leaf_count=51 36 223 120 9449 25 1006 26 59 24 22 20 81 31 24 24 22 440 26 42 99 28 21 341 30 68 31 279 107 122 115
internal_value=0.000179646 0.00737892 -0.00262979 -0.00485266 -0.08252 0.0200043 -0.00560815 -0.029158 -0.105742 -0.23291 -0.00953138 -0.0458649 -0.0176544 -0.0143198 0.00739317 -0.126987 0.00432587 -0.0176532 0.0396706 -0.0099119 -0.0242149 -0.106423 0.0224202 -0.043897 0.0264209 -0.0343392 0.0144263 0.0178067 -0.001427 -0.0280895
internal_weight=1890.67 530.71 1359.96 1238.35 14.0238 121.616 284.803 84.4956 17.2369 7.20905 67.2588 38.6888 28.7061 10.0278 24.2648 9.98268 200.307 89.8873 28.57 85.61 67.5722 14.6373 245.907 13.991 231.916 10.7524 156.204 151.968 82.5736 47.5496
internal_count=12992 2341 10651 9594 145 1057 1243 375 96 48 279 178 136 48 105 42 868 428 101 402 303 80 1098 66 1032 52 691 623 344 222
is_linear=0
shrinkage=0.1


Tree=103
num_leaves=31
num_cat=0
split_feature=36 47 3 6 1 8 45 3 4 26 13 9 36 4 33 17 7 26 26 19 45 6 51 51 18 8 34 35 36 6
split_gain=3.6478 6.84304 11.5394 9.16023 8.72059 14.8019 11.2064 14.6834 7.14704 7.13813 8.77673 7.04838 7.01901 7.41741 15.277 5.65578 14.5074 5.14084 9.10655 6.4362 7.6045 5.44606 11.6967 16.5138 9.81913 9.07746 12.2342 12.5401 10.3511 7.57447
threshold=0.83364582061767589 0.38859400153160101 5.0950274467468271 68.647136688232436 0.24854810535907748 73.134792327880874 0.77326771616935741 2.7197318077087407 5.7603173255920419 1.7254000306129458 34.441850662231452 0.14423649013042453 0.94336649775505077 0.86926245689392101 0.65985363721847545 52.976497650146491 74.681163787841811 0.092349998652935042 0.15200000256299975 -0.47372654080390925 0.84910929203033458 66.481880187988295 0.38779033720493322 0.20871216803789142 0.49195547401905065 71.496452331542983 0.94242927432060253 0.57609739899635326 0.37117932736873632 66.30344390869142
decision_type=2 2 2 2 2 2 2 2 2 2 2 2 2 2 2 2 2 2 2 2 2 2 2 2 2 2 2 2 2 2
left_child=17 2 8 9 5 6 12 11 -2 10 -4 -8 -3 -14 -15 -6 -17 -1 19 20 -19 24 23 -23 25 26 -20 -28 29 -27
right_child=1 4 3 -5 15 -7 7 -9 -10 -11 -12 -13 13 14 -16 16 -18 18 21 -21 -22 22 -24 -25 -26 28 27 -29 -30 -31
leaf_value=0.055598258313496574 0.049146374887423745 0.046913632351905099 -0.23927483403542291 0.026640071019813739 0.054664062169738417 -0.21380868940901215 -0.18076857248779021 0.076108218569752736 -0.043152108632886176 0.021326152706639071 -0.050993737576587053 -0.0056074256442900736 -0.030931791693364741 -0.063265419288773286 -0.34194710367961356 -0.18843515060965144 0.046581325355955702 -0.11846549003242893 -0.0015934663037877553 -0.03194296508868856 -0.45001545862342596 0.051293848641796883 -0.0058566556096875761 -0.13762976386310774 0.043181555043730779 -0.14591317878116902 -0.087884970426262699 0.046816752175882138 0.029520688742315272 0.096545525683966835
leaf_weight=15.669519074130219 98.100998988375068 3.4678724924160642 4.3652038984000701 14.248784938827155 24.493924404494464 4.3385539650917044 3.9638181924819964 17.148908398579806 9.1740858405828458 4.3050705641508094 5.7201069467701018 5.4640166871249676 6.4350926838815221 4.9353923072922026 3.2706492189317942 3.8730524349957696 8.161430000793187 4.0980807802116042 807.87802578694391 8.8782798617612535 0.8322832672856747 6.6456011442933258 630.56026851358183 15.230092009005601 58.457839371170849 11.536786389391636 7.4998730942606917 88.058243535459042 7.3730445317341937 1.4504720537224791
leaf_count=111 409 16 24 55 116 24 24 99 36 15 30 24 39 32 27 26 44 121 7651 115 8 41 2720 159 264 301 35 372 45 9
internal_value=0.000194882 0.0122516 0.0261978 -0.0301955 -0.00990406 -0.0374632 -0.0203418 0.0209958 0.0412531 -0.0864718 -0.132487 -0.0792518 -0.0810087 -0.111308 -0.174338 0.0270827 -0.0290539 -0.00140963 -0.00195151 -0.0828191 -0.174434 -0.0012684 -0.00835057 -0.0802368 0.00343574 0.000920628 0.00240875 0.0362447 -0.0651108 -0.118834
internal_weight=1885.64 221.467 135.914 28.6392 85.5527 49.0243 44.6857 26.5767 107.275 14.3904 10.0853 9.42783 18.109 14.6411 8.20604 36.5284 12.0345 1664.17 1648.5 13.8086 4.93036 1634.69 652.436 21.8757 982.254 923.796 903.436 95.5581 20.3603 12.9873
internal_count=12992 1040 569 124 471 285 261 147 445 69 54 48 114 98 59 186 70 11952 11841 244 129 11597 2920 200 8677 8413 8058 407 355 310
is_linear=0
shrinkage=0.1


Tree=104
num_leaves=31
num_cat=0
split_feature=37 34 0 34 33 17 3 8 23 20 34 33 37 26 38 38 35 20 18 51 26 38 14 47 36 33 18 34 0 34
split_gain=3.61287 6.03625 7.19499 3.97567 12.2946 10.0908 8.49478 11.3179 7.32671 6.34449 14.6046 10.1539 10.0645 8.89717 8.43001 10.8228 8.27696 15.0858 9.56248 7.97242 7.78571 7.7473 7.72556 7.76713 7.84462 7.67648 7.32053 7.26362 8.19678 6.89921
threshold=0.67651313543319713 0.66384920477867138 0.23665061593055728 0.37029887735843664 0.44856375455856329 24.125359535217289 1.7493435144424441 40.778968811035163 0.14705898612737658 2.5000000000000004 0.74131295084953319 0.48278383910655981 0.61937108635902416 0.76254999637603771 0.51851263642311107 0.48583814501762396 0.51591998338699352 1.5000000000000002 0.13583873957395556 0.33899232745170599 1.3062499761581423 0.52718073129653942 54.530635833740241 0.39541357755661016 0.3410091251134873 0.32471707463264471 0.3554185181856156 0.4993435144424439 0.42042964696884161 0.51456794142723095
decision_type=2 2 2 2 2 2 2 2 2 2 2 2 2 2 2 2 2 2 2 2 2 2 2 2 2 2 2 2 2 2
left_child=3 -2 -3 4 5 -1 7 8 -7 10 11 25 13 22 15 16 17 -15 -19 -18 21 -16 23 24 26 -5 -13 28 -11 -29
right_child=1 2 -4 9 -6 6 -8 -9 -10 27 -12 12 -14 14 20 -17 19 18 -20 -21 -22 -23 -24 -25 -26 -27 -28 29 -30 -31
leaf_value=-0.11282156720641306 0.086727454956655708 -0.1244497735106691 0.053511939867355009 -0.085740917263358987 -0.10376253288690251 -0.087270098574687288 -0.07269330662509603 -0.088299538055745488 0.05978957970553455 -0.096518082274236278 0.060217250077313184 -0.092023766403220367 -0.11376752580095749 0.0071238313560045884 -0.16024530068436121 0.074229089660841449 -0.0095722023653412175 -0.1691573721154199 0.051243966457820235 0.06744126843754128 -0.10053504076063634 0.01714947638268249 -0.1347863012972299 0.044458262656645556 0.00081188688648458479 0.03871837751391069 0.069395229600377847 0.010196994813384317 0.10506917169963777 -0.006015837838740096
leaf_weight=7.5107961881294605 12.338408861309292 3.8595348522067052 5.5226017311215401 5.2398460689582853 14.956063752353655 3.7123093280824824 10.264177170058245 7.2440300455200477 38.759535426885122 14.326737672294259 53.786816727777477 25.616988720750673 8.3875108609208819 39.891684081172571 2.7535879436181885 30.394929536909331 23.92677635839209 9.1992740601999667 2.504450866021215 30.674142970354296 11.475825940200592 23.239827888755826 6.5370128911454222 14.359707062598316 26.879721260163933 91.395723758934764 3.1556175886653355 356.82085538883985 2.3475656509399405 992.64016208316025
leaf_count=273 41 23 34 81 391 99 123 384 392 169 407 832 71 267 42 262 123 92 13 115 356 511 131 189 122 620 12 1768 10 5039
internal_value=0.000210224 0.040758 -0.0196963 -0.00026379 -0.0217303 -0.00355187 0.0101311 0.0272307 0.0469356 0.000732996 0.0116523 0.00430718 -0.00601416 -0.00240782 0.0100875 0.0216138 0.00655452 -0.0221649 -0.121994 0.033693 -0.0319308 -0.00164267 -0.0308202 -0.0211129 -0.0380319 0.0319699 -0.0743202 -0.00253942 -0.0681367 -0.00172888
internal_weight=1879.72 21.7205 9.38214 1858 82.4469 67.4908 59.9801 49.7159 42.4718 1775.55 409.419 355.633 258.997 250.61 174.06 136.591 106.196 51.5954 11.7037 54.6009 37.4692 25.9934 76.549 70.012 55.6523 96.6356 28.7726 1366.14 16.6743 1349.46
internal_count=12992 98 57 12894 1662 1271 998 875 491 11232 4246 3839 3138 3067 1781 872 610 372 105 238 909 553 1286 1155 966 701 844 6986 179 6807
is_linear=0
shrinkage=0.1


Tree=105
num_leaves=31
num_cat=0
split_feature=3 51 19 36 19 40 10 21 10 12 2 0 45 11 23 4 7 33 13 50 3 24 4 4 8 15 38 27 5 37
split_gain=3.55568 13.2884 4.20402 5.99117 5.45621 7.14113 10.361 10.3723 8.31946 8.09323 8.94077 11.5861 8.17392 9.51331 8.19569 8.79102 7.87711 6.28174 7.39333 11.4754 10.6604 6.65216 5.89776 6.34359 5.89891 6.80947 9.24686 5.67196 5.62082 5.43057
threshold=0.013651883229613306 0.56945890188217174 -6.1004481315612784 0.11059579253196718 -1.7951323986053465 1.0000000180025095e-35 0.093353413045406355 0.085636828094720854 -0.17712942510843274 17.500000000000004 0.093340706080198302 0.21638801693916324 0.73001316189765941 0.95103034377098095 0.33695152401924139 0.46487186849117285 71.09494781494142 0.9035206437110902 69.23258209228517 0.83784607052803051 1.4456756711006167 0.066666666418313994 1.1383438110351565 1.0107859373092654 47.676872253417976 0.01852222811430693 0.45949102938175207 0.6107500195503236 3.8942979574203496 0.57955896854400646
decision_type=2 2 2 2 2 2 2 2 2 2 2 2 2 2 2 2 2 2 2 2 2 2 2 2 2 2 2 2 2 2
left_child=1 -1 3 -2 5 6 7 9 -7 10 11 -4 13 14 29 27 -8 -6 19 21 -21 -19 23 -10 -24 -26 -27 -16 -18 -12
right_child=2 -3 4 -5 17 8 16 -9 22 -11 12 -13 -14 -15 15 -17 28 18 -20 20 -22 -23 24 -25 25 26 -28 -29 -30 -31
leaf_value=0.020493081558535492 -0.15396984673052036 -0.20429616466811398 -0.077790329811605774 -0.018989221786090454 -0.00035487245177337864 -0.20103153538469598 -0.059561029603894103 -0.2334541888285033 0.033026659951732977 0.067260315405786864 -0.1040156972986329 -0.43255330799752817 0.054794207933949172 -0.17366139637936917 -0.21017519888399283 0.027818439352328958 0.082590176460840228 -0.11029064026110005 0.03715988323633572 -0.29701868221179456 -0.048277442300009139 0.039102722861609512 0.068601055345330189 0.10372692220903929 -0.13584358364827118 0.084761193001203217 -0.09115664960259956 -0.014894187313259153 -0.02465718770058245 0.061008124306096603
leaf_weight=7.8881518066627887 3.9223689696227693 3.9449837729334831 9.0470699721772672 20.340707053968799 1535.568109061307 1.5414497656747688 6.396646713372319 2.226156609132885 99.116242987394799 10.585936728544764 13.315362299763363 1.0248617916367937 14.159222462796604 4.2686319348867974 2.7427101492066859 31.641652743157465 25.593992099631581 5.1391215866897308 7.1543079514231058 3.8093132078647605 3.1458574011921883 7.0962388964835554 6.5139511939196408 14.554488083173053 5.4296155603951801 6.1427999325678666 5.8178571173921227 3.2495585342403501 6.0400960663100696 2.345369695685803
leaf_count=69 272 29 257 303 9561 10 67 16 1235 91 185 8 56 35 36 211 79 28 39 25 23 34 43 64 77 22 60 18 31 8
internal_value=0.000194596 -0.0544482 0.000542615 -0.0408102 0.0010898 0.0141673 -0.00243435 -0.0201548 0.0299958 -0.0150148 -0.0256629 -0.113889 -0.0132734 -0.0300164 -0.0185112 0.00678569 0.0416476 -0.00118554 -0.0496026 -0.081948 -0.184512 -0.0236458 0.0325844 0.0420792 -0.012566 -0.0429691 -0.000808092 -0.104276 0.0621128 -0.0793015
internal_weight=1869.76 11.8331 1857.93 24.2631 1833.67 271.754 132.637 94.6065 139.116 92.3804 81.7944 10.0719 71.7225 57.5633 53.2947 37.6339 38.0307 1561.91 26.3448 19.1905 6.95517 12.2354 137.575 113.671 23.9042 17.3903 11.9607 5.99227 31.6341 15.6607
internal_count=12992 98 12894 575 12319 2609 1098 921 1511 905 814 265 549 493 458 265 177 9710 149 110 48 62 1501 1299 202 159 82 54 110 193
is_linear=0
shrinkage=0.1


Tree=106
num_leaves=31
num_cat=0
split_feature=33 1 16 18 38 11 34 47 33 33 14 19 2 15 16 38 6 16 15 44 38 16 1 23 34 20 34 3 51 33
split_gain=3.93213 4.25906 8.14639 4.54299 7.01116 7.31702 8.26868 5.37115 5.88759 6.1463 5.22982 5.51816 5.16101 5.04543 5.55035 9.64056 9.60003 7.78897 6.15698 7.57705 11.4229 7.56505 6.81145 10.0341 5.63651 5.81191 15.6064 7.78023 10.1668 7.54928
threshold=0.21700425446033481 0.676191806793213 2.2808667421340947 -0.39093789458274836 0.580356925725937 0.60970431566238414 0.92524799704551708 0.9988183081150056 0.56502360105514537 0.70410609245300304 35.354341506958015 0.098532974720001235 0.31332887709140783 -0.68807294964790333 -0.67614898085594166 0.48973535001277929 61.395521163940437 -0.47732162475585932 -0.25450433790683741 0.70125383138656627 0.41198749840259558 -0.25217548012733454 0.24854810535907748 0.22960328310728076 0.22374207526445392 1.5000000000000002 0.61591109633445751 0.013651883229613306 0.61539718508720409 0.53678059577941906
decision_type=2 2 2 2 2 2 2 2 2 2 2 2 2 2 2 2 2 2 2 2 2 2 2 2 2 2 2 2 2 2
left_child=-1 3 -3 4 5 6 7 8 12 -10 -11 -12 -2 -5 15 16 -15 -16 19 22 -21 -20 23 -19 -23 26 29 28 -27 -26
right_child=1 2 -4 13 -6 -7 -8 -9 9 10 11 -13 -14 14 17 -17 -18 18 21 20 -22 24 -24 -25 25 27 -28 -29 -30 -31
leaf_value=-0.13862499138271117 -0.045425526242197228 0.047096375007321611 -0.079871043133480674 0.054949427615008442 0.055394929726023695 -0.14434254141861916 0.1039243754619569 -0.18615847985688425 -0.12872604269404156 0.078178167833928544 0.037261074621210664 -0.13257878954342059 0.068605328397135013 -0.18516698991911945 0.057058053513743191 0.048132044373787056 -0.016453660609304626 0.049300187659331057 0.043116326727943806 0.015439845466023989 -0.27244434892127045 -0.085109036385296308 0.057185902923088533 -0.11072603522344547 0.010616072657163545 -0.015611748329834307 0.077779303826647203 -0.0021259993656196998 -0.29382301041193254 -0.050121042193636126
leaf_weight=2.0382259345060438 7.7294734773022347 39.210852044634521 5.8009779974818221 16.857674680883065 8.619612794427665 6.1567516056893501 4.2910180855542412 2.4338061911985269 9.2126295111520466 3.7312336484901589 3.1707988865673542 4.8224948958377354 8.1584438690915686 6.7244618244003522 24.081230584415607 6.4442907839547834 6.7663482617936097 5.9684699954232299 40.828210127830971 2.4071204666979602 3.224760846584104 7.8293727256386765 7.7089258041232815 11.406828630424569 192.88587069092318 3.4918868870008728 33.242236711754231 1365.9034201524337 2.1055362462066114 22.893186583387433
leaf_count=144 156 205 32 76 157 133 25 15 142 33 44 57 24 52 103 34 34 50 199 16 28 541 31 120 2405 36 173 7499 18 410
internal_value=0.000194577 0.000346363 0.0307332 -0.000405532 -0.0278631 -0.0423009 -0.027875 -0.0422807 -0.0327717 -0.0676031 -0.0195754 -0.0652063 0.0131293 0.000504012 -2.22891e-05 -0.0524854 -0.100548 0.000584365 -0.000215658 -0.0445807 -0.1494 0.000600745 -0.0210469 -0.0557565 -0.000465263 -5.63159e-05 0.0139981 -0.00260815 -0.120264 0.00417214
internal_weight=1866.15 1864.11 45.0118 1819.1 58.3263 49.7067 43.5499 39.2589 36.8251 20.9372 11.7245 7.99329 15.8879 1760.77 1743.91 19.9351 13.4908 1723.98 1699.9 30.7161 5.63188 1669.18 25.0842 17.3753 1628.35 1620.52 249.021 1371.5 5.59742 215.779
internal_count=12992 12848 237 12611 786 629 496 471 456 276 134 101 180 11825 11749 120 86 11629 11526 245 44 11281 201 170 11082 10541 2988 7553 54 2815
is_linear=0
shrinkage=0.1


Tree=107
num_leaves=31
num_cat=0
split_feature=35 35 12 19 28 11 18 38 11 33 51 45 6 11 8 22 8 44 8 51 24 45 24 4 13 10 37 6 22 16
split_gain=3.67289 15.148 13.7296 7.70749 7.28195 9.33702 7.73319 7.18208 6.83554 9.75199 11.5607 8.74722 10.2484 10.9533 12.2174 11.1722 8.99035 9.28229 10.8929 12.3559 10.3192 11.7028 10.0814 9.27454 8.6772 9.53312 8.5588 16.2776 7.99352 7.98888
threshold=0.61807891726493847 0.61429256200790416 4.5000000000000009 3.4517580270767216 384.81007385253912 0.24822171777486804 0.45506297051906591 0.3866154551506043 0.49982154369354254 0.57144165039062511 0.64526832103729259 0.64179795980453502 57.142858505249031 1.0600696206092837 65.657207489013686 43.080461502075202 84.26084136962892 0.78758355975151073 69.202201843261733 0.57191208004951488 0.22222220152616504 0.426795244216919 0.31129325926303869 1.5529516935348513 21.138738632202152 0.0036003630375489597 0.58254352211952221 70.372241973876967 12.309899330139162 -0.00048662027984391892
decision_type=2 2 2 2 2 2 2 2 2 2 2 2 2 2 2 2 2 2 2 2 2 2 2 2 2 2 2 2 2 2
left_child=1 4 3 -3 5 -1 8 -8 29 11 -11 16 -13 -14 -15 -16 17 18 19 20 -10 -22 -21 -20 -24 -26 -19 -28 -12 -6
right_child=-2 2 -4 -5 6 -7 7 -9 9 10 28 12 13 14 15 -17 -18 26 23 22 21 -23 24 -25 25 -27 27 -29 -30 -31
leaf_value=0.028255988107046277 0.0044197111415978096 -0.2820198521040686 0.020454917876049604 -0.068986209208202739 -0.0032579560462583437 -0.09783981094594392 -0.085667355139221968 0.045673660996942013 -0.10438054607902769 -0.084038869636949523 -0.11317999474580079 -0.13248166969960079 0.050522767466937138 0.10340851093832466 -0.20919283215006976 0.0037889568628700493 -0.21783834992553569 0.040732656986495336 -0.16180257416659172 0.027220331054486131 0.065357379474389396 -0.087736038045516149 0.062525050162931889 0.016056490175516244 -0.037784529717607672 -0.24450970365854113 -0.19908752483843861 0.047762704737919909 0.0070189255405183303 0.027988652883124215
leaf_weight=8.9014338050255919 974.47561013653467 4.5409060016681888 4.4703556513413787 2.7129608087707311 341.01921233207395 17.256248466321267 4.5369048774009562 50.573753275384661 23.827083468902856 38.908930438323296 6.4386279458412892 3.9996415062705628 59.31053104235616 3.8082665640977202 5.1553648668341321 4.715948723256588 2.1989570487057781 42.553311022580601 10.292892512574324 54.131405596184777 10.563857071509121 9.4686838699126366 3.4913801457732907 4.0995674750884055 5.4383452029433084 3.7821044584270567 4.6939689242281002 6.1992797679267824 39.321934528648853 107.65447030821815
leaf_count=65 5055 50 21 15 2721 234 25 213 909 568 77 144 207 16 47 20 38 303 207 261 147 455 11 33 39 46 36 26 159 844
internal_value=0.000185476 -0.00448177 -0.117393 -0.202345 -0.00296426 -0.0549295 -0.00135788 0.0348612 -0.0038811 -0.014522 -0.0439661 -0.00484897 0.023378 0.0319186 -0.0487434 -0.107442 -0.0168727 -0.0143976 -0.0293014 -0.0186614 -0.0599048 -0.00700454 0.00840065 -0.111141 -0.0717401 -0.12258 0.0204858 -0.0586066 -0.00989337 0.00423933
internal_weight=1858.54 884.066 11.7242 7.25387 872.342 26.1577 846.184 55.1107 791.074 342.4 84.6695 257.731 76.9898 72.9901 13.6796 9.87131 180.741 178.542 125.095 110.703 43.8596 20.0325 66.8432 14.3925 12.7118 9.22045 53.4466 10.8932 45.7606 448.674
internal_count=12992 7937 86 65 7851 299 7552 238 7314 3749 804 2945 434 290 83 67 2511 2473 2108 1868 1511 602 357 240 96 85 365 62 236 3565
is_linear=0
shrinkage=0.1


Tree=108
num_leaves=31
num_cat=0
split_feature=35 33 34 26 28 0 17 23 17 20 35 6 34 27 47 14 35 35 11 44 38 23 4 4 11 11 51 16 0 34
split_gain=3.48682 7.98728 10.8551 8.4641 7.35281 7.30505 6.72981 6.35077 6.76103 5.85467 9.16213 7.19585 6.23992 5.79479 7.43146 6.30101 5.82222 16.0877 12.2089 9.83696 7.71878 11.7853 9.41289 14.8125 6.86848 7.49475 9.39842 7.41038 5.91762 5.89767
threshold=0.49978068470954901 0.47061906754970556 0.54573604464530956 1.6483500003814699 1917444.3750000002 0.093275971710681929 47.737932205200202 0.21859001368284228 26.417799949646 1.0000000180025095e-35 0.5099797546863557 50.007648468017585 0.29140184819698339 25.500000000000004 0.11672461777925493 73.279354095458999 0.5000385344028474 0.52289763092994701 0.34953759610652929 0.45493744313716894 0.41374899446964269 0.5653955638408662 0.64725095033645641 1.3412778973579409 0.30908952653408056 0.43343587219715124 0.51284828782081615 -0.00065423818887211372 0.15226323157548907 0.99998527765274059
decision_type=2 2 2 2 2 2 2 2 2 2 2 2 2 2 2 2 2 2 2 2 2 2 2 2 2 2 2 2 2 2
left_child=1 5 3 -3 -5 -1 -4 -7 -9 10 11 -2 -11 16 -15 -16 20 18 19 -18 21 22 -14 -24 28 -26 -27 -28 -22 -20
right_child=9 2 6 4 -6 7 -8 8 -10 12 -12 -13 13 14 15 -17 17 -19 29 -21 24 -23 23 -25 25 26 27 -29 -30 -31
leaf_value=-0.107515734733482 0.011457722546733811 -0.087793737267710337 0.04408461892584175 -0.06072013527110065 0.058825769916257355 -0.049172344042931977 -0.095965014627884149 -0.055902667534041189 0.041267689967426274 -0.093288111292743225 0.07591228262550645 -0.15264400378749257 0.091557725662779019 -0.12391774676865808 0.034609695783601707 -0.083763936205509149 -0.12216740356166036 -0.00010260284699731909 -0.10004790928740998 0.018801835515149724 -0.12942737308332783 -0.18755961265617038 -0.19014823492348576 0.041582473381453162 0.10167934894976932 -0.087081418686575568 -0.078702913878005681 0.048761628873267598 0.025279869842657954 0.12390686910370924
leaf_weight=5.0960593698982839 26.202067202393668 37.207423606247175 20.23013448697748 11.723637762886939 9.1687231967225653 12.468443632998968 4.1319450413575387 8.2120275110646599 55.922886201718939 7.0729694076435399 26.544021177978721 2.9755697783548376 7.1170966080389979 3.2878476508703889 93.539767145644873 4.7238561366684726 6.0558404904732006 1332.6562927814521 33.013965449907118 27.109670565114357 4.5902615424711239 4.0188181358389548 4.7350996473105607 6.6077937660738826 16.775175973947626 6.517942047212272 4.9414428273448712 59.244382498785853 5.3588742706924677 1.2192993406206358
leaf_count=516 666 765 141 147 39 199 43 107 471 259 148 60 19 116 507 27 84 7216 549 140 31 36 63 21 39 308 35 218 18 4
internal_value=0.000168979 -0.0137428 -0.0356985 -0.0591927 -0.00825678 0.00841775 0.0203314 0.0161303 0.0288257 0.0015249 0.0333987 -0.00527756 0.000434343 0.000843156 0.0239708 0.0289191 -0.000702046 -0.00251329 -0.0501792 -0.00693837 0.0204464 -0.0323747 0.00140968 -0.0551537 0.0326334 0.0415877 0.0273303 0.0389486 -0.0460979 -0.0920712
internal_weight=1848.47 164.161 82.4619 58.0998 20.8924 81.6994 24.3621 76.6034 64.1349 1684.31 55.7217 29.1776 1628.59 1621.51 101.551 98.2636 1519.96 1400.06 67.3988 33.1655 119.907 22.4788 18.46 11.3429 97.4281 87.4789 70.7038 64.1858 9.94914 34.2333
internal_count=12992 2428 1135 951 186 1293 184 777 578 10564 874 726 9690 9431 650 534 8781 7993 777 224 788 139 103 84 649 600 561 253 49 553
is_linear=0
shrinkage=0.1


Tree=109
num_leaves=31
num_cat=0
split_feature=48 2 35 36 3 24 47 37 50 45 45 39 28 5 14 5 36 44 19 2 39 39 37 44 27 5 45 28 22 23
split_gain=3.434 6.98006 10.3829 3.83886 7.69641 9.50053 8.64977 18.2171 8.89734 7.64686 8.10635 8.74605 13.7704 8.73735 8.90864 11.8505 8.65808 10.5857 8.36244 8.10894 18.8248 20.1178 17.3711 10.5693 8.23937 11.2266 8.79433 8.17075 9.35783 12.969
threshold=0.75000000000000011 0.15142573416233066 0.61429256200790416 0.22312842309474948 2.2812324762344365 0.13734783232212069 0.38859400153160101 0.57138141989707958 0.85089081525802623 0.53694847226142894 0.69125783443450939 0.11111110821366312 168000.50000000003 0.82576668262481701 21.753251075744632 0.89910954236984264 0.99987664818763744 0.72878399491310131 -3.4377905130386348 0.11831214651465417 0.66666665673255932 0.42105278372764593 0.61050868034362804 0.76099699735641491 0.59870001673698436 1.4488715529441836 0.75577110052108776 302034.50000000006 43.080461502075202 0.22222223132848742
decision_type=2 2 2 2 2 2 2 2 2 2 2 2 2 2 2 2 2 2 2 2 2 2 2 2 2 2 2 2 2 2
left_child=3 2 -2 4 -1 6 7 -6 -9 -5 11 12 -11 16 -15 -16 -12 -18 -13 24 21 27 23 -23 -17 26 -26 -21 29 -29
right_child=1 -3 -4 9 5 -7 -8 8 -10 10 13 18 -14 14 15 19 17 -19 -20 20 -22 22 -24 -25 25 -27 -28 28 -30 -31
leaf_value=-0.0091628287740468366 0.055343775600267764 0.062229877343387398 -0.1341426863998843 0.012410370947644425 0.039980234029807604 0.086868872170649258 0.049793316870489268 -0.045880291906634743 -0.26123135918203072 0.0056014429745278732 0.047607420821613386 -0.12270829707680862 -0.1286729107690224 0.043227681007827472 -0.16229194872957475 0.0615103075107713 -0.13223143645470498 0.017121538127329746 -0.0072534649115668041 0.02556253076085456 0.033266243335046956 -0.13858084384832833 -0.0058947298832516242 -0.35236992422479763 0.0075861250571203458 0.022935855698495079 -0.20349850268155395 0.026671751028571306 0.019948869634490121 -0.17734394286370858
leaf_weight=655.16656657350541 6.2462760694324952 23.662211995571852 5.3846442711073905 498.25107544995262 9.8789171428798017 19.080680206243414 17.056805297266692 3.4751913349609813 4.2829980477690697 14.333043622900734 78.313552398612956 6.4153860147052901 16.350306209569681 30.550907886878122 5.3527341876178971 25.052952446465497 6.270721846958625 19.51200009137392 283.62264661773224 15.788150027859954 29.593464558827691 4.4956736546009761 4.3300954885780802 4.7618824411183596 3.362164720892908 20.026166083524004 4.7795406016521156 4.4790032394230392 7.8497345466166726 10.238050913205369
leaf_count=6756 23 79 29 3109 53 63 58 31 22 73 332 80 123 118 35 106 40 112 1234 63 139 25 18 33 12 79 36 18 35 58
internal_value=0.000158851 0.0310508 -0.0323808 -0.000445959 -0.00617778 0.0301908 -0.000980572 -0.0500839 -0.164767 0.00326933 -0.0043792 -0.0151784 -0.0659496 0.00822658 -0.00570072 -0.0163696 0.0310597 -0.0192032 -0.00980722 -0.0105733 -0.0303919 -0.0666601 -0.17122 -0.248549 0.0197894 -0.0173178 -0.11633 -0.0296185 -0.0682242 -0.115254
internal_weight=1837.96 35.2931 11.6309 1802.67 708.941 53.7746 34.6939 17.6371 7.75819 1093.73 595.478 320.721 30.6833 274.757 170.661 140.11 104.096 25.7827 290.038 134.757 81.5361 51.9426 13.5877 9.25756 53.2208 28.1679 8.14171 38.3549 22.5668 14.7171
internal_count=12992 131 52 12861 6983 227 164 106 53 5878 2769 1510 196 1259 775 657 484 152 1314 622 389 250 76 58 233 127 48 174 111 76
is_linear=0
shrinkage=0.1


Tree=110
num_leaves=31
num_cat=0
split_feature=34 28 35 15 9 5 15 35 2 26 36 24 33 15 34 7 44 28 3 45 33 0 14 17 34 48 11 38 38 38
split_gain=3.59776 7.65698 11.0632 10.0482 9.13325 9.09358 19.4939 9.9498 10.9543 8.93308 7.89343 7.69347 7.22158 7.09314 7.01592 11.2317 12.5849 13.9962 11.2649 10.171 9.44072 7.67567 7.65067 8.59881 8.04566 6.70972 12.3275 10.4694 8.8886 7.6261
threshold=0.99998527765274059 1753417.5000000002 0.63021185994148265 0.03247854299843312 0.059444487094879157 1.1101347804069521 0.12063743919134141 0.78086501359939586 0.21100372821092608 0.9486999809741975 0.44041670858860021 0.37965516746044164 0.56839856505393993 0.34951046109199529 0.63397637009620678 71.326282501220717 0.87886226177215587 1863620.0000000002 2.1102399826049809 0.62752085924148571 0.50000178813934337 0.086221475154161467 46.437747955322273 36.340459823608406 0.39580714702606207 0.25000000745058065 0.64864709973335277 0.43348915874958044 0.48583814501762396 0.53218939900398265
decision_type=2 2 2 2 2 2 2 2 2 2 2 2 2 2 2 2 2 2 2 2 2 2 2 2 2 2 2 2 2 2
left_child=12 9 3 10 25 6 7 8 -6 -2 -3 13 14 -7 20 16 -16 -18 19 -17 -1 -22 24 -24 -23 28 -27 -28 -4 -30
right_child=1 2 4 -5 5 11 -8 -9 -10 -11 -12 -13 -14 -15 15 18 17 -19 -20 -21 21 22 23 -25 -26 26 27 -29 29 -31
leaf_value=0.0037315998931731586 -0.00070338181881422117 -0.10922336747116378 0.065730647006192258 -0.16803132939753498 -0.018894766993934678 -0.0020626213545958463 -0.26257515668226999 0.022233828227254102 -0.23355917328610928 0.037697456437513231 0.055538370911499581 0.074418172135864269 -0.01076517383243774 -0.12392791523902397 0.04174671353017341 -0.1172384566398454 0.012079198628165222 -0.24102820219939558 -0.19454231941749564 0.051774865507747507 -0.11272360257594578 -0.16327660651227166 -0.28985947727068306 -0.057065837510151311 0.0032595622644898447 0.090854867062176589 0.0072915911979514973 -0.16540321542568079 -0.15308577428434883 0.039462291088551933
leaf_weight=594.06478699754371 113.45684669911861 5.4080922957509774 42.407456062734127 7.6500297840684643 5.6369778104126507 40.053130161017179 4.3326664492487899 13.962599823251365 4.1107865646481514 129.97925593703985 6.2891688868403435 11.671729404479263 583.04206399478426 5.4228009767830363 125.1212004700792 5.5394010326417655 6.1901268962537852 3.3764271754771471 4.1248463429510585 9.9674238647567091 10.42793689361133 3.062292765651363 1.8619876630837087 10.732289344538001 55.070114482019562 6.7599634975194958 7.5136234834790212 6.5887814573943615 3.7470816001296026 4.5603370927274227
leaf_count=5564 489 23 127 39 25 159 25 69 20 576 23 34 3978 24 573 71 48 20 24 46 255 67 22 124 424 38 23 37 23 22
internal_value=0.000178464 0.00830961 -0.0075733 -0.0789177 0.00123157 -0.020893 -0.067533 -0.0318924 -0.109422 0.0198002 -0.0206373 0.00199375 -0.00223657 -0.0165945 0.00375776 0.0229947 0.0332945 -0.0772527 -0.0476692 -0.00860065 -0.000638786 -0.0326307 -0.0208218 -0.091483 -0.00551321 0.0275641 -0.0201724 -0.0733931 0.0472013 -0.047387
internal_weight=1832.13 419.551 176.115 19.3473 156.768 85.1907 28.043 23.7104 9.74776 243.436 11.6973 57.1477 1412.58 45.4759 829.539 154.319 134.688 9.56655 19.6317 15.5068 675.219 81.1546 70.7267 12.5943 58.1324 71.5772 20.8624 14.1024 50.7149 8.30742
internal_count=12992 1776 711 85 626 356 139 114 45 1065 46 217 11216 183 7238 782 641 68 141 117 6456 892 637 146 491 270 98 60 172 45
is_linear=0
shrinkage=0.1


Tree=111
num_leaves=31
num_cat=0
split_feature=35 7 23 2 37 28 3 19 47 44 0 10 36 16 6 50 9 44 44 6 16 33 10 15 26 12 47 1 50 44
split_gain=3.32711 5.49213 8.35604 6.06154 7.64852 12.8393 5.87544 5.1614 10.6659 5.1199 4.86886 5.6949 11.0285 10.2247 9.50183 9.80642 18.9442 6.66686 8.15841 6.53205 9.9903 5.88284 4.55341 10.3739 14.7576 8.03133 11.7128 9.85441 8.57611 6.98602
threshold=0.94597589969635021 69.335876464843764 0.12990356981754306 0.21898069977760318 0.55011433362960827 1753417.5000000002 0.12965145707130435 0.50433358550071727 0.55178922414779674 0.61875218152999889 0.70437273383140575 0.13429035246372226 0.1381134316325188 0.033908866345882423 69.625762939453139 0.82526713609695446 0.16182129830121997 0.86506962776184093 0.7932603955268861 61.108545303344734 0.28625348210334783 0.72367396950721752 0.093353413045406355 3.1493629217147832 1.1937500238418581 5.5000000000000009 0.49580399692058569 0.2135087847709656 0.38642980158329016 0.71318194270133983
decision_type=2 2 2 2 2 2 2 2 2 2 2 2 2 2 2 2 2 2 2 2 2 2 2 2 2 2 2 2 2 2
left_child=10 6 -3 -4 7 -6 -2 9 -9 -5 11 22 13 21 19 -16 -17 18 -15 -14 -21 -13 23 -1 -25 28 27 -27 -24 -30
right_child=1 2 3 4 5 -7 -8 8 -10 -11 -12 12 14 17 15 16 -18 -19 -20 20 -22 -23 25 24 -26 26 -28 -29 29 -31
leaf_value=-0.0011148390994534202 -0.11116980620894086 -0.1205142810803056 0.057251341518792492 -0.054307508826005706 -0.0056062528465159259 -0.22824920652572561 0.037000909342118825 -0.13624516900135583 0.051702693002037864 0.053231091002737443 0.043527077331519413 -0.11255724466161671 -0.20015814084978942 -0.029178986057400103 0.06525522639172085 -0.1605337066768826 0.037025089505557593 0.082277815940937027 -0.20808869594288423 0.031593977807700867 -0.17373542788204499 -0.31289879632926237 -0.089104577396442314 -0.19443183292958729 0.032556488432248926 -0.040386717803622491 0.056052886095452219 -0.33034896099736244 0.073363644613295351 0.014932347795215781
leaf_weight=1452.6645392352657 2.7698415960185221 5.833978008478879 16.337707925587893 5.5352012217044857 7.2178649827837926 4.0398374162614346 79.143402685178444 6.3300659842789155 5.773171104490757 22.117666755337268 24.08684893604368 3.3533103943336782 3.2903098900569594 9.1350797178456542 21.874191493727267 7.3241274282336262 14.390975642949341 3.2082920398097476 3.5351707563968366 6.9189456338062865 3.6038567307405174 2.6037896052002907 5.8420755018596529 6.5934234963060572 5.0641342550516129 2.4522895721020159 3.8653687760233879 2.2450671214610338 31.980612132698298 56.807870871736668
leaf_count=11138 25 39 75 30 39 29 412 32 26 94 121 29 39 62 63 37 54 12 27 35 27 14 86 73 17 24 16 16 91 210
internal_value=0.000193163 0.0142037 -0.00570447 0.00424033 -0.012737 -0.0855019 0.0319906 0.00786778 -0.0465952 0.0317054 -0.00110739 -0.00176025 -0.027916 -0.0884046 -0.00490641 0.0179967 -0.0296081 -0.0464911 -0.0790972 -0.0771805 -0.0387274 -0.200125 -0.000438072 -0.00186884 -0.0958263 0.0198647 -0.0728775 -0.178972 0.0282566 0.0359786
internal_weight=1825.94 155.099 73.1855 67.3515 51.0138 11.2577 81.9132 39.7561 12.1032 27.6529 1670.84 1646.75 79.238 21.8356 57.4024 43.5893 21.7151 15.8785 12.6703 13.8131 10.5228 5.9571 1567.52 1464.32 11.6576 103.193 8.56273 4.69736 94.6306 88.7885
internal_count=12992 801 364 325 250 68 437 182 58 124 12191 12070 399 144 255 154 91 101 89 101 62 43 11671 11228 90 443 56 40 387 301
is_linear=0
shrinkage=0.1


Tree=112
num_leaves=31
num_cat=0
split_feature=36 47 3 51 51 35 11 37 47 2 48 4 38 26 11 17 26 37 3 38 7 9 27 39 21 6 35 22 3 19
split_gain=3.29929 5.66071 8.68688 8.21054 16.7569 7.53865 6.31979 9.77941 12.967 11.6802 5.97059 5.73269 5.39847 5.24726 5.78 5.03543 4.77793 6.44775 4.62532 10.3483 10.074 7.66839 10.8357 9.94184 9.5241 8.24621 7.8384 7.57702 7.17538 8.21074
threshold=0.83364582061767589 0.38859400153160101 5.0950274467468271 0.82715877890586864 0.77272215485572826 0.54474565386772167 0.69291478395462047 0.57485783100128185 0.48591892421245581 0.22067273408174518 0.25000000745058065 5.7603173255920419 0.34729360044002539 0.44220000505447393 0.2357653006911278 24.339751243591312 1.1010499596595766 0.538678139448166 0.54374009370803844 0.42031313478946691 53.750263214111335 0.15560796856880191 0.85910001397132885 0.80000004172325145 0.057234514504671104 75.384616851806655 0.70450577139854442 37.589508056640632 0.56182417273521434 2.9241442680358891
decision_type=2 2 2 2 2 2 2 2 2 2 2 2 2 2 2 2 2 2 2 2 2 2 2 2 2 2 2 2 2 2
left_child=18 2 11 4 12 -4 15 -8 -9 -10 -7 -2 -3 -14 -15 -5 17 -16 19 -1 -21 22 23 27 26 -24 -25 -22 29 -20
right_child=1 3 5 6 -6 10 7 8 9 -11 -12 -13 13 14 16 -17 -18 -19 28 20 21 -23 25 24 -26 -27 -28 -29 -30 -31
leaf_value=0.028819662155768529 0.04604702115336945 -0.17624428478906629 -0.1158281105524295 -0.048629621137116164 -0.2196732922397191 0.03857160511537143 0.052358310040570427 -0.20308608086801488 0.036486902296318284 -0.17232361633275797 -0.077813674625321932 -0.037447844759531265 0.072824819090798396 0.062106172790763192 -0.039745092899200044 0.089507303180420217 -0.0032063158831113765 -0.23614816594289026 -0.14626101098166774 0.015740170971927529 -0.025972075916504214 0.029482739567177459 -0.01268970970601558 -0.16272976744594816 -0.29226225992606381 0.11130761730401306 -0.0040461261853493866 -0.15704011888555108 -0.003825304028214579 0.029090872377292722
leaf_weight=149.08649268024601 92.421852055704221 1.9797924272716105 6.7993010212667313 3.2275156788527992 4.8643839191645375 15.278298847377302 14.803277704864739 4.5575063489377525 11.808483742177485 3.4648769535124293 6.1950664743781081 9.0262758843600732 6.4376653930521597 4.7196212038397816 3.8569525672355649 14.46853527985513 6.1406113263219595 2.9499742612242699 7.3958605615771358 137.41901503052941 78.069736177159939 24.20900061307475 16.632931097818076 6.3282539410283771 2.68690051883459 7.9156684980262062 6.1265490520745516 4.6747846023645243 1163.7789969436853 4.1792388228932396
leaf_count=653 409 11 39 19 26 60 74 29 63 24 25 36 32 24 30 89 34 16 121 1991 992 94 192 98 18 20 35 35 7679 24
internal_value=0.000199516 0.011895 0.0249569 -0.00845118 -0.0492803 -0.0240622 0.0156959 -0.00914464 -0.0550551 -0.0108833 0.00499445 0.0386181 -0.0175047 -0.00446696 -0.032631 0.064313 -0.0671645 -0.124862 -0.00134921 0.00748414 -0.00371352 -0.0219434 -0.0321119 -0.0470099 -0.12151 0.0272931 -0.0846729 -0.033377 -0.00460453 -0.0829495
internal_weight=1821.5 213 129.721 83.2792 30.949 28.2727 52.3302 34.6341 19.8309 15.2734 21.4734 101.448 26.0846 24.1048 17.6672 17.6961 12.9475 6.80693 1608.5 433.149 284.063 146.644 122.435 97.8862 15.1417 24.5486 12.4548 82.7445 1175.35 11.5751
internal_count=12992 1040 569 471 173 124 298 190 116 87 85 445 147 136 104 108 80 46 11952 4128 3475 1484 1390 1178 151 212 133 1027 7824 145
is_linear=0
shrinkage=0.1


Tree=113
num_leaves=31
num_cat=0
split_feature=35 34 34 45 26 44 11 15 17 22 37 40 28 28 17 39 28 4 22 0 28 16 21 17 5 47 23 10 39 10
split_gain=3.33652 7.35266 8.33031 8.45045 7.68098 7.989 7.26299 12.0757 8.57861 7.50227 9.52148 8.86168 7.34922 11.4063 11.3132 16.7862 11.3276 11.3503 9.48102 11.5237 8.70892 8.20226 9.59808 8.08452 7.87388 7.83473 8.78816 11.0445 11.0774 15.5305
threshold=0.59258177876472484 0.50004315376281749 0.45499728620052343 0.647943675518036 1.1639999747276308 0.86840602755546581 0.34495888650417333 -0.0030238160397857423 61.062593460083015 17.594579696655277 0.51508149504661571 0.75000000000000011 18299277.000000004 13452524.000000002 50.630109786987312 0.074148371815681471 294851.65625000006 0.15825597941875461 32.061819076538093 0.17455766350030902 56781.000000000007 6.4594325522193699e-05 0.076404288411140456 55.348642349243171 0.55789485573768627 0.54373666644096386 0.90946349501609813 0.13429035246372226 0.92307728528976452 0.046886119991540916
decision_type=2 2 2 2 2 2 2 2 2 2 2 2 2 2 2 2 2 2 2 2 2 2 2 2 2 2 2 2 2 2
left_child=6 2 -2 -4 -5 -6 -1 8 9 10 11 -8 13 14 15 20 17 -16 19 23 -9 -18 -23 24 -14 26 27 28 -17 -30
right_child=1 -3 3 4 5 -7 7 12 -10 -11 -12 -13 18 -15 16 25 21 -19 -20 -21 -22 22 -24 -25 -26 -27 -28 -29 29 -31
leaf_value=0.0068137160615485389 -0.026259658024146978 0.000293602726017497 0.049783240648910543 0.023631777545611275 -0.1502864352844191 0.01711441699000386 -0.12599728340814775 -0.014573398890336521 0.067706985703003125 -0.16088583300089587 -0.011735175633209288 0.042977681821420956 -0.24222675720847375 0.078125300713570656 -0.1815834418029082 0.017917812391183917 0.044930987459446653 0.0093142748913274398 0.023705934098000484 -0.18729455977634182 -0.1330989769326385 -0.15399219299656564 0.015677645780365037 0.076813244090648783 -0.039088424202932862 -0.084537750499292241 0.072895123043488941 -0.19880818350884077 -0.016632893043662399 -0.25290164015127931
leaf_weight=306.03663046805741 27.862506250821752 917.92047139815986 95.161355972057208 26.464414963498712 6.2767187245190126 5.223261184990406 19.332577610672164 12.132556597389341 5.3222839372028821 7.1459159088553852 27.534006172398222 3.6971858625183804 2.426002247346335 16.934038603852969 3.447242762631503 181.47492153075291 3.4828238386544426 32.279989415081218 11.674272352654951 7.6536444044904774 12.676425217752692 16.988072771229785 4.1481964439153662 4.4294261939357957 8.9384824316803115 8.2096698847308271 23.416879386350047 2.5457438816083586 12.786776126129554 3.5557595855207174
leaf_count=2462 341 4912 323 110 35 25 838 159 49 69 290 44 23 86 44 1717 23 304 55 57 302 212 18 12 143 60 114 33 96 36
internal_value=0.000206233 0.0037508 0.023463 0.0338697 -0.0060191 -0.0742534 -0.00497381 -0.0133198 -0.0537726 -0.0649761 -0.0514216 -0.0988701 -0.00641348 -0.00183888 -0.00610859 0.00304712 -0.04507 -0.00910503 -0.0499271 -0.0865882 -0.0751354 -0.0972623 -0.120693 -0.0377864 -0.0824528 0.011408 0.0149279 0.0081531 0.0108165 -0.0680395
internal_weight=1817.18 1078.91 160.988 133.126 37.9644 11.5 738.27 432.233 63.032 57.7097 50.5638 23.0298 369.201 334.079 317.145 256.799 60.3463 35.7272 35.1218 23.4476 24.809 24.6191 21.1363 15.7939 11.3645 231.99 223.78 200.363 197.817 16.3425
internal_count=12992 5746 834 493 170 60 7246 4784 1290 1241 1172 882 3494 3204 3118 2517 601 348 290 235 461 253 230 178 166 2056 1996 1882 1849 132
is_linear=0
shrinkage=0.1


Tree=114
num_leaves=31
num_cat=0
split_feature=34 6 26 33 48 35 33 34 3 21 27 27 7 18 37 16 4 21 34 34 33 26 9 26 11 18 16 47 12 51
split_gain=3.32323 7.04214 6.57711 6.71622 6.4793 6.02708 5.8881 6.54982 9.24797 7.9063 8.93742 15.3382 6.71332 6.19177 7.20558 6.72059 7.93881 5.92252 6.86031 13.7187 12.8689 12.2272 18.0767 13.0142 10.6613 9.01584 11.2222 9.66813 7.66204 8.63943
threshold=0.99998527765274059 65.013072967529311 1.7595999836921694 0.64753228425979625 0.84999999403953563 0.55722033977508556 0.56839856505393993 0.6834978759288789 1.9057791829109194 0.018198466859757904 0.97404998540878307 0.58219999074935924 71.642539978027358 2.4511984586715703 0.67651313543319713 0.50402733683586132 0.37871877849102026 -0.029781429097056385 0.50004315376281749 0.70113715529441845 0.6132110357284547 1.0313000082969668 0.016241234727203849 1.6602500081062319 0.36616641283035284 1.3612373471260073 0.37365522980690008 0.77073377370834362 17.500000000000004 0.49722158908844
decision_type=2 2 2 2 2 2 2 2 2 2 2 2 2 2 2 2 2 2 2 2 2 2 2 2 2 2 2 2 2 2
left_child=4 5 -3 -4 6 -2 7 13 9 -9 11 -11 -10 14 15 -1 -17 -8 20 24 -19 -22 -23 -24 -20 26 28 -28 29 -21
right_child=1 2 3 -5 -6 -7 17 8 12 10 -12 -13 -14 -15 -16 16 -18 18 19 25 21 22 23 -25 -26 -27 27 -29 -30 -31
leaf_value=-0.001902219610708001 -0.076393459304168479 -0.0049196417036562363 -0.073176125158261052 0.039177551714754538 -0.11812627918218017 0.043827196160126917 0.052563991758601582 0.073423886754282561 0.0016036522327245854 0.05196770065859968 0.094508327829079752 -0.11294639664557851 -0.12445930614309762 -0.081709185880975782 0.085871230041863825 -0.079983656163673991 0.074697121193300173 -0.13557453869119321 -0.032650592406560354 0.0056780218909828414 0.050749573831404687 0.040895193810635069 -0.2531830651968191 -0.042874593573934805 -0.12737156952272816 0.041122721085572689 -0.11964352882893015 0.05533516820778428 0.024198286361654036 -0.028998434169559953
leaf_weight=659.75759948339692 4.4434942658990613 272.33992483839393 5.8114002645015708 62.981825461611152 4.800056602805852 67.78336330037564 14.986475905403493 44.021951810951577 29.756237789755687 12.037876277696347 8.5881732304114831 10.610995536204426 4.9233161979354909 9.112155459210042 9.9216791000217182 3.9289242220693295 21.340521455400449 5.4060882385529103 36.794143476668978 114.00334878821741 56.23483274388127 16.259902579360645 4.5741164162755004 8.2483703582547587 17.550920652523928 32.066393853761838 16.52049660298508 3.903894633636809 55.458902004349511 194.30441741133109
leaf_count=6395 20 1127 30 245 27 354 71 260 123 47 25 76 27 60 35 45 132 112 342 782 242 76 30 36 402 132 177 26 322 1214
internal_value=0.000189633 0.00806489 0.00205903 0.0296863 -0.00214374 0.0364311 -0.00174331 0.0037325 0.0264329 0.046121 0.00764352 -0.0252945 -0.016293 0.000187856 0.00126169 3.6235e-05 0.0506472 -0.00947749 -0.0111339 -0.0159879 0.0140447 0.0235253 -0.0291167 -0.117897 -0.063241 -0.00981866 -0.0140705 -0.0861983 -0.0100207 -0.0161761
internal_weight=1808.47 413.36 341.133 68.7932 1395.11 72.2269 1390.31 813.999 109.939 75.259 31.237 22.6489 34.6796 704.061 694.949 685.027 25.2694 576.312 561.326 470.603 90.7233 85.3172 29.0824 12.8225 54.3451 416.257 384.191 20.4244 363.767 308.308
internal_count=12992 1776 1402 275 11216 374 11189 7225 558 408 148 123 150 6667 6607 6572 177 3964 3893 3397 496 384 142 66 744 2653 2521 203 2318 1996
is_linear=0
shrinkage=0.1


Tree=115
num_leaves=31
num_cat=0
split_feature=47 21 35 1 18 19 34 21 27 27 28 5 9 26 3 44 23 14 37 7 26 17 36 3 34 1 38 50 43 22
split_gain=3.22675 5.77089 5.13817 5.80328 5.73185 5.01999 4.38472 3.74953 3.67284 13.6667 12.0054 11.9045 11.121 11.0605 9.93766 22.0057 10.0876 9.88605 9.26792 8.87131 8.78097 13.4409 8.74021 17.8459 8.25463 8.1943 7.93496 7.80422 7.73849 7.50462
threshold=0.10641238093376161 -0.012367150746285914 0.59692108631134044 0.051033711060881622 0.00087475674808956694 -2.5979814529418941 0.97034975886344921 0.0044949389994144448 0.79609999060630809 0.70939999818801891 13057.786621093752 0.48545375466346746 0.097199622541666045 0.39609999954700476 1.4634805321693423 0.88644781708717357 0.99992001056671154 45.422435760498054 0.53780370950698864 60.381916046142585 5.3522500991821298 48.707767486572273 0.22312842309474948 0.74762946367263805 0.78664875030517589 0.54351353645324718 0.40665823221206671 0.65152445435523998 0.46249999105930334 -0.4914033561944961
decision_type=2 2 2 2 2 2 2 2 2 2 2 2 2 2 2 2 2 2 2 2 2 2 2 2 2 2 2 2 2 2
left_child=1 -1 3 4 -3 -5 -4 -6 9 -2 25 12 17 18 22 16 26 19 28 24 -15 -22 23 -13 -12 -11 27 -16 -10 -24
right_child=8 2 6 5 7 -7 -8 -9 13 10 11 14 -14 20 15 -17 -18 -19 -20 -21 21 -23 29 -25 -26 -27 -28 -29 -30 -31
leaf_value=0.072056629301015793 0.002398375458846475 -0.11952306713141701 -0.033285560719157913 0.01606852803674708 0.072274175032163379 -0.12601610789937137 0.10211648431050371 -0.11897222221809078 0.052876964089836845 0.046607470891751129 -0.1420088785567912 -0.0016296268091489337 -0.28394308937921137 0.013617220992084875 -0.048249899311017239 -0.23995758439819725 0.10477115599778393 -0.0083716685651972749 -0.0036248386573227796 -0.26638846647217668 -0.20032851543702643 0.064920559845172962 0.083932042666184994 -0.17235984044436742 0.011958408841647415 -0.11219745834337738 -0.026152784192568081 -0.26291436867159929 -0.14814578747823209 -0.0016147017756949036
leaf_weight=5.163060253369621 1057.4235382815314 3.1289372652099718 5.9993872332997835 3.0423498246964327 6.346916897688061 13.612835513369644 3.9770408049225807 1.2226366687100378 2.3219204353517879 28.905882576713338 9.8915583091438766 24.2058497601829 2.7103136070072642 467.90134649979882 3.5943249789997962 6.0626489408314219 4.5878544123843303 13.648647398105821 18.726816115900874 3.4016419017571016 4.7022783914580932 3.2175919143483043 14.001818563556297 8.1950939389644173 5.3738251309841862 3.6607552552595726 22.576253880281001 3.2026204094290733 10.92673952275072 38.318282757361885
leaf_count=46 7820 258 144 135 134 383 18 49 13 161 88 226 19 2528 22 37 19 80 66 39 41 12 50 90 29 25 130 20 131 179
internal_value=0.000194059 -0.0270352 -0.0407404 -0.0631459 -0.00567573 -0.100062 0.0206916 0.041384 0.000852392 -0.00206153 -0.026581 -0.0378606 -0.0893743 0.00802397 -0.0233966 -0.0644612 -0.033132 -0.0730558 -0.048908 -0.12035 0.0118498 -0.0925662 -0.00399692 -0.044812 -0.0878083 0.0287565 -0.0546714 -0.149397 -0.112915 0.0212792
internal_weight=1800.05 42.4932 37.3301 27.3537 10.6985 16.6552 9.97643 7.56955 1757.56 1249.76 192.337 159.771 35.026 507.797 124.745 40.0237 33.9611 32.3157 31.9755 18.667 475.821 7.91987 84.721 32.4009 15.2654 32.5666 29.3732 6.79695 13.2487 52.3201
internal_count=12992 1167 1121 959 441 518 162 183 11825 9034 1214 1028 255 2791 773 228 191 236 210 156 2581 53 545 316 117 186 172 42 144 229
is_linear=0
shrinkage=0.1


Tree=116
num_leaves=31
num_cat=0
split_feature=18 14 1 6 34 35 26 44 39 37 1 28 11 16 38 39 3 10 15 28 35 34 36 50 43 10 23 26 8 19
split_gain=3.29873 6.07922 6.01435 5.7716 9.1199 8.79892 10.1369 7.61892 8.93024 7.93471 7.55134 7.25684 6.74768 10.8759 6.26396 6.24942 5.92712 5.9157 7.04725 6.0223 6.74436 9.26945 6.6915 7.26171 6.76351 6.60416 6.32255 6.11464 6.24116 12.2342
threshold=-0.012284231372177599 86.121822357177749 0.50745853781700145 47.838928222656257 0.88987958431243908 0.84451627731323253 0.60235002636909496 0.48309876024723059 0.56896552443504345 0.57032558321952831 0.32877561450004583 6153716.0000000009 0.58574408292770397 -0.18234451115131375 0.41704215109348303 0.39473684132099157 1.1929467320442202 0.00071763311279937636 -0.030300466343760487 9064.5000000000018 0.54960083961486828 0.567212074995041 0.56881105899810802 0.40542806684970861 0.48749999701976782 -0.17712942510843274 0.49999995529651647 3.9333499670028691 26.505303382873539 2.1995905637741093
decision_type=2 2 2 2 2 2 2 2 2 2 2 2 2 2 2 2 2 2 2 2 2 2 2 2 2 2 2 2 2 2
left_child=1 2 3 4 11 6 -5 8 15 12 -7 17 -9 -14 -10 -8 -13 19 -19 -1 21 22 23 24 -21 -25 -23 28 -22 -30
right_child=-2 -3 -4 5 -6 10 7 9 14 -11 -12 16 13 -15 -16 -17 -18 18 -20 20 27 26 -24 25 -26 -27 -28 -29 29 -31
leaf_value=0.051388997619803069 0.0021496504420125055 -0.19027665336359381 0.037197927434288805 -0.12209970250645233 0.089140283393501107 0.035744583675645085 -0.093987348939364335 0.031475844364089033 -0.31681214885173758 -0.10302015106193688 -0.098728106125623494 -0.14874889975960356 -0.33407639316517312 -0.024980702944064206 -0.11359840628664904 0.073118040114422161 -0.0092955843475401503 -0.1220658248099009 0.031274895270761639 -0.1286759144137079 0.052050934076636871 -0.09448853719580419 0.05428358523079746 0.10335695970958191 0.029461567217740511 -0.15761501645658027 0.098714181624576361 0.10492581391334649 0.006670589349764406 -0.14440580707871123
leaf_weight=24.171164876781404 1484.8129839581525 1.8429146639755334 26.752265466377139 14.54079262469895 10.670731231104581 27.3699705285253 5.2643981430519506 30.280576852965169 2.093735779169946 8.1983402373734844 4.9278102591633788 6.2252600791689456 1.233405915612823 14.772838907083495 5.5052211116999388 3.8929688433709089 5.9712235069164308 8.0295895130257104 4.7820876954065161 4.2417746000574024 19.004134139977396 2.2565186456486099 4.0101978582388247 1.0553633272647847 7.463224590086611 11.944134834338909 6.7924318744626362 6.8249806696549049 33.320005046931328 6.3878282520454368
leaf_count=269 9047 50 138 346 68 147 128 274 18 61 36 140 26 205 80 42 60 293 162 211 92 46 24 4 205 283 34 24 419 60
internal_value=0.000191222 -0.00919437 -0.00811081 -0.0124208 -0.000233449 -0.0292601 -0.0460101 -0.0304797 -0.0894496 -0.0123442 0.0152275 -0.00648793 0.00371637 -0.0487989 -0.16959 -0.0229477 -0.0804746 -5.54075e-05 -0.0648299 0.00645481 -0.00405927 -0.0377201 -0.0655324 -0.0849818 -0.0278459 -0.136428 0.0505356 0.0153368 0.00492246 -0.0176332
internal_weight=1794.64 309.826 307.983 281.231 163.151 118.08 85.7823 71.2415 16.7563 54.4852 32.2978 152.48 46.2868 16.0062 7.59896 9.15737 12.1965 140.283 12.8117 127.472 103.301 37.7636 28.7147 24.7045 11.705 12.9995 9.04895 65.5369 58.712 39.7078
internal_count=12992 3945 3895 3757 2394 1363 1180 834 268 566 183 2326 505 231 98 170 200 2126 455 1671 1402 807 727 703 416 287 80 595 571 479
is_linear=0
shrinkage=0.1


Tree=117
num_leaves=31
num_cat=0
split_feature=36 26 26 28 3 4 4 3 38 36 4 9 28 11 20 19 11 37 15 8 5 6 51 51 39 39 15 34 34 8
split_gain=3.0976 4.4563 5.79162 5.05344 4.78495 5.52493 4.43056 4.3533 7.85085 6.96016 8.38077 11.1336 10.2534 8.94904 6.94744 6.88046 6.65135 6.53744 6.37135 9.28562 8.86812 7.04104 10.1151 10.1452 9.33925 9.94879 12.5492 8.99406 8.93537 8.92721
threshold=0.83364582061767589 0.092349998652935042 0.15200000256299975 124477.50000000001 0.83045697212219249 1.5529516935348513 8.1382970809936541 0.54374009370803844 0.42031313478946691 0.10072775557637216 1.1504402756690981 0.12118101119995119 661834.50000000012 0.69977474212646495 1.5000000000000002 7.4586751461029062 0.83292514085769664 0.49709366261959081 -0.093468300998210893 59.76457595825196 1.1101347804069521 67.39694976806642 0.39942288398742681 0.20871216803789142 0.99999991059303295 0.94618725776672374 0.015982919372618202 0.9463411569595338 0.98606601357460033 67.395290374755874
decision_type=2 2 2 2 2 2 2 2 2 2 2 2 2 2 2 2 2 2 2 2 2 2 2 2 2 2 2 2 2 2
left_child=1 3 4 -1 -3 -6 -2 8 15 16 -11 12 13 14 -12 -4 17 -10 19 -9 -21 24 23 -23 25 27 -27 29 -25 -20
right_child=6 2 7 -5 5 -7 -8 18 9 10 11 -13 -14 -15 -16 -17 -18 -19 21 20 -22 22 -24 28 -26 26 -28 -29 -30 -31
leaf_value=-0.047613132962294441 0.014454897518152028 -0.13882079886258974 0.031032793430547191 0.087460290937221449 0.048848602677913681 -0.12739000365435357 -0.064079318513117142 -0.01851327448535341 -0.076218667301156173 0.020574443264766557 -0.07975311417379348 0.055007824868869397 -0.16494632441179943 -0.14082429188864284 0.041820669747790473 -0.08072920773375647 -0.083348152548312376 0.0022230334248007715 0.00083222000720276502 -0.18849147242925093 0.056603334883044525 0.0460752392588984 -0.0081771665008178989 -0.092937336184374525 0.040404731599100796 -0.026060325146094507 -0.24224402179425822 0.039613010376708689 -0.30973955760443794 -0.082021612785969533
leaf_weight=3.7017372042610068 200.55242868774803 5.5239542269846407 136.47419062000699 11.001813306706024 4.7909607239707839 2.8292295142018702 7.4504533074796191 120.23686386219924 13.081854330273925 139.65996567472757 7.1143910912214823 11.745743168517945 7.0864498561713836 5.6910435808531465 13.853751808521338 5.7401310328859827 16.371054134331644 56.563799077477597 387.01635994855314 6.1187608027830702 1.9456955790410573 3.897039044473785 450.88611197677528 8.3968812624225375 68.599757421616232 10.333831478841601 3.6278015910647801 59.838763045612723 2.4573450312018386 13.456572394599787
leaf_count=39 1001 130 606 72 94 20 39 1029 810 1188 70 41 69 60 72 35 281 783 3410 82 17 29 1953 92 331 63 28 243 14 291
internal_value=0.000171159 -0.00134081 -0.00185617 0.0534545 -0.067956 -0.0165854 0.0116419 -0.0012957 0.00749218 -0.00248792 0.00843197 -0.0288458 -0.0580325 -0.029613 0.000571263 0.0265218 -0.025993 -0.012511 -0.00449127 -0.0254805 -0.129358 -0.00182105 -0.0108431 -0.0923286 0.00591738 0.000929064 -0.0822337 0.00345146 -0.14202 -0.00195181
internal_weight=1786.04 1578.04 1563.34 14.7036 13.1441 7.62019 208.003 1550.19 413.382 271.168 185.151 45.4914 33.7456 26.6592 20.9681 142.214 86.0167 69.6457 1136.81 128.301 8.06446 1008.51 465.637 14.7513 542.873 474.273 13.9616 460.312 10.8542 400.473
internal_count=12992 11952 11841 111 244 114 1040 11597 4015 3374 1500 312 271 202 142 641 1874 1593 7582 1128 99 6454 2088 135 4366 4035 91 3944 106 3701
is_linear=0
shrinkage=0.1


Tree=118
num_leaves=31
num_cat=0
split_feature=35 10 45 11 14 13 19 40 3 39 2 23 1 22 16 5 24 13 47 19 51 11 18 51 44 37 18 5 21 45
split_gain=3.13912 6.36015 13.4401 6.07766 5.55955 6.0815 5.21501 5.29665 5.2243 5.76896 5.79838 9.22756 10.4024 12.0774 12.0452 8.18539 10.3404 7.58298 10.8202 8.6337 14.6112 9.06132 8.01989 7.09682 6.988 9.99396 9.90899 9.7669 11.633 8.50922
threshold=0.7274845838546754 -0.12285248562693594 0.35660429298877722 1.3860308527946474 13.535352230072023 12.173173427581789 8.9139642715454119 0.15000000223517421 0.10841092094779016 0.036831904202699668 0.18169860541820529 0.50424942374229442 0.3012139648199082 38.072618484497077 0.21679310500621798 0.28412565588951116 1.0000000180025095e-35 35.722145080566413 0.26527905464172369 3.5560448169708256 0.93636354804039013 0.71693488955497753 0.56779518723487865 0.38779033720493322 0.76568889617919933 0.51940473914146434 0.047197934240102775 0.45829232037067419 0.14807989448308947 0.42857146263122564
decision_type=2 2 2 2 2 2 2 2 2 2 2 2 2 2 2 2 2 2 2 2 2 2 2 2 2 2 2 2 2 2
left_child=3 2 -2 -1 5 -3 8 -8 -6 -10 15 24 13 -13 -15 16 -11 18 -17 22 21 -21 23 -20 -12 29 -27 -28 -29 -26
right_child=1 4 -4 -5 6 -7 7 -9 9 10 11 12 -14 14 -16 17 -18 -19 19 20 -22 -23 -24 -25 25 26 27 28 -30 -31
leaf_value=-0.0021583080760837789 0.069005290208098286 0.034399486945423684 -0.16500126272415494 -0.12274949929482254 0.064722054015844799 -0.15330250177199678 0.078688831668096676 -0.048860121544429445 0.046472296184033077 -0.20331748721031062 -0.0058998855979977491 -0.0029983751149130961 0.035752095558824568 -0.27556569147216425 -0.0040418204572576699 0.04285126255631147 -0.0077951637846133265 0.047852775463867812 -0.09038005903722629 -0.089164628588385739 0.075812682098015283 -0.28869687778937364 -0.099080865285012643 0.056528121759357564 0.018512395217611062 0.03438420350425949 0.034689931067440422 -0.14135018320946707 0.030371726501355414 -0.16685412760495999
leaf_weight=1247.870311042454 4.0894036665558797 2.8580015401821575 6.138911385089159 4.1933598167961454 15.315646523959002 4.3585003260523081 18.635705279186372 3.9449167409911743 31.846567321859766 3.4957644253736353 93.518629538768437 37.063683735148516 78.474757981835864 3.5352031476795664 3.0376343477983028 35.903724052943289 11.955223020515403 71.705676414247137 4.0528815125580939 6.3918292447924596 3.5646977424621573 3.5345117151737213 6.3528857678174964 17.430644839303568 3.2227412300417191 16.614057572558522 7.5489521101117161 15.630990236997606 5.2766775935888282 10.693877561017869
leaf_count=10193 17 20 38 24 77 29 112 27 188 38 536 191 357 26 17 195 94 337 38 36 23 22 29 69 20 56 27 70 30 56
internal_value=0.000161553 0.00664263 -0.0714426 -0.00256219 0.00819057 -0.0789656 0.00942686 0.0564056 0.00724488 0.00537529 0.00239401 -0.00649779 0.0139876 -0.025153 -0.150081 0.0172482 -0.0520318 0.0244354 0.0026934 -0.0321942 -0.0978485 -0.160213 -0.000374598 0.0288138 -0.0229004 -0.0498532 -0.0269809 -0.0628082 -0.098011 -0.123928
internal_weight=1778.26 526.193 10.2283 1252.06 515.964 7.2165 508.748 22.5806 486.167 470.852 439.005 274.617 122.111 43.6365 6.57284 164.388 15.451 148.937 77.2312 41.3275 13.491 9.92634 27.8364 21.4835 152.506 58.9873 45.0707 28.4566 20.9077 13.9166
internal_count=12992 2775 55 10217 2720 49 2671 139 2532 2455 2267 1386 591 234 43 881 132 749 412 217 81 58 136 107 795 259 183 127 100 76
is_linear=0
shrinkage=0.1


Tree=119
num_leaves=31
num_cat=0
split_feature=35 51 50 14 3 34 13 1 17 21 19 5 4 36 27 20 34 51 21 18 18 34 35 44 26 38 11 37 0 5
split_gain=2.97058 6.63235 6.5681 9.40345 8.64597 8.55341 8.53439 9.50661 7.17925 10.1093 8.33295 5.82309 7.24304 5.3404 6.98824 5.31556 10.9887 7.67356 12.4619 9.91926 6.8203 10.4412 6.10291 8.15187 8.22189 7.5865 6.98005 10.325 6.49006 6.14486
threshold=0.49978068470954901 0.23001653701066974 0.73531880974769603 44.111394882202156 0.73283794522285473 0.55233901739120495 38.915853500366218 0.23488737642765048 42.434818267822273 -0.012367150746285914 2.3306907415390019 0.29243932664394384 1.0388488173484804 0.47338382899761206 0.36234998703002935 2.5000000000000004 0.79805731773376476 0.18717493861913684 -0.021365955471992489 -0.34733685851097101 0.001375591033138335 0.45499728620052343 0.51487553119659435 0.61041402816772472 4.1428499221801767 0.40286764502525335 0.22760661691427234 0.49332271516323095 0.060741966590285308 0.83851999044418346
decision_type=2 2 2 2 2 2 2 2 2 2 2 2 2 2 2 2 2 2 2 2 2 2 2 2 2 2 2 2 2 2
left_child=1 11 3 4 5 13 -4 -8 -5 10 -10 -1 -13 14 -3 16 17 18 -2 -19 -20 -22 23 24 29 -25 -27 -28 -24 -21
right_child=15 2 6 8 -6 -7 7 -9 9 -11 -12 12 -14 -15 -16 -17 -18 19 20 22 21 -23 28 25 -26 26 27 -29 -30 -31
leaf_value=-0.071074314833937155 0.016756211596305168 0.035711294424876784 0.052807201177969054 0.065210218011763119 -0.11273442403063449 0.069436465334418745 -0.14663763909246966 0.03337557547312623 -0.10741639751184413 -0.12851614947413859 0.075089603661997725 0.05988789819437166 -0.049635398236314569 0.050060324147275674 -0.11257842715218624 -0.0013229538444367475 0.074959952717564365 -0.069828314297419855 -0.12630959329081684 0.04905642010803353 -0.13523120568234159 0.049299050435090232 -0.064822988594926786 -0.19020942388023579 -0.24038387610586476 0.071373493122280224 0.075108902065079308 -0.12755894806184107 0.03789643601434687 -0.027777465194307356
leaf_weight=5.8750360079066004 32.281199875316815 4.0355578049784624 20.086648784810681 11.696048287631131 22.584741627266339 6.6370710987248449 5.7324692079564539 6.0088663697242737 3.5388520909764365 7.1370960547355926 8.5366485218983126 28.090491734074021 7.6915491432446279 3.7133934535086146 14.953968940528283 1310.2041445310097 26.40205602790229 12.722229505267022 13.302164564927809 33.720727470572456 5.089810678677166 7.7128560089040548 6.4474384058266869 3.4837818337837261 1.1929058446548868 4.9828492436208789 3.5345895609934805 8.7035349258803745 133.76663784269476 15.056631582265252
leaf_count=81 235 120 72 119 546 53 43 20 60 276 29 320 131 20 538 6947 195 312 319 286 82 32 178 44 14 25 74 143 1136 542
internal_value=0.000185994 -0.0129782 -0.0253938 -0.0402296 -0.0662249 -0.0304237 0.0132171 -0.0545122 0.00344087 -0.0341624 0.0216043 0.0211955 0.0363453 -0.0596172 -0.0810646 0.00145735 0.0132692 0.00749336 -0.0247892 0.0159225 -0.0761643 -0.0240625 0.0210956 -0.00286539 0.0189959 -0.0556268 -0.0284009 -0.0690248 0.0331731 0.0253393
internal_weight=1774.92 156.318 114.661 82.8334 51.9247 29.34 31.828 11.7413 30.9086 19.2126 12.0755 41.6571 35.782 22.7029 18.9895 1618.6 308.399 281.997 58.386 223.611 26.1048 12.8027 210.889 70.675 49.9703 20.7048 17.221 12.2381 140.214 48.7774
internal_count=12992 2428 1896 1761 1277 731 135 63 484 365 89 532 451 678 658 10564 3617 3422 668 2754 433 114 2442 1128 842 286 242 217 1314 828
is_linear=0
shrinkage=0.1


Tree=120
num_leaves=31
num_cat=0
split_feature=0 10 7 33 24 43 14 43 23 27 47 33 9 4 11 45 50 35 27 26 36 3 18 3 7 33 50 0 47 45
split_gain=2.98386 8.60908 7.68554 6.86556 5.6263 6.03758 7.30281 6.42522 8.76271 8.10893 8.6629 7.98178 14.6881 7.34969 5.82785 4.5818 6.93882 4.47151 5.3372 8.85849 18.2283 7.9147 4.76874 6.43611 4.41278 4.39206 4.09031 4.04369 4.20672 8.33795
threshold=0.45586425065994268 0.18231245875358584 60.381916046142585 0.67696326971054088 0.47446027398109442 0.66249999403953563 64.501148223876967 0.61250001192092907 0.49999995529651647 0.59870001673698436 0.9988183081150056 0.82247948646545421 0.071428570896387114 0.10928234457969667 1.016892194747925 0.63640287518501293 0.3881120383739472 0.99987903237342846 0.73149999976158153 1.4907500147819521 0.3903502374887467 0.70013105869293224 -0.89954105019569386 0.77566584944725048 50.538274765014656 0.89506503939628612 0.8572656810283662 0.44747185707092291 0.62821903824806224 0.41369152069091802
decision_type=2 2 2 2 2 2 2 2 2 2 2 2 2 2 2 2 2 2 2 2 2 2 2 2 2 2 2 2 2 2
left_child=1 17 -3 26 5 7 -7 8 9 10 11 12 -2 -10 15 16 -11 22 -19 20 21 -20 23 24 -1 -9 -4 28 -24 -30
right_child=4 2 3 -5 -6 6 -8 25 13 14 -12 -13 -14 -15 -16 -17 -18 18 19 -21 -22 -23 27 -25 -26 -27 -28 -29 29 -31
leaf_value=0.035983183081384915 -0.045844668021045344 -0.2173795049749766 -0.04788628103877459 0.015508713122902765 0.057462347179363507 -0.17509790451993124 0.01443828087155619 0.058970123976801264 -0.09898469661131952 0.086463477047193482 0.049641162307006478 -0.0065931120353754473 -0.29200379444861041 0.032059710604473789 -0.079923842297855735 0.075630239248513059 -0.087444465073077071 0.050893896703669866 -0.070282536333278661 0.047133369659314771 0.069270864713477417 -0.28726028573842893 -0.0016232108362577464 -0.11129320622680799 -0.10476549963189422 -0.034282797408706871 -0.23014754129972201 -0.07873002688237471 -0.08364120516473926 0.037143107776537204
leaf_weight=8.7710604605526914 4.6144343921914714 3.0299080041004371 2.6133531632367513 8.1848149386933056 24.070930683985353 3.9843755140900594 4.1504225470125675 33.09639894310385 4.6386108398437491 3.6838411125354522 3.5116328177973619 3.9509941712021819 5.1064883768558502 55.342225048691034 7.0561690293252459 9.5254584085196239 6.0823303004726768 35.814070495311171 3.3134221863001603 13.212450351566075 5.1755672264844179 3.412605463527143 1423.1106699771844 9.2407623807084729 2.9858214546802619 5.9601392634212962 2.3283248096704483 6.6381698232144108 6.3619591809110707 56.22752965518157
leaf_count=159 33 34 30 37 101 24 22 143 26 20 19 17 30 289 36 42 34 197 16 58 29 24 10961 140 78 28 11 35 52 267
internal_value=0.000165876 -0.00119706 -0.0738225 -0.0406861 0.0125684 0.00539776 -0.0783954 0.0101789 -0.00286127 -0.0370143 -0.090458 -0.126442 -0.175154 0.0219254 -0.00215926 0.0262842 -0.0218457 -0.000451718 0.0261094 -0.00923461 -0.071811 -0.180371 -0.00152109 -0.0488452 0.000238124 0.0447395 -0.133761 -0.000855227 -0.00050728 0.0248659
internal_weight=1765.19 1590.42 16.1564 13.1265 174.774 150.704 8.1348 142.569 103.512 43.5313 17.1835 13.6719 9.72092 59.9808 26.3478 19.2916 9.76617 1574.26 60.9281 25.114 11.9016 6.72603 1513.34 20.9976 11.7569 39.0565 4.94168 1492.34 1485.7 62.5895
internal_count=12992 12128 112 78 864 763 46 717 546 231 99 80 63 315 132 96 54 12016 324 127 69 40 11692 377 237 171 41 11315 11280 319
is_linear=0
shrinkage=0.1


Tree=121
num_leaves=31
num_cat=0
split_feature=33 1 8 6 35 3 34 34 35 26 3 5 20 34 37 1 11 5 15 45 17 36 14 36 51 11 34 28 44 39
split_gain=3.36639 3.02847 6.02613 6.61076 5.85269 3.63096 4.21555 3.58434 9.44507 5.10597 4.8149 4.76438 4.06099 16.637 6.94156 8.20218 7.73049 8.43253 6.94087 6.86515 8.44198 8.78168 6.5253 5.98182 7.92039 12.016 11.0062 9.48855 8.5058 7.80333
threshold=0.21700425446033481 0.676191806793213 71.304607391357436 75.605564117431655 0.98958224058151256 0.43803639709949499 0.567212074995041 0.29140184819698339 0.42741180956363684 0.85355001688003551 1.7493435144424441 1.8138720989227297 1.5000000000000002 0.64819741249084484 0.5523839294910432 0.11923998966813089 0.4069333970546723 0.13728496432304385 -0.19294302910566327 0.43864887952804571 31.092963218688968 0.20476344972848895 54.194519042968757 0.046028790995478637 0.40933395922183996 0.71693488955497753 0.70113715529441845 12287482.000000002 0.73142069578170787 0.49999998509883886
decision_type=2 2 2 2 2 2 2 2 2 2 2 2 2 2 2 2 2 2 2 2 2 2 2 2 2 2 2 2 2 2
left_child=-1 7 5 4 -4 6 -3 8 9 -2 -11 -10 13 14 15 19 18 -18 -17 20 21 -9 -19 -14 25 26 28 -28 29 -25
right_child=1 2 3 -5 -6 -7 -8 12 11 10 -12 -13 23 -15 -16 16 17 22 -20 -21 -22 -23 -24 24 -26 -27 27 -29 -30 -31
leaf_value=-0.13371025872921721 -0.10856654103429456 -0.071084888839627755 -0.20687923958619134 0.023935138136925202 -0.0032126336150797258 0.092822007505406909 0.083436867233752154 -0.10869504301783464 -0.11913252514181627 0.078749399418008542 -0.091108918156968574 0.007172013164137625 -0.030494587511138999 0.083167500859686661 0.035876802634625386 -0.043601422620539163 -0.49145908337884042 -0.093111297851548869 0.025998376543370411 -0.076556398393481703 -0.12849769052570234 0.071736079460889349 0.065377896244104519 -0.094992002471439671 0.0028287702150122038 -0.096403784205208051 0.025291311863647161 -0.077009820303338652 0.01266382903980437 -0.024706494534472337
leaf_weight=1.8760647102899373 2.4187133654486415 3.575467559508982 2.797933408990505 14.067699257284401 2.8463406353257596 14.328503628261386 3.4877401608973742 3.4246352629270467 11.935277291377131 10.075305223290341 2.0001310774241565 3.9832643681220352 68.931796071177814 29.081280835904181 48.895379945723107 16.925841468939325 0.44761445885524054 9.5697932007315085 93.368832986758207 26.168760376436694 4.0229888914909671 12.703684961190445 3.565704535576514 27.874057322187582 1170.8192138508166 18.116567731369287 80.07949678535806 10.224030507495625 25.947695170878433 36.454699047084432
leaf_count=144 103 24 26 70 20 73 24 235 701 106 23 77 885 156 263 171 11 243 554 1116 207 72 34 295 6160 269 504 61 151 214
internal_value=0.000173079 0.000315943 0.0271406 -0.0127469 -0.104173 0.063896 0.00521638 -0.000326206 -0.0343511 0.0240513 0.0506147 -0.0875276 0.000287321 0.0121007 0.00266771 -0.00687279 0.00655102 -0.0646333 0.0153176 -0.0427732 0.00109804 0.0334239 -0.0500885 -0.00175084 -0.000304082 -0.0187644 -0.0109753 0.0137089 -0.0356669 -0.0551617
internal_weight=1760.01 1758.14 41.1037 19.712 5.64427 21.3917 7.06321 1717.03 30.4127 14.4941 12.0754 15.9185 1686.62 248.175 219.093 170.198 123.878 13.5831 110.295 46.3201 20.1513 16.1283 13.1355 1438.45 1369.52 198.697 180.58 90.3035 90.2765 64.3288
internal_count=12992 12848 237 116 46 121 48 12611 1010 232 129 778 11601 3062 2906 2643 1013 288 725 1630 514 307 277 8539 7654 1494 1225 565 660 509
is_linear=0
shrinkage=0.1


Tree=122
num_leaves=31
num_cat=0
split_feature=48 2 48 14 6 39 4 35 51 17 1 18 10 27 18 37 26 51 2 4 37 33 36 28 35 45 1 14 4 3
split_gain=2.92762 6.06201 8.01249 3.31638 8.94658 5.90847 4.14745 3.11394 10.2211 7.74912 8.41463 6.99557 8.06636 6.31932 6.69827 9.44052 6.27802 6.20666 10.2186 5.86632 5.34425 5.04593 7.09622 9.40347 10.0911 7.43991 6.41842 6.26868 6.77061 8.68668
threshold=0.75000000000000011 0.15142573416233066 0.84999999403953563 89.40112686157228 83.157192230224624 0.99999991059303295 0.39797158539295202 0.49329191446304327 0.35043762624263769 35.503780364990241 0.36754623055458074 -0.0028258202364668246 -0.06144964508712291 0.40139999985694891 0.14428345859050754 0.64861199259758007 1.9807500243186953 0.45960539579391485 0.23229172080755237 1.9667545557022097 0.57138141989707958 0.50000178813934337 0.052588552236557014 4759791.0000000009 0.62164416909217846 0.70081496238708507 0.050022697076201446 27.526884078979496 0.18553733080625537 0.15566314011812213
decision_type=2 2 2 2 2 2 2 2 2 2 2 2 2 2 2 2 2 2 2 2 2 2 2 2 2 2 2 2 2 2
left_child=3 2 -2 7 5 6 -5 8 11 13 17 12 -1 -10 15 -15 19 18 -11 20 -13 26 23 24 -23 27 -9 -26 -29 -30
right_child=1 -3 -4 4 -6 -7 -8 21 9 10 -12 16 -14 14 -16 -17 -18 -19 -20 -21 -22 22 -24 -25 25 -27 -28 28 29 -31
leaf_value=0.0099045084823609335 0.038225266545688391 0.06052147411900103 -0.13289147245516772 -0.10361171149058149 -0.27350411803268782 -0.146579104291365 0.056470853444422923 -0.045425294464838228 0.054076871832387123 -0.12468728416692265 0.036914184351673651 -1.3899116081100167e-06 -0.11381170231162724 -0.10129846133487497 0.062654193060295946 0.064437766653661813 0.10224041435556502 -0.061047671775758067 -0.39688605414769007 -0.14357820000456969 0.10080276922551612 -0.1104873152539069 -0.0005883026257217077 -0.17030750725378832 0.058974952354003921 0.051272471828297132 0.01187858715745811 0.03943108764641564 0.028673248125504466 -0.11706436343255988
leaf_weight=16.365020639845174 6.9295579374302161 21.783486959524453 4.5221878979355097 2.1095676026743586 1.5788144475955039 2.8185982111899639 6.9515593077121594 20.382075809160597 9.8686303146241681 8.510445539854123 4.6041549760848275 19.941436925844762 7.7735516482498488 16.024195277539555 5.0727307351771733 4.3752538170665494 11.077702163296633 11.286490566068094 1.6459005926735688 2.189786416682181 7.1432888738345346 11.034376481824436 1014.375717413528 4.7334605559590264 6.2432635930017559 16.041970891470555 476.55966490698847 6.2494260757812325 5.5352777956286472 15.662550502020165
leaf_count=122 26 79 26 46 12 26 76 971 148 255 18 322 411 418 45 12 48 238 14 41 26 326 5793 89 67 54 2939 60 42 242
internal_value=0.000159435 0.0295558 -0.0293471 -0.000409857 -0.049855 -0.020132 0.0192012 -1.90305e-05 -0.0151547 -0.0443612 -0.0857464 0.0126465 -0.0299369 -0.0138594 -0.0401798 -0.0657515 0.0381198 -0.112084 -0.168799 0.0138561 0.0265846 0.00118926 -0.00264822 -0.0345492 -0.0239743 -0.00477923 0.00952827 -0.0314686 -0.0520413 -0.0790087
internal_weight=1749.39 33.2352 11.4517 1716.15 13.4585 11.8797 9.06113 1702.7 125.879 61.3878 26.047 64.4908 24.1386 35.3408 25.4722 20.3994 40.3522 21.4428 10.1563 29.2745 27.0847 1576.82 1079.88 65.5003 60.7669 49.7325 496.942 33.6905 27.4473 21.1978
internal_count=12992 131 52 12861 160 148 122 12701 2118 1148 525 970 533 623 475 430 437 507 269 389 348 10583 6673 880 791 465 3910 411 344 284
is_linear=0
shrinkage=0.1


Tree=123
num_leaves=31
num_cat=0
split_feature=16 8 34 21 13 39 28 28 9 1 10 37 17 23 3 39 8 8 23 0 3 15 36 13 44 11 3 28 9 15
split_gain=2.68495 8.18669 7.1174 7.86141 8.91717 6.96124 10.0925 9.43391 8.64793 6.92077 6.64468 6.62574 6.37426 6.30884 8.02842 8.83909 10.3673 13.8903 8.54554 7.69035 7.58978 7.87865 8.82191 9.12607 8.14353 10.5749 7.70788 8.93259 6.68473 7.57119
threshold=0.00076423882273957144 53.338640213012702 0.66384920477867138 0.0089158583432436007 17.06239223480225 0.62047338485717785 61854.500000000007 129727.50000000001 0.058131221681833274 0.079895365983247771 -0.060011349618434899 0.51332050561904918 50.122283935546882 0.65538832545280468 0.12965145707130435 0.93835169076919567 77.281833648681655 66.662006378173842 0.64122551679611217 0.64480078220367443 2.4927308559417729 0.24967305362224582 0.10313290357589723 30.685954093933109 0.96040147542953502 0.98098602890968334 0.46573799848556524 6153716.0000000009 -0.0011438173241913316 0.0051043140701949605
decision_type=2 2 2 2 2 2 2 2 2 2 2 2 2 2 2 2 2 2 2 2 2 2 2 2 2 2 2 2 2 2
left_child=-1 2 3 5 -5 6 -2 11 -8 -6 -3 -7 -4 14 -12 18 17 -17 -16 20 21 24 -23 -24 26 -26 -15 -28 -29 -30
right_child=1 10 12 4 9 7 8 -9 -10 -11 13 -13 -14 19 15 16 -18 -19 -20 -21 -22 22 23 -25 25 -27 27 28 29 -31
leaf_value=-0.0041566235887379541 0.046950557669993051 0.056091598336235907 0.060051773018383929 -0.19076765052643616 -0.15560157840343772 -0.1513135993677267 -0.078604743622365802 0.078947784779592314 0.099404272145374534 -0.0005560573747131611 0.068148343282257967 0.021960225442548116 -0.041116519414178133 -0.061971714781279642 -0.0062187059929621914 -0.16412637266770821 -0.23505402890053043 0.017338796252264466 -0.1314448967521914 0.087953185554821955 0.040357544673971964 -0.16383961483204224 -0.14356456963455844 -0.0006116746645550091 0.015531127445245641 -0.28901465344497518 0.045372109357209089 -0.11098481701085086 -0.11738306212037497 0.020329572498237719
leaf_weight=791.28137867944679 19.803451056170161 19.950618524570018 58.074902180582285 3.1724858824163666 3.1822031476767725 3.1415827891905774 18.272601735130596 33.138408911559964 3.2083446597680441 30.211878132657148 13.324279145279432 7.4168506304267794 6.9759897172916672 12.101349180331452 476.66847889181736 6.3466628876340172 3.3221079061040646 12.577570612542329 5.5124236672418183 12.452787066809831 51.919660736806691 5.2526751180121201 5.346171853656414 27.118589404242812 2.5271531733451402 2.0774777699261904 65.122840227530105 6.0625979410251594 4.5818213475868097 31.024990394304041
leaf_count=6749 236 91 244 25 140 76 485 146 10 149 90 48 35 127 3087 58 32 61 39 69 218 46 36 132 28 17 326 48 26 118
internal_value=0.000145852 0.00372992 0.0225061 0.00821854 -0.0305515 0.0249009 -0.00454426 0.0527204 -0.0520177 -0.0153307 -0.000860231 -0.0295961 0.0492026 -0.00238877 -0.00846982 -0.0104937 -0.072122 -0.0435196 -0.00765033 0.011568 0.00710503 -0.00360398 -0.043606 -0.0241526 0.00861298 -0.121871 0.0136665 0.0222376 -0.0139181 0.00260896
internal_weight=1741.17 949.889 186.599 121.548 36.5666 84.9812 41.2844 43.6968 21.4809 33.3941 763.29 10.5584 65.0509 743.34 517.752 504.427 22.2463 18.9242 482.181 225.588 213.135 161.216 37.7174 32.4648 123.498 4.60463 118.894 106.792 41.6694 35.6068
internal_count=12992 6243 1594 1315 314 1001 731 270 495 289 4649 124 279 4558 3367 3277 151 119 3126 1191 1122 904 214 168 690 45 645 518 192 144
is_linear=0
shrinkage=0.1


Tree=124
num_leaves=31
num_cat=0
split_feature=33 47 27 36 21 47 39 18 51 43 13 36 22 35 47 47 33 47 2 47 50 45 1 19 17 34 33 4 39 35
split_gain=2.80265 2.6738 5.07653 4.50103 4.35702 3.4542 5.91991 7.78588 7.47237 5.00035 4.61499 4.46402 3.92984 3.58228 11.1699 6.9616 8.21796 8.73414 8.40685 6.73021 6.88244 6.3675 8.58557 7.06729 5.94547 8.83176 9.97105 10.5792 12.0259 8.0529
threshold=0.21700425446033481 0.10641238093376161 0.934200018644333 0.28530904650688177 -0.012367150746285914 0.13599846512079242 0.41403941810131079 -0.047089923173189156 0.49922113120555883 0.61250001192092907 37.335020065307624 0.75003039836883556 -8.6943545341491681 0.54170411825180065 0.1479010805487633 0.3622675240039826 0.56309482455253612 0.34288164973258978 0.045455699786543853 0.16643220931291583 0.62548756599426281 0.44208960235118872 0.051033711060881622 2.0047649145126347 23.236314773559574 0.46550130844116216 0.57009947299957286 2.7369320392608647 0.49999998509883886 0.76399394869804393
decision_type=2 2 2 2 2 2 2 2 2 2 2 2 2 2 2 2 2 2 2 2 2 2 2 2 2 2 2 2 2 2
left_child=-1 2 3 -2 -5 6 8 -8 10 -9 11 -3 -12 14 -7 16 18 -18 -16 20 -20 23 -23 -17 25 29 -27 -28 -29 -15
right_child=1 5 -4 4 -6 13 7 9 -10 -11 12 -13 -14 24 15 21 17 -19 19 -21 -22 22 -24 -25 -26 26 27 28 -30 -31
leaf_value=-0.1288143110193127 -0.075694156780585845 -0.10551925445325812 -0.11882779778450142 0.11192700575424852 -0.0075019096878414671 -0.1036705898544243 -0.093042162512125937 0.054699031429504177 -0.12943172318135163 -0.065688062010864454 -0.12407238957615596 0.090151809277497275 0.080063096810923384 -0.16033072025455042 0.078667978983291698 -0.085324977226771445 -0.10740107996497693 0.084523221749296842 0.050525167857113619 -0.0211538139698359 -0.071359547842141255 -0.15860309967234851 0.031081899221382416 0.020451859556256401 -0.00028715434668793218 0.054523531684978137 0.014011308303073986 -0.22910621803633921 0.017414783014794207 0.074981734112357631
leaf_weight=1.6834469156092371 8.2269173896565899 4.6524910372390904 5.093946059139852 3.5668667043792111 21.274345634999918 11.974114894735974 4.2890298748461637 52.294295467261691 5.1680712640809352 3.6938764979131511 1.0709810906409982 1.5558284819126127 7.8952903794124705 4.8914708457887164 10.243736522621473 12.14161735790549 15.917177070048639 2.7862154729664317 25.917667996051026 188.72154516585579 5.6411674655973902 2.4495749522611723 92.202318335388554 13.165517496934624 1065.131585308889 66.121648145373911 87.650931473996025 3.9853693610057226 3.9303880650550127 2.0696870365645736
leaf_count=144 661 235 232 9 225 246 100 335 140 32 52 8 92 103 73 118 306 7 351 2056 35 393 499 55 5674 242 513 27 20 9
internal_value=0.000151386 0.000276611 -0.0259001 -0.0115851 0.00964649 0.000865772 0.0210668 0.036809 -0.0255786 0.0467564 0.00979108 -0.0564833 0.05568 -0.000142691 -0.00861626 -0.00553329 -0.0150602 -0.0788104 -0.00988783 -0.014006 0.0287382 0.0142598 0.0261729 -0.0302967 0.00247511 0.0199206 0.0246688 0.00401268 -0.106702 -0.0903678
internal_weight=1735.41 1733.72 38.1621 33.0681 24.8412 1695.56 80.6199 60.2772 20.3427 55.9882 15.1746 6.20832 8.96627 1614.94 381.161 369.187 249.228 18.7034 230.524 220.28 31.5588 119.959 94.6519 25.3071 1233.78 168.649 161.688 95.5667 7.91576 6.96116
internal_count=12992 12848 1127 895 234 11721 994 467 527 367 387 243 144 10727 4139 3893 2828 313 2515 2442 386 1065 892 173 6588 914 802 560 47 112
is_linear=0
shrinkage=0.1


Tree=125
num_leaves=31
num_cat=0
split_feature=34 51 28 22 33 35 45 21 5 5 48 0 16 50 13 36 35 36 44 51 18 26 23 26 37 26 28 26 33 16
split_gain=2.69882 6.17514 6.78025 9.01712 14.1938 6.18578 7.24763 5.93747 9.88886 21.3448 7.61596 12.1328 27.2301 6.62132 10.646 5.45527 6.91885 5.33209 5.14357 8.47494 13.3781 6.94462 8.85857 8.81618 5.62181 5.51165 7.0716 5.38696 4.98627 5.8602
threshold=0.99998527765274059 0.66342005133628856 813346.00000000012 23.681535720825199 0.73618879914283764 0.61939558386802684 0.63640287518501293 0.045676643028855331 0.4718699604272843 0.38027916848659521 0.75000000000000011 0.25842168927192694 0.029247372411191467 0.96966570615768444 35.722145080566413 0.16241993010044101 0.69703280925750744 0.48173449933528906 0.66470459103584301 0.90123242139816295 0.45506297051906591 2.9166500568389897 0.6939525604248048 1.673349976539612 0.49332271516323095 0.50529998540878307 3199819.0000000005 0.59760001301765453 0.56839856505393993 2.8725302219390874
decision_type=2 2 2 2 2 2 2 2 2 2 2 2 2 2 2 2 2 2 2 2 2 2 2 2 2 2 2 2 2 2
left_child=28 2 -2 -4 17 6 -3 8 9 15 11 12 -9 -10 -15 -7 -17 -5 24 20 27 23 -23 -21 -13 -26 -27 -20 29 -1
right_child=1 5 3 4 -6 7 -8 10 13 -11 -12 18 -14 14 -16 16 -18 -19 19 21 -22 22 -24 -25 25 26 -28 -29 -30 -31
leaf_value=0.0036211770706061804 0.056477195871524499 -0.14090686115396941 0.048929906758011142 -0.066214176136355024 -0.17337475464043783 -0.08245688930680696 -0.013571242429641479 0.032416496035588216 0.064702522508602256 -0.23349454555338045 0.067405704859365104 -0.055162319998338885 -0.28727110845462789 -0.11184464082020634 0.051587666945221322 -0.075521978204290796 0.081831749917260305 0.061191206059686955 0.054226229627201805 -0.0089486592019928334 -0.18606255110731448 -0.21246566212032333 0.0090718847526451134 0.067379371447938444 -0.023170896055536391 0.093352001780279359 -0.040795298661008436 -0.072201181814918622 -0.009290553791607906 -0.160136679629025
leaf_weight=768.54933362987867 47.286999818868935 6.3177621448412564 19.224858058616519 5.5173545069992569 6.1484983395785084 4.4655501618981424 15.282197859138249 5.8503149673342687 48.921918405219913 4.2115011923015109 13.640974540263413 6.9060866422951213 4.8926053568720818 6.2298664525151279 11.064950488507746 3.6993638053536406 11.422194093465803 8.1183797083795053 6.1617831736803073 93.314787777140737 6.8774433284997931 3.484620662406086 3.7445885892957449 18.061536954715848 9.0775754489004594 20.496222601272169 4.8617781773209563 7.4391639232635498 552.73399911995512 2.1915162283294185
leaf_count=7203 236 31 95 23 27 18 51 28 151 26 54 32 25 39 54 19 61 27 18 432 35 22 18 75 39 86 21 33 3978 35
internal_value=0.000138729 0.00730672 0.0310183 0.00015695 -0.047237 0.000840037 -0.0508156 0.00462452 0.0260305 -0.0292565 -0.00478358 -0.00993471 -0.113178 0.0459009 -0.00728323 0.0146576 0.0433365 0.00963984 -0.00378741 -0.0129927 -0.0723993 -0.00273561 -0.0977136 0.00342921 0.0271816 0.0436958 0.0676325 -0.0149244 -0.00204242 0.00315555
internal_weight=1726.2 402.721 86.2961 39.0091 19.7842 316.425 21.6 294.825 90.0153 23.7986 204.809 191.169 10.7429 66.2167 17.2948 19.5871 15.1216 13.6357 180.426 139.084 20.4784 118.606 7.22921 111.376 41.3417 34.4356 25.358 13.6009 1323.47 770.741
internal_count=12992 1776 408 172 77 1368 82 1286 368 124 918 864 53 244 93 98 80 50 811 633 86 547 40 507 178 146 107 51 11216 7238
is_linear=0
shrinkage=0.1


Tree=126
num_leaves=31
num_cat=0
split_feature=12 5 13 15 35 19 44 34 3 34 18 47 5 10 39 23 38 39 34 24 4 26 13 3 44 3 5 36 4 48
split_gain=2.70013 6.95397 7.62805 10.7312 7.17443 6.25149 5.57799 6.31636 6.56456 5.59824 5.52719 5.32603 4.18945 7.05389 5.43892 5.32365 4.15948 7.20784 4.05631 4.02996 4.9625 4.26518 5.87227 7.02515 3.81297 7.86438 11.5585 7.29844 9.89586 10.9728
threshold=17.500000000000004 0.40157014131546026 31.864352226257328 -0.18065840750932691 0.79220619797706615 6.0520131587982187 0.93291431665420543 0.88987958431243908 2.7197318077087407 0.61285236477851879 0.17565128207206729 0.19822445511817935 1.1809368133544924 0.035863772034645088 0.22222223132848742 0.42426535487174993 0.60735177993774425 0.99999997019767772 0.61285236477851879 0.27645576000213629 1.0793180465698244 0.58434998989105236 20.173774719238285 1.3789507746696474 0.79673704504966747 4.8294742107391366 0.51736000180244457 0.52346986532211315 1.9667545557022097 0.45000000298023229
decision_type=2 2 2 2 2 2 2 2 2 2 2 2 2 2 2 2 2 2 2 2 2 2 2 2 2 2 2 2 2 2
left_child=16 2 3 -2 11 10 7 8 12 -10 -5 -4 19 14 -14 -15 24 -18 -16 21 -21 22 -3 -24 25 27 -27 -1 -29 -30
right_child=1 6 4 5 -6 -7 -8 -9 9 -11 -12 -13 13 15 18 -17 17 -19 -20 20 -22 -23 23 -25 -26 26 -28 28 29 -31
leaf_value=-0.0065638502344816168 0.076134286438433646 0.099554389133830967 -0.076932091248159168 -0.13288501730802235 -0.16451766402352583 -0.007646371512853337 -0.098769889032273336 0.067881891411388132 0.028767002770168144 -0.1228364999987768 -0.32924389822574918 0.071765164651205901 -0.095724043229118982 -0.030887484007668838 -0.064892901176979351 -0.28454950863001766 -0.14255551879867426 0.064453390564049279 0.081017639933789243 0.028470026494825232 -0.12721614110013385 0.078710473690250859 -0.17263307092928679 0.067708689300616756 0.0071620717915219338 -0.19670753608607019 -0.022154138302650991 0.028679005278465064 -0.0062433927124125148 -0.16095525525548798
leaf_weight=895.69637792221693 2.9365875970106599 3.3166839087352837 3.0766215410185422 4.6415796352375747 1.962570922798476 2.476470060646534 3.4983434540918088 30.436125358566642 4.1043663542368432 5.9913219008594751 2.0740849832072854 11.096878454482065 3.4033038600828176 1.8160094757331529 2.4448834891954894 1.5197672187350688 5.1269837881409321 2.5032406836980954 8.6325358015019429 7.9634557583485712 2.7559321919979993 25.904277909125085 2.906623479881091 2.0911474068416283 449.26206370388536 5.0372776894364533 15.364110985639853 145.9899552866118 63.356637885735836 4.9418330639600745
leaf_count=8180 29 27 81 102 23 16 38 134 23 33 15 58 59 25 51 17 199 17 45 81 43 210 73 13 2268 36 81 695 290 30
internal_value=0.000168028 0.0137422 -0.0303642 -0.0902846 0.0146752 -0.14345 0.0254167 0.029623 0.0136388 -0.0612026 -0.193529 0.0394877 0.0256789 -0.0153558 0.0148442 -0.146455 -0.000986899 -0.0746423 0.0488139 0.0419479 -0.0115566 0.0587087 -0.00360818 -0.0720702 -0.000631119 -0.00372845 -0.0652529 -0.00259764 0.0139806 -0.0174378
internal_weight=1722.33 135.05 28.2648 12.1287 16.1361 9.19213 106.785 103.286 72.8503 10.0957 6.71566 14.1735 62.7546 17.8165 14.4807 3.33578 1587.28 7.63022 11.0774 44.9381 10.7194 34.2187 8.31445 4.99777 1579.65 1130.39 20.4014 1109.98 214.288 68.2985
internal_count=12992 1196 324 162 162 133 872 834 700 56 117 139 644 197 155 42 11796 216 96 447 124 323 113 86 11580 9312 117 9195 1015 320
is_linear=0
shrinkage=0.1


Tree=127
num_leaves=31
num_cat=0
split_feature=19 44 38 40 33 13 28 6 6 18 36 9 39 12 0 37 21 21 6 1 22 26 16 28 35 11 9 19 38 44
split_gain=2.70367 6.67276 6.49792 6.03947 10.4518 10.7878 9.11028 7.94972 10.2011 7.34047 7.80397 7.93545 5.72328 5.36503 6.64964 6.61714 8.61214 7.54283 5.32441 5.28637 5.38204 5.02219 5.12314 4.9524 4.81244 4.68731 4.63582 6.24338 4.93637 4.48573
threshold=-1.7951323986053465 0.77037864923477184 0.55070775747299205 1.0000000180025095e-35 0.7577941119670869 70.456176757812514 22375200.000000004 71.671482086181655 69.016338348388686 -0.11025124043226241 0.10941982269287111 -0.007782858330756425 0.99198392033576976 18.500000000000004 0.33169473707675939 0.52811309695243847 0.031544106081128127 0.023300150409340862 55.664655685424812 0.42178148031234747 13.207546234130861 0.24350000172853473 -0.091844636946916566 17610.000000000004 0.48935756087303167 1.2217906117439272 -0.098646774888038621 1.217403292655945 0.49175584316253668 1.0000000180025095e-35
decision_type=2 2 2 2 2 2 2 2 2 2 2 2 2 2 2 2 2 2 2 2 2 2 2 2 2 2 2 2 2 2
left_child=1 3 25 4 7 -6 9 8 12 18 11 -11 13 14 15 -1 17 23 24 -16 -21 22 -12 -17 -5 -3 27 28 -2 -28
right_child=26 2 -4 6 5 -7 -8 -9 -10 10 21 -13 -14 -15 19 16 -18 -19 -20 20 -22 -23 -24 -25 -26 -27 29 -29 -30 -31
leaf_value=-0.12739634600807645 0.029070674555788423 0.057949198237713766 -0.065735958878669107 -0.19845862145556215 0.065468688371675562 -0.096431719219237114 -0.13927160303212802 0.040995008540026426 -0.2519683702879662 0.041581974580182361 0.11197281687579644 -0.099269809175673102 0.050520365003386206 0.046619256639548384 0.063502379127471226 0.062732255252078747 -0.20729418394429083 0.10659574962760354 -0.18672648389458674 0.028282039985701907 -0.15998933309311389 0.05689194010542941 -0.18826931833522736 -0.1101509245437573 -0.00050861507264394936 -0.053101116405108097 -0.11746876428967803 0.069913919052010901 -0.10344391782149541 -0.0020992909682124401
leaf_weight=18.765766339449328 7.391378242056815 49.803956082061632 5.3843055352990623 1.3133619394648182 22.110379843739796 5.0569305534008882 3.599452730282791 10.803916412405668 2.4530304035870349 8.2923458874429343 0.85943615436553988 7.7271190018909701 5.7900744141079477 4.7555407751497105 6.1466984109720197 2.3409434767672774 2.4855807051062575 4.1401663023279971 1.941152923653134 2.9682462769560516 3.1084792762994766 63.823828622262226 1.6777963603672095 5.6708795901795384 18.931111438258085 4.1149142175854641 3.3782020370126693 20.200052203144878 4.5364448324544355 1417.1782811060511
leaf_count=630 37 244 124 58 113 32 58 44 21 270 1 315 33 88 33 14 13 10 45 20 24 506 49 77 363 25 82 94 93 9476
internal_value=0.000167877 0.00947582 0.0390139 0.000920996 -0.0172525 0.0353325 0.0171507 -0.0378287 -0.0523549 0.0225352 0.0362848 -0.026359 -0.0436378 -0.0544588 -0.0649938 -0.0880874 -0.0376922 -0.00300163 -0.0285203 -0.00188536 -0.068026 0.0514069 -0.0865684 -0.0596369 -0.0133506 0.0494742 -0.0015241 0.0360394 -0.0213279 -0.00237365
internal_weight=1716.75 264.065 59.3032 204.762 96.5966 27.1673 108.166 69.4293 58.6254 104.566 82.3805 16.0195 56.1724 50.3823 45.6268 33.4033 14.6376 12.152 22.1856 12.2234 6.07673 66.3611 2.53723 8.01182 20.2445 53.9189 1452.68 32.1279 11.9278 1420.56
internal_count=12992 3210 393 2817 1152 145 1665 1007 963 1607 1141 585 942 909 821 744 114 101 466 77 44 556 50 91 421 269 9782 224 130 9558
is_linear=0
shrinkage=0.1


Tree=128
num_leaves=31
num_cat=0
split_feature=35 34 10 45 17 6 28 38 37 22 2 51 23 23 47 24 34 45 36 24 28 9 10 23 38 2 39 17 35 9
split_gain=2.64333 5.87827 7.18964 7.2069 4.69692 13.4953 7.51032 6.95648 8.36012 6.66168 8.50927 6.54861 5.85974 9.58132 12.66 9.2108 9.16577 8.08282 8.3495 11.2331 10.8458 8.80335 7.66494 12.4495 7.36517 6.88126 6.85523 8.87466 7.97558 8.31087
threshold=0.7274845838546754 0.50004315376281749 -0.12285248562693594 0.426795244216919 67.826019287109389 76.925800323486342 553.00000000000011 0.40466453135013586 0.49876478314399725 32.838573455810554 0.19452357292175296 0.8488290309906007 0.17917487770318988 0.19030845165252688 0.55178922414779674 0.48064434528350836 0.38696403801441198 0.32181063294410711 0.40558025240898138 0.6250000298023225 13057.786621093752 0.097199622541666045 0.12953636795282367 0.67357680201530468 0.37115290760993963 0.22564236074686053 0.21683445572853091 23.432539939880375 0.67248678207397472 0.15020290017127993
decision_type=2 2 2 2 2 2 2 2 2 2 2 2 2 2 2 2 2 2 2 2 2 2 2 2 2 2 2 2 2 2
left_child=4 -2 3 -3 12 6 -6 -8 -9 11 -11 -7 16 14 -14 22 -1 -17 19 20 -19 -21 26 -24 -18 -25 27 -15 -29 -30
right_child=1 2 -4 -5 5 9 7 8 -10 10 -12 -13 13 15 -16 17 24 18 -20 21 -22 -23 23 25 -26 -27 -28 28 29 -31
leaf_value=-0.065890823035418392 0.055005248520075323 0.0097057141045044128 0.0055062805451829419 -0.17019448337978571 -0.12712873264284366 -0.089305018561995991 -0.07005357407768574 -0.074996468008100142 0.038458344554837418 -0.20041603087784196 -0.017045581314895621 -0.33790569824225136 -0.18608037715728384 -0.065879554502684984 0.10262565560032395 0.077868798320607155 -0.040944592936952469 -0.0031042778389651941 -0.0044957616746939006 -0.080551132222482932 -0.19294601434390579 0.096271977761785671 -0.12434023839680899 -0.11149001118683198 0.024328606228813301 0.047622860170214762 0.0058220211789745636 0.0019489129507557436 -0.10134899644214648 0.1050161269715237
leaf_weight=13.659200157424491 23.541662095813081 4.2278742045164091 474.86261205162737 4.7048819214105606 4.6506863267968575 2.1119737112749162 10.249078717373775 7.7114166938044937 41.167296143259591 3.5289856970775864 8.9456369765102846 2.1264998614788055 6.0057489346363564 30.1585590651448 2.0330352634191513 4.906593984400387 18.955053317069542 4.001277713745373 18.414879589341581 8.1514031698316085 12.1398825844808 4.3013209784403434 12.913046349887738 3.5693525793030849 196.40700130751065 11.396260949317364 628.71319841200966 129.96671192705617 13.93591072256095 2.2693080082535735
leaf_count=375 154 19 2572 30 81 28 59 190 212 25 42 12 91 619 6 31 123 48 82 144 237 10 107 27 1566 49 4337 1568 140 8
internal_value=0.000155527 0.00620876 0.0038343 -0.0850477 -0.00239858 -0.0257324 -0.00477157 0.00485241 0.020559 -0.10572 -0.0689198 -0.214031 -0.000724472 -0.00438467 -0.113066 -0.0033973 0.0135454 -0.0442642 -0.0570119 -0.0908331 -0.145886 -0.0194743 -0.000850103 -0.0523998 0.0185836 0.00967387 0.000935063 -0.0164896 -0.00629931 -0.0724505
internal_weight=1709.73 507.337 483.795 8.93276 1202.39 80.4916 63.7785 59.1278 48.8787 16.7131 12.4746 4.23847 1121.9 892.876 8.03878 884.838 229.021 51.9154 47.0088 28.5939 16.1412 12.4527 832.922 27.8787 215.362 14.9656 805.044 176.33 146.172 16.2052
internal_count=12992 2775 2621 49 10217 649 542 461 402 107 67 40 9568 7504 97 7407 2064 552 521 439 285 154 6855 183 1689 76 6672 2335 1716 148
is_linear=0
shrinkage=0.1


Tree=129
num_leaves=31
num_cat=0
split_feature=36 37 50 2 28 26 9 44 12 33 7 7 17 2 16 19 16 10 19 50 35 13 2 2 1 10 11 50 51 6
split_gain=2.54761 4.32736 5.67039 5.63728 11.3856 14.6916 6.27821 6.01791 5.04614 4.88103 5.77727 5.74209 5.36209 6.39858 10.1066 8.58508 7.49142 4.9007 4.34382 7.05726 6.79259 7.37628 4.07378 5.7747 3.89376 6.61889 11.1022 13.1772 11.7039 8.81127
threshold=0.83364582061767589 0.56912118196487438 0.49221377074718481 0.17292844504117968 12287482.000000002 0.8355500102043153 0.16182129830121997 0.84615433216094982 24.500000000000004 0.77425345778465282 43.522455215454109 48.024087905883796 23.877209663391117 0.10824108868837358 0.016997460275888446 5.4934508800506601 0.061078727245330817 -0.0038891476579010482 0.81091344356536876 0.62351083755493175 0.60841399431228649 44.100877761840827 0.074353706091642394 0.054098078981041915 0.13273513317108157 0.039072684943676002 0.94100424647331249 0.88479629158973705 0.51047661900520336 71.927478790283217
decision_type=2 2 2 2 2 2 2 2 2 2 2 2 2 2 2 2 2 2 2 2 2 2 2 2 2 2 2 2 2 2
left_child=24 18 -3 8 5 -5 7 -7 9 10 -4 -12 -13 16 15 -15 17 -14 19 -2 -21 -22 23 -20 25 29 27 28 -27 -1
right_child=1 2 3 4 -6 6 -8 -9 -10 -11 11 12 13 14 -16 -17 -18 -19 22 20 21 -23 -24 -25 -26 26 -28 -29 -30 -31
leaf_value=0.00094966345590040814 0.042377802756810905 -0.10165754789793896 0.078346841292285044 -0.2180126022640502 0.07843283873927992 0.0018331406046618538 0.08379589154866425 -0.16480580089162872 -0.087461538424350366 0.078604425479441631 -0.086770658049887373 0.074513577531376232 -0.028630161149416702 -0.25424304360476757 0.0052872040289336916 -0.025132068687044401 -0.085601133723569298 0.074521683455472595 0.068889197740219621 -0.14890590919360672 0.081877624209383187 -0.079909647360567992 0.06874406447723537 -0.099701794483802356 0.0022513069412807419 -0.14735377135858824 0.0092725748712687815 -0.2534562461656828 -0.0049751237339748997 -0.04139859902943413
leaf_weight=376.00609200244435 21.354961323362659 5.3427801169455043 10.837174884974955 5.3529201149940553 6.165211519226431 5.2129166871309263 3.9643301554024211 3.7091941051185131 4.5694864876568309 12.349025249481199 6.8997192718088618 10.466774225234984 6.2144440449774256 3.5938910506665733 11.506189590319989 3.0013735592365265 5.1028942875564089 17.792779967188842 4.3106582127511484 4.5470568612217894 5.2966342121362668 6.0220529176294804 31.465594594134018 3.8429899774491787 1019.1581861264858 9.0791473404679035 23.141582740514423 3.9471366442739955 15.857514488307059 56.51739269796235
leaf_count=5069 132 35 48 34 27 30 19 22 24 71 37 42 33 26 47 20 26 70 18 24 24 37 167 27 5925 264 198 19 104 373
internal_value=0.000149476 0.0107847 -0.000916738 0.00369388 -0.0390499 -0.078761 -0.020917 -0.0674438 0.0149914 0.0203257 0.0107827 -0.000555599 0.0097578 -0.00459851 -0.0512841 -0.149979 0.0244318 0.0478201 0.0293757 0.00484538 -0.0456725 -0.00420051 0.0524209 -0.0105714 -0.00125743 -0.00863741 -0.0423367 -0.0836859 -0.0568135 -0.00458394
internal_weight=1702.63 198.921 122.081 116.738 24.4046 18.2394 12.8864 8.92211 92.3338 87.7643 75.4152 64.5781 57.6783 47.2116 18.1015 6.59526 29.1101 24.0072 76.8399 37.2207 15.8657 11.3187 39.6192 8.15365 1503.71 484.549 52.0254 28.8838 24.9367 432.523
internal_count=12992 1040 611 576 132 105 71 52 444 420 349 301 264 222 93 46 129 103 429 217 85 61 212 45 11952 6027 585 387 368 5442
is_linear=0
shrinkage=0.1


Tree=130
num_leaves=31
num_cat=0
split_feature=12 6 8 10 34 23 22 9 19 14 38 37 16 35 3 22 6 16 15 26 24 19 39 35 27 28 45 1 5 28
split_gain=2.53173 7.14796 10.144 17.3891 8.11618 7.4396 11.3142 5.71878 5.71477 5.69012 5.22735 4.88885 5.8111 4.8226 4.71826 4.43121 8.82115 8.44114 10.1246 14.7605 14.1021 12.7062 12.0186 8.53259 8.24029 11.5622 8.80073 7.73081 6.67108 8.86873
threshold=9.5000000000000018 82.733642578125014 57.142860412597663 0.050918463617563255 0.89342120289802562 0.87547469139099132 24.149158477783207 0.017109100706875328 8.5841622352600115 18.822726249694828 0.44711327552795416 0.61050868034362804 0.0095494068227708357 0.71485751867294323 5.7297484874725351 34.374633789062507 66.30344390869142 0.015535677783191206 0.0063450238667428502 1.6602500081062319 0.047619050368666656 1.6260163784027102 0.70878201723098766 0.62659448385238659 0.59090000391006481 5626382.5000000009 0.50551187992095958 0.079895365983247771 0.37087535858154302 22375200.000000004
decision_type=2 2 2 2 2 2 2 2 2 2 2 2 2 2 2 2 2 2 2 2 2 2 2 2 2 2 2 2 2 2
left_child=15 4 -3 -4 8 7 13 -6 14 -9 -11 12 -12 -7 -2 16 -1 18 23 21 -21 22 -20 24 25 -18 -26 -23 -19 -30
right_child=1 2 3 -5 5 6 -8 9 -10 10 11 -13 -14 -15 -16 -17 17 28 19 20 -22 27 -24 -25 26 -27 -28 -29 29 -31
leaf_value=0.0016372545684398944 -0.0011056762776311044 0.049590657240517866 -0.26964535774212361 -0.0060822444740269137 0.081049747324223473 -0.046758917998994926 -0.16808035695780707 -0.079028560477496221 0.055783939683764688 0.070628337896217308 -0.10726542559368349 0.077940233116534641 0.02223081695151333 0.1063573519204504 -0.10880205396174575 0.0095870266765851787 -0.045504676586447995 0.02917344376112134 -0.074804976965154105 -0.094771502655897344 -0.37047749765598609 -0.14746142704906126 -0.29792999705784784 0.016999872545479026 -0.16640205570793951 -0.31445390099688114 0.016536296204410595 -0.00010310172246848905 -0.011398823674154991 -0.15034620782351515
leaf_weight=727.41357736088685 215.61260754855175 5.6900122165679923 4.3178413766436261 5.9566338770091534 31.208583273924887 3.9496592804789525 4.2374494038522235 4.6605828143656245 17.793582742684521 22.368507095845416 5.88337189331651 5.784971557557582 8.4315129956230503 4.2926938980817795 4.1462144274701123 273.53513991633372 3.9466386745916706 42.005093046289403 8.3628522731596586 4.9548427709378293 2.9655679776333272 4.0580717041157177 3.3937971987761548 37.637135308497818 3.3255334480782031 2.6865483273286372 12.568327946122734 29.019451063475572 193.90455780850607 4.705144280447711
leaf_count=7103 2236 40 31 33 138 18 31 24 77 85 36 25 30 25 25 1202 31 179 48 26 26 27 22 168 35 19 62 125 1021 44
internal_value=0.0001632 0.00781973 -0.0575242 -0.116844 0.0109966 0.0364233 -0.0352854 0.047847 0.00127585 0.0258603 0.0373711 0.000360155 -0.0309917 0.0329855 -0.0031376 -0.00178323 -0.00466049 -0.0176184 -0.0401745 -0.0721521 -0.198002 -0.0499195 -0.139215 -0.0121352 -0.0608126 -0.154433 -0.0217406 -0.0181816 -0.00703303 -0.0146905
internal_weight=1698.82 344.334 15.9645 10.2745 328.37 90.8173 12.4798 78.3375 237.552 47.1289 42.4684 20.0999 14.3149 8.24235 219.759 1354.48 1080.95 353.534 112.919 52.7546 7.92041 44.8342 11.7566 60.1642 22.527 6.63319 15.8939 33.0775 240.615 198.61
internal_count=12992 2854 104 64 2750 412 74 338 2338 200 176 91 66 43 2261 10138 8936 1833 589 274 52 222 70 315 147 50 97 152 1244 1065
is_linear=0
shrinkage=0.1


Tree=131
num_leaves=31
num_cat=0
split_feature=34 21 50 34 33 51 18 20 19 11 39 37 51 36 28 45 43 34 5 13 36 5 50 34 50 2 5 19 20 34
split_gain=2.43255 2.5992 5.38272 4.80271 8.06611 6.37152 5.83565 5.70143 6.13155 5.56164 5.05788 5.26154 4.73967 4.85786 4.46741 5.78754 5.00434 4.56177 4.24855 5.60191 6.49799 4.54319 6.11569 4.63875 4.93928 5.64698 5.27287 4.942 4.14658 7.93716
threshold=0.15903863310813907 -0.024307100102305409 0.1791459918022156 0.43739739060401922 0.44856375455856329 0.015415887348353864 0.0001953217506525107 1.5000000000000002 8.344449996948244 0.13348194211721423 0.99198392033576976 0.66036173701286327 0.40933395922183996 0.28258913755416876 9064.5000000000018 0.4510094821453095 0.58750000596046459 0.91892287135124218 0.28752572834491735 36.562410354614265 0.1742905527353287 0.50262498855590831 0.71640577912330639 0.69872218370437633 0.62009102106094371 0.19093147665262225 1.0659272670745852 1.9737696051597597 2.5000000000000004 0.79805731773376476
decision_type=2 2 2 2 2 2 2 2 2 2 2 2 2 2 2 2 2 2 2 2 2 2 2 2 2 2 2 2 2 2
left_child=-1 18 14 4 5 -4 -7 12 9 -9 11 -6 -8 -14 -3 16 17 -16 19 -2 -21 -20 23 24 25 -23 27 -27 29 -5
right_child=1 2 3 28 10 6 7 8 -10 -11 -12 -13 13 -15 15 -17 -18 -19 21 20 -22 22 -24 -25 -26 26 -28 -29 -30 -31
leaf_value=-0.083268485347754773 0.018755969557091003 0.010568121401047792 -0.12558191512740138 0.0070374831837344944 -0.12478842945231 -0.11597635122388437 0.062677546587156199 0.025043700463601451 0.047843667400278005 -0.14563910310317496 0.059507618108581642 0.11436489397940129 -0.098341166694967674 0.051370062883505263 -0.13098858154158519 -0.13257157263525615 0.083049120519935626 0.093720123654517762 0.061619575470706227 -0.22918094779277684 -0.016710706100882999 -0.089120057343413439 0.092683421594568993 0.092162998820390599 -0.17276036757481328 -0.094320148246984911 0.063158041336448908 0.028270423915274109 -0.00098971347991902393 0.065217340719771533
leaf_weight=3.4858033630080163 8.9145265209081099 9.1778288726345654 4.1391059865418347 229.48982600797535 13.271115116171131 3.7558051471278295 21.913526331802135 2.8228556625545007 5.0771813681349149 5.8975429919664748 2.0575246795779085 0.98846060037612993 4.4041156158491486 4.2675696379155852 3.8136514181242109 8.7516755948163318 3.1583322798105655 1.183882321231067 25.256310093391221 2.5012513435503925 3.3906147833913565 7.0573863780882702 7.244668770581483 4.1398300640285006 1.9919888079166401 6.2983336716424692 11.1330025405623 6.8811548063531518 1256.9676157203867 26.117382921394892
leaf_count=400 49 95 56 2980 426 267 238 11 18 142 19 1 124 40 177 298 55 7 134 29 20 198 28 16 13 63 60 34 6805 189
internal_value=0.000182797 0.000354714 -0.000545593 0.000197713 -0.0256824 -0.00652445 0.00371248 0.0138409 -0.0395219 -0.0903879 -0.0870619 -0.108211 0.0379139 -0.0246642 -0.0456012 -0.0760914 -0.0154851 -0.0777566 0.0174168 -0.0312499 -0.10691 0.0277104 0.00857099 -0.00767806 -0.0200672 -0.0103712 0.0124879 -0.0303143 0.00137137 0.0129822
internal_weight=1695.55 1692.06 1607.25 1581.17 68.5948 52.2777 48.1386 44.3828 13.7976 8.7204 16.3171 14.2596 30.5852 8.67169 26.0854 16.9075 8.15587 4.99753 84.8091 14.8064 5.89187 70.0027 44.7464 37.5017 33.3619 31.3699 24.3125 13.1795 1512.57 255.607
internal_count=12992 12592 11948 11316 1342 896 840 573 171 153 446 427 402 164 632 537 239 184 644 98 49 546 412 384 368 355 157 97 9974 3169
is_linear=0
shrinkage=0.1


Tree=132
num_leaves=31
num_cat=0
split_feature=26 36 26 47 17 48 4 13 35 37 19 9 2 14 35 23 27 45 14 35 8 22 35 2 2 22 26 26 19 28
split_gain=2.53754 2.59488 4.64599 5.28496 8.03675 5.53544 5.16731 4.36826 5.05745 4.33908 9.1525 9.09403 7.14716 10.0171 10.6696 7.05467 4.4849 6.89836 4.19529 5.16397 3.94874 3.7691 3.64907 7.96873 6.81057 4.68623 3.49952 4.26898 4.30943 4.2198
threshold=10.500000000000002 0.83364582061767589 1.673349976539612 0.23983243852853778 21.343024253845218 0.25000000745058065 0.97098624706268322 31.50234413146973 0.55063295364379894 0.53042301535606395 2.4776555299758916 0.049999855458736427 0.097673632204532637 35.354341506958015 0.73339906334877025 0.52862998843193065 0.69385001063346874 0.58336395025253307 25.395018577575687 0.56030547618865978 38.38746643066407 27.305618286132816 0.79220619797706615 0.17292844504117968 0.10130500793457033 11.900130271911623 0.092349998652935042 0.15200000256299975 -0.21155943721532819 124477.50000000001
decision_type=2 2 2 2 2 2 2 2 2 2 2 2 2 2 2 2 2 2 2 2 2 2 2 2 2 2 2 2 2 2
left_child=1 26 3 7 5 6 -5 20 -9 16 11 15 -13 -14 -15 -11 -6 -18 -4 -20 -3 -10 25 24 -24 -12 29 28 -28 -1
right_child=-2 2 18 4 9 -7 -8 8 21 10 22 12 13 14 -16 -17 17 -19 19 -21 -22 -23 23 -25 -26 -27 27 -29 -30 -31
leaf_value=-0.044462169243646682 -0.082860467135485769 -0.016741774047352911 0.095910005537247739 -0.066307701152527349 0.079344450894239277 0.010276866665349412 -0.25038773040212148 -0.065570786703271364 -0.0021147638385113931 -0.058973296047242801 -0.072017417160643915 0.069624939877243386 0.043239132615823517 -0.21978125033389906 -0.012893912619121839 -0.25516074668535693 0.10564972075039114 -0.08779532457367073 -0.076215929858456141 0.041745524362594925 0.081493233888899785 0.10310613454067091 -0.10344439444995138 -0.12679198339073477 0.10294845218684726 0.042335955797358375 -0.14112836287856148 -0.001050289247301813 -0.016023897667490627 0.083271752435329915
leaf_weight=3.5034982112701973 3.6734869722276917 5.1826558709144619 10.700032465159891 3.2437213249504548 12.230678983862164 3.151042465120554 2.877884654328227 7.7486484040855457 9.9878278123214823 3.9010526686906841 4.0002913475036612 6.0693516954779652 6.0981240570545223 5.1395130269229394 4.8404586762189865 3.45724056661129 2.9043915893416843 5.0465262468205765 4.475288504734638 21.733382568694651 19.442492154426873 5.1647391989827147 2.3733251225203258 5.1706836214289069 4.8990891929715872 34.4075877238065 4.3022183003486134 1464.5443855338563 7.6484534836927178 9.8791890408720047
leaf_count=39 21 26 41 21 68 18 20 56 55 23 19 20 29 27 25 23 19 30 28 115 84 13 21 40 35 177 131 11583 113 72
internal_value=0.000161636 0.000342728 0.0112138 0.00372326 -0.00833402 -0.0974142 -0.152847 0.0315819 0.000144509 -0.000118157 -0.0105293 -0.0548346 -0.0228345 -0.0577372 -0.119437 -0.151151 0.0413358 -0.0171318 0.0431449 0.0216029 0.0608185 0.0337497 0.0151783 -0.0318855 0.0355929 0.0304257 -0.00107461 -0.00153601 -0.0610613 0.0498319
internal_weight=1687.8 1684.12 194.246 157.337 109.811 9.27265 6.12161 47.5264 22.9012 100.538 80.3567 29.5057 22.1474 16.0781 9.97997 7.35829 20.1816 7.95092 36.9087 26.2087 24.6251 15.1526 50.851 12.4431 7.27241 38.4079 1489.88 1476.5 11.9507 13.3827
internal_count=12992 12971 1033 849 615 59 41 234 124 556 439 147 101 81 52 46 117 49 184 143 110 68 292 96 56 196 11938 11827 244 111
is_linear=0
shrinkage=0.1


Tree=133
num_leaves=31
num_cat=0
split_feature=47 45 44 36 36 27 27 28 2 34 2 4 44 26 5 9 26 17 37 39 50 9 11 16 39 16 24 14 51 5
split_gain=2.48896 4.49383 4.1988 4.0943 3.08173 2.69263 11.372 10.7999 12.7957 10.9895 10.0681 9.79679 8.37468 7.93638 7.12945 11.7286 6.94619 9.38914 6.62484 6.11908 8.30139 5.86673 5.83939 11.6319 8.06081 11.0577 10.543 8.34033 8.4333 10.3468
threshold=0.10641238093376161 0.45731128752231603 0.73142069578170787 0.28530904650688177 0.63068664073944103 0.79469999670982372 0.72294998168945324 1699375.0000000002 0.15552058815956118 0.9463411569595338 0.35057635605335241 0.26898506283760076 0.49262858927249914 0.39609999954700476 0.95997977256774913 0.065936375409364714 5.3522500991821298 48.707767486572273 0.53780370950698864 0.62047338485717785 0.67237922549247753 0.042592655867338187 0.95761513710021984 0.011181887704879047 0.090909097343683257 0.044958231970667846 0.18181819468736651 53.936750411987312 0.86960649490356456 2.6208928823471074
decision_type=2 2 2 2 2 2 2 2 2 2 2 2 2 2 2 2 2 2 2 2 2 2 2 2 2 2 2 2 2 2
left_child=1 2 3 -1 -3 6 -2 10 9 -9 11 -8 -13 18 15 21 22 -18 -7 20 -12 -10 -15 -24 -25 26 -26 28 29 -27
right_child=5 4 -4 -5 -6 13 7 8 14 -11 19 12 -14 16 -16 -17 17 -19 -20 -21 -22 -23 23 24 25 27 -28 -29 -30 -31
leaf_value=-0.059482306974809364 0.0018629640739317788 -0.1142851971148386 -0.09917033326290868 0.045753409444626497 -0.015704675902906608 -0.098775673923499313 -0.12681041116892172 -0.076537903739610905 -0.076875396146143304 -0.24601419143029268 -0.071539409021770903 0.086604950870058442 0.00014603525685407366 0.017183221500279858 0.010866465955977707 -0.22528356617186809 -0.1691310607951183 0.059797008814485714 -0.0035001610008468988 0.00045803756174431752 -0.28330743676295544 0.061578126551527307 0.066633655306886017 0.053567551142649432 -0.29443597044158099 -0.14536861790303801 -0.0573324938136128 -0.12787953454065912 0.039480104261914839 0.0091969904243188547
leaf_weight=4.9599609561591995 1023.9411130752087 7.5362327964721754 3.5586738393067199 14.519583476154365 5.4748463367577642 12.377804859352183 5.0696643430565009 10.976370849588422 9.6113187506998674 5.8734845742583266 6.0747123736655322 13.929609108221483 57.243249316059519 367.44665913156496 19.672261725820135 4.0813344754278651 4.8156830990919834 2.8528836994664744 17.783691061893478 5.2586035421118131 2.662391297519207 4.4902771767228833 14.487468233506659 9.0398142795311269 3.301605246262624 7.6813877618405995 4.341379213728942 7.1144968911539754 17.728746116161346 9.9291463028057461
leaf_count=414 8053 477 142 100 34 144 58 106 67 33 48 110 375 2155 81 23 41 12 66 31 16 14 59 45 31 56 34 45 78 44
internal_value=0.000170746 -0.0258226 0.000710804 0.0189579 -0.0728041 0.000739412 -0.00184806 -0.0280643 -0.0631227 -0.135614 -0.00681088 0.00750036 0.0170674 0.00705482 -0.030856 -0.0759959 0.0103923 -0.0839645 -0.0425997 -0.0847723 -0.13607 -0.0327886 0.0120328 -0.0136722 -0.0333457 -0.049029 -0.159756 -0.0290947 -0.00920737 -0.0582217
internal_weight=1683.83 36.0493 23.0382 19.4795 13.0111 1647.79 1168.88 144.943 54.705 16.8499 90.2382 76.2425 71.1729 478.901 37.8552 18.1829 448.739 7.66857 30.1615 13.9957 8.7371 14.1016 441.071 73.624 59.1366 50.0968 7.64298 42.4538 35.3393 17.6105
internal_count=12992 1167 656 514 511 11825 9015 962 324 139 638 543 485 2810 185 104 2600 53 210 95 64 81 2547 392 333 288 65 223 178 100
is_linear=0
shrinkage=0.1


Tree=134
num_leaves=31
num_cat=0
split_feature=34 51 28 45 12 9 33 21 48 33 15 33 22 18 28 3 44 3 24 3 37 5 10 2 3 9 33 27 39 28
split_gain=2.80834 4.91811 5.60925 7.32401 9.80041 9.22218 6.03796 8.99222 4.83835 4.93692 12.881 15.0086 8.62793 12.1415 9.40038 7.00667 7.24465 8.50826 5.89276 17.0433 12.9151 12.7173 5.51242 5.39518 5.35135 5.17614 4.78983 6.3178 8.60552 10.7531
threshold=0.99998527765274059 0.66342005133628856 813346.00000000012 0.46622805297374731 6.5000000000000009 0.0047847030218690642 0.72729700803756725 0.023300150409340862 0.75000000000000011 0.69369196891784679 0.40113879740238195 0.6839885711669923 32.408777236938484 0.011498437263071539 1491338.0000000002 3.8238096237182622 0.67492550611495983 0.47089633345603948 0.0035524083068594341 1.0823785066604616 0.57485783100128185 0.81425988674163829 0.24361789226531985 0.32068239152431494 2.2370021343231206 0.049999855458736427 0.54011374711990368 0.89734998345375072 0.96261346340179454 1863620.0000000002
decision_type=2 2 2 2 2 2 2 2 2 2 2 2 2 2 2 2 2 2 2 2 2 2 2 2 2 2 2 2 2 2
left_child=26 2 -2 -4 5 -5 7 -7 9 10 11 12 13 -3 -15 16 -11 -18 19 -19 23 -22 -20 24 -21 -16 -1 -28 -29 -30
right_child=1 8 3 4 -6 6 -8 -9 -10 15 -12 -13 -14 14 25 -17 17 18 22 20 21 -23 -24 -25 -26 -27 27 28 29 -31
leaf_value=0.0037738722181285636 0.053345286931157421 -0.18185305328215765 0.082403875522644124 0.062276614037668813 0.050751124694177474 -0.1673974936203439 -0.20114649246433497 0.030013261871021591 0.059031318647381141 0.028868820099133927 -0.15399096449019065 -0.18168348698356629 0.060478065592789225 0.075160625449105956 0.0094036637632237772 0.059807418397084339 0.03376316925921119 -0.19278402101666958 -0.0032815868517816846 -0.085114913086841423 0.007774792607949433 -0.23869243049406641 -0.10222115498970652 0.080140568433411288 0.062863519395840992 -0.13217281995924202 -0.013008592974695086 0.025973171406488995 -0.0096832551536818676 -0.20866234956552432
leaf_weight=668.61726064495087 44.535596101544797 4.334922211244705 8.5418561869300884 4.1549723818898263 11.170302448794244 4.2851017820648831 4.6053811665624371 4.9995219111442566 14.10760612785816 62.088828690350056 7.0760673433542243 4.5625172718428066 18.518055088818073 9.4276437833905238 5.0549163427203876 21.416834263131022 33.025733890011907 7.4099292978644362 84.894254559651017 6.1441636234521919 3.8824814707040769 4.5433971267193556 6.0312818437814704 8.9440857376903278 4.0577496364712715 5.2795737944543362 512.69828139474703 88.870838189559436 11.980240487842819 3.5121275782585135
leaf_count=6594 236 26 36 16 52 29 23 16 59 262 38 33 59 42 18 135 103 40 353 31 21 30 33 40 20 25 3986 538 74 24
internal_value=0.000171777 0.00756865 0.0293062 0.000951488 -0.0228633 -0.0684324 -0.107532 -0.0610971 0.00181303 -0.000907673 -0.0281762 -0.00930548 0.00914989 -0.0302947 0.0029504 0.00519456 -9.73849e-05 -0.0114133 -0.0232632 -0.0581415 -0.0219564 -0.125125 -0.00984446 0.0234466 -0.0262574 -0.0629234 -0.0020898 -0.00844338 0.0139839 -0.0547919
internal_weight=1678.77 393.093 82.2927 37.7571 29.2153 18.045 13.89 9.28462 310.8 296.692 54.2537 47.1776 42.6151 24.0971 19.7621 242.439 221.022 158.933 125.907 34.9818 27.5719 8.42588 90.9255 19.146 10.2019 10.3345 1285.68 617.061 104.363 15.4924
internal_count=12992 1776 408 172 136 84 68 45 1368 1309 241 203 170 111 85 1068 933 671 568 182 142 51 386 91 51 43 11216 4622 636 98
is_linear=0
shrinkage=0.1


Tree=135
num_leaves=31
num_cat=0
split_feature=0 10 40 2 5 5 24 4 38 27 19 50 50 47 39 6 9 45 5 10 19 35 36 27 51 0 18 19 38 28
split_gain=2.54098 6.52895 5.78199 5.71063 4.48284 8.10666 9.61032 7.38117 5.91047 5.53288 4.39054 5.98567 5.23787 4.20045 4.86748 6.78785 12.4006 4.38965 4.92782 4.22972 4.3875 3.8416 4.89096 8.64428 10.5879 3.74007 3.65595 5.73258 5.81408 6.25701
threshold=0.45586425065994268 0.18231245875358584 1.0000000180025095e-35 0.25581283867359167 0.75425362586975109 0.88394075632095348 0.12305764853954317 0.10928234457969667 0.39719088375568395 0.39720000326633459 0.25126942992210394 0.9996355175971986 0.4508808702230454 0.47892397642135626 0.72607901692390453 77.322586059570327 0.16182129830121997 0.73527744412422191 1.3508665561676028 0.24361789226531985 0.17580758780241015 0.99987903237342846 0.20311471074819568 0.63574999570846569 0.95833218097686779 0.44747185707092291 -0.012284231372177599 10.150936603546144 0.51214826107025158 378527.50000000006
decision_type=2 2 2 2 2 2 2 2 2 2 2 2 2 2 2 2 2 2 2 2 2 2 2 2 2 2 2 2 2 2
left_child=1 21 3 -3 7 6 -6 -2 -9 -7 11 12 -10 -11 15 -15 -17 18 -16 20 -18 25 23 -23 -25 26 27 28 -1 -30
right_child=4 2 -4 -5 5 9 -8 8 10 13 -12 -13 -14 14 17 16 19 -19 -20 -21 -22 22 -24 24 -26 -27 -28 -29 29 -31
leaf_value=-0.0032766060416190147 -0.081465179206181182 -0.026123340743246078 0.02268700388984202 -0.17542047710616449 -0.22782354885944806 -0.080351990629427203 0.0023361414419113286 -0.064446918835356609 -0.027403263641437737 -0.066065968463575389 0.078442374290793163 -0.073093234802978746 0.076770888226365575 0.03372020591195659 0.078866190587266308 -0.17034330235437511 -0.032291678127449479 0.099189375270612584 -0.072919369817383284 -0.065418176160332936 0.089643228344247525 0.05522955794253305 0.044204331595786843 -0.0030299298372700074 -0.22245936516196232 -0.075364834482813781 0.0011664516813613209 -0.16081450599729111 -0.01545414434175328 -0.094393005216675915
leaf_weight=191.41093986952183 5.2801759820431462 4.6404655245132727 4.9662736336467779 5.7200748915784061 3.3433125093579283 6.7778074177913359 3.966525309253484 4.8289739638566962 6.945379243232316 6.1354188900440922 28.51785547286272 5.2902677431702605 15.820881655439733 33.213163083419204 4.4599640406668204 5.3479407019913223 5.1753538437187689 12.37004581093788 4.1099997535347939 6.0211033448576918 6.8657112568616867 8.3551114774309116 40.076971245463938 5.9232453196309489 3.497332813218236 6.8118118662387124 1192.7954853913616 2.5748786506883325 28.058787159683561 15.637138039459385
leaf_count=1656 35 29 41 42 21 38 24 30 59 35 147 35 54 157 21 29 23 73 25 28 30 55 212 33 24 37 7985 19 1199 796
internal_value=0.000194294 -0.00109096 -0.0660263 -0.108551 0.0119979 -0.0016355 -0.102932 0.0319902 0.0417464 0.00654854 0.0508107 0.0227246 0.0449901 0.0135856 0.0198862 0.0046522 -0.0365881 0.0610801 0.00607258 0.00301481 0.0372346 -0.000425302 0.0248401 -0.0188185 -0.0844918 -0.00144226 -0.00109025 -0.0124154 -0.0107902 -0.0437034
internal_weight=1674.94 1510.47 15.3268 10.3605 164.47 97.7863 7.30984 66.6835 61.4034 90.4765 56.5744 28.0565 22.7663 83.6987 77.5633 56.6233 23.4101 20.94 8.56996 18.0622 12.0411 1495.14 57.8527 17.7757 9.42058 1437.29 1430.48 237.682 235.107 43.6959
internal_count=12992 12128 112 71 864 504 45 360 325 459 295 148 113 421 386 267 110 119 46 81 53 12016 324 112 57 11692 11655 3670 3651 1995
is_linear=0
shrinkage=0.1


Tree=136
num_leaves=31
num_cat=0
split_feature=19 6 50 38 38 27 11 45 44 3 36 4 9 26 50 3 9 19 16 50 36 12 4 33 33 47 44 47 10 11
split_gain=2.58916 5.7885 5.43573 5.99271 8.61884 7.01738 6.61839 7.89355 5.57287 5.75465 4.88728 11.2554 6.18683 5.47372 5.1721 4.78865 4.34488 4.68593 4.47155 4.14288 5.44315 5.99943 4.04024 3.91659 4.7983 6.13203 3.81673 3.79432 4.6843 3.7772
threshold=-1.7951323986053465 71.671482086181655 0.71189984679222118 0.36062917113304144 0.48481854796409612 0.55130001902580272 0.64267680048942577 0.68472471833229076 0.77037864923477184 0.15566314011812213 0.11526672914624216 0.43741784989833837 -0.0080969654954969866 2.408349990844727 0.53320196270942699 0.83968746662139904 -0.098646774888038621 1.217403292655945 -0.20126560330390927 0.25538298487663275 0.29692901670932775 17.500000000000004 1.237401604652405 0.46204714477062231 0.76953119039535534 0.27670928835868841 0.72878399491310131 0.4439052045345307 -0.0065571817103773347 0.92337784171104442
decision_type=2 2 2 2 2 2 2 2 2 2 2 2 2 2 2 2 2 2 2 2 2 2 2 2 2 2 2 2 2 2
left_child=1 2 8 -4 6 -6 -5 -8 10 -10 11 27 -12 15 -15 -14 17 18 -2 20 21 -18 -22 -17 25 -25 -7 28 -1 -3
right_child=16 29 3 4 5 26 7 -9 9 -11 12 -13 13 14 -16 23 19 -19 -20 -21 22 -23 -24 24 -26 -27 -28 -29 -30 -31
leaf_value=0.024206740747771138 -0.11398182049996684 -0.0082997967548407003 -0.16329836517054952 0.076908897204872484 -0.0025622350108578233 -0.21262625737585231 -0.10714983990767223 0.040524151522474398 -0.12238891494568363 0.066461496664728822 -0.02342089872510944 -0.10328223717035266 0.054033255767640134 0.020530106128627192 -0.15558839915864039 0.080041329298392944 -0.088626057368946437 0.067038829429253197 0.025234848163462754 -0.0013330677035998362 0.027824450879649604 0.059489856578470147 -0.10380677231401488 -0.11771373999831712 0.099042333840780206 0.013930765040357335 -0.069977783354017623 0.084379512938321188 -0.13115335580248319 0.058619280452770289
leaf_weight=7.5915448838495658 3.2312596809351843 11.225251946918432 3.1126343845389775 10.37102027051151 6.012876740540376 4.0975047267857008 6.7207844508811814 7.8444141373038292 1.731230333927672 23.737843891125522 33.458995240333024 12.925282928750674 48.062527342684916 3.7501957990461952 3.0024630343541503 4.4932560701236097 18.889731337836569 18.637788884807378 8.0672226042661332 1349.1508158636716 14.924806073991933 3.1976003335294072 2.7635594910825594 6.6835451668739569 2.6293796864920287 7.5189225770009216 3.4591251602396369 6.0635502122167955 2.6072650334790568 33.929552736226469
leaf_count=242 29 74 18 32 41 29 35 32 46 202 671 675 360 31 16 71 522 94 101 8850 94 60 32 148 14 56 23 37 222 135
internal_value=0.000197844 0.00955929 0.00244762 -0.0298333 -0.0190446 -0.0831795 0.0158557 -0.0276167 0.0106268 0.0536246 0.00273618 -0.0336272 0.0124202 0.0281702 -0.0577782 0.0365345 -0.00145841 0.0362345 -0.0145798 -0.00227082 -0.0340786 -0.0671832 0.00725892 -0.00290431 -0.0250466 -0.0480199 -0.147327 0.0217345 -0.0155101 0.0419835
internal_weight=1669.89 251.029 205.874 41.6184 38.5057 13.5695 24.9362 14.5652 164.256 25.4691 138.787 29.1876 109.599 76.1403 6.75266 69.3876 1418.86 29.9363 11.2985 1388.93 39.7757 22.0873 17.6884 21.3251 16.8318 14.2025 7.55663 16.2624 10.1988 45.1548
internal_count=12992 3210 3001 210 192 93 99 67 2791 248 2543 1176 1367 696 47 649 9782 224 130 9558 708 582 126 289 218 204 52 501 464 209
is_linear=0
shrinkage=0.1


Tree=137
num_leaves=31
num_cat=0
split_feature=37 34 22 43 2 36 47 50 4 2 17 11 28 43 27 38 44 33 10 47 26 2 38 45 11 14 6 35 51 22
split_gain=2.47221 5.80586 6.34773 6.15067 7.58733 5.70574 8.07514 6.78324 5.56817 6.75567 5.24395 4.65283 4.16155 3.61766 6.83251 8.02981 5.67345 6.36781 8.69949 5.50287 5.26565 4.95403 4.30237 4.16959 4.9522 4.93458 7.57978 7.48861 7.07835 8.45959
threshold=0.48989355564117437 0.49261842668056494 32.838573455810554 0.48749999701976782 0.33437350392341619 0.21121074259281161 0.26077960431575781 0.67676478624343883 0.78478297591209423 0.45618818700313574 13.402565479278566 0.20626404136419299 8367.0000000000018 0.46249999105930334 0.29865001142024999 0.41704215109348303 0.61470234394073497 0.50000178813934337 -0.024244216270744797 0.083807565271854415 1.1230999827384951 0.1565220579504967 0.44448299705982214 0.99887877702713024 1.3283296823501589 47.983806610107429 93.952312469482436 0.99987903237342846 0.38153949379920965 5.0847473144531259
decision_type=2 2 2 2 2 2 2 2 2 2 2 2 2 2 2 2 2 2 2 2 2 2 2 2 2 2 2 2 2 2
left_child=1 11 5 -4 -5 6 -3 8 9 -8 -7 12 -1 14 15 -2 -16 20 -19 -15 22 -17 -18 24 25 26 27 28 29 -21
right_child=13 2 3 4 -6 10 7 -9 -10 -11 -12 -13 -14 19 16 21 17 18 -20 23 -22 -23 -24 -25 -26 -27 -28 -29 -30 -31
leaf_value=0.0690068341317642 -0.28609077617986062 -0.11815065360788778 0.029931545279874291 -0.050838924132433641 -0.23514769015717843 -0.12107716584764286 -0.11510650290675449 -0.14207949065525385 0.064744095960202058 0.052705207533760595 0.021314321433856157 -0.1137401049808755 -0.071799689746619044 -0.096556096187188384 0.031551189140300258 -0.14706948883891344 -0.13086556475766151 -0.2263149846861682 -0.015128924628786421 0.0029461744954126013 0.07934544223816066 0.05869966746539404 0.031600823194138039 0.028112496254110775 -0.099919822363049207 -0.0096778487134752678 -0.10648877841240548 0.048363901378202574 0.0066772645905475384 -0.044493854304260741
leaf_weight=3.6465362434391881 1.5014925933210168 8.2308028180923412 4.6143474080599836 7.0916218460770306 3.2604599101468921 2.6711172410286954 5.2673608483601182 3.0746078164083874 11.272430840210289 4.4053197419270873 81.518861558113713 9.442997791025844 4.9459091449825792 5.8933736971848694 106.69504599197535 1.9225670762680236 3.1202473174780625 3.0842567668296397 5.3066841807449219 89.752188116530306 6.8829965179902501 2.9891910672740778 3.412744513436337 51.800446887034923 5.0223321880912399 401.31401880968042 6.2094953097403041 37.115985602140427 718.12029285448079 64.675453442090657
leaf_count=23 15 863 18 54 29 24 236 27 143 27 812 764 260 285 787 46 21 20 48 762 33 30 38 291 33 2320 37 209 4229 508
internal_value=0.00018501 -0.0120859 -0.0047837 -0.0660883 -0.108888 0.00309595 -0.0326697 -0.00337804 0.0169824 -0.0386784 0.0167966 -0.0652896 -0.012043 0.00139558 0.0170244 -0.0837094 0.0220518 -0.0244258 -0.0927545 -0.000132481 0.01831 -0.0218428 -0.0459954 0.000281097 -0.000809259 -0.000431358 0.00362023 0.00437185 0.00250054 -0.0169221
internal_weight=1664.26 149.442 131.407 14.9664 10.3521 116.441 32.2505 24.0197 20.9451 9.67268 84.19 18.0354 8.59245 1514.82 134.915 6.41325 128.502 21.8069 8.39094 1379.9 13.416 4.91176 6.53299 1374.01 1322.21 1317.19 915.873 909.664 872.548 154.428
internal_count=12992 3280 2233 101 83 2132 1296 433 406 263 836 1047 283 9712 1038 91 947 160 68 8674 92 76 59 8389 8098 8065 5745 5708 5499 1270
is_linear=0
shrinkage=0.1


Tree=138
num_leaves=31
num_cat=0
split_feature=35 34 34 33 7 8 11 22 20 37 14 34 22 21 47 9 26 18 38 37 10 37 33 35 3 22 8 21 22 9
split_gain=2.55 5.88451 6.47001 8.96683 6.87634 6.73448 7.0928 6.63584 6.56428 6.3662 6.34563 7.49332 8.12514 6.685 6.39688 15.9193 5.94866 5.82229 14.0712 18.5732 6.67929 6.56256 16.5848 6.47963 10.7187 5.69596 10.5536 6.05781 6.57692 5.6246
threshold=0.59258177876472484 0.567212074995041 0.70113715529441845 0.5904081165790559 72.90179824829103 38.105915069580085 0.11498274281620981 2.674323678016663 2.5000000000000004 0.52904957532882702 52.418973922729499 0.99998527765274059 46.262655258178718 -0.0025678197853267189 0.67794409394264232 0.13935850560665133 1.7595999836921694 0.16000787913799289 0.40856549143791204 0.5333654284477235 0.12953636795282367 0.54320889711380016 0.83389469981193554 0.79943972826004039 0.44538454711437231 -3.9815276861190791 33.016283035278327 0.023300150409340862 -5.9524595737457267 -0.053102344274520867
decision_type=2 2 2 2 2 2 2 2 2 2 2 2 2 2 2 2 2 2 2 2 2 2 2 2 2 2 2 2 2 2
left_child=-1 29 3 4 5 6 -3 -5 -8 -7 13 12 14 -4 15 -12 17 21 19 -19 -20 23 -23 24 -13 26 -15 28 -28 -2
right_child=1 2 10 7 -6 9 8 -9 -10 -11 11 16 -14 25 -16 -17 -18 18 20 -21 -22 22 -24 -25 -26 -27 27 -29 -30 -31
leaf_value=-0.0046597457074021454 -0.04683820260109392 0.022342009838835584 0.05168057388892372 -0.036338757998985831 -0.12616875240598874 -0.02177934751289835 -0.013063938431655981 -0.14724876282467483 -0.20043160627770115 0.066627348856864874 -0.039132155416800561 0.060147670183280023 0.082558476654493895 -0.23189728271288895 0.047516289624458079 -0.24368126009050331 0.047635720310435253 -0.26546050715541342 0.024498846378049995 -0.010512340758715474 -0.083307572343894853 0.026321278776185127 -0.16513898611189518 0.068663604464326886 -0.078424926823923796 0.0080076034356453742 0.038884545816997358 -0.12840525422368304 -0.15446894923001933 0.024946128707675704
leaf_weight=658.97229932205664 11.705365426969363 6.7963735666125995 33.832447630702518 13.344697459950114 4.3345498918788499 13.932263900322139 3.3296184607315809 9.0549823443870974 4.2647859863936901 19.610360146733001 73.997333026389242 11.701500963419678 5.6551910098642102 2.6459705894812968 7.4199526896700254 4.0110127180814734 24.974568700417876 5.3750691302120668 24.453128505498174 6.1007528975605965 7.5126236453652373 14.209282487630846 6.6378230564296237 24.249199587851763 10.6735627297312 467.85429666111304 12.442326931428399 3.9320741156116119 2.0489071647170922 161.69967203000851
leaf_count=7246 109 32 211 180 33 150 31 125 21 64 645 29 18 17 35 24 96 31 110 25 39 60 37 105 48 2398 116 21 24 912
internal_value=0.000167808 0.00335605 -0.000166012 -0.0282378 -0.00555188 0.00535534 -0.0518701 -0.0811737 -0.118284 0.0299067 0.00262974 -0.0113323 -0.0335256 0.00869182 -0.0412102 -0.0496496 0.00354352 -0.00638484 -0.0349386 -0.129925 -0.000837928 0.0119995 -0.0346406 0.0328538 -0.00595553 0.00571709 -0.0451449 -0.0183234 0.0115464 0.0201005
internal_weight=1656.77 997.8 824.395 74.6676 52.268 47.9334 14.3908 22.3997 7.5944 33.5426 749.727 226.971 91.0835 522.756 85.4283 78.0083 135.888 110.913 43.4416 11.4758 31.9658 67.4714 20.8471 46.6243 22.3751 488.924 21.0693 18.4233 14.4912 173.405
internal_count=12992 5746 4725 636 331 298 84 305 52 214 4089 1302 722 2787 704 669 580 484 205 56 149 279 97 182 77 2576 178 161 140 1021
is_linear=0
shrinkage=0.1


Tree=139
num_leaves=31
num_cat=0
split_feature=1 16 23 43 3 22 34 20 35 1 23 43 27 34 0 15 21 11 0 50 34 19 5 48 22 34 8 34 21 33
split_gain=2.56523 4.09502 3.90946 3.90525 4.10409 5.02104 3.39162 3.43601 7.44905 7.37928 9.91659 5.954 4.91689 4.51708 8.12557 6.74486 9.79732 7.16124 6.82611 5.62278 5.59462 4.82691 4.3775 5.8973 4.28611 3.95795 7.29067 6.15846 11.7409 11.5247
threshold=0.6125236749649049 2.8725302219390874 0.37500001490116125 0.66249999403953563 0.43326880037784582 29.584099769592289 0.22374207526445392 1.0000000180025095e-35 0.5099797546863557 0.12253758311271669 0.22960328310728076 0.38750000298023229 0.6107500195503236 0.4993435144424439 0.34838579595088964 0.00045757371117360895 -0.023387306369841095 0.52064803242683422 0.23665061593055728 0.49562689661979681 0.22884282469749453 1.7094012498855593 0.47614501416683203 0.15000000223517421 17.594579696655277 0.51456794142723095 84.26084136962892 0.79605355858802807 -0.0011111875064671037 0.6351778805255891
decision_type=2 2 2 2 2 2 2 2 2 2 2 2 2 2 2 2 2 2 2 2 2 2 2 2 2 2 2 2 2 2
left_child=6 3 -3 4 5 -2 -1 8 9 10 12 -11 -8 14 15 16 19 18 22 21 -18 -9 23 24 -17 26 -15 29 -29 -27
right_child=1 2 -4 -5 -6 -7 7 13 -10 11 -12 -13 -14 25 -16 17 20 -19 -20 -21 -22 -23 -24 -25 -26 27 -28 28 -30 -31
leaf_value=-0.061568703277173925 0.029095484652750577 -0.13593449123770407 0.015031476459642833 -0.063890500251651036 0.057701646929678552 -0.10818166641119829 0.063476059543373167 0.0020390242183632563 0.074952333532643578 -0.12779532525074472 -0.10385831847813952 0.032819457232892542 -0.1152974154026474 0.010368053570091127 0.05546520011533395 -0.096075241282583018 0.11303590468819387 -0.085526159134118096 -0.13769700348056266 0.065056515445942459 -0.11090994321779475 -0.18306359932454494 0.039573388231278983 -0.18638599763483021 0.079725612996260353 -0.0058003153995194994 -0.092983944346090835 0.06452044601420133 -0.00088049526500029592 -0.05636557727119218
leaf_weight=9.0650661643558106 10.020412140991537 3.0508084697648874 3.9187795368488878 4.0225567519664756 33.304344618227333 3.6294359453022471 8.1873606948065589 3.8706790910800901 18.652895134757273 2.4230933716753489 12.317648770025697 48.595314044599945 1.894429265288635 388.78209106868962 11.966075408738105 2.3347831466235212 1.1699197679990927 9.6347237873123941 2.8873426066711536 7.2444139942526817 23.999062196926388 2.2149343490600586 29.505302879988449 2.1316125188022852 3.4156943894922733 233.90163658722668 6.9473892106034318 28.609651224454865 676.81111366496771 55.832921100241947
leaf_count=702 66 21 21 23 179 26 239 70 107 30 831 398 136 2471 52 47 5 394 17 26 483 26 177 27 13 1897 55 146 3437 870
internal_value=0.000176182 0.0208437 -0.0510511 0.0306733 0.0387745 -0.00740592 -0.000575898 -0.000226695 0.0185214 0.00418427 -0.0436623 0.0251911 0.0298834 -0.00138421 -0.0218716 -0.0323391 -0.0637881 -0.00808011 0.0104469 0.00552999 -0.1005 -0.0653314 0.0218877 -0.0443156 0.00834774 9.42841e-05 0.00855362 -0.00326962 0.00177196 -0.0155444
internal_weight=1650.34 57.9463 6.96959 50.9767 46.9542 13.6498 1592.4 1583.33 92.0707 73.4178 22.3994 51.0184 10.0818 1491.26 100.375 88.4085 38.499 49.9095 40.2747 13.33 25.169 6.08561 37.3874 7.88209 5.75048 1390.88 395.729 995.155 705.421 289.735
internal_count=12992 336 42 294 271 92 12656 11954 1741 1634 1206 428 375 10213 1337 1285 610 675 281 122 488 96 264 87 60 8876 2526 6350 3583 2767
is_linear=0
shrinkage=0.1


Tree=140
num_leaves=31
num_cat=0
split_feature=27 10 1 6 4 34 1 47 43 4 44 19 9 9 21 35 22 9 18 23 40 38 2 37 1 47 36 26 51 16
split_gain=2.36639 5.86711 6.25887 9.16602 4.94577 5.52087 5.4279 3.95886 5.67164 3.44519 4.87241 3.32054 3.31487 13.5933 8.2401 14.2611 12.2196 14.5742 7.75295 7.07556 6.14483 14.8693 6.4936 6.08011 5.64929 8.78126 7.74638 7.83687 7.22301 6.46264
threshold=0.28079999983310705 0.12444766983389856 0.10723294690251352 72.140686035156264 0.32602493464946752 0.98376253247261058 0.13564596325159076 0.39836758375167852 0.48749999701976782 1.903532922267914 0.38009776175022131 2.8619530200958256 0.0052631578873842963 0.0025166940176859502 0.028887130320072178 0.75648006796836864 39.156625747680671 -0.006243503186851739 -0.015690586529672142 0.79153481125831615 1.0000000180025095e-35 0.42187722027301794 0.36072273552417761 0.53266343474388134 0.27664713561534887 0.40397292375564581 0.24189830571413043 0.66290000081062328 0.13571962714195254 -0.037868969142436974
decision_type=2 2 2 2 2 2 2 2 2 2 2 2 2 2 2 2 2 2 2 2 2 2 2 2 2 2 2 2 2 2
left_child=1 2 3 11 -4 6 -6 8 -8 10 -9 -1 13 14 18 16 17 19 -2 -16 -17 -22 -23 -19 25 28 -27 -28 29 -20
right_child=12 -3 4 -5 5 -7 7 9 -10 -11 -12 -13 -14 -15 15 20 -18 23 24 -21 21 22 -24 -25 -26 26 27 -29 -30 -31
leaf_value=-0.071354048960992705 -0.01812907810033251 -0.11923398683045527 0.090368523048195371 -0.46738805735743771 0.065687325339460853 0.088887660724845982 0.010149219806029399 -0.15827387530087753 -0.12366603401758579 0.086228769776652572 0.026090724456993609 0.045610960245842005 0.0025672543989329727 -0.084846984110332521 -0.059340622225073782 0.034586977128242671 0.040531492882797816 -0.19230697793091062 0.063299516760170052 -0.24099635941616399 -0.24692700451013067 -0.13758423637997197 0.049991858136572059 -0.450635569850318 0.04796725736571756 -0.17190602335784694 -0.16108814771875973 0.033136154169351548 0.013500591495637607 -0.11334104214518229
leaf_weight=6.2272246168649836 144.46286859575957 2.9818017881480037 13.408977704108109 0.49266799539327699 9.6969297648611228 9.3863040879368764 5.9250863354536722 1.9720079252583653 6.8051970533560961 4.632994539802894 5.2490744047972839 3.9774042973294854 1054.718705475676 21.611125176001224 11.326580776192715 20.944180072081508 4.7497985009104005 1.8692404115572583 2.7604838963598004 2.6448792149312803 3.0311652123928061 2.4214748115045932 7.7599473592708819 1.7774717612192033 34.858180498122238 4.9041112008417249 2.853141066443639 7.6415933807147667 231.31743917477797 8.2953921137450362
leaf_count=397 2374 29 95 3 105 30 73 34 82 18 55 41 6190 271 86 103 20 26 14 19 22 19 59 14 181 50 37 127 2284 134
internal_value=0.000161888 0.018051 0.0240911 -0.0461043 0.0372471 0.0209351 0.00232958 -0.0226609 -0.0613841 0.0189245 -0.0242575 -0.0257652 -0.000644355 -0.0072188 -0.00382015 -0.0397486 -0.101819 -0.140196 0.000826102 -0.0937291 0.000898702 -0.0525029 0.00538013 -0.318221 0.0101837 0.00507429 -0.0681506 -0.0196665 0.00972653 -0.0692366
internal_weight=1640.7 70.7557 67.7739 10.6973 57.0766 43.6676 34.2813 24.5844 12.7303 11.8541 7.22108 10.2046 1569.95 515.229 493.618 56.5247 22.368 17.6182 437.093 13.9715 34.1568 13.2126 10.1814 3.64671 292.63 257.772 15.3988 10.4947 242.373 11.0559
internal_count=12992 962 933 441 492 397 367 262 155 107 89 438 12030 5840 5569 368 165 145 5201 105 203 100 78 40 2827 2646 214 164 2432 148
is_linear=0
shrinkage=0.1


Tree=141
num_leaves=31
num_cat=0
split_feature=35 18 15 33 45 44 1 4 11 22 51 21 5 7 8 28 11 7 12 8 45 34 33 36 4 26 36 10 10 50
split_gain=2.54608 7.57439 6.21868 6.56446 5.58538 6.0412 7.75903 5.27983 5.24772 5.01879 5.63298 5.44006 8.73462 8.16488 7.99791 7.61672 7.348 8.71158 7.18522 7.05689 7.02216 6.6537 14.6242 6.53365 6.26406 5.20497 5.3747 5.15057 7.86474 7.68392
threshold=0.54327899217605602 0.45506297051906591 0.17651380598545077 0.63825291395187389 0.72410726547241222 0.89779531955719005 0.20435144007205966 0.31862477958202368 0.85082402825355541 40.830369949340827 0.81257253885269176 -0.0011111875064671037 0.38844181597232824 44.427412033081062 40.54998970031739 5191.0000000000009 0.35882617533206945 56.099573135375984 1.0000000180025095e-35 35.012689590454109 0.4330220371484757 0.567212074995041 0.52473884820938121 0.56881105899810802 0.57387810945510875 1.2204999923706057 0.48173449933528906 0.010840117931365969 -0.0058142850175499907 0.71189984679222118
decision_type=2 2 2 2 2 2 2 2 2 2 2 2 2 2 2 2 2 2 2 2 2 2 2 2 2 2 2 2 2 2
left_child=1 2 3 4 5 9 -7 -6 -4 10 11 21 15 20 19 -13 -16 -18 -17 -15 -14 22 27 -20 -19 -26 -27 28 -1 -30
right_child=-2 -3 8 -5 7 6 -8 -9 -10 -11 -12 12 13 14 16 18 17 24 23 -21 -22 -23 -24 -25 25 26 -28 -29 29 -31
leaf_value=-0.0033836623971287652 0.0024856616305129762 0.047492412695672122 -0.1192529514056091 -0.1050619064784621 -0.11559617968451961 -0.15621729572682105 0.030214536707550879 0.035311132822614714 -0.0068081052995411333 -0.1200462782180679 0.051636147333289445 -0.1557740334282654 -0.11388403052999119 -0.069638481214646428 0.055197717107759559 0.06328884404613469 -0.10479811358835736 -0.14444734911055682 -0.14454386357532031 -0.24141258427399551 0.056404445166182315 0.057447260962478944 -0.11672476419043881 0.051225481193736877 0.0068139917137357495 -0.16223176056283517 -0.0046514625369596359 -0.067112818547707065 0.074593352856561962 -0.11023693925548067
leaf_weight=104.1170629350454 1214.1001182949476 24.439593970295391 9.35701878454711 6.7374160270337589 2.4494552505784659 6.1087368858279643 3.5179880309733562 43.352318456512876 7.4589018715778357 3.9256842053728169 15.944066168391144 2.2533122559252687 2.9678048953355782 6.1688406305620429 7.1392240404384202 21.776587855973052 20.807013949706743 4.0203233816719139 3.6893008906117748 3.9060035030124709 13.157363362428439 19.390375924143882 10.832642225112066 3.1692230068147182 29.482172652460577 4.2170387910446134 4.4469206910580397 9.5294392350297112 24.234764863154854 2.4793559068930326
leaf_count=1511 7253 138 164 188 42 137 17 328 107 22 61 36 53 49 39 138 592 154 97 42 77 146 301 13 353 93 21 284 517 19
internal_value=0.000161819 -0.00653858 -0.00986782 -0.00723316 -0.00546649 -0.0100437 -0.0880877 0.0272407 -0.0693767 -0.00767857 -0.00627251 -0.00937307 -0.0250252 -0.0398652 -0.0529218 0.021247 -0.0409501 -0.0518503 0.0351769 -0.136235 0.0250632 0.00229845 -0.00477433 -0.0540817 -0.0257232 -0.0132105 -0.0813511 0.00386569 0.0090356 0.0574391
internal_weight=1635.18 421.076 396.636 379.82 373.083 327.281 9.62672 45.8018 16.8159 317.655 313.729 297.785 127.201 96.3127 80.1875 30.8884 70.1127 62.9735 28.6351 10.0748 16.1252 170.584 151.193 6.85852 42.1665 38.1461 8.66396 140.361 130.831 26.7141
internal_count=12992 5739 5601 5330 5142 4772 154 370 271 4618 4596 4535 1757 1473 1343 284 1252 1213 248 91 130 2778 2632 110 621 467 114 2331 2047 536
is_linear=0
shrinkage=0.1


Tree=142
num_leaves=31
num_cat=0
split_feature=19 44 38 40 33 28 13 15 36 38 6 6 7 28 39 28 22 12 38 19 36 10 0 28 11 0 1 37 9 19
split_gain=2.20881 4.96386 5.21685 4.62083 7.59096 7.55185 7.10403 5.86433 6.60003 6.43889 5.6528 7.00066 4.0425 5.28829 5.4195 5.17493 4.88246 3.97223 3.89141 8.50692 4.801 3.83474 4.45138 5.46827 3.77387 3.67288 5.73773 3.60269 3.34216 4.14008
threshold=-1.7951323986053465 0.77037864923477184 0.55070775747299205 1.0000000180025095e-35 0.7577941119670869 22375200.000000004 70.456176757812514 -0.09802952408790587 0.11526672914624216 0.5000000298023225 71.671482086181655 69.016338348388686 77.585994720458999 20008.000000000004 0.96261346340179454 64688992.000000007 -2.0513359308242793 7.5000000000000009 0.51851263642311107 -3.2404735088348384 0.75003039836883556 -0.21851760894060132 0.29952442646026617 787420.50000000012 1.2217906117439272 0.33169473707675939 0.39607091248035436 0.57783156633377086 -0.098646774888038621 1.217403292655945
decision_type=2 2 2 2 2 2 2 2 2 2 2 2 2 2 2 2 2 2 2 2 2 2 2 2 2 2 2 2 2 2
left_child=1 3 24 4 10 7 -6 21 9 -9 11 12 13 16 15 25 -1 -4 -10 20 -20 -5 23 -23 27 -15 -27 -3 29 -2
right_child=28 2 17 5 6 -7 -8 8 18 -11 -12 -13 -14 14 -16 -17 -18 -19 19 -21 -22 22 -24 -25 -26 26 -28 -29 -30 -31
leaf_value=0.070038927804812315 -0.016113438150182326 0.061981611591676991 -0.11610725017505559 -0.22043309469294387 0.05913157723992131 -0.13106769826074943 -0.071904867639833919 0.021546815244835517 0.067025410345139078 -0.11488567492897267 0.035065360045540304 -0.2133108350838151 0.048157281618419159 -0.10969965146522409 0.048461410787454223 0.079058514178238337 -0.06811298285478655 0.084601957235370867 -0.12124874943340258 0.062727352381770837 0.10255638694830618 -0.011983038383288076 0.04918659257234962 -0.16091278121036695 -0.048363596305019005 0.069595644004553037 -0.1249903698952165 -0.03641101230468452 -0.0020900478067655045 0.06360873881351635
leaf_weight=6.2351215369344573 10.556498731981266 41.871103881800082 3.6538069373200406 0.96845109760761516 19.462743689538915 3.3681541121768523 5.2542728014523155 10.54615560203092 40.47231597789505 5.1476531216358117 9.9013506739865971 2.4234481444000258 4.7819665293791322 22.989676125154809 3.6119526411639518 1.8967804312451324 4.3378868256258993 1.350514195350115 5.2911817602725959 11.483179559814742 1.1705417633056638 9.2949437850766135 6.7281553611683185 3.3553821654058984 3.9718930935196104 3.2086705690016961 2.8714874587021768 4.0843630736926562 1358.9673026108721 17.0108470863197
leaf_count=87 130 219 98 4 113 58 32 115 189 538 44 21 42 680 24 18 50 26 230 127 7 285 51 61 25 17 24 25 9558 94
internal_value=0.000141651 0.00900473 0.0353976 0.00115952 -0.0156106 0.0160695 0.0312762 0.0213161 0.0343717 -0.0232038 -0.034225 -0.0473287 -0.039273 -0.0485327 -0.0674569 -0.0809776 0.0133581 -0.0619419 0.0498394 0.0110787 -0.0807064 -0.0262373 -0.0165323 -0.0514853 0.0451542 -0.0914198 -0.0223019 0.0532368 -0.00139078 0.0330803
internal_weight=1626.27 239.733 54.9317 184.801 86.9754 97.8261 24.717 94.458 74.111 15.6938 62.2583 52.357 49.9335 45.1516 34.5786 30.9666 10.573 5.00432 58.4172 17.9449 6.46172 20.3469 19.3785 12.6503 49.9274 29.0698 6.08016 45.9555 1386.53 27.5673
internal_count=12992 3210 393 2817 1152 1665 145 1607 1206 653 1007 963 942 900 763 739 137 124 553 364 237 401 397 346 269 721 41 244 9782 224
is_linear=0
shrinkage=0.1


Tree=143
num_leaves=31
num_cat=0
split_feature=38 27 1 15 17 10 15 10 34 18 38 3 16 15 50 28 44 13 5 36 35 11 34 21 36 7 2 15 34 20
split_gain=2.2048 4.65033 2.60084 3.77277 7.06307 4.25768 3.38666 8.43745 3.43338 2.92324 4.19027 3.22979 3.01166 6.15543 8.63839 6.05834 5.23871 5.53624 5.94084 5.91568 9.25569 4.82815 6.77789 6.49086 4.73381 4.05863 3.95971 5.29006 3.77757 3.68038
threshold=0.60735177993774425 0.40139999985694891 0.6125236749649049 1.0736605525016787 52.161817550659187 0.31714542210102087 0.010907788760960104 -0.063212785869836793 0.57694464921951305 -0.89954105019569386 0.58409494161605846 2.5471889972686772 -0.25217548012733454 -0.13023915141820905 0.85089081525802623 2346.0000000000005 0.55936726927757274 20.410134315490726 0.88394075632095348 0.23752087354660037 0.49099974334239965 0.014164766762405636 0.80762550234794628 0.0057907900772988805 0.42197485268116003 25.173981666564945 0.19965557754039767 -0.36436192691326136 0.22374207526445392 2.5000000000000004
decision_type=2 2 2 2 2 2 2 2 2 2 2 2 2 2 2 2 2 2 2 2 2 2 2 2 2 2 2 2 2 2
left_child=2 -2 9 6 -5 -6 7 -4 -9 10 11 -1 16 14 15 -14 17 -11 19 20 -19 -17 24 -24 -23 -18 27 -20 -15 -30
right_child=1 -3 3 4 5 -7 -8 8 -10 12 -12 -13 13 28 -16 21 25 18 26 -21 -22 22 23 -25 -26 -27 -28 -29 29 -31
leaf_value=-0.04112957307282189 0.05238395867321273 -0.11317341797843927 0.059370842110864679 0.090787621673371274 -0.01630676819181014 -0.15375540510625949 0.058400504448428453 -0.16718360153233702 -0.018097145796265184 0.063434310891781726 0.075696156994633446 -0.19758592804530023 0.073919312130658929 -0.083365467359837409 -0.16955753269840512 0.041563041505241032 -0.09404476987259032 0.03111496697298128 -0.15994110889436514 -0.0070856546538610524 -0.15397898025949164 -0.13552146087033159 0.059412740588623128 -0.079975317163712756 -0.0034092046836933817 0.036629197192472679 0.081382028209516316 0.031421960835968314 0.010280198614219995 -0.0023539897635880911
leaf_weight=18.519229110386739 2.6326699777346212 4.7718715401751979 9.358838899061082 3.7643852438777676 5.6280897196847928 3.7588449218310416 26.224652860779315 3.0300636678002766 3.151120750233531 8.5212672686029673 2.9352716475259504 1.4206514013931144 5.5476602787384754 5.408699226592943 4.4756054729223242 6.1470797517686142 2.4597176456773004 3.7991336784325567 2.0561287035234272 13.98676992068067 9.3518857376766373 11.096519179242025 7.2342393191065621 6.2074215891188942 3.5895919365575528 70.547444260504562 6.9534156440931838 4.8570285037276317 294.0046405343528 1068.576630920179
leaf_count=343 74 175 54 29 34 20 149 21 21 66 60 15 49 563 30 53 20 38 28 84 161 350 38 61 19 416 31 40 4026 5924
internal_value=0.000132997 -0.0543098 0.000382979 0.0217717 -0.0249374 -0.0713458 0.0364799 -0.000512297 -0.0911805 -0.000371072 -0.0358555 -0.0522766 0.000157792 -0.00114699 -0.0378344 -0.0230301 0.0151965 -0.00990816 -0.0251497 -0.0523583 -0.100508 -0.0387222 -0.0562678 -0.00495731 -0.10323 0.0322266 0.0280993 -0.0254937 4.10156e-05 0.000372094
internal_weight=1620.02 7.40454 1612.61 54.916 13.1513 9.38693 41.7647 15.54 6.18118 1557.7 22.8752 19.9399 1534.82 1412.29 44.2981 39.8225 122.533 49.5256 41.0044 27.1378 13.151 34.2749 28.1278 13.4417 14.6861 73.0072 13.8666 6.91316 1367.99 1362.58
internal_count=12992 249 12743 328 83 54 245 96 42 12415 418 358 11997 11113 600 570 884 448 382 283 199 521 468 99 369 436 99 68 10513 9950
is_linear=0
shrinkage=0.1


Tree=144
num_leaves=31
num_cat=0
split_feature=35 18 33 10 16 36 3 35 21 5 11 34 34 34 51 33 35 27 48 23 37 0 36 9 45 4 50 47 22 22
split_gain=2.29903 6.46452 5.19388 7.08106 6.67127 6.52961 5.47644 5.15902 5.02529 7.57091 6.47369 5.84799 14.5122 8.08109 11.8045 11.5342 11.5091 11.362 8.41879 9.58163 8.21537 9.00393 7.37504 8.22 8.62642 8.52469 7.35126 7.347 6.99271 10.341
threshold=0.54327899217605602 0.45506297051906591 0.55965822935104381 -0.095643043518066392 0.12462273612618448 0.415532797574997 1.9322459697723391 0.33287213742733007 0.021117814816534523 1.1101347804069521 0.97461420297622692 0.50004315376281749 0.4993435144424439 0.82707467675209057 0.62270855903625499 0.60000130534172069 0.75996828079223644 0.30279999971389776 0.35000000894069677 0.24999997764825824 0.5333654284477235 0.23665061593055728 0.27912142872810369 -0.012418854981660841 0.46776118874549871 0.94296440482139599 0.83784607052803051 0.3746593594551087 17.841819763183597 -10.01037549972534
decision_type=2 2 2 2 2 2 2 2 2 2 2 2 2 2 2 2 2 2 2 2 2 2 2 2 2 2 2 2 2 2
left_child=1 2 4 -4 -1 7 -7 -5 9 11 -11 12 -2 15 16 -13 18 -16 26 -20 -17 -22 28 -24 -25 -26 -15 -14 29 -19
right_child=8 -3 3 5 -6 6 -8 -9 -10 10 -12 13 27 14 17 20 -18 22 19 -21 21 -23 23 24 25 -27 -28 -29 -30 -31
leaf_value=-0.0026279752542312509 -0.022426884436930632 0.044223460744483661 0.071673313246702314 0.058522010742793062 -0.069991854218472399 0.035404461820131301 -0.094713960280814677 -0.11505251187924569 -0.0032939151206853958 0.036122725218941686 -0.10861975703532754 0.004016905809436022 0.068949639904465607 0.037005337917158904 0.096208745724131406 -0.017278330541762445 0.084912797725384695 0.0016442738778345218 0.052047097785631859 -0.12971876812306513 -0.11333790374519359 0.012083918670207167 0.080555956048488586 0.073273186938380211 -0.2429044814796123 -0.034241043065404979 -0.098211137307556234 -0.046731035353719662 -0.010941233246967049 -0.24052153139157451
leaf_weight=332.58468089612506 38.959421183946688 23.816404459881596 4.6258970182389012 1.8979594223201299 15.381156992199974 9.4476249953731877 4.918585109524428 17.510925831247732 685.43083853917778 113.47095854100189 3.1765142821241161 100.21554213379568 51.431618774920935 52.637915114333737 5.5671793879009774 38.669557063949469 29.476876329630613 2.4979484541108823 4.5501702316105348 7.9972967243520543 25.553405056882184 7.3759996797889462 5.7686109812930253 3.1748726118821642 3.3615332171320897 4.6888113766908646 4.3532290048897258 6.146303382003679 4.1508533857995635 5.9960685669211697
leaf_count=4537 531 138 20 9 376 48 38 573 3237 819 61 709 174 294 22 731 135 15 20 42 191 33 36 20 20 25 22 31 31 54
internal_value=0.000125738 -0.00634048 -0.00945734 -0.0443588 -0.00560567 -0.0602507 -0.00914442 -0.098079 0.00232748 0.00974837 0.0321811 0.00324837 0.0247078 -0.00352091 0.0148643 -0.0178834 0.0325478 -0.0348701 0.0103507 -0.0638038 -0.0485368 -0.0852441 -0.0594913 -0.016462 -0.0663193 -0.121371 0.0266769 0.056601 -0.11732 -0.169305
internal_weight=1614.83 410.183 386.367 38.401 347.966 33.7751 14.3662 19.4089 1204.65 519.221 116.647 402.573 96.5373 306.036 134.221 171.815 99.0155 35.2059 69.5386 12.5475 71.599 32.9294 29.6387 16.9938 11.2252 8.05034 56.9911 57.5779 12.6449 8.49402
internal_count=12992 5739 5601 688 4913 668 86 582 7253 4016 880 3136 736 2400 736 1664 513 223 378 62 955 224 201 101 65 45 316 205 100 69
is_linear=0
shrinkage=0.1


Tree=145
num_leaves=31
num_cat=0
split_feature=35 43 11 48 34 45 6 26 28 9 44 22 22 16 35 21 4 27 34 21 50 35 33 40 35 16 5 19 19 22
split_gain=2.31281 4.54696 4.35805 6.05549 4.34121 6.39593 11.248 7.98256 6.16677 6.13821 5.98418 5.71764 15.1142 7.78429 8.39247 5.22839 4.541 4.53739 4.60389 11.3363 7.17644 8.02881 6.24418 8.85098 8.511 10.1776 10.1467 8.59471 8.45651 8.90374
threshold=0.59258177876472484 0.71250000596046459 -1.0000000180025095e-35 1.0000000180025095e-35 0.50004315376281749 0.60745751857757579 55.309881210327156 0.39609999954700476 1908.0000000000002 -0.053102344274520867 0.47802378237247473 20.787054061889652 25.304018974304203 0.075370293110609068 0.73097971081733715 0.029487924650311474 1.9667545557022097 0.22969999909400943 0.9463411569595338 0.018899491056799892 0.84433367848396312 0.7018105983734132 0.68952184915542614 0.35000000894069677 0.7018105983734132 -0.091844636946916566 1.2620936036109927 2.4379713535308842 3.0305135250091557 0.6589803695678712
decision_type=2 2 2 2 2 2 2 2 2 2 2 2 2 2 2 2 2 2 2 2 2 2 2 2 2 2 2 2 2 2
left_child=2 4 3 -1 5 7 -7 8 -2 10 -9 -8 -13 -14 -15 -10 -11 -6 22 20 -20 -22 23 -19 25 -24 -26 -28 -25 -30
right_child=1 -3 -4 -5 17 6 11 9 15 16 -12 12 13 14 -16 -17 -18 18 19 -21 21 -23 24 28 26 -27 27 -29 29 -31
leaf_value=-0.040729286848425909 0.11026039740574532 -0.083854033300572353 -0.0068105209639161175 0.046989969960127581 0.047321916377459042 -0.16493382422008596 0.079595819464691853 0.030352734574838697 -0.060079548784881392 0.057334631211017388 -0.15927569893952062 -0.18388472552372451 0.054252713710821236 -0.11211240866576533 0.058766465472628926 -0.28653860295627998 -0.046897647162482195 0.0060230617907229382 0.073367813806963 0.0012085236205871986 -0.10706434004884438 0.078416667705086096 -0.0036891818917932462 -0.02360266690153387 -0.0004857756027204208 -0.13178168844592866 -0.049286325617777731 -0.23504489588293978 -0.33958883348770397 -0.068577641290923641
leaf_weight=10.336927685479166 1.4526334352558468 5.9637473851325913 590.86411743372446 32.97203518608876 20.599530674400739 4.250996702037809 8.4012011465965752 4.0821980639593667 3.6397151029523229 74.267878923696117 2.8095098579360638 4.4759666956961146 18.281178915407512 7.7350564487278444 4.5736323408782482 1.4161847326904533 4.428980929485987 232.14183209514886 37.000587039627135 384.97600848134607 5.22987277433276 4.2142962971702218 10.676486846903574 12.619517281578739 85.837111693719635 14.803931166159598 10.753181053529259 3.2416332280263296 2.0164402201771727 3.0397209202055819
leaf_count=143 8 37 6909 194 153 61 27 29 74 390 28 24 87 37 24 11 31 1401 221 1705 35 41 114 189 644 204 98 24 19 30
internal_value=0.000132591 0.00319534 -0.00456619 0.0260533 0.00373222 0.0200295 -0.00968419 0.035425 -0.0713365 0.0435436 -0.0469522 0.00549894 -0.0122535 0.0128599 -0.0486177 -0.123512 0.0514685 0.000977451 -0.0002062 0.0068389 0.0535085 -0.0242967 -0.00830847 0.000829137 -0.0265248 -0.07811 -0.0133586 -0.0923138 -0.0673848 -0.176659
internal_weight=1607.1 972.929 634.173 43.309 966.965 139.815 47.718 92.0971 6.50853 85.5886 6.89171 43.467 35.0658 30.5899 12.3087 5.0559 78.6969 827.15 806.551 431.421 46.4448 9.44417 375.13 249.818 125.312 25.4804 99.8319 13.9948 17.6757 5.05616
internal_count=12992 5746 7246 337 5709 831 260 571 93 478 57 199 172 148 61 85 421 4878 4725 2002 297 76 2723 1639 1084 318 766 122 238 49
is_linear=0
shrinkage=0.1


Tree=146
num_leaves=31
num_cat=0
split_feature=37 15 43 22 23 35 10 45 4 4 17 35 45 34 9 17 7 23 5 35 1 11 26 13 27 34 13 39 19 38
split_gain=2.29178 4.30928 4.10559 4.81796 6.37068 2.27783 4.59365 7.45602 3.99387 7.06705 15.2991 7.47647 6.65876 6.33084 11.0811 6.02612 11.8448 11.6389 13.857 12.8547 6.14107 8.30619 6.71174 6.56423 6.87922 8.30046 6.00465 6.4047 6.24506 5.57329
threshold=0.66995754837989818 0.06797350570559503 0.53749999403953563 11.900130271911623 0.35103575885295873 0.7274845838546754 -0.12285248562693594 0.35660429298877722 0.85518586635589611 0.97098624706268322 46.364130020141609 0.74868056178092968 0.61539840698242199 0.96238455176353466 0.020768598653376106 46.58143615722657 73.725719451904311 0.41176472604274755 2.0146833658218388 0.90627959370613109 0.30804623663425451 0.90338760614395153 1.0563500523567202 38.538619995117195 0.69589999318122875 0.93221089243888866 42.963224411010749 0.036831904202699668 5.4934508800506601 0.39605535566806799
decision_type=2 2 2 2 2 2 2 2 2 2 2 2 2 2 2 2 2 2 2 2 2 2 2 2 2 2 2 2 2 2
left_child=5 2 -2 -4 -5 -1 7 -7 29 10 13 -11 -12 14 -10 16 20 18 -18 -19 21 22 -13 24 -24 -26 -17 -28 -29 -8
right_child=1 -3 3 4 -6 6 8 -9 9 11 12 15 -14 -15 -16 26 17 19 -20 -21 -22 -23 23 -25 25 -27 27 28 -30 -31
leaf_value=-0.0028467091522582895 0.068268276870942085 0.10215588613756615 -0.13088346125852932 -0.099334107863671597 0.068099481831336323 0.063549341133075976 0.055247813590592304 -0.12631867938296393 0.0794612458021519 0.054449980155455241 -0.2508692067355095 0.024858921654347218 -0.055335851172175411 0.096699386505413071 -0.15901036846593786 0.087941666621727338 -0.26892455323660774 -0.12001136680875449 -0.048034987193768801 0.093757278161033394 0.072800313753510482 -0.12944097140394947 0.048722811487027513 -0.16010752081385893 -0.1793821484516234 0.027425530015996104 0.086427306323581712 -0.0096725617644107288 0.092461047643510819 0.010076740311444354
leaf_weight=1100.2531716967005 7.1126165101304712 6.214397942647337 3.2876774659380308 3.5194485923275334 6.4138712137937546 3.0817649848759157 32.048210468143225 6.2888890728354454 3.6370925735391229 25.28221984411357 4.4379025137750423 34.723039960896131 2.8665704596787691 4.8912813104689121 4.1970921870088205 9.6380830651614797 5.5725419279187935 5.6127881332067755 5.7916949689388275 5.6394057869911194 9.5550923217087966 5.6036055269651106 7.6934486562386173 4.1421995535492888 4.2292641308158636 3.5865675574168563 8.8783858050592226 85.439821530831978 6.4379787929356089 184.91752819756221
leaf_count=10118 38 27 19 21 42 17 125 38 34 114 34 185 18 22 28 44 36 34 25 28 59 39 43 25 25 24 33 420 37 1240
internal_value=0.000141641 0.0292783 0.00700532 -0.0259529 0.00877652 -0.000349656 0.00544417 -0.063876 0.00684165 -0.00183095 -0.0587793 0.00317581 -0.174134 0.00743475 -0.0482977 -0.0032244 -0.0221037 -0.0849674 -0.15635 -0.0128742 -0.00165657 -0.0135183 -0.00157177 -0.0482733 -0.0184048 -0.0844812 0.0125347 0.00532151 -0.00251595 0.016749
internal_weight=1600.99 26.548 20.3336 13.221 9.93332 1574.45 474.192 9.37065 464.822 247.856 20.0299 227.826 7.30447 12.7255 7.83418 202.544 92.1496 22.6164 11.3642 11.2522 69.5332 59.9781 54.3745 19.6515 15.5093 7.81583 110.394 100.756 91.8778 216.966
internal_count=12992 147 120 82 63 12845 2727 55 2672 1307 136 1171 52 84 62 1057 523 123 61 62 400 341 302 117 92 49 534 490 457 1365
is_linear=0
shrinkage=0.1


Tree=147
num_leaves=31
num_cat=0
split_feature=36 44 39 16 45 6 22 17 45 7 13 14 22 44 43 22 27 3 27 45 44 18 39 22 10 47 47 50 45 19
split_gain=2.12848 5.16749 6.62731 5.653 5.05679 6.12621 8.04424 7.22367 10.4435 10.6608 7.10241 6.44532 9.65362 6.30213 5.96416 5.7688 5.80417 7.45482 9.07556 8.90077 6.98361 10.5066 13.2357 9.66526 6.86756 6.95953 7.20979 9.94788 9.12597 8.7143
threshold=0.22312842309474948 0.92827278375625621 0.60944941639900219 -0.0022304242011159654 0.53694847226142894 79.525119781494155 26.15371131896973 27.137235641479496 0.55227527022361766 72.672973632812514 18.347709655761722 16.371335983276371 18.217054367065433 0.64489999413490307 0.61250001192092907 43.080461502075202 0.72850000858306896 1.434036433696747 0.79469999670982372 0.65210232138633739 0.80982792377471935 0.077662188559770598 0.74369570612907421 30.158730506896976 0.035190379247069366 0.31696599721908575 0.20921172946691516 0.53766143321990978 0.60940104722976696 4.1667373180389413
decision_type=2 2 2 2 2 2 2 2 2 2 2 2 2 2 2 2 2 2 2 2 2 2 2 2 2 2 2 2 2 2
left_child=1 -1 -3 -4 -2 7 -7 8 13 10 11 -10 -13 -6 -12 16 24 20 -19 -20 21 22 -18 -23 25 26 29 -28 -29 -9
right_child=4 2 3 -5 5 6 -8 15 9 -11 14 12 -14 -15 -16 -17 17 18 19 -21 -22 23 -24 -25 -26 -27 27 28 -30 -31
leaf_value=-0.0069688851401417048 0.011159761212906032 0.064028678348635668 -0.14656290775883779 0.0072999069379966336 -0.21009814306587421 -0.091051697612583415 0.02316506059601868 0.04557206685543605 0.026134993538258874 -0.1388174423157206 0.055525885985581884 -0.0093865077207084952 -0.206023585250243 -0.025269068895586666 -0.034202522316233927 0.04283745464945625 -0.035852857822179174 -0.15925667252323319 -0.00144671725882566 -0.093550030899967163 0.053717781805970269 0.085296438600372324 -0.23279134430937387 -0.091346377982254617 -0.038514083838087271 0.025763154411318292 -0.1400236202760648 -0.1154304684252371 0.0050962099739615919 -0.067195210633869837
leaf_weight=575.40147878859534 431.40922199632041 24.044780462212657 2.7521861189452492 18.039214900985826 3.0749203026061869 6.5274698999710372 111.44789093383588 25.94443609409791 15.911726429891134 3.9786476306617251 62.431834612805687 7.8214469809317944 3.6672798965882976 4.6113628891762346 8.4051064774394018 15.561003731796516 13.689524587971393 8.6943645272403938 21.212473417646834 20.762171229464002 12.350660300347952 9.8025369610404578 4.5458166255484675 4.5285969250835469 60.454514110751916 65.525896648752678 8.7897912968182919 8.0629823897033912 28.444715741788968 9.3125042933970672
leaf_count=6743 3128 135 39 121 26 35 532 153 77 20 300 45 24 22 34 76 100 59 109 111 58 40 34 25 316 336 83 38 111 62
internal_value=0.000160638 -0.00442094 0.0282779 -0.0130671 0.0030693 -0.00332836 0.0168456 -0.00889457 0.0132038 0.021657 0.0281563 -0.0150767 -0.0721544 -0.0992105 0.0448792 -0.0165395 -0.0195978 -0.0399719 -0.0662659 -0.0470043 -0.0103109 -0.0345934 -0.0849469 0.0294778 -0.0101685 0.00156221 -0.0181237 -0.0445175 -0.021523 0.0157866
internal_weight=1597.21 620.238 44.8362 20.7914 976.969 545.56 117.975 427.584 109.902 102.216 98.2374 27.4005 11.4887 7.68628 70.8369 317.682 302.121 95.5861 50.669 41.9746 44.9171 32.5665 18.2353 14.3311 206.535 146.08 80.5544 45.2975 36.5077 35.2569
internal_count=12992 7038 295 160 5954 2826 567 2259 548 500 480 146 69 48 334 1711 1635 536 279 220 257 199 134 65 1099 783 447 232 149 215
is_linear=0
shrinkage=0.1


Tree=148
num_leaves=31
num_cat=0
split_feature=47 27 13 36 50 26 35 21 19 47 23 45 14 3 39 28 18 23 21 13 36 44 16 13 3 11 34 5 39 38
split_gain=2.00727 3.63906 3.33729 3.02654 2.698 3.19317 2.59736 2.56687 3.04748 2.38674 5.04449 5.30841 4.94702 5.77794 4.00872 6.62023 4.21531 3.68187 2.96585 2.92688 2.75128 2.43838 4.37912 2.41791 3.59991 4.28369 6.73241 7.53348 3.39324 3.20396
threshold=0.10641238093376161 0.934200018644333 22.209085464477543 0.28530904650688177 0.35996764898300176 0.82690000534057628 0.67248678207397472 -0.0012694176984950898 4.2343215942382821 0.13599846512079242 0.87147817015647899 0.54545459151268016 47.028867721557624 1.9670417308807375 0.39999999105930334 152898.50000000003 -0.041275475174188607 0.73350083827972423 -0.0055927827488631001 37.744060516357429 0.75003039836883556 0.5000213384628297 -0.002785505610518157 14.322543144226076 0.31618706881999975 0.33268575370311743 0.80762550234794628 0.51736000180244457 0.79999998211860668 0.47359296679496771
decision_type=2 2 2 2 2 2 2 2 2 2 2 2 2 2 2 2 2 2 2 2 2 2 2 2 2 2 2 2 2 2
left_child=1 2 7 6 -5 -6 -4 8 -1 10 11 12 14 -14 15 19 -16 -18 -13 20 -2 22 -12 24 29 -26 27 -27 -29 -11
right_child=9 -3 3 4 5 -7 -8 -9 -10 23 21 18 13 -15 16 -17 17 -19 -20 -21 -22 -23 -24 -25 25 26 -28 28 -30 -31
leaf_value=-0.11774792510717612 -0.11942850839681984 -0.1105217179298482 -0.10734041882092527 -0.10261936893856226 -0.041113947295550124 0.064147995205564051 0.054004440853624935 -0.13840430415213814 0.098217092663859959 -0.16046247760894727 -0.13652008384587108 0.018901338478968327 -0.12216609381977042 0.064025500518977527 -0.10080070975994888 -0.11551157923480426 0.064566476066814121 -0.052538649084998772 -0.13917416159415102 0.11266424591744216 0.10296108466284824 0.090444526958377708 0.097299993946451058 -0.00083150587260217277 0.075272525624502359 0.036280754365425098 0.065047561730504452 -0.19156066442559608 -0.023489582291386771 0.023411470705303888
leaf_weight=1.2525973042520493 1.477176004525971 4.269883369886883 3.5806301457923864 1.4828097112767888 3.8094736238708711 11.835746478987856 1.3831759690219767 3.2212279028899529 1.3658699737279674 1.8843460804782801 1.4498698521638291 1.7408453602110965 5.0019502563300184 2.499547335319221 1.8790298849489762 4.6146660057675035 28.216570202152074 2.9671591370715751 3.7301298125930762 3.0320298609585734 0.8923489674925803 11.975682669057276 1.7897148461634049 1450.0558284551989 14.854458004730985 5.0424974371999287 9.5199650786817056 3.516393178186263 1.8245062106288967 1.9063692434374386
leaf_count=113 68 236 503 34 52 78 36 102 13 14 21 31 136 14 64 245 200 30 104 22 4 57 22 10534 79 38 42 51 14 35
internal_value=0.000171319 -0.0245419 -0.0113981 0.00637354 0.0262991 0.0385176 -0.0623813 -0.0786292 -0.00509418 0.000681489 0.0185589 0.00469735 0.0148185 -0.0601259 0.0278688 -0.0275539 0.0446589 0.0534238 -0.0888751 0.0475903 -0.0356779 0.0696233 -0.00734573 -0.000174389 0.0245439 0.0346359 0.00430765 -0.0513814 -0.134146 -0.0679914
internal_weight=1592.07 32.2014 27.9315 22.0918 17.128 15.6452 4.96381 5.8397 2.61847 1559.87 71.2667 56.0515 50.5805 7.5015 43.079 10.0162 33.0628 31.1837 5.47098 5.40155 2.36952 15.2153 3.23958 1488.6 38.5485 34.7578 19.9034 10.3834 5.3409 3.79072
internal_count=12992 1167 931 703 164 130 539 228 126 11825 1018 918 783 150 633 339 294 230 135 94 72 100 43 10807 273 224 145 103 65 49
is_linear=0
shrinkage=0.1


Tree=149
num_leaves=31
num_cat=0
split_feature=11 2 28 15 1 16 23 44 28 35 6 33 4 38 4 50 7 28 17 9 51 27 34 39 0 3 21 40 9 4
split_gain=2.00079 4.16388 5.56657 5.73135 4.30106 3.2071 4.11393 3.42893 7.61238 3.20343 4.55935 4.17177 9.00151 8.86254 8.79173 7.755 6.81836 6.32188 7.11163 6.93144 6.15961 6.78449 6.00793 5.888 7.11037 7.63524 7.0474 4.89903 7.904 7.59417
threshold=0.053343752399086959 0.077151671051979079 8707654.5000000019 -0.014650790486484764 0.076128855347633376 -0.14761332422494886 0.10437605157494546 0.46047610044479376 111025.50000000001 0.59847775101661693 23.540524482727054 0.54369556903839122 0.88501346111297619 0.37584860622882849 1.3136762976646426 0.58519470691680919 75.998130798339858 2641925.0000000005 35.31932449340821 -0.012042047921568154 0.59724771976470958 0.54420000314712536 0.6507343351840974 0.24338328093290332 0.16852810978889468 2.1929969787597661 0.01343187363818288 0.25000000745058065 -0.033333333209156983 0.26405051350593572
decision_type=2 2 2 2 2 2 2 2 2 2 2 2 2 2 2 2 2 2 2 2 2 2 2 2 2 2 2 2 2 2
left_child=1 4 5 -4 -1 7 -7 -3 -9 10 -2 27 13 -13 -14 -16 23 19 -19 22 21 -21 -15 26 25 -25 -17 29 -29 -12
right_child=9 2 3 -5 -6 6 -8 8 -10 -11 11 12 14 17 15 16 -18 18 -20 20 -22 -23 -24 24 -26 -27 -28 28 -30 -31
leaf_value=-0.011990456082838248 -0.10200698239312556 0.038745923524903879 0.0075086924907764091 -0.16725300264483467 -0.17352766487471416 -0.049333208749756385 0.059590758121769088 0.033241469562202627 -0.11390799384771583 0.0030235588445126781 -0.067907706924050154 0.079456980119590404 0.038710803835366805 -0.092327648101385232 -0.11719237369335288 0.02695589396663034 -0.097023484613761202 -0.20420168865646937 -0.049028271375707207 -0.16050411274997781 -0.14339921158225094 -0.01246214543329349 0.044230961669037255 0.034798387819032342 0.081459487987549914 -0.12865877516541513 -0.18120088565417192 -0.059100731308276692 0.041117376555049427 -0.0018267885451613145
leaf_weight=7.5477771574751369 4.9501699288084628 15.73823809809983 5.1408002818352543 2.9553818674758059 2.1087933074159082 3.8241257361951275 37.175983163586352 8.3440593264531326 6.0754016903229049 906.8965654604508 18.266834290870975 4.9046070944168596 35.513639421369589 4.3873799296270581 7.9440668288370935 3.3306078633759162 7.2096535139717153 5.8398398729477758 5.9756488043367426 3.8731707187253148 8.7341804917086829 15.420063414239847 12.125998906529274 8.0992397527152225 13.662881378084419 4.4156927578151217 3.1788375244650524 9.3037934413659951 51.052453532221989 362.78125212127816
leaf_count=140 290 108 39 30 50 45 229 41 36 5407 213 25 264 159 168 19 39 88 91 103 106 250 112 45 39 25 22 176 745 3888
internal_value=0.000155543 0.0147303 0.0222843 -0.0562853 -0.0472668 0.0312237 0.0494313 0.00647014 -0.0287575 -0.000709589 -0.00643844 -0.00563116 -0.0203718 -0.0494738 0.00101659 -0.0269648 -0.0089992 -0.0606945 -0.125723 -0.0434441 -0.0737243 -0.042182 0.0079492 0.0104158 0.03158 -0.0228748 -0.0746959 -0.000801763 0.025669 -0.0049946
internal_weight=1586.78 88.9106 79.254 8.09618 9.65657 71.1578 41.0001 30.1577 14.4195 1497.87 590.97 586.02 144.616 61.2609 83.3546 47.841 39.8969 56.3563 11.8155 44.5408 28.0274 19.2932 16.5134 32.6873 26.1778 12.5149 6.50945 441.404 60.3562 381.048
internal_count=12992 718 528 69 190 459 274 185 77 12274 6867 6577 1555 934 621 357 189 909 179 730 459 353 271 150 109 70 41 5022 921 4101
is_linear=0
shrinkage=0.1


Tree=150
num_leaves=31
num_cat=0
split_feature=36 47 1 8 3 2 48 14 0 3 6 9 7 11 44 26 3 38 16 26 3 1 10 11 16 33 8 48 12 23
split_gain=2.06379 3.82132 5.8621 6.15161 6.23464 6.85292 8.05951 6.24312 5.88955 5.21523 5.53645 5.15145 4.64448 6.301 4.10131 4.30389 3.86109 3.759 3.67594 3.24863 4.63898 3.08666 5.41793 8.94329 9.13299 8.53014 6.95918 6.79338 5.83122 5.49443
threshold=0.83364582061767589 0.38859400153160101 0.24854810535907748 73.134792327880874 6.0856063365936288 0.11754764243960382 0.35000000894069677 24.058200836181644 0.26570391654968267 4.8294742107391366 68.647136688232436 0.082101427018642439 74.681163787841811 0.93003889918327343 0.67684799432754528 0.59760001301765453 0.37737616896629339 0.56934484839439403 0.32941187918186193 1.7254000306129458 7.3754191398620614 0.13273513317108157 0.039072684943676002 0.94100424647331249 0.003420872963033617 0.67093470692634594 66.666667938232436 0.25000000745058065 17.500000000000004 0.8121323585510255
decision_type=2 2 2 2 2 2 2 2 2 2 2 2 2 2 2 2 2 2 2 2 2 2 2 2 2 2 2 2 2 2
left_child=21 9 3 4 5 7 8 -3 11 16 19 -7 13 14 15 -4 -2 -18 -14 20 -11 22 26 24 -24 29 -1 28 -28 -26
right_child=1 2 12 -5 -6 6 -8 -9 -10 10 -12 -13 18 -15 -16 -17 17 -19 -20 -21 -22 -23 23 -25 25 -27 27 -29 -30 -31
leaf_value=-0.0012290505874863586 -0.050871498179305252 -0.06658479347140922 0.055782205328483492 -0.13803241918635531 0.051980578410871607 -0.014026881175376369 -0.18906434550427112 0.070671365620533708 0.090372520974784473 -0.15037979072886673 0.028686012137101025 -0.16977885923438221 0.10362582034223598 -0.12522011850039713 0.077874635519870061 -0.11139869514487394 0.046517780346803893 -0.046114573464175079 -0.0096496048394042015 0.022294404144190951 -0.0093244098364720224 0.0020719438508176031 -0.014821346617388965 0.0084957244351853197 -0.13172747113202365 -0.27551589912207025 -0.059034493804102098 -0.16793584030979289 0.11045619250715362 0.024785441676379957
leaf_weight=381.47259325865343 4.9008934209123245 5.7318712696433085 2.8421340128406936 4.7251506336033335 9.7866810921404959 5.2454791395575757 5.0042528938502064 7.8556517523538787 2.7575255531119174 5.6592157986015099 13.513170126825569 3.567995697259903 9.6285988138697558 3.6285473208408794 6.7422033529728651 3.360762286465615 70.285478623467498 4.6719249328598371 4.0782232582569113 3.332360981963574 3.9651410450460389 949.67198736466162 12.632284782725039 21.82253997058433 8.5822669415138062 3.1864815186709157 11.340601716023231 4.695026064378907 2.4724085976486085 3.0365632758475831
leaf_count=5129 35 32 15 24 72 34 29 51 22 34 60 21 55 22 41 28 368 32 25 15 25 5925 125 198 206 25 240 51 22 31
internal_value=0.000142155 0.0101812 -0.00711103 -0.0301348 -0.0173729 -0.0398755 -0.0830316 0.0127701 -0.0371743 0.0223712 -0.0160965 -0.0770806 0.0268574 -0.00875876 0.0238857 -0.0347973 0.0351218 0.0407442 0.0699227 -0.0628023 -0.0922664 -0.00115879 -0.00798841 -0.0392815 -0.0772812 -0.130574 -0.00413447 -0.0640185 -0.0286971 -0.0908231
internal_weight=1580.2 181.283 74.9551 44.6746 39.9495 30.1628 16.5753 13.5875 11.571 106.328 26.4699 8.81347 30.2805 16.5736 12.9451 6.2029 79.8583 74.9574 13.7068 12.9567 9.62436 1398.91 449.241 49.2601 27.4376 14.8053 399.981 18.508 13.813 11.6188
internal_count=12992 1040 471 285 261 189 106 83 77 569 134 55 186 106 84 43 435 400 80 74 59 11952 6027 585 387 262 5442 313 262 237
is_linear=0
shrinkage=0.1


Tree=151
num_leaves=31
num_cat=0
split_feature=34 6 18 15 44 7 12 3 8 5 26 16 26 6 5 2 2 26 44 19 39 47 5 45 4 39 45 6 17 45
split_gain=1.95228 4.59991 5.54626 7.33663 18.4802 10.2112 7.90407 5.04068 5.501 5.62613 6.50471 6.01024 5.75502 7.59352 6.84596 5.13634 5.96546 4.9873 5.74957 8.90151 8.20709 9.04226 6.22216 8.05295 11.4158 6.58952 5.17208 5.12132 4.87395 4.85769
threshold=0.99998527765274059 65.013072967529311 0.00053589438903145503 0.0012695532641373577 0.75633391737937938 62.736249923706062 11.500000000000002 4.124321937561036 43.521415710449226 0.57819020748138439 0.22954999655485156 -0.0098506580106914026 1.4907500147819521 66.97434234619142 0.63268595933914196 0.23229172080755237 0.31332887709140783 1.3390499949455263 0.82212537527084362 1.3028233647346499 0.51724138855934154 0.53721311688423168 1.099310100078583 0.55227527022361766 1.0002848505973818 0.41012820601463323 0.90687859058380138 80.637287139892592 29.205474853515629 0.29974554479122167
decision_type=2 2 2 2 2 2 2 2 2 2 2 2 2 2 2 2 2 2 2 2 2 2 2 2 2 2 2 2 2 2
left_child=-1 28 -3 4 5 -4 -6 8 -5 -10 -11 -12 13 -13 -15 -14 -17 18 19 20 21 -16 -20 -24 -25 -26 -27 -21 -2 -30
right_child=1 2 3 7 6 -7 -8 -9 9 10 11 12 15 14 17 16 -18 -19 22 27 -22 -23 23 24 25 26 -28 -29 29 -31
leaf_value=-0.0018211724159655806 0.083076292901538576 0.10096751111171834 -0.086790278270269916 -0.095925849325296131 0.041186051599567189 -0.34439804371966209 -0.13765114829708111 0.049304967370400798 0.028402307556393638 0.060182043645684427 -0.1200988678752726 -0.15610215830063523 0.050547846436363723 -0.14054991588978774 -0.12547014310829627 -0.098974225963192955 0.018943838789250218 -0.10360308876376037 -0.092809788906813087 0.076959444671250807 0.033411540729580011 0.0016764191264266202 0.093048323211036316 -0.16568630772865214 -0.087814440712726746 -0.018797542569897636 0.093767039712055536 -0.016665282900713712 -0.12463584073832051 0.02345711702682551
leaf_weight=1200.8189950262622 14.139826466329394 5.516613543033599 3.448096344247463 5.8327638171613208 11.722415305674074 2.7787216380238533 3.1315575297921887 22.607296619564295 62.548401843756437 13.800656624138353 4.9150306619703761 3.9101430862210682 26.927768082357943 4.1743320412933818 10.674360402859749 6.0772215500474003 14.590575724840162 5.4759148657321921 12.683875594288109 22.637379450723532 16.916017743758857 11.750448081642388 6.1288066022098056 5.3016565553844002 6.5629023723304298 9.3067544624209422 7.2708547692745915 7.8750113714486352 2.3319474169984451 44.14219656586647
leaf_count=11216 115 26 26 32 70 19 29 129 261 43 32 23 93 20 53 27 62 27 59 76 58 57 15 28 30 39 32 36 15 244
internal_value=0.000146145 0.00644284 0.00158229 -0.000191765 -0.0571378 -0.201748 0.00348308 0.00397699 0.000115289 0.00227377 -0.00602302 -0.0110109 -0.00800316 -0.0188472 -0.0146132 0.0217679 -0.0157291 -0.0103247 -0.00596307 0.0122614 -0.0191766 -0.0588462 -0.0329029 -0.0109234 -0.0333275 -0.00300318 0.0305727 0.0527956 0.0316674 0.0160262
internal_weight=1576 375.18 314.566 309.049 21.0808 6.22682 14.854 287.968 265.361 259.528 196.98 183.179 178.264 130.668 126.758 47.5956 20.6678 122.584 117.108 69.8532 39.3408 22.4248 47.2549 34.571 28.4422 23.1405 16.5776 30.5124 60.614 46.4741
internal_count=12992 1776 1402 1376 144 45 99 1232 1103 1071 810 767 735 553 530 182 89 510 483 280 168 110 203 144 129 101 71 112 374 259
is_linear=0
shrinkage=0.1


Tree=152
num_leaves=31
num_cat=0
split_feature=19 6 6 24 39 13 17 37 12 8 44 13 43 38 4 47 15 13 6 5 1 6 11 45 36 17 33 33 1 24
split_gain=1.99641 4.78027 6.19298 3.97104 7.60673 5.66885 5.97866 5.35206 4.99634 4.70902 4.469 4.42571 5.10636 4.29151 4.21133 4.38397 4.04989 4.02448 3.9761 3.89548 3.6042 3.57815 3.2894 4.59133 3.25149 3.22673 3.07437 6.29994 4.56318 4.71159
threshold=-1.7951323986053465 71.671482086181655 71.115810394287124 0.038461543619632728 0.097864087671041503 61.360139846801765 63.318199157714851 0.5665261745452882 7.5000000000000009 77.672161102294936 0.58800622820854198 72.965297698974624 0.61250001192092907 0.5000000298023225 2.5024039745330815 0.4439052045345307 -0.045134106650948518 33.71879959106446 50.34149360656739 3.5367261171340947 0.50745853781700145 61.952526092529304 0.92337784171104442 0.53535959124565136 0.083075337111949935 69.842422485351577 0.9035206437110902 0.91417062282562267 0.54351353645324718 0.12305764853954317
decision_type=2 2 2 2 2 2 2 2 2 2 2 2 2 2 2 2 2 2 2 2 2 2 2 2 2 2 2 2 2 2
left_child=1 2 3 7 20 9 21 10 -9 14 13 -8 -13 -1 16 -16 17 -6 -19 -18 -5 -7 23 -3 -24 -12 -2 -28 29 -29
right_child=26 22 -4 4 5 6 11 8 -10 -11 25 12 -14 -15 15 -17 19 18 -20 -21 -22 -23 24 -25 -26 -27 27 28 -30 -31
leaf_value=0.022408254011220971 -0.00061238732671337146 -0.098527008170936237 -0.21806490570995712 -0.1195937834823103 -0.097783321969786105 -0.093427474528849655 0.025536449486831987 -0.2260622988812836 0.023826327897782558 -0.12732044408772253 0.057457157535737852 -0.15795508090372512 0.038104547904269537 -0.062641849517118667 -0.12881501401630344 0.03079155505962097 0.03949622458050369 0.041917150422987513 -0.15234572308926111 -0.12635657449811707 0.014263212935962069 -0.29273792756270478 -0.03393485964684325 0.038752216621120064 0.067439097408063933 -0.045366298788849707 -0.14482097164726299 -0.076254140235034309 0.08960636285410363 0.026969654057731593
leaf_weight=20.057745545942456 1321.2813243474557 3.701007739058694 1.2709110938885704 8.355561537689935 4.911353690426032 3.0889907124219489 8.9956743553484539 1.646878598534385 1.5561983684019649 2.356282227781775 37.036491555940302 3.6609237656230098 2.0849866984208347 8.4247182932085689 3.8773154042428351 3.0943700571660884 55.463889290782397 7.6297048457563488 1.222409409296233 1.4532764955365554 2.6493358262814573 1.2715039197355507 3.5737548164324862 7.1294249133206904 27.591738741379231 3.3260394867684218 4.3688027157331843 10.69709383876762 3.6005721762776366 7.5378179335966697
leaf_count=166 9619 42 13 234 197 59 84 27 17 84 322 73 22 365 51 21 955 198 20 31 22 7 31 32 104 33 31 79 17 36
internal_value=0.000172129 0.00888232 0.00191473 0.00344947 -0.00849338 0.000264674 -0.0486811 0.0217025 -0.104655 0.0119505 0.0275814 -0.0182542 -0.086812 -0.00274839 0.0161765 -0.0579739 0.0234905 -0.0251871 0.0150909 0.0352615 -0.0873688 -0.151546 0.0393162 -0.00815925 0.0558145 0.0489841 -0.00128506 -0.0352028 -0.0132707 -0.0335842
internal_weight=1572.92 225.43 183.435 182.164 110.116 99.1107 19.1021 72.0481 3.20308 80.0086 68.845 14.7416 5.74591 28.4825 77.6523 6.97169 70.6806 13.7635 8.85211 56.9172 11.0049 4.36049 41.9959 10.8304 31.1655 40.3625 1347.49 26.2043 21.8355 18.2349
internal_count=12992 3210 3001 2988 2058 1802 245 930 44 1557 886 179 95 531 1473 72 1401 415 218 986 256 66 209 74 135 355 9782 163 132 115
is_linear=0
shrinkage=0.1


Tree=153
num_leaves=31
num_cat=0
split_feature=36 6 37 23 23 27 17 6 45 23 0 37 1 36 27 18 36 50 44 24 24 47 44 15 43 26 28 6 43 36
split_gain=1.97984 7.23956 6.76583 5.09818 5.98256 11.6447 7.74399 4.95581 4.9689 5.28109 5.25792 5.32819 5.31394 7.08032 4.72808 4.69759 6.08358 5.63405 4.59815 4.57777 9.76696 5.61472 4.24794 5.02544 9.56564 4.50305 4.69141 4.94329 5.05483 4.31351
threshold=0.47338382899761206 93.952312469482436 0.56066459417343151 0.052098516374826438 0.078837092965841307 0.91290000081062328 26.775094985961918 80.239734649658217 0.49197413027286535 0.015504808630794288 0.44747185707092291 0.47490753233432775 0.10436908155679704 0.53117269277572643 0.62584999203681957 0.01581396255642176 0.91567131876945507 0.66558155417442333 0.89004826545715343 0.76424270868301403 0.71428576111793529 0.55992993712425243 0.95404738187789928 0.028457182459533218 0.56250000000000011 0.092349998652935042 16358.000000000002 82.733642578125014 0.38750000298023229 0.41107961535453802
decision_type=2 2 2 2 2 2 2 2 2 2 2 2 2 2 2 2 2 2 2 2 2 2 2 2 2 2 2 2 2 2
left_child=3 2 7 -1 5 6 -5 8 10 -10 11 -2 13 -13 -11 16 17 -16 -8 20 22 -21 25 24 -24 -6 27 28 -27 -30
right_child=1 -3 -4 4 19 -7 18 -9 9 14 -12 12 -14 -15 15 -17 -18 -19 -20 21 -22 -23 23 -25 -26 26 -28 -29 29 -31
leaf_value=0.019789408043357021 -0.038052704778586521 -0.13161203693357038 -0.0039900249910817965 0.032157930228896132 0.06405185595938781 0.090039607630676755 -0.16271852820851795 0.064835154293026234 -0.13532683284397215 0.027927370363676093 -0.079686794032689773 -0.13275418836420405 0.078782392707685583 0.040656782341214719 -0.04529841180338838 0.0043977329557360126 0.020058907401937529 -0.19740722161502644 -0.024385260428980662 -0.12846596396941232 0.083507677517290033 0.095282534542090846 -0.16575873870366828 0.055630625225259883 0.043662852983097127 -0.091728494979884972 -0.0082699255459143996 -0.1129053283681313 0.024086238625251083 -0.055733499047969329
leaf_weight=97.594482113625418 6.7043557968281666 3.7980336174368849 244.16146005818155 3.8005847576278091 9.4014345319155819 4.3261105868732548 10.090394495826329 22.832743657752872 2.7131674007978281 50.928214971616399 3.5570052424445739 2.8949527249205849 34.431752066826448 12.612161786528302 5.9817370731398132 39.026150137477089 5.9820666692685327 4.1069434080272913 3.153922770638018 5.5950640292576272 13.04587765978067 1.4026885556522755 3.365285201740333 24.126162967877463 6.1981886467256118 4.2470367399509987 819.90432149632034 3.0732121821492902 112.56299392815708 7.2036095872754222
leaf_count=1057 69 26 1227 78 90 22 143 96 21 296 31 23 173 76 51 193 36 23 12 115 71 7 52 115 68 100 7511 21 1146 43
internal_value=0.000160749 0.00585321 0.00705086 -0.00205621 -0.00412312 -0.0564813 -0.0936693 0.021108 0.0151981 0.00243745 0.0382474 0.0456533 0.0568909 0.00828348 0.00596281 -0.0143399 -0.0598423 -0.10722 -0.129777 -0.00301539 -0.00245312 -0.0836159 -0.00358579 0.031314 -0.0300304 -0.00481516 -0.00549886 0.0123788 0.0154835 0.0192853
internal_weight=1568.82 439.731 435.933 1129.09 1031.5 21.371 17.0449 191.771 168.939 108.738 60.2002 56.6432 49.9389 15.5071 106.025 55.0969 16.0707 10.0887 13.2443 1010.13 1003.13 6.99775 990.082 33.6896 9.56347 956.393 946.991 127.087 124.014 119.767
internal_count=12992 2341 2315 10651 9594 255 233 1088 992 620 372 341 272 99 599 303 110 74 155 9339 9217 122 9146 235 120 8911 8821 1310 1289 1189
is_linear=0
shrinkage=0.1


Tree=154
num_leaves=31
num_cat=0
split_feature=12 16 43 45 38 13 5 34 28 7 12 45 3 27 11 5 35 47 19 6 24 35 15 3 34 51 1 10 5 4
split_gain=2.03081 5.68008 7.87155 6.10964 5.21409 5.45953 4.91651 10.0344 8.95704 8.2481 7.62051 6.26665 5.56815 6.25269 6.57283 10.3721 6.00277 4.90978 4.70633 6.56377 4.59239 4.55061 4.38724 7.67583 5.4343 10.021 6.52637 5.76879 5.1193 4.98328
threshold=9.5000000000000018 0.15749528259038928 0.58750000596046459 0.54778596758842479 0.45683746039867407 40.023300170898445 0.50710400938987743 0.75988599658012401 84352.000000000015 24.571872711181644 19.500000000000004 0.44959180057048803 0.56182417273521434 0.91290000081062328 0.52500480413436901 0.41470256447792059 0.83315488696098339 0.16099320352077487 8.5841622352600115 82.733642578125014 0.080459769815206542 0.69469645619392406 -0.01295689959079027 4.124321937561036 0.93221089243888866 0.68789851665496837 0.18530620634555819 0.031255848705768592 1.1923387050628664 0.26405051350593572
decision_type=2 2 2 2 2 2 2 2 2 2 2 2 2 2 2 2 2 2 2 2 2 2 2 2 2 2 2 2 2 2
left_child=-1 6 4 -4 -3 -6 7 8 17 -10 11 -11 -9 14 16 20 21 -2 19 22 -16 -14 23 24 25 26 27 -8 29 -24
right_child=1 2 3 -5 5 -7 18 12 9 10 -12 -13 13 -15 15 -17 -18 -19 -20 -21 -22 -23 28 -25 -26 -27 -28 -29 -30 -31
leaf_value=-0.0016455455148829371 -0.092926280361287861 0.045502696864140671 -0.016260876216048308 -0.22879652896548708 -0.16511392616329795 0.027358884390105909 -0.013743445662260462 0.067937053937155059 0.05470787532936279 -0.15489779688571792 -0.2212674056153765 -0.025220348870719764 0.02326476797178656 0.10811970639456905 -0.2255428906558915 0.045589376729950108 0.088469960520375257 0.032386147719327345 0.071717121151102139 -0.088176417637073776 -0.067163792094654659 -0.10523375452052841 -0.082978222814584709 -0.16256140357836918 0.074288356272504505 -0.21896194908307934 0.055153853710116524 -0.17886541004883061 0.004513718016372464 0.052347676998788485
leaf_weight=1249.8548116834099 3.9150411406135417 8.4593490903498623 2.246304602638701 3.3993798868032172 3.2105831759763523 2.724180492296 26.035466795361575 17.395749065239215 3.6279839733470025 6.0949000068649211 4.6587112804918425 9.5901812156444048 7.1592813289607928 4.5621357052586964 3.7902968970593047 4.3701068758964539 7.5105899525806299 15.525582692784154 16.095200705807656 5.9303192426450542 3.5413845050206874 4.4808683006558567 2.8351113774406249 2.8960608914494506 9.2622648477554304 2.1800083499401799 14.590823826554695 2.302952431025914 47.776309432323615 67.699528683999233
leaf_count=10138 130 53 28 26 59 38 420 97 51 113 129 107 43 19 28 23 52 153 90 32 28 33 37 19 48 16 82 37 393 470
internal_value=0.00016037 0.00735174 -0.0441597 -0.144233 -0.00490883 -0.0767649 0.010865 -0.00767214 -0.0432893 -0.0841947 -0.108966 -0.0756103 0.0216067 -0.00115088 -0.0173086 -0.0763556 0.0187712 0.00715016 0.0198916 0.015296 -0.149042 -0.0262007 0.0187908 -0.00392969 0.00451972 -0.00980584 0.000815402 -0.0271623 0.0297885 0.0469083
internal_weight=1563.72 313.867 20.0398 5.64568 14.3941 5.93476 293.827 96.2228 43.4124 23.9718 20.3438 15.6851 52.8104 35.4147 30.8525 11.7018 19.1507 19.4406 197.604 181.509 7.33168 11.6401 175.579 57.2676 54.3715 45.1093 42.9292 28.3384 118.311 70.5346
internal_count=12992 2854 204 54 150 97 2650 1006 683 400 349 220 323 226 207 79 128 283 1644 1554 56 76 1522 622 603 555 539 457 900 507
is_linear=0
shrinkage=0.1


Tree=155
num_leaves=31
num_cat=0
split_feature=1 26 37 2 10 8 26 3 0 11 26 22 40 5 33 13 7 47 50 21 7 27 18 8 6 47 39 23 6 4
split_gain=1.93873 3.16261 6.42022 3.30983 3.30377 2.48155 6.06366 4.18639 4.06042 2.96963 6.88736 3.02089 7.74518 14.8555 12.9082 13.4313 5.73613 6.31638 4.74728 3.90109 3.74604 4.14501 10.3893 5.007 3.64536 3.61796 3.33696 5.76413 3.12835 6.46616
threshold=0.6125236749649049 1.0563500523567202 0.50116157531738292 1.0283110141754153 -0.049988428130745881 90.047039031982436 1.9599000215530398 1.7924333810806277 0.29279066622257238 1.3283296823501589 0.82690000534057628 44.308319091796882 1.0000000180025095e-35 1.2338919639587405 0.53496050834655773 60.041721343994148 89.683650970458999 0.45172397792339331 0.67237922549247753 0.13416395336389544 83.775657653808608 0.73149999976158153 0.050946099683642394 76.22299957275392 82.733642578125014 0.42865166068077093 0.6250000298023225 0.26666671037673956 66.30344390869142 0.37871877849102026
decision_type=2 2 2 2 2 2 2 2 2 2 2 2 2 2 2 2 2 2 2 2 2 2 2 2 2 2 2 2 2 2
left_child=5 3 -3 -2 -4 9 7 8 -7 11 -11 16 18 14 -14 -16 19 -18 -13 20 28 22 -22 -24 -20 -26 27 -27 -1 -30
right_child=1 2 4 -5 -6 6 -8 -9 -10 10 -12 12 13 -15 15 -17 17 -19 24 -21 21 -23 23 -25 25 26 -28 -29 29 -31
leaf_value=0.0029350740742193405 0.041780311874848881 -0.1237166382640657 0.11213811230790297 -0.057245761980780602 -0.019192378732040011 -0.032596962749008342 0.091316258859937785 0.031439592575771676 -0.18550851333146767 -0.12877236291798719 0.021972032637026153 -0.084491978221884215 0.056496785875731363 0.078626239087634525 -0.32483418320793134 -0.06038128257952792 -0.0036515307612943696 -0.17253817123123072 0.077107021746345011 -0.09964422923837632 -0.14763394802192323 0.066748977707789661 0.084818881331764573 -0.033558652395006813 -0.033820928986764656 0.067048083199224048 0.076931156176948803 -0.061410261564321278 0.022878107579426404 -0.011127875173724374
leaf_weight=836.46907648114029 36.644506941316649 4.3138723061420015 2.9254531171172848 3.71768949413672 5.5483313780277959 3.0074176539274031 2.5505018390249452 2.4167108703404665 4.1094981397036463 5.7532620644778927 6.4052707213559188 3.0584521595519609 3.2772154768026684 6.7330424437532193 3.5124705053167418 4.2374476194381714 4.8540693322865973 4.0724219679832458 20.469152432633564 3.940213319961912 3.8386200306413256 17.487831223552348 8.834756742406169 5.9993972649099296 8.2652872502803785 7.524247460067274 13.582297587767242 6.5199080109596252 63.749498773686355 455.04739010951926
leaf_count=9188 213 35 15 36 37 37 12 10 40 37 44 35 19 26 23 20 27 21 99 33 31 67 31 28 38 34 91 37 337 2291
internal_value=0.000158442 0.0189289 -0.0244086 0.0326592 0.0261476 -0.000504131 -0.0456381 -0.0822771 -0.120892 -0.000138978 -0.0493583 0.000264968 0.0195268 -0.0384167 -0.109882 -0.180238 -0.000793659 -0.0807006 0.0368459 -0.000282475 -1.1048e-06 0.031764 -0.00100082 0.0369433 0.0434304 0.0242245 0.0415905 0.00741213 -0.000848648 -0.00694924
internal_weight=1558.87 53.1499 12.7877 40.3622 8.47378 1505.72 12.0841 9.53363 7.11692 1493.63 12.1585 1481.47 77.1795 17.7602 11.0271 7.74992 1404.29 8.92649 59.4193 1395.37 1391.43 36.1606 18.6728 14.8342 56.3609 35.8917 27.6265 14.0442 1355.27 518.797
internal_count=12992 336 87 249 52 12656 99 87 77 12557 81 12476 422 88 62 43 12054 48 334 12006 11973 157 90 59 299 200 162 71 11816 2628
is_linear=0
shrinkage=0.1


Tree=156
num_leaves=31
num_cat=0
split_feature=34 28 16 35 22 48 8 1 3 3 4 4 45 9 0 0 13 3 18 38 39 19 21 36 44 7 35 44 27 4
split_gain=1.997 4.13173 6.47242 6.24672 9.14829 12.0487 9.16425 7.65307 7.4747 9.5509 6.68462 8.67088 6.21599 7.0723 6.68779 7.27203 5.37912 4.78987 6.06261 6.23658 9.20029 9.55847 10.9973 9.55021 6.23182 4.42517 7.65031 5.75441 4.60256 4.32136
threshold=0.99998527765274059 1863620.0000000002 0.39606457948684698 0.6615494191646577 32.408777236938484 1.0000000180025095e-35 47.368421554565437 0.19955822825431827 0.89488399028778087 1.0618003606796267 4.1040916442871103 2.8848942518234257 0.8955654799938203 0.13935850560665133 0.33989763259887701 0.26336938142776495 55.443096160888679 2.5471889972686772 0.33494836091995245 0.4407558292150498 0.59435611963272106 -0.80207809805870045 0.066304162144660964 0.33003412187099462 0.78119266033172619 72.141082763671889 0.75996828079223644 0.70347315073013317 0.78760001063346874 1.5078973770141604
decision_type=2 2 2 2 2 2 2 2 2 2 2 2 2 2 2 2 2 2 2 2 2 2 2 2 2 2 2 2 2 2
left_child=-1 17 3 4 5 -3 -7 -5 16 -10 11 12 13 14 15 -11 -9 18 -2 20 21 -20 23 -23 -22 26 -21 -27 -29 -8
right_child=1 2 -4 7 -6 6 29 8 9 10 -12 -13 -14 -15 -16 -17 -18 -19 19 25 24 22 -24 -25 -26 27 -28 28 -30 -31
leaf_value=-0.0018320241073965873 0.025455488117107395 0.051009158605340325 -0.11291314329625918 0.04378256779916008 0.030806540245926824 0.018594328164512022 -0.23396250692208437 -0.038642057066927471 -0.15291898056444253 0.019975911606259535 0.10387409199400875 -0.15528594373597571 0.09211785890018985 -0.1410212560857165 0.037872970922135582 -0.12980316428276695 0.055139732156529592 0.048279285076259254 0.016611295599524688 -0.13487077000679762 -0.08139291106216287 -0.16052930256073092 -0.22975143407078558 0.038681573389846721 0.055601060182624 0.08900540397601267 0.032750947242562063 0.041877634125203615 -0.0703758006568143 -0.10409094593302218
leaf_weight=1186.9795921245986 96.843856211286038 4.7159027475863757 5.435908949468284 40.137002306059003 10.429580463096498 3.0288230124860993 6.0400282517075521 8.4093910316005367 5.8531017601490012 5.9927725866436976 4.142796002328395 4.8316831402480593 4.8955057989805928 4.7837628405541173 14.349339626729487 7.0608399361371994 22.427442446351051 37.213879962917417 6.8910778760910061 4.6393826045095903 4.6310231275856522 4.6810449659824354 6.0949410609900943 4.9526313878595829 11.734539117664097 12.25610817037523 6.5910474229604006 9.1225785855203849 6.0915916822850695 4.4494736902415752
leaf_count=11216 479 17 30 176 37 18 34 33 28 24 22 26 29 29 65 36 72 232 31 22 31 20 34 21 46 46 40 45 34 19
internal_value=0.000164873 0.00659314 -0.00570082 -0.00185518 -0.0438922 -0.0866183 -0.13463 0.00795036 -0.00943037 -0.0325954 -0.0173041 -0.0292814 -0.0128634 -0.0288308 -0.00924558 -0.0610412 0.0295649 0.0157077 0.00876265 -0.0120468 -0.0402768 -0.081598 -0.124626 -0.0581159 0.0168354 0.0163908 -0.036495 0.0380117 -0.00306745 -0.178873
internal_weight=1555.71 368.727 156.983 151.547 28.6638 18.2342 13.5183 122.884 82.7466 51.9098 46.0567 41.9139 37.0822 32.1867 27.403 13.0536 30.8368 211.744 174.53 77.686 38.9853 22.6197 15.7286 9.63368 16.3656 38.7007 11.2304 27.4703 15.2142 10.4895
internal_count=12992 1776 695 665 125 88 71 540 364 259 231 209 183 154 125 60 105 1081 849 370 183 106 75 41 77 187 62 125 79 53
is_linear=0
shrinkage=0.1


Tree=157
num_leaves=31
num_cat=0
split_feature=34 33 17 3 1 39 39 19 37 20 22 35 18 34 33 45 28 38 4 44 15 26 50 16 44 20 34 1 7 51
split_gain=1.93101 6.33398 5.15918 5.42807 5.35135 4.06793 4.19631 3.57124 3.54096 3.49768 10.0713 9.18129 6.22326 4.81626 4.8097 4.68429 5.09401 5.15738 5.14458 4.83386 4.74587 6.36707 5.88576 6.42005 5.01 4.60401 4.64709 5.47436 4.71801 5.11873
threshold=0.37029887735843664 0.44856375455856329 24.125359535217289 1.7493435144424441 0.12001232802867891 0.17500000447034839 0.022347067482769493 0.25126942992210394 0.66036173701286327 2.5000000000000004 48.024578094482429 0.51487553119659435 0.00067521547316573571 0.55906102061271679 0.52473884820938121 0.49061463773250585 16358.000000000002 0.42187722027301794 1.2937711477279665 0.37567366659641271 -0.028481132350862023 5.9500000476837167 0.59207957983016979 -0.017806023359298703 0.89004826545715343 1.0000000180025095e-35 0.79805731773376476 0.084268689155578627 56.099573135375984 0.19710796326398852
decision_type=2 2 2 2 2 2 2 2 2 2 2 2 2 2 2 2 2 2 2 2 2 2 2 2 2 2 2 2 2 2
left_child=1 2 -1 4 -4 6 -6 -7 -3 10 11 13 25 14 15 16 -2 18 -18 -19 21 -17 23 -22 -25 -13 27 -27 29 -29
right_child=9 8 3 -5 5 7 -8 -9 -10 -11 -12 12 -14 -15 -16 20 17 19 -20 -21 22 -23 -24 24 -26 26 -28 28 -30 -31
leaf_value=-0.097244214821223793 0.052452479883379047 -0.10526576473322485 -0.098507874745667592 -0.061631910322824113 0.019422290203998431 -0.035390461144706883 -0.14090600946346921 0.071930692831471979 0.11127653943890062 -0.0015643837429744471 -0.24783617612604472 0.081669424128064827 0.051715269675175896 0.033864484949573503 -0.10253497623337038 -0.07792269857276396 -0.11151130592467938 -0.10076646461058757 0.042780306697485643 0.021549282972663793 0.045222110017786921 -0.39247712839899412 0.017944928103877766 -0.10789004111627638 0.105016070201219 -0.095463182607798569 0.060611628422817969 -0.027975835686592766 -0.11533464122288457 0.028914014399806731
leaf_weight=5.1823167834572805 17.674382484634407 9.6014904308904043 3.2008909236647005 8.9905765349030826 5.9929525693005399 3.6160343319133998 2.243648604642658 21.753205403743777 0.81961768865585405 1184.1060714451596 1.502543584909289 8.679767858120611 64.967866507009603 23.606704235447978 6.0462678346666499 6.8103622208036532 8.0882887595798802 3.6185151927202233 2.9489672253839663 30.165302089066245 4.4960264914261634 0.7106471606530248 19.524073771041003 13.875577324055486 1.2009115138789628 6.0010297625412923 13.120966917253098 24.141298126167385 3.1752874237063216 45.861276426017866
leaf_count=273 140 390 416 130 64 137 96 164 1 7068 17 53 400 236 228 281 88 163 19 418 69 6 121 555 19 278 115 336 138 573
internal_value=0.000183175 -0.0171964 -0.00267492 0.00802632 0.0250414 0.0368092 -0.0242511 0.0566335 -0.0882348 0.000899206 0.0104257 0.0116991 0.0275723 -0.0072832 -0.0157181 -0.0109074 0.00698775 -0.0109404 -0.0702872 0.00844829 -0.0348975 -0.107644 -0.0209032 -0.0596552 -0.0909311 0.0120392 0.0054913 -0.00364286 0.00388697 0.00929481
internal_weight=1551.72 61.4007 50.9796 45.7973 36.8067 33.6058 8.2366 25.3692 10.4211 1490.32 306.216 304.714 165.947 138.766 115.159 109.113 62.4955 44.8211 11.0373 33.7838 46.6176 7.52101 39.0966 19.5725 15.0765 100.98 92.2999 79.1789 73.1779 70.0026
internal_count=12992 1671 1280 1007 877 461 160 301 391 11321 4253 4236 1893 2343 2107 1879 828 688 107 581 1051 287 764 643 574 1493 1440 1325 1047 909
is_linear=0
shrinkage=0.1


Tree=158
num_leaves=31
num_cat=0
split_feature=12 5 28 5 36 28 10 40 44 34 43 8 19 10 2 12 36 34 24 44 22 48 33 37 44 22 17 43 13 14
split_gain=1.88671 4.85235 5.37364 5.0904 4.5967 3.16592 4.17842 3.5658 3.09981 4.24414 4.17868 6.03038 3.18722 5.35189 3.4017 4.75646 3.7519 3.25705 3.18953 3.08156 2.9899 4.77636 2.97973 2.97006 2.95383 5.98524 5.79964 6.89402 8.70529 11.058
threshold=17.500000000000004 0.40157014131546026 152898.50000000003 0.24890051782131198 0.49018041789531713 20008.000000000004 0.015609246678650381 1.0000000180025095e-35 0.93291431665420543 0.88987958431243908 0.61250001192092907 56.51216125488282 3.4999140501022343 0.036545863375067718 0.058069810271263129 33.500000000000007 0.99987664818763744 0.52186360955238353 0.16489180922508243 0.75845044851303112 16.490501403808597 0.25000000745058065 0.46204714477062231 0.53780370950698864 0.79673704504966747 -10.297707557678221 33.367509841918952 0.53749999403953563 45.831302642822273 46.437747955322273
decision_type=2 2 2 2 2 2 2 2 2 2 2 2 2 2 2 2 2 2 2 2 2 2 2 2 2 2 2 2 2 2
left_child=24 2 5 -4 19 6 7 -2 9 10 12 -12 13 14 15 -3 17 18 23 -5 21 -14 -9 -16 26 -26 -1 28 29 -28
right_child=1 8 3 4 -6 -7 -8 22 -10 -11 11 -13 20 -15 16 -17 -18 -19 -20 -21 -22 -23 -24 -25 25 -27 27 -29 -30 -31
leaf_value=0.0059164389717129527 0.078911471032110075 -0.18011832462168953 0.031764623028732758 -0.14015724002896343 -0.2387650392876417 0.069838447386701197 -0.15449653322104331 0.050287288690759491 -0.071398596636471828 0.061169131563860835 0.015797573581249471 -0.18911010265835038 0.056226004016468691 -0.10583234604718755 -0.061189096884303087 0.091606546408784364 -0.11842442778577573 0.056737894636668097 -0.16575709440554254 0.032687042506328194 0.08277385949160776 -0.083663032921139413 -0.13719094870919235 0.10675392601697392 -0.079539297638906103 0.0079718510037314495 -0.008731309516101354 -0.019143683243720868 0.017719774460285602 -0.11646240443962658
leaf_weight=386.07624252440837 3.6509737767337374 1.8879255180327192 2.6264374859238142 2.4931878446805058 2.5353439095197245 5.5575130956385683 1.9787854567402972 1.4149044120276815 3.3544313470920306 25.263466881588101 3.5551735052140421 2.4097519343631575 7.6569598913338286 4.1072187526733606 2.4179991270939416 0.97788377050892439 1.655497109517454 19.111453767574858 1.3216225445212328 1.7593621129199162 12.453815898130413 3.582892251200974 2.1150152715490549 1.865416166372597 7.9687292636663178 406.35590546970161 116.98970175081377 345.25217826868538 156.2091422314752 10.372568002174374
leaf_count=4207 28 109 46 71 15 68 22 10 38 134 28 25 56 59 75 27 12 156 64 15 57 21 49 11 99 2213 1209 2519 1418 131
internal_value=0.000168101 0.0124474 -0.0274474 -0.0864484 -0.132188 0.0102946 -0.0258329 0.00962199 0.022955 0.0265408 0.0126554 -0.0669825 0.0209836 0.00105753 0.016073 -0.0873992 0.0273172 0.0370789 -0.0299522 -0.0686482 0.0490264 0.011634 -0.0620437 0.0119497 -0.000826404 0.00628874 -0.00373111 -0.00965437 0.001899 -0.0175051
internal_weight=1544.98 115.753 24.1315 9.41433 6.78789 14.7172 9.15968 7.18089 91.6215 88.2671 63.0036 5.96493 57.0387 33.345 29.2378 2.86581 26.372 24.7165 5.60504 4.25255 23.6937 11.2399 3.52992 4.28342 1429.22 414.325 1014.9 628.824 283.571 127.362
internal_count=12992 1196 324 147 101 177 109 87 872 834 700 53 647 513 454 136 318 306 150 86 134 77 59 86 11796 2312 9484 5277 2758 1340
is_linear=0
shrinkage=0.1


Tree=159
num_leaves=31
num_cat=0
split_feature=0 10 38 24 16 14 0 1 50 39 37 23 28 4 8 11 11 16 44 6 5 14 35 45 35 28 18 9 5 39
split_gain=1.9149 4.88015 4.95377 3.66387 3.92852 3.7795 6.15559 6.96187 10.4552 5.60807 4.26111 8.13978 4.44228 4.44041 5.31455 4.60393 5.2878 7.34451 5.76564 6.44629 8.15874 4.15026 4.53146 3.28979 3.08279 4.35188 5.72605 3.06361 4.40809 6.49707
threshold=0.45586425065994268 0.18231245875358584 0.44711327552795416 0.45454548299312597 0.35239177942276007 31.384068489074711 0.58044329285621654 0.38096921145915991 0.8572656810283662 0.523388832807541 0.48944583535194403 0.66666671633720409 144289.50000000003 0.13275471329689029 65.943325042724624 1.0973308682441714 1.0339521169662478 0.017891066148877147 0.77278274297714245 76.925800323486342 1.2195718288421633 17.831157684326175 0.78086501359939586 0.75577110052108776 0.99987903237342846 188337.00000000003 -0.073043156415224061 0.03452009707689286 1.9771674275398257 0.66666665673255932
decision_type=2 2 2 2 2 2 2 2 2 2 2 2 2 2 2 2 2 2 2 2 2 2 2 2 2 2 2 2 2 2
left_child=1 24 -3 5 -5 6 7 -2 -9 21 11 12 -7 -12 -15 16 17 -16 19 -19 -21 -8 -23 -4 -1 -26 -27 -28 29 -29
right_child=3 2 23 4 -6 10 9 8 -10 -11 13 -13 -14 14 15 -17 -18 18 -20 20 -22 22 -24 -25 25 26 27 28 -30 -31
leaf_value=-0.0013329286093813502 0.02380278379724772 0.0024153116460946004 -0.16033803762787868 0.072819210068516424 -0.026892185994472146 -0.051245561501803261 0.056443993643236573 -0.028659953828336932 -0.28547717395828703 0.088412913360422951 -0.10603431914724736 0.039835766684588027 -0.27716407531944248 0.065138330989492163 -0.1108856953030522 0.058298108199505073 -0.094533041348143998 0.018815711823674572 0.060452630721716707 -0.19170988692885862 0.019534612284053787 -0.16696263309066992 0.0045685171549599028 -0.019661845189877361 0.062691428387917067 -0.11547495789393294 0.059039028022285792 -0.1056820916472716 0.083195516328907676 0.024591609948942151
leaf_weight=1323.7248319569899 3.351103603839876 6.9274414066458103 5.1118420474231243 16.485503110103313 5.1969123054295769 1.6410252451896661 3.0886138239875418 3.2381714279763401 3.1054102554917336 5.6203955914825192 2.7827422469854346 3.8419576780870557 1.8533461582846937 21.990839468780905 4.8437177427113047 14.92997216619551 5.8065625950694075 19.325037685921419 19.152624566107988 3.8470086921006432 3.4842253476381302 3.2441796250641346 2.9320456050336361 2.4634973900392652 18.321332061488647 3.6822518769185981 10.914662947878243 6.7241795416921404 4.2652770951390258 8.889153825119136
leaf_count=11692 25 32 59 80 31 22 19 25 18 38 20 24 23 138 29 72 36 89 90 27 14 22 22 21 131 27 60 42 19 45
internal_value=0.000160952 -0.000995784 -0.058701 0.010905 0.0489201 0.00446949 -0.0307803 -0.0927894 -0.154381 0.009606 0.0128409 -0.0606201 -0.171068 0.0184453 0.0221548 0.00891413 -0.00414488 0.00621676 0.0185989 -0.0114732 -0.0913143 -0.0382012 -0.0855315 -0.11459 -0.000387812 0.0233082 0.00237874 0.0164717 -0.00690062 -0.0315132
internal_weight=1540.79 1391.02 14.5028 149.761 21.6824 128.079 24.5799 9.69469 6.34358 14.8852 103.499 7.33633 3.49437 96.1627 93.38 71.3891 56.4592 50.6526 45.8089 26.6563 7.33123 9.26484 6.17623 7.57534 1376.52 52.7969 34.4755 30.7933 19.8786 15.6133
internal_count=12992 12128 112 864 111 753 169 68 43 101 584 69 45 515 495 357 285 249 220 130 41 63 44 80 12016 324 193 166 106 87
is_linear=0
shrinkage=0.1


Tree=160
num_leaves=31
num_cat=0
split_feature=34 21 51 19 5 40 34 26 19 5 22 14 5 50 28 34 2 5 38 39 11 15 34 35 8 28 8 12 44 23
split_gain=1.83639 2.14787 3.92325 6.78573 5.65167 4.92114 4.49027 3.84984 3.67966 3.63037 4.28814 5.34711 3.69033 4.6118 3.96749 3.3667 3.36221 3.881 3.35559 4.20449 3.00359 2.56956 5.73444 6.52629 6.42313 7.54434 7.29492 9.74081 6.78778 6.08944
threshold=0.15903863310813907 -0.024307100102305409 0.029223186895251278 3.9429152011871342 0.81425988674163829 1.0000000180025095e-35 0.70438468456268322 10.500000000000002 7.4586751461029062 0.28752572834491735 -15.78409957885742 30.678388595581058 0.50262498855590831 0.71640577912330639 12287482.000000002 0.69872218370437633 0.19093147665262225 1.0659272670745852 0.60735177993774425 0.99198392033576976 0.062062710523605354 -0.019614392891526219 0.4993435144424439 0.46911147236824041 60.000730514526374 22375200.000000004 63.50805854797364 9.5000000000000018 0.67684799432754528 0.90484556555747997
decision_type=2 2 2 2 2 2 2 2 2 2 2 2 2 2 2 2 2 2 2 2 2 2 2 2 2 2 2 2 2 2
left_child=-1 9 3 5 8 -3 -7 18 -5 10 11 -2 -11 14 15 16 -14 20 21 -20 -18 22 23 -4 25 -24 27 29 -28 -26
right_child=1 2 7 4 -6 6 -8 -9 -10 12 -12 -13 13 -15 -16 -17 17 -19 19 -21 -22 -23 24 -25 26 -27 28 -29 -30 -31
leaf_value=-0.084598747882750736 0.014207233255206765 0.05085131214640768 0.050499620468099721 -0.1148917762309864 -0.18236468088424421 -0.11960046910929512 0.082542646907525663 -0.12499700253404358 0.039999533820892198 0.061013145342510761 0.018115830859758264 -0.1865459702364029 -0.078051022259584948 0.090160228993991884 -0.12691181485268849 0.10643554348221435 0.046965067973062186 0.05710390362458128 -0.13624734751116219 0.054720069942210882 -0.066863806751825086 0.0027742199385408315 0.0035078587912037679 -0.097595849640512461 -0.11942291474224059 -0.13269034575161781 -0.066736250911092573 -0.34994013999540319 0.058409246495611501 0.087147636059413294
leaf_weight=2.5515768363693487 2.3578460294811521 9.0133742720499885 3.8433622697375567 3.0274817384779436 4.6752363256091485 4.2683621277828925 1.4798879196168853 2.4530181158334008 3.1085832212120295 21.337610764581768 7.5147990405093861 3.0340038457070477 5.3454711194426734 5.8563737682998172 2.5181551335263057 2.8857438825070849 3.4072623671963829 9.6311694628093374 3.7804415881801097 1.6587801441783083 7.2519788147183135 1150.3721282416882 230.51842503689477 13.180174513683594 6.7964896011762921 4.1400850098161746 9.6975469076387544 1.5293294752773352 7.8363416625143136 1.806329443992581
leaf_count=400 18 89 88 25 33 102 19 17 16 134 48 32 175 28 39 15 22 61 185 18 72 8409 2198 328 95 46 185 30 53 12
internal_value=0.000166347 0.000307311 -0.000517688 -0.039342 -0.0995337 0.00474187 -0.0675587 0.000172938 -0.0364225 0.0172755 -0.0307087 -0.098757 0.0279105 0.00876675 -0.00659002 0.00403312 -0.00749398 0.0110941 0.000386882 -0.0780087 -0.030478 0.00068513 -0.00791787 -0.0641607 -0.00426799 0.00110491 -0.04984 -0.11739 -0.0108055 -0.0760494
internal_weight=1536.88 1534.33 1463.19 25.5729 10.8113 14.7616 5.74825 1437.61 6.13606 71.1404 12.9066 5.39185 58.2338 36.8962 31.0398 28.5216 25.6359 20.2904 1435.16 5.43922 10.6592 1429.72 279.348 17.0235 262.325 234.659 27.666 10.1321 17.5339 8.60282
internal_count=12992 12592 11948 284 74 210 121 11664 41 644 98 50 546 412 384 345 330 155 11647 203 94 11444 3035 416 2619 2244 375 137 238 107
is_linear=0
shrinkage=0.1


Tree=161
num_leaves=31
num_cat=0
split_feature=37 15 35 19 40 8 43 47 24 47 14 28 8 10 23 3 36 37 39 43 27 36 23 36 43 3 9 5 14 8
split_gain=1.81063 4.7536 2.21117 5.01658 5.33907 5.69439 5.12606 4.79086 4.19438 4.21796 6.69609 4.04675 6.41328 9.14999 11.0204 4.94304 4.9489 7.90405 4.64537 4.46155 4.45729 4.39584 4.96132 4.23595 8.4347 6.09392 7.31855 7.12045 5.8791 5.9519
threshold=0.67651313543319713 -0.01295689959079027 0.7274845838546754 6.2560350894927987 1.0000000180025095e-35 49.980175018310554 0.71250000596046459 0.35091373324394232 0.13734783232212069 0.51611760258674633 24.276691436767582 16358.000000000002 44.418560028076179 1.0000000180025095e-35 0.53564739227294933 0.10841092094779016 0.054526614025235183 0.52288708090782177 0.026315790601074699 0.53749999403953563 0.63574999570846569 0.078327231109142317 0.18749999254941943 0.22064165771007541 0.51249998807907116 0.89488399028778087 0.030923016369342807 0.3203358799219132 18.549342155456547 67.395290374755874
decision_type=2 2 2 2 2 2 2 2 2 2 2 2 2 2 2 2 2 2 2 2 2 2 2 2 2 2 2 2 2 2
left_child=2 -2 -1 6 8 7 11 -6 9 10 -5 -4 13 19 -15 -14 17 -17 -18 -13 -21 22 -20 24 -23 -25 27 -27 -28 -30
right_child=1 -3 3 4 5 -7 -8 -9 -10 -11 -12 12 15 14 -16 16 18 -19 21 20 -22 23 -24 25 -26 26 28 -29 29 -31
leaf_value=-0.0027148395420803543 -0.055422746705569806 0.064790759418852345 0.029475738014646976 -0.12613389485807378 -0.15278776393823196 0.052499572801674638 -0.12404582795430004 0.01821005881653167 0.092807394518132191 0.088920734260769518 0.032807023385410639 0.02405597432898578 0.10316527799939459 -0.043645757048888977 -0.28139316198372533 -0.12905109474241988 0.056164039044904815 0.006209386127553753 -0.073522043424862057 -0.13244039130741186 0.0013977152657677979 -0.15109549057025673 0.068745228007532674 0.037188634601085367 -0.011907201939392438 -0.074449446011111656 -0.13955461743365857 0.044060062710547535 0.016472408127164769 -0.041772694639389124
leaf_weight=1059.285602824757 4.4837513417005566 12.348769347183405 50.244582789076958 3.491111725568774 4.0206324565224332 5.6960670612752438 3.2047380693256846 2.7653566841036081 16.126203050836921 7.0316082052886477 11.010004574432967 14.113660844159314 4.8937134147854513 5.1298900707042758 3.1449861149594653 7.3215926125267314 16.720695001902641 10.538918717298655 2.8760498689662226 4.8199144226964545 5.1440343931317329 4.5845093378447919 16.595863353286404 49.873080646852031 86.498798773987801 5.8554147141985586 4.1110565625131121 37.793249210721115 30.918452451936901 40.559141864068806
leaf_count=10151 29 69 416 25 32 26 20 23 69 56 64 110 14 42 28 132 84 57 26 50 31 55 70 226 460 34 21 186 161 225
internal_value=0.000152278 0.032769 -0.000210263 0.00561957 0.0354568 -0.0212229 0.00192505 -0.0831045 0.0542433 0.025362 -0.00545765 0.00292994 -0.000864675 -0.0432894 -0.134005 0.00343608 0.00188301 -0.0492382 0.00496362 -0.0121126 -0.0633445 0.00190244 0.047732 -0.00152727 -0.018913 0.00783673 -0.00444022 0.0281622 -0.0232665 -0.0165781
internal_weight=1531.2 16.8325 1514.37 455.083 50.141 12.4821 404.942 6.78599 37.6589 21.5327 14.5011 401.738 351.493 32.3525 8.27488 319.141 314.247 17.8605 296.386 24.0776 9.96395 279.666 19.4719 260.194 91.0833 169.11 119.237 43.6487 75.5887 71.4776
internal_count=12992 98 12894 2743 295 81 2448 55 214 145 89 2428 2012 261 70 1751 1737 189 1548 191 81 1464 96 1368 515 853 627 220 407 386
is_linear=0
shrinkage=0.1


Tree=162
num_leaves=31
num_cat=0
split_feature=1 15 17 3 22 4 39 44 34 8 6 34 28 35 33 18 43 2 11 36 4 51 36 34 26 26 4 38 10 34
split_gain=1.72042 2.59926 5.12266 3.26678 3.34098 2.81164 2.71849 2.461 2.31303 3.03998 2.56184 7.73504 5.17903 5.30583 5.68075 5.82043 6.16953 5.7688 7.12547 5.84149 5.33756 5.32607 5.30632 4.9229 4.39608 5.85012 4.15717 6.11156 4.04701 4.47528
threshold=0.6125236749649049 1.0736605525016787 52.161817550659187 0.30490535497665411 10.733442783355715 1.66834431886673 0.066666666418313994 1.0000000180025095e-35 0.22374207526445392 24.046079635620121 48.576198577880866 0.86961022019386303 16358.000000000002 0.69908884167671215 0.67835924029350292 -0.00028588795976247633 0.61250001192092907 0.20144397765398028 1.0000000180025095e-35 0.10072775557637216 0.49574787914752966 0.46988768875598913 0.91567131876945507 0.29946327209472662 1.2970499992370608 0.25210000574588781 0.85518586635589611 0.4325947910547257 0.018295255489647392 0.70113715529441845
decision_type=2 2 2 2 2 2 2 2 2 2 2 2 2 2 2 2 2 2 2 2 2 2 2 2 2 2 2 2 2 2
left_child=7 3 -3 4 -2 -4 -5 -1 9 -9 11 12 28 14 15 16 17 18 -14 -19 -18 -15 -20 -12 25 -17 -21 -28 -10 -30
right_child=1 2 5 6 -6 -7 -8 8 10 -11 23 -13 13 21 -16 24 20 19 22 26 -22 -23 -24 -25 -26 -27 27 -29 29 -31
leaf_value=-0.087984182242339809 0.035586156656502464 0.090842773850041164 -0.10644812285488303 -0.025491634607706787 -0.093902648177694059 0.0067525998870799023 0.058184627637882839 0.0099188909718191214 0.043125556358393796 -0.11726528383475743 -0.1222102417535979 0.074825753354158253 0.014949612880899136 -0.021577369466133207 0.057598513593561301 0.08537672181446658 -0.61792372227902614 -0.093096646061822219 -0.076943112057945892 0.051609719919699454 -0.11880347246839358 -0.13280054372643518 0.046362278314000006 -0.0015901523146730026 0.051208989057829571 -0.023055112811424902 0.060530616161773756 -0.099373755341304632 -0.13380294410651036 0.093175140563142064
leaf_weight=3.2058923090953604 4.1861175112426272 3.0065225623548022 5.3250047350302321 4.5606755916960564 3.8025042172521353 3.7317796349525452 26.114429687615484 3.6494369978790919 43.232317991343734 3.8746525904389273 3.3931699004315297 16.713035962515278 17.609235564814298 21.072386639119944 17.607074651050425 6.1073258728792998 0.29640502438996807 4.4543951902742256 31.00407836373779 23.446912540326593 0.77306097149630659 5.4109758710546876 3.932729613967239 1202.2631971396841 27.460588309448212 26.852708903228631 4.3958472497761232 5.2386156466091052 2.7406752781680543 1.271750302868895
leaf_count=109 32 29 38 34 27 17 159 128 538 560 136 127 157 257 165 38 30 104 1346 127 37 91 21 8029 148 349 14 47 82 16
internal_value=0.000158528 0.0182661 -0.022259 0.0309102 -0.0260492 -0.0598046 0.0457439 -0.000463789 -0.000273281 -0.0555767 1.06983e-05 0.0090214 0.00449378 -0.00268131 0.00383403 -0.00241143 -0.0183658 -0.0155311 -0.0369194 0.0144103 -0.257136 -0.044302 -0.063063 -0.00192962 0.0216575 -0.00296325 0.0288861 -0.0264153 0.0342092 -0.0618616
internal_weight=1526.73 50.727 12.0633 38.6637 7.98862 9.05678 30.6751 1476.01 1472.8 7.52409 1465.28 259.62 242.907 195.662 169.179 151.572 91.1513 90.0818 52.546 37.5358 1.06947 26.4834 34.9368 1205.66 60.4206 32.96 33.0814 9.63446 47.2447 4.01243
internal_count=12992 336 84 252 59 55 193 12656 12547 688 11859 3694 3567 2931 2583 2418 1883 1816 1524 292 67 348 1367 8165 535 387 188 61 636 98
is_linear=0
shrinkage=0.1


Tree=163
num_leaves=31
num_cat=0
split_feature=35 51 51 16 6 35 48 2 18 10 26 4 8 37 11 35 15 44 0 20 34 51 7 35 10 16 9 10 17 35
split_gain=1.78213 7.35955 6.32316 5.01705 9.0608 7.38446 5.09656 3.99724 3.90046 5.07801 4.27742 4.04889 3.88573 3.76299 3.08722 4.51244 2.94387 2.90305 4.03046 2.84666 7.06565 6.91367 4.70576 5.39579 4.46539 5.84983 5.84817 4.89186 4.77462 7.41865
threshold=0.49329191446304327 0.35043762624263769 0.4375061988830567 -0.016051771119236943 54.839380264282234 0.47650447487831121 0.35000000894069677 0.44606296718120581 -0.0028258202364668246 -0.06144964508712291 1.9807500243186953 1.9667545557022097 42.963247299194343 0.57138141989707958 0.52849107980728161 0.44662214815616613 0.0097962846048176306 0.40091773867607122 0.18588334321975711 2.5000000000000004 0.67707613110542308 0.18037392944097522 16.428133010864261 0.50295916199684154 0.033614367246627815 -0.0038284815382212396 0.0052631578873842963 0.021373939700424675 35.31932449340821 0.50927898287773143
decision_type=2 2 2 2 2 2 2 2 2 2 2 2 2 2 2 2 2 2 2 2 2 2 2 2 2 2 2 2 2 2
left_child=1 8 7 -4 -5 14 -7 12 9 -1 11 13 17 -10 -6 -16 -14 -3 -19 20 21 22 -2 -24 26 -26 27 28 -23 -30
right_child=19 2 3 4 5 6 -8 -9 10 -11 -12 -13 16 -15 15 -17 -18 18 -20 -21 -22 24 23 -25 25 -27 -28 -29 29 -31
leaf_value=0.011169179600181066 0.085802655209838902 -0.011853151069498268 0.043796521711156763 -0.13116096545283459 0.088728802304583354 -0.1494661120740827 0.091383000201002693 0.10323314956012551 0.0010897996128969886 -0.10441523756325229 0.096095523577725592 -0.13132058355249324 0.053854843238305888 0.095910892871035006 0.053627960127857192 -0.1267822957448923 -0.13220910076082126 -0.11195230171985363 -0.25293371512302026 -0.0010089562395945574 0.045211860043346735 0.020559187842388558 -0.21461520567174064 -0.036779455052582732 0.023151199303530857 -0.11583201620610009 0.039585842068282945 -0.15270170438021691 -0.11083515169721928 0.00074239605149448726
leaf_weight=13.125723930774258 2.9421888252254567 1.6352449694750202 10.050817597217245 7.5939013724473652 6.5235135701950657 4.2262693624434169 1.109176095575094 0.98011852055788118 16.408880493569093 5.3503301774653655 8.5214259478743752 1.7849068143113971 2.2766551432614519 5.618259343027602 3.9048987549031153 2.1495950213284232 1.3573052900756009 6.4610526104625006 2.955383395019453 1167.5813562440435 48.049005991706508 56.834899518598831 1.7975625038961869 33.549276363315585 6.0028593988827197 6.1118698468708299 62.574027736514836 2.0560739005741189 8.0489838499852358 22.949016973583639
leaf_count=124 28 68 99 343 28 93 6 4 338 416 49 43 154 26 31 59 112 149 22 7014 647 1131 28 531 47 200 561 79 171 391
internal_value=0.000149562 -0.0126153 -0.0393632 -0.0160428 -0.0396216 -0.000816119 -0.0993964 -0.092296 0.0143508 -0.022302 0.035295 0.0135368 -0.105346 0.0252749 0.0410005 -0.0104251 -0.0156411 -0.134842 -0.1562 0.00106775 0.0107312 0.00256448 -0.0357089 -0.0458233 0.0114688 -0.0469657 0.016112 -0.000228723 0.00334051 -0.02823
internal_weight=1520.53 102.033 51.2239 35.5582 25.5074 17.9135 5.33545 15.6658 50.8095 18.4761 32.3335 23.812 14.6856 22.0271 12.578 6.05449 3.63396 11.0517 9.41644 1418.5 250.916 202.867 38.289 35.3468 164.578 12.1147 152.463 89.889 87.8329 30.998
internal_count=12992 2164 1168 659 560 217 99 509 996 540 456 407 505 364 118 90 266 239 171 10828 3814 3167 587 559 2580 247 2333 1772 1693 562
is_linear=0
shrinkage=0.1


Tree=164
num_leaves=31
num_cat=0
split_feature=47 45 4 38 28 12 50 47 39 45 51 36 21 0 23 6 3 33 50 27 27 35 2 39 2 16 9 4 39 35
split_gain=1.76365 2.97623 3.13702 2.93914 3.60558 2.58666 2.60391 2.18073 4.4278 4.23358 4.19574 3.71372 5.65355 3.4518 5.06294 4.0636 3.10168 4.09795 2.45543 2.3275 7.09382 7.24579 6.12709 6.10309 6.03015 6.99771 6.91156 8.34439 6.05738 5.88398
threshold=0.10641238093376161 0.45731128752231603 1.1074453592300417 0.43104079365730291 10571.055175781252 7.5000000000000009 0.50210097432136547 0.13599846512079242 0.79633274674415599 0.47226969897747045 0.41525840759277349 0.25453203916549688 -0.0077759474515914908 0.089553486555814757 0.88270872831344616 62.518598556518562 1.7493435144424441 0.54545956850051891 0.59986159205436718 0.79469999670982372 0.72294998168945324 0.50222638249397289 0.16595742851495746 0.98351186513900768 0.18967612832784655 0.81517797708511364 0.15020290017127993 1.6946821808815005 0.98806360363960277 0.54073286056518566
decision_type=2 2 2 2 2 2 2 2 2 2 2 2 2 2 2 2 2 2 2 2 2 2 2 2 2 2 2 2 2 2
left_child=1 2 3 -1 -5 -3 -7 8 9 11 -11 12 -2 14 15 18 17 -13 -10 20 -9 -22 23 -23 -24 26 27 28 -26 -21
right_child=7 5 -4 4 -6 6 -8 19 13 10 -12 16 -14 -15 -16 -17 -18 -19 -20 29 21 22 24 -25 25 -27 -28 -29 -30 -31
leaf_value=0.059487149065509483 0.054175828174804909 -0.10448443052085961 -0.091802539316634846 0.060984004471660053 -0.085929766717903977 -0.10450118555451278 0.065135962323492447 0.00041483416852299655 -0.098251143006444996 0.022030454991942838 -0.11961293098168849 0.088847499300682184 -0.11950609091473946 0.081718285199355575 0.077304310166914844 -0.19043661474133117 -0.047069381520555766 -0.0099676916182944875 0.054594584926554883 -0.019367905529407207 0.03408882172503707 -0.077785823441557475 0.041980550698616115 0.038995185207218855 -0.0043125989601707545 -0.15692804572401645 0.050243540091515271 -0.14199052390478567 -0.14194672947204509 0.011577778230135812
leaf_weight=8.156755758718651 3.2799846373054615 6.6628684424140356 3.095573674525439 2.7349694092918062 4.2921444281109871 1.4846560789046637 2.3170763603266096 872.30143576404771 1.7221663193922738 3.4355115825383091 5.3449087685949053 11.554050027596537 4.3728003242431459 14.932990551984402 5.6312296988180606 1.6123403802048413 3.7390425648118244 6.5908039085625196 2.697087942971848 74.80612411427137 18.064484683891351 37.667206357902614 14.344415261672109 5.0784887788468032 29.266301294090226 4.0759970827493808 10.788913669064639 6.675041251408401 3.5899000428616992 343.9503248721303
leaf_count=130 117 316 106 97 323 127 68 7294 59 117 191 63 263 67 31 19 25 52 14 817 167 298 69 37 182 36 44 36 23 1804
internal_value=0.000133183 -0.024401 -5.43212e-05 0.0186506 -0.0287506 -0.0669294 -0.00111089 0.000607905 0.0185318 -0.00322717 -0.0641922 0.014896 -0.045066 0.0498804 0.0091154 -0.0545473 0.0358647 0.0529546 -0.0049688 -0.000211105 -0.002828 -0.0246629 -0.0341827 -0.0639114 -0.0156961 -0.0309056 -0.0206976 -0.040059 -0.0193506 0.00604968
internal_weight=1514.27 28.744 18.2794 15.1839 7.02711 10.4646 3.80173 1485.52 64.9129 38.3171 8.78042 29.5367 7.65278 26.5958 11.6628 6.03159 21.8839 18.1449 4.41925 1420.61 1001.85 129.551 111.486 42.7457 68.7406 54.3962 50.3202 39.5312 32.8562 418.756
internal_count=12992 1167 656 550 420 511 195 11825 1018 828 308 520 380 190 123 92 140 115 73 10807 8186 892 725 335 390 321 285 241 205 2621
is_linear=0
shrinkage=0.1


Tree=165
num_leaves=31
num_cat=0
split_feature=23 16 11 21 36 5 5 28 0 1 3 36 28 3 17 33 24 23 45 35 45 38 51 9 10 50 12 16 27 27
split_gain=1.74927 5.21286 5.48503 10.6678 9.17387 7.3719 5.41011 5.73888 8.53345 7.23764 5.39174 6.16971 6.94486 6.14642 5.36763 5.33774 9.14571 4.89747 5.09963 6.07361 5.54216 9.1475 4.87204 5.19962 4.80274 4.55979 5.17013 4.93213 4.49175 4.80031
threshold=0.17917487770318988 0.11207611486315729 0.90916386246681224 0.078489329665899291 0.36246907711029058 0.6050952970981599 0.93121618032455455 8707654.5000000019 0.17300077527761462 0.32486666738986975 1.7493435144424441 0.084090698510408415 1657.6401367187502 1.9939138889312746 66.254467010498061 0.62563523650169384 0.53896760940551769 0.21428576111793521 0.88359072804451 0.81476426124572765 0.61312800645828258 0.37584860622882849 0.30809244513511663 -0.023115315474569794 -0.047768505290150635 0.42759357392787939 8.5000000000000018 0.0018052992527373137 0.84415000677108776 0.71239998936653148
decision_type=2 2 2 2 2 2 2 2 2 2 2 2 2 2 2 2 2 2 2 2 2 2 2 2 2 2 2 2 2 2
left_child=1 6 3 4 24 -6 10 8 25 15 11 12 -1 -12 -4 16 -9 18 19 20 22 -22 -2 -24 -3 -8 27 -27 29 -13
right_child=17 2 14 -5 5 -7 7 9 -10 -11 13 28 -14 -15 -16 -17 -18 -19 -20 -21 21 -23 23 -25 -26 26 -28 -29 -30 -31
leaf_value=0.062246432369406683 -0.13419760372901948 0.020535834121154561 0.02944219207327501 0.10409587425660466 0.0719301763712 -0.095701350569733029 -0.12497592884520597 -0.16490455476503518 0.073080179652693936 -0.15360939591503794 -0.15963981693033355 0.018891802229261925 -0.099657897252397709 -0.019581738597876507 -0.077285176499881855 0.068786255484615658 0.084612513850578733 -0.00027133456248664345 0.047658326375125404 0.033806361085999437 0.035803620078732855 -0.19535855370319077 -0.1685198005136187 -0.0010001436576523224 -0.16796311757978999 0.0062909612784479221 0.059813468590106812 -0.13683211489759287 0.051255135724655669 -0.036574721828363708
leaf_weight=3.6599458289292661 4.5057825467156389 1.5642828545533145 24.087617376539132 3.6414207556517786 5.1736968420445901 5.322087529435521 2.5535809851571711 3.4202470892632864 43.638491142803105 3.2487799781374624 3.8202620286901974 65.2484001808225 9.5954070124098489 17.425517842988484 5.8583562842686652 7.5127611578791402 2.5748887876980007 1168.9895588020627 6.6939739648369132 7.6226514527807003 2.3372140005230886 6.3979940865392564 2.0733901478524812 17.419371571384545 9.944944232542186 9.4633371047530108 12.875545581948243 3.2294387101646853 28.829314034610434 20.506821209244663
leaf_count=51 92 10 135 27 19 38 146 60 191 19 36 572 360 115 41 33 10 9703 34 57 9 69 42 239 206 206 85 79 157 151
internal_value=0.000127174 0.00706056 -0.0205057 -0.0544477 -0.0806837 -0.0130706 0.0135103 0.0330934 0.0453976 -0.019599 0.00188316 0.0096358 -0.0549544 -0.044766 0.00856303 0.0126317 -0.0577379 -0.00154451 -0.0331772 -0.0465855 -0.0653062 -0.133508 -0.0404814 -0.0188187 -0.142343 0.00244071 0.0151662 -0.030124 0.0171077 0.00562798
internal_weight=1509.24 293.195 55.5924 25.6464 22.005 10.4958 237.603 88.5171 71.7604 16.7567 149.086 127.84 13.2554 21.2458 29.946 13.5079 5.99514 1216.04 47.0504 40.3564 32.7338 8.73521 23.9985 19.4928 11.5092 28.1219 25.5683 12.6928 114.585 85.7552
internal_count=12992 2747 476 300 273 57 2271 829 707 122 1442 1291 411 151 176 103 70 10245 542 508 451 78 373 281 216 516 370 285 880 723
is_linear=0
shrinkage=0.1


Tree=166
num_leaves=31
num_cat=0
split_feature=36 47 1 8 51 27 44 4 2 10 14 21 45 27 34 9 19 48 22 3 37 26 24 39 3 34 47 47 10 35
split_gain=1.72145 3.24849 4.50146 4.67104 5.51926 5.81446 4.76439 6.00577 5.51216 4.24848 4.72582 7.61666 6.00689 4.30221 3.89121 3.57744 8.31693 3.53551 3.40394 3.39743 3.36195 3.28024 3.17636 3.1393 3.17167 5.75149 2.98551 2.76866 6.94599 8.92383
threshold=0.83364582061767589 0.38859400153160101 0.26441647112369543 72.804138183593764 0.90988895297050487 0.82914999127388012 0.86840602755546581 2.3607450723648076 0.13056942075490954 0.0085915643721818941 23.888442993164066 0.011726657394319774 0.67785614728927623 0.82914999127388012 0.69273889064788829 0.10814762115478517 5.8193469047546396 0.25000000745058065 6.1362130641937265 0.90243446826934826 0.51332050561904918 0.68355000019073497 0.020020039752125744 0.12884380668401721 4.297635793685914 0.93221089243888866 0.89746510982513439 0.30775021016597753 0.039988664910197265 0.73922991752624523
decision_type=2 2 2 2 2 2 2 2 2 2 2 2 2 2 2 2 2 2 2 2 2 2 2 2 2 2 2 2 2 2
left_child=27 9 3 4 5 6 7 -3 -9 10 20 14 13 -13 18 16 -6 -16 22 -4 -2 -20 -12 -11 -25 -26 -21 28 -1 -30
right_child=1 2 19 -5 15 -7 -8 8 -10 23 11 12 -14 -15 17 -17 -18 -19 21 26 -22 -23 -24 24 25 -27 -28 -29 29 -31
leaf_value=-0.0015521930656859479 -0.042890176757999651 0.067431522302006594 -0.068710980953458706 -0.10662319664631588 -0.10824377387572065 -0.1412875633787069 -0.095645766640005139 0.02300794697473911 -0.1461774598808471 -0.011853069656639494 -0.051459910762514785 -0.090009394868303866 -0.15978272385345371 0.049960701827411524 0.089359149003138932 0.10265540700057235 0.10161771685767516 -0.03271659970768033 -0.14456835595244166 0.064375770744785801 0.074043513414272219 -0.0092940004803526259 0.076988484231728119 0.0770769757287013 -0.0575268457620755 0.093449786841098767 -0.017689711054916752 0.00345993382041755 -0.051505740941219236 0.016161588524448135
leaf_weight=572.51353907727389 3.0720164821541394 8.6109810369671411 3.220300865184984 6.1395380590111008 3.7957992367446405 4.5905659078271119 5.7856289856135836 4.2398316502803928 3.5282820146530867 7.9376810530666253 3.1404443513602036 4.6620550137013179 5.1785474531352511 4.1513181366026402 9.197426912840454 5.4164234856143594 3.7580535877496004 3.1971047539263955 3.1141534987837067 15.75660510454327 12.31627309694886 4.2239372618496418 4.9750133466441184 24.827592668589205 5.5748568009585124 4.6096327193081379 6.1684368547284967 666.47176868524184 64.584782784862909 27.911855494370684
leaf_count=6796 26 55 30 33 28 24 32 25 23 38 22 36 31 18 51 39 41 26 19 96 64 23 31 132 30 22 45 4202 800 154
internal_value=0.000118537 0.00955795 -0.00680376 -0.0254462 -0.0129004 -0.0388527 -0.0176373 0.00991789 -0.0538362 0.0211558 0.0033154 -0.014112 -0.0743049 -0.02408 0.0161312 0.0406343 -0.00383735 0.0578703 -0.0173458 0.0272001 0.0506996 -0.066702 0.0272827 0.0449273 0.0578001 0.0108071 0.0412873 -0.00109509 -0.00566012 -0.0310864
internal_weight=1502.67 171.189 71.0104 45.8651 39.7256 26.7553 22.1647 16.3791 7.76811 100.178 57.2283 41.84 13.9919 8.81337 27.8481 12.9703 7.55385 12.3945 15.4535 25.1453 15.3883 7.33809 8.11546 42.9498 35.0121 10.1845 21.925 1331.48 665.01 92.4966
internal_count=12992 1040 471 300 267 159 135 103 48 569 347 257 85 54 172 108 69 77 95 171 90 42 53 222 184 52 141 11952 7750 954
is_linear=0
shrinkage=0.1


Tree=167
num_leaves=31
num_cat=0
split_feature=19 36 19 6 50 3 21 19 27 17 7 33 4 33 4 44 3 40 23 28 6 18 8 35 26 26 2 5 38 3
split_gain=1.64517 3.8991 2.35952 4.10113 4.07265 5.14971 4.17488 3.89713 4.05899 3.58367 3.52641 3.14721 6.60156 4.704 3.83459 2.8878 4.5614 3.35557 5.87482 3.96406 3.85021 3.57494 3.07559 3.19199 5.39814 2.93288 3.03104 3.21599 2.92705 2.82619
threshold=-6.5578753948211661 0.11059579253196718 -1.7951323986053465 71.671482086181655 0.71189984679222118 1.364672124385834 0.015127071645110847 -2.4854481220245357 0.36055000126361852 44.332101821899421 78.767639160156264 0.73397025465965282 1.6426669955253603 0.79463395476341259 1.1074453592300417 0.77037864923477184 0.15566314011812213 1.0000000180025095e-35 0.33333319425582891 22375200.000000004 64.834251403808608 -0.11025124043226241 67.395290374755874 0.85719144344329845 0.98649999499320995 0.3217999935150147 0.16741670668125155 0.62015509605407726 0.58142635226249706 0.05889538303017617
decision_type=2 2 2 2 2 2 2 2 2 2 2 2 2 2 2 2 2 2 2 2 2 2 2 2 2 2 2 2 2 2
left_child=1 -1 3 4 15 6 -6 8 -8 -10 -5 12 -12 -13 -15 17 -17 18 -2 21 25 28 29 24 -24 -20 27 -27 -19 -23
right_child=2 -3 -4 10 5 -7 7 -9 9 -11 11 13 -14 14 -16 16 -18 19 20 -21 -22 22 23 -25 -26 26 -28 -29 -30 -31
leaf_value=-0.1433583565493369 -0.08087176670412867 -0.0083361367518047461 -0.0010985522128891107 0.0840571924120882 0.039599075807387869 0.027541450516452751 0.059426999884589764 -0.15279900118738834 -0.010520635435728488 -0.12077762987986591 -0.14257746110666877 0.10676511581366999 0.039976704687119308 0.05847184294019861 -0.062405399144621398 -0.12614668481069119 0.059847065098200307 -0.049284188493652646 -0.13254320400414085 -0.14832121471413073 0.067087892358064102 -0.11296147131438666 -0.14207854931438219 0.064756746584007249 0.027562355949710616 0.014426906019834304 0.023990851810868102 -0.1310754282272176 0.062041011015047054 0.055405682717853871
leaf_weight=2.6466443755889477 10.67360937154808 11.144173417631462 1289.7610975349089 12.34824320708867 4.0024691716826082 11.801949415355919 2.8609138629399267 4.6159389284439376 5.1927723094122467 6.8190957217011601 3.2582194805145281 6.9840903431177166 5.0529378023929894 5.5107195329619554 5.0106535051018 1.4182017211423978 18.7679443490415 9.9374467163979698 1.9602063369493468 1.37176180082315 7.5959208746498907 1.0261180110101111 3.3233273705372977 3.9135162979364395 4.3064957579699694 2.8955176775598401 12.617657234222859 3.1954903793794074 3.0981212211627271 35.108660740035702
leaf_count=236 309 254 9782 56 34 50 13 28 33 38 42 21 27 30 29 37 182 267 72 46 48 17 102 19 76 89 108 165 85 697
internal_value=0.000130954 -0.0342487 0.000450352 0.0107125 0.00354491 -0.0263503 -0.0534254 -0.0725302 -0.0476179 -0.0731131 0.0401049 0.0190822 -0.0315899 0.0431401 0.000905784 0.0122496 0.0467799 0.00534991 -0.0176633 0.0197832 0.00620609 0.0235813 0.0362694 -0.00866732 -0.0463283 -0.0161683 -0.00397509 -0.0619071 -0.0228259 0.0506246
internal_weight=1498.22 13.7908 1484.43 194.668 156.503 35.2931 23.4912 19.4887 14.8728 12.0119 38.1649 25.8166 8.31116 17.5055 10.5214 121.21 20.1861 101.024 38.9384 62.0854 28.2648 60.7137 47.6781 11.5433 7.62982 20.6689 18.7087 6.09101 13.0356 36.1348
internal_count=12992 490 12502 2720 2515 196 146 112 84 71 205 149 69 80 59 2319 219 2100 791 1309 482 1263 911 197 178 434 362 254 352 714
is_linear=0
shrinkage=0.1


Tree=168
num_leaves=31
num_cat=0
split_feature=36 3 28 47 36 7 27 8 22 27 7 8 21 45 50 4 14 7 47 34 8 3 45 37 0 33 38 36 33 51
split_gain=1.6746 4.88098 5.30307 5.666 4.77144 4.73699 4.46997 6.87392 10.0266 8.97221 7.75859 7.60717 6.99738 6.6498 11.908 6.86324 7.90427 7.71694 10.6228 6.70724 9.44228 6.13376 5.91446 5.57224 5.48274 8.15998 5.91577 6.0815 5.95741 5.36497
threshold=0.22312842309474948 1.8790296316146853 2804341.0000000005 0.26077960431575781 0.10564017295837404 35.184490203857429 0.54109999537467968 51.269891738891609 22.30959510803223 0.78475001454353344 68.359401702880874 53.338640213012702 0.0064069675281643876 0.46208792924880987 0.96966570615768444 0.78478297591209423 23.693025588989261 76.847175598144545 0.51611760258674633 0.99998527765274059 60.621191024780281 0.28522357344627386 0.67182138562202465 0.49115769565105444 0.16023143380880359 0.46594992280006414 0.40286764502525335 0.090984791517257704 0.44856375455856329 0.3569543063640595
decision_type=2 2 2 2 2 2 2 2 2 2 2 2 2 2 2 2 2 2 2 2 2 2 2 2 2 2 2 2 2 2
left_child=1 6 5 -4 -5 -3 -1 8 9 24 22 29 -11 14 19 17 -17 23 -19 20 21 -13 -10 -15 25 -8 -26 -28 -29 -9
right_child=-2 2 3 4 -6 -7 7 11 10 12 -12 13 -14 15 -16 16 -18 18 -20 -21 -22 -23 -24 -25 26 -27 27 28 -30 -31
leaf_value=0.0056626428840655749 0.0027891306717482429 -0.097515701866694449 -0.13582290257027799 -0.061464213276775086 0.050542786522320429 0.046153296432164717 0.014991424087180533 -0.11117103510657909 -0.113593024520945 0.025807219464890216 0.0088618823088288858 0.083100939978871427 -0.070799907499567868 -0.12815184435788501 -0.29459648650377646 -0.061790453417520576 0.027722545537186755 -0.13892370718951133 0.023187430477201992 0.021463689198611413 -0.10305092126938756 -0.038735887011431165 -0.29390318924523473 0.011155129325222718 -0.15169123688487676 -0.12540240782191545 -0.095601273415134538 -0.13496551645151222 0.040418184035977904 0.069047226702668801
leaf_weight=173.26356106869116 914.28713524848717 2.4162003697128958 3.6246545752510455 6.6084346617572001 8.9598941151052696 45.738778862723848 5.4886557569625465 1.8091829197655922 5.1461926384145027 37.933757071639775 3.1132120511028916 5.60849630005396 9.344415347928587 3.1435165511720689 1.7579164952039708 11.165295577287905 84.695545110056628 11.408661408000627 6.260204689577221 17.442317532608286 19.433645740638894 15.69677334273001 2.8138818994630128 33.161889542778226 3.2356638251803842 16.84745748426576 6.0008784217134261 2.1919373519776881 16.63766693159414 18.994189194672799
leaf_count=2707 5954 24 49 31 26 236 230 57 57 439 17 93 90 142 9 100 500 87 36 60 516 242 21 289 27 565 117 36 98 137
internal_value=0.000122899 -0.00408045 0.0212292 -0.0232187 0.00299812 0.0389446 -0.00740579 -0.0140786 -0.0348027 -0.0245795 -0.124985 -0.00430386 0.00671306 -0.0100238 -0.0381739 0.00123716 0.0172966 -0.0272852 -0.0814866 -0.0304262 -0.0526428 -0.00666301 -0.177333 -0.000906815 -0.0539324 -0.0909034 -0.0245094 -0.00793635 0.0200019 0.0533744
internal_weight=1494.23 579.943 67.348 19.193 15.5683 48.155 512.595 339.331 108.754 97.6804 11.0733 230.578 47.2782 209.774 59.9391 149.835 95.8608 53.9743 17.6689 58.1812 40.7389 21.3053 7.96007 36.3054 50.4023 22.3361 28.0661 24.8305 18.8296 20.8034
internal_count=12992 7038 366 106 57 260 6672 3965 1697 1602 95 2268 529 2074 920 1154 600 554 123 911 851 335 78 431 1073 795 278 251 134 194
is_linear=0
shrinkage=0.1


Tree=169
num_leaves=31
num_cat=0
split_feature=37 50 38 17 33 17 19 34 44 16 6 16 43 43 45 36 17 11 33 34 26 15 43 27 7 44 34 17 38 51
split_gain=1.62935 4.20229 4.84747 4.47065 5.71127 4.57184 6.49449 4.41608 4.95546 4.31015 4.22264 3.71396 3.68023 4.49395 3.31072 3.10549 3.04781 3.17938 3.08205 3.76707 4.30905 2.81599 2.81512 4.73244 5.22928 4.74545 6.13264 4.91432 4.3784 3.98405
threshold=0.49115769565105444 0.62351083755493175 0.38467651605606085 39.981069564819343 0.5068030357360841 61.469093322753913 1.6682922244071963 0.90538591146469127 0.88292226195335399 0.0044529482256621131 62.159305572509773 -0.18234451115131375 0.53749999403953563 0.58750000596046459 0.58120933175086986 0.14322612434625628 52.408123016357429 0.20626404136419299 0.53678059577941906 0.63911664485931408 0.50529998540878307 -0.0059416748117655507 0.46249999105930334 0.29865001142024999 58.302892684936531 0.61470234394073497 0.51806396245956432 37.810302734375007 0.41704215109348303 0.41090197861194616
decision_type=2 2 2 2 2 2 2 2 2 2 2 2 2 2 2 2 2 2 2 2 2 2 2 2 2 2 2 2 2 2
left_child=1 2 -1 4 -3 6 -5 8 10 11 12 -6 16 15 -9 -14 17 21 19 20 -19 -4 23 28 25 29 27 -27 -2 -25
right_child=22 3 7 5 9 -7 -8 14 -10 -11 -12 -13 13 -15 -16 -17 -18 18 -20 -21 -22 -23 -24 24 -26 26 -28 -29 -30 -31
leaf_value=0.068583273647622581 -0.23587952991731209 -0.11971494148667286 0.021901792609884431 -0.1821863393904527 0.05102760229544983 -0.009829864125906293 -0.026637343988235442 0.0659598773007425 0.097993633711143002 0.091409837512999526 -0.096658841910577234 -0.11031172197608229 -0.089681728965205154 -0.11747599635977619 -0.044061119854891057 0.062404844475501819 0.023034311691142204 0.024085342341343356 -0.11024823397180401 0.064085430733987037 -0.095662912678910667 -0.12418979795709272 -0.00024475409286379345 0.036646909676745824 0.070392284131276892 0.069355323503397806 -0.11569255870326381 -0.072121801709618197 -0.02371043845387695 -0.014015860054276198
leaf_weight=9.2619423732685373 1.3043533987947729 3.1967377821492837 9.7203431623347551 6.2656317329092435 2.8196755941025904 6.5257161319314028 4.6958615910261869 12.000532242731422 3.5125393199341479 5.8737246929085813 7.1264405610709209 2.8882630882435469 1.50539280221892 1.9137180380930647 3.5424681207077802 12.415943157848231 8.8458271172858058 4.3414963194045475 8.6638354368787969 3.0307530590798697 9.7614070179115497 1.5266336663516984 1243.258498203506 52.456315811206878 17.679378331624321 5.8862858682987298 6.2499343131203196 4.2121507801384723 3.8245597060231376 22.045230670541059
leaf_count=60 14 50 284 67 13 44 24 109 36 27 264 28 266 175 37 208 269 255 433 20 697 64 8553 466 94 42 54 43 73 223
internal_value=0.000109854 -0.0106102 -0.000227199 -0.0418791 -0.00138777 -0.0760982 -0.11555 -0.00747709 -0.0178646 0.0312726 -0.0237752 -0.0306114 -0.0153605 0.0262072 0.0408845 0.0459589 -0.029704 -0.0422974 -0.061641 -0.0370622 -0.0587991 0.00207172 0.00113243 0.0161969 0.0206327 0.0109495 -0.0378395 0.0103439 -0.077668 0.0216556
internal_weight=1486.35 129.435 97.1693 32.2656 14.7784 17.4872 10.9615 87.9073 72.3643 11.5817 68.8518 5.70794 61.7253 15.8351 15.543 13.9213 45.8903 37.0445 25.7975 17.1337 14.1029 11.247 1356.92 113.658 108.529 90.8499 16.3484 10.0984 5.12891 74.5015
internal_count=12992 3430 3177 253 118 135 91 3117 2971 68 2935 41 2671 649 146 474 2022 1753 1405 972 952 348 9562 1009 922 828 139 85 87 689
is_linear=0
shrinkage=0.1


Tree=170
num_leaves=31
num_cat=0
split_feature=35 51 51 16 16 35 14 18 2 11 34 35 6 28 23 43 34 5 20 34 10 23 35 35 47 37 47 27 28 34
split_gain=1.57566 5.84219 5.3458 4.05387 7.77048 3.64932 3.54057 4.1788 4.17239 3.70213 3.40841 3.33472 3.4686 3.43299 3.34847 2.74164 2.58731 3.66769 3.60548 8.11849 4.70172 4.39825 4.17006 17.0637 5.64301 5.55805 10.6709 7.09777 5.06537 4.89499
threshold=0.49329191446304327 0.35043762624263769 0.4375061988830567 -0.016051771119236943 0.010590115096420051 0.48113942146301275 45.669532775878913 0.11099252477288248 0.21489483118057254 0.085948221385478987 0.6507343351840974 0.4218467921018601 70.835411071777358 9874.2031250000018 0.53271707892417919 0.53749999403953563 0.29140184819698339 1.8138720989227297 1.5000000000000002 0.63911664485931408 0.011293058283627035 0.49999995529651647 0.5000385344028474 0.51255181431770336 0.49069949984550482 0.5841888189315797 0.30775021016597753 0.63574999570846569 937.00000000000011 0.71106216311454784
decision_type=2 2 2 2 2 2 2 2 2 2 2 2 2 2 2 2 2 2 2 2 2 2 2 2 2 2 2 2 2 2
left_child=1 6 11 -4 -5 -6 7 8 10 -10 -1 -3 13 14 -13 -11 17 -2 19 20 -18 -22 25 24 29 28 27 -27 -20 -24
right_child=16 2 3 4 5 -7 -8 -9 9 15 -12 12 -14 -15 -16 -17 18 -19 22 -21 21 -23 23 -25 -26 26 -28 -29 -30 -31
leaf_value=-0.10443044167312815 -0.10760492568591112 0.01267330469524308 0.039904594507868214 -0.11280964580000861 0.032259676072507106 -0.087365797771878612 0.043214334060017595 0.085175880496305159 0.081182332349587563 -0.056527914696713956 0.10073108164696234 0.093871511918477479 0.07752571036570606 -0.15503388357010406 -0.13562070453089803 0.06254949234517225 0.012769083753389822 0.049014140208952534 -0.13639672133743094 0.074864807521051957 -0.1297609158694378 0.0048012683713648009 -0.14006258906066418 -0.00047814626342899984 0.054961746469164366 -0.17530720784122372 0.033951845538552732 0.0064605035483808193 0.035357437416976625 -0.0096505473659015423
leaf_weight=7.673593581520441 4.8732152760894669 2.7404003248630024 9.6540355748838902 8.6007240480139462 11.781081639019247 3.2546510105603366 20.966046246036058 3.8519303435459724 4.4473101783078155 7.9703642632521206 0.90530096710426722 1.2504228883444715 0.91617523954482827 8.6113043140612699 1.2934436951763926 2.5528244645538507 99.913857961637405 2.1570486057571543 1.7562804068438698 20.502855170867406 4.6890905521941004 5.0396883504581638 13.949611383626694 1126.8283037546735 2.2524585330393156 5.7617585964617337 12.697898456579422 3.4254429370630533 76.980762459636026 3.6263912959693689
leaf_count=536 301 56 99 298 166 96 290 27 24 93 6 19 18 385 31 20 1607 40 44 161 206 123 322 7134 13 54 84 31 660 48
internal_value=9.92616e-05 -0.0122576 -0.0369343 -0.0146978 -0.0369995 0.00636542 0.0122838 -0.0113827 -0.0271766 0.00468741 -0.0827805 -0.0869125 -0.10952 -0.124882 -0.0228151 -0.0276409 0.000960296 -0.0595506 0.00126914 0.0171077 0.00630726 -0.0600552 -0.00038351 -0.00209636 -0.0940575 0.0191356 -0.0254434 -0.107535 0.0315264 -0.113155
internal_weight=1480.92 96.4696 48.1022 33.2905 23.6365 15.0357 48.3674 27.4013 23.5494 14.9705 8.57889 14.8117 12.0713 11.1552 2.54387 10.5232 1384.45 7.03026 1377.42 130.145 109.643 9.72878 1247.28 1146.66 19.8285 100.622 21.8851 9.1872 78.737 17.576
internal_count=12992 2164 1168 659 560 262 996 706 679 137 542 509 453 435 50 113 10828 341 10487 2097 1936 329 8390 7517 383 873 169 85 704 370
is_linear=0
shrinkage=0.1


Tree=171
num_leaves=31
num_cat=0
split_feature=36 37 5 2 39 10 7 10 16 33 5 7 37 12 0 4 27 0 44 10 45 4 38 37 22 14 45 22 0 48
split_gain=1.66174 7.8669 4.86163 6.34365 6.02766 5.27151 5.09937 4.88947 6.18092 6.36828 6.04936 7.82847 5.43646 4.85423 4.53275 4.52527 4.95961 5.79251 4.75748 4.23944 7.06481 4.17501 5.46146 7.76417 3.9798 7.58177 8.28234 6.06883 5.39066 5.45093
threshold=0.52346986532211315 0.56066459417343151 2.1269568204879765 0.075010526925325408 0.58262455463409435 -0.082882672548294054 77.920700073242202 -0.040984414517879479 -0.025678425095975396 0.71911272406578075 0.66345569491386425 50.905263900756843 0.6148718297481538 19.500000000000004 0.13382156193256381 3.591102242469788 0.69385001063346874 0.24827998131513598 0.31435631215572363 0.035863772034645088 0.82845735549926769 0.74713608622550975 0.50871956348419201 0.50544998049736034 19.101055145263675 21.753251075744632 0.49197413027286535 37.107807159423835 0.31255933642387396 0.25000000745058065
decision_type=2 2 2 2 2 2 2 2 2 2 2 2 2 2 2 2 2 2 2 2 2 2 2 2 2 2 2 2 2 2
left_child=-1 15 5 -4 6 -3 -5 -7 9 10 12 14 -9 -11 -12 18 17 -17 -2 -6 -21 -20 -23 -24 -10 -26 -27 28 29 -28
right_child=1 2 3 4 19 7 -8 8 24 13 11 -13 -14 -15 -16 16 -18 -19 21 20 -22 22 23 -25 25 26 27 -29 -30 -31
leaf_value=-0.001842572523840553 -0.051417896069949467 -0.097365914534627424 -0.14595748814964499 -0.15094101448440442 0.096740013793782165 0.051003989554393607 -0.013250717609887459 -0.10888249871744285 0.032319641741135781 0.039626101078857334 -0.16833166795159077 -0.2687686023761568 0.027808643003654782 -0.097324477419405669 0.0027764263550693613 -0.096461777281074024 -0.12381647936755627 0.10338530549506773 0.057371479646788605 -0.12143991721362418 0.068145919770096416 0.031646167718108659 0.027440501953420123 -0.11768736644714557 0.053267752855622269 -0.14592069549947759 0.013652111945740076 0.03062661856484819 -0.14047293068159336 -0.064701624850049363
leaf_weight=1108.7478599325395 7.0466406709456342 5.4348300676792851 5.0720980390906361 5.0555533831939119 4.9068268453702313 18.716562259942293 5.7477371878921986 4.9037614548578876 42.769915250246413 11.995678205043076 2.749604069394989 2.9786393698304892 7.154977273195982 3.3002228345721951 3.5431831013411283 2.5275231280684221 4.1994512248784304 3.4031296409666538 45.466983274804079 3.7344207502901554 4.1497412025928497 69.170503236207878 8.5915597774146573 6.4566166307777157 17.691698237322271 4.8669641483575097 19.884931247681379 22.844622367992997 4.2466931156814089 16.041240194812417
leaf_count=10921 96 32 28 31 25 91 27 29 196 87 22 21 33 22 19 25 27 21 295 20 26 353 57 45 80 30 94 140 23 76
internal_value=8.33745e-05 0.00593934 -0.0061221 -0.044498 -0.0226871 -0.000305277 -0.0776848 0.00256647 -0.0029289 -0.039163 -0.0744737 -0.135208 -0.0277777 0.0100778 -0.0719885 0.0238259 -0.0406646 0.0182146 0.0286038 0.0237641 -0.0216535 0.0329519 0.0197685 -0.0348285 0.00741121 -0.00503772 -0.020233 -0.0105259 -0.0339276 -0.0213333
internal_weight=1473.4 364.652 217.79 28.6664 23.5943 189.124 10.8033 183.689 164.972 36.6261 21.3302 9.27143 12.0587 15.2959 6.29279 146.862 10.1301 5.93065 136.732 12.791 7.88416 129.686 84.2187 15.0482 128.346 85.5761 67.8845 63.0175 40.1729 35.9262
internal_count=12992 2071 1152 157 129 995 58 963 872 233 124 62 62 109 41 919 73 46 846 71 46 750 455 102 639 443 363 333 193 170
is_linear=0
shrinkage=0.1


Tree=172
num_leaves=31
num_cat=0
split_feature=23 33 16 36 47 36 15 37 1 36 2 13 24 23 36 23 0 36 17 38 17 16 15 11 16 26 4 5 27 6
split_gain=1.63407 4.59332 4.58567 4.69312 8.84103 5.54121 4.50504 4.36992 4.30851 8.87677 4.98182 4.43909 6.69406 4.53879 4.27059 4.06772 4.41084 5.5336 6.35661 6.06629 5.85972 5.21625 4.67606 4.02439 7.49264 7.57706 5.76863 7.81847 8.62808 6.51054
threshold=0.17917487770318988 0.33664351701736456 0.16498456895351413 0.36246907711029058 0.49069949984550482 0.22064165771007541 0.95915949344635021 0.43433760106563574 0.11760769784450532 0.19914523512125018 0.043913543224334724 21.138738632202152 0.32834576070308691 0.1528594717383385 0.1320750489830971 0.21428576111793521 0.3689993172883988 0.56881105899810802 19.124485969543461 0.43348915874958044 36.19328689575196 0.048865921795368202 -0.31475807726383204 0.87065911293029796 -0.0034558768384158607 6.0999999046325692 0.8612770438194276 1.5608240365982058 0.71895000338554393 66.666667938232436
decision_type=2 2 2 2 2 2 2 2 2 2 2 2 2 2 2 2 2 2 2 2 2 2 2 2 2 2 2 2 2 2
left_child=1 -1 7 4 5 14 -6 -3 9 -9 -11 12 -12 -13 -4 16 17 18 -2 20 -20 -19 -21 24 -17 26 27 -26 29 -29
right_child=15 2 3 -5 6 -7 -8 8 -10 10 11 13 -14 -15 -16 23 -18 21 19 22 -22 -23 -24 -25 25 -27 -28 28 -30 -31
leaf_value=-0.12306405416889968 0.044936271885007033 -0.10505372976255206 -0.13321815915509924 0.018477168445707758 0.060737411421647326 -0.20998674560954253 -0.062562434831850533 -0.097819984748018951 0.02345513711389037 -0.14773803665068372 -0.14841851610687334 0.043977607873680595 0.013433926642355157 -0.052205440759692773 0.0055325047208157948 -0.0067982140757647143 0.034275333174871372 0.065893626869252001 -0.13045598181467152 0.033962615452654589 0.010652695800208993 -0.083019297977211803 -0.17698142843879278 -0.011496137753984927 0.029202948559808362 -0.1343833053654814 0.0019142045667921361 -0.02702533748632463 0.027452240470815178 -0.22062055621513266
leaf_weight=2.6904697455302076 4.0154123555785217 3.0616160864337862 4.5356612127070566 16.839943791041151 7.2858918688434624 3.7758551748338496 4.9947198618901893 9.2225027753338491 170.13229350881375 1.9676833002013143 3.8245477788441331 34.192190220055636 7.7002319484745385 5.7280923802172756 4.3417177096853266 425.43192634369734 8.4056571340188366 6.919852511957286 4.8727553730204836 1.1988055705223803 7.4303705606289441 3.5637458972632885 8.5152713363404455 252.80562399509654 208.18204864811378 3.5307143983036431 240.03465446769951 3.3614940830830147 7.5199585946902516 3.5947816057596356
leaf_count=149 44 90 122 84 39 48 27 522 1132 31 106 203 107 43 44 4033 52 42 49 29 51 22 253 1641 1862 43 1919 109 71 25
internal_value=0.000100601 0.00696936 0.00822962 -0.0223081 -0.0498538 -0.108517 0.0105894 0.0136389 0.0152001 -0.0072225 0.0084205 0.0143933 -0.0402775 0.0301765 -0.0653585 -0.00151811 -0.0310361 -0.0460701 -0.0707735 -0.0918762 -0.0452346 0.0152729 -0.150949 -0.000359486 0.00279802 0.0115546 0.0126683 0.0242616 -0.0468001 -0.127069
internal_weight=1469.68 280.293 277.603 41.7738 24.9338 12.6532 12.2806 235.829 232.768 62.6352 53.4127 51.4451 11.5248 39.9203 8.87738 1189.38 44.9219 36.5162 26.0326 22.0172 12.3031 10.4836 9.71408 1144.46 891.656 466.224 462.693 222.658 14.4762 6.95628
internal_count=12992 2747 2598 364 280 214 66 2234 2144 1012 490 459 213 246 166 10245 542 490 426 382 100 64 282 9703 8062 4029 3986 2067 205 134
is_linear=0
shrinkage=0.1


Tree=173
num_leaves=31
num_cat=0
split_feature=12 6 19 7 34 23 28 4 28 7 39 27 51 16 37 0 10 47 34 11 11 24 36 14 36 5 45 24 13 33
split_gain=1.68749 4.4882 5.92605 10.0872 4.51644 6.06997 7.08136 5.39917 7.09716 6.91859 6.32644 6.11527 5.06296 7.14001 5.0552 5.02768 4.70313 4.30457 4.13318 4.12135 8.25592 8.50118 4.11952 3.70315 3.6369 4.39643 4.20666 4.20172 7.41755 6.53196
threshold=9.5000000000000018 83.157192230224624 8.9139642715454119 78.767639160156264 0.89342120289802562 0.87547469139099132 2402151.3750000005 0.56929996609687816 661834.50000000012 33.333333969116218 0.95867484807968151 0.58219999074935924 0.36711294949054724 0.16498456895351413 0.54251191020011913 0.14347985386848452 0.050918463617563255 0.69337889552116405 0.78929564356803905 0.54651522636413585 0.63940364122390758 0.32834576070308691 0.27912142872810369 33.69343566894532 0.30348846316337591 0.44177101552486425 0.55971592664718639 0.10714286193251611 18.073815345764164 0.63313341140747081
decision_type=2 2 2 2 2 2 2 2 2 2 2 2 2 2 2 2 2 2 2 2 2 2 2 2 2 2 2 2 2 2
left_child=-1 4 3 -3 7 17 -7 8 16 11 14 -10 15 24 22 18 -2 19 -9 -6 21 -21 -11 -15 25 26 -14 -26 -29 -30
right_child=1 2 -4 -5 5 6 -8 12 9 10 -12 -13 13 23 -16 -17 -18 -19 -20 20 -22 -23 -24 -25 27 -27 -28 28 29 -31
leaf_value=-0.0015926570057541089 0.011038586306727253 -0.23381712481870973 0.056930493431484763 -0.019420459016756018 0.090868747307849329 0.02616034431261435 -0.13258747095229037 -0.079841950761072228 -0.16346269582032474 -0.1067044548711672 -0.35252061802497392 0.075861298727638554 -0.10081555131203622 -0.15958863111286575 -0.16625977570325332 0.024041652266681483 -0.15358784000248982 -0.049960797576812127 0.011842761842194955 -0.18749167383314008 0.051975395618461366 0.033441728420165698 0.085721400339494769 -0.0054722558445670861 0.033814411207369312 0.060839577006475958 0.055961462323598277 -0.15871034692777999 0.037200387826240244 -0.080666469271091265
leaf_weight=1174.9730489256453 28.119269516740136 3.2534492895938438 3.8414829832036039 6.7422663285396993 17.095616907812655 7.2017088513821346 4.6078709438443184 15.436821308383516 1.4599935901933374 2.5577608663006668 1.1116040152264748 3.9734266225714236 3.5754417534189988 3.1216685383442373 5.4039371949620545 14.973933439687242 1.8494942402758159 4.7136596031486979 7.214990227832458 3.1747839632444075 36.724370722891763 3.8581459857523441 1.9690167687294886 3.1147351015606546 34.694408799114171 40.299493889886435 3.282957959399937 3.3342306185513761 15.419277914203123 6.7644141595810643
leaf_count=10138 601 24 32 39 114 53 22 384 49 144 13 24 86 36 40 138 35 33 41 27 156 14 18 36 153 361 32 22 89 38
internal_value=9.08792e-05 0.00693815 -0.0486336 -0.0892032 0.00973382 0.0302154 -0.03578 0.00171676 -0.0281055 -0.0808269 -0.126283 0.0115535 0.0108754 0.0214052 -0.100959 -0.0209182 0.00087882 0.0421022 -0.0506388 0.0492334 0.0329669 -0.0662914 -0.0230048 -0.0826161 0.0274471 0.0482435 -0.02577 0.0111594 -0.0196425 0.00125956
internal_weight=1463.86 288.89 13.8372 9.99572 275.053 77.3762 11.8096 197.677 46.4445 16.4757 11.0423 5.43342 151.232 113.607 9.93071 37.6257 29.9688 65.5666 22.6518 60.8529 43.7573 7.03293 4.52678 6.2364 107.37 47.1579 6.8584 60.2123 25.5179 22.1837
internal_count=12992 2854 95 63 2759 419 75 2340 924 288 215 73 1416 853 202 563 636 344 425 311 197 41 162 72 781 479 118 302 149 127
is_linear=0
shrinkage=0.1


Tree=174
num_leaves=31
num_cat=0
split_feature=1 18 38 26 18 15 2 36 26 38 38 47 16 44 28 15 21 28 5 23 34 10 3 0 34 38 39 4 36 26
split_gain=1.60531 2.58432 2.97888 2.26905 4.45194 3.74932 2.48148 3.96496 2.86059 2.63502 2.32193 2.10364 2.06209 4.75042 4.45924 4.44922 5.00506 6.03221 5.66556 4.74514 4.82609 4.52956 3.75466 3.47253 3.93548 4.75844 4.05236 3.96936 3.73949 3.23543
threshold=0.6125236749649049 -0.89954105019569386 0.59029436111450206 1.0563500523567202 0.37583385407924658 0.01432961178943515 0.60202011466026317 0.42197485268116003 0.48074999451637274 0.47543671727180487 0.4479887336492539 0.65340694785118114 -0.25217548012733454 0.55936726927757274 3094292.5000000005 -0.13023915141820905 0.020413716323673729 3696.5000000000005 0.19793333858251574 0.88270872831344616 0.92873212695121776 -0.090859696269035325 0.27917534112930303 0.3689993172883988 0.64819741249084484 0.42830759286880499 0.22222223132848742 1.0478988289833071 0.45338252186775213 2.0217499732971196
decision_type=2 2 2 2 2 2 2 2 2 2 2 2 2 2 2 2 2 2 2 2 2 2 2 2 2 2 2 2 2 2
left_child=1 2 -1 6 5 -5 -2 8 11 -10 -9 -8 13 14 22 16 17 -14 -19 20 21 -20 -3 24 25 -24 28 -27 -26 -15
right_child=3 12 -4 4 -6 -7 7 10 9 -11 -12 -13 15 29 -16 -17 -18 18 19 -21 -22 -23 23 -25 26 27 -28 -29 -30 -31
leaf_value=-0.05109514776423818 0.077714615263069373 -0.096165633836041667 0.068840142936032495 -0.04549561520917033 -0.09655634173970952 0.099532505020654208 0.038907971570290356 -0.13267443928320163 0.085513521792120836 -0.0061832374594698383 -0.00043360384368506085 -0.068859322163922848 0.077407159381676416 0.020191778280685566 -0.15842819745396225 -7.4440812431975914e-05 -0.12562390732113315 0.055686767967899689 0.028509991573159865 -0.17736799420523319 0.072441817155876304 -0.091405551793854942 -0.11944096806141249 0.08599590450949067 -0.14964770267940905 0.026981165716200017 0.059765028041759351 -0.13215402483518493 0.030968132048579414 0.07947945790978922
leaf_weight=17.178039513807565 8.4988188841380161 4.1009045020909971 2.354776056143236 3.4517172630876285 4.6237401841208339 3.6863009966909885 3.473105935379869 2.4655739963054648 10.829896565526722 4.4099224235396823 2.8771620984189212 3.785675935447216 5.3274220421153577 53.48895433355483 2.0007058081100686 1245.4533884600687 5.2034099332522592 5.2261703007206988 4.1349269081838509 2.9791568203327179 3.1093518896959713 13.223691297684127 5.3301260469888829 4.5976101262494913 2.1034619320998926 8.3282492337166314 11.411795262654776 1.9308198467551836 2.5191471944563091 11.117737171764018
leaf_count=385 51 64 49 24 37 26 15 17 67 43 31 25 64 367 20 10712 40 47 26 31 20 386 61 19 34 127 82 35 16 71
internal_value=9.73929e-05 -0.000514983 -0.0366364 0.0180621 -0.0201146 0.0294015 0.0304182 0.0159806 0.0343705 0.0589794 -0.0614603 -0.017296 -7.97063e-06 0.0133347 -0.0127069 -0.00111856 -0.0342886 -0.0203108 -0.0384666 -0.0594526 -0.0422897 -0.062841 -0.00547651 0.00479116 -0.00701482 -0.0427921 0.0277691 -0.00296906 -0.0512189 0.0303942
internal_weight=1459.22 1411.12 19.5328 48.1019 11.7618 7.13802 36.3402 27.8413 22.4986 15.2398 5.34274 7.25878 1391.59 106.93 42.3228 1284.66 39.2041 34.0007 28.6733 23.4471 20.468 17.3586 40.3221 36.2212 31.6236 15.5892 16.0344 10.2591 4.62261 64.6067
internal_count=12992 12656 434 336 87 50 249 198 150 110 48 40 12222 896 458 11326 614 574 510 463 432 412 438 374 355 223 132 162 50 438
is_linear=0
shrinkage=0.1


Tree=175
num_leaves=31
num_cat=0
split_feature=47 27 13 17 9 21 23 36 13 2 22 2 10 26 44 17 27 4 50 23 24 37 7 27 50 17 44 22 21 0
split_gain=1.55079 2.7025 2.44721 2.45867 2.7056 2.19981 1.99108 1.76364 1.97405 1.68968 5.40937 4.94593 5.77294 5.15743 6.75524 4.27105 5.88086 4.07756 3.85392 3.27922 3.1701 3.10953 2.87556 2.75897 2.62396 2.42755 4.34093 7.24559 11.6062 8.95549
threshold=0.10641238093376161 0.934200018644333 22.209085464477543 57.550209045410163 0.0011594322277233007 -0.0048197356518357983 0.092940200120210661 0.55829003453254711 49.337669372558601 0.045455699786543853 17.179265022277836 0.055246507748961456 -0.011053639929741619 0.76254999637603771 0.86198806762695324 25.764435768127445 0.67535001039505016 0.87639552354812633 0.51020979881286632 0.48429276049137121 0.40859553217887884 0.57783156633377086 77.920700073242202 0.79864999651908886 0.68806114792823803 33.176935195922859 0.80982792377471935 11.418983936309816 0.045676643028855331 0.26570391654968267
decision_type=2 2 2 2 2 2 2 2 2 2 2 2 2 2 2 2 2 2 2 2 2 2 2 2 2 2 2 2 2 2
left_child=1 2 5 4 7 -1 -6 8 -4 10 19 12 18 14 20 17 -17 -15 -11 24 22 -21 23 -14 -2 -13 -27 -28 -29 -30
right_child=9 -3 3 -5 6 -7 -8 -9 -10 11 -12 25 13 15 -16 16 -18 -19 -20 21 -22 -23 -24 -25 -26 26 27 28 29 -31
leaf_value=0.038450956324367458 -0.034135047834753345 -0.10570913043046251 -0.11225043860298289 -0.096643356922900048 -0.11523901463554634 -0.11465337216732607 0.066447806027369272 0.03048734015287189 0.059234087590736298 -0.10813194508131714 0.061514978959985048 0.0067178505650175155 -0.11247172074908962 0.055843121110090058 -0.2740681113131388 0.07966314123198906 -0.098723602015065498 -0.14943459029444112 0.057006190661314238 0.078773264554282754 -0.1861490438895147 -0.069782074901422006 0.10512733833599602 0.092840619863576029 -0.19676790876061384 -0.0064923506914481375 -0.042726042529174932 0.039141094476722565 -0.084737796782164559 0.0030532726895299879
leaf_weight=1.2723530282310092 2.4179313619933982 3.5038677537595495 2.9854959567383079 2.082303373310423 0.6484294242291061 3.5759882880156573 8.6421960979096166 2.8108964257407933 0.86600789804288059 1.7271155325361158 16.116915854010585 480.00283670253339 3.4788745067289728 1.2965517563279707 2.2324326002271846 5.4355032191560877 2.800076093777534 3.8145026460042573 7.7756226122146472 3.3385223774566839 1.9106183059629982 2.4379624416324077 1.1356742978096006 0.80618599837180216 1.6823048724327234 638.07634393412081 24.43462310929317 104.18563993956195 12.991621688008307 110.01940771663794
leaf_count=65 89 236 285 139 31 163 184 22 42 275 105 3922 220 20 24 39 34 307 43 56 67 23 3 12 14 5256 204 511 59 542
internal_value=9.71517e-05 -0.0239244 -0.0114018 0.00555357 0.0188931 -0.0744741 0.0537672 -0.0297384 -0.0736923 0.000541002 0.0258037 7.26624e-05 -0.038536 -0.0657158 -0.121765 -0.0255525 0.0190121 -0.0973606 0.0269925 -0.0324702 -0.0753882 0.0160756 -0.0363489 -0.0738445 -0.100862 0.000986307 -0.0021059 0.00901709 0.014582 -0.00621865
internal_weight=1454.5 26.3875 22.8837 18.0353 15.953 4.84834 9.29063 6.6624 3.8515 1428.12 25.9936 1402.12 32.4132 22.9104 9.56379 13.3466 8.23558 5.11105 9.50274 9.87672 7.33135 5.77648 5.42073 4.28506 4.10024 1369.71 889.708 251.631 227.197 123.011
internal_count=12992 1167 931 703 564 228 215 349 327 11825 287 11538 1044 726 326 400 73 327 318 182 302 79 235 232 103 10494 6572 1316 1112 601
is_linear=0
shrinkage=0.1


Tree=176
num_leaves=31
num_cat=0
split_feature=11 2 16 28 15 0 8 4 36 19 36 3 6 36 22 24 33 19 26 36 28 19 9 21 36 11 6 33 27 15
split_gain=1.55274 3.2613 3.66964 3.64081 4.6709 3.51216 2.7796 9.02628 8.43074 7.6248 8.03193 5.65544 6.99611 5.50716 5.45365 5.44323 4.98142 4.86058 5.36275 5.71606 4.86031 4.82774 4.68402 8.91255 4.68068 4.41132 5.38241 4.53093 4.35312 4.73403
threshold=0.053343752399086959 0.077151671051979079 -0.001741889107506722 8707654.5000000019 -0.014650790486484764 0.062448726966977126 39.850091934204109 1.9667545557022097 0.34846934676170355 7.2861516475677499 0.44041670858860021 1.9670417308807375 68.647136688232436 0.25453203916549688 12.760576725006105 0.01351329777389765 0.50000178813934337 10.639118671417238 1.596300005912781 0.32121853530406957 10451747.500000002 3.3135432004928593 0.032263267785310752 0.0025480638723820452 0.5876641869544984 0.34119178354740148 61.952526092529304 0.71433910727500927 0.86560001969337474 -0.019614392891526219
decision_type=2 2 2 2 2 2 2 2 2 2 2 2 2 2 2 2 2 2 2 2 2 2 2 2 2 2 2 2 2 2
left_child=1 2 5 -3 -5 -1 7 8 17 10 13 -10 22 16 -12 -11 -9 18 19 20 25 -21 23 24 -13 26 -2 -27 29 -20
right_child=6 3 -4 4 -6 -7 -8 9 11 15 14 12 -14 -15 -16 -17 -18 -19 28 21 -22 -23 -24 -25 -26 27 -28 -29 -30 -31
leaf_value=0.038159787928550126 -0.015214820119869736 0.029223016254014963 0.045570663399683201 0.013456561952432472 -0.15214967927089265 -0.14144294823997425 0.0013370427752001333 -0.028051604545694987 0.045520838674841448 -0.11008748163218039 -0.20286407503659737 -0.075787452859783749 0.093300420121465097 0.036707320533776788 -0.04383583832910265 0.027955211546576222 -0.21328814595432136 -0.14111767442918305 -0.012598747189723748 -0.026620331856387958 -0.11649773765315392 -0.22155231580195089 0.057790606755450939 -0.1953671110967985 0.024133599493977136 -0.12109603892677107 0.09416151512639534 0.041522961335587645 -0.117326540863767 0.06293046132102284
leaf_weight=1.493257531947165 49.34226232394758 60.996091591543518 2.9382462126486626 4.8474629561969778 2.6256268536671987 4.0198422622925136 1142.7340731994327 3.6591630648708833 46.529236405462143 3.6896962662576724 7.4410321184259356 8.6751824937528088 5.5958405546843997 5.4882404053059872 3.0364135998534039 12.649021640478166 2.4065991945099086 3.1918733766215146 16.574298861978605 2.3247681167413239 5.2136582840175825 2.8016302528558299 5.0311570539051891 3.5078761596232644 10.200364905176682 6.8424156800701876 4.9505513906478873 2.2856821022578515 2.2902188061270854 16.619862560302863
leaf_count=42 834 459 64 39 30 84 10020 50 230 30 54 60 39 33 22 61 28 26 156 24 95 21 22 22 57 207 14 27 25 117
internal_value=9.15261e-05 0.0139174 -0.0446909 0.0211516 -0.0447282 -0.0927964 -0.000683004 -0.0107043 -0.00185446 -0.0549826 -0.0933714 0.0230611 -0.0085965 -0.0358738 -0.156777 -0.00321832 -0.101544 -0.0194801 -0.0159262 -0.0312935 -0.0236855 -0.133153 -0.0293956 -0.0489926 -0.02179 -0.0160556 -0.00524162 -0.0803761 0.0160177 0.0252177
internal_weight=1450 76.9205 8.45135 68.4692 7.47309 5.5131 1373.08 230.347 191.977 38.3702 22.0314 79.5397 33.0104 11.554 10.4774 16.3387 6.06576 112.437 109.245 73.761 68.6346 5.1264 27.4146 22.3834 18.8755 63.4209 54.2928 9.1281 35.4844 33.1942
internal_count=12992 718 190 528 69 126 12274 2254 1976 278 187 430 200 111 76 91 78 1546 1520 1222 1177 45 161 139 117 1082 848 234 298 273
is_linear=0
shrinkage=0.1


Tree=177
num_leaves=31
num_cat=0
split_feature=35 7 14 5 3 14 5 4 38 33 28 28 44 3 43 6 28 11 45 24 36 13 11 24 33 3 47 28 24 26
split_gain=1.58897 3.87041 3.34616 9.79585 5.97171 5.44144 4.19259 5.61539 10.2964 4.12855 4.66405 6.00164 3.91706 3.90113 3.87646 3.10558 6.66776 5.9476 5.7914 6.59004 9.19749 6.25314 5.23336 5.73341 6.04446 5.19598 4.99855 4.49102 6.09799 6.70606
threshold=0.94597589969635021 92.438060760498061 51.34129714965821 0.58991268277168285 0.40428920090198522 55.208549499511726 1.1682183146476748 0.6753092110157014 0.44881275296211248 0.62793949246406566 2090618.5000000002 4397755.5000000009 0.52382177114486705 0.92019847035408031 0.56250000000000011 81.151718139648452 7658.5000000000009 0.7871464490890504 0.62752085924148571 0.2286816015839577 0.30117753148078924 56.957513809204109 1.0690259337425234 0.082640398293733611 0.68952184915542614 0.99185776710510265 0.57815662026405346 1311324.5000000002 0.085825085639953627 1.622500002384186
decision_type=2 2 2 2 2 2 2 2 2 2 2 2 2 2 2 2 2 2 2 2 2 2 2 2 2 2 2 2 2 2
left_child=15 2 9 12 -5 -6 7 -7 -9 13 -11 -12 -4 -2 -8 22 25 -18 19 21 -21 -19 -1 24 -24 -17 -26 -20 29 -29
right_child=1 -3 3 4 5 6 14 8 -10 10 11 -13 -14 -15 -16 16 17 18 27 20 -22 -23 23 -25 26 -27 -28 28 -30 -31
leaf_value=-0.001203462150340968 -0.12276093485728817 -0.089647492334575946 -0.069147516116603802 0.075117184968808787 -0.16616581615675008 0.0057679039880356936 -0.079013244501382141 -0.22108529138730698 0.001310104973513957 0.056628264638962637 -0.085405916110592936 0.042017137549245853 0.065759890672270227 0.013786038155423492 0.042900653174304755 -0.0025909000596714051 0.057197781907278637 0.038388352350863214 0.052992782010068379 -0.14989349069736638 0.018835868487157452 -0.073422819830571348 0.044213420439012739 -0.064843161262282664 -0.10825733529740265 -0.15328678964358025 0.034625409377520198 -0.089190789170243992 0.036412740067991826 0.047905234901995497
leaf_weight=1121.3920095915164 3.1703886827453953 3.7162866480648509 2.4397858723532435 4.1408310662955037 3.721321593970063 5.3280641697347191 3.7578704804182044 4.8288748003542405 3.6593803758732975 41.507261831546202 6.0524534061551085 9.4953793399035913 18.260905410308624 6.1530086789280176 8.5245192721486074 5.1728969767646031 30.620637552987318 17.576249462086711 30.654186314670369 7.8786447706661402 5.4761114451102912 6.9914241514779851 14.135212227964077 27.637485514096625 6.673873070307307 4.1027569093275815 3.8671292429789901 10.994990990497174 21.522955075837672 5.281977040693163
leaf_count=11066 23 21 31 23 25 27 21 29 25 301 39 59 106 31 40 45 176 62 130 57 24 38 101 242 42 20 19 57 91 21
internal_value=8.61897e-05 0.0108736 0.0139599 -0.00436249 -0.0374134 -0.0530394 -0.0369092 -0.0746991 -0.125208 0.029048 0.0391295 -0.00758605 0.0498597 -0.0326463 0.00560037 -0.000933368 0.0128066 0.0183621 0.00718322 -0.0241656 -0.0807061 0.00656933 -0.00264571 -0.0335616 0.00147394 -0.0692459 -0.0558386 0.0245499 0.00148392 -0.0447023
internal_weight=1444.73 124.756 121.04 54.6616 33.9609 29.82 26.0987 13.8163 8.48826 66.3785 57.0551 15.5478 20.7007 9.3234 12.2824 1319.98 146.273 136.997 106.377 37.9224 13.3548 24.5677 1173.71 52.3137 24.6762 9.27565 10.541 68.4541 37.7999 16.277
internal_count=12992 801 780 327 190 167 142 81 54 453 399 98 137 54 61 12191 721 656 480 181 81 100 11470 404 162 65 61 299 169 78
is_linear=0
shrinkage=0.1


Tree=178
num_leaves=31
num_cat=0
split_feature=6 34 13 35 36 23 51 33 34 2 4 4 18 20 8 8 44 6 34 26 10 2 34 4 0 38 47 44 24 50
split_gain=1.51259 6.10086 7.11822 5.1935 6.72729 6.16836 7.12443 4.84897 6.84101 4.83812 4.82194 6.65549 5.93117 4.90143 4.7833 7.36281 6.59236 7.19184 6.1057 5.89055 5.25376 5.09883 4.6613 4.56652 4.66097 4.53517 4.53111 4.51888 6.34601 4.51494
threshold=66.30344390869142 0.9463411569595338 33.382446289062507 0.63932526111602794 0.25245615839958196 0.5900065302848817 0.74113160371780407 0.53678059577941906 0.68672034144401561 0.13659182190895083 0.52743914723396312 0.47835095226764685 -0.026012059301137921 1.5000000000000002 41.674455642700202 43.75000190734864 0.83412396907806408 58.336860656738288 0.4993435144424439 0.21455000340938571 0.13429035246372226 0.18509452790021899 0.54929208755493175 4.284731626510621 0.07487101107835771 0.4325947910547257 0.40137922763824468 0.70125383138656627 0.071428578346967711 0.35545544326305395
decision_type=2 2 2 2 2 2 2 2 2 2 2 2 2 2 2 2 2 2 2 2 2 2 2 2 2 2 2 2 2 2
left_child=1 7 -3 5 25 6 -4 8 14 -7 11 13 -13 22 16 -16 23 26 21 -20 -21 -17 -9 24 -1 -5 -18 28 -27 -12
right_child=-2 2 3 4 -6 9 -8 10 -10 -11 29 12 -14 -15 15 18 17 -19 19 20 -22 -23 -24 -25 -26 27 -28 -29 -30 -31
leaf_value=-0.070750322790990541 -0.0034447507502289596 0.073452229464736604 0.055482013684084279 0.04112792963432374 0.0622654775449797 -0.023282731210348531 -0.11131450508258789 -0.056072057022792943 0.057447991823001837 -0.2050920771726065 -0.044430226155735608 0.0016567800892111973 -0.18053239121117465 -0.032441497880202015 0.065090725674064126 -0.089317566566053913 -0.11396230551091571 -0.26114730871489672 -0.10386876303799404 0.020071339172484062 -0.120898193737107 0.0028361763855384438 0.064153665961212775 -0.1014641825676186 0.0026813542616075958 0.082420030801897304 0.076727366466465885 -0.11814270286795354 -0.071192174068252873 0.003698283482942133
leaf_weight=9.1939056224437063 655.28191896264798 24.298221938312054 8.4733753510518017 10.992526816204192 26.514818004332483 2.7590774183627209 3.6699168989434829 4.5283970763121024 25.224379957900965 3.1174770463258028 21.798602636823489 2.7446314377666567 5.120661620883765 67.441593877207197 24.718630393228523 11.197714830533188 3.2118772458034064 2.0425624866038561 4.1095163197751381 145.30539258885074 2.6927376273524706 12.944945378454575 11.203082823558359 4.7304519586032248 144.4908922234772 4.6980467140674609 2.0359753426164389 5.2712687999010077 6.2900722431950271 184.17073098342371
leaf_count=340 3564 185 52 46 174 25 19 141 149 19 559 61 77 1013 224 833 71 12 126 1963 41 182 134 41 1518 20 10 28 36 1329
internal_value=0.000102214 0.00306309 0.0266687 0.0108335 0.0264049 -0.0356276 0.00507317 -0.000229293 0.00707438 -0.119732 -0.00986642 -0.0290317 -0.116957 -0.0207171 0.00360906 0.0139802 -0.00896915 -0.101946 0.00681212 0.0142273 0.0175065 -0.0399061 0.029546 -0.00469028 -0.00171156 -0.00848575 -0.0399817 -0.0420282 -0.00551421 -0.00139536
internal_weight=1440.27 784.991 96.0848 71.7866 53.7667 18.0198 12.1433 688.907 391.899 5.87655 297.008 91.0384 7.86529 83.1731 366.675 200.969 165.706 7.29042 176.25 152.108 147.998 24.1427 15.7315 158.415 153.685 27.2519 5.24785 16.2594 10.9881 205.969
internal_count=12992 9428 604 419 304 115 71 8824 5510 44 3314 1426 138 1288 5361 3369 1992 93 3145 2130 2004 1015 275 1899 1858 130 81 84 56 1888
is_linear=0
shrinkage=0.1


Tree=179
num_leaves=31
num_cat=0
split_feature=1 43 37 26 28 16 3 18 15 1 16 14 18 16 24 11 8 37 11 34 8 15 50 28 9 3 3 7 34 21
split_gain=1.62187 2.40896 2.70678 5.20126 2.97269 2.68971 3.23364 2.33114 3.25927 3.72039 2.99774 5.83443 6.13271 3.85823 4.19984 4.22954 5.16767 2.80906 2.80277 4.87492 2.78578 2.76808 4.62679 4.44812 3.71504 3.63921 4.28784 3.81159 3.45454 2.63066
threshold=0.6125236749649049 0.66249999403953563 0.50083965063095104 1.0563500523567202 102345.00000000001 2.8725302219390874 0.27317358553409582 -0.39093789458274836 -0.68807294964790333 0.13196512311697009 -0.67614898085594166 25.047148704528812 0.69444194436073314 -0.31091275811195368 0.18181819468736651 0.52849107980728161 29.93134689331055 0.51282340288162243 0.64567565917968761 0.92524799704551708 25.765896797180179 -0.13023915141820905 0.85089081525802623 3696.5000000000005 0.030259100720286373 0.29514145851135259 2.5955529212951665 16.428133010864261 0.86961022019386303 -0.026281335391104218
decision_type=2 2 2 2 2 2 2 2 2 2 2 2 2 2 2 2 2 2 2 2 2 2 2 2 2 2 2 2 2 2
left_child=7 2 3 4 -2 6 -4 18 9 -9 11 -10 -13 14 15 16 -12 -18 19 20 -1 22 23 -15 25 -25 27 -27 29 -29
right_child=1 -3 5 -5 -6 -7 -8 8 10 -11 13 12 -14 21 -16 -17 17 -19 -20 -21 -22 -23 -24 24 -26 26 -28 28 -30 -31
leaf_value=0.032708475535690222 0.056052754100283625 -0.058310918057742835 -0.023462890396815775 -0.11352793365667052 -0.068062584901146847 -0.037882093103757029 0.070214383952641263 -0.033196879973903963 0.03873802457586395 0.08818209873935029 -0.070347814817547816 -0.18686821962639522 -0.026791955102666604 0.075401130409285089 0.070003609822463175 -0.091422663980013114 -0.042890890903765355 0.059836125775870434 -0.11897894872358382 0.10264092730912155 -0.045645367217175631 8.7757739955426434e-05 -0.10787969483008115 0.042638432801178162 0.057745437160529128 0.091249255474975199 0.027845059643022297 -0.002718612004584068 -0.0075823177326395435 -0.12282077823654812
leaf_weight=5.6512811078682779 7.7615289138630015 3.7672826442867509 4.4645253894850674 3.6606361437588921 2.5682859590742737 3.6526774764060965 21.100801610387862 3.6013013696938279 5.512885371776064 8.4512738548219186 4.9491343857225791 3.9251029838342202 6.132672521751374 5.0186979524005428 16.049920190285775 3.8466113164904518 3.1574232116108787 16.961300165625289 2.9710861836947506 3.0567779568955293 23.025532393491631 1232.9982813644001 5.8471540715545407 4.8006262453345725 4.7098743302631183 1.3374391045290455 5.3724544301221604 2.117905065064412 4.6382588166743508 13.130343085158524
leaf_count=74 59 23 34 32 25 19 144 43 38 33 46 44 37 56 116 25 44 94 141 30 540 10703 34 83 18 22 33 55 32 315
internal_value=0.000106496 0.0183808 0.0250674 -0.0111028 0.0251941 0.0423868 0.0538553 -0.000512311 0.000144319 0.0519141 -0.000321147 -0.0439432 -0.0892626 0.0001915 0.0289829 0.006213 0.021195 0.0437142 -0.0261034 -0.0174078 -0.0302043 -0.000819919 -0.0246457 -0.0128117 -0.0250729 -0.0374965 -0.0519607 -0.0721621 -0.0831521 -0.106139
internal_weight=1434.24 46.9757 43.2085 13.9905 10.3298 29.218 25.5653 1387.26 1352.56 12.0526 1340.51 15.5707 10.0578 1324.94 44.9644 28.9145 25.0679 20.1187 34.7047 31.7336 28.6768 1279.97 46.9728 41.1256 36.1069 31.397 26.5964 21.2239 19.8865 15.2482
internal_count=12992 336 313 116 84 197 178 12656 11871 76 11795 119 81 11676 325 209 184 138 785 644 614 11351 648 614 558 540 457 424 402 370
is_linear=0
shrinkage=0.1


Tree=180
num_leaves=31
num_cat=0
split_feature=35 18 34 1 6 34 16 35 45 7 15 0 19 44 3 13 2 2 10 9 16 5 21 10 44 15 4 51 47 26
split_gain=1.56057 4.65585 4.10804 8.63664 6.01394 7.30283 6.19823 5.34454 5.42771 7.11964 11.7846 7.89738 7.49796 15.8694 8.49449 6.79328 8.5382 9.70206 5.72893 5.66073 7.95445 4.4603 5.07328 5.17828 4.52707 3.9224 4.13708 4.02784 4.39179 6.81439
threshold=0.54327899217605602 0.45506297051906591 0.50004315376281749 0.11350433528423311 72.843906402587905 0.4993435144424439 -0.0034558768384158607 0.7274845838546754 0.60745751857757579 67.022693634033217 0.060130339115858085 0.23434773087501529 -1.0019181966781614 0.82212537527084362 1.518339276313782 32.76123237609864 0.12865086644887927 0.22564236074686053 0.10761529952287675 0.037522062659263618 -0.13474074006080625 1.1418107748031618 0.0329648144543171 -0.017956395633518692 0.78305038809776317 0.17651380598545077 0.94296440482139599 0.81257253885269176 0.4073904305696488 1.2831000089645388
decision_type=2 2 2 2 2 2 2 2 2 2 2 2 2 2 2 2 2 2 2 2 2 2 2 2 2 2 2 2 2 2
left_child=1 25 3 4 5 6 -2 8 15 10 -10 -11 -13 14 -14 16 -5 19 21 20 -18 22 -17 -24 -25 27 -27 -1 29 -29
right_child=2 -3 -4 7 -6 -7 -8 -9 9 11 -12 12 13 -15 -16 18 17 -19 -20 -21 -22 -23 23 24 -26 26 -28 28 -30 -31
leaf_value=-0.0093962348998204732 -0.13382766019719061 0.041007023572747367 -0.0012238951725176059 -0.17148735863069442 -0.047844690996010963 0.087176701951157398 0.035366253472413116 0.058130903068499919 -0.028403455578419747 0.085656123408268114 -0.20710815529395574 0.05255075275155735 -0.061986419865270696 0.019579161010506583 -0.26233945840130463 0.033075431646081239 0.080268643838545095 -0.13038498913309973 -0.086142035034333653 0.083194291468626613 -0.13939167664136287 0.068023505669850159 0.050724721143537266 -0.12262812462452705 0.016183725117628594 -0.00022729057896109903 -0.1100157417155871 -0.086344054021701699 0.080086465943397356 0.06534977652506746
leaf_weight=293.74563699723149 2.8047853421030586 20.123340473510325 849.19815468539309 3.8978831694985301 5.5517825733404598 32.697530867531896 9.4951376411845541 16.316911810718011 13.106880176288543 7.9917446969629955 5.1361921853385857 8.2127068103291112 4.1614360660314578 10.643094427883623 4.3055946975946426 43.333152665662055 3.0214694797759902 5.0285620687354813 4.4688510769046834 8.6276146927848441 3.6281599392968928 22.483018051745603 4.8936407025903472 6.7260142355225945 3.6106694471091032 6.2422982920252235 7.6245444999949541 5.7225178821245226 10.901345213293096 6.1374276215210557
leaf_count=5220 122 138 5757 45 37 109 179 113 85 26 33 37 15 45 25 269 23 42 31 31 54 95 19 42 19 124 147 40 52 18
internal_value=0.000105172 -0.00569226 0.00198778 0.0138385 0.0503527 0.0624683 -0.0032155 0.00356103 -0.00189236 -0.0279885 -0.0787163 -0.00178315 -0.0273586 -0.0617001 -0.163869 0.0108461 -0.0359253 -0.00990292 0.0240839 0.0297542 -0.0395821 0.0301617 0.0156262 -0.03402 -0.0741403 -0.00853675 -0.0605934 -0.00625604 0.0342698 -0.0078437
internal_weight=1429.84 350.497 1079.34 230.143 50.5492 44.9975 12.2999 179.594 163.277 53.5576 18.2431 35.3146 27.3228 19.1101 8.46703 109.719 24.2037 20.3058 85.5153 15.2772 6.64963 81.0465 58.5635 15.2303 10.3367 330.374 13.8668 316.507 22.7613 11.8599
internal_count=12992 5739 7253 1496 447 410 301 1049 936 266 118 148 122 85 40 670 195 150 475 108 77 444 349 80 61 5601 271 5330 110 58
is_linear=0
shrinkage=0.1


Tree=181
num_leaves=31
num_cat=0
split_feature=48 33 15 48 14 6 39 4 14 14 24 10 28 45 34 13 13 26 35 4 35 19 19 23 6 50 14 36 38 24
split_gain=1.49842 4.32855 4.13412 2.00882 1.86641 4.63241 3.78322 2.15509 1.91444 5.40688 5.84444 7.07926 5.40005 6.34607 4.74351 3.45812 8.74932 5.61922 5.81358 5.98549 5.23386 5.99921 6.69039 4.76605 6.4051 4.09381 4.06256 3.51607 3.35534 2.86264
threshold=0.75000000000000011 0.76021361351013195 0.12563695758581164 0.84999999403953563 89.40112686157228 83.157192230224624 0.99999991059303295 0.39797158539295202 82.645549774169936 79.342121124267592 0.38461540639400488 0.041749829426407821 157037.00000000003 0.60516059398651134 0.99998527765274059 71.280834197998061 68.084533691406264 1.8038499951362612 0.93710216879844677 0.48999504745006567 0.5000385344028474 -0.2824432104825973 -1.1783859729766843 0.2714285701513291 68.43985748291017 0.67676478624343883 69.435234069824233 0.050556676462292678 0.45397269725799566 0.055555557832121856
decision_type=2 2 2 2 2 2 2 2 2 2 2 2 2 2 2 2 2 2 2 2 2 2 2 2 2 2 2 2 2 2
left_child=4 2 -2 -3 8 6 7 -6 9 15 11 14 13 -10 -11 16 -1 18 19 25 28 22 23 24 -22 -18 29 -23 -17 -21
right_child=1 3 -4 -5 5 -7 -8 -9 12 10 -12 -13 -14 -15 -16 20 17 -19 -20 26 21 27 -24 -25 -26 -27 -28 -29 -30 -31
leaf_value=9.3975240178835405e-05 -0.084422632571059114 0.10501778890677256 0.030092589936047343 0.028992323687735907 -0.080386164551359829 -0.21779800816566969 -0.12269781068571571 0.056991338046723627 0.02189407154292175 -0.13414003168049402 0.050097194573467868 -0.20834701679106715 0.064380208416941226 -0.18798708956223883 0.090832695780658265 -0.18375602574216363 -0.13819591950912288 0.035284402577802888 0.014563012667155765 -0.049538816704782163 0.041996624214954363 -0.050273284905064775 -0.10987175612483749 0.046613752166059029 -0.19053308066336888 -0.36868959083695302 0.027832944825227881 0.066761084240177015 0.017364309340927388 -0.16437808837833429
leaf_weight=1269.6946473874887 5.4772785855457204 6.0723476763814661 7.4275067573762499 8.1271642483770847 1.5003797924127846 1.3211131653442851 2.4335854406381259 4.7796022055581489 4.551432143001878 1.8086729512870061 2.8899748522962909 4.0361875847447664 14.383683021704199 2.1078350406314712 1.9451566524803638 1.9401551345945329 1.7709839919261932 4.8277680407190919 4.4457527756458139 3.8239951642754004 2.4962615565709738 2.7957133380696169 5.0710336246993419 14.967745844362069 2.2544201529235579 1.3640882965410126 2.5827629842788147 31.382031287706923 1.4490656888228839 5.0203487526268873
leaf_count=11843 32 26 34 39 46 12 26 76 54 30 20 28 65 19 13 14 40 28 28 26 35 21 31 108 24 12 34 134 39 55
internal_value=0.000119475 0.0234072 -0.018512 0.0615042 -0.00033214 -0.0433043 -0.0168484 0.0241698 -2.13812e-05 -0.000482301 -0.0713558 -0.116413 0.0299116 -0.0445389 -0.0175638 7.59523e-05 -0.00103287 -0.0610582 -0.085528 -0.116085 0.0230775 0.0300231 -0.00742927 0.0189161 -0.0683496 -0.238485 -0.0825043 0.0571878 -0.0977668 -0.114725
internal_weight=1424.75 27.1043 12.9048 14.1995 1397.64 10.0347 8.71357 6.27998 1387.61 1366.57 10.68 7.79002 21.043 6.65927 3.75383 1355.89 1293.53 23.8357 19.0079 14.5622 62.3564 58.9672 24.7895 19.7184 4.75068 3.13507 11.4271 34.1777 3.38922 8.84434
internal_count=12992 131 66 65 12861 160 148 122 12701 12563 91 71 138 73 43 12472 12066 223 195 167 406 353 198 167 59 52 115 155 53 81
is_linear=0
shrinkage=0.1


Tree=182
num_leaves=31
num_cat=0
split_feature=2 2 38 45 5 3 50 36 33 44 2 18 10 3 50 36 35 51 19 24 14 9 18 33 16 17 28 19 0 34
split_gain=1.48997 2.5038 3.69278 3.26704 2.34746 4.33498 3.9528 3.63597 3.49476 4.36478 5.9259 3.05112 2.73327 2.71 2.70694 2.67562 2.26443 2.07343 5.96112 5.70626 4.22885 3.99971 3.53781 2.99515 2.93207 4.24293 3.75085 3.21725 5.41937 4.83903
threshold=0.46740609407424932 0.47916571795940405 0.57029694318771373 0.26107886433601385 0.68064910173416149 0.34151498973369604 0.40366086363792425 0.2089553847908974 0.88699042797088634 0.70533061027526867 0.66469290852546703 0.050946099683642394 -0.1066194139420986 0.82363441586494457 0.17243400216102603 0.20476344972848895 0.65551277995109569 1.0000000180025095e-35 3.7819468975067143 0.49790759384632116 27.526884078979496 -0.022509476169943806 -0.39093789458274836 0.41221262514591223 -0.23586939275264737 28.000541687011722 1096449.5000000002 5.8193469047546396 0.16167014092206958 0.94887384772300731
decision_type=2 2 2 2 2 2 2 2 2 2 2 2 2 2 2 2 2 2 2 2 2 2 2 2 2 2 2 2 2 2
left_child=17 -2 4 -4 5 7 14 11 9 10 13 16 -7 -8 -6 -11 -3 18 19 20 -1 -20 -19 -22 25 26 -24 28 29 -27
right_child=1 2 3 -5 6 12 8 -9 -10 15 -12 -13 -14 -15 -16 -17 -18 22 21 -21 23 -23 24 -25 -26 27 -28 -29 -30 -31
leaf_value=-0.10724387338716102 0.066517332834297657 -0.029786597340022987 0.05248975221536583 -0.13427314621746106 -0.029050685582028252 -0.016432406592702779 -0.039442274692089802 0.05675641350739892 -0.11303926330148382 -0.017542277222409943 0.027916594886952542 0.018241883374432555 0.061515979906248568 -0.15108443216511891 0.07942393542933375 0.068764777841074043 -0.16389930791318208 -0.037586958791798075 -0.009914718899787088 -0.17155029784667206 -0.08288308810988107 -0.14824384760580378 0.063921039359136511 0.059238699158865607 -0.00074210688229800481 -0.092126176017814781 -0.049898206012067597 0.037751246816093681 0.013166610587482251 0.08651097888458531
leaf_weight=2.1756033197343738 7.7405126848025239 2.1839313835371268 1.316367077990434 3.2469830987829482 3.2658076003426668 5.4424220975488451 3.9611080214381236 3.9472524165175846 3.7201961614191523 6.6667230105958861 6.0470523862168184 3.1154866274446249 25.937507954193279 4.8199584987014532 7.782978959265165 7.7881167475134134 2.9726250586099923 24.826346123338226 3.380618556344416 1.6675751924049098 1.6814758231848816 5.4762993649928813 24.573516649456 12.553167743346419 1186.133716364513 10.885770065273388 3.2820348523382554 17.722482653160114 24.852598980549374 1.7618291908875114
leaf_count=71 47 18 14 57 35 34 21 27 26 30 42 16 145 25 45 49 27 672 18 23 71 55 178 126 10675 142 24 104 158 17
internal_value=0.000117814 0.0118897 0.00730429 -0.0803986 0.0118703 0.0283202 -0.00441051 -0.0222107 -0.0217425 -0.0101439 -0.0482625 -0.0598922 0.0479969 -0.100723 0.0473609 0.0289591 -0.107099 -0.000772942 -0.0282338 0.00469494 0.0226046 -0.0954447 -0.000201357 0.0424505 0.000529921 0.0186911 0.0505105 0.00264065 -0.0139525 -0.0672418
internal_weight=1420.93 99.955 92.2145 4.56335 87.6512 43.5992 44.0519 12.2193 33.0032 29.283 14.8281 8.27204 31.3799 8.78107 11.0488 14.4548 5.15656 1320.97 26.9347 18.0778 16.4102 8.85692 1294.04 14.2346 1269.21 83.0782 27.8556 55.2227 37.5002 12.6476
internal_count=12992 658 611 71 540 267 273 88 193 167 88 61 179 46 80 79 45 12334 364 291 268 73 11970 197 11298 623 202 421 317 159
is_linear=0
shrinkage=0.1


Tree=183
num_leaves=31
num_cat=0
split_feature=36 47 3 26 0 44 22 43 23 8 8 7 7 9 24 3 16 36 47 35 10 18 22 45 9 50 15 47 10 34
split_gain=1.4604 2.93379 3.57525 3.26544 4.67016 4.44133 5.17933 2.86509 3.54896 3.51812 2.77915 2.57506 2.64201 4.5765 4.66287 4.1825 5.3171 3.11187 2.56951 6.7208 9.36426 6.99006 7.56103 8.16492 6.05967 5.25517 5.2547 7.38137 5.0988 4.97181
threshold=0.83364582061767589 0.23983243852853778 6.0856063365936288 1.673349976539612 0.097661089152097716 0.86506962776184093 29.584099769592289 0.61250001192092907 0.37499998509883886 52.302133560180671 45.001146316528327 16.428133010864261 24.571872711181644 -0.083941254764795289 0.040000000968575485 0.80175933241844188 -0.0019617849029600616 0.21638932824134829 0.30775021016597753 0.76399394869804393 0.043854307383298881 0.1553689315915108 37.589508056640632 0.39829574525356298 0.054520683363080032 0.71189984679222118 -0.062837444245815263 0.21699998527765277 -0.06144964508712291 0.54573604464530956
decision_type=2 2 2 2 2 2 2 2 2 2 2 2 2 2 2 2 2 2 2 2 2 2 2 2 2 2 2 2 2 2
left_child=11 2 7 4 -3 10 -7 8 9 -2 -5 -1 13 -13 -15 17 -17 -16 19 20 29 22 23 -22 -23 -26 27 -21 -29 -14
right_child=1 3 -4 5 -6 6 -8 -9 -10 -11 -12 12 18 14 15 16 -18 -19 -20 26 21 24 -24 -25 25 -27 -28 28 -30 -31
leaf_value=0.047485243867040214 0.03696923310672981 -0.11524711227421594 -0.049129885733006258 -0.0072847025352095231 -0.0028006573013804876 0.061558428105118183 -0.13895259173770297 -0.036968373745355186 0.072609851804429193 -0.084944444821371715 0.088440549461151111 0.065724182912604498 0.0047996259612634457 -0.12726070256959915 -0.041559954792680071 -0.14553910893760799 0.1049269164230773 0.090057810411676431 0.0036953298189517573 0.035736243367788662 -0.0088106312970574197 0.031418242102312081 0.055329609265849081 -0.12612809644344244 -0.15973019193678262 0.020168380608139677 0.033229508219193897 0.072593421556198801 -0.10113411773419884 -0.016098081115676739
leaf_weight=10.845901482499356 9.6975811095617228 3.8530577860292388 5.0118226436898103 4.1261372477747527 89.200539832061622 2.4490075004287055 2.7179554831236601 4.2825557878240934 23.494743736693636 3.1313631422817698 11.446896818699313 3.6966968952256165 236.06456838379563 6.1459895917796556 3.3879106223612308 3.8903517283761175 1.0836663302616214 3.8238604770740494 618.97346239231047 11.997598974470749 8.1538974076975155 14.785240923709354 3.814446266856975 21.773843472696171 3.8329645530902772 2.817330326884985 69.273547227610834 2.0066852653399101 10.684379068174165 219.89277131262133
leaf_count=188 64 29 35 30 586 16 26 30 140 23 61 58 3739 99 98 81 12 26 4021 136 98 112 17 424 43 14 383 14 132 2257
internal_value=0.000113432 0.00913013 0.0305563 0.000540701 -0.00745671 0.0364225 -0.0439155 0.0403916 0.0495123 0.00721184 0.0630778 -0.00103011 -0.00145238 -0.0357767 -0.0562449 -0.0204275 -0.0909712 0.0282271 -0.000834676 -0.00546856 -0.00998719 -0.0488961 -0.0772648 -0.0941646 -0.00424029 -0.083518 0.0191119 -0.0205007 -0.0736647 -0.00527863
internal_weight=1416.36 159.412 45.6181 113.794 93.0536 20.74 5.16696 40.6062 36.3237 12.8289 15.573 1256.95 1246.1 22.0285 18.3318 12.1858 4.97402 7.21177 1224.07 605.097 511.135 55.1777 33.7422 29.9277 21.4355 6.65029 93.9622 24.6887 12.6911 455.957
internal_count=12992 1040 292 748 615 133 42 257 227 87 91 11952 11764 374 316 217 93 124 11390 7369 6704 708 539 522 169 57 665 282 146 5996
is_linear=0
shrinkage=0.1


Tree=184
num_leaves=31
num_cat=0
split_feature=26 28 4 23 34 27 36 19 27 16 28 21 18 51 0 15 18 1 50 7 36 4 5 27 28 35 9 22 21 0
split_gain=1.4563 4.78643 1.97041 1.65639 4.06573 4.68353 7.20033 5.27711 4.68939 9.85298 7.15353 6.80287 5.83475 7.93501 5.81154 5.13713 5.30036 5.69844 5.03412 4.5386 4.03598 3.92939 4.82412 6.31675 4.04663 3.72817 3.66608 7.00823 6.04486 6.64277
threshold=0.098400000482797637 37373.500000000007 1.9985732436180117 0.17917487770318988 0.38696403801441198 0.84415000677108776 0.094307359308004393 -1.036683917045593 0.64899998903274547 0.81517797708511364 43438496.000000007 0.062779787927865996 0.05925943702459336 0.81813296675682079 0.10940906777977945 0.024940866045653824 0.0011243006447330119 0.15094967186450961 0.81953829526901256 71.642539978027358 0.56881105899810802 4.4762711524963388 1.0295101404190066 0.82914999127388012 15244.500000000002 0.58141890168190014 0.024626213125884536 23.681535720825199 0.051924888044595725 0.32798819243907934
decision_type=2 2 2 2 2 2 2 2 2 2 2 2 2 2 2 2 2 2 2 2 2 2 2 2 2 2 2 2 2 2
left_child=1 -1 -3 4 -2 8 7 -7 9 26 11 12 15 14 -14 16 17 -10 -18 -16 -8 -5 24 -24 -23 -22 27 -6 -28 -30
right_child=3 2 -4 21 5 6 20 -9 10 -11 -12 -13 13 -15 19 -17 18 -19 -20 -21 25 22 23 -25 -26 -27 28 -29 29 -31
leaf_value=-0.13306415874042396 -0.056506759739495739 0.087656015999150613 -0.021995203426202481 -0.0031658127577680207 0.015823287050289674 0.025756352634780572 0.0599811111856558 -0.15673700358465514 0.073678105401185884 -0.11782472080565205 -0.18297869343111975 0.050420251862016624 -0.14115313216187605 -0.16793451724762642 0.041632977454749066 0.06843837572600435 -0.11103251930261421 -0.051021443279742486 0.022646843037272574 -0.098783862577528789 -0.09828683087463061 -0.045875002404417067 0.017416529214658819 -0.10525081183183836 0.066569633474983417 0.030036379342542954 0.054767734277541037 -0.087374664397279506 -0.12107752062972124 0.020660615033830404
leaf_weight=1.4393477988051007 9.7194416647616872 7.2356530716897378 2.1186747707797622 1080.1719763559986 42.712779401706939 3.1269113926246064 42.218911170290085 3.2123859710991374 8.2045758402855444 5.4174613910145117 2.5384510991862035 13.964365546591578 3.6536985603743259 5.8701290577300815 8.4617043292819272 7.879699289740528 9.0208009728521557 6.6226103230437721 4.0962422266602507 3.1620858112000851 3.2410866823047382 3.6640339483710731 21.43161454135225 5.2205111495568408 25.297951839689631 7.5104238810017705 47.016040220478317 7.7791118922577871 4.338593160267922 13.900491012260316
leaf_count=34 411 83 19 9811 747 46 274 66 116 43 20 57 55 41 54 58 106 97 16 26 24 29 123 35 138 46 249 77 27 64
internal_value=0.000108645 0.0366995 0.062821 -0.000173571 0.00696682 0.00939616 0.0339979 -0.0667206 0.00189961 0.0139867 -0.018033 -0.0121304 -0.0274622 -0.0691144 -0.0311444 -0.00287403 -0.0229827 0.0179807 -0.0692866 0.00343459 0.0460515 -0.00183118 0.0240908 -0.00661106 0.0523441 -0.00864718 0.0201561 -7.60661e-05 0.035811 -0.0130551
internal_weight=1410.25 10.7937 9.35433 1399.45 263.668 253.949 59.3097 6.3393 194.639 121.164 73.4744 70.9359 56.9715 21.1476 15.2775 35.8239 27.9442 14.8272 13.117 11.6238 52.9704 1135.79 55.6141 26.6521 28.962 10.7515 115.747 50.4919 65.2551 18.2391
internal_count=12992 136 102 12856 2720 2309 456 112 1853 1207 646 626 569 176 135 393 335 213 122 80 344 10136 325 158 167 70 1164 824 340 91
is_linear=0
shrinkage=0.1


Tree=185
num_leaves=31
num_cat=0
split_feature=3 38 11 3 36 18 26 34 24 3 19 9 9 9 40 37 39 19 22 33 50 24 24 8 33 23 45 1 39 51
split_gain=1.44636 5.55366 5.33906 4.35641 8.96495 3.9273 3.84591 4.97197 4.94315 7.42098 4.11962 4.21349 3.91696 5.28397 5.91159 4.99174 4.16785 8.31814 6.78712 3.79691 7.09657 5.02551 4.33682 6.95119 5.58631 4.43478 3.95325 5.52751 5.3709 3.84538
threshold=0.54374009370803844 0.42031313478946691 0.29288187623023992 0.56787884235382091 0.38042952120304113 -0.037893204018473618 0.33630000054836279 0.65714403986930858 0.46021439135074621 0.47089633345603948 -0.06476344913244246 0.054520683363080032 -0.0020870328880846496 -0.014473708812147377 0.15000000223517421 0.50920855998992931 0.30461293458938604 1.1119881272315981 4.2212474346160898 0.75168108940124523 0.70826375484466564 0.47161717712879186 0.040000000968575485 83.624198913574233 0.81639525294303905 0.92664992809295665 0.64441794157028209 0.24627050012350085 0.61538496613502514 0.90123242139816295
decision_type=2 2 2 2 2 2 2 2 2 2 2 2 2 2 2 2 2 2 2 2 2 2 2 2 2 2 2 2 2 2
left_child=1 6 5 4 -2 -3 7 -1 12 10 -10 -12 13 14 -8 -16 17 -14 -19 20 -4 22 25 24 -24 -21 27 28 -22 -26
right_child=3 2 19 -5 -6 -7 8 -9 9 -11 11 -13 16 -15 15 -17 -18 18 -20 21 26 -23 23 -25 29 -27 -28 -29 -30 -31
leaf_value=-0.12422214108565457 -0.10185444642739749 -0.014362294193900447 -0.011482033265152604 -0.00093103074208483239 0.095466423632370359 0.045912126320438326 0.063792959638552402 0.018379043081938082 0.055701733429796722 0.076946574141352184 -0.16601046145102635 -0.0028075779154880924 0.056282081967661914 -0.10703212015516589 -0.17532158637387191 0.016174051229566468 0.068957757524321914 0.048128305181939127 -0.13772307054630037 0.06606537281118656 -0.15907979162167021 0.068181638721291279 0.020341728040979251 -0.20095504219700452 0.012154076593964095 -0.086252209524315185 -0.013510772289504775 -0.19595997221965081 0.0098386011157803582 -0.12695122560670469
leaf_weight=3.8596151047386211 10.437034185881201 16.374388203448689 89.209436823567557 1069.4817252922558 2.954245689790695 31.811155591094575 11.850875556818215 6.6710579546634108 1.808630715124308 4.5868788797815787 4.8769353781826785 2.3414070983417332 18.091029901712322 3.7605878594913511 2.2668961903545997 3.4072385887266137 42.546400452964008 3.2309010419994575 5.0149182641180232 11.044501611657322 3.1887594732106681 11.450459248793775 15.970821827926562 2.1851970427378538 3.0353247225284559 2.3115551128430516 6.1492775843653353 4.7834049719967879 4.5943676865426823 5.7552405400201678
leaf_count=39 179 389 2154 8582 17 422 66 33 12 16 54 13 80 58 27 30 171 19 51 91 32 59 133 27 42 41 56 32 30 37
internal_value=0.000109278 0.00599139 -0.00374508 -0.00164077 -0.0583236 0.0254297 0.0236959 -0.033886 0.0295386 -0.0266278 -0.0792571 -0.113072 0.0380187 0.00052485 0.0236049 -0.0603311 0.0496047 0.0183404 -0.0649022 -0.012549 -0.0232273 0.00971918 -0.00689069 -0.0299851 -0.014897 0.0397035 -0.0792112 -0.111361 -0.0593675 -0.0789191
internal_weight=1405.05 322.177 207.864 1082.87 13.3913 48.1855 114.313 10.5307 103.783 13.6139 9.02697 7.21834 90.1688 21.2856 17.525 5.67413 68.8832 26.3368 8.24582 159.678 107.925 51.7531 40.3026 26.9466 24.7614 13.3561 18.7158 12.5665 7.78313 8.79057
internal_count=12992 4214 3545 8778 196 811 669 72 597 95 79 67 502 181 123 57 321 150 70 2734 2304 430 371 239 212 132 150 94 62 79
is_linear=0
shrinkage=0.1


Tree=186
num_leaves=31
num_cat=0
split_feature=26 27 5 3 35 38 1 3 38 27 7 26 4 24 18 18 22 10 4 11 1 44 27 26 27 5 37 3 4 6
split_gain=1.45188 4.94988 7.14035 6.38615 6.12198 5.38035 4.74318 5.36281 4.83151 3.83432 4.60961 4.28942 5.01254 7.05989 4.75673 4.49751 3.6741 3.49387 4.4327 4.455 4.49768 3.2295 3.18448 5.92802 3.58865 5.34034 5.29329 5.11329 5.11304 6.99309
threshold=0.40215000510215765 0.74834999442100536 1.4337348341941836 0.43326880037784582 0.693120837211609 0.39108398556709295 0.05775012448430062 3.8238096237182622 0.58409494161605846 0.3486000001430512 88.493480682373061 0.14500000327825549 1.2235804796218874 0.090909097343683257 0.01581396255642176 0.0099530271254479902 15.454007148742678 -0.035043859854340546 0.26898506283760076 0.61264517903327953 0.16026584804058078 0.63055849075317394 0.28079999983310705 0.40960000455379492 0.36665000021457678 0.92364931106567394 0.50023671984672557 1.4163033962249758 0.58770489692687999 38.497186660766609
decision_type=2 2 2 2 2 2 2 2 2 2 2 2 2 2 2 2 2 2 2 2 2 2 2 2 2 2 2 2 2 2
left_child=1 6 3 -3 -4 -5 8 9 16 11 17 -8 14 -14 15 21 -1 18 -11 20 -20 -13 -2 -24 25 26 -25 -27 29 -28
right_child=22 2 4 5 -6 -7 7 -9 -10 10 -12 12 13 -15 -16 -17 -18 -19 19 -21 -22 -23 23 24 -26 27 28 -29 -30 -31
leaf_value=-0.14632216440590862 0.02793218743726484 -0.12318349959700087 -0.18526592701861255 -0.11186616661785279 0.018748314646625974 0.028567765025453509 0.044665175091620574 0.081916901122440655 -0.43343093922815162 0.077019200840480667 -0.10387291577126222 -0.024247545940477226 -0.090597870965189939 0.053463477323929455 -0.14826287838392424 0.097543577032496498 0.041410144322517856 0.032199083373321669 -0.11612733053120328 -0.19508983546897901 0.035201601334838475 -0.16026277830871211 -0.16604269617076173 0.017486898943743379 -0.00062926759857080748 0.040737715191631468 0.019558923442373793 -0.059145708289300027 -0.040232381192479794 -0.18841688716501515
leaf_weight=2.1474966561308966 36.277236265266765 3.9723824931516019 4.5067973133700425 3.0782425631769028 2.1834642718022224 23.986796855999273 9.7536113539244962 12.094134125160052 0.36744090827050957 3.3808148729149243 2.8229944954837256 5.785742443436904 4.9455698201199985 10.897408676577468 5.3070019524166119 2.1330012430553316 2.0260105117622516 96.59074529974896 3.2175592279090761 1.8592559274111398 5.0411697131348774 2.4999355957770604 2.2029293698578831 7.2925272014899774 1100.8731649359725 15.707701767594701 2.1203728074833652 7.6074552128993664 12.682823249167994 6.8069361780653708
leaf_count=225 516 69 51 24 15 160 143 64 21 22 22 217 37 77 60 12 33 793 61 19 55 51 23 192 9568 215 28 55 109 55
internal_value=0.000106032 0.00780231 -0.0249804 -0.00478242 -0.118683 0.0125955 0.0150407 0.0177936 -0.0857947 0.0127654 0.0223038 -0.013298 -0.0312067 0.00849305 -0.0712025 -0.0319499 -0.0551883 0.0255393 -0.0221148 -0.0552394 -0.0237554 -0.0652857 -0.00124129 -0.00215736 -0.00184426 -0.0274592 -0.0561819 0.00814696 -0.0810421 -0.139019
internal_weight=1400.17 208.598 37.7277 31.0374 6.69026 27.065 170.87 166.329 4.54095 154.235 112.913 41.3223 31.5687 15.843 15.7257 10.4187 4.17351 110.09 13.4988 10.118 8.25873 8.28568 1191.57 1155.29 1153.09 52.2178 28.9027 23.3152 21.6101 8.92731
internal_count=12992 2231 319 253 66 184 1912 1633 279 1569 972 597 454 114 340 280 258 950 157 135 116 268 10761 10245 10222 654 384 270 192 83
is_linear=0
shrinkage=0.1


Tree=187
num_leaves=31
num_cat=0
split_feature=1 11 44 15 45 10 4 33 36 37 4 8 44 11 24 45 27 47 7 22 23 26 24 35 13 21 51 16 12 28
split_gain=1.44342 2.32963 2.21408 2.21427 2.67679 4.20303 2.44415 2.09953 1.87987 6.70179 3.84606 5.01753 6.06241 4.31161 4.17518 3.77246 5.33269 5.73309 4.07391 5.76027 6.4781 5.44452 3.52652 5.19538 3.96912 5.75432 3.56342 4.03806 3.39638 3.39118
threshold=0.6125236749649049 1.1613649129867556 0.8121994435787202 0.87646037340164196 0.54209986329078685 -0.063212785869836793 0.45560711622238165 0.74256131052970897 0.52346986532211315 0.56066459417343151 3.9248695373535161 60.255390167236335 0.73815762996673595 1.3283296823501589 0.062499998137354858 0.48929882049560552 0.71524998545646679 0.19822445511817935 57.898624420166023 28.174168586730961 0.49999995529651647 0.98649999499320995 0.14725822955369952 0.61136162281036388 25.095189094543461 -0.0019956849282607432 0.45000767707824713 -0.03966631926596164 4.5000000000000009 2346.0000000000005
decision_type=2 2 2 2 2 2 2 2 2 2 2 2 2 2 2 2 2 2 2 2 2 2 2 2 2 2 2 2 2 2
left_child=8 2 3 4 5 -2 -7 -5 10 15 13 14 -13 -1 28 29 22 -18 -19 20 -20 -21 26 24 -24 -26 27 -17 -12 -10
right_child=1 -3 -4 7 -6 6 -8 -9 9 -11 11 12 -14 -15 -16 16 17 18 19 21 -22 -23 23 -25 25 -27 -28 -29 -30 -31
leaf_value=-0.0035722541218758419 0.054709186901356892 -0.055612365741987059 0.067325163406546581 0.026614437049793823 0.061197527389900655 0.01121529942618717 -0.099548868555115896 -0.10514680255986913 -0.022575083876861635 -0.0053647201209541953 -0.082065753944960934 -0.1052356582074005 0.02558384568044951 -0.094886956207064402 0.063371717768666652 0.050755133142545927 -0.10517304259492964 0.066152197766684059 0.0083957493464774293 -0.076555515967260582 -0.18425997823146362 0.052928849659888658 0.042546750923462801 0.049699201306744212 0.027282688182490567 -0.15095483845520871 0.065498202519960455 -0.12162959243911189 0.040772713531967174 0.060003319816863424
leaf_weight=955.59258358400621 6.7070007203146806 3.9291545152664176 9.476357168518005 2.1012011661659917 10.990343694342299 3.4795282001141512 4.660557197406888 2.8491386736277491 5.7797955428686683 205.67229350353591 4.1121688590210379 5.7621753495186558 9.1956528513692302 5.1989315226383033 27.47657464506301 3.2259084843099117 6.2381490543084501 7.1327224466949728 3.2322673543094451 4.6606140546500674 3.7940688207745552 10.708661705255507 3.4176307831075992 10.783591914921997 2.8357516430987744 5.0139760083984584 28.780855838253046 2.3478626141732084 4.9727614451549016 35.625775639899075
leaf_count=10308 48 32 66 21 78 26 37 28 51 1140 37 39 46 45 129 30 52 53 21 25 21 43 20 71 33 33 152 27 38 242
internal_value=0.000101439 0.0178855 0.0250578 0.012048 0.0237867 -0.00390613 -0.0522021 -0.04922 -0.000480063 0.00596227 -0.00263905 0.0239793 -0.0248115 -0.00406637 0.0439403 0.0234027 0.0121391 -0.0180671 0.000334898 -0.0206271 -0.0956342 0.0136637 0.0312927 8.2898e-05 -0.0474031 -0.0865657 0.0513251 -0.0218592 -0.0148284 0.0484762
internal_weight=1395.75 44.1933 40.2641 30.7878 25.8374 14.8471 8.14009 4.95034 1351.56 339.25 1012.31 51.5193 14.9578 960.792 36.5615 133.578 92.1721 35.7665 29.5283 22.3956 7.02634 15.3693 56.4056 22.051 11.2674 7.84973 34.3546 5.57377 9.08493 41.4056
internal_count=12992 336 304 238 189 111 63 49 12656 2014 10642 289 85 10353 204 874 581 215 163 110 42 68 366 157 86 66 209 57 75 293
is_linear=0
shrinkage=0.1


Tree=188
num_leaves=31
num_cat=0
split_feature=37 34 50 17 1 35 17 19 38 21 34 33 11 33 11 13 24 21 20 35 36 50 11 4 43 50 28 23 13 19
split_gain=1.53647 3.19521 3.64001 4.19681 4.70037 5.07757 3.80793 5.0964 3.50755 3.38075 4.08791 4.99359 4.40337 3.0218 2.85888 2.85532 2.72309 4.25069 3.54571 3.5348 2.83774 2.51249 3.52028 2.65821 2.45516 3.91054 4.92905 6.14241 6.70033 4.47328
threshold=0.49115769565105444 0.45191341638565069 0.62351083755493175 39.981069564819343 0.19955822825431827 0.65997153520584118 61.469093322753913 1.7516661882400515 0.38467651605606085 0.060032084584236152 0.90538591146469127 0.58366000652313244 0.27290993928909307 0.64753228425979625 0.20626404136419299 16.071946144104007 0.2609155029058457 0.0044949389994144448 1.0000000180025095e-35 0.52289763092994701 0.2752052247524262 0.50210097432136547 0.67130485177040111 0.41571630537509924 0.46249999105930334 0.62351083755493175 1236.5000000000002 0.85435608029365551 32.177337646484382 2.2397854328155522
decision_type=2 2 2 2 2 2 2 2 2 2 2 2 2 2 2 2 2 2 2 2 2 2 2 2 2 2 2 2 2 2
left_child=1 14 8 4 5 -4 7 -5 -3 10 11 15 13 -13 -1 -10 18 20 19 -17 -18 22 23 -20 25 -2 -27 28 -28 -30
right_child=24 2 3 6 -6 -7 -8 -9 9 -11 -12 12 -14 -15 -16 16 17 -19 21 -21 -22 -23 -24 -25 -26 26 27 -29 29 -31
leaf_value=-0.0073354161671707946 0.029439061093099475 0.071134489903061371 -0.15633117629882454 -0.17098767710331458 0.061176509934944848 0.03722917854435609 -0.0085357308978695392 -0.0226647646186144 -0.097452965281765169 -0.11592352355739655 0.054622840672209752 -0.12069557642526865 -0.095171690089386043 0.065335837373215369 -0.11292277055349925 -0.10505490941596174 -0.11009834980067779 -0.13469255389283788 -0.082758485988446151 0.076667129352072261 0.04573784547640361 0.090923398280601128 -0.085767775704343852 0.06578982013046776 -0.00019662762131742806 -0.12020381698188752 0.033996988308560044 0.062686857464390247 -0.19376512810341393 -0.046502875098150945
leaf_weight=4.7717433408415655 69.491678779774702 7.3719698160857652 2.8093945839573298 5.6588061112561245 6.9642634126357734 2.6183708332246169 5.9732487117289557 3.9222591283032671 2.3331958064518394 2.4863176293147253 12.402935702193643 1.147023792087565 10.214215636666266 3.657028209141572 5.5432447455395959 3.2241015237777928 1.484456173126089 2.7261613919035881 1.3809355104058365 1.6024138107895849 5.4903570119931828 8.9117657691967889 2.4572542966488973 9.4353496174880984 1173.8157409093055 3.7487408962333566 8.5191656537354046 10.573311071959322 2.7882722333306429 7.9271429712243844
leaf_count=266 782 51 51 55 35 14 41 20 53 56 120 45 606 58 710 321 180 123 79 11 97 71 193 174 8553 38 55 55 30 49
internal_value=0.000107148 -0.0109855 -0.00573336 -0.0366107 0.00680544 -0.0629571 -0.0712001 -0.110268 0.0055723 -0.0014371 0.00284546 -0.00903284 -0.0580366 0.0209187 -0.0640778 0.0098155 0.0166327 -0.0288128 0.0329539 -0.0447228 0.0125711 0.0498528 0.0222784 0.0468244 0.00110261 0.0159021 -0.0121313 0.00146031 -0.0321961 -0.0848222
internal_weight=1391.45 114.587 104.272 27.9463 12.392 5.42777 15.5543 9.58107 76.3255 68.9535 66.4672 54.0643 15.0183 4.80405 10.315 39.046 36.7128 9.70097 27.0118 4.82652 6.97481 22.1853 13.2735 10.8163 1276.86 103.048 33.5566 29.8079 19.2346 10.7154
internal_count=12992 3430 2454 216 100 65 116 75 2238 2187 2131 2011 709 103 976 1302 1249 400 849 332 277 517 446 253 9562 1009 227 189 134 79
is_linear=0
shrinkage=0.1


end of trees

feature_importances:
w_bb_position=418
mo_trend=323
w_vol_compression=298
pre1_turnover_ratio=193
pre5_bb_position=178
pre1_bb_width=171
w_rsi=165
pre1_vol_ratio=159
adl_divergence=157
base_tightness_10d=157
obv_slope_5d=154
rs_vs_market_5d=150
pre1_rsi_slope=142
pre1_sector_ad_ratio=140
pre5_momentum_5d=136
pre1_macd_hist=134
pre3_vol_ratio=132
pre5_rsi=132
closing_strength=129
up_volume_ratio_10d=129
pre5_macd_hist=126
range_compression_20d=124
rs_vs_market_20d=119
pre5_bb_width=118
pre5_vol_ratio=116
pre3_bb_width=114
pre1_ema20_slope=109
pre1_rsi=108
pre1_body_ratio=108
pre3_macd_hist=105
pre1_sector_pct_ema20=103
pre1_adx=102
pre1_di_diff=97
pre3_momentum_5d=89
pre5_adx=84
pre1_lower_shadow=81
pre3_adx=80
pre3_rsi=67
pre1_ema_align=55
net_accumulation_20d=53
pre5_compression_days=43
higher_lows_streak=35
vol_dryup_days=34
pre1_bar_direction=3

parameters:
[boosting: gbdt]
[objective: binary]
[metric: auc]
[tree_learner: serial]
[device_type: cpu]
[data_sample_strategy: bagging]
[data: ]
[valid: ]
[num_iterations: 1500]
[learning_rate: 0.1]
[num_leaves: 31]
[num_threads: 14]
[seed: 0]
[deterministic: 0]
[force_col_wise: 0]
[force_row_wise: 0]
[histogram_pool_size: -1]
[max_depth: -1]
[min_data_in_leaf: 20]
[min_sum_hessian_in_leaf: 0.001]
[bagging_fraction: 1]
[pos_bagging_fraction: 1]
[neg_bagging_fraction: 1]
[bagging_freq: 0]
[bagging_seed: 3]
[bagging_by_query: 0]
[feature_fraction: 1]
[feature_fraction_bynode: 1]
[feature_fraction_seed: 2]
[extra_trees: 0]
[extra_seed: 6]
[early_stopping_round: 0]
[early_stopping_min_delta: 0]
[first_metric_only: 0]
[max_delta_step: 0]
[lambda_l1: 0]
[lambda_l2: 0]
[linear_lambda: 0]
[min_gain_to_split: 0]
[drop_rate: 0.1]
[max_drop: 50]
[skip_drop: 0.5]
[xgboost_dart_mode: 0]
[uniform_drop: 0]
[drop_seed: 4]
[top_rate: 0.2]
[other_rate: 0.1]
[min_data_per_group: 100]
[max_cat_threshold: 32]
[cat_l2: 10]
[cat_smooth: 10]
[max_cat_to_onehot: 4]
[top_k: 20]
[monotone_constraints: ]
[monotone_constraints_method: basic]
[monotone_penalty: 0]
[feature_contri: ]
[forcedsplits_filename: ]
[refit_decay_rate: 0.9]
[cegb_tradeoff: 1]
[cegb_penalty_split: 0]
[cegb_penalty_feature_lazy: ]
[cegb_penalty_feature_coupled: ]
[path_smooth: 0]
[interaction_constraints: ]
[verbosity: -1]
[saved_feature_importance_type: 0]
[use_quantized_grad: 0]
[num_grad_quant_bins: 4]
[quant_train_renew_leaf: 0]
[stochastic_rounding: 1]
[linear_tree: 0]
[max_bin: 255]
[max_bin_by_feature: ]
[min_data_in_bin: 3]
[bin_construct_sample_cnt: 200000]
[data_random_seed: 1]
[is_enable_sparse: 1]
[enable_bundle: 1]
[use_missing: 1]
[zero_as_missing: 0]
[feature_pre_filter: 1]
[pre_partition: 0]
[two_round: 0]
[header: 0]
[label_column: ]
[weight_column: ]
[group_column: ]
[ignore_column: ]
[categorical_feature: ]
[forcedbins_filename: ]
[precise_float_parser: 0]
[parser_config_file: ]
[objective_seed: 5]
[num_class: 1]
[is_unbalance: 0]
[scale_pos_weight: 3]
[sigmoid: 1]
[boost_from_average: 1]
[reg_sqrt: 0]
[alpha: 0.9]
[fair_c: 1]
[poisson_max_delta_step: 0.7]
[tweedie_variance_power: 1.5]
[lambdarank_truncation_level: 30]
[lambdarank_norm: 1]
[label_gain: ]
[lambdarank_position_bias_regularization: 0]
[eval_at: ]
[multi_error_top_k: 1]
[auc_mu_weights: ]
[num_machines: 1]
[local_listen_port: 12400]
[time_out: 120]
[machine_list_filename: ]
[machines: ]
[gpu_platform_id: -1]
[gpu_device_id: -1]
[gpu_use_dp: 0]
[num_gpu: 1]

end of parameters

pandas_categorical:null
