tree
version=v4
num_class=1
num_tree_per_iteration=1
label_index=0
max_feature_idx=53
objective=binary sigmoid:1
feature_names=pre1_bb_width pre3_bb_width pre5_bb_width pre1_vol_ratio pre3_vol_ratio pre5_vol_ratio pre1_rsi pre3_rsi pre5_rsi pre3_momentum_5d pre5_momentum_5d pre5_bb_position pre5_compression_days pre3_adx pre5_adx pre3_macd_hist pre5_macd_hist pre1_adx pre1_macd_hist pre1_rsi_slope pre1_ema_align pre1_ema20_slope pre1_di_diff pre1_body_ratio pre1_lower_shadow pre1_bar_direction pre1_sector_ad_ratio pre1_sector_pct_ema20 pre1_turnover_ratio pre1_usdegp_chg pre1_vix_level pre1_oil_chg pre1_spread_bps w_rsi w_bb_position mo_trend w_vol_compression obv_slope_5d adl_divergence closing_strength vol_dryup_days dtw_similarity dtw_expected_gain net_accumulation_20d up_volume_ratio_10d range_compression_20d vcp_score base_tightness_10d higher_lows_streak breakout_proximity rs_vs_market_5d rs_vs_market_20d rs_vs_sector_10d rs_rank_pct
feature_infos=[4.5454546376832994e-11:3.997943639755249] [4.5454546376832994e-11:3.8596756458282471] [4.5454546376832994e-11:3.5462777614593506] [0.00015708862338215113:13.0233154296875] [2.3674230760661885e-05:17.025699615478516] [9.1345689725130796e-05:17.025699615478516] [0:100] [0:100] [0:100] [-0.54213160276412964:7.7281794548034668] [-0.63013696670532227:1.4750000238418579] [-0.56213194131851196:1.4201068878173828] [0:44] [0:100] [10.272360801696777:100] [-148.9735107421875:23.653257369995117] [-28.923221588134766:39.076148986816406] [0:100] [-226.71359252929688:31.625276565551758] [-16.666666030883789:17.108381271362305] [0:3] [-0.19999173283576965:1.3477185964584351] [-58.571651458740234:99.767135620117188] [0:1] [0:1] [-1:1] none none [1:821562880] none none none none [0.1259915828704834:1] [0:1] [0:1] [0.0019975886680185795:1] [0.31441432237625122:0.68505769968032837] [0.2298332005739212:0.70006084442138672] [0:1] [0:1] none none [0.27500000596046448:0.75] [0:1] [0.010037614032626152:1] [0.010037614032626152:1] [0.031839977949857712:1] [0:0.89999997615814209] none [0:1] [0:1] none none
tree_sizes=1895 1994 2429 2866 3178 3073 3418 3195 3425 3298 3400 3399 3414 3193 3395 3397 3180 3072 3415 3405 3302 2985 3407 3409 3438 3430 3394 3415 3406 3412 3419 3419 3417 3410 3418 3424 3434 3427 3424 3426 3421 3459 3436 3420 3453 3428 3424 3453 3430 3433 3450 3339 3444 3439 3433 3434 3454 3446 3471 3458 3473 3465 3469 3456 3486 3474 3452 3468 3463 3503 3481 3478 3489 3463 3482 3497 3509 3459 3492 3472 3481 3481 3500 3501 3494 3510 3497 3522 3502 3495 3517 3496 3485 3520 3489 3507 3531 3507 3517 3518 3518 3536 3214 3509 3206 3526 3524 3435 3550 3308 3534 3436 3087 3438 3095 3452 3544 3537 3539 3536 3557 3548 3216 2784 3226 2903 3443 3564 3024 2684 3008 3571 3243 3347 3473 2690 2701 2798 3013 3233 2931 3255 3017 2903 3591 3252 3275 2809 3494 3375 3284 3604 3160 3158 3271 2713 3051 3059 2834 3165 3049 2710 2942 2951 3275 3170 3069 3063 3048 2497 3294 2953 2941 2947 2173 2728 2604 2850 2621 2388 2165 2281 2614 2165 2292 2747 2737 2397 2177 2178 2288 2292 2070 2061 2075 1843 2080 2075 1742 1958 1737 1742 1616 1731 1393 1626 1510 1516 1618 1614 1394 1282 1392 1279 1277 1165 1173 1168 1165 1289 1057 1168 1059 1046 1058 1061 945 943 1172 936 940 1061 943 938 946 1053 834 950 721 833 941 716 836 834 825 838 831 831 717 722 719 829 835 719 834 721 722 714 719 828 719 715 603 719 721 716 727 719 714 606 720 606 717 721 605 606 716 603 607 603 606 716 599 602 604 605 603 493 606 606 604 606 724 605 487 601 600 606 606 492 603 601 491 603 609 605 603 606 492 604 605 609 606 608 609 491 489 495 602 603 600 599 492 606 494 491 488 600 494 493 609 601 604 495 604 609 490 602 491 492 607 491 492 492 606 493 489 493 485 490 489 493 492 492 494 493 493 489 489 491 492 493 492 492 487 493 489 493 490 491 379 488 492 494 496 490 494 493 493 379 485 490 488 489 494 492 489 488 492 486 373 490 494 491 491 493 377 488 488 491 490 491 487 494 492 492 496 379 492 493 491 495 494 484 495 491 491 492 490 491 493 490 492 494 378 492 376 490 377 489 494 493 492 492 379 486 491 379 380 493 379 379 489 380 378 380 380 380 379 380 379 492 379 379 379 490 376 379 491 492 380 492 493 491 494 378 493 378 493 379 377 379 377 379 492 379 491 379 378 492 378 379 485 378 378 490 379 378 379 493 492 379 492 378 379 379 377 379 379 379

Tree=0
num_leaves=17
num_cat=0
split_feature=35 36 50 0 37 34 4 47 15 10 9 16 16 18 0 1
split_gain=611.937 136.83 99.0393 71.7001 43.569 14.8163 14.5052 9.69878 11.5177 7.0517 6.45184 2.83601 1.26096 0.400678 5.68434e-14 2.84217e-14
threshold=0.521297186613083 0.13332176953554156 0.58299544453620922 0.33902759850025183 0.48374915122985845 0.5005989968776704 0.15862877666950229 0.29289311170578008 0.012630504090338947 0.026943542994558815 -0.037271732464432709 0.21310983598232272 -0.19472635537385938 0.10993249341845514 0.57514792680740368 0.20135308802127841
decision_type=2 2 2 2 2 2 2 2 2 2 2 2 2 2 2 2
left_child=3 2 6 5 -3 13 -2 8 -6 -4 -8 12 -9 15 -14 -1
right_child=1 4 9 -5 7 -7 10 11 -10 -11 -12 -13 14 -15 -16 -17
leaf_value=-1.2344211903860869 -0.79749794118066109 -0.96288696838261045 -0.73228551651417229 -0.87575285220566501 -0.73091916094973164 -1.0980763473380994 -1.0832842172156758 -0.75126267713140393 -0.92434662734353179 -0.88397233496481076 -1.2146427722587483 -0.78384409026345647 -0.70040388667722298 -1.2063150161245964 -0.70040388667722286 -1.2344211903042981
leaf_weight=96.064304530620575 1.0299291908741022 11.048331320285795 6.2732050716876966 6.2732050716876975 6.5540948510169965 8.8012130856513959 4.9623861014843014 5.898685365915294 5.8050554394721985 5.9923152923583984 15.168048083782194 5.9923152923583975 22.471182346344001 5.3369058072566977 5.6177955865859976 6.1795751452445975
leaf_count=259 4 33 23 20 24 23 16 22 17 19 36 21 80 16 20 17
internal_value=-1.05672 -0.868769 -1.03248 -1.20507 -0.782439 -1.22282 -1.16353 -0.744348 -0.821771 -0.806392 -1.18226 -0.720414 -0.709231 -1.23303 -0.700404 -1.23442
internal_weight=219.469 96.8133 33.4259 122.655 63.3875 116.382 21.1604 52.3391 12.3592 12.2655 20.1304 39.98 33.9877 107.581 28.089 102.244
internal_count=650 315 98 335 217 315 56 184 41 42 52 143 122 292 100 276
is_linear=0
shrinkage=1


Tree=1
num_leaves=18
num_cat=0
split_feature=35 36 50 0 37 34 34 1 12 14 10 37 1 0 7 16 18
split_gain=456.559 83.1937 74.5029 59.7272 24.0481 10.8232 8.82906 6.79968 9.18317 5.0553 4.78326 0.405336 0.261291 0.0809714 0.0116635 0.00360932 0.000144407
threshold=0.521297186613083 0.13170417398214343 0.58299544453620922 0.3072750866413117 0.48374915122985845 0.5005989968776704 0.64673522114753734 0.15511214733123782 7.5000000000000009 68.007251739501967 0.026943542994558815 0.59884765744209301 0.58483967185020458 0.19876727461814883 66.026199340820327 -0.057401176542043679 0.080624047666788115
decision_type=2 2 2 2 2 2 2 2 2 2 2 2 2 2 2 2 2
left_child=3 2 6 5 -3 11 -2 8 -6 12 -4 16 13 -9 15 -15 -1
right_child=1 4 10 -5 7 -7 -8 9 -10 -11 -12 -13 -14 14 -16 -17 -18
leaf_value=-0.12910031956729437 -0.13093081669436507 0.11611108077843778 0.29395015262468677 0.16879888517982564 0.13518759498853902 -0.010307249481321829 0.001303547593597556 0.31684877483657381 0.29836216813209948 0.20700995094140176 0.17589339116986447 -0.10039173938698807 0.28726327259014472 0.30488327288445566 0.30766606959315324 0.30197184582682651 -0.12964664256112313
leaf_weight=89.569560036063194 10.082717418670656 11.797555133700369 7.1261965781450254 7.7593278288841239 7.483079716563223 8.5335362255573255 10.114293143153189 6.4737662971019736 6.3976296633481979 6.3677524626255027 6.6202774047851562 5.1762539893388739 8.6238187998533231 6.612039536237714 7.5666616559028617 11.960472553968437 5.1145220249891272
leaf_count=261 28 33 22 22 22 22 27 20 20 18 19 15 27 20 23 36 15
internal_value=0.0381434 0.18694 0.0575149 -0.0992171 0.246887 -0.118403 -0.0647103 0.27198 0.210395 0.289937 0.237094 -0.12764 0.302743 0.306836 0.304357 0.303008 -0.12913
internal_weight=223.379 107.226 33.9435 116.153 73.2828 108.394 20.197 61.4852 13.8807 47.6045 13.7465 99.8603 41.2368 32.6129 26.1392 18.5725 94.6841
internal_count=650 315 96 335 219 313 55 186 42 144 41 291 126 99 79 56 276
is_linear=0
shrinkage=0.1


Tree=2
num_leaves=22
num_cat=0
split_feature=35 50 36 50 2 37 34 28 8 35 11 38 43 0 35 14 37 5 37 18 0
split_gain=358.289 71.841 48.6009 47.2281 26.9974 15.1346 10.083 8.17254 4.74666 9.35062 1.48251 2.19093 1.04312 0.372799 0.0778651 0.0724242 0.0163116 0.0014058 0.000324357 0.000109142 1.42109e-14
threshold=0.56283041834831249 0.72683483362197887 0.088599488139152541 0.58299544453620922 0.21166400611400607 0.48374915122985845 0.61346343159675609 60027.500000000007 62.079595565795906 0.78568905591964733 0.32529383897781378 0.44814662635326391 0.43750000000000006 0.17023726552724841 0.50846654176712047 49.822357177734382 0.57264462113380443 1.1232842803001406 0.59826365113258373 0.080624047666788115 0.15524499863386157
decision_type=2 2 2 2 2 2 2 2 2 2 2 2 2 2 2 2 2 2 2 2 2
left_child=1 4 3 -2 6 -4 12 -6 10 -10 11 -7 -1 -12 17 16 -15 18 19 20 -14
right_child=2 -3 5 -5 7 8 -8 -9 9 -11 13 -13 14 15 -16 -17 -18 -19 -20 -21 -22
leaf_value=-0.085832507290671364 -0.073455074245280805 0.22810001925154691 0.10494636164785467 0.22218016891730677 0.11490575801332753 0.17926943495496633 0.011159283930934946 -0.038044686997211356 0.10325207883009797 0.24899429602760181 0.28137218362699212 0.25685871436954727 -0.12557585204401939 0.24953048447602086 -0.13736294511404348 0.26375869619434489 0.25561348371369425 -0.12746781187019182 -0.12645392750535137 -0.12609671163385736 -0.12557585177454961
leaf_weight=6.7624807953834525 13.329979062080385 7.1598776876926413 10.933704555034636 9.0875490605831128 6.4155514836311323 6.5441696643829337 5.8791131079196921 7.6700073182582855 7.5213414579629925 10.615247786045073 6.8490880429744712 8.1990213692188245 65.84819683432579 11.52646210789681 6.2051950246095648 7.0417037010192862 7.1380995213985434 4.5309036672115317 4.796919882297515 4.2668707221746436 4.5412549376487723
leaf_count=21 36 20 30 26 19 20 18 21 19 31 20 23 206 32 14 20 20 13 15 14 12
internal_value=0.0337494 -0.0793869 0.175849 0.0463886 -0.0982171 0.213852 -0.116002 0.0316197 0.232049 0.188554 0.248727 0.222419 -0.123713 0.260641 -0.126553 0.255117 0.251857 -0.125755 -0.125657 -0.125606 -0.125576
internal_weight=222.863 124.076 98.7864 22.4175 116.916 76.3688 102.831 14.0856 65.4351 18.1366 47.2985 14.7432 96.9518 32.5554 90.1893 25.7063 18.6646 83.9841 79.4532 74.6563 70.3895
internal_count=650 373 277 62 353 215 313 40 185 50 135 43 295 92 274 72 52 260 247 232 218
is_linear=0
shrinkage=0.1


Tree=3
num_leaves=26
num_cat=0
split_feature=35 50 47 36 18 2 11 34 36 50 34 43 36 40 37 18 33 22 47 14 45 37 23 18 44
split_gain=290.803 51.8085 47.1685 36.1158 15.6973 12.7557 12.3589 6.63414 10.3165 5.63834 5.01583 3.49328 1.34731 0.477248 0.598862 0.425054 0.00771276 0.00521666 0.00187467 0.00141066 7.49492e-05 5.00729e-05 2.52105e-06 2.02206e-06 9.33098e-09
threshold=0.521297186613083 0.72015327215194713 0.33915451169013983 0.14087209105491641 0.10993249341845514 0.21166400611400607 0.89199149608612072 0.67199265956878673 0.26796908676624304 0.4973342120647431 0.82182729244232189 0.58750000596046459 0.13332176953554156 0.15000000223517421 0.52775388956069957 0.12290244549512865 0.50525176525115978 22.865204811096195 0.044322773814201362 35.632553100585945 0.52443942427635204 0.58837673068046581 0.97705337405204784 0.039617817848920829 0.59951835870742809
decision_type=2 2 2 2 2 2 2 2 2 2 2 2 2 2 2 2 2 2 2 2 2 2 2 2 2
left_child=1 5 3 9 10 15 7 8 -4 -2 -5 12 -9 14 -14 16 18 -16 -1 20 21 22 23 24 -20
right_child=2 -3 6 4 -6 -7 -8 11 -10 -11 -12 -13 13 -15 17 -17 -18 -19 19 -21 -22 -23 -24 -25 -26
leaf_value=-0.12877260669314877 -0.12743169811882071 0.19265587078405866 0.074652508873968501 0.11641674424915305 -0.0013592002936660093 -0.0023684818018975661 0.092416265045643278 0.26718526117396918 0.22657067337425119 -0.0074608185087460428 0.22480710783570426 0.15836121747512866 0.25509177701403923 0.20183498112978904 0.22178536388864162 -0.09108535285580685 -0.12664676506573169 0.21808378420200569 -0.12255762032554091 -0.12419393123818222 -0.12297448513253191 -0.12290822682538599 -0.12263348723409238 -0.12262698014086493 -0.12255346470220491
leaf_weight=0.52053922414779563 7.8478409200906736 6.0386558771133414 8.9340242296457308 7.5437511801719728 6.8095989674329749 10.027631178498266 12.146775767207144 9.3815057277679426 8.9462267607450467 7.821864902973175 9.8359731733798963 7.202422857284545 7.0748576223850312 7.462354138493537 7.4209046661853773 4.3795823305845252 5.5622383654117575 7.818717747926712 44.152972802519798 6.2283911257982245 5.6195318549871436 4.7004094272851935 5.5680139511823645 4.5138633549213401 6.1566692888736716
leaf_count=1 21 16 24 20 15 29 32 27 25 21 28 20 20 21 20 15 18 21 148 20 19 15 17 16 21
internal_value=0.0303668 -0.0915758 0.138905 0.0507222 0.127336 -0.109192 0.184919 0.202409 0.150663 -0.0675457 0.17776 0.222366 0.234139 0.223727 0.231048 -0.121448 -0.12305 0.219886 -0.122792 -0.122751 -0.122624 -0.122594 -0.122569 -0.122563 -0.122557
internal_weight=219.715 103.468 116.247 39.859 24.1893 97.4298 76.3878 64.241 17.8803 15.6697 17.3797 46.3608 39.1583 29.7768 22.3145 87.4022 83.0226 15.2396 77.4604 76.9399 70.7115 65.0919 60.3915 54.8235 50.3096
internal_count=650 335 315 105 63 319 210 178 49 42 48 129 109 82 61 290 275 41 257 256 236 217 202 185 169
is_linear=0
shrinkage=0.1


Tree=4
num_leaves=29
num_cat=0
split_feature=35 50 36 50 19 4 45 36 47 51 11 39 19 21 16 3 2 5 5 18 28 37 38 6 18 23 37 15
split_gain=237.935 43.3584 38.5421 33.4114 14.6472 21.5155 12.9707 12.8854 10.3916 7.78536 4.04407 1.35888 1.21415 0.821662 0.642439 0.525644 0.0216588 0.00493862 0.00107782 0.000268404 2.36817e-05 3.23656e-05 4.50871e-06 1.16695e-07 4.33324e-10 1.3398e-10 2.34479e-13 7.10543e-15
threshold=0.521297186613083 0.72015327215194713 0.13332176953554156 0.58299544453620922 0.48665677011013037 0.56602039933204662 0.23864406347274783 0.39143706858158117 0.37021428346633917 0.24446202814579013 0.62557071447372448 0.93145743012428295 2.6281535625457768 -0.0063132031355053178 0.0061708602588623771 1.8557409644126894 0.20867299288511279 1.2346246242523196 0.92021018266677868 0.080624047666788115 92.321350097656264 0.58837673068046581 0.59904992580413829 44.328287124633796 0.011274596676230432 0.86786469817161571 0.50588190555572521 -0.0020695705898106094
decision_type=2 2 2 2 2 2 2 2 2 2 2 2 2 2 2 2 2 2 2 2 2 2 2 2 2 2 2 2
left_child=1 6 3 8 5 -4 -1 -7 -2 -8 -5 13 16 -6 15 -15 17 18 -11 20 -20 22 23 -22 25 26 27 -25
right_child=2 -3 4 10 11 7 9 -9 -10 12 -12 -13 -14 14 -16 -17 -18 -19 19 -21 21 -23 -24 24 -26 -27 -28 -29
leaf_value=0.13191154579390305 -0.10300869176629149 0.16463732928999322 0.21726898292459751 0.19085206448924041 0.233756702989179 -0.026880457479222832 0.04446475139167317 0.12945746322178528 0.054677504170456782 -0.12128285020290892 0.09058644099429676 0.1686664800667548 -0.075098515636046664 0.16330937726988545 0.21348377544664807 0.20136725979303557 -0.1274056142155299 -0.12363657047288218 -0.12073083269493073 -0.12083603299849376 -0.11994129010587451 -0.12025040606874643 -0.12006021752111727 -0.1199557089326323 -0.11995467859538325 -0.11995512185131454 -0.11995572814755506 -0.11995571048557299
leaf_weight=2.2384553253650656 13.149057954549791 6.3411373496055594 11.785822480916975 8.2982916831970233 7.9892350137233725 10.918148994445803 3.0765222012996665 10.19433645904064 6.1264130324125281 7.8988951593637458 7.8073473125696173 13.925538331270216 6.2732591181993476 7.0575040727853793 12.993902087211607 7.4707832932472229 4.670802265405654 4.3985638022422782 0.42667937278747459 3.9930865764617911 6.6535949409008017 4.2007188200950614 4.313665345311164 10.95600903034209 5.2697973847389212 4.2991092205047599 9.8465459197759611 12.342845529317868
leaf_count=8 37 16 32 23 22 23 8 26 19 29 19 39 21 20 35 20 12 15 1 16 24 14 13 45 22 17 35 39
internal_value=0.0276144 -0.088178 0.123226 0.0359371 0.160735 0.109031 -0.105822 0.0486086 -0.0528906 -0.111827 0.142247 0.195142 -0.117448 0.205524 0.197329 0.18288 -0.1208 -0.120386 -0.120182 -0.120043 -0.119989 -0.119983 -0.119962 -0.119954 -0.119956 -0.119956 -0.119956 -0.119956
internal_weight=214.916 97.1997 117.716 35.3811 82.3353 32.8983 90.8586 21.1125 19.2755 88.6201 16.1056 49.437 85.5436 35.5114 27.5222 14.5283 79.2703 74.5995 70.2009 62.3021 58.309 57.8823 53.6816 49.3679 42.7143 37.4445 33.1454 23.2989
internal_count=650 335 315 98 217 81 319 49 56 311 42 136 303 97 75 40 282 270 255 226 210 209 195 182 158 136 119 84
is_linear=0
shrinkage=0.1


Tree=5
num_leaves=28
num_cat=0
split_feature=35 3 50 36 2 18 47 13 44 28 33 37 36 5 1 44 19 44 18 37 7 38 23 28 44 18 18
split_gain=198.035 51.9216 25.0967 37.7505 16.5426 11.4147 10.4298 5.84227 3.92377 1.83262 0.907005 0.616217 0.2409 0.205499 0.146612 0.11499 0.00158206 0.000241352 0.000128545 4.7357e-06 4.15658e-06 3.94422e-09 1.65542e-10 5.49889e-11 2.24532e-12 9.41469e-13 1.42109e-14
threshold=0.56283041834831249 1.3224357366561892 0.58299544453620922 0.1901926472783089 0.14350310713052752 0.0040843770839273938 0.37021428346633917 44.505243301391609 0.40068098902702337 1414.5000000000002 0.55115813016891491 0.6120971441268922 0.12613204121589663 0.56995713710784923 0.11246619373559953 0.66032359004020702 0.016368266195058826 0.84522542357444774 0.065172594040632262 0.57952317595481884 47.421842575073249 0.55150574445724498 0.83312857151031505 159.50000000000003 0.53235614299774181 0.0009295553609263153 -0.028433847241103646
decision_type=2 2 2 2 2 2 2 2 2 2 2 2 2 2 2 2 2 2 2 2 2 2 2 2 2 2 2
left_child=1 4 3 6 10 -6 -2 -5 -4 -10 14 12 -11 -14 16 -15 17 18 19 20 -1 22 23 -22 25 26 -25
right_child=2 -3 8 7 5 -7 -8 -9 9 11 -12 -13 13 15 -16 -17 -18 -19 -20 -21 21 -23 -24 24 -26 -27 -28
leaf_value=-0.11778758482280927 -0.099129892975005018 0.13555567777832569 0.1061608545615078 0.19101925403710152 -0.07732998766453883 0.073397167934932658 0.054761833997637947 0.090752147179908399 0.13303986642927429 0.20623286429842935 -0.076250615473907657 0.16090603665943973 0.17234539170502816 0.18235489587162701 -0.13411442112558741 0.19832819017882206 -0.11961935176704441 -0.11859657974656744 -0.1183546880947012 -0.11782640385186571 -0.11769870307798724 -0.11769712640408542 -0.11769930349005658 -0.11769991261095823 -0.11769997201921865 -0.1176998644076245 -0.11769990664999358
leaf_weight=6.1531351506710044 11.582263454794886 10.963683396577833 9.1885737776756269 13.908657774329187 12.221539527177812 8.5319552570581418 7.1058919280767432 9.9816159605979902 7.9308776706457129 8.2010968029499036 5.2385673224925986 8.2909929752349836 7.3017307072877911 7.3927743434906033 6.1754828840494147 11.544793546199797 5.2997591048479071 3.6851587891578665 3.4050679355859748 3.851702243089675 0.383282750844958 6.6431535929441443 5.7493785321712485 6.8994207084178916 4.7273918539285651 6.6438738703727713 9.3269929289817899
leaf_count=26 32 30 24 38 39 23 20 26 21 22 17 23 20 20 19 31 17 12 16 14 1 28 23 30 19 24 35
internal_value=0.0253972 -0.0704902 0.124533 0.0658469 -0.0942855 -0.0153646 -0.0406149 0.149127 0.166283 0.177187 -0.116365 0.185381 0.191273 0.186597 -0.119413 0.192093 -0.117966 -0.117814 -0.11776 -0.11772 -0.117711 -0.117699 -0.1177 -0.1177 -0.1177 -0.1177 -0.1177
internal_weight=208.329 105.9 102.429 42.5784 94.9359 20.7535 18.6882 23.8903 59.8508 50.6623 74.1824 42.7314 34.4404 26.2393 68.9438 18.9376 62.7683 57.4686 53.7834 50.3783 46.5266 40.3735 33.7303 27.981 27.5977 22.8703 16.2264
internal_count=650 373 277 116 343 62 52 64 161 137 281 116 93 71 264 51 245 228 216 200 186 160 132 109 108 89 65
is_linear=0
shrinkage=0.1


Tree=6
num_leaves=31
num_cat=0
split_feature=35 50 47 36 10 36 11 10 33 2 19 24 6 10 48 0 2 19 14 2 18 37 23 24 38 10 44 15 47 18
split_gain=166.355 39.2728 25.7625 18.1543 12.0071 10.6751 9.09849 6.88332 5.40305 4.61702 3.3814 3.16081 0.824664 1.1555 0.470837 0.228162 0.0882151 0.00513103 0.000783323 0.000191238 0.000132822 1.54706e-05 9.78464e-07 7.98132e-08 9.40434e-08 4.01437e-09 1.84372e-10 1.79057e-11 1.09033e-11 1.36069e-12
threshold=0.521297186613083 0.75657895207405101 0.33915451169013983 0.14087209105491641 0.030037594027817253 0.47024740278720861 0.89199149608612072 -0.014319650828838347 0.48665192723274237 0.12815177440643313 2.5207598209381108 0.48198758065700537 57.111135482788093 -0.033090230077505105 1.0000000180025095e-35 0.28684268891811376 0.22827985137701037 0.016368266195058826 35.632553100585945 0.078969832509756102 0.080624047666788115 0.58837673068046581 0.97705337405204784 0.44145299494266516 0.57212939858436596 0.02384064439684153 0.53235614299774181 0.0084715327247977274 0.40389233827590948 0.0002590743533801288
decision_type=2 2 2 2 2 2 2 2 2 2 2 2 2 2 2 2 2 2 2 2 2 2 2 2 2 2 2 2 2 2
left_child=1 5 3 7 9 10 8 -2 -4 -5 16 12 14 -14 -10 -15 17 18 19 20 21 22 23 24 25 26 27 28 -1 -30
right_child=2 -3 6 4 -6 -7 -8 -9 11 -11 -12 -13 13 15 -16 -17 -18 -19 -20 -21 -22 -23 -24 -25 -26 -27 -28 -29 29 -31
leaf_value=-0.11573437966504559 0.045706861710004099 0.16627798691824777 0.084412345382173598 0.077259161296994047 -0.02060724959496564 0.037998317005177501 0.056488899570881469 -0.10669064522042911 0.20511636537222661 0.18050238077905689 -0.043975024493083069 0.10248615356470794 0.12545801331265666 0.15846352453594006 0.17355998695172992 0.18044054886923991 -0.13091448665560701 -0.11935784270433483 -0.11739915822452887 -0.11647376074198207 -0.11640393531758142 -0.11595596038456815 -0.11578404582427393 -0.11574494314457306 -0.11571613303726198 -0.11573072121694944 -0.11573370692537675 -0.11573425242070375 -0.11573456862916079 -0.11573449823400211
leaf_weight=4.9337151795625802 4.3581340909004203 5.9216755032539359 10.510042890906332 8.2763723284006172 7.4308637529611579 5.1914813667535773 12.382024481892584 9.2632066309452039 8.9705574214458483 9.0875319391489011 6.9654387906193724 7.5022286772727957 6.7562194764614096 7.1502117216587129 9.9979149103164655 13.921582311391829 4.3588973432779303 4.773935765027999 3.4970705807209006 4.586077742278575 3.3874993547797194 3.5595591589808455 4.3559842631220809 5.7587032020092002 3.2863536402583113 3.406036138534545 3.6414384692907324 3.1716557368636122 11.159692183136938 3.6415727362036714
leaf_count=22 12 15 27 22 16 14 32 30 25 25 23 20 20 20 28 38 14 16 16 18 16 14 17 25 16 15 17 13 49 15
internal_value=0.0234908 -0.0821819 0.101732 0.0348165 0.0857688 -0.100648 0.135035 -0.0579312 0.150041 0.131292 -0.110312 0.162744 0.172405 0.161445 0.188484 0.172983 -0.117155 -0.116206 -0.115948 -0.115856 -0.115799 -0.115756 -0.115739 -0.115734 -0.115732 -0.115734 -0.115734 -0.115734 -0.115735 -0.115735
internal_weight=201.204 85.5968 115.607 38.4161 24.7948 79.6751 77.1908 13.6213 64.8088 17.3639 74.4836 54.2987 46.7965 27.828 18.9685 21.0718 67.5182 63.1593 58.3854 54.8883 50.3022 46.9147 43.3552 38.9992 33.2405 29.9541 26.5481 22.9066 19.735 14.8013
internal_count=650 335 315 105 63 320 210 42 178 47 306 151 131 78 53 58 283 269 253 237 219 203 189 172 147 131 116 99 86 64
is_linear=0
shrinkage=0.1


Tree=7
num_leaves=29
num_cat=0
split_feature=35 3 50 36 2 36 0 13 44 28 19 44 35 11 47 4 8 18 37 16 21 9 44 37 23 38 24 15
split_gain=141.943 38.9271 18.714 27.613 14.6999 9.4441 7.80432 5.05416 3.46714 1.70852 1.50643 0.687513 0.38523 0.128517 0.0804619 0.003202 0.000205864 9.48625e-05 1.1391e-05 4.27678e-07 8.08974e-07 2.04155e-07 1.05519e-07 1.65711e-09 1.98071e-10 5.17701e-11 6.54055e-12 1.79767e-12
threshold=0.56283041834831249 1.3224357366561892 0.58299544453620922 0.1901926472783089 0.14350310713052752 0.13332176953554156 0.28936836123466497 44.505243301391609 0.40068098902702337 1414.5000000000002 3.0174875259399419 0.8934517800807954 0.521297186613083 0.80413031578063976 0.48591269552707678 0.62675741314888012 44.859048843383796 0.080624047666788115 0.58837673068046581 0.014935006387531759 -0.040731845423579209 -0.1008462831377983 0.31684419512748724 0.5109001398086549 0.86786469817161571 0.55695074796676647 0.15355481952428821 0.00082654957077465962
decision_type=2 2 2 2 2 2 2 2 2 2 2 2 2 2 2 2 2 2 2 2 2 2 2 2 2 2 2 2
left_child=1 4 3 6 10 -6 -2 -5 -4 -10 12 13 15 14 -11 -1 -17 18 19 20 -18 -22 -23 24 25 26 -24 -28
right_child=2 -3 8 7 5 -7 -8 -9 9 11 -12 -13 -14 -15 -16 16 17 -19 -20 -21 21 22 23 -25 -26 -27 27 -29
leaf_value=-0.11693510601337098 -0.088933726256767265 0.10857306755729186 0.085300460123499622 0.16566737101913909 -0.073136136233103319 0.066215549550093025 0.049261991646913202 0.071502599489679561 0.10963583631983156 0.16962170894492468 -0.053610634801573777 0.13520205149975367 -0.14542517970397092 0.17697396913038951 0.15775111435877268 -0.11473067201011591 -0.1139209620722168 -0.11460175743193408 -0.11420908646573849 -0.11404576516142639 -0.11407474243341267 -0.11399139094320779 -0.11401495294403163 -0.11401304477727799 -0.11401401023239975 -0.11401442230564485 -0.11401486053788111 -0.11401476712256293
leaf_weight=4.4468927010893813 11.467086382210256 11.306095436215399 9.0107911080121976 13.413677737116815 11.493341691792013 8.4308271333575231 6.3489989489316931 9.9118738919496518 7.7148668915033332 10.761540621519091 4.0544732585549346 8.2938587516546232 4.3029240965843192 9.8639575242996198 12.164839953184126 5.2372420430183402 0.96533814072608137 3.110855519771575 3.2675505578517905 3.9954109936952582 0.54076435416936064 2.1534987017512455 7.8702930435538425 8.1928874030709249 3.5576224699616423 2.803037889301776 6.0374552160501462 3.1265236437320709
leaf_count=17 32 30 24 38 36 26 20 26 21 30 15 24 10 27 35 19 5 16 14 27 3 10 35 36 15 16 30 13
internal_value=0.0218063 -0.0655763 0.105605 0.0540544 -0.089132 -0.0141701 -0.0396858 0.125653 0.142292 0.152815 -0.112592 0.160924 -0.116604 0.16743 0.163323 -0.114362 -0.114137 -0.114069 -0.11403 -0.114015 -0.114011 -0.114014 -0.114013 -0.114014 -0.114015 -0.114015 -0.114015 -0.114015
internal_weight=193.845 94.893 98.9515 41.1416 83.5869 19.9242 17.8161 23.3256 57.8099 48.7991 63.6628 41.0842 59.6083 32.7903 22.9264 55.3054 50.8585 45.6212 42.5104 39.2428 35.2474 34.2821 33.7413 31.5878 23.3949 19.8373 17.0343 9.16398
internal_count=650 373 277 116 343 62 52 64 161 137 281 116 266 92 65 256 239 220 204 190 163 158 155 145 109 94 78 43
is_linear=0
shrinkage=0.1


Tree=8
num_leaves=31
num_cat=0
split_feature=35 1 36 50 36 50 3 15 44 43 36 4 35 15 15 3 38 19 8 18 37 19 44 23 38 37 16 40 24 28
split_gain=119.844 35.4523 21.2043 15.8871 22.9359 8.88326 8.86968 4.91409 3.16601 1.61029 1.04463 0.39061 0.227882 0.209088 0.0414618 0.0317043 0.0186791 0.00429485 0.000112701 6.54987e-05 7.37772e-06 1.97499e-06 1.52492e-09 4.63878e-10 1.82425e-10 3.96092e-11 4.80505e-11 8.82139e-12 2.06413e-12 5.66658e-13
threshold=0.56283041834831249 0.18616423010826114 0.13332176953554156 0.58299544453620922 0.1901926472783089 0.57493501901626598 0.28468202054500585 0.044100614264607436 0.40068098902702337 0.58750000596046459 0.42447578907012945 0.11302761361002923 0.51124638319015514 -0.067506559193134294 0.014187142718583347 1.1493800282478335 0.2746222466230393 0.28369611501693731 44.594753265380866 0.080624047666788115 0.58837673068046581 -1.0000000180025095e-35 0.62404465675354015 0.94921931624412548 0.57884973287582409 0.53416943550109874 0.0085278213955461996 1.0000000180025095e-35 0.41331857442855841 1558876.2500000002
decision_type=2 2 2 2 2 2 2 2 2 2 2 2 2 2 2 2 2 2 2 2 2 2 2 2 2 2 2 2 2 2
left_child=1 5 -3 4 6 11 -2 10 -5 13 -6 -1 16 -10 -15 -16 -13 18 -18 20 21 -20 23 24 25 26 27 28 29 -23
right_child=3 2 -4 8 7 -7 -8 -9 9 -11 -12 12 -14 14 15 -17 17 -19 19 -21 -22 22 -24 -25 -26 -27 -28 -29 -30 -31
leaf_value=-0.075723963295079924 0.065467022784176196 -0.055335734110552627 0.12982874568249811 0.077653024295149253 0.11651219478115454 0.016650533211631392 -0.086984174877092188 0.042817590577392831 0.13742655088517799 0.11105343772773829 0.16762062735577002 -0.1314909508605164 -0.13823194416493717 0.15187469681779131 0.16427095091413541 0.15603866648307002 -0.11306113145404642 -0.11570933505002919 -0.11257982181163875 -0.11302098286863034 -0.11267558170658612 -0.11250474923463863 -0.11250195983430517 -0.11250332977343101 -0.11250379272232658 -0.1125043371247301 -0.11250435440290377 -0.1125049059618132 -0.11250467193937699 -0.11250479698968585
leaf_weight=2.6766489818692198 5.6815865412354496 12.121687456965448 12.626884318888186 8.9134592264890653 7.1153631210327211 5.7972468733787528 11.624583341181276 6.5824944674968711 6.6062492430210069 12.021959111094473 9.1319005489349347 0.54640591144561668 3.8723941743373862 9.7345508038997703 8.8449166715145129 9.9306084811687452 4.982240378856658 4.9435483440756789 3.8699915036559096 2.8521638810634604 2.9947728812694541 6.4216509684920471 2.6669916287064543 3.2599347159266463 2.5685070753097525 2.9637624248862258 2.9637657180428496 4.7421887069940558 2.8650302067399016 4.0505921021103859
leaf_count=9 18 36 36 24 20 15 34 18 20 34 26 1 14 29 25 29 21 19 23 16 14 35 17 15 14 14 14 24 15 21
internal_value=0.0203591 -0.0627286 0.0391364 0.0979173 0.0498897 -0.101491 -0.0369347 0.115707 0.132307 0.142642 0.145238 -0.113052 -0.114818 0.153456 0.157171 0.159917 -0.113098 -0.112905 -0.112611 -0.112558 -0.112525 -0.112512 -0.112504 -0.112504 -0.112505 -0.112505 -0.112505 -0.112505 -0.112505 -0.112505
internal_weight=185.974 89.7864 24.7486 96.1877 40.1359 65.0378 17.3062 22.8298 56.0517 47.1383 16.2473 59.2406 56.5639 35.1163 28.5101 18.7755 52.6915 52.1451 47.2016 42.2194 39.3672 36.3724 32.5024 29.8354 26.5755 24.007 21.0432 18.0795 13.3373 10.4722
internal_count=650 373 72 277 116 301 52 64 161 137 46 286 277 103 83 54 263 262 243 222 206 192 169 152 137 123 109 95 71 56
is_linear=0
shrinkage=0.1


Tree=9
num_leaves=30
num_cat=0
split_feature=35 50 36 50 19 4 2 14 3 0 39 17 35 33 47 44 19 1 8 18 37 40 16 10 23 47 23 15 28
split_gain=102.253 28.8672 17.1649 13.4712 10.7146 15.0544 9.25482 8.28654 6.08831 4.65435 0.957108 1.62768 0.468103 0.46633 0.462261 0.06883 0.0144367 0.00173105 0.000305906 4.72686e-05 5.52187e-06 2.63064e-07 1.10223e-08 4.59437e-10 2.50701e-10 4.923e-11 4.67537e-12 3.90088e-12 3.28626e-12
threshold=0.521297186613083 0.75657895207405101 0.13332176953554156 0.51756414771080028 0.48665677011013037 0.56602039933204662 0.21166400611400607 54.566053390502937 0.26782476902008062 0.27749763429164892 0.83333346247673046 37.322582244873054 0.70516926050186168 0.54199326038360607 0.83678245544433605 0.58215290307998668 0.20743475109338763 0.12631858885288241 47.042539596557624 0.080624047666788115 0.58837673068046581 0.15000000223517421 0.019129307940602306 0.0041980531532317409 0.91804030537605297 0.27094312012195593 0.38441295921802526 0.00012548102313303391 3154405.0000000005
decision_type=2 2 2 2 2 2 2 2 2 2 2 2 2 2 2 2 2 2 2 2 2 2 2 2 2 2 2 2 2
left_child=1 6 3 8 5 -4 13 -7 -2 -5 12 -12 15 16 -14 -6 17 18 -1 20 21 22 23 24 25 -20 28 -28 -27
right_child=2 -3 4 9 10 7 -8 -9 -10 -11 11 -13 14 -15 -16 -17 -18 -19 19 -21 -22 -23 -24 -25 -26 26 27 -29 -30
leaf_value=-0.11212966309297299 0.018970997488671391 0.13798001907496646 0.15741669704003258 0.011769658967205349 0.16873524656927941 0.063619825751050602 -0.0047650932899575447 -0.065946049869715861 -0.12056067776351576 0.11304775654859307 0.15405123469713514 0.089133500330861759 0.11793261016413455 -0.074306234172358598 0.15332468594603366 0.15475130107384216 -0.11651337342282726 -0.11375694285462289 -0.11117373918596912 -0.11162968816993497 -0.11132491791133298 -0.11119755819531525 -0.11116668937329117 -0.11117266376196758 -0.11117306099146512 -0.11117403160686996 -0.11117425401607875 -0.1111740978265971 -0.11117417135808449
leaf_weight=4.092020981013774 5.4788690358400363 5.8688258230686179 10.734155714511873 7.5876918584108379 7.0314474403858203 12.208055794239046 9.9227594733238202 8.2869065552949888 7.2855131477117538 11.288255348801611 6.9491190016269675 8.6947450637817365 7.1281177252531034 3.4829799756407729 7.6521252989768982 7.0477919578552246 6.5221472531557074 3.1023161485791197 3.9778350740671273 2.6112579554319373 2.7409714311361304 5.2522336617112151 2.4397087395191184 3.4351393133401862 2.9832313284277907 4.7011756375432014 4.3396160379052162 2.5314145460724831 2.6218355745077133
leaf_count=17 18 15 32 21 20 32 30 17 27 32 21 28 23 15 23 21 27 16 22 16 14 30 19 18 15 28 26 14 13
internal_value=0.0190665 -0.0743874 0.0805367 0.018679 0.10638 0.0614786 -0.093634 0.0112313 -0.0606694 0.0723363 0.137889 0.11797 0.148686 -0.109716 0.136256 0.161735 -0.112118 -0.111478 -0.111309 -0.111219 -0.111189 -0.111177 -0.111173 -0.111174 -0.111174 -0.111174 -0.111174 -0.111174 -0.111174
internal_weight=177.998 70.6255 107.373 31.6403 75.7325 31.2291 64.7566 20.495 12.7644 18.8759 44.5033 15.6439 28.8595 54.8339 14.7802 14.0792 51.3509 44.8288 41.7264 37.6344 35.0232 32.2822 27.03 24.5902 21.1551 18.1719 14.194 6.87103 7.32301
internal_count=650 335 315 98 217 81 320 49 45 53 136 49 87 290 46 41 275 248 232 215 199 185 155 136 118 103 81 40 41
is_linear=0
shrinkage=0.1


Tree=10
num_leaves=31
num_cat=0
split_feature=35 3 37 19 47 9 2 16 18 34 11 28 3 36 10 35 3 43 1 18 37 6 44 23 37 16 38 24 28 23
split_gain=89.1442 30.8106 13.7613 12.2785 9.30972 8.94428 8.2795 5.60931 7.53746 3.5044 2.7238 1.8889 1.10647 0.79925 0.794033 0.475809 0.076292 0.028982 0.000772959 3.30843e-05 3.66313e-06 1.40591e-06 2.37636e-09 1.40535e-10 6.13731e-11 2.01297e-11 1.89786e-11 3.79075e-12 8.88534e-12 2.1938e-13
threshold=0.56556287407875072 1.3224357366561892 0.48582482337951666 0.48665677011013037 0.21453627198934558 0.012201908044517042 0.22000759840011599 0.1349403187632561 0.36023871600627905 0.53025150299072277 0.29547485709190374 32998.085937500007 0.66099613904953014 0.14536970108747485 -0.1396180912852287 0.95731830596923839 0.59667697548866283 0.53749999403953563 0.09278279542922975 0.080624047666788115 0.58837673068046581 49.512184143066413 0.66355055570602428 0.9043809473514558 0.5536918342113496 0.0085278213955461996 0.55150574445724498 0.14201681315898898 96838.640625000015 0.38605777919292456
decision_type=2 2 2 2 2 2 2 2 2 2 2 2 2 2 2 2 2 2 2 2 2 2 2 2 2 2 2 2 2 2
left_child=1 3 5 9 -4 -2 -5 10 -9 14 11 -6 13 -12 -1 17 -16 -14 19 20 21 -18 23 24 25 26 27 28 -23 -29
right_child=2 -3 4 6 7 -7 -8 8 -10 -11 12 -13 15 -15 16 -17 18 -19 -20 -21 -22 22 -24 -25 -26 -27 -28 29 -30 -31
leaf_value=-0.19111719589310408 0.073182653077183302 0.093447868182295668 -0.00375046165383129 -0.067667975370825556 0.053252550140842007 -0.074888110576405681 0.076526773610655338 -0.0069498730536978713 0.12977976061297464 -0.034839533536899607 0.19693459913121591 0.13100010535080894 0.14118524123948831 0.14845734238157793 -0.12028373149720276 0.11493487593900797 -0.11006481242544662 0.15003515714762539 -0.11189454133324835 -0.11040149378266487 -0.1101318531562509 -0.10999873328914572 -0.10999467456175259 -0.10999757530670554 -0.10999781487134704 -0.10999810028874542 -0.10999815221480785 -0.10999837949589533 -0.10999844595512268 -0.1099984172964323
leaf_weight=1.3108593821525563 8.885628670454027 11.64630290865898 6.8990932255983344 9.3143063038587588 5.7534077018499357 7.5422168448567382 6.9557393491268149 7.3923944085836437 8.8688992783427221 6.2694505155086508 6.6100208163261396 6.8399128615856171 6.7433716058731106 7.0054556131362915 9.3205512538552266 7.3288353830575934 3.5714615434408215 8.2003301084041578 2.4096587225794783 2.387700878083705 2.5056231096386901 1.3221770450472989 2.0652149245142928 3.0572446733713141 2.3136356100440016 2.5615851879119864 2.5615961030125609 4.0490504130721092 5.7843889370560646 2.4790177568793297
leaf_count=2 25 32 22 37 20 21 20 20 28 21 20 22 22 22 37 24 25 25 14 16 14 8 15 17 12 17 17 25 34 16
internal_value=0.0179156 -0.0571929 0.0877501 -0.0821705 0.106679 0.00520163 -0.00602211 0.118446 0.0676224 -0.105127 0.135494 0.0954802 0.149534 0.171992 -0.114365 0.135806 -0.112196 0.146042 -0.110163 -0.110042 -0.110016 -0.110006 -0.109998 -0.109998 -0.109998 -0.109998 -0.109998 -0.109998 -0.109998 -0.109998
internal_weight=169.955 81.8856 88.0696 70.2393 71.6417 16.4278 16.27 64.7426 16.2613 53.9692 48.4813 12.5933 35.888 13.6155 47.6998 22.2725 46.3889 14.9437 37.0684 34.6587 32.271 29.7654 26.1939 24.1287 21.0715 18.7578 16.1962 13.6346 7.10657 6.52807
internal_count=650 379 271 347 225 46 57 203 48 290 155 42 113 42 269 71 267 47 230 216 200 186 161 146 129 117 100 83 42 41
is_linear=0
shrinkage=0.1


Tree=11
num_leaves=31
num_cat=0
split_feature=0 37 28 34 34 20 36 37 38 47 45 51 35 23 0 18 10 19 47 22 14 39 37 24 23 15 44 47 39 20
split_gain=76.4438 23.2211 19.4403 15.977 15.7653 8.04191 7.02992 12.2791 6.9912 3.1396 2.5605 1.7395 0.701691 0.510972 0.269143 0.297024 0.199377 0.077855 0.0112283 0.00917079 0.00134331 2.82699e-05 1.13902e-06 1.08093e-07 6.98382e-08 9.1364e-09 1.99179e-09 5.73905e-11 5.50848e-12 3.76588e-12
threshold=0.12176671624183656 0.50588190555572521 55638.500000000007 0.53025150299072277 0.61346343159675609 2.5000000000000004 0.12746056169271472 0.56524673104286205 0.47815459966659551 0.33915451169013983 0.35337881743907934 0.36629600822925573 0.57029092311859142 0.9754081964492799 0.093065880239009871 0.14014618098735812 -0.043350853025913232 2.1961611509323125 0.044322773814201362 32.032354354858406 22.92957973480225 0.907646805047989 0.58286032080650341 0.50000044703483593 0.95426064729690563 0.019425012171268467 0.57205447554588329 0.2484209090471268 0.40000002086162573 1.0000000180025095e-35
decision_type=2 2 2 2 2 2 2 2 2 2 2 2 2 2 2 2 2 2 2 2 2 2 2 2 2 2 2 2 2 2
left_child=4 2 3 -2 10 -5 7 -3 -4 -8 -1 -10 -11 16 15 18 -14 -18 -12 -19 21 22 23 24 25 26 27 -20 -29 -30
right_child=1 6 8 5 -6 -7 9 -9 11 12 14 -13 13 -15 -16 -17 17 19 20 -21 -22 -23 -24 -25 -26 -27 -28 28 29 -31
leaf_value=-0.0098768633069170331 -0.045516322629430284 -0.026544702218356888 0.032771592908291236 0.18592220719225416 0.047669767828609322 0.047161492792811684 0.075549896361051971 0.14743568110073463 -0.065704430532085842 0.1666992599656428 -0.12122718293028145 -0.13480735999655452 0.12018676773705061 0.10341885648058553 -0.12999212934270796 -0.074007563903358248 0.15023366266430327 0.13411797483693508 -0.10895648847351008 0.13958318440524192 -0.1112780657787102 -0.1093180864906846 -0.10903272469949064 -0.10897808550442192 -0.10897326702629909 -0.10894940994521721 -0.10895339741370891 -0.1089568452710761 -0.10895703564415454 -0.10895689333803359
leaf_weight=2.7051029205322257 8.2936008051037806 9.5686954855918902 5.4504332244396236 9.3517185747623461 8.0459922254085523 7.5474373549222937 10.873971797525881 7.0421829521656027 7.3428717851638776 6.4371316432952872 0.79296505451202293 7.2290535196661949 5.6910631209611919 5.7178221046924582 5.9203030169010153 2.5377194806933394 6.6637837588787141 6.2346989214420301 3.7722599729895814 6.0496408045291901 2.8137104138731948 2.4844210147857657 2.35507559031248 2.9481675773859015 2.5690487250685683 2.0356688722968093 1.8855850175023068 4.5268623977899551 5.0550860241055489 2.9424736946821213
leaf_count=11 28 26 15 28 29 24 32 22 29 19 2 26 20 20 20 14 21 22 26 20 18 16 13 19 16 15 15 30 33 21
internal_value=0.0167752 0.0646126 0.00970421 0.0681603 -0.0813307 0.123949 0.103236 0.0472143 -0.0638471 0.122758 -0.104221 -0.099986 0.13671 0.130351 -0.110206 -0.107016 0.136601 0.141531 -0.109466 0.136809 -0.109187 -0.108995 -0.108966 -0.10896 -0.108958 -0.108956 -0.108956 -0.108957 -0.108957 -0.108957
internal_weight=162.885 109.494 45.2151 25.1928 53.3904 16.8992 64.279 16.6109 20.0224 47.6681 45.3444 14.5719 36.7941 30.357 42.6393 36.719 24.6392 18.9481 34.1813 12.2843 33.3884 30.5746 28.0902 25.7352 22.787 20.2179 18.1823 16.2967 12.5244 7.99756
internal_count=650 352 150 80 298 52 202 48 70 154 269 55 122 103 258 238 83 63 224 42 222 204 188 175 156 140 125 110 84 54
is_linear=0
shrinkage=0.1


Tree=12
num_leaves=31
num_cat=0
split_feature=1 34 3 36 50 28 16 22 14 15 10 15 38 50 18 44 18 6 1 33 47 44 18 28 22 37 38 38 21 21
split_gain=66.0383 25.841 17.1137 12.4604 14.8942 15.6846 6.70741 9.33362 5.51212 3.95174 2.42147 1.84516 1.6015 0.486984 0.498101 0.181906 0.177368 0.173921 0.166191 0.0230807 0.00712015 4.77395e-05 1.12119e-05 1.81817e-06 6.22197e-07 6.28614e-09 3.62874e-11 3.46319e-11 2.86917e-11 1.49178e-11
threshold=0.052919927984476096 0.44388334453105932 0.92135360836982738 0.23421347141265872 0.51756414771080028 66318.000000000015 -0.0010748114436864851 22.578856468200687 69.91727447509767 -0.14131553471088407 -0.047274090349674218 0.40885448455810552 0.43811924755573278 0.57710370421409618 -0.015021658968180416 0.37091232836246496 0.038607163354754455 53.727539062500007 0.22681533545255664 0.65195474028587352 0.088596869260072722 0.73198431730270397 0.022884677164256576 659.00000000000011 -1.0000000180025095e-35 0.56059986352920543 0.56413662433624279 0.45187947154045111 -0.042601110413670533 -0.03970332816243171
decision_type=2 2 2 2 2 2 2 2 2 2 2 2 2 2 2 2 2 2 2 2 2 2 2 2 2 2 2 2 2 2
left_child=15 2 10 4 5 -3 12 -8 9 -5 -2 13 -6 14 -11 -1 -15 20 -12 -18 -17 22 23 -22 -25 26 27 -26 -29 -30
right_child=1 3 -4 8 6 -7 7 -9 -10 11 18 -13 -14 16 -16 17 19 -19 -20 -21 21 -23 -24 24 25 -27 -28 28 29 -31
leaf_value=-0.086314268467470159 -0.041026129827180166 0.067474408259771232 0.076452457583498057 0.045966560626630029 0.089248919726260451 -0.12532350370789955 -0.040996395109158805 0.11575119606371267 0.016581727855395665 0.13509600918746015 -0.11454916694837303 0.080312505005673135 0.15666840077859934 0.11506725538048757 0.17328630773883433 -0.11426346113911812 0.14135637214251337 -0.13438953720781832 -0.13907098240590529 0.13300187702237207 -0.10824779785725014 -0.10857635367982875 -0.10824886996111799 -0.10808554593149929 -0.10803168408883962 -0.10802616656738234 -0.10803170920369279 -0.10803020227936599 -0.10803309280798193 -0.10803223565608118
leaf_weight=3.3029045015573493 5.0395378991961506 7.6776098161935833 8.3295274898409826 6.2530285269021979 6.1619706377387073 9.3684507310390455 8.0886324197053892 7.1628408432006827 5.8689771592617026 6.4281885102391243 7.2114091813564318 5.9090564250946036 8.2281352728605253 5.2887224256992367 7.2861368358135206 2.0311835110187593 5.9232848882675153 2.8835383504629126 4.4811880141496658 7.486041396856308 0.42209269106389058 2.0172508135437957 3.0234173983335486 2.4218557253480162 1.2387305647134628 1.9945642501115788 1.7892820090055455 0.068807579576982358 0.20648582279683481 12.112739369273156
leaf_count=22 19 24 31 20 20 34 23 23 16 23 38 19 26 20 23 11 20 14 12 27 4 16 23 15 10 13 16 1 1 86
internal_value=0.0157591 0.0498649 -0.0406679 0.0732241 0.0359944 -0.0384866 0.0788265 0.03262 0.107682 0.119677 -0.0989722 0.131704 0.127799 0.141073 0.155386 -0.108596 0.130576 -0.111032 -0.123947 0.136692 -0.108567 -0.10811 -0.108069 -0.108042 -0.108038 -0.108031 -0.108032 -0.108032 -0.108032 -0.108032
internal_weight=155.706 122.193 25.0617 97.1311 46.6876 17.0461 29.6416 15.2515 50.4434 44.5745 16.7321 38.3214 14.3901 32.4124 13.7143 33.5129 18.698 30.2099 11.6926 13.4093 27.3264 25.2952 23.278 20.2546 19.8325 17.4106 15.416 13.6268 12.388 12.3192
internal_count=650 418 100 318 150 58 92 46 168 152 69 132 46 113 46 232 67 210 50 47 196 185 169 146 142 127 114 98 88 87
is_linear=0
shrinkage=0.1


Tree=13
num_leaves=29
num_cat=0
split_feature=0 37 28 33 34 20 38 36 37 50 47 51 23 35 10 35 16 14 18 23 21 44 44 39 9 24 28 39
split_gain=58.1075 17.975 14.4364 12.8192 11.7835 7.06887 6.45097 5.87726 9.69566 3.79576 3.26797 1.59752 0.604163 0.242711 0.216165 0.0911445 0.0651903 0.00149151 0.000159368 9.32184e-06 1.58114e-06 2.6085e-06 1.24429e-06 1.99676e-08 1.56485e-09 2.2631e-10 7.39711e-11 7.74669e-12
threshold=0.12176671624183656 0.50588190555572521 55638.500000000007 0.61287495493888866 0.53025150299072277 2.5000000000000004 0.46910876035690313 0.12746056169271472 0.56524673104286205 0.51441699266433727 0.33915451169013983 0.36629600822925573 0.98888203501701366 0.62450164556503307 -0.035564351826906197 0.50395342707633983 0.017952054738998417 20.415602684021 0.091341365128755583 0.97510331869125377 0.012238013092428448 0.65380012989044201 0.45748081803321844 0.57417583465576183 1.0000000180025095e-35 0.35857142508029943 659.00000000000011 0.49950884282588964
decision_type=2 2 2 2 2 2 2 2 2 2 2 2 2 2 2 2 2 2 2 2 2 2 2 2 2 2 2 2
left_child=3 2 4 9 -2 -6 -4 8 -3 15 -9 -8 13 -12 -15 17 -16 18 19 20 21 22 -1 24 25 26 -24 -28
right_child=1 7 6 -5 5 -7 11 10 -10 -11 12 -13 -14 14 16 -17 -18 -19 -20 -21 -22 -23 23 -25 -26 -27 27 -29
leaf_value=-0.107277587249549 -0.041606334670103072 -0.0257839303734776 0.038806816093869774 0.063820174829605503 0.16789895359700779 0.034984285517348217 -0.059791894023492123 0.062825184998703043 0.13311015935150913 -0.023586821903073305 0.15063676291282815 -0.12843096291647968 0.096316620172212777 0.1097899576584027 0.12742209749586228 -0.12169919512919936 0.13993857994874129 -0.10981916103209138 -0.10815728959075351 -0.10743327096018861 -0.10715731864289724 -0.10734639923274998 -0.10720766317465016 -0.1072197802824856 -0.10720632566395714 -0.1072084780673392 -0.10720956896588783 -0.10720976699734519
leaf_weight=3.4143695756793226 7.8727223649621036 9.2089452594518644 4.9592287838459042 5.6299796029925337 8.8218167871236819 7.3226944357156745 6.7107761427760106 10.410592049360273 6.5872635990381232 5.994737494736909 6.0897815823555019 6.8539604023098946 5.3566877096891394 4.9937594681978252 8.5551783889532107 5.3667301498353472 8.1019501239061338 2.6080452203750601 2.0735299699008456 2.3760344460606566 2.9915206544101229 1.9097879379987706 0.18813264369964411 1.946801222860812 2.0064219161868087 2.1950948014855376 3.8889637291431427 4.0145103111863136
leaf_count=26 28 26 14 20 28 24 29 32 22 23 20 27 20 20 34 19 28 20 16 17 22 16 1 19 18 19 30 32
internal_value=0.0148193 0.0571417 0.00753949 -0.0776679 0.0586994 0.107613 -0.0587919 0.0927233 0.0404774 -0.0971086 0.111692 -0.0944737 0.127063 0.133 0.128039 -0.109709 0.13351 -0.107535 -0.107315 -0.107245 -0.107225 -0.107235 -0.107223 -0.10721 -0.107209 -0.107209 -0.10721 -0.10721
internal_weight=148.45 101.845 42.5412 46.6047 24.0172 16.1445 18.524 59.3042 15.7962 40.9747 43.5079 13.5647 33.0974 27.7407 21.6509 34.9799 16.6571 29.6132 27.0052 24.9316 22.5556 19.5641 17.6543 14.2399 12.2931 10.2867 8.09161 7.90347
internal_count=650 352 150 298 80 52 70 202 48 278 154 56 122 102 82 255 62 236 216 200 183 161 145 119 100 82 63 62
is_linear=0
shrinkage=0.1


Tree=14
num_leaves=31
num_cat=0
split_feature=35 2 37 36 36 47 11 38 51 45 15 34 4 39 0 3 37 35 3 19 3 18 44 37 44 47 18 23 24 21
split_gain=51.1221 20.4117 13.6217 10.6527 9.39996 10.2744 7.77171 10.4444 3.97932 3.88299 3.50227 2.52682 1.46654 0.412023 0.17626 0.137519 0.057068 0.0192315 0.0176142 0.00166416 0.000130915 1.92042e-05 2.52815e-06 8.38234e-07 4.64089e-07 1.16207e-09 1.5916e-10 5.93001e-11 2.52456e-11 6.27232e-12
threshold=0.56283041834831249 0.12815177440643313 0.54219618439674389 0.13332176953554156 0.088599488139152541 0.28961955010890966 0.73854193091392528 0.51919782161712658 0.510564684867859 0.6678149700164796 0.041328087449073798 0.47268168628215795 0.14573391526937488 0.79655173420906078 0.18152454495429995 1.1294296979904177 0.5080624818801881 0.50846654176712047 1.380233943462372 0.89215189218521129 0.99842393398284923 0.080624047666788115 0.45748081803321844 0.58421775698661815 0.66355055570602428 0.36477053165435797 0.0072031673043966302 0.83806404471397411 0.49979640543460851 -0.03970332816243171
decision_type=2 2 2 2 2 2 2 2 2 2 2 2 2 2 2 2 2 2 2 2 2 2 2 2 2 2 2 2 2 2
left_child=1 8 3 -3 5 -2 11 9 15 -8 -7 -6 -13 14 -14 17 -16 19 -18 20 -1 22 -22 24 25 -24 27 28 29 -27
right_child=4 2 -4 -5 6 10 7 -9 -10 -11 -12 12 13 -15 16 -17 18 -19 -20 -21 21 -23 23 -25 -26 26 -28 -29 -30 -31
leaf_value=-0.10715793707804616 -0.10153743993397985 -0.10796202250854797 0.13159012213367524 0.046583780985539537 0.049294138573206553 0.11424580856756422 0.024237547837620541 -0.072211390871335421 -0.0063496314055441275 0.13168813979555871 0.0030006332045075853 0.07155494863872694 0.15216856797841549 0.11114511770862881 0.13995765198788088 -0.13242040814132769 0.1312407535190423 -0.1161493407042517 0.1228784650081744 -0.10937769683807784 -0.10656688706550366 -0.10684416375999678 -0.10647408553172365 -0.1065435240718432 -0.10642086115039065 -0.10647738271485463 -0.10647555437927068 -0.10647605623702006 -0.10647636241381331 -0.10647677018725832
leaf_weight=3.6953443437814775 6.054439730942252 8.809767019003635 7.4083469510078421 9.0335243940353376 5.5201538354158393 5.7863752096891385 5.9911199957132357 6.1694799438118926 4.2193771824240676 7.6672674864530563 5.5390530601143837 4.9337650388479224 5.9644403457641664 8.1301029324531537 5.7870170772075644 2.3829246535897246 5.6701561212539655 2.3899481967091551 4.5323892831802368 2.3501766696572295 3.8137201443314614 1.6752445176243771 2.5127108432352587 1.7290607579052437 1.7006113156676281 0.17139808833599879 1.7135564982891089 1.7136726714670647 1.7708688154816625 6.798228017985811
leaf_count=28 22 36 24 28 17 20 19 17 12 29 20 20 20 31 20 9 22 12 20 13 32 16 24 14 18 1 14 16 17 59
internal_value=0.0139627 -0.052312 0.0176052 -0.0297201 0.0684246 0.00362129 0.087082 0.0357775 -0.0980073 0.084556 0.0598379 0.112176 0.122089 0.130376 0.137498 -0.109244 0.132025 -0.10752 0.127526 -0.106824 -0.106604 -0.106518 -0.106493 -0.106477 -0.10647 -0.106476 -0.106476 -0.106477 -0.106477 -0.106477
internal_weight=141.634 63.8885 25.2516 17.8433 77.7458 17.3799 60.3659 19.8279 38.6368 13.6584 11.3254 40.538 35.0179 30.0841 21.954 34.4175 15.9896 32.0345 10.2025 29.6446 27.2944 23.5991 21.9238 18.1101 16.381 14.6804 12.1677 10.4542 8.74049 6.96963
internal_count=650 373 88 64 277 62 215 65 285 48 40 150 133 113 82 273 62 264 42 252 239 211 195 163 149 131 107 93 77 60
is_linear=0
shrinkage=0.1


Tree=15
num_leaves=31
num_cat=0
split_feature=1 34 10 36 47 11 5 4 3 38 34 24 15 35 35 19 10 45 18 35 47 7 44 37 10 24 15 44 23 25
split_gain=45.2478 17.5633 13.1333 9.27794 9.29987 8.3595 6.79541 7.71246 4.95159 4.24281 3.95518 2.98897 1.5635 2.24641 0.416611 0.253439 0.252721 0.218322 0.248148 0.0957635 0.000428114 6.29508e-05 6.84381e-07 7.556e-07 4.17193e-07 5.61962e-08 1.39788e-08 1.14329e-09 1.14637e-10 3.63531e-12
threshold=0.052919927984476096 0.44388334453105932 -0.075049169361591325 0.13332176953554156 0.22643528878688815 0.66862165927886974 1.1898059248924258 1.7826328873634341 1.3224357366561892 0.45306926965713507 0.7604464888572694 0.49391476809978491 0.003578430507332087 0.58634865283966076 0.62898227572441112 4.7778465747833261 -0.035564351826906197 0.4996075332164765 0.11504871025681497 0.51911333203315746 0.090813197195529952 45.824155807495124 0.49962881207466131 0.58421775698661815 0.02384064439684153 0.50000044703483593 0.011305857915431263 0.53235614299774181 0.83806404471397411 1.0000000180025095e-35
decision_type=2 2 2 2 2 2 2 2 2 2 2 2 2 2 2 2 2 2 2 2 2 2 2 2 2 2 2 2 2 2
left_child=17 2 -2 4 -3 10 11 8 -8 -4 -6 12 13 -5 -14 -15 -11 -1 20 -18 -19 -22 -23 24 25 26 27 28 29 -24
right_child=1 3 9 6 5 -7 7 -9 -10 16 -12 -13 14 15 -16 -17 19 18 -20 -21 21 22 23 -25 -26 -27 -28 -29 -30 -31
leaf_value=-0.13651421328054122 0.08662647004558216 -0.11378261704160507 0.0072469010239340076 0.037029373460104771 0.037026040337210318 -0.034933634116131852 -0.057767473436169517 0.12080669564370966 0.064593975236861001 -0.087814033229489802 0.1436195061296571 0.03820916091305912 0.16541866695080473 0.13052498994312178 0.13124564150017812 0.1015416668595643 -0.11154994389429536 -0.1079181878777026 -0.065617866801179439 -0.13171638534157321 -0.10647810942071344 -0.1058746230321696 -0.10582267485666422 -0.10589194203480146 -0.10577246995132142 -0.10584030606862881 -0.10581108289924182 -0.10581950613327749 -0.10582168038167244 -0.10582252352374946
leaf_weight=2.1440269798040417 6.1572609469294575 4.7213902622461346 3.8116541504859951 4.2628597840666798 7.1634916961193102 8.9723133370280248 7.8509689867496508 7.3794672638177863 5.7142464220523834 2.9353939965367344 6.771564856171608 5.0919998176395884 5.677870661020278 8.6766940057277662 9.5981892645359022 4.625287637114524 4.8128280304372257 1.0868300087750018 1.6363281719386567 4.6104448437690735 1.6357221528887773 3.1441440358757999 3.7436700910329836 1.4710265919566143 1.8571704924106587 1.6681030578911293 1.3494607806205738 1.611076284199952 1.6636001318693159 2.755693044513464
leaf_count=7 21 20 13 18 24 31 23 29 19 17 22 20 19 34 38 21 34 10 14 15 15 28 34 14 16 18 14 17 16 29
internal_value=0.0131987 0.04141 -0.0376622 0.0618189 0.0140114 0.0403507 0.0842529 0.0385331 -0.00622362 -0.0849883 0.0888238 0.109497 0.12055 0.100202 0.143947 0.120447 -0.113435 -0.10596 -0.103187 -0.121417 -0.105983 -0.105883 -0.105832 -0.105824 -0.105817 -0.105823 -0.105821 -0.105822 -0.105822 -0.105823
internal_weight=134.601 108.834 22.3276 86.5063 27.6288 22.9074 58.8776 20.9447 13.5652 16.1703 13.9351 37.9329 32.8409 17.5648 15.2761 13.302 12.3587 25.7669 23.6228 9.42327 21.9865 20.8997 19.2639 16.1198 14.6488 12.7916 11.1235 9.77404 8.16296 6.49936
internal_count=650 418 100 318 97 77 221 71 42 79 46 150 130 73 57 55 66 232 225 49 211 201 186 158 144 128 110 96 79 63
is_linear=0
shrinkage=0.1


Tree=16
num_leaves=29
num_cat=0
split_feature=1 34 36 50 28 10 3 10 14 23 18 11 20 8 11 35 6 28 37 35 22 18 44 44 23 37 37 24
split_gain=39.6854 15.3728 12.806 10.2279 8.46281 6.82751 7.08151 5.24036 4.99053 4.58455 2.61544 1.39607 0.322796 0.246658 0.202979 0.193558 0.0999311 0.0739087 0.0319691 0.00357166 0.00139909 1.02504e-05 7.29483e-07 1.89571e-07 2.35397e-09 9.78675e-10 4.26599e-10 1.08118e-11
threshold=0.052919927984476096 0.2889822125434876 0.23421347141265872 0.51756414771080028 66318.000000000015 -0.0038513854378834362 1.2749720215797427 -0.071251668035984025 70.048576354980483 0.13514199107885363 0.79436099529266369 0.26591734588146215 1.5000000000000002 46.082496643066413 0.59891194105148327 0.49384334683418279 56.975238800048835 1726452.5000000002 0.52425050735473644 0.68996426463127147 1.2733675837516787 0.036511322483420379 0.47649478912353521 0.59502285718917858 0.87638887763023388 0.5536918342113496 0.4899058341979981 0.33087424933910375
decision_type=2 2 2 2 2 2 2 2 2 2 2 2 2 2 2 2 2 2 2 2 2 2 2 2 2 2 2 2
left_child=13 7 3 4 -3 11 -7 -2 9 -4 12 -5 -11 -1 -6 -9 20 18 -14 -20 21 22 -15 24 25 26 -24 -28
right_child=1 2 8 5 14 6 -8 15 -10 10 -12 -13 17 16 -16 -17 -18 -19 19 -21 -22 -23 23 -25 -26 -27 27 -29
leaf_value=-0.070162402792937784 0.03330117911851508 0.026137147753560935 0.036951612719578607 0.075170831598437904 -0.095096658775101928 -0.029003884426098376 0.11132722530333779 -0.10788520938396262 -0.005529228315302219 0.14485802289250901 0.047662670187620458 0.14304185127244326 0.13142138364183722 -0.10529729107479216 -0.12479542412378029 -0.14093687044951658 -0.12791054215525796 0.11015620344621246 0.12356886928072817 0.11981041309262491 -0.10855366806981831 -0.10548255055699095 -0.10523634390745795 -0.10527373156272382 -0.10524137660809732 -0.10523454143962262 -0.1052379986153274 -0.10523771873498558
leaf_weight=1.8920307047665144 2.951726958155632 8.7030445486307162 9.08769643306732 6.1489426568150538 4.2509124465286714 12.577421590685846 5.0357415378093711 3.3778909109532815 5.0407767891883841 8.5922375395894068 4.6390548944473258 5.9762190915644169 5.0306386500597027 2.9617517776787379 5.0177578888833523 3.7265948094427586 2.2203591577708712 4.3790355548262587 4.9958842396736127 5.1193566471338272 1.4079677425324906 2.2077027969062319 2.553229656070469 1.6651906296610821 1.419662058353423 1.3707543537020672 3.641757920384407 2.2227829471230507
leaf_count=12 10 35 33 22 21 37 20 29 15 32 18 24 20 32 22 13 13 20 22 25 14 23 30 19 14 13 39 23
internal_value=0.0124582 0.0388575 0.051354 0.01488 -0.0446795 0.0508735 0.0111179 -0.078692 0.0884702 0.099794 0.117229 0.108623 0.128706 -0.104789 -0.111175 -0.125222 -0.107812 0.121598 0.124907 0.121667 -0.105518 -0.105281 -0.105253 -0.105242 -0.105238 -0.105237 -0.105237 -0.105238
internal_weight=128.214 104.651 94.5947 47.71 17.9717 29.7383 17.6132 10.0562 46.8847 41.8439 32.7562 12.1252 28.1172 23.5632 9.26867 7.10449 21.6712 19.5249 15.1459 10.1152 19.4508 18.0428 15.8351 12.8734 11.2082 9.78852 8.41777 5.86454
internal_count=650 418 366 181 78 103 57 52 185 170 137 46 119 232 43 42 220 87 67 47 207 193 170 138 119 105 92 62
is_linear=0
shrinkage=0.1


Tree=17
num_leaves=28
num_cat=0
split_feature=1 34 3 8 38 6 8 0 4 1 14 10 47 44 21 8 38 6 1 22 18 44 44 23 37 37 24
split_gain=34.8366 13.4183 10.8741 7.42113 10.9334 7.0449 5.82819 5.18403 3.17376 7.64505 2.48083 2.01127 1.58804 1.32589 0.518696 0.27557 0.149997 0.0767567 0.0728531 0.00104287 7.48708e-06 5.31809e-07 1.38253e-07 1.71659e-09 7.13474e-10 3.10607e-10 8.1064e-12
threshold=0.052919927984476096 0.44388334453105932 0.92135360836982738 59.954181671142585 0.52790078520774852 45.608427047729499 65.232810974121108 0.30133397877216345 0.63718226552009594 0.14090668410062793 30.559348106384281 -0.047274090349674218 0.55680799484252941 0.85036745667457592 0.0067957043647766122 46.082496643066413 0.50277152657508861 56.975238800048835 0.24006997048854831 1.2733675837516787 0.036511322483420379 0.47649478912353521 0.59502285718917858 0.87638887763023388 0.5536918342113496 0.4899058341979981 0.33087424933910375
decision_type=2 2 2 2 2 2 2 2 2 2 2 2 2 2 2 2 2 2 2 2 2 2 2 2 2 2 2
left_child=15 2 11 5 6 7 -5 -3 9 -7 -11 -2 -8 14 -10 -1 -16 19 -13 20 21 -17 23 24 25 -23 -27
right_child=1 3 -4 4 -6 8 12 -9 13 10 -12 18 -14 -15 16 17 -18 -19 -20 -21 -22 22 -24 -25 -26 26 -28
leaf_value=-0.06628816809068698 -0.035921546292447835 -0.054687468344639015 0.06252819248337857 -0.022083946573557944 -0.10058637630549699 -0.03472778086981726 0.055391880550897825 0.075367706824269132 0.1555446693779933 0.056038879021220657 0.14080726162118526 -0.1103146380900597 0.13076987545005114 0.070483404157079613 0.12752622441842518 -0.10476787114467473 0.10486413760749594 -0.12542239751957079 -0.12911896741624176 -0.10771300823247823 -0.10493394685762913 -0.10471329474542593 -0.10474677981426886 -0.10471780139986556 -0.10471168005128094 -0.1047147769691311 -0.10471452280045244
leaf_weight=1.8068959489464784 4.620793730020524 6.3026473969221097 7.3126679025590411 6.9860102087259355 6.6115755476057521 5.5378447584807899 5.4117532074451429 5.9660739004611969 5.9005424454808297 6.1021024733781797 7.9509996920824051 5.3493059128522873 5.7801035791635513 4.4864282459020606 8.5564024150371534 2.6927548684179881 4.4342885613441458 2.0468802265822879 3.3509408682584763 1.2834169231355179 2.0075226537883273 2.3212085813283903 1.5139198228716839 1.2906581759452809 1.246187027543783 3.3108233623206615 2.0207932889461517
leaf_count=12 19 27 31 21 24 23 21 23 22 23 31 39 24 20 38 32 21 13 11 14 23 30 19 14 13 39 23
internal_value=0.0117515 0.0364508 -0.0354524 0.0549899 0.00953299 0.0753901 0.0495851 0.00855619 0.0944731 0.0647848 0.103999 -0.0892395 0.0943213 0.119352 0.130958 -0.103667 0.119791 -0.107089 -0.117557 -0.104968 -0.104753 -0.104728 -0.104719 -0.104714 -0.104714 -0.104714 -0.104715
internal_weight=122.202 100.66 20.6337 80.0268 24.7894 55.2373 18.1779 12.2687 42.9686 19.5909 14.0531 13.321 11.1919 23.3777 18.8912 21.5411 12.9907 19.7342 8.70025 17.6873 16.4039 14.3963 11.7036 10.1897 8.89901 7.65283 5.33162
internal_count=650 418 100 318 90 228 66 50 178 77 54 69 45 101 81 232 59 220 50 207 193 170 138 119 105 92 62
is_linear=0
shrinkage=0.1


Tree=18
num_leaves=31
num_cat=0
split_feature=35 19 36 50 3 0 36 0 36 39 24 45 23 19 35 37 2 16 5 51 8 18 22 21 44 15 37 39 20 28
split_gain=31.0023 15.3705 7.44688 8.31009 8.14524 5.79901 4.99648 4.72236 3.12919 3.12727 2.65789 1.61521 1.59014 1.4232 0.169364 0.0767198 0.0253451 0.0106467 0.0033213 0.000512911 0.00014201 1.21086e-05 2.95635e-06 7.01019e-07 1.01154e-07 3.91086e-08 3.56553e-08 1.00596e-09 3.70237e-11 1.67644e-12
threshold=0.56283041834831249 0.48665677011013037 0.31493373215198522 0.58299544453620922 0.65825688838958751 0.20053509622812274 0.12151189893484117 0.30943644046783453 0.14536970108747485 0.99999994039535534 0.24048192799091342 0.35337881743907934 0.10063291341066362 3.4785276651382451 0.53009849786758434 0.5049787461757661 0.15387348085641864 0.017952054738998417 0.96678194403648388 0.64863279461860668 47.522729873657234 0.080624047666788115 -3.3049610853195186 0.018431724049150947 0.49962881207466131 0.0090653579682111757 0.55671387910842907 0.29205882549285894 1.0000000180025095e-35 1799814.5000000002
decision_type=2 2 2 2 2 2 2 2 2 2 2 2 2 2 2 2 2 2 2 2 2 2 2 2 2 2 2 2 2 2
left_child=1 7 3 4 6 8 -2 11 -3 12 13 -1 -4 -5 16 -14 18 19 -13 -17 -20 22 -22 24 -24 26 27 -26 29 -29
right_child=2 5 9 10 -6 -7 -8 -9 -10 -11 -12 14 15 -15 -16 17 -18 -19 20 -21 21 -23 23 -25 25 -27 -28 28 -30 -31
leaf_value=-0.008183458227566805 -0.031869745265113741 -0.088826488594006048 0.063785601818044907 0.12848909971773956 -0.12245064640300483 0.088830475626978531 0.097913726086097733 0.01094301302640033 0.021952451755976918 0.024170523898491447 0.023250561460819667 -0.10873135866940756 0.13333146178697625 0.056220717097221706 -0.12853916806054108 0.11798410207800321 -0.11490768303970048 0.12321949586174695 -0.10525180601395892 0.11633350574960621 -0.10436762995515354 -0.10459299733566628 -0.10426860737313133 -0.10417280941467613 -0.10424303159729893 -0.10423094687886272 -0.10426469042144926 -0.10424586502878229 -0.10424530815710803 -0.10424601665557076
leaf_weight=1.6766663305461431 6.9572101086378115 4.3422318473458308 5.7709244936704698 7.441469073295595 5.5881169438362113 8.0909730792045575 5.1712561324238777 4.1409827619791022 6.1773816533386707 5.2278156876564017 6.7431530803441992 1.9374141134321785 5.9579282552003887 4.2994436472654343 3.9308828115463248 3.7850203663110715 2.8328977152705184 4.7231145948171616 1.6688176281750227 3.7456232011318207 2.1560024321079352 1.1709984391927708 2.1590996831655422 1.3446991890668858 1.9523196741938571 1.7133422158658502 1.0591128841042516 2.1879457905888562 1.4454328492283819 1.0940087996423242
leaf_count=11 28 24 24 31 20 28 21 13 24 21 25 20 23 21 11 20 14 22 14 21 26 16 27 17 26 20 15 32 21 14
internal_value=0.0111013 -0.047276 0.0566896 0.0263805 -0.0225583 0.0251807 0.0234665 -0.0888047 -0.0237743 0.0942517 0.0732873 -0.103385 0.109528 0.102025 -0.109374 0.124023 -0.106058 0.119498 -0.104798 0.117163 -0.104373 -0.104283 -0.104259 -0.104241 -0.104249 -0.104245 -0.104248 -0.104245 -0.104246 -0.104246
internal_weight=116.492 51.0812 65.4111 36.2006 17.7166 18.6106 12.1285 32.4706 10.5196 29.2104 18.4841 28.3296 23.9826 11.7409 26.653 18.2117 22.7221 12.2538 19.8892 7.53064 17.9518 16.283 15.112 12.956 11.6113 9.45216 7.73882 6.67971 4.72739 3.28195
internal_count=650 373 277 146 69 76 49 297 48 131 77 284 110 52 273 86 262 63 248 41 228 214 198 172 155 128 108 93 67 46
is_linear=0
shrinkage=0.1


Tree=19
num_leaves=31
num_cat=0
split_feature=0 34 3 8 34 34 33 17 2 7 2 45 8 0 44 36 38 34 6 34 15 47 37 10 38 16 18 38 20 16
split_gain=27.5691 11.0418 12.2729 9.07563 7.30634 4.68408 6.72409 4.56496 4.08635 7.24641 2.56014 1.68606 0.779168 0.697117 0.373049 0.17664 0.129621 0.0605907 0.0135162 0.00177803 0.00014353 4.46904e-05 1.4567e-06 4.79157e-07 3.7073e-07 1.16767e-07 1.16842e-07 1.2575e-08 5.63344e-10 8.26628e-12
threshold=0.064070925116539015 0.51397606730461132 1.3976188302040102 61.489912033081062 0.99245765805244457 0.86827832460403453 0.63791427016258251 56.959167480468757 0.22161976248025897 32.466217041015632 0.20279189199209216 0.52214044332504284 44.758785247802741 0.09940651431679727 0.2470483407378197 0.15968611836433413 0.51051855087280285 0.59111791849136364 62.244939804077156 0.27945397794246679 0.029057499021291736 0.1043987311422825 0.5905018448829652 0.022039477713406089 0.58580690622329723 -0.014742552302777765 -0.04012028127908706 0.48765034973621374 2.5000000000000004 -0.0018758611986413596
decision_type=2 2 2 2 2 2 2 2 2 2 2 2 2 2 2 2 2 2 2 2 2 2 2 2 2 2 2 2 2 2
left_child=14 2 8 5 -5 6 10 -6 13 -10 -3 -12 -7 -2 -1 -14 -15 20 -17 -18 21 -16 23 24 25 26 -23 -27 29 -29
right_child=1 3 -4 4 7 12 -8 -9 9 -11 11 -13 15 16 17 18 19 -19 -20 -21 -22 22 -24 -25 -26 27 -28 28 -30 -31
leaf_value=-0.049724308441429707 -0.057583167097940584 0.028209529721808277 0.089587384771591894 -0.06585593110197023 -0.0049665946454041793 0.080789615867934525 -0.058294307820593229 0.12820552772058447 -0.095233702334435524 0.061117508210046925 0.13617762421499102 0.057063379174188439 0.14254748145059504 -0.13491435591643544 -0.10454812067801628 0.12282416695954522 -0.10565388033420342 -0.12459304346663143 0.11570695508561597 -0.10952033359236486 -0.10479817148487258 -0.10383511041577849 -0.10395567011733564 -0.10377751589278179 -0.10389493716830143 -0.10383747285659516 -0.10388020359744198 -0.10382528976695733 -0.10382335745224101 -0.10382563431469674
leaf_weight=1.269334584474566 2.5897076390683704 6.6051290705800119 7.891156777739524 9.0735501311719418 5.5237400382757187 4.7523090392351177 4.5423777773976317 4.8201557695865631 5.8430832177400571 6.0166134536266327 7.1479078382253629 4.3229551315307617 4.9778102338314048 2.7710247151553631 0.97092045098543422 6.3353655338287336 2.2070148289203644 1.5777072012424458 4.6098601073026657 2.579389289021492 2.0263048261404029 1.4938919432461264 1.0591620802879322 1.3670611940324295 1.1169770210981358 0.92530594393610943 0.93378977850079348 0.92263805493712192 1.702529616653919 2.8391232825815704
leaf_count=13 19 25 31 32 19 25 20 21 19 24 29 22 19 12 10 30 23 8 27 19 28 26 15 17 15 14 14 12 24 38
internal_value=0.0104868 0.0326014 -0.0174072 0.0564434 -0.000361049 0.0819205 0.0504723 0.0570903 -0.055773 -0.0159142 0.0778046 0.106362 0.116324 -0.102359 -0.102012 0.12693 -0.117702 -0.105931 0.119827 -0.107738 -0.104014 -0.103895 -0.103844 -0.103833 -0.103841 -0.103834 -0.103852 -0.103827 -0.103825 -0.103826
internal_weight=110.814 92.6092 29.898 62.7112 19.4174 43.2937 22.6184 10.3439 22.0068 11.8597 18.076 11.4709 20.6753 10.1471 18.2047 15.923 7.55743 16.9354 10.9452 4.7864 15.3577 13.3314 12.3605 11.3013 9.93426 8.81728 2.42768 6.3896 5.46429 3.76176
internal_count=650 416 147 269 72 197 96 40 116 43 76 51 101 73 234 76 54 221 57 42 213 185 175 160 143 128 40 88 74 50
is_linear=0
shrinkage=0.1


Tree=20
num_leaves=30
num_cat=0
split_feature=1 36 37 19 34 8 34 0 37 17 22 5 18 20 8 36 45 44 22 18 23 44 10 39 15 18 47 38 24
split_gain=24.4171 10.4608 10.1037 7.23811 7.5677 7.11618 5.825 2.47821 2.13591 1.92725 1.30184 0.818249 0.54256 0.276501 0.268535 0.172086 0.0820481 0.0393383 0.00792247 5.04988e-05 4.7892e-06 5.04447e-07 4.19043e-07 5.87037e-08 3.60556e-08 9.45847e-09 1.39944e-09 2.83826e-11 8.88623e-13
threshold=0.052919927984476096 0.13332176953554156 0.55616044998168956 0.48665677011013037 0.54088023304939281 57.616170883178718 0.7604464888572694 0.13109058886766436 0.49896599352359777 25.775359153747562 48.282701492309577 0.35677757859230047 -0.0060315169394016257 1.5000000000000002 46.082496643066413 0.075501702725887312 0.4996075332164765 0.82045149803161632 19.134004592895511 0.10537509247660638 0.95426064729690563 0.47532890737056738 0.033388556912541396 0.8127550780773164 0.0090653579682111757 0.0031739968108013277 0.49661673605442053 0.54353624582290661 0.33087424933910375
decision_type=2 2 2 2 2 2 2 2 2 2 2 2 2 2 2 2 2 2 2 2 2 2 2 2 2 2 2 2 2
left_child=14 2 6 4 8 -6 9 -5 -3 -2 12 -11 -9 -14 -1 -13 -16 18 -15 20 21 -18 23 24 25 26 -23 28 -28
right_child=1 3 -4 7 5 -7 -8 10 -10 11 -12 15 13 17 16 -17 19 -19 -20 -21 -22 22 -24 -25 -26 -27 27 -29 -30
leaf_value=-0.060858723407862983 -0.026741432348857504 -0.10805873148977972 0.091340834372974161 0.031844432289109825 0.12351519308370135 -0.0037786939055695469 0.01623417372908138 0.08491023467072395 -0.0054843404481925324 -0.064780141129418253 0.049170864655643527 -0.11026112826671011 0.14354493698356688 0.12050954244732748 -0.12958659935814254 -0.14036551758411905 -0.10349756922236029 0.10439764067738982 0.1142780087863822 -0.10420021352871973 -0.10366223945971709 -0.10344434579602853 -0.1033826472078683 -0.10347119651503306 -0.10343054778239136 -0.10345786809237063 -0.10344838125414524 -0.10344773959369208 -0.10344826015169595
leaf_weight=1.4570412710309035 4.2342233639210525 4.5773031674325484 6.8737793415784827 6.3157690241932896 7.9813464805483845 9.7646172940731031 9.3609895370900613 5.6349995583295902 3.6478879675269127 3.3264785967767221 3.9624337404966345 4.0996426343917847 4.0602346509695009 3.668126314878462 1.3246893659234036 3.5371214933693409 1.9247436188161362 3.5021921694278726 4.5970287248492241 1.0250934027135379 1.1818541772663582 1.2553236149251441 1.075223971158265 1.03715761937201 1.2825134173035619 1.0014202557504175 1.9978349804878242 1.0631789639592168 0.86999600380659092
leaf_count=12 22 28 27 25 38 33 34 27 14 21 21 26 15 20 5 17 29 21 29 15 17 21 16 18 20 15 32 17 15
internal_value=0.00991123 0.0305924 -0.015825 0.0558733 0.0167223 0.0534724 -0.0458202 0.0879077 -0.0625668 -0.084043 0.101834 -0.106174 0.111557 0.121044 -0.101849 -0.124205 -0.105821 0.11328 0.117044 -0.103525 -0.103471 -0.103451 -0.103441 -0.103449 -0.103446 -0.103449 -0.103447 -0.103448 -0.103448
internal_weight=105.64 89.1442 31.4322 57.7119 25.9712 17.746 24.5585 31.7408 8.22519 15.1975 25.425 10.9632 21.4626 15.8276 16.4961 7.63676 15.039 11.7673 8.26516 13.7143 12.6892 11.5074 9.58265 8.50742 7.47027 6.18775 5.18633 3.93101 2.86783
internal_count=650 418 147 271 113 71 120 158 42 86 133 64 112 85 232 43 220 70 49 215 200 183 154 138 120 100 85 64 47
is_linear=0
shrinkage=0.1


Tree=21
num_leaves=27
num_cat=0
split_feature=0 35 37 36 1 11 38 36 44 22 16 1 44 36 34 38 36 28 6 18 15 47 9 16 28 23
split_gain=21.5506 8.75279 8.00585 6.20497 8.45139 5.86537 7.79321 4.97597 3.5279 1.8995 1.55668 1.01578 0.410032 0.16126 0.035796 0.0284963 0.0125057 0.00151335 8.93129e-05 3.53987e-05 3.44673e-07 4.82142e-08 2.97169e-09 2.20405e-10 1.63807e-11 6.68265e-12
threshold=0.064070925116539015 0.56556287407875072 0.56926703453063976 0.11841275170445444 0.19215405732393268 0.73854193091392528 0.52790078520774852 0.22400809824466708 0.32570025324821478 -4.205944061279296 -0.0038079755613580342 0.17397624254226687 0.2470483407378197 0.10937060043215753 0.59111791849136364 0.5037556290626527 0.2634901106357575 4515.0000000000009 49.993421554565437 0.091341365128755583 0.0090653579682111757 0.25267933309078222 -0.027830845676362511 -0.014742552302777765 62220.000000000007 0.33333329856395727
decision_type=2 2 2 2 2 2 2 2 2 2 2 2 2 2 2 2 2 2 2 2 2 2 2 2 2 2
left_child=12 2 3 15 10 8 7 -7 -3 -10 -5 -11 -1 -13 18 -2 -15 -18 -14 20 21 -20 -23 -24 -25 -26
right_child=1 5 -4 4 -6 6 -8 -9 9 11 -12 13 14 16 -16 -17 17 -19 19 -21 -22 22 23 24 25 -27
leaf_value=-0.042854158317675597 -0.12050848472619889 0.019320396264831237 0.10106750480347589 -0.0366027961359199 0.056942973752562312 -0.013419177497207536 -0.093756635062660965 0.10781805966001304 0.048700513872722846 0.074813527433179233 -0.12384913187751241 0.13939111381788458 -0.10392684455472245 0.12096249870707006 -0.12011645100598929 -0.10807300381995691 0.11517721658629819 0.11210242632497203 -0.10312794174066123 -0.10372539801873085 -0.10306677735038679 -0.10311366060214276 -0.10310738079743298 -0.10310862575697953 -0.10310950221843058 -0.10310918453262308
leaf_weight=1.150364203378557 3.371976185590035 8.3337666988372785 5.0435883402824393 4.0729717947542721 9.9027317538857442 6.6615097001194972 5.4133438058197489 6.8836066424846649 7.0495643541216841 6.1653609760105672 4.1073914524167741 4.3456335365772238 1.7865021843463154 3.7455169409513456 1.4009133055806149 4.0632511600852013 3.3077879026532173 3.1016383618116379 2.1173488479107601 1.0181808583438403 1.8177109323441971 1.8741541877388908 0.8184132967144192 0.40936114452780348 1.0529214926064017 1.78394528478384
leaf_count=13 15 36 22 22 34 23 19 36 39 32 23 18 27 19 8 36 20 22 34 16 31 38 14 8 16 29
internal_value=0.00934326 0.0288502 -0.0140575 -0.0368115 -0.00519203 0.0526894 0.00766139 0.0481934 0.0763698 0.0935239 -0.0804095 0.108814 -0.100257 0.12327 -0.104948 -0.113713 0.116372 0.113689 -0.103271 -0.103164 -0.103106 -0.103115 -0.10311 -0.103109 -0.103109 -0.103109
internal_weight=100.799 85.5696 30.5619 25.5183 18.0831 55.0077 18.9585 13.5451 36.0493 27.7155 8.18036 20.6659 15.2298 14.5006 14.0795 7.43523 10.1549 6.40943 12.6785 10.892 9.87386 8.05614 5.9388 4.06464 3.24623 2.83687
internal_count=650 416 152 130 79 264 78 59 186 150 45 111 234 79 221 51 61 42 213 186 170 139 105 67 53 45
is_linear=0
shrinkage=0.1


Tree=22
num_leaves=31
num_cat=0
split_feature=1 3 34 8 10 34 1 36 17 2 34 17 22 47 8 24 38 51 37 1 18 23 44 10 39 15 37 39 38 28
split_gain=19.045 8.75349 7.68369 8.86982 5.07963 4.48834 3.5728 7.26416 2.62988 3.17737 2.37838 2.12116 1.95985 0.542303 0.320502 0.11196 0.0848723 0.0447752 0.0302027 0.0141587 5.3417e-05 4.41752e-06 4.09292e-07 2.24881e-07 3.238e-08 2.1005e-08 4.91245e-09 7.56748e-10 1.79479e-11 1.47526e-12
threshold=0.052919927984476096 1.6233685016632082 0.51397606730461132 61.489912033081062 -0.066143240779638277 0.99245765805244457 0.22021602094173434 0.33646036684513098 44.025022506713874 0.33426961302757269 0.45900513231754309 36.976762771606452 -2.6592987775802608 0.15541020035743716 45.973701477050788 0.19201754778623584 0.50023958086967479 0.50174999237060558 0.56590402126312267 0.19081749022006991 0.10993249341845514 0.95426064729690563 0.47532890737056738 0.033388556912541396 0.8127550780773164 0.0090653579682111757 0.54775336384773265 0.35917979478836065 0.51310938596725475 2491311.8750000005
decision_type=2 2 2 2 2 2 2 2 2 2 2 2 2 2 2 2 2 2 2 2 2 2 2 2 2 2 2 2 2 2
left_child=14 2 4 6 -2 -5 7 11 18 -10 13 -4 -8 -6 -1 -14 -15 20 -3 -18 21 22 -16 24 25 26 27 -24 29 -29
right_child=1 8 3 5 10 -7 12 -9 9 -11 -12 -13 15 16 17 -17 19 -19 -20 -21 -22 -23 23 -25 -26 -27 -28 28 -30 -31
leaf_value=-0.050204715988022612 0.031296989524220997 0.1251793570208419 0.02237405921452185 -0.079928920742627377 -0.06531097305657961 0.031999240928098631 0.044742722843938765 0.13585349144246947 -0.0029781659700273467 0.1175440182410895 -0.018351530639882371 -0.075823740571990511 0.11612384011910813 -0.13503589871476615 -0.10285461352610972 0.13756467362439417 -0.10603421699624185 -0.12369340742775814 0.11441643181865038 -0.1174279250365101 -0.103612714576722 -0.10303039847202906 -0.10280182542242507 -0.10275151524497389 -0.10282324021813385 -0.10278981697622598 -0.10281250607375725 -0.1028047901729027 -0.10280427375625056 -0.10280495975436306
leaf_weight=1.1769246477633686 6.6110212877392796 5.1971196830272692 4.7529115192592162 8.0382332131266576 2.5331418365240079 6.4634682387113562 4.4028887376189205 4.2610673904418936 5.3684806004166585 3.6916042640805244 4.8664124216884366 4.094946563243866 6.1812445521354675 2.3303062077611685 1.5897057484835331 4.0189378708600998 2.3112109862267971 1.1379095911979682 5.2320585697889328 2.0652809254825115 0.94886164925992567 0.98875387385487634 1.2990715838968752 0.88538016192615021 0.85421839170157898 1.0824199877679346 0.77156502939760674 1.5392224136739976 0.71640999801456917 0.76965575292706478
leaf_count=11 25 26 23 29 18 24 25 21 25 21 25 17 36 10 29 17 29 5 34 13 15 17 27 16 18 21 13 32 15 13
internal_value=0.00879872 0.0269807 0.00884478 0.0333237 -0.0410335 -0.0300421 0.0664831 0.0285858 0.0855416 0.0461296 -0.0749316 -0.0230736 0.100503 -0.104731 -0.100108 0.124572 -0.11962 -0.104775 0.11978 -0.111411 -0.102894 -0.102829 -0.102808 -0.102799 -0.102805 -0.102802 -0.102805 -0.102804 -0.102805 -0.102805
internal_weight=96.1804 82.4203 62.9311 42.2137 20.7174 14.5017 27.712 13.1089 19.4893 9.06008 14.1064 8.84786 14.6031 9.23994 13.7601 10.2002 6.7068 12.5832 10.4292 4.37649 11.4453 10.4964 9.50765 7.91794 7.03256 6.17834 5.09592 4.32436 3.02529 2.30888
internal_count=650 418 312 192 120 53 139 61 106 46 95 40 78 70 232 53 52 221 60 42 216 201 184 155 139 121 100 87 60 45
is_linear=0
shrinkage=0.1


Tree=23
num_leaves=31
num_cat=0
split_feature=35 6 36 16 45 34 8 3 11 8 38 28 34 34 10 21 44 2 50 16 50 2 8 36 18 23 16 28 47 44
split_gain=17.0373 7.52181 6.36312 6.32213 6.06411 4.39397 4.97858 3.10603 2.53891 2.23737 1.66967 1.57039 1.50508 1.14532 0.709488 0.561229 0.0447075 0.0411853 0.0327656 0.0208618 0.00565767 0.00181616 0.000329139 6.23311e-05 3.46087e-06 8.4369e-07 5.3186e-08 5.19316e-08 4.51053e-08 2.09819e-08
threshold=0.521297186613083 53.397953033447273 0.13332176953554156 0.64803576469421398 0.23864406347274783 0.73006755113601696 63.162189483642585 1.4288508892059328 0.78412285447120678 44.594753265380866 0.41312573850154882 1.5000000000000002 0.86612766981124889 0.51397606730461132 -0.1396180912852287 -0.054376799613237374 0.62845495343208324 0.21166400611400607 0.59261900186538707 0.0061708602588623771 0.56151592731475841 0.13364495337009433 40.043577194213874 0.25496199727058416 0.034483831375837333 0.93333330750465404 -0.012900955975055693 29490.633789062504 0.3039624691009522 0.42161327600479132
decision_type=2 2 2 2 2 2 2 2 2 2 2 2 2 2 2 2 2 2 2 2 2 2 2 2 2 2 2 2 2 2
left_child=1 4 5 8 -1 9 -7 11 10 -2 12 -6 -4 -12 -13 -16 18 20 -15 -18 21 22 -17 -24 25 26 28 -28 -25 -29
right_child=2 -3 3 -5 7 6 -8 -9 -10 -11 13 14 -14 16 15 17 19 -19 -20 -21 -22 -23 23 24 -26 -27 27 29 -30 -31
leaf_value=0.096347254134292348 -0.01012329558236838 0.062578998216172535 0.09227733819829638 -0.05771767563336893 0.06664833994454715 0.087834893129612734 -0.043675230249166301 0.015405173951201107 0.023889356579723985 -0.10874037838511351 0.066233902278220569 -0.18226120538839877 0.0031832176120517178 0.12771750538562757 -0.013485755981663811 -0.10418851918843047 0.10715977674032545 -0.11595952750403467 0.11421832513143126 0.11781129348166877 -0.10991870380630034 -0.10712210251197113 -0.10344291811785762 -0.10256323954751437 -0.10272262219547797 -0.10264067190856332 -0.10250496198233452 -0.10255174253062199 -0.10253291199639399 -0.10253072921356284
leaf_weight=1.8847949504852355 4.6885811798274535 4.6426075771450988 3.74939947575331 4.050210937857627 0.53124186396599427 6.9723391830921155 4.9028573483228683 2.4822550415992728 7.9783824086189261 4.5168530512601137 6.3771549686789539 1.1951899528503549 3.8359710052609444 4.4499131590127927 0.67815293185414205 1.5796760767698081 4.6243137419223785 3.4595048837363711 3.0172047540545464 3.0525766015052795 1.380293384194373 1.079427734017371 0.88804566115140815 0.99852175638080687 1.2537252418696887 0.82416742108762253 0.76245409622787175 0.53334166854619969 0.96370490081608295 4.3572418950498104
leaf_count=8 21 33 18 15 2 33 17 9 34 27 29 2 25 22 4 19 35 17 21 18 8 13 16 21 27 17 14 10 24 91
internal_value=0.0083394 -0.0542604 0.0380158 0.0609097 -0.0760874 -0.00665763 0.0335389 -0.0902384 0.0738656 -0.058512 0.0875645 -0.10304 0.0472219 0.101784 -0.107558 -0.102798 0.116754 -0.106148 0.122263 0.111395 -0.103826 -0.103191 -0.102842 -0.102641 -0.102568 -0.102545 -0.102534 -0.102529 -0.102548 -0.102533
internal_weight=91.7101 29.4943 62.2158 41.1351 24.8517 21.0806 11.8752 22.9669 37.0849 9.20543 29.1065 20.4847 7.58537 21.5212 19.9534 18.7583 15.144 18.0801 7.46712 7.67689 14.6206 13.2403 12.1609 10.5812 9.69316 8.43943 7.61526 5.65304 1.96223 4.89058
internal_count=650 335 315 217 302 98 50 294 202 48 168 285 43 125 283 281 96 277 43 53 260 252 239 220 204 177 160 115 45 101
is_linear=0
shrinkage=0.1


Tree=24
num_leaves=31
num_cat=0
split_feature=0 37 4 47 36 24 36 50 16 47 18 44 23 35 47 11 17 33 45 47 22 47 18 44 44 16 47 38 28 39
split_gain=15.4619 7.06257 5.7606 4.7971 4.76274 4.50976 4.24521 3.73851 2.30311 1.21804 0.873686 0.364138 0.140132 0.101522 0.0741232 0.0221791 0.0139171 0.00835175 0.00238129 0.000425782 9.69243e-05 2.11399e-05 1.50674e-06 1.8142e-07 6.85741e-08 4.05733e-09 3.81077e-10 1.87496e-10 1.12688e-10 5.69971e-11
threshold=0.064070925116539015 0.50307467579841625 0.15862877666950229 0.20330666750669482 0.13332176953554156 0.10172414034605028 0.33063513040542608 0.52281171083450328 0.20282091945409778 0.50346198678016674 0.7716711461544038 0.2470483407378197 0.86786469817161571 0.56556287407875072 0.16739131510257724 0.53767094016075145 49.751092910766609 0.52560123801231395 0.59081292152404796 0.076603278517723097 3.8195797204971318 0.12607923895120624 0.057221116498112685 0.67164656519889843 0.37425169348716741 -0.38847503066062922 0.36477053165435797 0.38510997593402868 319.57412719726568 0.1111111342906952
decision_type=2 2 2 2 2 2 2 2 2 2 2 2 2 2 2 2 2 2 2 2 2 2 2 2 2 2 2 2 2 2
left_child=11 2 -2 -3 5 -5 7 9 10 14 12 -1 13 -6 -4 19 17 -16 -15 -13 21 -21 23 24 -23 -26 -27 -28 -29 -30
right_child=1 3 6 4 8 -7 -8 -9 -10 -11 -12 15 -14 18 16 -17 -18 -19 -20 20 -22 22 -24 -25 25 26 27 28 29 -31
leaf_value=-0.039699978114677938 0.094497788680801581 -0.034546437210858316 -0.092831169901699484 0.075256832781838492 0.13123629181907645 -0.038975099942431729 0.02977827884121886 0.011454142405777776 0.027884429642716091 -0.043977845900328237 0.050475987363097989 -0.10502177535922315 0.097884146355092502 0.11342786815054624 -0.10573451968397629 -0.11856871270706276 -0.12017159841290684 -0.11507409174601546 0.11006583037396436 -0.10300374199982423 -0.10345517804869755 -0.10232512393051288 -0.10244729007079312 -0.10234443936652241 -0.10231364412563156 -0.10228176951743805 -0.1022790642549124 -0.10228107339065307 -0.10228287757432503 -0.10228396765605051
leaf_weight=0.95751403272151847 4.3718116581439999 5.8576141074299803 2.2838682606816345 6.6046173721551877 3.807709105312834 7.2495669201016426 8.4111443758010846 5.7312550842761985 5.0054672732949248 4.5612098537385455 2.6709686592221251 0.69094355590641221 5.0500105693936339 3.8510584905743581 1.9665584396570923 0.95753285661339838 2.2630822509527206 1.8659499902278183 4.6511040553450584 0.45720673166215053 0.86471101082861501 0.42190060578286637 0.67324517667293537 0.58028104901313771 0.044197047129268863 1.3740891851484818 0.087144980207085498 0.15263244882225979 0.54552736319601525 3.9732531346380711
leaf_count=13 22 26 19 30 17 28 34 23 24 23 17 9 34 27 31 7 10 12 39 7 17 9 15 16 2 31 2 3 11 92
internal_value=0.0078121 0.0242946 -0.0120165 0.0498188 0.0625257 0.015482 -0.0292103 -0.0557829 0.0885579 -0.0855613 0.10372 -0.0988087 0.111912 0.117666 -0.108196 -0.104038 -0.113953 -0.110282 0.111589 -0.102628 -0.102448 -0.102343 -0.102304 -0.102291 -0.102286 -0.102283 -0.102283 -0.102284 -0.102284 -0.102284
internal_weight=87.9832 76.203 31.4549 44.7481 38.8905 13.8542 27.0831 18.6719 25.0363 12.9407 20.0309 11.7802 17.3599 12.3099 8.37946 10.8227 6.09559 3.83251 8.50216 9.86513 9.17419 8.30948 7.85227 7.17903 6.59874 6.17684 6.13265 4.75856 4.67141 4.51878
internal_count=650 416 174 242 216 58 152 118 158 95 134 234 117 83 72 221 53 43 66 214 205 188 181 166 150 141 139 108 106 103
is_linear=0
shrinkage=0.1


Tree=25
num_leaves=31
num_cat=0
split_feature=2 3 34 11 34 38 36 50 33 50 43 51 50 36 45 1 47 37 33 7 7 18 23 48 39 37 24 28 39 28
split_gain=13.7194 6.65061 5.32609 7.14204 5.11897 4.33798 3.05749 3.7109 2.90003 2.68872 0.932858 0.847163 0.531607 0.17727 0.0267601 0.0166052 0.0131077 0.00526568 0.00305707 2.45523e-05 1.06233e-05 8.74245e-07 5.27923e-07 2.88858e-08 5.77332e-09 3.06017e-10 1.14061e-10 8.3876e-11 3.03872e-11 1.10596e-11
threshold=0.050579793751239784 1.6233685016632082 0.51397606730461132 0.66016981005668651 0.99245765805244457 0.49614673852920538 0.082677744328975691 0.62938594818115245 0.46499055624008184 0.59591490030288707 0.61250001192092907 0.3053117841482163 0.44636450707912451 0.13542137295007708 0.4996075332164765 0.22681533545255664 0.4689385741949082 0.57617643475532543 0.46644093096256262 49.98510932922364 52.322706222534187 0.057221116498112685 0.91804030537605297 1.0000000180025095e-35 0.57417583465576183 0.52681997418403637 0.33087424933910375 659.00000000000011 0.24676165729761126 140293.00000000003
decision_type=2 2 2 2 2 2 2 2 2 2 2 2 2 2 2 2 2 2 2 2 2 2 2 2 2 2 2 2 2 2
left_child=13 2 5 6 -5 8 -4 12 -2 -3 16 -7 -8 -1 -15 18 -11 -18 -13 -16 21 22 23 24 25 26 27 -21 -29 -30
right_child=1 9 3 4 -6 11 7 -9 -10 10 -12 15 -14 14 19 -17 17 -19 -20 20 -22 -23 -24 -25 -26 -27 -28 28 29 -31
leaf_value=-0.057281452999791926 0.056525251259487402 0.0092366611118840768 0.0023456253853117739 -0.073548018388433653 0.039805228931968729 -0.041310115185595367 0.094628512275486951 0.017860462998521169 -0.050737603629086796 0.12036289438063802 0.051821315229413835 -0.10434574854294504 0.13918103071045082 -0.12138240399549519 -0.1026653301123419 -0.11803932556891411 0.11569706103820759 0.10982960758709517 -0.10989459697132176 -0.10205843049725689 -0.10249732650398508 -0.10219919304989894 -0.10216069331053033 -0.10208121605579408 -0.10207168077652043 -0.10205963377020361 -0.10206297004621359 -0.10206118335230215 -0.10206137019380397 -0.10206205569713772
leaf_weight=0.89722355455159863 5.4040319472551364 4.3273673281073597 5.8147872611880329 8.9430692642927188 7.1845083832740775 2.4899244643747789 4.6882895603775996 5.2598730921745291 4.7240223847329617 3.5906158313155156 3.0066776648163787 2.1374172605574135 6.2466769218444824 0.79115322232246299 0.93322184868156899 2.0258772447705269 3.0469990372657776 3.0711821168661118 1.8542170338332651 0.07904931157827455 0.69057837314903725 0.62927783280611027 0.65827421285212029 1.0575525686144827 0.65612497739493836 0.67229417525231827 0.85157038830220688 0.71235691383481037 0.27705200575292122 1.5638632606714962
leaf_count=10 25 20 30 39 31 16 28 33 20 21 19 32 31 3 23 9 21 26 17 2 14 16 16 25 19 16 25 18 8 37
internal_value=0.00734376 0.0225381 0.00609221 0.0275029 -0.0230514 -0.0377244 0.0645467 0.0868801 0.0064947 0.0773224 0.100493 -0.090367 0.120079 -0.0997837 -0.103767 -0.110666 0.115567 0.112752 -0.106923 -0.10218 -0.102123 -0.102087 -0.102076 -0.102066 -0.102063 -0.102062 -0.102062 -0.102062 -0.102062 -0.102062
internal_weight=84.2851 73.8155 56.7727 38.1372 16.1276 18.6355 22.0096 16.1948 10.1281 17.0428 12.7155 8.50744 10.935 10.4696 9.57237 6.01751 9.7088 6.11818 3.99163 8.78122 7.84799 7.15742 6.52814 5.86986 4.81231 4.15619 3.48389 2.63232 2.55327 1.84092
internal_count=650 418 311 192 70 119 122 92 45 107 87 74 59 232 222 58 68 47 49 219 196 182 166 150 125 106 90 65 63 45
is_linear=0
shrinkage=0.1


Tree=26
num_leaves=31
num_cat=0
split_feature=1 36 36 37 45 38 8 34 18 33 8 11 12 50 4 38 38 2 50 3 45 36 15 1 28 18 44 6 39 44
split_gain=12.9495 8.31419 5.36301 5.42603 5.24603 4.91199 5.3623 4.36738 3.84879 3.82956 3.6493 5.11014 2.02635 1.95822 0.788621 0.241911 0.195476 0.128886 0.116143 0.0648321 0.0133104 0.00362931 0.00201092 0.00200611 0.000124169 2.97219e-05 8.46728e-06 4.3605e-06 2.60042e-07 6.1619e-09
threshold=0.17397624254226687 0.3855408132076264 0.12746056169271472 0.56524673104286205 0.59932950139045726 0.52790078520774852 57.616170883178718 0.80735075473785411 -0.012982672080397604 0.60609558224678051 31.980230331420902 0.73854193091392528 15.500000000000002 0.62554258108139049 0.33279298245906835 0.36275388300418859 0.49102595448493963 0.1655261889100075 0.56787469983100902 1.2389668226242068 0.52443942427635204 0.37727221846580511 0.13550233840942386 0.084701206535100951 92.321350097656264 0.11504871025681497 0.31684419512748724 46.30751037597657 0.78501400351524364 0.41742543876171118
decision_type=2 2 2 2 2 2 2 2 2 2 2 2 2 2 2 2 2 2 2 2 2 2 2 2 2 2 2 2 2 2
left_child=1 4 3 10 12 8 -7 -6 -4 -3 -2 -12 13 14 -1 -16 18 19 -10 20 23 -20 -23 24 -17 26 -26 -28 29 -29
right_child=2 9 5 -5 7 6 -8 -9 16 -11 11 -13 -14 -15 15 17 -18 -19 21 -21 -22 22 -24 -25 25 -27 27 28 -30 -31
leaf_value=-0.024694467301520868 -0.11480224760990372 -0.020270234402695556 0.020661958591957678 0.098197238727536343 -0.075932094776812481 0.065564852047784644 -0.090457277171522979 0.13217546412288886 0.13343284803749897 0.1189295181088949 0.055950939765240987 -0.084259137607427981 0.0033689832439838634 -0.22535666039716371 -0.18475594240206877 -0.10502662564684165 0.08970689685933117 -0.071639176026651125 0.11474793057573429 -0.12484847065741077 -0.11549653123571253 0.10891964987221614 0.11284981094994351 -0.10577792433390086 -0.10228542937406247 -0.1026496078873248 -0.10212342209227615 -0.10187498062982331 -0.1019234856629381 -0.10186228914733977
leaf_weight=1.3107889015227687 3.954070936888459 4.3299368098378173 6.1543614938855233 4.0389370694756499 2.0246549658477297 5.3248028829693776 3.7570901140570641 2.0091207027435303 3.730058059096339 3.6360548064112663 6.2487304341047984 4.450960498303175 1.7771063838154066 1.3300637751817692 0.3775716032832851 0.13670958578586123 2.8760468289256087 1.1542206965386856 4.607925206422804 1.6787873655557621 0.88340324535965997 2.5902938470244408 2.6174132078886032 1.736791959032417 0.62181393057107737 0.62568318098783482 0.7749328464269637 0.41547330282628525 0.83160777762532223 4.8278084248304367
leaf_count=12 20 21 32 21 32 34 11 10 17 23 33 20 11 5 4 1 18 7 31 5 5 24 19 17 15 14 19 11 23 135
internal_value=0.00690382 -0.0445371 0.0380464 -0.00442609 -0.0756008 0.0631246 0.00102003 0.027721 0.0881079 0.0432671 -0.0327116 -0.002375 -0.0981503 -0.10895 -0.0988799 -0.105794 0.113385 -0.103616 0.118412 -0.10656 -0.103732 0.112704 0.110895 -0.102689 -0.102038 -0.101988 -0.101932 -0.1019 -0.101872 -0.101863
internal_weight=80.8332 30.4825 50.3507 18.6927 22.5165 31.658 9.08189 4.03378 22.5761 7.96599 14.6538 10.6997 18.4828 16.7057 15.3756 14.0648 16.4217 13.6872 13.5457 12.533 10.8542 9.81563 5.20771 9.97082 8.23403 8.09732 7.47164 6.84982 6.07489 5.24328
internal_count=650 370 280 94 326 186 45 42 141 44 73 53 284 273 268 256 109 252 91 245 240 74 43 235 218 217 203 188 169 146
is_linear=0
shrinkage=0.1


Tree=27
num_leaves=31
num_cat=0
split_feature=1 36 37 45 34 45 43 35 36 36 24 38 12 50 11 37 38 35 50 3 33 14 3 36 18 23 10 47 39 38
split_gain=11.1208 7.27227 4.87584 4.60789 4.51497 4.14997 4.23256 3.54041 3.42691 3.37168 3.05941 2.06055 1.9078 1.60498 0.96691 0.27159 0.182566 0.139067 0.0525352 0.0511853 0.00501748 0.00390799 0.000574601 4.63799e-05 1.39594e-05 1.42547e-06 3.03301e-07 3.49339e-08 2.25814e-08 1.12573e-08
threshold=0.17397624254226687 0.3855408132076264 0.50588190555572521 0.59932950139045726 0.77038717269897472 0.27749408781528478 0.51249998807907116 0.59492358565330516 0.12746056169271472 0.23421347141265872 0.20106383413076404 0.53083446621894848 15.500000000000002 0.62938594818115245 0.18426962196826938 0.58114898204803478 0.36275388300418859 0.75826051831245433 0.57205244898796093 1.1249812841415407 0.54199326038360607 43.685293197631843 0.48126204311847692 0.17004215717315677 0.10993249341845514 0.95426064729690563 0.03964978642761708 0.25267933309078222 0.38529014587402349 0.56610122323036205
decision_type=2 2 2 2 2 2 2 2 2 2 2 2 2 2 2 2 2 2 2 2 2 2 2 2 2 2 2 2 2 2
left_child=1 3 5 12 -5 -2 9 -3 10 -7 -4 15 13 14 -1 18 -16 19 -10 20 22 -20 -18 -24 25 26 27 28 -25 -29
right_child=2 7 8 4 -6 6 -8 -9 11 -11 -12 -13 -14 -15 16 -17 17 -19 21 -21 -22 -23 23 24 -26 -27 -28 29 -30 -31
leaf_value=-0.0066561638313662637 0.081400450847464681 -0.02751662474494726 0.066088098922842745 -0.091288561057888837 0.12760617537543781 -0.029155892144487897 -0.089591057092755555 0.1079014792153167 0.12692011184346708 0.085382116075306158 -0.047462655135658581 0.015313755685678576 0.003029487759057274 -0.22044196093444729 -0.17494828834086654 0.083518922016606809 -0.10436126008221971 -0.067836956035130097 0.10973085909148195 -0.12160667720505965 -0.10830609470611452 0.11448452402622196 -0.10263229662362006 -0.10168660983156151 -0.10224087162911284 -0.1018526654271948 -0.10176623630607096 -0.10168217315927602 -0.10171085445729894 -0.10166529401063802
leaf_weight=1.0888294912874794 4.9716681018471744 3.8523330613970748 5.5819923207163828 1.7482610670849674 2.0439521074295044 6.6995027698576468 6.0465455316007128 3.8702454119920731 3.3509413003921527 4.1696624159812927 4.1271453574299812 2.8517805188894263 1.7785510327666987 1.1416397541761387 0.3597989259287705 3.2546871230006209 1.0150515995919684 1.0493182018399227 4.1155332997441292 1.7503945976495732 1.5543066412210453 2.9828278571367264 0.65198084153234948 0.81479085050523259 0.53357641585171212 0.61677527241408814 0.50989342667162407 3.2050841189920907 0.72688763216137886 0.45068401098251332
leaf_count=9 28 17 29 31 11 35 27 27 18 24 16 17 11 4 4 28 12 5 37 7 11 21 11 28 14 17 14 101 20 16
internal_value=0.00655182 -0.0426475 0.0359396 -0.0731112 0.0266928 0.00108118 -0.0225253 0.0403495 0.0649882 0.0147835 0.0178201 0.0926499 -0.0950551 -0.106332 -0.0972398 0.108743 -0.10469 -0.102727 0.1166 -0.105822 -0.103081 0.111728 -0.102128 -0.101826 -0.10175 -0.101708 -0.101693 -0.101685 -0.101698 -0.10168
internal_weight=76.9146 28.7624 48.1523 21.0398 3.79221 21.8874 16.9157 7.72258 26.2649 10.8692 9.70914 16.5558 17.2476 15.469 14.3274 13.704 13.2385 12.8787 10.4493 11.8294 10.079 7.09836 8.52472 7.50967 6.85769 6.32412 5.70734 5.19745 1.54168 3.65577
internal_count=650 370 280 326 42 114 86 44 166 59 45 121 284 273 269 104 260 256 76 251 244 58 233 221 210 196 179 165 48 117
is_linear=0
shrinkage=0.1


Tree=28
num_leaves=31
num_cat=0
split_feature=35 6 45 36 50 4 16 0 43 43 3 37 9 5 16 51 2 24 36 37 2 24 8 23 16 16 38 10 44 47
split_gain=10.1353 5.40429 4.23794 3.8039 4.01458 5.22011 3.729 4.23724 3.38904 3.64525 3.22261 3.04132 2.5139 0.620599 0.49909 0.379249 0.0365916 0.0220306 0.017411 0.0149474 0.00292635 0.000352518 6.62498e-05 9.66641e-07 2.98946e-07 9.43798e-08 2.6125e-07 1.02508e-07 1.01122e-07 3.77691e-09
threshold=0.521297186613083 53.397953033447273 0.23864406347274783 0.31493373215198522 0.57710370421409618 0.19016331434249881 0.031084062531590465 0.40007436275482183 0.58750000596046459 0.46249999105930334 0.65825688838958751 0.49844078719615942 -0.10861754789948462 0.21421077102422717 -0.7542678415775298 0.85400491952896129 0.33426961302757269 0.15765106678009036 0.6461206078529359 0.52425050735473644 0.068569287657737746 0.29289215803146368 46.082496643066413 0.95426064729690563 0.049508405849337585 -0.014742552302777765 0.38158145546913153 -0.0094709778204560262 0.38013322651386267 0.1043987311422825
decision_type=2 2 2 2 2 2 2 2 2 2 2 2 2 2 2 2 2 2 2 2 2 2 2 2 2 2 2 2 2 2
left_child=1 2 -1 4 5 -2 15 -8 9 -6 11 -7 -4 -14 -15 19 18 -11 20 -5 22 -22 -16 24 25 27 -27 -24 -28 -30
right_child=3 -3 12 6 8 10 7 -9 -10 17 -12 -13 13 14 16 -17 -18 -19 -20 -21 21 -23 23 -25 -26 26 28 -29 29 -31
leaf_value=0.078258193687503197 0.10335689874564619 0.05932298904435216 0.01225067296932927 0.11703675507456116 -0.0012330290401838138 -0.05980764625868136 -0.049624459417215938 0.091732978170255317 -0.031885472530518003 0.11255606035144149 -0.11588120966044589 0.061072773103236902 -0.055141709669059152 -0.19017565237735184 -0.10257523848143135 0.067586864500473104 -0.12298933226941806 0.12370542455986562 -0.11782526485598746 0.10869786810055548 -0.10438183659872782 -0.1065307676658224 -0.1015297876623649 -0.1016733462799236 -0.10161301637879785 -0.10129386847599718 -0.10159506867817714 -0.10159027945980524 -0.10150145171631278 -0.10151976567541772
leaf_weight=1.7067158669233382 2.6489867940545144 3.7711830101907244 2.2152385525405469 4.9114511795341986 4.0346475541591627 5.5212754104286415 4.579787649214266 3.9490112438797951 4.068466253578662 3.8318824432790279 4.8136590961366883 3.3407412357628345 2.3704049792140678 0.74799847602844849 0.70349404029547091 2.2799061052501193 1.1308790519833554 3.2972204238176346 0.84423282742500383 3.8225252330303192 1.6085300054401162 1.4528759997338054 0.75677065271884203 0.55901551991701115 0.45056166499853123 0.050441138446329581 0.18489121738821301 0.44477478973567641 0.11658337805420194 3.3029903154820204
leaf_count=8 14 33 17 33 19 33 19 29 19 30 23 20 13 1 12 21 4 17 3 38 25 15 29 17 19 2 6 19 4 108
internal_value=0.00620339 -0.0498546 -0.0719355 0.0307963 0.00932532 -0.0251281 0.0654668 0.015827 0.0462497 0.074725 -0.0500157 -0.014239 -0.0870679 -0.10201 -0.111003 0.103906 -0.1059 0.117713 -0.104055 0.113387 -0.102848 -0.105402 -0.101658 -0.101548 -0.101535 -0.101528 -0.10152 -0.101552 -0.101523 -0.101519
internal_weight=73.5171 22.4176 18.6464 51.0996 31.5569 16.3247 19.5427 8.5288 15.2322 11.1638 13.6757 8.86202 16.9397 14.7244 12.354 11.0139 11.606 7.1291 10.4752 8.73398 9.63093 3.06141 6.56952 5.86603 5.30701 4.85645 3.65491 1.20155 3.60446 3.41957
internal_count=650 335 302 315 175 90 140 48 85 66 76 53 294 277 264 92 263 47 259 71 256 40 216 204 187 168 120 48 118 112
is_linear=0
shrinkage=0.1


Tree=29
num_leaves=31
num_cat=0
split_feature=0 3 5 36 22 44 9 0 44 50 1 34 13 44 17 43 40 47 17 0 13 6 44 18 9 44 10 38 47 23
split_gain=9.14522 4.46681 4.12186 4.77553 4.11085 3.85148 3.6501 3.18061 3.00027 1.97619 1.94576 2.64796 1.79911 1.64714 0.798453 0.301025 0.0561567 0.00975773 0.00947927 0.00386529 0.000634669 2.34964e-05 2.34628e-06 3.83379e-07 3.05057e-07 4.08255e-08 3.61132e-09 4.58847e-08 1.46174e-09 2.74216e-10
threshold=0.064070925116539015 1.6233685016632082 1.1898059248924258 0.08614096045494081 9.3589549064636248 0.38241344690322882 0.075831089168787016 0.3072750866413117 0.40068098902702337 0.56052589416503917 0.1949453800916672 0.67199265956878673 35.925804138183601 0.8934517800807954 53.976463317871101 0.46249999105930334 0.15000000223517421 0.40918929874897009 38.90113830566407 0.76604634523391735 21.395047187805179 52.005649566650398 0.28148342669010168 0.036511322483420379 -0.1008462831377983 0.62404465675354015 -0.033090230077505105 0.36275388300418859 0.21044480055570605 0.20000001043081286
decision_type=2 2 2 2 2 2 2 2 2 2 2 2 2 2 2 2 2 2 2 2 2 2 2 2 2 2 2 2 2 2
left_child=15 2 3 4 12 7 8 -5 -4 -3 11 -7 -2 17 16 -1 -12 -11 20 -19 21 22 -17 24 -24 26 -26 -28 -29 -30
right_child=1 9 6 5 -6 10 -8 -9 -10 13 14 -13 -14 -15 -16 18 -18 19 -20 -21 -22 -23 23 -25 25 -27 27 28 29 -31
leaf_value=-0.028811127282940233 -0.13950425220183649 -0.0023071304276833251 0.0068710257849652658 -0.081038867301097883 0.048942621479446183 -0.029488729739407166 0.036762151606641445 0.047573516464855914 -0.109442451653449 0.11742114376810729 0.11252408087589844 0.098124403145046779 -0.02843456698316732 0.026288313023137718 0.06059416977280338 -0.10167618677303036 0.1308236621569786 0.10775715884744702 -0.11460882835642912 0.11346152811959671 -0.10490305705349263 -0.10214560810960477 -0.10153769936204134 -0.10146168987280924 -0.10137999268242784 -0.10140234890477942 -0.1011709195961859 -0.10136674451356392 -0.10137453460374157 -0.10137198765644131
leaf_weight=0.59399028494954009 3.1732745319604856 3.0787281543016425 3.2412903141230327 3.5712321056053069 3.4608148727566004 3.4391281493008163 4.3309653624892226 4.1658655777573586 7.0223946198821068 2.9042907208204252 4.0004302784800512 3.0841836556792259 2.6985762156546116 3.0619102939963341 3.3365836106240749 0.3049832135438918 2.887261439114809 2.8836220391094685 0.6327395699918269 2.0199574083089828 0.59157177992165078 0.46790565736591805 0.11931817606091488 0.66006844118237484 0.49674546252936158 0.50359330978244532 0.011439749039709901 0.53203907422721419 0.52161437459290061 2.2296179784461856
leaf_count=8 24 15 18 28 19 23 22 21 39 20 32 21 22 24 23 11 17 33 6 15 7 12 4 25 19 19 1 20 23 79
internal_value=0.00588752 0.0185578 0.00419195 0.0233608 -0.0375066 0.0465613 -0.0402244 -0.0117904 -0.0727104 0.0684183 0.0735188 0.030846 -0.088459 0.0884504 0.100745 -0.0971862 0.120195 0.112828 -0.102929 0.110107 -0.101782 -0.101466 -0.101407 -0.101391 -0.10138 -0.101376 -0.101372 -0.101371 -0.101372 -0.101372
internal_weight=70.0261 62.3605 48.412 33.8174 9.33267 24.4847 14.5947 7.7371 10.2637 13.9485 16.7476 6.52331 5.87185 10.8698 10.2243 7.66563 6.88769 7.80787 7.07164 4.90358 6.4389 5.84733 5.37942 5.07444 4.41437 4.29505 3.79146 3.29471 3.28327 2.75123
internal_count=650 416 309 230 65 165 79 49 57 107 116 44 46 92 72 234 49 68 226 48 220 213 201 190 165 161 142 123 122 102
is_linear=0
shrinkage=0.1


Tree=30
num_leaves=31
num_cat=0
split_feature=0 6 8 38 8 1 28 51 28 50 28 5 1 2 43 50 10 17 13 6 44 18 9 44 10 38 47 23 39 16
split_gain=8.10301 4.04564 3.26504 4.22206 3.67464 3.23252 2.9428 3.24875 2.92162 2.71606 2.10658 1.33612 1.31671 0.742342 0.314205 0.154175 0.0403603 0.00698256 0.000467971 1.73395e-05 1.73068e-06 2.83118e-07 2.24978e-07 3.01288e-08 2.66548e-09 3.38558e-08 1.07846e-09 2.02076e-10 2.42442e-11 1.3634e-11
threshold=0.064070925116539015 39.767333984375007 59.954181671142585 0.52790078520774852 64.899631500244155 0.16065441817045215 21192.500000000004 0.53247299790382396 433630.76562500006 0.3512141108512879 143.00000000000003 1.7685695886611941 0.46976852416992193 0.21457067877054217 0.46249999105930334 0.5354132652282716 0.016469546593725685 38.90113830566407 21.395047187805179 52.005649566650398 0.28148342669010168 0.036511322483420379 -0.1008462831377983 0.62404465675354015 -0.033090230077505105 0.36275388300418859 0.21044480055570605 0.20000001043081286 0.1111111342906952 -0.0072062821127474299
decision_type=2 2 2 2 2 2 2 2 2 2 2 2 2 2 2 2 2 2 2 2 2 2 2 2 2 2 2 2 2 2
left_child=14 8 5 4 -4 6 -3 -8 9 -2 -7 13 -6 -12 -1 -15 -17 18 19 20 -16 22 -22 24 -24 -26 -27 -28 -29 -30
right_child=1 2 3 -5 12 10 7 -9 -10 -11 11 -13 -14 15 17 16 -18 -19 -20 -21 21 -23 23 -25 25 26 27 28 29 -31
leaf_value=-0.026237178521713145 0.080167625693237599 -0.065426552420868478 -0.043977851427135381 -0.088556348581207145 0.031315390412916443 0.0024933767325635973 -0.019578307663045556 0.11064574531724347 -0.10919853840997421 -0.041494857825944406 0.061740019751510201 0.034847481994781646 0.11794493907898125 0.13250952859585666 -0.10151418439478486 0.11247357567233468 0.095261837488946066 -0.11311713887213103 -0.10442093236138271 -0.1019377299171024 -0.1013892275144702 -0.10132070585591638 -0.10124694959074945 -0.10126712640696299 -0.10105825141844711 -0.10123499238439659 -0.10124202129172233 -0.10123883442991109 -0.10123935522346109 -0.10124001336329878
leaf_weight=0.58740084804594417 2.7196591310203058 3.8002771511673945 4.6090142056345957 4.4936382183805099 3.8523148074746132 3.5168233960866955 4.0412018317729235 3.6424042396247387 3.6453952603042117 5.6408134121447802 3.3203359469771412 3.7395724691450587 3.2219168022274971 3.7130636982619745 0.27637820411473502 4.03006836399436 2.0581872835755348 0.57968926243484009 0.53762167040258635 0.42419797834008921 0.10811360273510251 0.59804338589310635 0.45003445539623621 0.45624755974858988 0.010362066328525432 0.48200350347906384 0.47256251983344588 0.26591332163661752 0.4111267421394601 1.3429032601416093
leaf_count=8 19 19 20 25 25 21 26 29 38 39 30 25 21 22 11 35 22 6 7 12 4 25 19 19 1 20 23 10 18 51
internal_value=0.00555834 0.0174304 0.0304068 -0.00618099 0.0255024 0.0489831 0.00655332 0.0421542 -0.0344921 -0.00191809 0.0728941 0.0875779 0.0707703 0.102606 -0.0962399 0.11645 0.106655 -0.10265 -0.10161 -0.101325 -0.101271 -0.101257 -0.101247 -0.101243 -0.10124 -0.101239 -0.101239 -0.10124 -0.10124 -0.10124
internal_weight=67.0473 60.0447 48.0388 16.1769 11.6832 31.8619 11.4839 7.68361 12.0059 8.36047 20.3781 16.8612 7.07423 13.1217 7.0026 9.80132 6.08826 6.4152 5.83551 5.29789 4.87369 4.59731 3.99927 3.89115 3.43491 2.98487 2.97451 2.49251 2.01994 1.75403
internal_count=650 416 320 91 66 229 74 55 96 58 155 134 46 109 234 79 57 226 220 213 201 190 165 161 142 123 122 102 79 69
is_linear=0
shrinkage=0.1


Tree=31
num_leaves=31
num_cat=0
split_feature=1 36 37 16 44 8 8 16 51 7 14 36 1 22 2 33 0 19 35 35 24 3 6 44 18 9 44 10 38 47
split_gain=7.27937 4.15801 4.21544 3.22376 3.9717 4.42865 3.06772 3.91433 4.66024 2.17996 2.05081 2.40467 3.39629 1.57249 0.246333 0.188953 0.0838652 0.0125529 0.00546268 0.00358721 0.000104903 3.55974e-05 1.28006e-05 1.27716e-06 2.09136e-07 1.66003e-07 2.22455e-08 1.96496e-09 2.49898e-08 7.95672e-10
threshold=0.052919927984476096 0.13332176953554156 0.55616044998168956 0.64803576469421398 0.40434935688972479 38.161216735839851 31.980230331420902 0.1349403187632561 0.55477729439735424 40.836036682128913 70.048576354980483 0.31493373215198522 0.17397624254226687 1.2733675837516787 0.33426961302757269 0.55896258354187023 0.13335580378770831 -1.051389694213867 0.54012528061866771 0.61474719643592846 0.068729333579540267 0.99842393398284923 52.005649566650398 0.28148342669010168 0.036511322483420379 -0.1008462831377983 0.62404465675354015 -0.033090230077505105 0.36275388300418859 0.21044480055570605
decision_type=2 2 2 2 2 2 2 2 2 2 2 2 2 2 2 2 2 2 2 2 2 2 2 2 2 2 2 2 2 2
left_child=15 2 6 4 5 -3 -2 8 13 -7 11 12 -6 -8 -14 18 -13 -18 21 -19 -21 -1 23 -23 25 -25 27 -27 -29 -30
right_child=1 3 -4 -5 10 9 7 -9 -10 -11 -12 16 14 -15 -16 -17 17 19 -20 20 -22 22 -24 24 -26 26 -28 28 29 -31
leaf_value=-0.10210393160836449 -0.11892794557714204 0.077828946589260803 0.067695265338466787 -0.062439507674982325 -0.039935454377790114 -0.11330965301176861 -0.10393754370209987 -0.11071580468494871 0.091896541602754275 -0.0030100780404672678 -0.011431513598939885 0.13092815573738911 0.11442495674515188 0.0011345226327202334 0.069311372933663309 -0.039396967309838354 0.11623824200628186 0.11086681974467161 -0.11236098290108874 0.10621075390998319 0.10513262687451189 -0.10136805919299259 -0.10175031226518899 -0.10125528131933131 -0.10119348304577738 -0.10112687689556582 -0.10114509777036665 -0.10095653325909544 -0.1011160888902924 -0.10112075230463868
leaf_weight=0.47558209672570129 3.8737622406333747 4.5652218703180534 4.544289492070674 2.9812654443085185 3.077891228720552 2.9903365448117256 2.5597047442570311 3.4026207290589801 4.3172963745892048 4.4707898758351803 2.5723888352513304 2.5418274626135817 2.6926954463124275 3.2111778780817986 2.1985878683626652 0.52227616682648648 2.3493658155202857 2.0721755251288405 0.48573820292949665 1.7308034822344782 1.8858320042490957 0.25041949003934849 0.38450119737535704 0.097948058508336877 0.54177774116396893 0.40766690205782774 0.41330258548259724 0.0093849515542386852 0.43662157002836499 2.25784020870924
leaf_count=11 27 27 27 15 28 14 32 22 22 30 14 17 20 17 20 5 17 19 3 22 28 11 12 4 25 19 19 1 20 102
internal_value=0.0052532 0.016322 -0.0180501 0.0371653 0.0461236 0.000250698 -0.0404896 -0.0179667 0.0133164 -0.0472169 0.072243 0.083847 0.0423609 -0.0454707 0.0941468 -0.0969916 0.115095 0.110089 -0.102213 0.107549 0.105649 -0.101279 -0.101197 -0.101149 -0.101136 -0.101127 -0.101123 -0.10112 -0.101119 -0.10112
internal_weight=64.3211 58.038 21.9089 36.1292 33.1479 12.0263 17.3646 13.4908 10.0882 7.46113 21.1216 18.5492 7.96917 5.77088 4.89128 6.28306 10.58 8.03818 5.76078 5.68881 3.61664 5.27504 4.79946 4.41496 4.16454 3.62276 3.52482 3.11151 2.70385 2.69446
internal_count=650 418 147 271 256 71 120 93 71 44 185 171 68 49 40 232 103 86 227 69 50 224 213 201 190 165 161 142 123 122
is_linear=0
shrinkage=0.1


Tree=32
num_leaves=31
num_cat=0
split_feature=1 3 5 36 22 3 36 17 51 45 35 9 44 13 6 36 38 21 35 15 3 6 44 6 18 9 38 44 39 47
split_gain=6.46229 3.6193 3.08676 3.08134 3.74531 2.78761 4.84599 2.449 2.05292 1.87637 1.81942 1.74055 2.36649 1.47216 0.727364 0.226877 0.0129311 0.00903187 0.00478178 0.00185961 6.31834e-05 9.39946e-06 9.27239e-07 1.62629e-07 5.26044e-08 1.26251e-07 1.88351e-08 2.54953e-09 7.30776e-10 3.08951e-10
threshold=0.052919927984476096 1.6233685016632082 1.3428965210914614 0.081880092620849623 8.2845611572265643 0.65825688838958751 0.33063513040542608 44.025022506713874 0.60972976684570324 0.46185919642448431 0.5642564892768861 0.075831089168787016 0.40242257714271551 38.084115982055671 59.059541702270515 0.4625725001096726 0.53232166171073925 0.012238013092428448 0.54012528061866771 0.012630504090338947 0.89964863657951366 52.005649566650398 0.28148342669010168 49.512184143066413 0.039617817848920829 -0.1008462831377983 0.36275388300418859 0.38241344690322882 0.57417583465576183 0.23616407066583636
decision_type=2 2 2 2 2 2 2 2 2 2 2 2 2 2 2 2 2 2 2 2 2 2 2 2 2 2 2 2 2 2
left_child=15 2 3 4 13 10 9 17 -9 -7 -5 12 -4 -2 16 18 -12 -3 20 -19 -1 22 -22 -24 25 -25 -27 -28 29 -29
right_child=1 7 11 5 -6 6 -8 8 -10 -11 14 -13 -14 -15 -16 -17 -18 19 -20 -21 21 -23 23 24 -26 26 27 28 -30 -31
leaf_value=-0.10235266199955746 -0.13019081823069878 0.11595132865508347 0.0027341800758209052 0.014276580693367683 0.056621067074839194 -0.12379362594880033 0.072893640046003849 -0.040982444103860649 0.078157442775799738 -0.0073816853863860167 0.11110313493085955 0.018826900459565851 -0.10511517755364752 -0.02553082242055553 0.056894188723720297 -0.030895264873076846 0.12077878822077737 0.10552705142109114 -0.11189993595775749 0.11015240984317068 -0.1012362120389254 -0.10158128781670031 -0.10109221733930927 -0.10113440097215154 -0.10105543515858689 -0.10086467795483839 -0.10102493684944353 -0.10100939308306817 -0.10101657858697335 -0.10101271748863677
leaf_weight=0.43071540351956983 2.9659926705062407 2.3141969107091409 3.2610611692070943 4.3068650532513884 2.9906924087554216 2.7519584875553829 4.6926459483802319 2.8665537871420383 2.9190998300909996 2.7866395153105259 2.8669099882245046 3.5200416147708884 5.4095178749412298 2.45759501401335 3.3815074935555458 0.48873224109411229 2.6654498390853405 1.701812840998173 0.45727442577481259 1.7766844555735586 0.22686900943517674 0.34846050385385741 0.35794774815440211 0.088727610185743155 0.40061931777745474 0.0084991948679092877 0.19078450649976764 0.32646558340638931 0.46818542666733254 1.9453245317563415
leaf_count=11 24 18 17 33 19 15 36 18 28 26 25 19 32 24 24 4 18 25 3 17 11 12 18 4 21 1 9 17 25 96
internal_value=0.00497267 0.0153942 0.0023188 0.0186904 -0.0332237 0.0373166 -0.00187474 0.0651473 0.0191285 -0.0652232 0.0676459 -0.0404766 -0.0645523 -0.0827661 0.093432 -0.0960627 0.115765 0.11111 -0.102129 0.10789 -0.101197 -0.101083 -0.10104 -0.101028 -0.101021 -0.101017 -0.101013 -0.101014 -0.101013 -0.101012
internal_weight=61.3738 55.6352 44.0569 31.8663 8.41428 23.452 10.2312 11.5783 5.78565 5.5386 13.2207 12.1906 8.67058 5.42359 8.91387 5.73861 5.53236 5.79269 5.24987 3.4785 4.7926 4.36188 4.01342 3.78655 3.42861 3.02799 2.93926 2.93076 2.73998 2.27179
internal_count=650 418 312 244 67 177 77 106 46 41 100 68 49 48 67 232 43 60 228 42 225 214 202 191 173 152 148 147 138 113
is_linear=0
shrinkage=0.1


Tree=33
num_leaves=31
num_cat=0
split_feature=1 36 50 19 35 37 13 35 34 0 10 19 0 7 12 22 34 1 3 35 33 7 6 28 9 38 18 24 10 47
split_gain=5.73189 3.24045 3.57091 2.68693 3.37069 3.53315 3.50564 3.35189 2.50966 2.37463 2.24962 2.06861 1.76898 1.71185 0.264042 0.0868884 0.0825423 0.011435 0.00332926 0.00298472 0.00175269 1.3503e-05 7.36266e-06 1.5006e-06 8.29583e-08 6.28779e-08 3.83763e-08 1.26248e-08 1.40718e-09 3.96422e-10
threshold=0.052919927984476096 0.13332176953554156 0.51756414771080028 1.5859531164169314 0.67922130227088939 0.48374915122985845 58.882730484008796 0.55463537573814403 0.81210276484489452 0.28046494722366339 -0.0038513854378834362 3.3267636299133305 0.13152930140495303 50.101285934448249 6.5000000000000009 2.6673240661621098 0.69749835133552562 0.27287076413631445 3.5496952533721928 0.86021077632904064 0.58324715495109569 44.863162994384773 52.005649566650398 4252.0000000000009 -0.1008462831377983 0.36275388300418859 0.012076693121343853 0.40000002086162573 -0.03873051889240741 0.16094044595956805
decision_type=2 2 2 2 2 2 2 2 2 2 2 2 2 2 2 2 2 2 2 2 2 2 2 2 2 2 2 2 2 2
left_child=14 2 8 4 6 -6 7 9 17 -3 -4 16 -13 15 18 -14 -5 20 21 -7 -2 -1 23 -23 -25 -26 27 28 -27 -30
right_child=1 3 10 11 5 19 -8 -9 -10 -11 -12 12 13 -15 -16 -17 -18 -19 -20 -21 -22 22 -24 24 25 26 -28 -29 29 -31
leaf_value=-0.10160349422119581 -0.10352973499725514 -0.093838718348024125 0.066142111809428847 0.13443931601343803 -0.031812299015243121 0.11392115674870043 -0.11485414800144325 0.1008207856420697 0.016907614661863826 0.038705502804688846 -0.019616311981824369 -0.034097007015176144 0.11755108450682406 0.0072938088816185166 -0.021383058793269238 0.088815933183719109 0.1078305094374909 -0.11545991101937503 -0.10974386575271972 0.10891503844251967 -0.10790831897349502 -0.10112192968101084 -0.10145073806756391 -0.10102528573526633 -0.10078001533096953 -0.10092227224026706 -0.10095231785707248 -0.10093363161382091 -0.10091092650579048 -0.10091550132342518
leaf_weight=0.39492912404239078 2.1206369670107992 3.0833126176148671 5.1808591168373823 2.2862233296036711 2.6811613142490378 2.0492148846387863 3.1755524240434161 2.6726166680455208 2.2742151115089655 2.4067898914217949 7.4680633433163148 2.4263866022229177 2.438562948256731 3.0648484416306019 0.44464021921157826 1.851054713129997 2.37883136048913 1.6294635236263273 0.49015501886606205 2.8436754047870636 1.6069300249218939 0.44098156783729869 0.31856751721352328 0.08036636281758669 0.030719548929482143 0.30783525761217179 0.40861468948423851 0.502977062948048 0.21468390151858119 1.6091397684067488
leaf_count=12 38 33 33 11 10 16 13 26 13 11 37 14 20 36 7 22 29 14 3 30 12 24 12 4 2 18 26 25 12 87
internal_value=0.00468441 0.0144396 -0.0170836 0.0336042 0.00879987 0.060453 -0.0257048 0.00897706 -0.0711072 -0.035733 0.0155094 0.0660775 0.0399434 0.0643709 -0.0951041 0.105151 0.120871 -0.108472 -0.101935 0.111012 -0.105417 -0.101046 -0.10099 -0.100949 -0.100925 -0.100922 -0.100924 -0.100919 -0.100916 -0.100915
internal_weight=58.882 53.6384 20.2802 33.3582 18.9123 7.57405 11.3383 8.16272 7.63125 5.4901 12.6489 14.4459 9.78085 7.35447 5.24361 4.28962 4.66505 5.35703 4.79897 4.89289 3.72757 4.30881 3.91389 3.59532 3.15434 3.07397 3.04325 2.63464 2.13166 1.82382
internal_count=650 418 147 271 139 56 83 70 77 44 70 132 92 78 232 42 40 64 225 46 50 222 210 198 174 170 168 142 117 99
is_linear=0
shrinkage=0.1


Tree=34
num_leaves=31
num_cat=0
split_feature=0 0 17 34 12 17 38 38 28 36 40 38 47 5 4 50 16 51 19 35 6 28 6 28 28 38 9 18 44 24
split_gain=5.16832 2.8532 4.10113 3.67675 2.47858 2.26489 3.01592 2.71373 1.89937 3.12168 1.84713 1.72011 1.25367 0.398309 0.280711 0.0167696 0.0120745 0.00297425 0.00116348 0.000350858 4.65448e-06 5.0926e-06 3.60668e-07 5.51144e-08 5.2955e-08 4.44039e-08 4.13337e-08 2.9066e-09 1.04555e-09 5.20817e-11
threshold=0.064070925116539015 0.29370516538620001 37.322582244873054 0.56305319070816051 12.500000000000002 27.83172702789307 0.42451959848403936 0.52790078520774852 52970.500000000007 0.097786568105220809 0.15000000223517421 0.49942809343338018 0.6397961974143983 2.3515213727951054 0.93595901131629955 0.82102158665657055 0.00097934438963420711 0.5035090744495393 1.497645437717438 0.51124638319015514 52.005649566650398 92.321350097656264 46.30751037597657 62220.000000000007 20570.000000000004 0.36275388300418859 -0.1008462831377983 0.0072031673043966302 0.41742543876171118 0.22150072455406192
decision_type=2 2 2 2 2 2 2 2 2 2 2 2 2 2 2 2 2 2 2 2 2 2 2 2 2 2 2 2 2 2
left_child=13 2 3 11 8 6 -3 12 -4 -10 14 -2 -7 17 -5 -14 -13 19 -17 20 21 -1 -23 24 -24 -25 -27 28 -28 -30
right_child=1 5 4 10 -6 7 -8 -9 9 -11 -12 16 15 -15 -16 18 -18 -19 -20 -21 -22 22 23 25 -26 26 27 -29 29 -31
leaf_value=-0.10160366161391557 0.027153300773155434 -0.088942934595408779 -0.10792917502324294 0.075764474071427834 0.043413123419715524 0.045181002281284799 0.049106144931503726 -0.00068593730946461611 -0.11566875973911561 0.021819813022263632 0.0010867097504553556 -0.092886754919799142 0.11896947352829745 0.001460017971927696 0.120234277748197 0.11039423060517001 -0.10741871023075243 -0.11030253621705322 0.10719058660146219 -0.10403920683258497 -0.10129111054015182 -0.10093940374825779 -0.10088401627574246 -0.10070523715081539 -0.10083029354201178 -0.10092670908789292 -0.10083561663370876 -0.10083819117641993 -0.10082732353520428 -0.10082856395369318
leaf_weight=0.09239368513226498 1.9447510913014436 2.7947709783911732 5.2239440307021123 2.3522162549197656 2.7139210011810055 4.5807903483510035 3.6484674066305161 5.2582917232066384 2.6054178364574909 4.5100290449336171 2.5686139781028032 1.0713406158611181 2.5025177747011185 0.40557986497879017 3.5797047801315784 2.2388008758425713 1.2261645775288341 0.39362123236060131 2.2964248396456242 0.3946576490998267 0.28605745825916518 0.40603668149560723 0.44894463103264604 0.027815787587315177 0.31029749196022749 0.04548843577504369 0.18899798952042912 0.38703393656760443 1.0253880545496938 0.5052914535626768
leaf_count=2 13 12 27 22 26 33 28 38 24 36 19 22 18 4 31 20 18 4 29 6 12 25 30 2 18 3 11 27 58 32
internal_value=0.00445062 0.0138705 -0.0077696 0.0339791 -0.0431104 0.0396643 -0.010773 0.0589203 -0.0621403 -0.0285235 0.0719259 -0.0420578 0.0858967 -0.0934651 0.1026 0.112398 -0.100642 -0.101998 0.108772 -0.101204 -0.100904 -0.100871 -0.100851 -0.100839 -0.100862 -0.100831 -0.100832 -0.10083 -0.100829 -0.100828
internal_weight=56.0338 51.1162 27.7961 12.7428 15.0533 23.3201 6.44324 16.8768 12.3394 7.11545 8.50054 4.24226 11.6185 4.9176 5.93192 7.03774 2.29751 4.51202 4.53523 4.1184 3.72375 3.43769 3.34529 2.93926 0.759242 2.18002 2.1522 2.10671 1.71968 1.53068
internal_count=650 416 238 125 113 178 40 138 87 60 72 53 100 234 53 67 40 230 49 226 220 208 206 181 48 133 131 128 101 90
is_linear=0
shrinkage=0.1


Tree=35
num_leaves=31
num_cat=0
split_feature=0 3 5 34 10 24 17 36 21 40 51 9 43 45 38 9 12 44 2 37 8 14 6 28 44 18 9 44 10 38
split_gain=4.58414 2.72826 2.78476 2.23596 5.28996 3.30536 1.64444 1.5928 1.5507 2.28898 1.48597 1.48213 1.24575 0.977038 0.559162 0.574831 0.404268 0.117141 0.00761915 0.00413756 0.002068 0.000125923 3.58771e-06 2.92601e-06 3.80137e-07 6.23649e-08 4.94242e-08 6.61829e-09 5.92508e-10 7.4371e-09
threshold=0.064070925116539015 1.6233685016632082 1.3428965210914614 0.56305319070816051 -0.066143240779638277 0.44145299494266516 44.025022506713874 0.33063513040542608 -0.00032664791797287757 0.15000000223517421 0.59812563657760631 0.075831089168787016 0.51249998807907116 0.52443942427635204 0.42992195487022405 -0.010213258210569618 13.500000000000002 0.8318014144897462 0.21166400611400607 0.54470664262771618 58.032253265380866 25.218394279479984 52.005649566650398 92.321350097656264 0.28148342669010168 0.036511322483420379 -0.1008462831377983 0.62404465675354015 -0.033090230077505105 0.36275388300418859
decision_type=2 2 2 2 2 2 2 2 2 2 2 2 2 2 2 2 2 2 2 2 2 2 2 2 2 2 2 2 2 2
left_child=16 2 3 4 -2 8 17 14 -5 13 -8 12 -4 -10 -6 18 20 19 -16 -3 21 22 23 -1 -25 26 -26 28 -28 -30
right_child=1 6 11 5 7 -7 10 -9 9 -11 -12 -13 -14 -15 15 -17 -18 -19 -20 -21 -22 -23 -24 24 25 -27 27 -29 29 -31
leaf_value=-0.10157291665817936 0.091087622573922916 0.11338635670381599 -0.021746850122967433 0.11420151242336787 -0.16950539277898474 -0.039211226995254235 -0.034505624279171906 0.014887016138550251 0.029910535289306029 -0.013160043597789045 0.072652874872398618 0.013711580057187551 -0.10346841737795642 0.11512215874231405 -0.10381407160094502 -0.034838200430560379 0.0042333996776076667 0.075889252978081134 -0.11432603778182067 0.10656362951621137 -0.10819183606693339 -0.10274131284011011 -0.10116690879444026 -0.10091277947446538 -0.10083780726491916 -0.10079674371642232 -0.1007524276441793 -0.10076451624462179 -0.10063906350787342 -0.10074781856470477
leaf_weight=0.045737288892269468 2.981718011200428 1.700623689219354 3.3983238451182824 3.9936440847814074 0.85014221817255187 4.2440012879669657 2.5596968270838261 1.7486169897019861 2.1769823282957095 4.4440745990723372 2.6172184385359287 3.3060104995965958 4.1350836544297636 3.523415595293045 1.3824172634631393 1.6787065006792548 0.39414371177554119 1.4241629242897031 1.3756286855787037 1.8620943222194908 0.45024771150201548 0.37633487582206715 0.25913709681481112 0.16858582850545678 0.065915567800404307 0.36451388057321299 0.27423001173884021 0.27802299614995707 0.0063097756355964254 1.8124003363773225
leaf_count=1 22 15 27 27 6 25 17 14 18 34 29 19 20 31 32 25 5 17 9 29 5 10 12 11 4 25 19 19 1 122
internal_value=0.00417587 0.0129734 0.0010132 0.0174715 -0.0205388 0.038185 0.0591474 -0.0678472 0.0614179 0.0406383 0.019669 -0.0421077 -0.0666038 0.0825798 -0.0952112 -0.0809754 -0.0925013 0.10013 -0.109057 0.10982 -0.101797 -0.101009 -0.10081 -0.100779 -0.100767 -0.100758 -0.100752 -0.10075 -0.100748 -0.100747
internal_weight=53.8981 49.4026 39.2388 28.3993 10.0172 18.3821 10.1638 7.03551 14.1381 10.1445 5.17692 10.8394 7.53341 5.7004 5.28689 4.43675 4.49558 4.98688 2.75805 3.56272 4.10144 3.65119 3.27485 3.01572 2.96998 2.80139 2.43688 2.37096 2.09294 1.81871
internal_count=650 416 309 243 108 135 107 86 110 83 46 66 47 49 72 66 234 61 41 44 229 224 214 202 201 190 165 161 142 123
is_linear=0
shrinkage=0.1


Tree=36
num_leaves=31
num_cat=0
split_feature=1 36 11 7 36 35 22 24 5 3 3 34 45 19 40 11 45 35 33 43 45 44 10 39 18 9 38 44 23 9
split_gain=4.17494 3.57078 3.1435 4.40695 3.02251 2.92586 2.8944 3.26628 2.38641 1.84675 1.49464 1.40622 0.996237 0.422586 0.0739821 0.0424947 0.00872142 0.00454977 0.00317794 0.00313115 0.000100439 7.51375e-07 2.44726e-07 2.06521e-08 1.09167e-08 1.40594e-08 8.10816e-10 5.51184e-10 3.74922e-11 1.80187e-11
threshold=0.17397624254226687 0.3855408132076264 0.7140645980834962 34.897735595703132 0.13332176953554156 0.56283041834831249 35.589523315429695 0.086309526115655913 0.35677757859230047 0.11286884173750879 1.6290082335472109 0.5237872600555421 0.59932950139045726 3.4087134599685673 0.25000000745058065 0.29932263493537908 0.56343257427215587 0.79585427045822155 0.54199326038360607 0.53749999403953563 0.46352085471153265 0.15242141485214236 0.013125406112521889 0.62220150232315075 0.038607163354754455 -0.085207525640726076 0.40259459614753729 0.42161327600479132 0.81364342570304882 1.0000000180025095e-35
decision_type=2 2 2 2 2 2 2 2 2 2 2 2 2 2 2 2 2 2 2 2 2 2 2 2 2 2 2 2 2 2
left_child=1 8 3 4 -2 -3 7 -4 -1 -5 12 -11 13 15 17 -10 18 19 20 -13 -17 -22 23 24 25 -23 -27 -28 29 -29
right_child=2 5 6 9 -6 -7 -8 -9 10 11 -12 14 -14 -15 -16 16 -18 -19 -20 -21 21 22 -24 -25 -26 26 27 28 -30 -31
leaf_value=0.034705375883667795 -0.1094915312387752 -0.046360749017666923 0.032519553294844579 -0.0079939916258444134 0.028207300014534194 0.1038356954592683 0.063678032710882446 -0.094974273787806762 -0.075082802985095509 0.044655127491110738 0.014959234336976086 0.10906816232874422 -0.022913992434267883 -0.16306852881119438 0.13195444817990273 -0.10217590527333112 -0.11399353760306521 0.10572901259260502 -0.10645228719266123 0.11423015127902932 -0.1009228811755068 -0.10073439230938802 -0.10075966410473809 -0.10070674505538953 -0.10070327379622089 -0.10066788670090324 -0.10068240596678149 -0.10067647353095253 -0.10067762912894185 -0.10067542194043021
leaf_weight=2.0382355740293887 2.4048036662861731 2.4195017702877513 3.2007178068160993 2.179987456649541 4.7283425480127335 2.7955467328429222 3.2160696722567073 5.3989489302039146 0.55157756153493931 4.2845943942666045 1.3434435762464989 2.5617409702390415 1.4813850163482127 1.3591495640575884 1.932700866833329 0.55801769532263312 0.77675659954547871 1.9819500260055063 1.4989577028900383 2.1708837561309338 0.15981141198426518 0.04332521464675565 0.54894135752692808 0.36762863490730513 0.19352069357410062 0.098728363867850777 0.18174006091430772 0.88098405720666029 0.25403370102867473 0.19991429289802909
leaf_count=25 21 13 23 20 32 31 30 28 10 35 10 28 29 10 14 12 4 31 12 18 10 4 35 29 16 7 13 66 18 16
internal_value=0.00393584 -0.0353851 0.0244284 0.0465693 -0.0182152 0.0341526 -0.0172552 -0.0475222 -0.0643128 0.077149 -0.0835378 0.091502 -0.0979925 -0.112487 0.114714 -0.101599 -0.104137 0.109751 -0.102602 0.111436 -0.100946 -0.100712 -0.1007 -0.100685 -0.100681 -0.100678 -0.100677 -0.100677 -0.100677 -0.100676
internal_weight=51.8119 17.7512 34.0607 22.245 7.13315 5.21505 11.8157 8.59967 12.5362 15.1119 10.4979 12.9319 9.15447 7.67309 8.64728 6.31394 5.76236 6.71457 4.9856 4.73262 3.48665 2.92863 2.76882 2.21988 1.85225 1.65873 1.6154 1.51667 1.33493 1.0809
internal_count=650 370 280 199 53 44 81 51 326 146 301 126 291 262 91 252 242 77 238 46 226 214 204 169 140 124 120 113 100 82
is_linear=0
shrinkage=0.1


Tree=37
num_leaves=31
num_cat=0
split_feature=35 6 3 14 3 5 37 45 23 16 9 20 35 0 15 21 38 21 19 4 1 17 51 3 37 21 44 28 18 44
split_gain=3.86007 2.85629 2.50989 3.39246 3.55167 2.61778 2.52577 2.49966 1.92301 2.05769 1.89819 1.64171 1.02217 0.965879 0.423437 1.22709 0.218878 0.0937171 0.0113186 0.00298897 0.00273982 0.000702273 0.000140367 2.30058e-05 1.96238e-05 2.88966e-07 1.19272e-07 4.0385e-08 2.39563e-08 2.86917e-09
threshold=0.521297186613083 53.397953033447273 2.3745584487915044 25.664217948913578 0.65825688838958751 0.39864537119865423 0.50307467579841625 0.23864406347274783 0.49950884282588964 -0.015649905428290364 -0.10861754789948462 1.5000000000000002 0.68996426463127147 0.21028462797403338 0.0040465374477207669 -0.013104849960654972 0.50659129023551952 -0.052588742226362221 4.5041291713714608 0.057834504172205932 0.24006997048854831 20.474146842956547 0.46392633020877844 0.74776431918144237 0.49601215124130255 -0.035451276227831834 0.34352168440818792 9874.2905273437518 0.0062135597690939912 0.57205447554588329
decision_type=2 2 2 2 2 2 2 2 2 2 2 2 2 2 2 2 2 2 2 2 2 2 2 2 2 2 2 2 2 2
left_child=1 7 3 13 6 -6 11 -1 -7 -10 -9 -5 -8 -2 17 -16 -4 -12 19 -19 24 23 -23 -21 -17 -25 -27 -26 29 -28
right_child=2 -3 16 4 5 8 12 10 9 -11 14 -13 -14 -15 15 20 -18 18 -20 21 -22 22 -24 25 27 26 28 -29 -30 -31
leaf_value=0.067790939658946545 0.028361690033280158 0.055256266340730033 0.10878842049491144 0.04775233150810379 0.053181254354462186 -0.10755666129290915 0.034621982459305332 0.020617922953704525 -0.094207367278147797 0.0468397341196784 -0.14158225432192276 -0.047263038679392119 0.11498821388507496 0.11323699145885498 0.083717785690408331 -0.10171167928731127 0.062302925207262543 -0.10991842679423001 -0.11358187355345467 -0.10154510622479627 -0.11033689455337131 -0.10269390117440343 -0.10442534225878247 -0.10084523920060162 -0.10067480427326581 -0.10072177770796112 -0.10061140897828953 -0.10061167386415704 -0.10064947655077022 -0.10062443682458982
leaf_weight=1.3058342523872841 2.1612530723214176 2.5221894839778534 2.7985723484307519 3.0358346067369002 2.20748840086162 5.3236539196223003 3.0448401626199484 1.5999757177196396 1.88727731630206 2.2885336587205538 0.81018510460853033 4.5348930079489946 3.2955364771187305 3.5318720266222954 0.47042374499142159 0.23604266438633181 1.5874631498008964 0.54585939645767911 1.2883960194885729 0.32709838636219513 0.50687457621097565 1.124961001332849 0.80203278735280026 0.061807388439768851 0.13217347580939531 0.11896277870983452 1.1959035205654798 0.43424759013578296 0.210083917248994 0.19687854265794147
leaf_count=8 21 33 37 24 27 27 23 17 13 27 2 34 27 33 4 13 22 3 6 8 2 34 13 4 10 9 102 36 15 16
internal_value=0.00371247 -0.0410156 0.0211163 0.0111921 -0.00432495 -0.0449134 0.0298324 -0.0623757 -0.0677086 -0.0169072 -0.0792687 -0.00916222 0.0763939 0.0810162 -0.0981552 -0.0548103 0.0919637 -0.1097 -0.105301 -0.102973 -0.104581 -0.102034 -0.103415 -0.100774 -0.100946 -0.100633 -0.100625 -0.100626 -0.100618 -0.100613
internal_weight=49.5871 13.8899 35.6972 31.3112 25.6181 11.707 13.9111 11.3677 9.49946 4.17581 10.0619 7.57073 6.34038 5.69313 8.46193 1.77976 4.38604 6.68217 5.87198 4.58359 1.30934 4.03773 1.92699 2.11073 0.802464 1.78364 1.72183 0.566421 1.60287 1.39278
internal_count=650 335 315 256 202 94 108 302 67 40 294 58 50 54 277 65 59 212 210 204 61 201 47 154 59 146 142 46 133 118
is_linear=0
shrinkage=0.1


Tree=38
num_leaves=31
num_cat=0
split_feature=1 36 16 44 8 50 34 10 15 14 36 1 11 19 0 2 19 35 35 34 17 47 6 44 6 9 18 38 44 37
split_gain=3.52955 2.49497 2.53325 2.91814 2.89003 2.50074 1.92903 1.69571 1.57013 1.39696 1.67991 2.13784 0.251707 0.179669 0.0301692 0.0102896 0.00416815 0.00415479 0.00116994 0.000709031 8.75152e-05 3.60236e-05 4.97559e-06 2.76347e-06 1.42914e-07 1.08948e-07 1.51421e-08 3.0895e-09 8.32326e-10 4.00165e-10
threshold=0.052919927984476096 0.13332176953554156 0.64803576469421398 0.40434935688972479 38.161216735839851 0.51756414771080028 0.81210276484489452 -0.0038513854378834362 -0.014670917298644779 70.048576354980483 0.31493373215198522 0.17397624254226687 0.31152099370956426 0.61859849095344555 0.13152930140495303 0.29037532210350042 -1.051389694213867 0.54012528061866771 0.61474719643592846 0.55281522870063793 42.930656433105476 0.044322773814201362 53.727539062500007 0.2470483407378197 46.30751037597657 -0.1008462831377983 0.057221116498112685 0.36275388300418859 0.37425169348716741 0.58286032080650341
decision_type=2 2 2 2 2 2 2 2 2 2 2 2 2 2 2 2 2 2 2 2 2 2 2 2 2 2 2 2 2 2
left_child=12 5 3 4 -3 6 15 -7 -6 10 11 -5 -1 -13 -12 19 -16 21 -18 -2 -20 -14 23 -23 -25 -26 27 -27 -29 -30
right_child=1 2 -4 9 8 7 -8 -9 -10 -11 14 13 17 -15 16 -17 18 -19 20 -21 -22 22 -24 24 25 26 -28 28 29 -31
leaf_value=-0.0077396064135998189 -0.10237871612407463 0.06633070945311971 -0.071854654198869466 -0.033164885124614116 -0.10209272854476054 0.058522443121868717 0.011513078805345241 -0.021972641052459056 0.0013955170317459156 -0.011424801710396604 0.12183204893153138 0.065152430138013334 -0.10245720163110331 0.11017456679532148 0.11105289809516448 -0.1148387431290927 0.1073442042627772 -0.11118719138578659 0.10306306638204665 -0.10547635573039596 0.10427357248322273 -0.10098594821002323 -0.10106458264536199 -0.1006443530175135 -0.10069913752983878 -0.1004725337988695 -0.1005843305657842 -0.10056273110695846 -0.10055281864456155 -0.10055817182391054
leaf_weight=0.30991690792143289 1.3505154652521043 3.6004960648715549 2.2350273756310335 2.4355239057913405 2.7750543346628547 4.3642903910949826 2.0159463956952095 6.536973685026167 3.1080497791990638 2.0023231171071521 1.7907510697841642 1.710148770362139 0.11462787352502424 1.8401414249092338 1.6608626693487174 1.2642972953617571 1.3999525737017386 0.44111604243516911 1.1241379920393231 1.6317220404744146 1.2742156125605104 0.1718862624838956 0.25569018162786949 0.22766585741192136 0.055157152935864207 0.0046809162013213826 0.1777678751386701 0.10015483805909742 1.4488983461633322 0.15453577181324352
leaf_count=6 37 27 15 28 21 33 13 37 23 14 16 17 2 23 17 11 19 3 28 16 23 11 12 21 4 1 17 8 135 12
internal_value=0.00349467 0.011124 0.0300992 0.0393166 -0.00423384 -0.0186776 -0.0690386 0.0102533 -0.0474198 0.0664207 0.0781973 0.0389894 -0.0937321 0.0884877 0.110569 -0.107279 0.106874 -0.102187 0.105047 -0.104074 0.103706 -0.100722 -0.100646 -0.1006 -0.100569 -0.100561 -0.100557 -0.100554 -0.100554 -0.100553
internal_weight=47.5825 44.1204 26.9567 24.7217 9.4836 17.1637 6.26248 10.9013 5.8831 15.2381 13.2357 5.98581 3.4621 3.55029 7.24992 4.24653 5.45917 3.15218 3.79831 2.98224 2.39835 2.71107 2.59644 2.34075 2.16886 1.94119 1.88604 1.70827 1.70359 1.60343
internal_count=650 418 271 256 71 147 77 70 44 185 171 68 232 40 103 64 87 226 70 53 51 223 221 209 198 177 173 156 155 147
is_linear=0
shrinkage=0.1


Tree=39
num_leaves=31
num_cat=0
split_feature=1 3 5 37 4 36 38 24 6 3 14 18 8 2 18 4 3 13 35 47 7 6 28 21 37 38 24 18 9 23
split_gain=3.13562 2.22749 2.37355 2.24019 2.31136 2.67966 2.09406 2.82237 1.69923 1.51434 1.45566 1.38739 1.18769 1.00297 0.995767 0.290145 0.142477 0.00379321 0.00301803 3.22755e-05 5.79038e-06 3.2153e-06 7.47823e-08 4.53483e-09 4.50809e-09 3.47176e-09 1.15977e-09 6.90748e-10 4.74114e-11 4.81504e-12
threshold=0.052919927984476096 2.3745584487915044 1.4177899360656741 0.55616044998168956 0.064822465181350722 0.081880092620849623 0.54224106669425975 0.24137931317090991 55.019689559936531 0.76449239253997814 29.50073337554932 -0.12772022187709806 49.632696151733406 0.12564498186111453 0.039617817848920829 0.47096206247806555 0.19838331639766696 47.288997650146491 0.54012528061866771 0.062534876167774214 41.891654968261726 53.727539062500007 21192.500000000004 -0.010346315335482357 0.52032247185707103 0.41275508701801306 0.40000002086162573 0.022884677164256576 -0.014271636493504046 0.49950884282588964
decision_type=2 2 2 2 2 2 2 2 2 2 2 2 2 2 2 2 2 2 2 2 2 2 2 2 2 2 2 2 2 2
left_child=15 2 3 4 -2 8 7 10 16 -4 -7 -8 -12 -3 -5 -1 -6 -15 19 -17 -21 22 -22 24 -24 -25 27 28 -27 -30
right_child=1 13 9 14 5 6 11 -9 -10 -11 12 -13 -14 17 -16 18 -18 -19 -20 20 21 -23 23 25 -26 26 -28 -29 29 -31
leaf_value=0.0058357709538796659 0.11155235713303291 0.0032826254885976757 0.0048497169763412687 0.020190712216629429 -0.13818600362907002 0.082341796000314535 0.019855488917549124 0.10344471811109411 0.0021715689483578827 -0.072043343227341877 -0.065275868749214525 -0.098088212533123567 0.026777602788846933 0.10499621941282725 0.11487104410794696 -0.10215241434142482 -0.094829941030277698 0.11202755525998109 -0.11001610535098645 -0.10111628169784613 -0.10055595407254292 -0.10093677965918185 -0.10050672176383267 -0.10047783386705791 -0.10052799894856701 -0.10050204780713996 -0.10050962352801172 -0.10050786700584569 -0.10050025152185803 -0.10049967629114898
leaf_weight=0.27310981322079841 1.8677061032503903 1.2908962368965138 4.5823049945756775 1.7536972854286421 1.2135164407081931 1.6865910775959472 1.802419784478843 4.2186805307865143 2.243154832161963 5.8069652174599469 3.0892970059067011 2.232936213258653 2.565598227083683 1.8185215182602408 3.0300873555243015 0.14232499292120415 2.0190336210653186 1.3271831534802911 0.40316917002201069 0.1999492580071095 0.35726701188832555 0.19879197841510166 0.29555016150698188 0.056498213205485093 0.15017624059692025 0.12922317162156216 0.2266501672565937 0.14559631887823343 0.26249998575076328 0.32651357259601355
leaf_count=6 17 15 38 19 12 16 20 38 17 38 23 26 27 33 35 5 30 14 3 10 36 11 31 6 15 16 21 19 21 32
internal_value=0.00329789 0.0104434 0.00263681 0.017914 0.00493252 -0.00451802 0.0166127 0.0382625 -0.0647012 -0.0381288 0.000806507 -0.0454078 -0.0235117 0.0775045 0.080162 -0.0926918 -0.111106 0.107963 -0.101989 -0.10069 -0.100602 -0.100554 -0.100515 -0.100505 -0.100514 -0.100502 -0.100503 -0.100502 -0.1005 -0.1005
internal_weight=45.7159 42.5486 38.112 27.7227 22.9389 21.0712 15.5955 11.5602 5.4757 10.3893 7.34149 4.03536 5.6549 4.4366 4.78378 3.16732 3.23255 3.1457 2.89421 2.49104 2.34872 2.14877 1.94997 1.59271 0.445726 1.14698 1.09048 0.863833 0.718237 0.589014
internal_count=650 418 356 280 226 209 150 104 59 76 66 46 50 62 54 232 42 47 226 223 218 208 197 161 46 115 109 88 69 53
is_linear=0
shrinkage=0.1


Tree=40
num_leaves=31
num_cat=0
split_feature=35 4 11 1 34 9 11 45 11 22 12 3 9 5 44 10 36 1 36 4 45 3 6 7 28 9 38 23 44 44
split_gain=2.91263 2.28211 2.17493 2.7397 2.18478 2.32871 2.15226 1.93408 1.86897 1.56297 1.56227 0.958659 0.849588 0.495026 0.105156 0.0423439 0.0284624 0.00747695 0.00118452 0.000278795 0.000201719 1.00793e-05 1.57525e-06 1.00732e-06 1.70635e-08 3.78772e-08 7.40028e-09 3.69601e-09 2.23045e-09 8.81906e-10
threshold=0.521297186613083 1.2501624226570132 0.71942749619483959 0.17397624254226687 0.99245765805244457 0.1251134276390076 0.32258047163486486 0.25465501844882971 0.10531251132488252 -11.034239768981932 6.5000000000000009 1.4288508892059328 0.064351852983236327 0.17586065083742144 0.28148342669010168 -0.1396180912852287 0.088599488139152541 0.17113274335861209 0.2686456441879273 0.68594583868980419 0.49329337477684027 0.49371549487113958 52.005649566650398 41.891654968261726 29490.633789062504 -0.1008462831377983 0.36275388300418859 0.69018840789794933 0.61621344089508068 0.38241344690322882
decision_type=2 2 2 2 2 2 2 2 2 2 2 2 2 2 2 2 2 2 2 2 2 2 2 2 2 2 2 2 2 2
left_child=1 7 3 10 12 -6 8 -1 -5 -10 -2 13 -4 -9 -8 -15 -16 19 -18 -17 -20 -21 23 -23 27 -26 -27 -25 29 -28
right_child=2 -3 4 6 5 -7 14 11 9 -11 -12 -13 -14 15 16 17 18 -19 20 21 -22 22 -24 24 25 26 28 -29 -30 -31
leaf_value=0.067195139023869879 -0.047058800988390104 0.031679738993081429 -0.090531910653769393 0.11263400487010791 0.11180256222259433 -0.024829556602118611 0.076021632638421516 -0.005810457075757192 -0.074548998185504839 0.043670308900333764 0.043166206992589704 -0.0040316527107116338 -0.014639790135578371 -0.13314873302551544 0.12108612500212997 -0.10275781698293295 0.10772651072661105 -0.10875669642104924 0.10512619820296364 -0.10122779591865988 0.10318586146034399 -0.10070873994398562 -0.10079466441062859 -0.10047351684681705 -0.1005716562850707 -0.10038555516734878 -0.10046173444793985 -0.10049459285439775 -0.10046572303778362 -0.10045294454410443
leaf_weight=0.96768695674836447 4.5122791491448906 3.304229491390287 3.412082293070851 1.7131603453308324 2.1085345353931189 3.054381538182497 1.0434135124087331 0.52666466683149327 2.0499817300587893 2.4608026091009378 3.3394102547317743 1.2854566313326357 2.5983851179480553 0.56093710660934171 1.768556394614279 0.78206019615754785 1.7854722682386639 2.1766342334449291 1.1811637226492169 0.21622491301968727 0.98059335909783829 0.18247098708525333 0.17948246467858542 0.21450310014188279 0.028258767910299132 0.015304054133596368 0.12793122138828028 0.13593636453151703 0.18404799373820413 1.059158661868423
leaf_count=8 35 31 24 17 23 23 10 8 19 26 36 8 22 1 13 20 22 26 20 8 25 16 12 24 3 2 14 16 22 116
internal_value=0.00312891 -0.0390057 0.0188556 0.0379448 -0.0167399 0.030971 0.0661448 -0.0660296 0.0237149 -0.0100559 -0.00868511 -0.0828268 -0.057723 -0.0986788 0.105215 -0.107021 0.110544 -0.104257 0.10582 -0.101123 0.104246 -0.100577 -0.100511 -0.100485 -0.100462 -0.100457 -0.100455 -0.100482 -0.100455 -0.100454
internal_weight=43.9552 11.947 32.0082 20.8348 11.1734 5.16292 12.9831 8.64276 6.22394 4.51078 7.85169 7.67507 6.01047 6.38961 6.7592 5.86295 5.71579 5.30201 3.94723 3.12538 2.16176 2.34332 2.12709 1.94761 1.76514 1.4147 1.38644 0.350439 1.37114 1.18709
internal_count=650 335 315 223 92 46 152 304 62 45 71 296 46 288 90 280 80 279 67 253 45 233 225 213 197 157 154 40 152 130
is_linear=0
shrinkage=0.1


Tree=41
num_leaves=31
num_cat=0
split_feature=2 36 16 44 45 34 7 50 38 23 5 6 21 9 9 0 6 34 34 3 18 44 9 38 22 16 37 39 9 9
split_gain=2.54556 2.12547 2.09088 2.27425 2.16254 2.08215 2.49946 1.51819 1.39723 1.01208 0.922385 0.496624 0.169571 0.0522396 0.0457574 0.00729094 0.00155483 0.000179744 4.81863e-05 5.18076e-06 3.32672e-07 5.83877e-08 4.24062e-08 2.40425e-08 9.77227e-09 7.46958e-11 5.77682e-11 4.10654e-11 5.40392e-11 2.13146e-11
threshold=0.050579793751239784 0.13332176953554156 0.64803576469421398 0.40434935688972479 0.53616684675216686 0.7604464888572694 67.715927124023452 0.52281171083450328 0.390546664595604 0.86786469817161571 1.1898059248924258 47.339435577392585 0.031709695234894759 0.0072613288648426541 0.047583997249603278 0.29010538756847387 67.672260284423842 0.55281522870063793 0.55510541796684276 0.76449239253997814 0.059545248746871955 0.28148342669010168 -0.1008462831377983 0.35187336802482611 -9.2070741653442365 0.011155470740050079 0.57093799114227306 0.33333301544189459 -0.0028780163265764709 -0.017503871582448479
decision_type=2 2 2 2 2 2 2 2 2 2 2 2 2 2 2 2 2 2 2 2 2 2 2 2 2 2 2 2 2 2
left_child=12 5 3 4 -3 7 -7 15 -5 11 -11 -10 16 -13 -15 17 18 -2 19 -1 21 -21 -23 -24 -25 26 27 29 -29 -26
right_child=1 2 -4 8 -6 6 -8 -9 9 10 -12 13 -14 14 -16 -17 -18 -19 -20 20 -22 22 23 24 25 -27 -28 28 -30 -31
leaf_value=-0.10098521773876151 -0.10201785070941205 0.043524623326117076 -0.065371291731061931 -0.027416208459150018 -0.055558297961246374 0.074229781464439135 -0.046657163266332728 -0.019006006263014606 0.043379621189142695 0.075242784539375246 -0.024686838818426735 0.11501660187467522 -0.011842417864520798 0.081186650611238559 0.10617313330558656 -0.11303313932241268 -0.10859856121739342 -0.10379526863311657 -0.10215731897185093 -0.10049857025302451 -0.10057268668656345 -0.10051701855540945 -0.10053596541626525 -0.10043570528062212 -0.10040913475859226 -0.10040680130859719 -0.10041158913448218 -0.10041112794764524 -0.10040911756296465 -0.10040755123742949
leaf_weight=0.19161881646141421 1.0936249662190665 4.7334875413216704 2.2050720881670705 1.5222927797585715 4.1200512670911849 3.8471256382763377 3.0793991591781378 5.0279027866199613 1.5500458655878881 2.1068170797079797 1.6448154523968694 3.3647678680717945 0.23132039513438929 1.1484323348850014 2.0256457086652517 1.044008884578943 0.27934422343969334 1.1859199889004228 0.19175725616514672 0.092844540253281482 0.16159960674121987 0.040937003213912582 0.015908224508165758 0.15791989210993129 0.17449729051440954 0.11290143663063634 0.11837137304246426 0.19163496652618051 0.44231233792379498 0.16573606710880884
leaf_count=10 36 35 16 17 37 29 17 37 25 33 13 39 12 22 35 12 2 15 5 11 19 4 1 15 21 18 13 27 53 21
internal_value=0.00296103 0.00920341 0.0275047 0.0367231 -0.00258425 -0.0200507 0.0204858 -0.0536709 0.0627662 0.0743606 0.031431 0.0942714 -0.0935152 0.106335 0.0971326 -0.106112 -0.101598 -0.102943 -0.100648 -0.100493 -0.100436 -0.100422 -0.100417 -0.100414 -0.100412 -0.100409 -0.10041 -0.100409 -0.10041 -0.100408
internal_weight=42.2681 39.6994 24.4214 22.2164 8.85354 15.278 6.92652 8.35146 13.3628 11.8405 3.75163 8.08889 2.5687 6.53885 3.17408 3.32355 2.33738 2.27954 2.05804 1.86628 1.67466 1.51306 1.42022 1.37928 1.36337 1.20545 1.09255 0.974181 0.633947 0.340233
internal_count=650 418 272 256 72 146 46 100 184 167 46 121 232 96 57 63 220 51 218 213 203 184 173 169 168 153 135 122 80 42
is_linear=0
shrinkage=0.1


Tree=42
num_leaves=31
num_cat=0
split_feature=1 50 12 34 11 34 11 51 39 11 17 28 13 28 34 36 3 35 19 43 3 6 44 9 18 44 38 28 18 10
split_gain=2.52882 2.29577 2.45707 2.26445 2.16715 2.75628 2.21982 2.13524 1.99319 1.9298 1.84307 1.21584 0.169403 0.129393 0.0369976 0.00378741 0.00310695 0.000988081 0.000402441 0.000120599 7.20217e-06 1.27251e-06 3.73984e-08 3.08643e-08 9.78874e-09 8.64458e-10 9.40059e-10 4.5425e-10 2.71665e-11 2.57767e-11
threshold=0.17397624254226687 0.51441699266433727 7.5000000000000009 0.93550541996955883 0.71942749619483959 0.54695308208465587 0.16470438987016681 0.89550670981407177 0.57761815190315258 0.24254639446735385 30.487555503845218 51530.251953125007 18.00165939331055 134633.00000000003 0.66806024312973034 0.12151189893484117 1.8428367972373965 0.5010671615600587 -0.6382097303867339 0.48749999701976782 0.99842393398284923 53.727539062500007 0.31684419512748724 -0.1008462831377983 0.036511322483420379 0.65380012989044201 0.36275388300418859 15591485.500000002 -0.024256515316665169 -1.0000000180025095e-35
decision_type=2 2 2 2 2 2 2 2 2 2 2 2 2 2 2 2 2 2 2 2 2 2 2 2 2 2 2 2 2 2
left_child=1 3 11 12 5 6 -2 -6 -9 -7 -8 -3 -1 14 -11 -16 17 19 -17 -14 -21 22 -22 -24 25 26 -25 28 29 -28
right_child=4 2 -4 -5 7 9 10 8 -10 13 -12 -13 16 -15 15 18 -18 -19 -20 20 21 -23 23 24 -26 -27 27 -29 -30 -31
leaf_value=-0.029162701349450478 0.06423810673718601 -0.08071416690125563 0.090361846024648279 0.11018941554315778 -0.065116018046969759 -0.01021144930281208 -0.10483748519459977 0.10064860549037023 -0.027454448595659875 0.12556761354408888 0.014686369950800677 0.013866398635121364 -0.10220808369075773 0.078902023820899211 0.11132672312971795 0.10621292755010969 -0.10886311766573407 -0.10393746207583408 0.10372363801131752 -0.10095888144200725 -0.10044228065207622 -0.10068777658709616 -0.10046757584373761 -0.10031618684098829 -0.10039631546905164 -0.10038000974998203 -0.10037187891244269 -0.10037587047122681 -0.10036969739383657 -0.10037002229307679
leaf_weight=0.32849296182393839 3.3924342300742918 2.6883111223578453 2.3020176496356726 0.57367339357733715 4.7667054925113899 1.8395904432982186 2.368639038875699 2.1636436153203249 2.7689967192709446 1.4797392897307871 2.833403161726892 2.7490490823984146 0.51847559027373824 1.4991425387561319 1.3664443604648115 1.174005320295693 0.82836578786373127 1.8121245340444145 1.4535719063132986 0.27924760384485092 0.095297176623716839 0.14940179232507955 0.037058634217825959 0.0031420190352967605 0.18718941207043838 0.11286837584339071 0.13656570203602314 0.16023035813122988 0.59449664992280582 0.16528444411232768
leaf_count=5 32 19 28 7 36 21 14 18 25 10 36 27 21 23 12 18 5 28 35 17 12 11 4 1 26 16 21 19 78 25
internal_value=0.00278514 -0.0321948 0.00376635 -0.0787212 0.0204921 0.0415987 0.00130477 -0.017387 0.0287364 0.0808958 -0.0397363 -0.0328956 -0.0987597 0.104932 0.112061 0.107057 -0.10326 -0.102169 0.104836 -0.100855 -0.100489 -0.10041 -0.100382 -0.100378 -0.100375 -0.100372 -0.100371 -0.100371 -0.10037 -0.100371
internal_weight=40.8276 13.7213 7.73938 5.98191 27.1063 17.407 8.59448 9.69935 4.93264 8.81249 5.20204 5.43736 5.40824 6.9729 5.47376 3.99402 5.07975 4.25138 2.62758 2.43926 1.92078 1.64153 1.49213 1.39684 1.35978 1.17259 1.05972 1.05658 0.896347 0.30185
internal_count=650 370 74 296 280 201 82 79 43 119 50 46 289 98 75 65 284 279 53 251 230 213 202 190 186 160 144 143 124 46
is_linear=0
shrinkage=0.1


Tree=43
num_leaves=31
num_cat=0
split_feature=47 50 7 8 17 10 22 2 19 28 11 36 45 6 51 50 2 4 8 35 11 36 10 1 7 10 44 28 9 24
split_gain=2.21288 2.79148 2.18457 2.2351 2.08697 1.98285 1.72417 1.53104 1.34782 1.03833 0.943941 0.734895 0.531471 0.485043 0.3488 0.0300351 0.0168087 0.0166257 0.00614049 0.00203227 0.00174375 0.000813895 0.00075319 0.000108008 1.48223e-06 1.34156e-07 1.25607e-08 1.88306e-09 6.10716e-09 3.08422e-09
threshold=0.55275100469589245 0.50031399726867687 71.112518310546889 30.170042037963871 27.83172702789307 0.029161991551518444 56.405103683471687 0.098057959228754057 1.6558160781860354 519.50000000000011 0.91479423642158519 0.39269576966762548 0.52214044332504284 34.946807861328132 0.49833776056766516 0.58299544453620922 0.32076001167297369 0.38269314169883734 60.839120864868171 0.51319471001625072 0.17139659076929095 0.18072547018527987 -0.12648509442806241 0.087989896535873427 41.891654968261726 0.029161991551518444 0.71407121419906627 104352.50000000001 -0.1008462831377983 0.17757746577262881
decision_type=2 2 2 2 2 2 2 2 2 2 2 2 2 2 2 2 2 2 2 2 2 2 2 2 2 2 2 2 2 2
left_child=1 8 3 -3 12 7 10 -5 9 -1 13 16 -2 -6 -9 -16 17 -11 20 22 -15 -22 -19 24 -24 26 27 29 -29 -26
right_child=4 2 -4 5 6 -7 -8 14 -10 11 -12 -13 -14 18 15 -17 -18 19 -20 -21 21 -23 23 -25 25 -27 -28 28 -30 -31
leaf_value=0.029045038915167617 0.014490566087401961 -0.074761653911397538 -0.078308855703048338 -0.0082043932492730474 0.043906714702265752 -0.014382066159144653 -0.029504310493310367 0.0630126008673869 0.019388333525156329 -0.080546531680393885 0.0084349286885771688 -0.0025024598627999672 -0.057302923848433308 0.10974300963539799 0.1250737286819926 0.10720678738307117 -0.11691066980694254 -0.11020842089040779 0.11439862943027992 -0.105489584864979 0.10727615545457787 0.10358291335437469 -0.1007411016533075 -0.10190996691468941 -0.10035618577293554 -0.10044065200503681 -0.10037828895053068 -0.10042279503339334 -0.10033698131400359 -0.10033657184826533
leaf_weight=0.8030465405900048 1.8592459289357055 1.9057259149849404 2.380445420742034 1.7954319920390824 1.4704270698130111 4.0450080316513777 1.813007529824971 1.9351021004840729 1.7501310901716349 0.34246769314631809 1.5697603523731229 0.81347234919667233 2.3150001019239426 1.298072583973408 1.6931085176765921 2.1176698617637157 0.86611674819141615 0.090008499333632641 1.4808858931064603 2.2922731209546328 1.0620949734002354 1.3617283478379247 0.1075471278745711 0.68054087180644263 0.1717241648584602 0.16213842225261021 0.096301271580159553 0.0083848652429855397 0.75919601297937567 0.15037413593381643
leaf_count=20 15 16 14 21 13 34 18 24 25 11 13 11 25 14 10 32 8 2 13 29 14 34 12 24 25 19 14 2 113 25
internal_value=0.00264197 -0.0152965 0.0100133 0.0255963 0.0341141 0.0421033 0.0587875 0.0724008 -0.0594731 -0.0782674 0.0782069 -0.0914432 -0.0253255 0.0946196 0.0975878 0.115145 -0.104076 -0.10179 0.108952 -0.1034 0.106785 0.105201 -0.101248 -0.10087 -0.100384 -0.100355 -0.100344 -0.100341 -0.100338 -0.100347
internal_weight=39.1964 24.9662 15.8725 13.492 14.2302 11.5863 10.056 7.54131 9.09372 7.34359 8.24297 6.54055 4.17425 6.67321 5.74588 3.81078 5.72707 4.86096 5.20278 4.51849 3.7219 2.42382 2.22622 2.13621 1.45567 1.34812 1.18598 1.08968 0.767581 0.322098
internal_count=650 491 151 137 159 121 119 87 340 315 101 295 40 88 66 42 284 276 75 265 62 48 236 234 210 198 179 165 115 50
is_linear=0
shrinkage=0.1


Tree=44
num_leaves=31
num_cat=0
split_feature=35 19 0 3 3 13 37 20 38 3 18 45 51 47 6 0 28 35 4 28 47 10 16 9 28 22 18 47 40 16
split_gain=1.99666 2.3505 1.90631 1.71005 2.48261 2.69187 2.07936 1.66358 1.36889 1.76236 1.11197 0.285431 0.0510654 0.0165177 0.00759879 0.00129161 0.000701715 0.000150442 3.01932e-05 1.72643e-06 2.29322e-07 8.53742e-08 8.84265e-09 1.65155e-08 2.78005e-09 1.54852e-09 7.10616e-10 9.60717e-11 8.74467e-13 9.17599e-14
threshold=0.56283041834831249 1.497645437717438 0.30943644046783453 2.3745584487915044 0.65825688838958751 28.02596473693848 0.50307467579841625 2.5000000000000004 0.48731677234172827 1.101987957954407 0.019688469357788566 0.27749408781528478 0.55477729439735424 0.64357304573059093 68.012924194335952 0.084624759852886214 52970.500000000007 0.51185372471809398 1.0481417775154116 4.5000000000000009 0.12472215667366983 0.029161991551518444 0.010128085035830738 -0.1008462831377983 610.00000000000011 -10.628509044647215 0.0031739968108013277 0.25267933309078222 1.0000000180025095e-35 -0.0015150489634834228
decision_type=2 2 2 2 2 2 2 2 2 2 2 2 2 2 2 2 2 2 2 2 2 2 2 2 2 2 2 2 2 2
left_child=1 2 11 4 6 -6 7 -2 9 -7 -3 -1 -8 -5 15 18 -17 -18 19 -13 -21 22 23 -22 -25 -26 27 -27 29 -29
right_child=3 10 -4 13 5 8 12 -9 -10 -11 -12 14 -14 -15 -16 16 17 -19 -20 20 21 -23 -24 24 25 26 -28 28 -30 -31
leaf_value=-0.024099685309402222 0.056427900156535538 -0.017151957993018885 0.014752770811099129 0.088798156544985185 0.079996503698986476 -0.073589278931912638 0.086187977084407869 -0.045312114516106519 -0.11442438858081933 0.03432230826029288 0.06517230771933416 -0.1010819376535759 0.11000057891906356 0.10552167577136813 -0.11444562308217517 -0.10632966130470825 -0.1021318708798179 -0.10398433953742688 -0.10187342963790402 -0.10046688223924967 -0.10038249610198341 -0.10038916797343406 -0.10034136996630234 -0.10034398973731143 -0.10031791299926132 -0.10030577856200867 -0.10031031135745661 -0.1003026710979361 -0.10030305280686783 -0.10030277490707938
leaf_weight=0.48727826774120142 3.5570112094283157 4.1350898761302233 2.1247657258063555 0.96823294088244383 2.026357874274253 3.2718227785080654 1.3603820167481897 2.9318823246285319 2.2863746993243694 2.8159847091883421 2.7199775790795684 0.031766988337039836 2.6643088683485985 1.5142829753458498 0.64704276155680407 0.94211425213143263 0.98848220054060199 0.78777761943638325 0.14417678397148836 0.12217595777474333 0.03036696463823052 0.1696899530943482 0.09842802700586617 0.020498100901024996 0.1095333669800288 0.14269909891300137 0.20622690278105438 0.14741587149910362 0.11145120533183217 0.20163643616251914
leaf_count=9 37 38 16 24 26 25 18 26 19 38 26 1 36 28 3 11 34 13 5 15 4 22 22 4 15 23 31 27 19 35
internal_value=0.00251023 -0.0268308 -0.0654637 0.0205295 0.0112151 -0.0234253 0.045483 0.0104586 -0.0484509 -0.0236735 0.015513 -0.0970927 0.101952 0.0989992 -0.104349 -0.102814 -0.104124 -0.102953 -0.100496 -0.100353 -0.100336 -0.100323 -0.100313 -0.10031 -0.100308 -0.100307 -0.100305 -0.100304 -0.100303 -0.100303
internal_weight=37.7652 14.3686 7.51353 23.3966 20.9141 10.4005 10.5136 6.48889 8.37418 6.08781 6.85507 5.38876 4.02469 2.48252 4.90148 4.25444 2.71837 1.77626 1.53607 1.39189 1.36012 1.23795 1.06826 0.969828 0.939461 0.918963 0.80943 0.603203 0.460504 0.349052
internal_count=650 373 309 277 225 108 117 63 82 63 64 293 54 52 284 281 58 47 223 218 217 202 180 158 154 150 135 104 81 62
is_linear=0
shrinkage=0.1


Tree=45
num_leaves=31
num_cat=0
split_feature=1 36 4 3 11 34 38 11 23 4 35 5 3 9 9 22 39 39 17 19 37 4 37 33 2 13 39 15 10 24
split_gain=1.90181 1.92197 1.70036 1.91567 2.19062 2.67701 2.30589 1.96042 1.92788 1.68184 1.64816 1.24629 1.39657 0.578665 0.838163 0.145963 0.0754585 0.114717 0.0530325 0.0255793 0.021883 0.00223058 0.000684748 0.000676278 0.000252363 4.93431e-05 1.14662e-06 7.48349e-08 1.7964e-08 9.38762e-10
threshold=0.17397624254226687 0.3522451519966126 0.11836510524153711 2.3745584487915044 0.71942749619483959 0.55281522870063793 0.48731677234172827 0.28929851949214941 0.57245782017707836 0.67436447739601146 0.56283041834831249 0.31875641644001013 1.6290082335472109 -0.050786092877387994 -0.056460259482264512 36.930109024047859 0.11970148980617525 0.0069696714635938415 44.275821685791023 3.4087134599685673 0.49494691193103796 0.25422132015228277 0.55564948916435253 0.75763800740242015 0.057478249073028571 42.162006378173835 0.91010099649429332 -0.70805457234382618 1.0000000180025095e-35 0.4247641265392304
decision_type=2 2 2 2 2 2 2 2 2 2 2 2 2 2 2 2 2 2 2 2 2 2 2 2 2 2 2 2 2 2
left_child=1 11 -2 4 5 8 -6 -7 9 -4 -3 -1 13 14 25 16 17 -15 20 21 -9 -18 -5 24 26 -13 27 -23 29 -29
right_child=2 10 3 22 6 7 -8 18 -10 -11 -12 12 -14 15 -16 -17 19 -19 -20 -21 -22 23 -24 -25 -26 -27 -28 28 -30 -31
leaf_value=0.029527717447276031 0.10899650913245069 -0.040161642131321201 -0.042251462098705277 0.10745775197290396 0.0034020185173655338 -0.017003474903557435 -0.11156141523465535 0.12205875871777239 -0.08796512460234697 0.082822464725548745 0.085061003144657726 -0.10057846927229933 0.049709375438208865 -0.10400260102595622 0.094170782299987446 -0.16124317115531531 -0.11144722615569846 -0.020908971925406437 0.089122783622964885 -0.12254124883134782 0.10560452935439246 -0.10063414234021331 0.10370142022302109 -0.10566324369206831 -0.10263953966933326 -0.10251800876573931 -0.10061441250307518 -0.10027603911393462 -0.10031276004413484 -0.10028553179178695
leaf_weight=1.3047943173442016 1.9083515591919447 2.044344786554575 2.0768823921680504 0.91500808112323184 4.3808110542595378 1.8036378305405376 2.8994085425511003 1.3812644444406035 2.4960727416910231 2.2289025261998177 2.1633124966174364 0.30164878536015749 0.76085507869720448 0.44042417313903826 0.37164395814761242 0.46939507126808155 0.30586910806596357 0.2667921946849674 1.3811603523790834 0.94183030538260926 1.94837852101773 0.0062617384828610448 1.0333478786051271 0.49709468707442273 0.97822179645299911 0.23209001123905182 0.1260289961937815 0.45259051909670422 0.20248491200618446 0.13532877201214433
leaf_count=20 26 15 22 14 35 21 22 10 25 21 33 36 9 26 7 2 2 24 23 9 35 1 26 4 21 7 12 83 33 26
internal_value=0.00236014 -0.0302437 0.0183612 0.0106893 0.00172378 0.0258377 -0.0423831 0.0716528 -0.0180415 0.0224934 0.02422 -0.0596488 -0.0775814 -0.0944904 -0.0211345 -0.108263 -0.10255 -0.0726561 0.105597 -0.108349 0.11243 -0.103405 0.105466 -0.102379 -0.101521 -0.101422 -0.100334 -0.10029 -0.100287 -0.100278
internal_weight=36.4542 12.001 24.4532 22.5449 20.5965 13.3163 7.28022 6.51444 6.80186 4.30578 4.20766 7.79335 6.48856 5.72771 0.905383 4.82232 4.35293 0.707216 4.7108 3.64571 3.32964 2.70388 1.94836 2.39801 1.90092 0.533739 0.922695 0.796666 0.790404 0.587919
internal_count=650 370 280 254 214 157 57 89 68 43 48 322 302 293 50 243 241 50 68 191 45 182 40 180 176 43 155 143 142 109
is_linear=0
shrinkage=0.1


Tree=46
num_leaves=31
num_cat=0
split_feature=0 36 37 8 16 51 16 44 8 8 38 23 47 34 6 51 17 35 8 8 34 5 51 44 38 47 10 9 18 28
split_gain=1.65338 1.50489 1.57005 1.44813 1.96407 1.63151 1.36142 1.75378 1.94723 1.35369 1.16964 0.93033 0.908428 0.79194 0.507034 0.431487 0.0612739 0.0141058 0.00131131 0.00098251 0.000261955 0.000134707 3.7963e-05 1.90941e-06 4.63062e-07 6.02064e-08 2.61697e-08 3.48425e-09 1.54569e-09 1.29867e-09
threshold=0.064070925116539015 0.13332176953554156 0.55616044998168956 31.980230331420902 0.1349403187632561 0.55477729439735424 0.64803576469421398 0.40434935688972479 38.161216735839851 46.082496643066413 0.38877451419830328 0.86786469817161571 0.34528675675392156 0.64673522114753734 45.799055099487312 0.47765462100505834 23.283454895019535 0.5360381305217744 59.317121505737312 59.119298934936531 0.66806024312973034 0.94686108827590953 0.61836451292037975 0.85631725192070018 0.38158145546913153 0.099124729633331313 0.029161991551518444 -0.035125559195876115 0.015654059126973156 4252.0000000000009
decision_type=2 2 2 2 2 2 2 2 2 2 2 2 2 2 2 2 2 2 2 2 2 2 2 2 2 2 2 2 2 2
left_child=15 2 3 -2 5 13 7 8 -3 -10 -9 14 -13 -5 -12 -1 -16 -18 20 21 -19 -17 -22 24 -23 -26 27 -27 29 -29
right_child=1 6 -4 4 -6 -7 -8 10 9 -11 11 12 -14 -15 16 19 17 18 -20 -21 22 23 -24 -25 25 26 -28 28 -30 -31
leaf_value=0.063452272091148162 -0.11048274100256937 0.059339415179965486 0.048324442711888488 -0.087381090035895018 -0.099027100845096167 0.075386870060714345 -0.058113420305692588 -0.030649959417901523 -0.1136528689099557 -0.0013643459228267916 0.026517309465704228 -0.032929415721233056 0.072672866687564522 0.012753537201812885 0.081265409140357278 -0.10263446175619773 0.11757892457613309 0.10497831860570893 0.10751719731143 -0.10758269736684141 0.10318675069977259 -0.10052740658632281 0.10210739165272974 -0.10070508246306963 -0.10035781228723706 -0.1002698532926992 -0.10030935730823687 -0.10027331694056454 -0.10026555862522107 -0.10025081271013024
leaf_weight=0.17348159360699256 2.1547239241190237 2.8291163295507493 2.6787776686251155 1.472298000007868 2.1497612548992038 2.4151508584618568 1.817832170985638 1.325367810204624 1.8012853739783166 2.6576163817662746 1.0178808947093765 1.454276913776994 1.8519531320780513 1.7038294486701486 1.0226085139438508 0.32079428993165482 1.2177528440952299 0.68399783596396524 1.2439890149980781 0.24923368543386448 0.57050854712724663 0.075059485854580887 0.75987852923572063 0.1218972539063542 0.072490483289584295 0.17268394213169758 0.10879952437244356 0.026931460481137592 0.096974342362955213 0.53600050159730017
leaf_count=7 27 27 27 33 21 22 15 16 15 29 22 15 32 14 17 7 10 12 18 3 15 8 29 11 10 35 19 10 23 101
internal_value=0.00226256 0.00758215 -0.0195907 -0.0379753 -0.0177928 0.0134405 0.0244522 0.0325932 -0.00555282 -0.0467261 0.0575308 0.0694287 0.0262227 -0.033664 0.0913495 -0.0870946 0.103351 0.108396 0.104964 -0.10176 0.103388 -0.100812 0.10257 -0.10033 -0.100288 -0.10027 -0.100263 -0.100257 -0.100254 -0.100252
internal_weight=34.783 32.8286 12.5745 9.89576 7.74104 5.59128 20.2541 18.4362 7.28802 4.4589 11.1482 9.82285 3.30623 3.17613 6.51662 1.95435 5.49874 4.47613 3.25837 1.78086 2.01438 1.53163 1.33039 1.21084 1.08894 1.01388 0.94139 0.83259 0.659906 0.562932
internal_count=650 416 144 117 90 69 272 257 71 44 186 170 47 47 123 234 101 84 74 227 56 224 44 217 206 198 188 169 134 111
is_linear=0
shrinkage=0.1


Tree=47
num_leaves=31
num_cat=0
split_feature=1 34 21 4 37 11 48 45 14 6 36 8 18 19 33 17 36 13 4 37 45 3 44 18 9 9 28 39 38 22
split_gain=1.60522 1.66342 1.67145 1.50928 1.77321 1.65122 2.75816 1.48434 1.60333 1.44629 1.43905 1.37016 1.08752 0.00760182 0.00254121 0.00100368 0.000461646 0.000178227 7.18021e-05 2.45134e-05 1.15526e-05 2.64755e-06 1.76759e-08 5.97005e-09 6.36594e-09 1.52561e-09 7.79167e-10 3.94394e-10 2.23399e-10 1.49113e-10
threshold=0.17397624254226687 0.61346343159675609 -0.00032664791797287757 0.11836510524153711 0.50659596920013439 0.71942749619483959 0.15000000223517421 0.27749408781528478 29.390766143798832 50.462394714355476 0.3522451519966126 29.214034080505375 -0.04012028127908706 4.5041291713714608 0.50856474041938793 61.452917098999031 0.15379399061203006 22.673231124877933 1.0560609102249148 0.47357140481472021 0.44967773556709295 0.99842393398284923 0.2470483407378197 0.036511322483420379 -0.1008462831377983 -0.050786092877387994 610.00000000000011 0.13062652200460437 0.36275388300418859 -9.2070741653442365
decision_type=2 2 2 2 2 2 2 2 2 2 2 2 2 2 2 2 2 2 2 2 2 2 2 2 2 2 2 2 2 2
left_child=1 9 -3 -2 7 11 -7 -5 -9 13 -4 -6 -10 15 -13 17 -16 20 -18 -19 -1 -22 -23 24 -24 -26 -27 -28 -29 -30
right_child=3 2 10 4 5 6 -8 8 12 -11 -12 14 -14 -15 16 -17 18 19 -20 -21 21 22 23 -25 25 26 27 28 29 -31
leaf_value=-0.10126410436256282 0.10790527111825671 0.10311186966611557 -0.070404421289094479 0.054594952210804605 -0.012825451116116736 0.057015070972708054 -0.081401569349771039 0.025208333499979998 -0.13832125375283622 0.0067932254344323971 0.051444553598662617 0.10891190057223649 -0.040900171671931856 -0.11376371199739739 0.1052991245612668 -0.10575498215541504 0.10323736158975035 -0.1026157946100538 0.10174466445800823 -0.10167170380852347 -0.10065590764535751 -0.10029871665218551 -0.1002830112998012 -0.10025493732945992 -0.10023967927463824 -0.10025457268128596 -0.10023300215337361 -0.10019143214915752 -0.10022983861726303 -0.10022502872636969
leaf_weight=0.14219208061695043 1.7018905505538011 1.4111957754939792 2.4985784110613167 2.0100683430209774 1.2807489028200487 3.5365539342164993 2.4279207708314061 2.4071755562908947 1.7279337327927349 1.7178095469716934 1.5835085716098545 1.6387356761842964 3.4015847383998334 0.70174884051084507 1.1100031360983851 0.62328510731458653 0.66849340498447396 0.57505225087515988 0.62217138521373272 0.52714094193652272 0.18066084245219804 0.044194591697305441 0.022513330681248056 0.116720300167799 0.11354151647537802 0.010131231974813248 0.08331972430460155 0.0019070297712460152 0.075287493644280779 0.44789697043597843
leaf_count=4 26 12 28 24 15 36 20 22 15 32 28 19 39 5 18 7 19 19 27 24 11 9 4 25 24 4 20 1 13 100
internal_value=0.00213126 -0.0294183 0.00929553 0.01736 0.00996263 0.0367979 0.00067069 -0.0217576 -0.0421212 -0.0689222 -0.0231372 0.0773004 -0.0737175 -0.104405 0.105876 -0.102189 0.103804 -0.101239 0.102518 -0.102164 -0.100416 -0.100306 -0.100237 -0.100234 -0.100231 -0.100229 -0.100227 -0.100227 -0.100226 -0.100226
internal_weight=33.41 10.8767 5.49328 22.5333 20.8314 11.2846 5.96447 9.54676 7.53669 5.3834 4.08209 5.32015 5.12952 3.66559 4.0394 2.96384 2.40067 2.34056 1.29066 1.10219 1.23837 1.09617 0.915512 0.871318 0.754597 0.732084 0.618542 0.608411 0.525091 0.523184
internal_count=650 370 68 280 254 154 56 100 76 302 56 98 54 270 83 265 64 258 46 43 215 211 200 191 166 162 138 134 114 113
is_linear=0
shrinkage=0.1


Tree=48
num_leaves=31
num_cat=0
split_feature=0 34 11 6 13 48 17 38 6 2 38 35 43 37 7 35 19 50 36 0 0 19 37 24 19 39 44 18 39 21
split_gain=1.45132 1.80778 2.09103 2.35218 1.91429 1.6456 1.85588 1.64006 1.50818 1.27555 0.903464 1.22661 0.220646 0.184773 0.133064 0.0484179 0.0124972 0.00544973 0.00294737 0.00156981 0.000921323 0.00074061 0.000324261 0.000304393 2.9415e-05 7.78417e-08 9.93647e-09 6.92236e-09 2.98122e-09 1.78965e-09
threshold=0.29370516538620001 0.82182729244232189 0.42237712442874914 50.626012802124031 33.488107681274421 0.25000000745058065 27.83172702789307 0.52790078520774852 62.58076477050782 0.20279189199209216 0.46910876035690313 0.57720297574996959 0.46249999105930334 0.60902339220047008 34.897735595703132 0.80728304386138927 1.497645437717438 0.71942985057830822 0.13332176953554156 0.13872011750936511 0.052383808419108398 -1.0000000180025095e-35 0.4520323127508164 0.36363635957241064 0.89215189218521129 0.78501400351524364 0.33814302086830145 0.0062135597690939912 0.13062652200460437 -0.03970332816243171
decision_type=2 2 2 2 2 2 2 2 2 2 2 2 2 2 2 2 2 2 2 2 2 2 2 2 2 2 2 2 2 2
left_child=1 2 3 9 -3 6 -2 14 -6 12 11 19 -1 15 -8 16 17 20 -16 24 25 -20 -22 -23 27 26 -12 -4 -28 -30
right_child=5 4 10 -5 8 -7 7 -9 -10 -11 13 -13 -14 -15 18 -17 -18 -19 21 -21 22 23 -24 -25 -26 -27 28 -29 29 -31
leaf_value=-0.048337027637989596 -0.016617135365278354 0.10650131259635863 -0.1002102583584485 0.094901371344547403 0.058230061294834837 -0.05482331088204781 0.064207926296665094 0.0063366613997983823 -0.072986629706185968 0.019514367401868148 -0.10026074788198319 0.084924139178337951 -0.10722142014149888 -0.17328559912093336 0.11091883569842509 -0.064370884045759913 -0.085310954764361596 -0.11384971727085742 0.10755084621967803 -0.11056255202518028 -0.1059775264581274 0.1031131868223699 -0.10331269575783551 0.10561810278360302 -0.10209982646833955 -0.10031851780574806 -0.10022818639991103 -0.1002482280699605 -0.10025605756648182 -0.10020728259104104
leaf_weight=1.0536537091247757 3.8889455134049049 2.0689342981204382 0.11869228817522504 1.8576443716883657 1.579472338780761 2.1446150429546824 0.85925224795937349 2.8646539021283388 1.966548050753772 2.1619784510694444 0.043329889187590953 0.66089965775609016 1.6067164833657441 0.3758805920369922 1.43800912797451 0.35002199932932843 0.34521946357563127 0.60894510149955738 1.0542935002595166 0.34482534974813461 0.81695732567459334 1.0576019715517779 1.0352493098471311 0.89620579406619061 0.14440755546092987 0.081564896507188678 0.086563980905339122 0.080635132384486496 0.0076425843872128798 0.47965860343538236
leaf_count=28 35 38 29 18 24 23 8 36 18 28 9 8 30 6 15 4 11 2 16 2 13 30 28 15 5 14 21 18 1 117
internal_value=0.00202798 -0.0169322 -0.0384532 -0.000706928 0.03006 0.0258897 0.040244 0.06731 -0.0145399 -0.0375367 -0.0836365 -0.0123902 -0.0838999 -0.10636 0.100233 -0.0998348 -0.103376 -0.10535 0.107195 -0.105795 -0.103321 0.105415 -0.104488 0.104262 -0.101013 -0.100227 -0.100215 -0.100226 -0.100211 -0.100208
internal_weight=32.079 17.8754 12.2605 6.67999 5.61495 14.2036 12.059 8.17002 3.54602 4.82235 5.58049 1.34946 2.66037 4.23103 5.30536 3.85515 3.50513 3.15991 4.44611 0.68856 2.55097 3.0081 1.85221 1.95381 0.343735 0.69876 0.617195 0.199327 0.573865 0.487301
internal_count=650 472 392 104 80 178 155 120 42 86 288 62 58 226 84 220 216 205 76 54 203 61 41 45 52 162 148 47 139 118
is_linear=0
shrinkage=0.1


Tree=49
num_leaves=31
num_cat=0
split_feature=35 6 3 14 3 15 35 9 38 50 3 0 45 16 28 33 47 50 0 2 36 37 2 43 3 6 38 28 16 16
split_gain=1.30143 1.49156 1.46948 1.92101 1.79133 1.68332 1.40872 1.33077 1.10353 1.59792 2.91981 0.761638 0.752043 0.724254 0.240727 0.160304 0.141102 0.0702152 0.0167727 0.00272107 0.000930001 0.000416779 0.000165303 1.63755e-05 5.65522e-07 7.65165e-09 1.07003e-09 6.65774e-10 4.69093e-10 2.90303e-10
threshold=0.521297186613083 52.005649566650398 2.3745584487915044 25.664217948913578 0.65825688838958751 -0.42866916954517359 0.60106924176216137 -0.10861754789948462 0.48731677234172827 0.58299544453620922 1.042481601238251 0.19876727461814883 0.23864406347274783 0.14961051940917972 9656749.5000000019 0.52282992005348217 0.2938277274370194 0.32127413153648382 1.8689298629760744 0.28199221193790441 0.84546694159507763 0.54127347469329845 0.068569287657737746 0.48749999701976782 0.99842393398284923 46.30751037597657 0.48642554879188543 60027.500000000007 0.016419397667050365 -0.26097694039344782
decision_type=2 2 2 2 2 2 2 2 2 2 2 2 2 2 2 2 2 2 2 2 2 2 2 2 2 2 2 2 2 2
left_child=1 7 3 11 5 -5 -7 -1 9 -6 -11 -2 -9 16 17 -4 -8 -14 19 20 22 -17 23 -19 -25 -26 27 -27 29 -28
right_child=2 -3 15 4 8 6 13 12 -10 10 -12 -13 14 -15 -16 21 -18 18 -20 -21 -22 -23 -24 24 25 26 28 -29 -30 -31
leaf_value=0.034458725810762016 0.0074125454844858945 0.042589061677012569 0.046918729404162106 -0.078778939580196813 -0.096687021976465656 -0.021579049830308502 0.071379030821110787 0.029880119073039564 -0.10051310587426916 -0.066744738805845416 0.10582838364239103 0.10790895167433182 -0.058793728911652701 0.013455800114499948 -0.014615568063484262 0.1060505347737396 0.11218140024397334 -0.10169522390206874 -0.12425138177205515 -0.11048733463108554 -0.1058320626802592 0.10287001387579875 -0.10229147732548823 -0.10046284978751747 -0.10022271004422256 -0.10020456389826274 -0.10020340494249835 -0.10019128246130787 -0.10019467008574368 -0.10018418920728417
leaf_weight=1.249633588828148 1.1349993813782995 1.980533570051193 0.6836186926811928 1.3795151058584503 1.8074808726087193 2.4035672787576878 1.3993182405829432 0.53857087064534415 2.3289858428761363 2.0217460636049513 1.9034652989357708 2.2473487416282296 0.33500527264550362 1.512673446908593 0.33813000726513553 0.67620830889791239 2.1494009355083108 0.085563258500770956 0.47125416994094838 0.53529928438365448 0.67590750381350506 1.0545394355431197 1.1120881410315631 0.089731517480686307 0.07910411967895925 0.05857463926076889 0.0080784775782397622 0.10612628166563809 0.05599773651920259 0.29350736527703492
leaf_count=18 18 36 13 14 16 29 17 6 23 17 38 36 12 19 36 11 29 7 1 4 5 35 35 10 19 15 4 30 19 78
internal_value=0.00193894 -0.0327083 0.0141679 0.00539143 -0.00837199 0.0227052 0.0414593 -0.0574289 -0.0424668 -0.0188847 0.0169417 0.0741858 -0.0814363 0.0713952 -0.0955613 0.0879184 0.0960924 -0.102568 -0.106674 -0.104002 -0.102649 0.104113 -0.10151 -0.10039 -0.100229 -0.100194 -0.100189 -0.100196 -0.100186 -0.100185
internal_weight=30.716 8.01311 22.7029 20.2885 16.9062 8.84448 7.46496 6.03257 8.06168 5.73269 3.92521 3.38235 4.78294 5.06139 4.24437 2.41437 3.54872 3.90624 3.57123 3.09998 2.56468 1.73075 1.88877 0.776683 0.69112 0.601389 0.522285 0.164701 0.357584 0.301586
internal_count=650 335 315 256 202 108 94 299 94 71 55 54 281 65 275 59 46 239 227 226 222 46 217 182 175 165 146 45 101 82
is_linear=0
shrinkage=0.1


Tree=50
num_leaves=31
num_cat=0
split_feature=12 2 33 4 18 9 38 36 21 50 22 35 19 47 12 38 51 35 17 3 45 7 6 44 9 21 44 28 28 28
split_gain=1.20535 1.41245 1.33803 1.2395 1.2017 1.36106 1.70309 1.75159 1.07542 0.868967 0.858586 0.815879 0.542257 0.514321 0.221103 0.0165862 0.00345594 0.00345111 0.000404712 0.000327517 1.05171e-05 7.20578e-07 1.21391e-07 4.486e-09 3.60766e-09 1.88166e-09 3.57171e-10 1.32222e-10 1.24007e-10 4.92095e-12
threshold=14.500000000000002 0.1553594842553139 0.60609558224678051 0.11836510524153711 -0.021317306905984875 0.0060000515077263126 0.52790078520774852 0.1369118541479111 0.013330404181033375 0.57710370421409618 -13.531486034393309 0.5642564892768861 2.8070347309112553 0.41993513703346258 7.5000000000000009 0.57177922129631054 0.5155012607574464 0.63472089171409618 34.669181823730476 1.3049240708351137 0.44967773556709295 39.830169677734382 50.203287124633796 0.3305725902318955 -0.050786092877387994 0.016197133809328083 0.62404465675354015 4020709.0000000005 104352.50000000001 1185635.5625000002
decision_type=2 2 2 2 2 2 2 2 2 2 2 2 2 2 2 2 2 2 2 2 2 2 2 2 2 2 2 2 2 2
left_child=1 2 12 -3 8 11 7 -7 10 -2 -5 -6 14 -9 15 16 18 -11 20 -15 -1 -22 23 -23 -25 26 27 28 -26 -30
right_child=9 3 -4 4 5 6 -8 13 -10 17 -12 -13 -14 19 -16 -17 -18 -19 -20 -21 21 22 -24 24 25 -27 -28 -29 29 -31
leaf_value=-0.10125962908612154 0.004575782372954188 0.099741736814213791 0.029271643698531448 -0.048792220342252612 0.020274440988211129 -0.025502492968730913 -0.09026340881681115 0.012946341552689282 -0.10558978482517496 0.11149684659485314 0.048038424673971347 0.10914811487178132 -0.016143782761298891 0.10613460238452901 -0.025597210710340174 -0.081464208880460534 -0.10909288227138013 0.1026171286933546 -0.10349236423157426 0.10359245871981143 -0.10051186415486675 -0.10020759314837427 -0.10031996636596202 -0.10019404338945687 -0.10017029214242988 -0.10018870552268588 -0.10017796430086341 -0.10017299426676636 -0.10016569945429604 -0.10016685189701534
leaf_weight=0.11392114823684829 1.5685135954990976 1.3724314542487288 1.7473650756292043 2.2174992221407592 2.0459675143938485 3.8780898516997677 1.8305673804134128 0.86978301592171225 1.6494220755994318 0.87642497383058049 1.5598423574119853 2.0862282197922468 1.2424796111881731 1.0200022412464025 0.42861959012225259 0.34296270075719792 1.1111430358141658 0.87431445298716426 0.80495699355378747 1.00726165715605 0.079413886880502105 0.048571690334938467 0.067570516723208129 0.090934292762545832 0.11343545629642349 0.059977984870783985 0.045985884498804808 0.056786449626088142 0.12215984018985182 0.05318267282564193
leaf_count=5 31 25 22 30 27 33 19 12 14 10 21 36 19 19 13 39 8 31 17 27 8 12 12 24 37 14 16 15 38 16
internal_value=0.00187656 -0.00535058 -0.0456164 0.0081066 0.00118311 0.0179714 -0.00467962 0.0184442 -0.0382229 0.0586323 -0.00880628 0.0651442 -0.0729802 0.0772727 -0.092931 -0.102208 -0.104778 0.107062 -0.101885 0.104872 -0.100365 -0.100227 -0.100193 -0.100178 -0.100176 -0.100172 -0.10017 -0.100169 -0.100168 -0.100166
internal_weight=29.3858 26.0666 6.52947 19.5371 18.1647 12.7379 8.6057 6.77514 5.42676 3.31925 3.77734 4.1322 4.7821 2.89705 3.53962 3.111 2.76804 1.75074 1.6569 2.02726 0.85194 0.738019 0.658605 0.591034 0.542463 0.451528 0.39155 0.345564 0.288778 0.175343
internal_count=650 578 315 263 238 173 110 91 65 72 51 63 293 58 274 261 222 41 214 46 197 192 184 172 160 136 122 106 91 54
is_linear=0
shrinkage=0.1


Tree=51
num_leaves=30
num_cat=0
split_feature=36 22 10 1 5 4 4 34 11 10 38 12 34 45 37 44 4 35 24 35 22 7 10 9 28 28 15 28 16
split_gain=1.16122 1.39086 1.78802 1.18835 1.23028 1.50752 1.03861 1.32427 1.76242 1.04656 0.509729 0.265116 0.220649 0.167464 0.0430775 0.0196332 0.0113314 0.0104279 0.00865857 0.000612734 1.97232e-06 1.47549e-07 8.35382e-09 3.0012e-09 1.19017e-09 3.02151e-10 1.67685e-10 5.5085e-11 3.571e-12
threshold=0.081880092620849623 7.7050566673278817 -0.068299319595098482 0.052919927984476096 1.4177899360656741 1.92218953371048 0.13673618435859683 0.44388334453105932 0.73854193091392528 -0.036665398627519601 0.4181161522865296 23.500000000000004 0.51397606730461132 0.57860666513443004 0.4747766256332398 0.63283920288085949 0.42585605382919317 0.5642564892768861 0.018111858516931537 0.54012528061866771 3.8195797204971318 45.479167938232429 0.029727546498179439 -0.050786092877387994 9656749.5000000019 340122.28125000006 -0.0012949692318215964 104352.50000000001 0.00060703497729264211
decision_type=2 2 2 2 2 2 2 2 2 2 2 2 2 2 2 2 2 2 2 2 2 2 2 2 2 2 2 2 2
left_child=1 2 -1 11 6 10 -5 9 12 -8 -6 19 -9 16 -14 17 -4 -16 -17 20 21 -2 23 -23 25 26 27 -25 -27
right_child=3 -3 13 4 5 -7 7 8 -10 -11 -12 -13 14 -15 15 18 -18 -19 -20 -21 -22 22 -24 24 -26 28 -28 -29 -30
leaf_value=0.034524943812082293 -0.1003216730087184 0.022072005955787597 -0.08698887348824097 -0.028564358946131713 -0.096824567128370023 0.050403681568555396 0.055593153617469006 0.057897529881884215 0.00036809910157548987 -0.067819304597751248 -0.025951591322556436 0.066498735532709782 0.080529229066056474 -0.14764759523134566 0.11935174954957457 0.10405611437048135 -0.10474880809081949 0.10668090564832095 0.08915396951224154 -0.10596179596780875 -0.1005935956887357 -0.10017561804107354 -0.10019725385056651 -0.10015559760448511 -0.1001691035625466 -0.10015103939918478 -0.10015940308690166 -0.10015123932032916 -0.10015007247759167
leaf_weight=1.0549657782539728 0.065748581546361207 2.42223060131073 0.64331056643277695 2.2357349032536176 1.6008490938693274 2.1480535576120019 1.204892296344042 1.3968963995575885 3.0128511893562973 1.5990968297701318 2.7719767361413687 0.10307078040204931 0.73944302648305882 1.1750254249200223 1.1054038032889368 0.94978236220777013 0.81361122662201524 1.5748775070533154 0.66141325794160366 0.2454402968287468 0.13918772665783763 0.0962358834221958 0.06645081122405827 0.072717975126579293 0.060550456983037293 0.079781115520745516 0.099410332739353402 0.048237756709568202 0.073275823844596744
leaf_count=14 13 36 25 33 9 27 20 23 36 30 39 3 13 9 6 24 18 39 23 3 19 28 16 27 16 27 33 16 25
internal_value=0.00180363 -0.0367955 -0.0754704 0.0124489 0.0178692 -0.0181983 0.0341112 0.0455551 0.0634777 -0.0147882 -0.0518975 -0.0865262 0.0930585 -0.11956 0.102821 0.106662 -0.0969068 0.111907 0.0979386 -0.10159 -0.100251 -0.100179 -0.100164 -0.10016 -0.100156 -0.100154 -0.100156 -0.100154 -0.100151
internal_weight=28.2605 6.10914 3.68691 22.1514 21.0013 6.52088 14.4804 12.2447 9.44067 2.80399 4.37283 1.15011 6.42782 2.63195 5.03092 4.29148 1.45692 2.68028 1.6112 1.04704 0.801596 0.662409 0.59666 0.530209 0.433973 0.373423 0.220366 0.120956 0.153057
internal_count=650 102 66 548 322 75 247 214 164 50 48 226 128 52 105 92 43 45 47 223 220 201 188 172 144 128 76 43 52
is_linear=0
shrinkage=0.1


Tree=52
num_leaves=31
num_cat=0
split_feature=3 3 34 36 3 0 36 44 38 0 1 11 43 50 2 22 13 0 14 35 36 5 6 9 10 28 39 10 20 23
split_gain=1.06775 1.42102 1.85734 1.49924 1.09664 1.53279 1.24307 1.03532 0.940647 1.01018 0.917382 0.852297 0.532825 0.202239 0.065573 0.0406967 0.00649234 0.00185637 0.00129487 0.00113785 0.000159936 0.000107554 5.59215e-07 2.89224e-08 5.89993e-09 1.21131e-09 6.16117e-10 8.15968e-11 4.21559e-11 1.13648e-12
threshold=1.6233685016632082 0.75342294573783886 0.45900513231754309 0.33063513040542608 0.050638578832149513 0.29370516538620001 0.08614096045494081 0.68941044807434093 0.48642554879188543 0.11318533122539522 0.20328427106142047 0.28102199733257299 0.56250000000000011 0.44935850799083715 0.19244086742401126 36.930109024047859 55.180122375488288 0.3002509623765946 20.568788528442386 0.53223219513893139 0.24447651207447055 0.7079470455646516 54.230463027954109 -0.080148786306381212 0.010621800553053619 9656749.5000000019 0.18350169807672503 -0.0172971012070775 1.5000000000000002 0.18274585157632831
decision_type=2 2 2 2 2 2 2 2 2 2 2 2 2 2 2 2 2 2 2 2 2 2 2 2 2 2 2 2 2 2
left_child=1 2 11 10 -4 6 -6 -8 9 -2 14 -1 -10 -7 15 16 18 -13 21 -11 -21 -3 23 -23 25 26 -25 -28 29 -29
right_child=8 3 4 -5 5 13 7 -9 12 19 -12 17 -14 -15 -16 -17 -18 -19 -20 20 -22 22 -24 24 -26 -27 27 28 -30 -31
leaf_value=0.0075390574330899728 -0.037558363984852378 -0.10337565149425876 -0.055732041815423017 0.021143956586772209 -0.072303862549297424 0.063307396950563435 0.079852637001215379 -0.025241370184591896 0.043360514645555535 0.10829081605730398 -0.02966312677368324 -0.10220912580468833 -0.064597870152200351 0.11010096116117281 -0.061372469344223739 -0.14103172225253155 -0.11737548196812481 -0.10895491448217146 -0.10611058237775838 0.10458531126089116 0.10270275761261694 -0.10025231951741571 -0.10044337373206323 -0.10014772272389078 -0.10016892880594729 -0.10015377411144277 -0.10014130060191923 -0.10013671260995023 -0.10013909778281337 -0.10013598455743491
leaf_weight=1.1190232480876212 0.62044531665742342 0.12574252113699858 1.2379612661898125 2.9173279767856002 1.375726168975232 1.5017710374668243 2.3645156240090732 1.5530838668346403 0.87012211792170979 0.69979290850460563 3.298692480660975 0.78180012363009133 0.96326677314937115 2.3991190427914262 0.28772954177111376 0.39986014366149891 0.43240319145843376 0.85307350009679794 1.000997301423922 0.81877203937619913 1.0054844971746204 0.028054614434953384 0.074877708917483687 0.091728964005593605 0.11094927892554551 0.08705599803943187 0.06595406576525753 0.027265325654294736 0.077426629257388413 0.10035421210341156
leaf_count=23 7 2 16 39 25 26 33 19 24 9 32 35 16 37 4 2 5 7 21 16 38 10 10 33 33 25 23 10 36 34
internal_value=0.00169112 -0.0076517 0.0133434 -0.037986 0.0326265 0.0445235 0.00947241 0.0381894 0.0435687 0.0767614 -0.0657681 -0.0597035 -0.0133611 0.0920863 -0.10669 -0.111662 -0.106378 -0.105729 -0.103722 0.104863 0.103548 -0.100694 -0.100186 -0.100153 -0.100148 -0.100143 -0.100141 -0.100138 -0.100137 -0.100136
internal_weight=27.2904 22.3125 13.1861 9.12642 10.4322 9.19422 5.29333 3.9176 4.97788 3.14449 6.20909 2.7539 1.83339 3.90089 2.9104 2.62267 2.22281 1.63487 1.79041 2.52405 1.82426 0.789409 0.663667 0.588789 0.560734 0.449785 0.362729 0.271 0.205046 0.12762
internal_count=650 540 221 319 156 140 77 52 110 70 280 65 40 63 248 244 242 42 237 63 54 216 214 204 194 161 136 103 80 44
is_linear=0
shrinkage=0.1


Tree=53
num_leaves=31
num_cat=0
split_feature=3 0 14 12 5 37 35 50 45 36 0 38 28 37 21 24 8 43 50 7 14 19 36 7 10 9 28 28 38 23
split_gain=0.97515 1.24722 1.06912 1.1874 1.03163 1.16919 1.38306 1.94963 1.26831 1.263 0.939741 0.724175 0.587441 0.559553 0.5571 0.0989348 0.056623 0.00257041 0.00139559 0.000604755 0.000134249 0.000122201 5.50032e-05 5.17183e-07 6.7977e-09 7.97665e-10 4.09924e-10 4.90682e-10 3.21269e-11 3.47899e-12
threshold=2.3745584487915044 0.12234095111489297 19.888863563537601 14.500000000000002 1.4177899360656741 0.55616044998168956 0.5642564892768861 0.72683483362197887 0.25986243784427648 0.091412179172039046 0.16807810217142108 0.48731677234172827 142481.50000000003 0.4747766256332398 -0.0022315691458061333 0.62916666269302379 42.635210037231452 0.38750000298023229 0.62554258108139049 44.652412414550788 20.415602684021 0.9534096121788026 0.14765617251396182 41.891654968261726 0.010621800553053619 -0.050786092877387994 5251.0000000000009 8420261.7500000019 0.52790078520774852 0.70996183156967174
decision_type=2 2 2 2 2 2 2 2 2 2 2 2 2 2 2 2 2 2 2 2 2 2 2 2 2 2 2 2 2 2
left_child=2 -2 -1 4 5 6 8 9 -4 -8 14 -6 -5 -11 -7 17 -15 -10 20 -3 23 -21 -22 -19 25 -25 -27 28 29 -28
right_child=1 19 3 12 11 10 7 -9 15 13 -12 -13 -14 16 -16 -17 -18 18 -20 21 22 -23 -24 24 -26 26 27 -29 -30 -31
leaf_value=0.068073718425287671 -0.055999671999519773 0.10719017283398534 0.067798166234403975 0.10133451873035604 -0.023815043736971766 0.074992473938470569 -0.022785927708043247 -0.079981527482068757 -0.11155114715986443 0.011190657241581071 0.10526721539218116 -0.096172468416520718 -0.0035477272888720778 0.075863142026776409 -0.093424738784399206 -0.042295166594466589 0.10633322186429794 -0.10043476413172417 -0.10757878002499882 0.10412739835969871 -0.10149156958293828 0.10218585247467019 -0.10289314896658193 -0.10014056366825411 -0.10016122369208656 -0.10013940981467365 -0.10012352308832753 -0.10013576494408168 -0.10012623907095225 -0.10012252741118806
leaf_weight=1.8640596657060147 0.66575837507843916 0.42983702942728985 0.54983415454626738 1.3118791172746562 3.2420815816149107 0.32480939524248253 2.4772920124232751 2.0407825270667672 0.42881095036864358 1.1521330922842028 1.561774910893291 2.4123718101764098 0.90064885118044902 0.97610752843320403 0.49684562627226048 0.28440833184868086 1.6255257907323537 0.067703665117733514 0.51573218405246724 0.51272976770997025 0.56229235092177965 0.88152124453336 0.55771176936104894 0.053609115537263885 0.085248189279809594 0.024883317528284654 0.10099898197222501 0.041880464646965265 0.04401064570993185 0.053778592264279723
leaf_count=29 9 8 8 33 30 17 32 19 7 11 36 33 16 17 27 28 31 9 4 10 27 39 15 21 28 12 44 13 17 20
internal_value=0.00161276 0.0611525 -0.00462723 -0.0108172 -0.0186258 -0.00408899 -0.0171521 0.00485005 -0.071143 0.0326339 0.0597225 -0.054685 0.0586403 0.0692081 -0.0268475 -0.098223 0.0949011 -0.104494 -0.103058 0.103911 -0.101593 0.1029 -0.102189 -0.100179 -0.100136 -0.100129 -0.100127 -0.100126 -0.100124 -0.100123
internal_weight=26.2471 2.48985 23.7572 21.8932 19.6806 14.0262 11.6427 8.27184 3.3709 6.23106 2.38343 5.65445 2.21253 3.75377 0.821655 2.82107 2.60163 2.53666 2.10785 1.82409 1.59212 1.39425 1.12 0.472113 0.404409 0.319161 0.265552 0.240669 0.198788 0.154778
internal_count=650 66 584 555 506 443 363 110 253 91 80 63 49 59 44 245 48 217 210 57 206 49 42 164 155 127 106 94 81 64
is_linear=0
shrinkage=0.1


Tree=54
num_leaves=31
num_cat=0
split_feature=33 33 34 14 37 14 3 34 48 10 11 24 14 35 28 35 16 1 11 18 43 3 50 1 23 35 47 45 11 36
split_gain=0.894028 0.926291 1.42837 1.26968 1.25781 1.22138 1.46013 1.36637 1.20178 1.29782 1.15329 0.917115 1.0409 0.756536 0.699309 0.604462 0.36026 0.293584 0.619579 0.193088 0.142044 0.00846494 0.00530341 0.0015969 0.00140894 0.000334469 0.000303043 0.000101842 5.75865e-05 1.87217e-06
threshold=0.87310954928398143 0.82448050379753124 0.98341494798660289 69.91727447509767 0.5350642502307893 18.188277244567875 0.045225491747260101 0.51397606730461132 1.0000000180025095e-35 -0.075049169361591325 0.57228764891624462 0.21052633970975879 46.508945465087898 0.75681746006011974 31806.000000000004 0.55463537573814403 -1.1160717606544492 0.17397624254226687 0.30177518725395208 0.0043338353279978046 0.41250000894069677 1.1840437054634096 0.51441699266433727 0.29747274518013006 0.33333343267440801 0.60951465368270885 0.50984227657318126 0.98897534608840953 0.49726678431034094 0.077381595969200148
decision_type=2 2 2 2 2 2 2 2 2 2 2 2 2 2 2 2 2 2 2 2 2 2 2 2 2 2 2 2 2 2
left_child=1 2 3 4 5 -1 -7 8 16 -10 14 17 -13 -4 -9 22 -8 18 -6 -20 -18 23 -11 25 -15 27 -19 28 -22 -30
right_child=-2 -3 13 -5 11 6 7 10 9 15 -12 12 -14 24 -16 -17 20 26 19 -21 21 -23 -24 -25 -26 -27 -28 -29 29 -31
leaf_value=0.084409078030082921 0.10687367248873723 -0.065058578935198022 0.018286783445702538 -0.087711509323012846 0.11272828353113309 -0.15819311385955334 0.1066988982514408 0.099299692150640717 0.10850043596229575 -0.090394156164630646 -0.04356091627179956 0.06237431569057611 -0.11262891706737331 0.10897613598703354 0.0028958716361015407 0.018536293790000213 -0.042035919193655097 0.10601905378345713 -0.10406138722124919 0.014730505319653031 -0.10174693897538419 -0.11812145820682887 -0.10498325947480514 -0.10830384819387358 0.10340659352814419 -0.10572541023338106 0.10340154867750061 -0.1041594954350627 -0.10077378747692896 -0.10013726390359792
leaf_weight=1.1171145047992634 0.78125067707151075 2.1140487790107718 2.1314319567754856 1.784092230722307 0.57285651564598017 0.76934419339522619 0.088262192904958403 1.8358833920210602 0.78142011386808041 0.4874292892636729 1.6537694842554627 0.72212378733092897 0.64206158509477973 0.86806444451212905 1.275043922010809 0.80761350551620126 0.38733301032333534 0.80529114138334967 0.23554142762441188 0.32649875048082322 0.5917240728158506 0.54577158205211151 0.50975543539971113 0.60629965737462033 0.95269776741042733 0.21697698347270478 0.98129762336611748 0.122861464973539 0.052835598355159163 0.36836972052697092
leaf_count=17 13 26 34 19 5 9 1 25 10 35 27 37 8 13 24 15 11 13 20 20 25 3 7 6 32 3 32 2 4 154
internal_value=0.00157476 -0.00180314 0.00420974 -0.00757165 0.0010918 -0.0152588 -0.0252888 -0.0153918 -0.0490373 0.000842171 0.0239166 0.0477048 -0.0199919 0.0587245 0.0597876 -0.0457704 -0.0923193 0.0793157 0.0395418 -0.0350531 -0.0983929 -0.107108 -0.097852 -0.104039 0.106062 -0.102128 0.104581 -0.101441 -0.101111 -0.100217
internal_weight=25.1351 24.3538 22.2398 18.2876 16.5035 12.2178 11.1007 10.3313 5.56665 2.58622 4.7647 4.28567 1.36419 3.95219 3.11093 1.8048 2.98043 2.92149 1.1349 0.56204 2.89217 2.50484 0.997185 1.95907 1.82076 1.35277 1.78659 1.13579 1.01293 0.421205
internal_count=650 637 611 532 513 378 361 352 276 67 76 135 45 79 49 57 209 90 45 40 208 197 42 194 45 188 45 185 183 158
is_linear=0
shrinkage=0.1


Tree=55
num_leaves=31
num_cat=0
split_feature=3 0 4 36 22 16 51 9 4 34 11 35 4 38 2 44 37 47 19 21 19 6 1 1 19 38 16 39 28 44
split_gain=0.853471 1.05476 0.890795 0.87526 1.14232 1.0605 1.41472 0.94585 1.05683 1.59546 2.26592 0.922051 0.547821 0.509634 0.377646 0.248712 0.234698 0.04847 0.00612725 0.00517899 0.00120111 0.000266411 0.000222761 5.8577e-05 5.52293e-05 4.65604e-05 6.50647e-08 1.25074e-08 4.43521e-09 5.27466e-10
threshold=2.3745584487915044 0.12234095111489297 0.049659846350550658 0.081880092620849623 7.7050566673278817 0.53741300106048595 0.99186351895332348 -0.065907686948776231 0.14573391526937488 0.51397606730461132 0.70386525988578807 0.56514048576354992 0.37081329524517065 0.53498435020446788 0.40323318541049963 0.62845495343208324 0.55871587991714489 0.39516438543796545 2.3120280504226689 -0.040731845423579209 4.7099204063415536 55.256944656372077 0.26849226653575903 0.063749771565198912 1.8317230343818667 0.48218439519405371 -0.17701968550682065 0.74873736500740062 743.00000000000011 0.49962881207466131
decision_type=2 2 2 2 2 2 2 2 2 2 2 2 2 2 2 2 2 2 2 2 2 2 2 2 2 2 2 2 2 2
left_child=2 -2 -1 4 14 6 7 13 -9 11 15 12 -10 -5 17 18 19 25 -11 -14 22 -3 23 26 -23 -4 -21 28 -28 -30
right_child=1 21 3 5 -6 -7 -8 8 9 10 -12 -13 16 -15 -16 -17 -18 -19 -20 20 -22 24 -24 -25 -26 -27 27 -29 29 -31
leaf_value=0.09599042062011745 -0.049984316406630952 0.10537658465298963 -0.10268301299896615 0.1024353153936992 0.014190467470624022 -0.069911413849609347 0.10593464077658143 -0.10415275207189237 0.029905842755923923 0.10007613279005226 -0.040184297995888699 0.036220853554871028 -0.11491214177240289 0.0024444990338469996 -0.039026181440397746 0.047548621261622515 -0.014618063520121214 -0.13574722509018794 0.11053547449401996 -0.1002982578577709 -0.107438803876529 0.10339683053930437 -0.1044654132204703 -0.10181330966619012 0.10197226498871173 -0.10133525013132244 -0.10015321006763156 -0.10016568988078178 -0.10011668820678006 -0.10010626219584928
leaf_weight=0.84702874254435911 0.62278616055846159 0.45904399920254935 0.4302324280142813 1.2639886741526507 1.8411123193800447 1.8037594784982491 1.4268914968706674 1.0938637489452876 0.40710370964370568 1.1516892984509475 2.4709182865917683 0.93574297800660122 0.56020526145585536 0.8541993973776697 1.0255586113780735 1.125357355456799 0.31711699289735396 0.70084553211927403 1.0903439582325516 0.021424811915500941 0.58315523620694865 0.44492894411087014 0.2422841414809227 0.43734893633518368 0.70080710807815194 0.6341216282453388 0.023888343595887207 0.049685398116707802 0.061161134392023087 0.23485029523726553
leaf_count=16 9 11 10 27 30 18 34 12 9 26 27 12 4 29 10 29 36 9 17 7 7 11 2 18 35 32 7 15 28 113
internal_value=0.00153577 0.0604741 -0.00453291 -0.00862907 -0.0469512 0.00235844 0.0114418 0.00100946 -0.0109677 -0.000472556 0.0325429 -0.0502289 -0.0777607 0.0621121 -0.0872874 0.0859085 -0.0950777 -0.115326 0.105163 -0.106602 -0.103787 0.103341 -0.101798 -0.101018 0.102525 -0.10188 -0.100129 -0.100119 -0.100112 -0.100108
internal_weight=23.8614 2.22757 21.6339 20.7868 4.63187 16.155 14.3512 12.9243 10.8061 9.71228 5.83831 3.87397 2.93822 2.11819 2.79076 3.36739 2.53112 1.7652 2.24203 2.214 1.6538 1.60478 1.07064 0.828359 1.14574 1.06435 0.39101 0.369585 0.3199 0.296011
internal_count=650 66 584 568 91 477 459 425 369 357 99 258 246 56 61 72 237 51 43 201 197 57 190 188 46 42 170 163 148 141
is_linear=0
shrinkage=0.1


Tree=56
num_leaves=31
num_cat=0
split_feature=35 3 14 3 44 35 18 4 1 45 8 0 38 3 22 33 18 15 19 37 2 4 3 37 44 39 9 28 24 40
split_gain=0.809623 0.960813 1.26019 1.11411 1.04568 1.03845 0.928585 0.842914 0.797305 0.636886 0.602972 0.585313 0.531237 0.433519 0.148499 0.134977 0.0174576 0.0108099 0.00037209 0.000159172 4.01264e-05 3.59777e-06 5.02455e-07 8.92088e-09 3.66967e-09 2.70668e-09 5.42738e-10 3.78074e-10 1.29213e-10 9.92673e-12
threshold=0.521297186613083 2.3745584487915044 25.664217948913578 0.67246377468109142 0.23184806108474734 0.56733486056327831 0.10993249341845514 0.80253776907920849 0.19391462206840518 0.44306068122386938 67.331272125244155 0.19876727461814883 0.48731677234172827 1.042481601238251 -8.3366217613220197 0.50856474041938793 0.03177201375365258 0.0059376831632107505 1.5543690323829653 0.54470664262771618 0.068569287657737746 1.0481417775154116 0.76449239253997814 0.55671387910842907 0.3305725902318955 0.57761815190315258 -0.041240409016609185 9656749.5000000019 0.44145299494266516 1.0000000180025095e-35
decision_type=2 2 2 2 2 2 2 2 2 2 2 2 2 2 2 2 2 2 2 2 2 2 2 2 2 2 2 2 2 2
left_child=6 2 11 4 -4 -6 8 9 16 -5 14 -2 13 -9 -7 -3 18 -16 20 -17 21 22 -1 24 -24 26 -26 28 29 -28
right_child=1 15 3 7 5 10 -8 12 -10 -11 -12 -13 -14 -15 17 19 -18 -19 -20 -21 -22 -23 23 -25 25 -27 27 -29 -30 -31
leaf_value=-0.1003840565012642 0.0046095823611529306 0.037688100470367539 -0.060281252556634926 -0.045188478313292382 -0.03599050021196 0.054709061902458556 0.062605508538760499 -0.085453673231839083 -0.015607151271315756 0.071662705149554098 0.0067222168491192407 0.10583482601443819 -0.11266404358327467 -0.0043422358433742383 0.11058266526624157 0.10436627542308341 -0.066522125628726461 0.095886592902569526 -0.10384305208874958 0.10200661801216077 -0.10151293888399544 -0.10091205166115454 -0.10013732146362719 -0.10014383111010915 -0.10010805459618809 -0.10012525971148999 -0.10009099185968032 -0.10010426956281558 -0.10009878364970624 -0.100093003220632
leaf_weight=0.083323708618993519 0.8868734585121304 0.43191362731158633 1.3277431167662124 0.8822523816488681 1.4060867079533634 0.89343150425702278 0.88688265252858389 1.125356510281563 2.8674980350770056 0.9896700531244278 1.3015771713107822 1.6049943021498618 1.4658196242526171 1.5898509100079534 1.0697924653068196 0.47756981570273616 0.15000087849330146 0.94058001972734917 0.70763682480901469 0.71217253617942333 0.49774582765530795 0.07419312815181911 0.031787860090844333 0.074295194470323622 0.038642694358716034 0.040506324032321572 0.092634713044387973 0.036263295914977789 0.030446525837760419 0.03337874700082466
leaf_count=12 18 12 13 16 21 18 27 10 38 24 15 36 12 30 17 12 26 26 16 35 31 5 14 26 19 19 52 15 15 20
internal_value=0.00149993 0.012337 0.00466718 -0.0078267 0.019523 0.0384056 -0.0313376 -0.0391809 -0.0488472 0.0165898 0.0632803 0.069808 -0.0641504 -0.03796 0.0886314 0.0855709 -0.099256 0.103707 -0.102076 0.102954 -0.100867 -0.100266 -0.100162 -0.100113 -0.100105 -0.100101 -0.100097 -0.100095 -0.100093 -0.100092
internal_weight=22.7509 17.1057 15.484 12.9922 6.93921 5.61147 5.64524 6.05295 4.75835 1.87192 4.20538 2.49187 4.18103 2.71521 2.9038 1.62166 1.89086 2.01037 1.74085 1.18974 1.03322 0.535472 0.461279 0.377955 0.30366 0.271872 0.231366 0.192723 0.15646 0.126013
internal_count=650 315 256 202 110 97 335 92 308 40 76 54 52 40 61 59 270 43 244 47 228 197 192 180 154 140 121 102 87 72
is_linear=0
shrinkage=0.1


Tree=57
num_leaves=31
num_cat=0
split_feature=36 50 10 2 16 35 35 43 34 14 36 3 23 1 17 50 3 43 2 36 45 50 37 13 6 16 39 37 44 28
split_gain=0.75853 1.01267 0.90631 1.26534 1.37237 1.16097 0.825784 0.778993 0.805437 0.74572 0.863878 0.88854 0.63784 0.522065 0.064735 0.0247373 0.0115585 0.00100673 0.000826196 0.000452962 0.000269246 0.000232842 1.50034e-05 6.13413e-06 2.84873e-07 3.06677e-08 3.46501e-09 3.15972e-09 5.33241e-10 2.88194e-10
threshold=0.13332176953554156 0.51756414771080028 -0.26832531392574305 0.50680953264236461 0.64803576469421398 0.521297186613083 0.46737182140350347 0.58750000596046459 0.73006755113601696 68.007251739501967 0.31493373215198522 0.75342294573783886 0.18274585157632831 0.26696094870567327 22.413738250732425 0.56787469983100902 0.26782476902008062 0.41250000894069677 0.29037532210350042 0.5095292627811433 0.54661914706230175 0.44935850799083715 0.54127347469329845 21.963002204895023 54.230463027954109 -0.17701968550682065 0.62220150232315075 0.5350642502307893 0.3305725902318955 13418646.500000002
decision_type=2 2 2 2 2 2 2 2 2 2 2 2 2 2 2 2 2 2 2 2 2 2 2 2 2 2 2 2 2 2
left_child=1 12 -2 4 5 6 -4 8 -3 10 11 -7 -1 15 -12 17 -14 -8 -18 -16 23 -5 -21 24 25 -19 27 28 -27 -30
right_child=2 7 3 21 -6 9 13 -9 -10 -11 14 -13 16 -15 19 -17 18 20 -20 22 -22 -23 -24 -25 -26 26 -28 -29 29 -31
leaf_value=0.010488851757306938 -0.078217748617926297 -0.013363603711338424 0.046475474948299504 0.10553238111573014 -0.1056150828145595 0.07242299466713302 -0.11171495330022739 -0.056657316726057505 0.077216476778367585 -0.025662146289669254 0.062335627795396455 -0.035305556364946318 -0.0870148963381428 0.030952150889714709 0.10481373155971507 -0.055214172199401695 -0.10188731739404666 -0.1002057303633293 -0.10655933528934181 0.10235853831108549 -0.1032639497865494 0.10315124496283111 0.10165852484093459 -0.10101516216591014 -0.10034561451600454 -0.10010481800615034 -0.1001201967052559 -0.10011512564488295 -0.10008636966834812 -0.10009593851500649
leaf_weight=0.70649500039871993 0.9478592649102201 2.2649770868010823 0.8690350328106401 0.72487337142228969 0.92707153712399382 1.5917676240205767 0.11535633169114579 1.6008132286369798 1.732607055455446 1.3154262788593767 0.45675629796460304 1.475160622037947 0.54324792651459608 0.39201277494430531 1.1514412718825044 0.11896041966974724 0.83820551354438044 0.029130091716066397 0.69016332877799869 0.75901967566460349 0.68778296117670834 0.94742533750832081 0.51319656521081924 0.096661712042987347 0.057314218254759908 0.020698264939713606 0.064175559964496642 0.06000636494718492 0.1816022644052282 0.038073884206824005
leaf_count=21 5 33 22 13 10 27 3 12 27 14 15 26 16 5 31 4 38 11 9 26 14 33 28 4 10 12 29 24 110 18
internal_value=0.00144951 -0.0222033 0.0160814 0.0231793 0.010775 0.0215721 -0.0340127 0.0022899 0.025895 0.042472 0.0575419 0.0206067 -0.0715616 -0.0715829 0.0968687 -0.0989308 -0.0995438 -0.102781 -0.103997 0.103377 -0.101947 0.104183 0.102076 -0.100292 -0.100137 -0.100107 -0.100099 -0.100095 -0.100089 -0.100088
internal_weight=21.9173 8.37651 13.5408 12.5929 10.9206 9.99358 2.73081 5.5984 3.99758 7.26277 5.94734 3.06693 2.77811 1.86177 2.88041 1.46976 2.07162 1.3508 1.52837 2.42366 1.23545 1.6723 1.27222 0.547662 0.451001 0.393686 0.364556 0.300381 0.240374 0.219676
internal_count=650 156 494 489 443 433 266 72 60 167 153 53 84 244 100 239 63 235 47 85 232 46 54 218 214 204 193 164 140 128
is_linear=0
shrinkage=0.1


Tree=58
num_leaves=31
num_cat=0
split_feature=1 36 4 37 11 48 11 34 12 8 3 5 10 9 9 5 50 33 35 36 14 9 13 1 44 6 36 37 18 28
split_gain=0.668932 0.967549 0.898427 0.932174 0.987664 1.49306 0.845138 1.15512 0.831089 0.80267 0.621607 0.806333 0.546867 0.236085 0.38655 0.0366874 0.015729 0.000464226 0.000229749 0.000110516 3.47504e-05 2.27337e-05 1.06475e-05 6.47235e-06 4.72074e-07 1.42051e-07 3.50692e-08 1.51124e-09 6.50907e-10 1.7315e-10
threshold=0.17397624254226687 0.3522451519966126 0.11836510524153711 0.50659596920013439 0.71942749619483959 0.15000000223517421 0.7140645980834962 0.55510541796684276 1.0000000180025095e-35 29.214034080505375 1.6290082335472109 0.31875641644001013 -0.063564389944076524 -0.050786092877387994 -0.056460259482264512 0.37759858369827276 0.57493501901626598 0.50856474041938793 0.53466469049453746 0.15379399061203006 19.888863563537601 0.024476805701851848 42.162006378173835 0.084701206535100951 0.85631725192070018 53.727539062500007 0.32824487984180456 0.5350642502307893 0.034483831375837333 9656749.5000000019
decision_type=2 2 2 2 2 2 2 2 2 2 2 2 2 2 2 2 2 2 2 2 2 2 2 2 2 2 2 2 2 2
left_child=1 10 -2 6 9 -6 7 12 -3 -5 11 -1 -4 14 22 -15 18 -11 20 -19 -17 -21 -13 24 25 26 -22 28 29 -28
right_child=2 8 3 4 5 -7 -8 -9 -10 17 -12 13 -14 15 -16 16 -18 19 -20 21 23 -23 -24 -25 -26 -27 27 -29 -30 -31
leaf_value=0.026671411883657403 0.10460114448519969 -0.035847021259645707 0.0044433368880860066 -0.0097692667047180621 0.053046004963330479 -0.071183481116769184 -0.09133062136033393 0.046522100427638775 0.083878075537352076 0.10529074745472861 0.053096942880847264 -0.10033241914182585 -0.087523935946989817 -0.06915574076133181 0.090245140606220756 -0.10265005695840371 -0.11956217646109533 0.10336532001301775 -0.10321958379213125 0.10209367522399533 -0.100179615903864 0.10092376033836087 -0.10159872664641537 -0.10095483314131136 -0.10041691934906745 -0.10029652785475161 -0.10007705775613499 -0.1000990315863679 -0.10009386244639876 -0.10008542892238204
leaf_weight=0.70974656706676187 1.0023191608488549 1.1217960324138405 1.1252102628350256 0.85396709199994836 2.1835191072896127 1.7370999907143412 1.3496092800050972 2.4873898746445775 1.2000341755338011 1.0034979120828214 0.47229910828173149 0.13499811850488186 1.5199848355259731 0.26543876971118097 0.17564327910076949 0.075449705123901589 0.81243158131837834 0.64477281551808097 0.75535966455936432 0.34353248542174697 0.04573764291126281 0.32157888496294618 0.13067266996949911 0.13881627086084336 0.063907244533766061 0.041055139969103038 0.14641677413601428 0.058715442253742367 0.032551844837144017 0.02972505078651011
leaf_count=19 26 18 12 15 36 20 19 38 30 19 10 36 31 6 7 1 8 18 17 18 15 28 7 10 11 8 103 29 20 15
internal_value=0.00139694 -0.0255224 0.0132394 0.00649128 0.0315556 -0.00199608 -0.0209154 -0.00239972 0.0260327 0.0730867 -0.0547969 -0.0688867 -0.048403 -0.092218 -0.0248574 -0.104275 -0.108512 0.103672 -0.102042 0.102432 -0.100636 0.101528 -0.100955 -0.100363 -0.100167 -0.100122 -0.100099 -0.100085 -0.100081 -0.100078
internal_weight=20.9833 6.4108 14.5725 13.5702 7.08797 3.92062 6.48219 5.13258 2.32183 3.16735 4.08896 3.61667 2.6452 2.90692 0.441314 2.46561 2.20017 2.31338 1.38773 1.30988 0.632375 0.665111 0.265671 0.556925 0.418109 0.354202 0.313147 0.267409 0.208694 0.176142
internal_count=650 370 280 254 154 56 100 81 48 98 322 312 43 293 50 243 237 83 229 64 212 46 43 211 201 190 182 167 138 118
is_linear=0
shrinkage=0.1


Tree=59
num_leaves=31
num_cat=0
split_feature=36 50 10 2 16 34 2 14 37 43 34 4 23 35 38 24 35 2 19 47 35 50 11 34 44 7 37 15 9 28
split_gain=0.663175 0.842237 0.779413 1.09072 1.13174 0.9789 0.974072 0.742961 0.781938 0.676355 0.70289 0.610065 0.558596 0.486544 0.0484512 0.0109787 0.000832628 0.000410037 0.000347135 0.000210965 0.000154541 0.000118127 3.04915e-05 1.27349e-05 5.06043e-07 7.36441e-08 9.05368e-09 9.52936e-10 9.68687e-10 1.48912e-10
threshold=0.13332176953554156 0.51756414771080028 -0.26832531392574305 0.50680953264236461 0.64803576469421398 0.29636934399604803 0.050579793751239784 70.048576354980483 0.4747766256332398 0.58750000596046459 0.57194268703460704 0.067032057791948332 0.18274585157632831 0.521297186613083 0.39599755406379705 0.018111858516931537 0.54012528061866771 0.25523808598518377 -0.26216727495193476 0.22643528878688815 0.54012528061866771 0.44935850799083715 0.74047964811325084 0.72077274322509777 0.86507859826087963 41.891654968261726 0.55671387910842907 0.03127668239176274 -0.050786092877387994 13418646.500000002
decision_type=2 2 2 2 2 2 2 2 2 2 2 2 2 2 2 2 2 2 2 2 2 2 2 2 2 2 2 2 2 2
left_child=1 12 -2 4 5 -4 20 8 -8 10 -3 -10 -1 -13 -15 -14 -16 -17 -18 -20 24 -5 23 -21 25 -7 27 28 -27 -30
right_child=2 9 3 21 -6 6 7 -9 11 -11 -12 13 15 14 16 17 18 -19 19 22 -22 -23 -24 -25 -26 26 -28 -29 29 -31
leaf_value=0.0085157347832393628 -0.072232327591690265 -0.038879823622225466 -0.10740363790927893 0.10464861978741863 -0.09831609838839564 -0.10024841699303062 -0.013146804939170293 -0.039012645242448844 -0.022944489251948495 -0.054636240965184858 0.05393238693202055 0.025887433259403403 -0.086179000420208401 0.068398144824197218 0.10772437765718278 -0.10169492331129429 0.10491832892385487 -0.10525782341483102 0.10433418906485495 0.10190542696944807 -0.10399944168183362 0.10283151856845558 0.10255334907008094 0.10116283642989642 -0.10043328382125541 -0.10008953590083387 -0.10011938366452384 -0.1000943504730657 -0.10007035815583015 -0.10007838595241632
leaf_weight=0.66769919591024818 0.93002489209175188 1.2039950960315766 0.55279578745830171 0.62451822683215208 0.86325640114955682 0.030558970116542628 1.4988815481774507 1.0652646715752778 0.6422226266004144 1.5453993454575536 2.5319090252742171 1.2001129761338232 0.51691895490512241 0.43717229366302524 0.49335622601211104 0.66685180482454576 0.8402773151174191 0.62644980871118605 0.44480542093515385 0.42768321232870199 0.14204083755612373 0.83756975363940001 0.39485328597947955 0.50201331358402967 0.05284464213764295 0.036104509257708139 0.062991305894684047 0.027537853864487261 0.15178417693823909 0.027255869237706065
leaf_count=21 5 21 23 13 10 8 28 13 15 12 39 18 19 16 7 30 17 14 9 19 2 33 14 38 9 22 30 19 111 15
internal_value=0.00132511 -0.0215627 0.01578 0.022988 0.0110742 0.0215311 0.0299384 0.0387015 0.050732 0.00100467 0.0240212 0.0685205 -0.0696616 0.0809124 0.0995658 -0.0984972 0.103957 -0.103421 0.103245 0.10245 -0.101176 0.103608 0.101817 0.101504 -0.100146 -0.1001 -0.100086 -0.100077 -0.100075 -0.100072
internal_weight=20.0451 7.75922 12.2859 11.3559 9.89381 9.03056 8.47776 7.94664 6.88138 5.2813 3.7359 5.3825 2.47792 4.74027 3.54016 1.81022 3.10299 1.2933 2.60963 1.76936 0.531118 1.46209 1.32455 0.929697 0.389077 0.336233 0.305674 0.242682 0.215145 0.17904
internal_count=650 156 494 489 443 433 410 194 181 72 60 153 84 138 120 63 104 44 97 80 216 46 71 57 214 205 197 167 148 126
is_linear=0
shrinkage=0.1


Tree=60
num_leaves=31
num_cat=0
split_feature=13 3 0 6 43 35 10 14 17 2 44 50 36 50 8 37 37 51 6 37 0 35 11 22 0 2 37 9 21 28
split_gain=0.644939 0.753431 0.893455 0.884646 0.756131 0.984692 0.698676 0.837655 0.813506 0.732533 0.757654 0.77415 0.464889 0.718115 0.368284 0.236738 0.215191 0.139142 0.081768 0.000625703 0.000398308 0.000127895 3.75605e-05 1.25846e-05 4.15915e-06 3.96746e-06 2.24169e-09 5.87223e-10 1.11261e-10 3.09452e-11
threshold=17.360984802246097 0.045225491747260101 0.29370516538620001 43.078824996948249 0.58750000596046459 0.40770047903060919 0.029161991551518444 33.251817703247077 20.717748641967777 0.18655428290367129 0.71407121419906627 0.50031399726867687 0.31493373215198522 0.49934406578540808 44.482685089111335 0.50659596920013439 0.50715658068656932 0.32851250469684606 49.512184143066413 0.51483696699142467 0.20053509622812274 0.50395342707633983 0.55448016524314891 -24.042338371276852 0.060840072110295303 0.11459543555974962 0.55671387910842907 -0.050786092877387994 0.0014133722870610657 5251.0000000000009
decision_type=2 2 2 2 2 2 2 2 2 2 2 2 2 2 2 2 2 2 2 2 2 2 2 2 2 2 2 2 2 2
left_child=-1 -2 3 17 5 -4 9 8 -8 10 11 18 13 -7 -13 -11 -15 -3 -5 -14 22 24 23 -19 26 -25 27 -20 29 -29
right_child=1 2 4 6 -6 12 7 -9 -10 15 -12 14 19 16 -16 -17 -18 20 21 -21 -22 -23 -24 25 -26 -27 -28 28 -30 -31
leaf_value=0.080651755142397474 -0.095703316722920539 -0.033788661558072274 -0.061910953779949845 -0.0063783949168488068 -0.020572126678635852 -0.030676373761019796 -0.083076261375687466 -0.090211739935282267 0.092921903601189487 0.029196144707910373 -0.09006166855031926 -0.0027619464025632999 0.10557489454294161 0.036783315156837457 0.080853421397535041 0.10382142768662586 0.10498863166037067 -0.10165730521653892 -0.10008133542011594 0.10168516365435146 -0.10556856612231591 -0.1034994113462159 -0.10265830886349823 -0.10029985834632371 -0.10113666891805134 -0.10109779681208103 -0.10009549268464087 -0.10006823376906471 -0.10006937243419894 -0.10006298169516969
leaf_weight=0.97212568111717956 0.83549942681566136 0.38182091270573693 0.71160604245960613 0.11015028902329405 2.3317322991788387 0.96878698654472861 0.43890677316812821 1.682209721766412 0.65391520026605576 0.78125874325633027 0.8836890366510487 0.93222164455801282 1.1566247772425411 0.81935423472896207 1.2110896767117081 0.93250773660838604 1.0623442991636691 0.30720672546885897 0.028119017835711801 0.64370929077267636 0.39189363224431872 0.22793821222148836 0.27454543096246198 0.12395165156340215 0.044280203990638256 0.12530488311313093 0.035707192495465279 0.012874332023779189 0.051633426337502897 0.087221065128687769
leaf_count=21 14 19 6 9 33 19 31 22 20 13 31 16 24 10 25 31 32 12 20 39 8 5 11 34 2 6 19 13 38 67
internal_value=0.001287 -0.00294097 0.00150999 -0.0186452 0.0269679 0.0476396 -0.00522754 -0.0459291 0.0222363 0.015929 -0.00954063 0.0164168 0.0644016 0.0392753 0.0444854 0.0698018 0.0752898 -0.0864868 -0.0841973 0.104184 -0.102941 -0.101771 -0.101701 -0.101229 -0.100254 -0.100701 -0.100073 -0.100068 -0.100066 -0.100064
internal_weight=19.2202 18.2481 17.4126 9.71845 7.69416 5.36243 8.11372 2.77503 1.09282 5.33869 3.62492 2.74124 4.65082 2.85049 2.14331 1.71377 1.8817 1.60472 0.597924 1.80033 1.2229 0.487773 0.831009 0.556463 0.259835 0.249257 0.215555 0.179848 0.151729 0.100095
internal_count=650 629 615 452 163 130 362 73 51 289 245 214 124 61 41 44 42 90 173 63 71 164 63 52 159 40 157 138 118 80
is_linear=0
shrinkage=0.1


Tree=61
num_leaves=31
num_cat=0
split_feature=7 16 34 13 14 4 3 10 6 11 48 35 36 2 5 34 7 33 34 28 36 35 37 19 2 0 19 37 10 9
split_gain=0.630599 0.653618 1.27607 0.809008 0.850019 0.805455 0.773862 1.00728 0.767134 0.897061 0.706762 1.07618 0.68192 0.818273 0.66577 0.452424 0.23343 0.148398 0.147125 0.00537838 0.000374306 0.000327954 0.000126856 8.21516e-05 3.41756e-05 5.90696e-07 1.39401e-08 2.46101e-09 8.83286e-10 1.46862e-10
threshold=84.483837127685561 0.12519352883100512 0.9108550250530244 63.246479034423835 52.19293403625489 0.075614776462316527 0.0054795180913060912 -0.068299319595098482 56.038530349731452 0.49726678431034094 0.25000000745058065 0.86802423000335704 0.11994898319244386 0.16442583501338962 0.90155366063117992 0.7335360348224641 66.617046356201186 0.49199385941028601 0.95824134349823009 15192.500000000002 0.15379399061203006 0.54845532774925243 0.50934135913848888 4.5041291713714608 0.057478249073028571 0.043952625244855888 -1.0000000180025095e-35 0.55871587991714489 0.010621800553053619 -0.050786092877387994
decision_type=2 2 2 2 2 2 2 2 2 2 2 2 2 2 2 2 2 2 2 2 2 2 2 2 2 2 2 2 2 2
left_child=1 2 3 4 6 -4 -1 14 12 -10 11 16 19 15 -8 21 -3 -15 -7 -9 -20 23 -22 24 25 -14 -27 28 29 -28
right_child=-2 10 5 -5 -6 18 7 8 9 -11 -12 -13 13 17 -16 -17 -18 -19 20 -21 22 -23 -24 -25 -26 26 27 -29 -30 -31
leaf_value=-0.17856856630687684 0.10350137477723079 -0.022369057426661541 -0.064262516636730424 -0.099858660019679787 0.088366557592763656 0.045756155776248961 0.098690920856813191 -0.11503571702137415 0.10475698614290672 -0.027057794728531384 -0.11258646559609352 0.068237433526505173 -0.10053578563788231 -0.00621946918932933 -0.0028333526909836669 0.10423940074061458 -0.097218133184457101 0.052221481173572393 0.1052226680124814 -0.10212575157063503 0.10368753758209633 -0.10557420744876858 0.10140847788046636 -0.10336919497260114 -0.10153427998203597 -0.10014542545530614 -0.10006789541723085 -0.10008947350955795 -0.10007982559886015 -0.10005902921751256
leaf_weight=0.26124033099040644 0.58400356071069737 0.77857909403974168 0.39522791840135996 0.87183886487037021 0.99411310057621527 0.57758768135681759 1.3162822658196085 0.51067828503437229 0.83921775501221452 1.3417232434730975 0.97673222282901395 1.0107414112426338 0.031447146087885125 0.88683718163520076 1.2683197706355711 0.11679442971944798 0.89634825941175222 0.85187869239598513 0.82344670034945022 0.87668761803070083 0.41573795815929748 0.24610273912549019 0.59202173305675387 0.17978499829769135 0.43860200664494187 0.02612049848539677 0.021709150809328226 0.044143968145363033 0.027104914945084602 0.13400009123142964
leaf_count=3 16 32 9 16 28 18 29 8 15 35 12 21 2 17 25 2 9 23 14 39 12 3 39 2 27 14 17 25 21 117
internal_value=0.00125691 -0.0021069 0.00767669 -0.00732534 0.000422258 0.0680515 -0.00886 -0.00401861 -0.024816 0.023664 -0.0397427 -0.0132507 -0.0488904 -0.0221143 0.0488708 -0.0832776 -0.062425 0.0224135 0.0897612 -0.106878 0.103641 -0.102338 0.102349 -0.101456 -0.100981 -0.100127 -0.100076 -0.100068 -0.100063 -0.10006
internal_weight=18.3351 17.7511 14.0886 11.2846 10.4128 2.80402 9.41868 9.15743 6.57283 2.18094 3.6624 2.68567 4.39189 3.00453 2.5846 1.26581 1.67493 1.73872 2.40879 1.38737 1.83121 1.14902 1.00776 0.902913 0.723128 0.284526 0.253079 0.226958 0.182814 0.155709
internal_count=650 634 560 468 452 92 424 421 367 50 74 62 317 270 54 230 41 40 83 47 65 228 51 225 223 196 194 180 155 134
is_linear=0
shrinkage=0.1


Tree=62
num_leaves=31
num_cat=0
split_feature=7 12 14 11 9 10 36 45 1 7 34 17 50 5 6 11 15 2 34 51 2 1 19 44 37 15 21 44 28 24
split_gain=0.568261 0.605171 0.759137 0.602769 0.740852 0.596056 0.822757 0.892269 0.780243 0.827518 1.18337 0.548948 0.479144 0.441163 0.770471 0.232281 0.150828 0.0244232 0.00824273 0.000439962 3.38503e-05 1.07865e-05 1.05524e-07 2.70693e-08 2.95981e-09 6.21586e-10 6.13755e-10 1.03022e-10 1.352e-10 2.25693e-11
threshold=84.483837127685561 14.500000000000002 18.188277244567875 1.0617853403091433 0.19988002628088 -0.26832531392574305 0.3855408132076264 0.55694180727005016 0.14002040028572085 67.715927124023452 0.86373552680015575 47.030178070068366 0.57710370421409618 0.88258114457130443 44.245407104492195 0.16858036071062091 -0.25679102540016169 0.2151037007570267 0.99929806590080272 0.50840476155281078 0.15020937472581866 0.052919927984476096 0.13812254369258883 0.84522542357444774 0.55671387910842907 0.04006032086908818 -0.017607453279197213 0.37425169348716741 13418646.500000002 0.34362645447254186
decision_type=2 2 2 2 2 2 2 2 2 2 2 2 2 2 2 2 2 2 2 2 2 2 2 2 2 2 2 2 2 2
left_child=1 2 -1 4 5 -4 8 17 15 10 13 -9 -3 14 -10 -7 -17 -8 19 20 21 22 23 24 25 26 -18 -28 29 -29
right_child=-2 12 3 -5 -6 6 7 11 9 -11 -12 -13 -14 -15 -16 16 18 -19 -20 -21 -22 -23 -24 -25 -26 -27 27 28 -30 -31
leaf_value=0.078687505699321689 0.1031610012804797 0.0021101838640537902 -0.095204927260738426 -0.10922227479328793 0.084251508536896419 0.0002590133739053219 0.077337788240113448 0.052709029549847866 -0.070869732147263151 -0.079350536640137193 0.092131882582731139 -0.057697728537267817 0.10386303434804744 -0.056982497367233591 0.052785371815393604 0.015556284818286886 -0.10007143427384275 0.10405145177935729 -0.12129013289139644 -0.10490977918313604 -0.1020674672996504 -0.1009390678173427 -0.10025803665993011 -0.10017293850394134 -0.10008945961827896 -0.10007430379812497 -0.10006219643214315 -0.10005088957510833 -0.10006004040714021 -0.10005435709093098
leaf_weight=0.9331695456057848 0.53008296201005478 0.94504503975622245 0.87933005392551322 0.6405530124902733 0.78630902350414622 0.2859399206936305 0.58812303561717205 0.76114799780771125 0.76659841858781952 1.3644026685506103 1.2689848085865376 1.1028498606756327 0.90685433521866798 1.7169644148088989 1.470345859415829 0.10986367287114074 0.024383663956539348 0.81861943705007434 0.28031694889068592 0.41698101675137877 0.19125672616064548 0.32405415765242651 0.036026460817083716 0.025406985310837626 0.038210570986848325 0.023087362467776984 0.014621910639111002 0.077145525254309177 0.024252284318208694 0.024806507222820073
leaf_count=20 16 31 6 7 23 13 15 28 29 15 32 21 39 30 35 12 24 27 2 9 4 25 7 10 26 19 12 72 17 24
internal_value=0.001214 -0.00199397 -0.00865511 -0.0144518 -0.00992835 -0.01579 -0.00984908 0.0327602 -0.0262764 -0.0100049 0.00811067 -0.012614 0.0519374 -0.0188555 0.0104089 -0.0827984 -0.0975458 0.0928832 -0.105827 -0.102274 -0.100906 -0.100543 -0.100098 -0.100075 -0.100064 -0.100059 -0.100057 -0.100054 -0.100053 -0.100052
internal_weight=17.3757 16.8457 14.9938 14.0606 13.42 12.6337 11.7544 3.27074 8.48365 6.5873 5.22289 1.864 1.8519 3.95391 2.23694 1.89635 1.61041 1.40674 1.50055 1.22023 0.803252 0.611995 0.287941 0.251915 0.226508 0.188297 0.16521 0.140826 0.126204 0.101952
internal_count=650 634 564 544 537 514 508 91 417 141 126 49 70 94 64 276 263 42 251 249 240 236 211 204 194 168 149 125 113 96
is_linear=0
shrinkage=0.1


Tree=63
num_leaves=31
num_cat=0
split_feature=3 34 20 13 28 16 11 8 51 35 38 34 18 3 0 0 44 2 35 45 19 3 2 35 0 3 6 6 37 9
split_gain=0.533514 0.850227 1.15005 0.826936 0.727479 0.628197 0.620597 0.81619 0.724776 0.562093 0.529344 0.428201 0.165795 0.389407 0.13842 0.1172 0.113556 0.00176671 0.000486705 0.000230201 0.000145662 6.74998e-05 1.80735e-05 1.01805e-05 2.23777e-07 6.95907e-08 3.5301e-08 3.2011e-09 1.13108e-09 3.45597e-10
threshold=1.3976188302040102 0.51397606730461132 2.5000000000000004 42.39350891113282 55638.500000000007 -1.3625016808509824 0.29547485709190374 61.489912033081062 0.53361114859581005 0.521297186613083 0.48731677234172827 0.99245765805244457 0.010132215917110445 0.75900185108184826 0.18952976912260058 0.39061999320983892 0.41881318390369421 0.28199221193790441 0.51124638319015514 0.49155394732952123 5.1967592239379892 2.0436580181121831 0.068569287657737746 0.48038783669471746 0.13458956778049472 0.52216666936874401 54.230463027954109 37.485763549804695 0.52631378173828136 -0.035125559195876115
decision_type=2 2 2 2 2 2 2 2 2 2 2 2 2 2 2 2 2 2 2 2 2 2 2 2 2 2 2 2 2 2
left_child=1 5 4 14 -3 -1 -4 8 -8 12 -5 -9 17 -14 -2 16 -15 20 -16 -10 22 -20 24 -24 25 -7 -18 -27 29 -29
right_child=3 2 6 10 -6 9 7 11 19 -11 -12 -13 13 15 18 -17 26 -19 21 -21 -22 -23 23 -25 -26 27 -28 28 -30 -31
leaf_value=0.11173948139541534 0.032038684218097836 0.10386595688790923 -0.088227321136107623 0.040623911554191483 -0.00039719299369269501 -0.10023026743465929 -0.035609823568880913 -0.069104340231530351 0.10497223335434702 -0.0097060634573327212 -0.062218847786544844 0.0034165625710691132 -0.10405001662560076 0.10044855205705013 0.1064842224231672 0.10398540888812746 -0.10007703103639945 -0.10840468717164904 0.10331778784625299 0.10207071143544924 -0.10361569017673362 0.10152950028295456 -0.10065391311362207 -0.10152944611260409 -0.10039759430925764 -0.10009979723745227 -0.10021405319152435 -0.10006107175655304 -0.10006927079181822 -0.10004829304365388
leaf_weight=0.24052577465772618 0.34298331663012449 1.6825769138522431 0.97793803503736842 1.0647278097458186 1.111130397999659 0.027973355841826253 0.56938013155013312 1.5107490285299718 0.51776105747558154 1.6352176764048634 0.9444135297089814 1.7658345457166433 0.44886725023388852 0.044446896121371537 0.40622507967054822 0.15599989891052246 0.045066238730214536 0.58036673394963134 0.36636709677986801 0.57945053093135357 0.2490946538746357 0.49794721696525812 0.23043531563598663 0.31347433454357088 0.025308982934802771 0.019200952519895509 0.032262090593576431 0.027716467098798714 0.050055327243171632 0.089520789711968862
leaf_count=2 16 39 14 31 31 7 15 25 14 37 20 23 9 2 6 3 38 7 14 29 4 35 28 15 3 16 10 26 34 97
internal_value=0.00118002 -0.00832259 0.00951184 0.0350976 0.0623978 -0.0451919 -0.0154409 -0.00104109 0.0559345 -0.0546878 -0.00771818 -0.030021 -0.0861243 -0.0464624 0.0884114 0.0465957 -0.0269232 -0.10399 0.103629 0.10344 -0.101509 0.102288 -0.10084 -0.101159 -0.100116 -0.100083 -0.100134 -0.100061 -0.100057 -0.100051
internal_weight=16.553 12.9304 8.71482 3.62266 2.79371 4.21553 5.92111 4.94318 1.66659 3.97501 2.00914 3.27658 2.33979 0.726642 1.61352 0.277775 0.121775 1.61315 1.27054 1.09721 1.03278 0.864314 0.783686 0.54391 0.239776 0.214467 0.0773283 0.186494 0.167293 0.117237
internal_count=650 528 190 122 70 338 120 106 58 336 51 48 299 62 71 53 50 237 55 43 230 49 226 43 183 180 48 173 157 123
is_linear=0
shrinkage=0.1


Tree=64
num_leaves=31
num_cat=0
split_feature=36 37 8 16 2 2 16 44 9 15 38 51 35 5 5 34 14 35 37 16 47 6 7 37 15 21 28 44 24 28
split_gain=0.512301 0.68243 0.544002 0.674036 0.812118 0.517757 0.574189 0.695459 0.917764 0.84802 0.59466 0.475656 0.285552 0.310775 0.255306 0.00015018 8.25055e-05 7.08187e-05 3.5844e-05 7.36749e-06 4.35002e-07 4.44049e-08 1.05034e-08 7.3204e-10 6.85025e-10 2.80591e-10 5.85584e-11 5.34615e-11 1.66015e-11 5.52197e-12
threshold=0.13332176953554156 0.55616044998168956 31.980230331420902 0.1349403187632561 0.40323318541049963 0.050579793751239784 0.64803576469421398 0.40434935688972479 -0.089204546064138399 -0.026661972515285012 0.38877451419830328 0.55477729439735424 0.52309364080429088 1.1898059248924258 0.37759858369827276 0.48246082663536077 56.769878387451179 0.54012528061866771 0.52425050735473644 0.0014918348169885578 0.044322773814201362 54.230463027954109 45.839391708374031 0.55671387910842907 0.036263952031731612 -0.023990363813936707 20950800.000000004 0.42161327600479132 0.4247641265392304 2023129.5000000002
decision_type=2 2 2 2 2 2 2 2 2 2 2 2 2 2 2 2 2 2 2 2 2 2 2 2 2 2 2 2 2 2
left_child=1 2 -1 4 11 17 7 8 -7 -10 -9 14 -12 15 -4 -14 18 20 -17 -20 -2 22 -22 24 25 -24 27 -27 29 -29
right_child=5 -3 3 -5 -6 6 -8 10 9 -11 12 -13 13 -15 -16 16 -18 -19 19 -21 21 -23 23 -25 -26 26 -28 28 -30 -31
leaf_value=-0.10405828050418245 -0.10059178256356729 0.043888495538264183 -0.013050622544680746 -0.083469476441250023 0.088045019205125308 0.088983623908361204 -0.052222248822019715 -0.03912150394318259 -0.088957954309562617 0.022865186000935952 0.017324027088260033 0.038527104661309763 0.10432440843940932 0.038328913508835896 -0.10747199160503346 0.10234231444897697 0.10330178181751336 -0.10313333200526159 0.10092912719079916 0.10162115035319047 -0.10012780193649716 -0.10018748241784536 -0.10006056773406019 -0.10006473799868967 -0.10006587198264745 -0.10004890102412617 -0.10005003758081805 -0.10004150036254456 -0.10004564227996063 -0.10004348528340874
leaf_weight=1.0037038630107424 0.017545199021696045 1.2683924324810503 0.48791592009365625 1.2054959787055848 0.83945634216070164 0.7974030710756782 0.98350785323418755 0.61052547115832556 1.3564807438524444 1.3562246119836305 0.92446706211194385 0.64096836000680912 0.43058724887669164 1.153985043056309 0.69323558895848691 0.5919000352732835 0.51087245251983393 0.11126654222607613 0.32832103059627116 0.28949199267663062 0.020124492817558348 0.03099642158485949 0.012195907795103267 0.035328035388374701 0.020262186473701149 0.016743100859457627 0.017222925438545644 0.050095389626221731 0.015846001770114526 0.019459851406281814
leaf_count=29 1 28 15 23 15 16 16 16 27 29 27 13 11 38 33 26 15 2 33 18 16 10 13 27 20 17 15 61 19 21
internal_value=0.00115997 -0.0214466 -0.0384604 -0.0214344 0.00666281 0.0154665 0.0200481 0.0285602 -0.0053285 -0.0330517 0.0531365 -0.0308302 0.0664535 0.0801952 -0.0684679 0.102654 0.102236 -0.101027 0.101786 0.101253 -0.100111 -0.100076 -0.100059 -0.100052 -0.100049 -0.100046 -0.100045 -0.100044 -0.100043 -0.100042
internal_weight=15.84 6.13917 4.87078 3.86707 2.66158 9.70085 9.33377 8.35026 3.51011 2.71271 4.84015 1.82212 4.22962 3.30516 1.18115 2.15117 1.72059 0.367086 1.20971 0.617813 0.25582 0.238274 0.207278 0.187153 0.151825 0.131563 0.119367 0.102144 0.0854012 0.0695552
internal_count=650 156 128 99 76 494 272 256 72 56 184 61 168 141 48 103 92 222 77 51 220 219 209 193 166 146 133 118 101 82
is_linear=0
shrinkage=0.1


Tree=65
num_leaves=31
num_cat=0
split_feature=0 36 9 19 35 1 19 23 33 40 50 34 6 38 19 2 16 50 11 9 22 1 35 43 14 7 37 9 10 28
split_gain=0.480697 0.667124 0.640852 0.654374 0.68953 0.622 0.731248 0.590672 0.573123 0.922561 0.554573 0.337624 0.325237 0.284808 0.282192 0.120724 0.0392538 0.00386743 0.00381305 0.00127408 0.000254151 6.27123e-05 3.02431e-05 9.52523e-06 2.86253e-06 1.86478e-08 1.83128e-09 1.69215e-10 7.40367e-11 2.62261e-11
threshold=0.29370516538620001 0.08614096045494081 0.048900047317147262 1.5859531164169314 0.5642564892768861 0.39407157897949224 -0.32081161439418787 0.86786469817161571 0.78850162029266369 0.15000000223517421 0.50224873423576366 0.73006755113601696 49.993421554565437 0.51919782161712658 -0.4192651212215423 0.11529540270566942 -0.045689295977354043 0.57322305440902721 0.73657903075218212 -0.041240409016609185 30.845679283142093 0.19916326552629474 0.51159533858299266 0.43750000000000006 20.415602684021 41.891654968261726 0.55671387910842907 -0.050786092877387994 0.0067503966856747874 4252.0000000000009
decision_type=2 2 2 2 2 2 2 2 2 2 2 2 2 2 2 2 2 2 2 2 2 2 2 2 2 2 2 2 2 2
left_child=1 11 3 4 20 14 13 12 9 10 -8 16 -5 -7 -2 -14 -1 -18 -4 -16 21 22 23 -3 25 -25 27 -27 29 -29
right_child=5 2 18 7 -6 6 8 -9 -10 -11 -12 -13 15 -15 19 -17 17 -19 -20 -21 -22 -23 -24 24 -26 26 -28 28 -30 -31
leaf_value=-0.070029165010519909 0.019673218806563159 -0.10148732589487067 0.087910828401935898 -0.010375889385711752 0.00014909514580315202 0.1040679753165325 -0.022262653704620633 -0.043109961559511391 -0.082385657849598559 -0.077533566528811576 0.089770196452979026 -0.0033290890249907251 0.045595108355090799 0.018413499386971791 0.10887869352186681 0.10403092120087531 -0.10134284191614107 -0.11446825184900916 0.10358607099700318 0.10186334456901353 -0.10499203114929219 -0.10320189346807296 -0.10183198840592492 -0.10016174067069271 -0.10060646212771905 -0.10005076239084343 -0.10006769675779198 -0.10004470495158746 -0.10004698638977801 -0.10003910373035795
leaf_weight=0.3987653829390182 0.61509327916428436 0.090952174039557798 0.28999547180137586 0.586453797528521 1.4400383592583237 0.78128568525426068 0.73597712535411197 0.95497133629396547 1.0597935854457317 0.9222083429340272 1.1055708169005809 0.56161283515393723 0.63672277354635276 0.77156489854678512 0.45596401009242971 0.79491077573038638 0.46145906078163346 0.4371577687561512 0.33381447568535805 0.59892779123038131 0.25644165277481079 0.16784806177020073 0.31517619476653636 0.015838903200346977 0.20251430530333892 0.020338067057308451 0.036967504129279405 0.0093239776615531289 0.016408785100793466 0.080793606175575405
leaf_count=18 19 10 31 15 33 21 17 21 12 13 32 14 14 19 8 27 36 6 10 37 2 4 10 7 24 22 30 15 21 102
internal_value=0.00109219 -0.0155103 0.000133787 -0.0105296 -0.0466362 0.0201972 0.00363861 0.0216857 -0.0198641 0.00411049 0.0449961 -0.0681019 0.0523475 0.0615088 0.0735063 0.0780414 -0.0961409 -0.107728 0.096299 0.104896 -0.102197 -0.101447 -0.101073 -0.100568 -0.100349 -0.100058 -0.100048 -0.100042 -0.100041 -0.10004
internal_weight=15.1549 8.10851 6.24951 5.6257 2.65264 7.04639 5.3764 2.97306 3.82355 2.76376 1.84155 1.859 2.01809 1.55285 1.66999 1.43163 1.29738 0.898617 0.62381 1.05489 1.2126 0.956162 0.788314 0.473137 0.382185 0.179671 0.163832 0.126864 0.106526 0.0901176
internal_count=650 472 398 357 280 178 114 77 74 62 49 74 56 40 64 41 60 42 41 45 247 245 241 231 221 197 190 160 138 117
is_linear=0
shrinkage=0.1


Tree=66
num_leaves=31
num_cat=0
split_feature=7 12 14 11 9 39 17 36 3 24 37 50 28 36 17 50 23 1 5 8 3 37 33 10 5 7 12 7 0 10
split_gain=0.476948 0.435264 0.518932 0.444443 0.535486 0.503562 0.681264 0.688017 0.70226 0.752109 0.562904 0.519808 0.517494 0.405485 0.667601 0.394322 0.383362 0.175711 0.220766 0.0421669 0.0392391 0.00705722 0.00585923 0.000610417 8.89326e-05 2.51166e-05 1.17458e-06 2.69512e-07 7.42038e-08 8.25194e-10
threshold=84.483837127685561 14.500000000000002 18.188277244567875 1.0617853403091433 0.19988002628088 0.14218328893184665 22.301808357238773 0.31493373215198522 0.75900185108184826 0.21052633970975879 0.53775939345359813 0.52281171083450328 22046.500000000004 0.17223729193210605 42.399038314819343 0.57710370421409618 0.19191776216030124 0.14090668410062793 0.71120497584342968 57.177198410034187 0.061823273077607162 0.5080624818801881 0.50525176525115978 -0.1396180912852287 1.3260497450828554 45.824155807495124 2.5000000000000004 45.479167938232429 0.08871974423527719 0.019094058312475685
decision_type=2 2 2 2 2 2 2 2 2 2 2 2 2 2 2 2 2 2 2 2 2 2 2 2 2 2 2 2 2 2
left_child=1 2 -1 4 5 13 10 8 11 -10 20 16 -9 -4 17 -3 -8 18 -15 -12 -7 -14 23 -22 27 -25 28 -20 29 -27
right_child=-2 15 3 -5 -6 6 7 12 9 -11 19 -13 21 14 -16 -17 -18 -19 24 -21 22 -23 -24 25 -26 26 -28 -29 -30 -31
leaf_value=0.072079522772421481 0.10272612139736198 0.0019847806432070239 -0.1027502644475969 -0.10067515995115084 0.078433234967591525 -0.14882065719206825 0.037822536721010519 9.9984892544892633e-05 0.011148844344545392 -0.10264847649134652 0.017285798028952491 0.061202681964383401 0.088548259919303832 0.10468364675162463 -0.077985881832003945 0.10302344830072004 -0.09030010523732078 0.10307149430469131 -0.10045924370128199 0.10312468209648865 -0.10805619230143196 0.10404811088302307 -0.075775651994970494 -0.1019221863178931 -0.10579317338445966 -0.10003784241112051 -0.10079633539996975 -0.10005053747970827 -0.10026352693562675 -0.10006290748403179
leaf_weight=0.75317691452801128 0.447271116543562 0.85470943991094717 1.0176665289909537 0.55765405436977822 0.65632928616833019 0.22043327987193861 0.42090829380322281 0.95936527801677618 1.0547109019244092 1.2925325544201767 0.10647365974728018 1.5169463221682233 0.481543776579201 0.091602046042680518 0.81959966314025223 0.70473981904797256 0.52461946755647659 0.37384133692830801 0.0297619947232306 0.12372882198542356 0.20699116587638233 0.75324132503010333 0.086407930357381701 0.21697200703784514 0.051760822534561157 0.081953979562968016 0.028172571212053299 0.035237259115092456 0.017866136273369193 0.015641470934497193
leaf_count=20 16 31 38 7 23 1 15 23 26 26 38 32 13 2 17 39 27 15 5 4 1 34 6 15 1 116 2 41 3 13
internal_value=0.00106682 -0.00216837 -0.00838539 -0.0135467 -0.00920248 -0.0146658 -0.00271924 0.00879218 -0.012377 -0.0515148 -0.0757063 0.0249293 0.0551964 -0.0547031 -0.0198223 0.0476458 -0.0332654 0.0620579 -0.0115284 0.0634223 -0.112333 0.0980035 -0.100035 -0.103728 -0.1027 -0.101243 -0.100217 -0.100238 -0.100076 -0.100042
internal_weight=14.5019 14.0546 12.4951 11.742 11.1843 10.528 8.10851 7.00387 4.80972 2.34724 1.10464 2.46247 2.19415 2.41947 1.4018 1.55945 0.945528 0.582203 0.208362 0.230202 0.874439 1.23479 0.654005 0.567597 0.11676 0.360606 0.143634 0.0649993 0.115462 0.0975955
internal_count=650 634 564 544 537 514 395 196 126 52 199 74 70 119 81 70 42 64 49 42 157 47 156 150 47 149 134 46 132 129
is_linear=0
shrinkage=0.1


Tree=67
num_leaves=31
num_cat=0
split_feature=7 15 34 12 15 33 36 7 51 39 18 28 33 17 23 28 28 18 9 10 34 11 5 8 8 39 44 15 0 11
split_gain=0.430275 0.425693 0.491754 0.552702 0.486676 0.655664 0.544843 0.626171 0.74899 0.491887 0.555957 0.622403 0.493056 0.375331 0.37407 0.325237 0.252032 0.15646 0.131137 0.0793858 0.0542723 0.0878908 0.123212 0.0202716 0.0367282 0.086041 0.011166 0.0251668 0.00873475 0.000419839
threshold=84.483837127685561 -1.2774457335472105 0.27326683700084692 14.500000000000002 -0.42866916954517359 0.46810629963874822 0.055293282493948943 83.545612335205092 0.89152050018310558 0.22472627460956576 -0.0034571602009236808 78972.378906250015 0.50250315666198742 40.589738845825202 0.28632916510105139 863780.50000000012 62220.000000000007 0.12290244549512865 0.042088231071829803 -0.047551885247230523 0.57194268703460704 0.16858036071062091 1.2814758419990542 63.47589302062989 57.616170883178718 0.072677128016948714 0.62404465675354015 -0.0060180509462952605 0.25472450256347662 0.25604602694511419
decision_type=2 2 2 2 2 2 2 2 2 2 2 2 2 2 2 2 2 2 2 2 2 2 2 2 2 2 2 2 2 2
left_child=1 -1 19 4 -4 -6 17 8 9 16 15 13 26 -12 -5 20 -8 -7 -10 -3 21 -11 -23 24 25 -18 27 -13 -16 -21
right_child=-2 2 3 14 5 6 7 -9 18 10 11 12 -14 -15 28 -17 23 -19 -20 29 -22 22 -24 -25 -26 -27 -28 -29 -30 -31
leaf_value=0.078078809181303291 0.10246282685817187 -0.03716206864038446 -0.084184711754808308 -0.01922623035999959 0.061439412716238685 -0.037474635488471526 -0.0058306349407514207 -0.13183719964965868 0.03324469011527461 0.10362007216048155 -0.0016658005200616208 0.040588042910708853 0.067470703314213648 -0.095580000726094086 0.084172587991640388 -0.036362411614025092 0.066497737376600266 -0.10525625518484916 0.10413468542274394 -0.10792589624796722 0.10374055159720369 -0.10025971281559461 0.10373772146026089 -0.10754729557380201 -0.10295507655744225 -0.10074978035303431 -0.10268891825036403 -0.10004693447883449 0.10400347575585654 -0.10221277323153921
leaf_weight=0.63127752265427162 0.40569465281441885 0.26042935089208186 0.78832524633616685 0.41113000642508157 1.3778879358433211 0.69124004192417288 0.49495041763293535 0.35197162628173817 0.40505063836462774 0.14337420091032249 0.7437408328696693 0.019331225397756446 1.0175557290203867 0.99469281267374754 0.38303313055075705 0.26015070560970344 0.051075613766442984 0.67125262832269073 0.73349832673557103 0.21870881324866687 0.71492667868733406 0.068584089778596535 0.052098449319601059 0.53005741027300246 0.19709872687235475 0.077333749068202451 0.18703474104404449 0.037231985363185172 0.52866651560179889 0.31229791668010876
leaf_count=18 16 11 16 10 39 30 39 2 18 3 38 6 39 12 21 24 15 10 27 13 22 55 1 6 7 29 19 47 30 27
internal_value=0.00100753 -0.00207468 -0.00605174 -0.000988274 -0.00858852 -0.00251993 -0.0129589 -0.00181435 0.00498794 -0.0100712 0.0066739 -0.0166033 0.0368777 -0.0554014 0.059962 0.0630214 -0.0626275 -0.0708683 0.0789148 -0.082386 0.0894312 0.0506891 -0.0121944 -0.0954848 -0.0758422 -0.0342261 -0.0909151 -0.0519831 0.0956719 -0.104566
internal_weight=13.7597 13.354 12.7227 11.9313 10.6085 9.82014 8.44225 7.07976 6.72779 5.58924 4.23872 2.99959 1.26115 1.73843 1.32283 1.23913 1.35052 1.36249 1.13855 0.791436 0.978983 0.264057 0.120683 0.855565 0.325508 0.128409 0.243598 0.0565632 0.9117 0.531007
internal_count=650 634 616 565 504 488 449 409 407 362 266 161 111 50 61 105 96 40 45 51 81 59 56 57 51 44 72 53 51 40
is_linear=0
shrinkage=0.1


Tree=68
num_leaves=31
num_cat=0
split_feature=0 17 48 38 39 4 37 3 28 36 17 35 35 36 3 12 45 18 8 17 28 50 22 15 0 1 10 34 7 44
split_gain=0.4175 0.498145 0.708371 0.618625 0.48261 0.453977 0.420589 0.413172 0.468769 0.512609 0.303703 0.327113 0.295102 0.435496 0.183964 0.181455 0.074898 0.0648172 0.041686 0.00753564 0.0284697 0.000197523 0.000177971 5.44375e-05 2.96422e-05 1.34498e-05 7.82825e-06 6.53874e-07 1.85434e-08 1.66581e-09
threshold=0.29370516538620001 27.83172702789307 0.25000000745058065 0.52790078520774852 0.38000001013278967 2.7912125587463383 0.4798665344715119 0.28468202054500585 49581.500000000007 0.088599488139152541 23.283454895019535 0.521297186613083 0.55463537573814403 0.19242680072784427 0.25517360866069799 1.0000000180025095e-35 0.44306068122386938 0.017873028293251995 29.61915493011475 20.717748641967777 12518417.500000002 0.82102158665657055 9.3589549064636248 1.1114349365234377 0.09852201491594316 0.18746674805879596 0.12328537926077844 0.75567603111267101 44.863162994384773 0.68395182490348827
decision_type=2 2 2 2 2 2 2 2 2 2 2 2 2 2 2 2 2 2 2 2 2 2 2 2 2 2 2 2 2 2
left_child=4 14 3 18 12 6 17 -8 15 -10 11 24 19 -14 -2 -9 -12 25 -3 20 27 -20 -21 26 29 -6 -23 28 -1 -11
right_child=1 2 -4 -5 5 -7 7 8 9 10 16 -13 13 -15 -16 -17 -18 -19 21 22 -22 23 -24 -25 -26 -27 -28 -29 -30 -31
leaf_value=-0.10015000958990415 -0.055166247675640656 0.06419741106351777 -0.040620332841615564 0.0063058073542355932 -0.10086325677666255 0.091452230675002577 0.074160559972421311 -0.096184560726201074 -0.068090161986712611 -0.10003354072610655 0.041487275079493124 0.10213876922815375 -0.090253870259250399 0.036388251035360086 0.0067107659629482928 -0.014833226668778246 0.094707516870791431 -0.040725275415554235 0.10413694578664445 -0.10140836730585796 0.019630800519759902 0.10085632975518173 -0.10442547074341382 0.10290202650986346 -0.10257197864335806 -0.10195150970748915 0.10166837168516174 -0.10067037014377495 -0.10004536412853438 -0.10007251649469394
leaf_weight=0.026338912459323516 0.88015035772696126 0.33213893044739995 0.85587706649675954 1.2366269286721943 0.22764299737173121 0.49924138002097596 0.69449902791529927 0.66246925742598273 0.50980642123613495 0.049878494843141996 0.43341458123177268 0.11886009899899364 0.50443950598128118 0.58811303472612053 1.0581085116136817 0.46779367234557867 0.6782384219695814 0.28739358391612768 0.82291891821660079 0.4156787040119525 0.024759366584476084 0.24486302491277456 0.36912262532860041 0.34372106473892927 0.16804957389831543 0.22663206327706575 0.23043747618794441 0.025475251954048872 0.047421325172763318 0.014055838953936473
leaf_count=10 14 8 18 36 34 17 20 35 18 75 12 6 18 24 26 13 31 11 26 35 11 28 7 10 3 8 12 2 69 13
internal_value=0.000961781 0.020332 0.0402167 0.0617654 -0.0155619 0.000941267 -0.00901455 0.00443917 -0.0111677 0.0182576 0.0483573 -0.0327584 -0.057105 -0.0220833 -0.0213872 -0.0625148 0.0739579 -0.0778926 0.096507 -0.0992079 -0.076299 0.103043 -0.102827 0.101943 -0.101875 -0.101406 0.10125 -0.100234 -0.100083 -0.100042
internal_weight=13.0442 6.00484 4.06658 3.21071 7.03932 5.03798 4.53873 3.79707 3.10257 1.9723 1.4625 0.350844 2.00135 1.09255 1.93826 1.13026 1.11165 0.741669 1.97408 0.908796 0.123995 1.64194 0.784801 0.819022 0.231984 0.454275 0.475301 0.0992355 0.0737602 0.0639343
internal_count=650 178 138 120 472 296 279 226 206 158 140 97 176 42 40 48 43 53 84 134 92 76 42 50 91 42 40 81 79 88
is_linear=0
shrinkage=0.1


Tree=69
num_leaves=31
num_cat=0
split_feature=13 17 22 36 17 39 39 47 21 11 0 17 34 15 6 3 37 9 23 0 37 1 0 23 10 37 38 21 28 28
split_gain=0.369298 0.415504 0.873447 0.433731 0.688627 0.587619 0.734185 0.684884 0.39932 0.43432 0.607284 0.280886 0.0924474 0.0615944 0.025761 0.0210308 0.00799159 0.00411106 0.0030518 0.000551733 5.2594e-05 1.5346e-05 2.44131e-07 6.23858e-09 4.67309e-10 1.79385e-10 2.26013e-11 9.70955e-12 3.30682e-12 1.38307e-12
threshold=17.360984802246097 23.104013442993168 4.0955573320388803 0.1369118541479111 37.322582244873054 0.96280801296234142 0.38843335211277014 0.60267412662506115 -0.019896033219993111 0.71942749619483959 0.20200492441654208 44.275821685791023 0.44388334453105932 -3.1313505172729488 50.626012802124031 0.0054795180913060912 0.43492892384529119 -0.050786092877387994 0.38605777919292456 0.66244539618492138 0.44577266275882726 0.073557902127504363 0.049524322152137763 1.0000000180025095e-35 0.011643572710454466 0.56059986352920543 0.48008826375007635 0.0081501924432814139 81041.667968750015 705580.06250000012
decision_type=2 2 2 2 2 2 2 2 2 2 2 2 2 2 2 2 2 2 2 2 2 2 2 2 2 2 2 2 2 2
left_child=-1 2 13 8 12 6 7 -6 -3 10 -10 -8 -5 -2 -13 -15 -17 -18 -14 20 -19 22 -22 -24 25 26 -25 28 -28 -30
right_child=1 3 -4 4 5 -7 11 -9 9 -11 -12 14 18 15 -16 16 17 19 -20 -21 21 -23 23 24 -26 -27 27 -29 29 -31
leaf_value=0.076432230942136276 0.10097977886286798 -0.089277857623825119 0.061586390108223338 0.036946910676893492 -0.062930574437778872 -0.063767950815882532 0.0051306972751142517 0.061159383650513127 -0.029577487473962129 -0.048025159255547234 0.079333254061622935 0.073758611310164604 0.091814573170153957 -0.13659757363514707 0.10283291611841722 -0.044573056464343036 -0.064699156303491989 -0.10457308306440959 0.10376467075733922 -0.10716010845823561 -0.10044573276154377 -0.10141581922488302 -0.10012291325260987 -0.10003228497510913 -0.10004722008274905 -0.10004173647747637 -0.10002850279431036 -0.10002982057491963 -0.10002530975576365 -0.10002675657829821
leaf_weight=0.61565442010760385 0.014412903226911911 0.70437975955428545 0.46128184915869486 0.30146268286625844 1.3013446711120198 1.0197650333866475 0.51858119259122748 0.67573268339037884 1.0604977976181533 1.4841005590278653 0.9898432281333952 0.48316566739231326 0.30849101277999558 0.19614005088806041 0.82529522478580475 0.025119279482169077 0.02865693953935966 0.047317744232714398 0.69551540724933147 0.24730339646339417 0.017568201990798116 0.33925643027760088 0.0087869410635903478 0.012362353940261528 0.022906252270331606 0.012372891447739676 0.007055302179651334 0.012753809976857156 0.012632403202587739 0.013852519099600613
leaf_count=21 1 29 37 17 33 26 19 32 39 30 30 15 19 1 35 25 27 3 38 2 2 17 9 19 25 16 15 20 24 24
internal_value=0.000919557 -0.0030043 -0.0525743 0.00407048 0.0210793 0.0036424 0.021713 -0.0205187 -0.0205244 -0.00682245 0.0230014 0.0674127 0.085511 -0.104278 0.0920969 -0.107224 -0.100094 -0.101875 0.100093 -0.103288 -0.101399 -0.101072 -0.100101 -0.100042 -0.100035 -0.100031 -0.100028 -0.100027 -0.100027 -0.100026
internal_weight=12.4636 11.848 1.47978 10.3682 6.12935 4.82388 3.80412 1.97708 4.23882 3.53444 2.05034 1.82704 1.30547 1.0185 1.30846 1.00408 0.807944 0.782825 1.00401 0.754168 0.506865 0.459547 0.120291 0.102722 0.0939355 0.0710293 0.0586564 0.046294 0.0335402 0.0264849
internal_count=650 629 267 362 234 160 134 65 128 99 69 69 74 230 50 229 228 203 57 176 174 171 154 152 143 118 102 83 63 48
is_linear=0
shrinkage=0.1


Tree=70
num_leaves=31
num_cat=0
split_feature=1 4 36 37 11 24 11 48 8 35 3 9 34 34 12 3 34 50 33 19 11 36 1 4 34 34 19 45 6 37
split_gain=0.352895 0.501053 0.473669 0.470781 0.501815 0.585494 0.488524 0.618342 0.439089 0.415463 0.336785 0.392134 0.357497 0.325423 0.233341 0.00799927 0.00238562 0.000587442 6.26445e-05 5.30173e-05 3.86792e-05 2.03507e-05 5.11121e-06 3.32515e-06 1.88002e-06 1.10603e-07 3.55692e-08 1.5158e-08 3.42269e-09 4.047e-10
threshold=0.17397624254226687 0.11836510524153711 0.3522451519966126 0.50659596920013439 0.7140645980834962 0.19201754778623584 0.71942749619483959 0.15000000223517421 29.214034080505375 0.56283041834831249 1.6290082335472109 -0.048662086948752396 0.67199265956878673 0.55510541796684276 17.500000000000004 0.18787152320146563 0.99929806590080272 0.57493501901626598 0.50856474041938793 5.2625050544738778 0.84628799557685863 0.15379399061203006 0.052919927984476096 0.86477908492088329 0.55860397219657909 0.15680773556232455 0.13812254369258883 0.57432985305786144 53.727539062500007 0.5350642502307893
decision_type=2 2 2 2 2 2 2 2 2 2 2 2 2 2 2 2 2 2 2 2 2 2 2 2 2 2 2 2 2 2
left_child=2 -2 10 4 5 13 8 -8 -5 -4 11 12 24 -3 15 -13 17 19 -10 20 22 -20 26 -23 25 -1 28 -27 29 -17
right_child=1 3 9 6 -6 -7 7 -9 18 -11 -12 14 -14 -15 -16 16 -18 -19 21 -21 -22 23 -24 -25 -26 27 -28 -29 -30 -31
leaf_value=-0.10032241022242785 0.10257021353203946 -0.067175909371540568 -0.03764835253324858 -0.0085095848617037853 -0.089351499861422046 0.059142002242540653 0.048109730285772159 -0.056089866843423368 0.10282477515075968 0.076903529342290347 0.056819972954336641 -0.076827458601180634 0.10338720993668411 0.015054639332466674 0.012870004346553039 -0.10002686812494535 -0.11470143529474915 -0.10637860630745091 0.10190985749211923 -0.10296967684964656 -0.10276052232424766 0.10115651941554105 -0.10080797080512321 0.10050013478262099 -0.10096851491964959 -0.10004563181581788 -0.10017522956099525 -0.10015997254306566 -0.10008426041241776 -0.10004109380179707
leaf_weight=0.041290977940661278 0.56919917021877875 1.1572151050786494 0.59940739115700103 0.50923470966517914 0.81285405135713507 1.0586212857160715 1.209262704709545 1.0764684001915155 0.55867464235052444 0.67108465149067342 0.24525776039808977 0.10835703625343951 0.22687074542045593 0.82390882540494192 0.19846875860821445 0.068544358073267864 0.21609150618314732 0.37832275358960032 0.34975937241688371 0.18194100819528103 0.099919194355607033 0.14142046868801117 0.29335861740401015 0.16989672975614667 0.050511283101513982 0.025414452335098758 0.022643444710411131 0.021320886735338718 0.013795341539662331 0.028235965117346495
leaf_count=8 26 28 15 15 19 31 36 20 19 33 10 9 5 22 10 138 2 7 18 6 5 15 25 31 4 34 7 9 9 34
internal_value=0.000902889 0.0119674 -0.0258375 0.00541235 -0.0195593 -0.000896241 0.0293756 -0.000963222 0.0694837 0.0228589 -0.0537018 -0.0674259 0.026094 -0.0329779 -0.0886556 -0.102934 -0.105105 -0.103197 0.102045 -0.101498 -0.10099 0.101386 -0.100575 0.100798 -0.100482 -0.100203 -0.100061 -0.100098 -0.100038 -0.100031
internal_weight=11.9274 8.43652 3.49084 7.86732 3.8526 3.03975 4.01472 2.28573 1.72899 1.27049 2.22034 1.97509 0.365408 1.98112 1.60968 1.41121 1.30285 1.08676 1.21975 0.708438 0.526497 0.661077 0.426578 0.311317 0.138538 0.0880263 0.133219 0.0467353 0.110576 0.0967803
internal_count=650 280 370 254 100 81 154 56 98 48 322 312 60 50 252 242 233 231 83 224 218 64 213 46 55 51 188 43 181 172
is_linear=0
shrinkage=0.1


Tree=71
num_leaves=31
num_cat=0
split_feature=7 15 34 12 11 9 15 33 36 39 4 4 35 21 23 5 10 9 19 28 8 36 0 19 0 8 1 0 7 15
split_gain=0.340057 0.357658 0.396524 0.431353 0.361166 0.403556 0.438459 0.494824 0.441388 0.42701 0.423731 0.432682 0.448875 0.289875 0.275733 0.244937 0.179628 0.0713675 0.0678909 0.0607539 0.0162189 0.0450037 0.0752865 0.00984011 0.00204778 9.91373e-05 9.59854e-06 3.32725e-07 5.67603e-08 7.76874e-09
threshold=84.483837127685561 -1.2774457335472105 0.27326683700084692 14.500000000000002 1.0617853403091433 0.19988002628088 -0.42866916954517359 0.47187300026416784 0.055293282493948943 0.22472627460956576 1.1162105798721316 0.80253776907920849 0.76674824953079235 -0.0072931586764752856 0.28632916510105139 0.67523872852325451 -1.0000000180025095e-35 -0.059979174286127084 0.42912270128726965 159.50000000000003 58.736474990844734 0.23139210790395739 0.21347655355930331 1.9508957266807558 0.47818101942539221 60.718662261962898 0.2099297493696213 0.049524322152137763 49.98510932922364 -0.18133353441953656
decision_type=2 2 2 2 2 2 2 2 2 2 2 2 2 2 2 2 2 2 2 2 2 2 2 2 2 2 2 2 2 2
left_child=1 -1 17 4 5 6 -4 -8 -9 15 11 12 13 -11 -5 -10 -12 -3 19 -13 21 -17 28 -16 25 26 27 -21 -23 -29
right_child=-2 2 3 14 -6 -7 7 8 9 10 16 18 -14 -15 23 20 -18 -19 -20 24 -22 22 -24 -25 -26 -27 -28 29 -30 -31
leaf_value=0.076836787763208514 0.10194039802020512 -0.033123017602440734 -0.089552456640658945 -0.016017751037973219 -0.095806108637632795 0.07793664006369655 0.057360239452516865 -0.073537739986871006 0.0031119355858949603 0.030634335026055417 0.021586966730688148 0.090464142476472886 0.085381927639336122 -0.05906057306950864 0.078479287836431905 -0.10215582690745771 0.099238015907146343 -0.10368031512481646 -0.011998835801373172 -0.10053954407687365 -0.10568315326186276 -0.10028134611088009 0.10065459846576462 0.10226783913562282 -0.11722967002103764 -0.10418270424173491 -0.10155232893532627 -0.10013089608412254 -0.10003222243117774 -0.10003406409738552
leaf_weight=0.5457312052603801 0.32337891170755106 0.21036291512427852 0.63166079642541628 0.33816428203135618 0.44935590680688697 0.5636126005265395 1.1528402231633679 1.036105212930124 0.42092386307194807 0.6785814502509312 0.55472407955676317 0.016237560776062199 0.60841806139796961 0.76820789079647611 0.28275685803964734 0.16857990191783756 0.64347547455690779 0.45005782894440827 0.107961788889952 0.016012951731681824 0.43236592935863882 0.013687570157344453 0.034133173292502761 0.45161106117302552 0.12537236511707306 0.1532868966460228 0.084718476980924606 0.0092526935477453831 0.027561424692976288 0.07925384231203314
leaf_count=18 16 18 15 10 7 24 38 36 24 18 19 2 29 23 18 8 27 33 8 1 9 11 4 33 1 2 2 8 46 142
internal_value=0.000861775 -0.00209496 -0.00619376 -0.00116379 -0.00847976 -0.0037673 -0.00969892 -0.00262623 -0.0141928 -0.00175283 0.0139476 -0.00838459 0.013315 -0.0169914 0.0587015 -0.0567776 0.0632883 -0.0812058 -0.0837052 -0.0996957 -0.0940508 -0.0734352 -0.00920613 0.0931084 -0.106295 -0.102292 -0.100761 -0.10012 -0.100115 -0.100044
internal_weight=11.3784 11.055 10.5093 9.84886 8.77633 8.32697 7.76336 7.1317 5.97886 4.94276 3.8455 2.6473 2.05521 1.44679 1.07253 1.09725 1.1982 0.660421 0.592097 0.484135 0.676328 0.243962 0.0753822 0.734368 0.467897 0.342525 0.189238 0.104519 0.041249 0.0885065
internal_count=650 634 616 565 504 497 473 458 420 384 282 236 70 41 61 102 46 51 166 158 78 69 61 51 156 155 153 151 57 150
is_linear=0
shrinkage=0.1


Tree=72
num_leaves=31
num_cat=0
split_feature=0 17 38 48 6 16 34 11 38 0 43 12 28 17 8 38 0 50 45 8 15 45 19 0 6 37 10 9 21 38
split_gain=0.316808 0.417323 0.517984 0.440664 0.387264 0.302998 0.33457 0.6969 0.384855 0.350585 0.280713 0.153082 0.144184 0.0541131 0.0356304 0.0107843 0.0022114 0.000123043 9.64389e-05 4.33992e-05 2.11492e-05 1.29773e-05 1.21672e-05 7.10418e-07 5.43311e-09 1.76864e-10 2.06604e-10 3.17379e-11 8.79152e-12 7.37468e-12
threshold=0.29370516538620001 27.83172702789307 0.52790078520774852 0.25000000745058065 43.078824996948249 0.14961051940917972 0.82182729244232189 0.38926365971565252 0.42829549312591558 0.26018053293228155 0.51249998807907116 1.0000000180025095e-35 4252.0000000000009 29.455529212951664 29.61915493011475 0.51919782161712658 0.25472450256347662 0.82102158665657055 0.56343257427215587 25.26564979553223 0.7434181571006776 0.4439795464277268 -3.4579191207885738 0.15524499863386157 54.230463027954109 0.55671387910842907 0.010621800553053619 -0.050786092877387994 0.0091654611751437205 0.45887735486030584
decision_type=2 2 2 2 2 2 2 2 2 2 2 2 2 2 2 2 2 2 2 2 2 2 2 2 2 2 2 2 2 2
left_child=4 10 3 14 12 6 7 -6 -8 11 -2 16 -1 -14 -3 -10 18 -16 21 -15 -19 -9 -21 24 25 26 27 -23 29 -29
right_child=1 2 -4 -5 5 -7 8 9 15 -11 -12 -13 13 19 17 -17 -18 20 -20 22 -22 23 -24 -25 -26 -27 -28 28 -30 -31
leaf_value=0.015435420160176856 0.019748906697737226 0.063319666409281161 -0.012707955333054594 -0.0065642984989631725 0.035421955776788853 -0.07394071711135411 -0.0086224346880581521 -0.10141868721481131 0.1017716029674159 0.10254636385064597 -0.062215286322400122 -0.027722889050879385 -0.039482550451996105 -0.10282504458307132 0.10347937668073107 0.077623625596448267 -0.11664848985063739 0.10101738599673529 -0.10319969942893632 -0.10171039831746581 0.10216811053448374 -0.10002732879408414 -0.10065407132066964 -0.1005659371698253 -0.10009503635760815 -0.10003543156462372 -0.10003704828732307 -0.10002317547888268 -0.10002416131809205 -0.10001988369576714
leaf_weight=0.15910734480712552 0.82323196507059015 0.28140426520258266 1.2283387060742823 0.5740487491711973 1.3546556410146879 0.53933518193662155 0.73292421712540068 0.20976401783991583 0.47489515237975866 0.11323889717459668 0.84852493996731937 0.37419771298300475 0.17821408144664019 0.19420578819699585 0.6695935596944762 0.30289748101495206 0.12235356867313385 0.34960553859127685 0.40352025255560875 0.17345230613136664 0.29405754222534597 0.010172679540118579 0.29364443273516372 0.033506650477647781 0.013478983077220619 0.019237579181208275 0.011222382352571003 0.0086463276093132757 0.0082705297390930355 0.031972475495422259
leaf_count=12 21 8 38 16 39 24 27 12 29 4 19 18 31 8 26 19 1 38 6 16 12 21 30 2 8 27 18 18 16 86
internal_value=0.000813559 0.019049 0.0391779 0.0685656 -0.0152256 -0.00335739 0.0056529 -0.0153413 0.0433723 -0.0659207 -0.0218532 -0.081227 -0.071847 -0.0883889 0.095611 0.0923676 -0.104183 0.10253 -0.102149 -0.101569 0.101543 -0.100925 -0.101046 -0.100166 -0.100036 -0.100027 -0.100025 -0.100022 -0.100021 -0.100021
internal_weight=10.8317 5.06881 3.39705 2.16871 5.76291 4.76429 4.22495 2.71424 1.51072 1.35958 1.67176 1.24634 0.998624 0.839517 1.59466 0.777793 0.872145 1.31326 0.749792 0.661303 0.643663 0.346272 0.467097 0.136508 0.103001 0.089522 0.0702844 0.059062 0.0488893 0.0406188
internal_count=650 178 138 100 472 375 351 276 75 237 40 233 97 85 84 48 215 76 214 54 50 208 46 196 194 186 159 141 120 104
is_linear=0
shrinkage=0.1


Tree=73
num_leaves=31
num_cat=0
split_feature=1 4 36 11 7 38 36 35 11 45 7 34 3 5 22 9 34 3 34 19 8 51 36 12 17 1 17 16 44 7
split_gain=0.290292 0.416968 0.370909 0.369365 0.586649 0.584173 0.555657 0.344033 0.298266 0.442861 0.505719 0.288591 0.277606 0.3289 0.165679 0.100144 0.16207 0.00996577 0.00136203 0.000422209 5.10899e-05 2.49835e-05 9.10578e-06 6.71415e-06 6.60789e-07 6.23245e-07 2.1657e-08 1.81747e-08 1.21592e-09 3.55679e-10
threshold=0.17397624254226687 0.11836510524153711 0.3522451519966126 0.7140645980834962 51.710544586181648 0.52790078520774852 0.12746056169271472 0.56283041834831249 0.044893400743603713 0.512447088956833 34.897735595703132 0.56837493181228649 1.6290082335472109 0.35677757859230047 25.296271324157718 -0.050786092877387994 0.83995932340621959 0.18787152320146563 0.99929806590080272 4.5041291713714608 59.734708786010749 0.52240377664566051 0.15379399061203006 13.500000000000002 48.970479965209968 0.084701206535100951 31.89869594573975 0.50283083319664013 0.66355055570602428 49.62822341918946
decision_type=2 2 2 2 2 2 2 2 2 2 2 2 2 2 2 2 2 2 2 2 2 2 2 2 2 2 2 2 2 2
left_child=2 -2 12 4 8 6 -5 -4 -3 10 -10 -12 13 -1 -8 16 24 -17 19 21 22 23 -6 25 26 27 -15 28 29 -19
right_child=1 3 7 5 20 -7 14 -9 9 -11 11 -13 -14 15 -16 17 -18 18 -20 -21 -22 -23 -24 -25 -26 -27 -28 -29 -30 -31
leaf_value=0.011640864724050012 0.10211227808541452 0.066472729193555985 -0.036195700872159141 -0.042168661563942098 0.10195437184998307 -0.097919180384621718 0.01124164554270868 0.07480693449017449 -0.04393104399955599 -0.06759337313814244 0.0035147464886571412 0.10395605905828501 0.055625343378748339 -0.10007599233596527 0.10174671213078242 -0.067619936489214938 0.10238667381141715 -0.10004029706972395 -0.11226934297566329 -0.10573230112098514 0.10313874732990397 -0.10202171323519944 0.1010740895737474 -0.10113995742007725 -0.10065876480263954 -0.10039734241806933 -0.10020414639669502 -0.10016957430347505 -0.10005196526947438 -0.10002129642050131
leaf_weight=0.41237745835678685 0.47442936268635083 0.66019556601531837 0.54874895769171395 1.0757009070366623 0.21624120348133136 0.76206078357063223 0.33365450450219203 0.56844560930039734 0.78107104566879604 0.86828859377419565 0.50773332966491558 0.65521062142215669 0.21143198758363713 0.028675774883595184 0.51363682840019464 0.0785505020758136 0.066339755430817604 0.011899818287929298 0.18798536062240601 0.31690462515689433 0.3030315195210278 0.18977723363786936 0.25736839987803251 0.1314257571939379 0.044070218922570348 0.10052270314190537 0.024412934872088954 0.010570067213848233 0.021151763474335894 0.057247153701609932
leaf_count=23 26 16 15 17 10 17 12 33 30 30 21 25 10 33 30 8 2 19 2 7 13 6 33 8 5 15 9 4 29 142
internal_value=0.000774583 0.0114149 -0.0254101 0.00520949 0.0235561 -0.0238243 0.00553867 0.0202841 0.00598383 -0.00821609 0.0183046 0.0601041 -0.0523727 -0.0659491 0.0661068 -0.0911523 -0.0181028 -0.101951 -0.104575 -0.102852 0.102125 -0.101106 0.101476 -0.100584 -0.100373 -0.100221 -0.100135 -0.100046 -0.100031 -0.100025
internal_weight=10.4192 7.40862 3.01054 6.93419 4.24914 2.68505 1.92299 1.11719 3.4725 2.8123 1.94401 1.16294 1.89334 1.68191 0.847291 1.26953 0.163499 1.10603 1.02748 0.839499 0.776641 0.522594 0.47361 0.332817 0.0971589 0.201392 0.0530887 0.100869 0.0902987 0.069147
internal_count=650 280 370 254 178 76 59 48 122 106 76 46 322 312 42 289 49 240 232 230 56 223 43 217 47 209 42 194 190 161
is_linear=0
shrinkage=0.1


Tree=74
num_leaves=31
num_cat=0
split_feature=3 13 3 34 11 36 34 20 40 28 38 37 38 0 40 0 18 9 18 5 13 8 1 35 10 0 7 10 37 21
split_gain=0.269898 0.56618 0.476613 0.517665 0.379319 0.349754 0.315977 0.4041 0.431373 0.426204 0.272175 0.258207 0.281902 0.111219 0.083342 0.0531146 0.0412279 0.00334259 0.00159278 0.000140825 0.000130859 5.09729e-05 4.80818e-05 2.65154e-05 5.3125e-06 2.39023e-07 2.71394e-09 6.58653e-10 1.97596e-11 5.82369e-12
threshold=1.2452767491340639 42.39350891113282 0.75342294573783886 0.45900513231754309 0.28102199733257299 0.33063513040542608 0.96541377902030956 2.5000000000000004 0.15000000223517421 32998.085937500007 0.48731677234172827 0.57344707846641552 0.35952535271644598 0.17997955530881884 0.25000000745058065 0.18318871408700946 -0.40143814682960505 -0.053856296464800828 0.33455231785774237 0.90155366063117992 70.363891601562514 68.164314270019545 0.28956338763237005 0.53009849786758434 -0.12648509442806241 0.10426364466547967 45.479167938232429 0.060891104862093932 0.53020173311233532 0.0091654611751437205
decision_type=2 2 2 2 2 2 2 2 2 2 2 2 2 2 2 2 2 2 2 2 2 2 2 2 2 2 2 2 2 2
left_child=2 13 3 4 -1 11 7 9 -9 -5 -3 12 -4 -2 16 -8 -14 -18 20 -15 21 23 -6 24 -19 26 -26 28 29 -28
right_child=1 10 5 6 22 -7 15 8 -10 -11 -12 -13 14 19 -16 -17 17 18 -20 -21 -22 -23 -24 -25 25 -27 27 -29 -30 -31
leaf_value=0.020440487451811373 0.014942849371845354 0.029720200480730891 0.10324567434343986 0.08589878432863006 -0.10124851812332952 0.014702417521889347 0.0512564369017399 0.027749576335522302 -0.084623804023352164 -0.021834222961741562 -0.058959381257624399 0.014535523250627368 -0.042954876100831957 0.099494063327020724 -0.018247296912296603 0.10290695846475972 -0.089125366972634665 -0.10197831950988255 -0.11065636137104636 0.10228674986050496 -0.10626874006229954 -0.1039694244549942 -0.10301224125325455 -0.10233497014596704 -0.10007927006050515 -0.10038459879090378 -0.10001703831546703 -0.10005135972002506 -0.10002344265633933 -0.10002020092412896
leaf_weight=0.42651977730565682 0.18046798161231004 0.74032660364173331 0.077852778136730527 1.0040075649740177 0.3043769061769126 0.76435143640264858 0.33397017349489022 0.69190077483654022 0.67473932146094739 0.57897353742737334 0.6499476368771866 0.33386105456156645 0.11783023709722318 0.26144043763633817 0.13924282211519301 0.49300039024092257 0.12185499320912607 0.0190231222659345 0.5143227218213724 0.58370860759168863 0.10631155967712402 0.14665356650948524 0.31404708116315305 0.24145542457699776 0.0101941898465161 0.027715787466149777 0.031572066523949616 0.0070417940296465522 0.0068655655049951738 0.0071390447119483716
leaf_count=23 13 34 2 38 34 28 15 30 18 29 22 33 7 35 20 26 30 1 8 30 2 2 8 6 11 5 99 8 16 17
internal_value=0.000776238 0.0298425 -0.00859302 0.0101842 -0.0521082 -0.0424597 0.0274199 0.0121041 -0.0277316 0.0464956 -0.0117371 -0.0653477 -0.0822802 0.0862058 -0.0919272 0.082048 -0.0994821 -0.104853 -0.106567 0.101423 -0.103084 -0.102404 -0.102144 -0.10175 -0.100459 -0.10014 -0.100032 -0.100023 -0.100018 -0.100018
internal_weight=9.91071 2.41589 7.49482 4.82154 1.04494 2.67329 3.77659 2.94962 1.36664 1.58298 1.39027 1.90894 1.57508 1.02562 1.49722 0.826971 1.35798 1.24015 1.11829 0.845149 0.603972 0.497661 0.618424 0.351007 0.109552 0.0905284 0.0628127 0.0526185 0.0455767 0.0387111
internal_count=650 134 516 221 65 295 156 115 48 67 56 267 234 78 232 41 212 205 175 65 167 165 42 163 157 156 151 140 132 116
is_linear=0
shrinkage=0.1


Tree=75
num_leaves=31
num_cat=0
split_feature=15 34 15 33 36 34 17 1 38 1 36 0 35 37 36 34 28 34 33 51 35 4 19 16 6 39 37 28 47 23
split_gain=0.251032 0.347402 0.296274 0.385417 0.43622 0.320711 0.348943 0.394532 0.36668 0.633708 0.236156 0.255094 0.198806 0.161234 0.286497 0.150697 0.0535471 0.000504778 0.000343467 3.55571e-05 6.09844e-06 4.16378e-07 1.60144e-08 1.66106e-09 8.5498e-10 8.02106e-11 7.71114e-11 2.82975e-11 8.24883e-12 8.1184e-12
threshold=-1.2774457335472105 0.27326683700084692 -0.42866916954517359 0.46810629963874822 0.055293282493948943 0.40812903642654424 36.697141647338874 0.060716519132256515 0.52790078520774852 0.46976852416992193 0.2133997976779938 0.23436027020215991 0.53509119153022777 0.56059986352920543 0.18989636749029162 0.73006755113601696 22046.500000000004 0.65692996978759777 0.62399804592132579 0.24446202814579013 0.54012528061866771 1.0481417775154116 3.5109268426895146 -0.17701968550682065 54.230463027954109 0.59307357668876659 0.55671387910842907 743.00000000000011 0.49661673605442053 0.38605777919292456
decision_type=2 2 2 2 2 2 2 2 2 2 2 2 2 2 2 2 2 2 2 2 2 2 2 2 2 2 2 2 2 2
left_child=-1 16 -3 12 15 -6 7 20 9 13 11 -9 -4 14 -8 -5 -2 -12 -19 -18 21 22 23 -7 25 26 27 -25 29 -29
right_child=1 2 3 4 5 6 8 10 -10 -11 17 -13 -14 -15 -16 -17 19 18 -20 -21 -22 -23 -24 24 -26 -27 -28 28 -30 -31
leaf_value=0.073633769923241887 -0.035681419141617231 -0.065976506224450573 0.01008452483925326 -0.098361823763424117 -0.1021817982361209 -0.1000749292461612 -0.056712584265442005 -0.017004082097396823 -0.0628086664812125 0.10251924323612041 0.10393512642086336 0.077962343843096804 0.094555795267290702 -0.056006450844251182 0.041888664584753037 -0.021907518412911151 -0.1031048628920066 0.094899166715854383 0.1009961956584953 -0.10108595476935743 -0.10151026176678607 -0.10047748298414778 -0.1001673735569245 -0.10002582054131973 -0.10005593138186411 -0.10002737708259751 -0.10002733426538933 -0.10001626697059914 -0.1000156918960534 -0.10002058557680944
leaf_weight=0.44980716751888472 0.18310740793822233 0.59458943585923218 0.46672816877253331 0.53811212640721329 0.24854210019111622 0.0069983899884366032 0.46621411549858816 0.57331022026482947 0.84819829359184939 0.6038189100800081 0.37712856987491239 0.55829995917156339 0.69130010611843318 0.63873083633370686 0.80093740904703736 0.49493615631945431 0.14231620170176029 0.14252806385047734 0.26267871604068205 0.22539705884992145 0.043969552963972092 0.028337011113762856 0.009135108208283782 0.0037544506631121957 0.0076475150708574793 0.014685286951134913 0.009507790717179887 0.0084968774899607524 0.027174574133823626 0.008925442976760678
leaf_count=18 9 19 18 28 11 8 12 24 29 35 13 20 28 23 35 17 4 18 36 38 1 2 2 6 8 30 16 29 88 25
internal_value=0.000723292 -0.00291037 0.0020914 0.00722743 -0.00195183 0.0089035 0.0139783 0.0461365 -0.00596629 0.0132446 0.059056 0.0298493 0.0605108 -0.0150393 0.005611 -0.0617324 -0.0798654 0.101302 0.0988516 -0.101867 -0.100498 -0.100141 -0.100041 -0.100028 -0.100024 -0.100021 -0.100019 -0.100017 -0.100017 -0.100018
internal_weight=9.47531 9.02551 8.47469 7.8801 6.72207 5.68902 5.44048 2.08258 3.3579 2.5097 1.91395 1.13161 1.15803 1.90588 1.26715 1.03305 0.550821 0.782335 0.405207 0.367713 0.168632 0.124662 0.0963254 0.0871903 0.0801919 0.0725444 0.0578591 0.0483513 0.0445969 0.0174223
internal_count=650 632 581 562 516 471 460 326 134 105 111 44 46 70 47 45 51 67 54 42 215 214 212 210 202 194 164 148 142 54
is_linear=0
shrinkage=0.1


Tree=76
num_leaves=31
num_cat=0
split_feature=3 13 34 20 28 16 10 36 3 35 13 37 35 18 0 45 5 0 33 22 44 36 14 2 7 44 37 10 9 28
split_gain=0.238754 0.388518 0.374223 0.603313 0.350347 0.319128 0.316898 0.331764 0.409459 0.312594 0.280015 0.234958 0.186591 0.0929385 0.0861671 0.0662398 0.0151333 0.00010452 3.56472e-05 2.70718e-05 1.41804e-05 1.14768e-05 5.36396e-06 1.02006e-06 1.95845e-08 7.82638e-10 8.01836e-11 5.53434e-11 1.15229e-11 2.95744e-12
threshold=1.3976188302040102 42.39350891113282 0.51397606730461132 2.5000000000000004 55638.500000000007 -1.3625016808509824 -0.055529609322547906 0.23421347141265872 0.67246377468109142 0.521297186613083 46.478940963745124 0.53775939345359813 0.68996426463127147 0.14014618098735812 0.18952976912260058 0.22754460573196414 0.16877429932355884 0.39449775218963629 0.46252776682376867 20.344429016113285 0.63589459657669078 0.14289036393165591 19.888863563537601 0.068569287657737746 39.830169677734382 0.31684419512748724 0.55671387910842907 0.0081448983401060122 -0.050786092877387994 1256.0000000000002
decision_type=2 2 2 2 2 2 2 2 2 2 2 2 2 2 2 2 2 2 2 2 2 2 2 2 2 2 2 2 2 2
left_child=2 14 5 4 -4 -1 -5 8 -8 13 -3 -12 -9 15 -2 -7 -17 19 -16 20 22 -20 -18 24 -24 -26 27 28 -27 -30
right_child=1 10 3 6 -6 9 7 12 -10 -11 11 -13 -14 -15 18 16 17 -19 21 -21 -22 -23 23 -25 25 26 -28 -29 29 -31
leaf_value=0.10619370856404112 0.024802673725367048 -0.074123902289454077 0.099425321566199959 -0.074862550333694697 0.0011869909143545963 -0.0028109849963648594 0.032159497635835955 -0.0018544059039023412 -0.063743546058452269 -0.0063215878524336125 -0.029533158360548498 0.079961637710080885 0.10154480614004704 0.013107496456582428 0.10265915962464939 -0.06070393475616627 -0.10140632424049921 -0.10346605806947046 0.10166489285003842 -0.10271539334298788 -0.10156214337302921 0.10056899812916478 -0.10013219365512778 -0.10047291383240545 -0.10005181803926988 -0.1000187619209138 -0.1000265113774203 -0.10002472484199608 -0.10001784182971792 -0.10001378734408804
leaf_weight=0.13772848993539843 0.18918678793124888 0.39583634259179212 0.90787040418945231 0.71956135740038041 0.60490524279884994 0.078331571072340345 0.78265102393925223 0.30152149102650572 1.0325021209428085 0.9066901619080453 0.36676308372989297 0.42085498943924904 0.41436503594741225 0.091706039354903512 0.24978824052959681 0.098120516864582674 0.057697395910508931 0.30419957265257835 0.19328669435344636 0.10260729992296547 0.22340783481195103 0.18900891661178321 0.02240197645733133 0.18945259106112644 0.0080283162678824738 0.0062869316461731098 0.0096783047483768314 0.0067737317585851988 0.0019235267536712444 0.027801200907560997
leaf_count=2 16 11 39 19 31 3 34 15 22 37 12 28 30 15 9 7 4 4 9 6 35 37 13 37 14 19 18 16 7 101
internal_value=0.000718693 0.0311633 -0.00795546 0.00797479 0.0601433 -0.0413418 -0.0163036 0.00034444 -0.0223924 -0.0508589 -0.00550959 0.0289742 0.0579945 -0.0837317 0.0840092 -0.0915443 -0.0981116 -0.101934 0.10173 -0.101223 -0.100947 0.101123 -0.10053 -0.100345 -0.100052 -0.100023 -0.100018 -0.100016 -0.100015 -0.100014
internal_weight=9.04094 2.00473 7.03621 4.76338 1.51278 2.27284 3.2506 2.53104 1.81515 2.13511 1.18345 0.787618 0.715887 1.22842 0.821271 1.13671 1.05838 0.960259 0.632084 0.656059 0.553452 0.382296 0.330044 0.272347 0.082894 0.060492 0.0524637 0.0427854 0.0360117 0.0297247
internal_count=650 122 528 190 70 338 120 101 56 336 51 40 45 299 71 284 281 274 55 270 264 46 229 225 188 175 161 143 127 108
is_linear=0
shrinkage=0.1


Tree=77
num_leaves=31
num_cat=0
split_feature=0 17 8 34 6 5 16 35 45 51 45 18 43 45 45 28 3 9 8 4 21 38 7 2 3 4 19 3 2 4
split_gain=0.231355 0.330182 0.384489 0.384843 0.298357 0.281039 0.254454 0.245606 0.324808 0.405185 0.229345 0.290569 0.174776 0.171861 0.108469 0.0645022 0.169436 0.028808 0.0221847 0.000458424 8.48928e-05 3.21804e-05 2.3469e-05 2.32875e-05 1.73718e-05 5.93743e-06 5.23045e-06 3.5847e-06 5.4441e-07 3.51296e-07
threshold=0.29370516538620001 27.83172702789307 64.724807739257827 0.25014993548393255 43.078824996948249 1.4177899360656741 0.14961051940917972 0.521297186613083 0.59324350953102123 0.50605899095535289 0.23864406347274783 0.12290244549512865 0.51249998807907116 0.55694180727005016 0.41865870356559759 473909.50000000006 1.7048760056495669 0.025360144674777988 23.638923645019535 1.3368077278137209 -0.054376799613237374 0.4720072746276856 38.486520767211921 0.53013795614242565 1.1249812841415407 0.92306154966354381 -3.8085460662841792 1.0859840512275698 0.15020937472581866 1.0481417775154116
decision_type=2 2 2 2 2 2 2 2 2 2 2 2 2 2 2 2 2 2 2 2 2 2 2 2 2 2 2 2 2 2
left_child=4 12 3 -3 14 -4 7 10 9 -9 -6 15 -2 -11 -1 22 24 -10 -5 20 -20 -16 -12 -22 27 -24 -23 -17 -28 -27
right_child=1 2 5 18 6 -7 -8 8 17 13 11 -13 -14 -15 21 16 -18 -19 19 -21 23 26 25 -25 -26 29 28 -29 -30 -31
leaf_value=-0.025347312037301936 0.014725026451163196 -0.044201379118335909 0.041047975122897734 0.064147075482149471 0.086456314652406496 -0.054557138613402792 -0.073540279421475188 0.05836962544095245 0.10200419970059807 -0.003598438052822945 -0.10235033729763432 0.063289197004416597 -0.058492102008780737 -0.085782417771579605 -0.10277811486049522 -0.10016214709479043 0.10247452223068505 0.059571733939833241 0.10385226407825732 0.09762680355744309 0.10096415166525466 -0.10130591887506031 -0.10129479919873899 0.10232892329518617 -0.1034889061083385 -0.10005544557618802 -0.10037488370327244 -0.10144536513426389 -0.10069826037669241 -0.10046792015522887
leaf_weight=0.31414536910597224 0.63302019564434864 0.23538248892873559 0.67114302353002109 0.19201856292784203 0.13314427807927209 0.5674258335493505 0.45236131476121944 0.72821774811018292 0.37172609730623651 0.59191449225181691 0.23386314418166876 0.16808296492672525 0.67228026816155761 0.44630955345928669 0.11361031317210291 0.045041210265480913 0.061693459749221802 0.28090740891639143 0.26475968584418252 0.27236038167029619 0.25327760993968718 0.14489701758429874 0.19078467274084687 0.24691001896280795 0.032576292753219604 0.037258959098835476 0.11257787334034219 0.042134374380111694 0.096846105065196753 0.04631443414837122
leaf_count=28 21 7 27 10 4 16 24 35 23 31 5 13 19 10 5 89 2 21 7 28 30 21 12 13 1 100 37 1 6 4
internal_value=0.000716865 0.0183174 0.0382605 0.0729406 -0.0144741 -0.00275162 -0.00306894 0.00627968 0.0234561 0.00118335 -0.0356532 -0.0546077 -0.0229846 -0.0389275 -0.0707994 -0.0833411 -0.0321587 0.0837404 0.0953701 0.10115 0.102404 -0.101314 -0.101614 0.101638 -0.101519 -0.100987 -0.100844 -0.100782 -0.100524 -0.100284
internal_weight=8.65299 4.00858 2.70328 1.46471 4.64441 1.23857 3.86233 3.40997 2.41908 1.76644 0.990894 0.85775 1.3053 1.03822 0.782077 0.689667 0.181445 0.652634 1.22933 1.03731 0.764947 0.467931 0.508221 0.500188 0.119752 0.274358 0.354321 0.0871756 0.209424 0.0835734
internal_count=650 178 138 95 472 43 375 351 120 76 231 227 40 41 97 214 93 44 88 78 50 69 121 43 91 116 64 90 43 104
is_linear=0
shrinkage=0.1


Tree=78
num_leaves=31
num_cat=0
split_feature=36 37 8 10 2 12 7 8 50 10 34 24 19 36 33 36 23 19 28 22 21 45 22 2 36 0 0 39 37 18
split_gain=0.221701 0.423215 0.294279 0.398757 0.340042 0.417471 0.485223 0.281587 0.337118 0.254334 0.512186 0.19354 0.28471 0.222816 0.206236 0.181284 0.142383 0.113774 0.0300124 0.0144347 0.0389099 0.000656079 0.0007959 4.34205e-05 1.33306e-05 4.72999e-06 1.42975e-06 5.22974e-10 9.60937e-11 1.09867e-11
threshold=0.13332176953554156 0.55616044998168956 39.808565139770515 -0.26832531392574305 0.42524419724941259 1.5000000000000002 40.545261383056648 31.980230331420902 0.52281171083450328 -0.071251668035984025 0.45900513231754309 0.052119053900241859 0.48665677011013037 0.30533652007579809 0.68554130196571361 0.19882775098085406 0.18274585157632831 -4.2740235328674308 2421.0000000000005 13.740406513214113 -1.0000000180025095e-35 0.56473860144615184 22.865204811096195 0.23878507316112521 0.4625725001096726 0.095864210277795806 0.09940651431679727 0.81892696022987377 0.55671387910842907 0.0072031673043966302
decision_type=2 2 2 2 2 2 2 2 2 2 2 2 2 2 2 2 2 2 2 2 2 2 2 2 2 2 2 2 2 2
left_child=1 7 9 -4 5 11 -7 -1 16 -2 -11 13 14 -5 18 -8 -9 -6 -13 20 26 -17 -23 -18 25 27 -15 28 29 -20
right_child=2 -3 3 4 17 6 15 8 -10 10 -12 12 -14 19 -16 21 23 -19 24 -21 -22 22 -24 -25 -26 -27 -28 -29 -30 -31
leaf_value=-0.10204467598663583 0.10178254154008622 0.049795834530391041 -0.11155288937876646 0.027206268126307134 0.01608027455207113 -0.085497139400390929 -0.0021831450019592197 -0.016263474715390129 0.012474810241224514 -0.064056885819712528 0.098851913903890865 0.054086197119042279 0.084717612721391333 -0.10076954220654429 0.10144871405821494 0.10265489766370917 -0.10074960431741667 0.10151326476030904 -0.10001221378633263 -0.10522503541039355 0.010573502661294313 0.089593786659434627 0.10075538946708332 -0.1025801402898936 -0.10251506195360104 -0.10131313076389022 -0.10147373118483741 -0.10004618547950664 -0.10002784710187514 -0.1000175754952356
leaf_weight=0.54255828546593043 0.60619728860910982 0.69684871612116683 0.29934791848063502 0.17975061660399727 0.23961855238303542 0.24811701534781583 0.2368184699153062 0.31139055948006023 1.2204571901820598 0.39643549910397247 0.3760677945392672 0.012992432595638093 0.2431939571397379 0.058342119737062603 0.066688304301351309 0.38529550668317825 0.29786245252762455 0.4460582275642081 0.018171328018070199 0.54648512043058872 0.042750827582494821 0.10818576309247874 0.15601762378355488 0.22935877909185365 0.095720864832401276 0.13402532087638974 0.057003483176231384 0.0073067122139036647 0.0056976807827595613 0.0048395863705081857
leaf_count=29 24 28 3 11 11 16 16 19 35 19 28 12 18 44 4 20 34 39 76 12 39 22 24 11 2 5 2 14 13 20
internal_value=0.000685284 -0.0194155 0.0140227 -0.00105008 0.00899486 -0.00748376 0.0381111 -0.0379538 -0.0210661 0.0532972 0.0152499 -0.0425995 0.00183012 -0.0721731 -0.0565233 0.0727142 -0.0698791 0.0716576 -0.0943161 -0.0975265 -0.0709152 0.100023 0.0961849 -0.101546 -0.101571 -0.10104 -0.101118 -0.100022 -0.100016 -0.100013
internal_weight=8.2696 3.29848 4.97113 3.59243 3.29308 2.6074 1.13443 2.60163 2.05907 1.3787 0.772503 1.47297 0.588636 0.884332 0.345442 0.886317 0.838612 0.685677 0.278754 0.704582 0.158096 0.649499 0.264203 0.527221 0.265761 0.170041 0.115346 0.0360153 0.0287086 0.0230109
internal_count=650 156 494 423 420 370 98 128 99 71 47 272 164 108 146 82 64 50 142 97 85 66 46 45 130 128 46 123 109 96
is_linear=0
shrinkage=0.1


Tree=79
num_leaves=31
num_cat=0
split_feature=13 37 12 38 36 3 9 38 35 47 47 3 33 45 48 50 9 50 22 0 12 0 47 33 14 35 50 0 9 35
split_gain=0.203433 0.212924 0.280022 0.274671 0.226525 0.225031 0.375193 0.359842 0.682027 0.316733 0.264266 0.334362 0.257965 0.235244 0.300055 0.175811 0.137315 0.0917293 0.0244588 0.00161547 0.00146023 0.000119041 2.26731e-05 1.82634e-05 1.16907e-05 4.64327e-06 4.76329e-06 4.33438e-06 4.53512e-07 3.90932e-07
threshold=17.360984802246097 0.4747766256332398 13.500000000000002 0.46482186019420629 0.42065367102622991 1.2452767491340639 0.19988002628088 0.43811924755573278 0.5642564892768861 0.21453627198934558 0.81083360314369213 0.67246377468109142 0.6590622365474702 0.23864406347274783 0.35000000894069677 0.51441699266433727 -0.0040746878366917363 0.57710370421409618 -27.224037170410153 0.25704541802406317 3.5000000000000004 0.60855558514595043 0.28633540868759161 0.54758542776107799 28.108711242675785 0.5451125204563142 0.23856044560670855 0.20380184799432757 0.026116858236491684 0.51319471001625072
decision_type=2 2 2 2 2 2 2 2 2 2 2 2 2 2 2 2 2 2 2 2 2 2 2 2 2 2 2 2 2 2
left_child=-1 3 5 -2 20 6 7 10 13 -7 11 -3 19 -9 18 -10 -13 -4 -15 -11 21 25 28 -19 27 26 -5 -24 -20 -28
right_child=1 2 17 4 -6 9 -8 8 15 12 -12 16 -14 14 -16 -17 -18 23 22 -21 -22 -23 24 -25 -26 -27 29 -29 -30 -31
leaf_value=0.071840988289335841 0.044627617884980438 0.046707702656763744 0.028580348200144906 -0.1017974841448402 0.014784688085677787 -0.072187276700105926 0.10163028879180153 0.065115749043219692 0.019701144774981649 0.090746101609578481 -0.10594521670747298 -0.016463260780438967 0.0021786517396455204 -0.040550011810486369 0.099764894060483833 0.099482606571662843 -0.10051566138425401 0.10229110157821869 -0.10030763129035068 0.10152997190325277 -0.091509877049026023 -0.10456503309700869 -0.10008990820925401 0.1008113260461953 -0.10204044138452693 -0.10165257091559723 -0.10016659653898866 -0.10149108158679608 -0.10067726694480261 -0.10063757419280955
leaf_weight=0.38167298189364363 0.27658951935154596 0.40911399666219972 0.35223188353120338 0.0346415676176548 0.23418611846864223 0.24118393566459406 0.26003717130515713 0.13998254062607918 0.5477395919151602 0.21182670781854518 0.64805878556217056 0.33957323455979338 0.52060121961403638 0.072927472734590548 0.087912825125386007 0.55718689481727779 0.45452600924909359 0.1483796932734549 0.099509895837400553 0.4035837798146531 0.15684892410354223 0.18813346698880196 0.044905691604071762 0.19046572063234635 0.43568274547578767 0.19888219214044511 0.040832845472323243 0.043427612632513046 0.049805876122263726 0.031006584409624338
leaf_count=21 16 19 23 2 10 8 17 6 36 15 9 24 37 9 6 26 23 7 54 31 19 3 105 33 15 9 54 1 9 3
internal_value=0.000642106 -0.00302036 0.00427614 -0.0423499 -0.0695474 -0.00317606 -0.0147015 -0.0223982 0.006154 0.0318924 -0.0544639 -0.0267357 0.0539893 -0.0548443 -0.0749748 0.0599329 -0.0645731 0.064314 -0.09556 0.0978181 -0.0999149 -0.102586 -0.101518 0.101459 -0.101828 -0.101367 -0.100834 -0.100779 -0.100431 -0.10037
internal_weight=7.80146 7.41978 6.25866 1.16112 0.884532 5.56759 4.19039 3.93035 2.07908 1.3772 1.85127 1.20321 1.13601 0.974155 0.834172 1.10493 0.794099 0.691077 0.746259 0.61541 0.650346 0.493497 0.673332 0.338845 0.524016 0.305363 0.106481 0.0883333 0.149316 0.0718394
internal_count=650 629 513 116 100 450 359 342 267 91 75 66 83 205 199 62 47 63 193 46 90 71 184 40 121 68 59 106 63 57
is_linear=0
shrinkage=0.1


Tree=80
num_leaves=31
num_cat=0
split_feature=1 4 11 37 38 22 34 36 11 36 33 9 3 34 12 7 3 34 35 19 33 51 47 1 34 4 10 22 19 6
split_gain=0.190358 0.290195 0.264734 0.390231 0.358219 0.41298 0.341687 0.411044 0.331293 0.234688 0.264487 0.208688 0.244666 0.191366 0.120393 0.00589117 0.00432065 0.000354345 0.000117762 4.40799e-05 1.12926e-05 1.02459e-05 6.32006e-06 6.94861e-07 3.0583e-07 9.64508e-09 8.5756e-09 2.28677e-09 5.46559e-10 3.13185e-10
threshold=0.17397624254226687 0.11836510524153711 0.7140645980834962 0.5350642502307893 0.52790078520774852 29.791928291320804 0.62248295545578014 0.11994898319244386 0.28929851949214941 0.3522451519966126 0.52282992005348217 -0.048662086948752396 1.6290082335472109 0.67199265956878673 17.500000000000004 39.39850044250489 0.18787152320146563 0.99929806590080272 0.75984579324722301 4.7099204063415536 0.50000178813934337 0.52240377664566051 0.48856246471405035 0.052919927984476096 0.55860397219657909 0.68594583868980419 0.1403990983963013 -17.129097938537594 0.016368266195058826 52.005649566650398
decision_type=2 2 2 2 2 2 2 2 2 2 2 2 2 2 2 2 2 2 2 2 2 2 2 2 2 2 2 2 2 2
left_child=9 -2 3 6 5 -4 7 -3 -8 11 -11 13 14 24 16 -5 -13 18 19 21 -17 23 -22 26 25 -1 28 -27 29 -18
right_child=1 2 4 15 -6 -7 8 -9 -10 10 -12 12 -14 -15 -16 20 17 -19 -20 -21 22 -23 -24 -25 -26 27 -28 -29 -30 -31
leaf_value=-0.10014740810339624 0.10151110733337798 -0.10326151530927428 -0.035746455847527496 0.076612013399642687 -0.092556623277674388 0.078857301729003515 -0.028589352742675701 0.011158394733065831 0.10218877024909766 -0.04415633833613869 0.068566948917322484 -0.077365105024584158 0.053170966632822503 0.10201167142158302 0.0031971177581730965 0.10187651802452352 -0.10001270745343203 -0.10765553045114579 -0.10626154087273343 -0.10258292962755676 0.10142731187471009 -0.10143267024413878 0.10040151770271795 -0.10044362193110488 -0.10053136609972156 -0.10008710784812234 -0.10014763089774444 -0.10001815976313462 -0.10004903267919552 -0.10003865417450648
leaf_weight=0.020783889049198589 0.33120415883604426 0.45012163568753827 0.93178227776661493 0.12065678171347816 0.5452306643128394 0.47458715969696641 0.29923929832875718 1.0379678290337322 0.54924700781702995 0.38376423646695901 0.45486499305116013 0.073051160667091608 0.14406960690394044 0.14967770548537374 0.1291833944269456 0.2306715464219451 0.03810749169497285 0.12679591029882431 0.055453483015298843 0.21149768913164735 0.11622364353388548 0.14093562285415828 0.1242959646624513 0.16653722917544656 0.027818289119750261 0.0087918893259484321 0.0058640618808567515 0.010622115143632982 0.005614245339529588 0.0052988097595516584
leaf_count=8 26 27 29 11 17 30 9 39 38 16 32 9 9 6 10 12 170 2 1 10 10 6 32 27 4 8 2 35 6 9
internal_value=0.000586038 0.0109299 0.00478219 0.0237961 -0.0237487 0.00292722 0.00542402 -0.0234517 0.0560667 -0.0243842 0.0169838 -0.0506643 -0.0683327 0.0388089 -0.0865987 0.096328 -0.100589 -0.102833 -0.101861 -0.101436 0.101377 -0.100766 0.100897 -0.100342 -0.100276 -0.1001 -0.100033 -0.100049 -0.10002 -0.100016
internal_weight=7.36996 5.21123 4.88002 2.92842 1.9516 1.40637 2.33658 1.48809 0.848486 2.15873 0.838629 1.3201 1.10241 0.217694 0.958339 0.591848 0.829156 0.756105 0.629309 0.573855 0.471191 0.362357 0.24052 0.221422 0.0680162 0.0401979 0.0548846 0.019414 0.0490205 0.0434063
internal_count=650 280 254 178 76 59 113 66 47 370 48 322 261 61 252 65 242 233 231 230 54 220 42 214 55 51 187 43 185 179
is_linear=0
shrinkage=0.1


Tree=81
num_leaves=31
num_cat=0
split_feature=36 50 8 44 12 2 5 5 10 4 19 45 23 24 34 19 36 1 13 48 36 28 3 47 2 17 0 0 7 39
split_gain=0.181107 0.317241 0.239489 0.355825 0.292348 0.296084 0.230839 0.21185 0.206831 0.208501 0.201644 0.166188 0.161285 0.137562 0.11558 0.0804916 0.0727661 0.0707916 0.0173045 0.0700398 0.00429751 0.00514111 0.00169224 7.01079e-05 1.75947e-05 1.4737e-05 3.53371e-06 1.54887e-07 6.08509e-09 2.48112e-10
threshold=0.13332176953554156 0.51756414771080028 38.613803863525398 0.43815198540687567 2.5000000000000004 0.42524419724941259 0.83639281988143932 3.4639766216278081 -0.071251668035984025 0.77186915278434765 1.5859531164169314 0.40693902969360357 0.18274585157632831 0.16687142103910449 0.90716007351875316 3.2752904891967778 0.23421347141265872 0.098592750728130354 33.488107681274421 0.15000000223517421 0.43651038408279424 181530.00000000003 0.21714925020933154 0.22643528878688815 0.29037532210350042 41.787811279296882 0.10426364466547967 0.095864210277795806 54.485116958618171 0.71208354830741893
decision_type=2 2 2 2 2 2 2 2 2 2 2 2 2 2 2 2 2 2 2 2 2 2 2 2 2 2 2 2 2 2
left_child=1 12 8 11 5 6 -5 13 -2 -10 -3 -4 -1 18 20 -12 -6 27 19 26 21 -13 -14 -18 -24 -25 28 29 -8 -15
right_child=2 10 3 4 16 -7 7 -9 9 -11 15 14 22 17 -16 -17 23 -19 -20 -21 -22 -23 24 25 -26 -27 -28 -29 -30 -31
leaf_value=-0.00096888892759557543 0.10117702637969724 0.04373564891765136 0.021190338596068312 0.036773265472349541 0.030299236704765489 0.070750950483876848 -0.10001246654874441 0.10193612134949091 0.078015525134638927 -0.046487731014741601 -0.051795385250668458 -0.068110535712407827 -0.088865214307605703 -0.10001110556918449 -0.011620536916142687 2.0916634955972168e-07 0.10267963726264238 0.10125058447353111 -0.10605422718621862 0.072053562284079678 -0.10654066171850592 -0.10111684736930132 -0.10060641215177089 0.099208847993775773 -0.10186100726510977 0.10077070592681964 -0.10140175724914101 -0.10060440865072331 -0.1001346951294969 -0.10003470453989549
leaf_weight=0.23869870795169879 0.50564768735785037 0.74897746060742054 0.24412555131129954 0.35904661595122911 0.2144041254359762 0.40952071384526778 0.01881341144326143 0.071923852898180485 0.25434000976383664 0.28548610096913762 0.52363284584134795 0.079216501893824898 0.14859310688916594 0.01167664190143114 0.2105260441894643 0.70261159399524331 0.1924869385547936 0.05859695456456393 0.43407195131294429 0.029266222969454248 0.32337521808221936 0.11673169849382248 0.25138747021992458 0.10092345543671399 0.20128878724062815 0.15050392248667777 0.091628512367606163 0.0059716892428696147 0.005198538288823328 0.0072036394631140857
leaf_count=21 23 32 12 27 20 38 87 3 19 21 15 25 15 65 17 25 8 7 8 15 9 21 39 25 9 20 3 1 3 17
internal_value=0.000569346 -0.0190379 0.0137725 -4.86163e-05 0.0225669 -0.00177463 -0.0289383 -0.0610667 0.0552197 0.0121722 0.00285305 -0.0502322 -0.0705154 -0.0787649 -0.0741222 -0.0221176 0.078138 0.0412682 -0.0960655 -0.0661439 -0.0994595 -0.0877733 -0.0981248 0.101243 -0.101164 0.100144 -0.101119 -0.100161 -0.100039 -0.10002
internal_weight=6.99588 2.81519 4.18069 3.13521 2.16124 1.50292 1.0934 0.734351 1.04547 0.539826 1.97522 0.973975 0.839968 0.662428 0.729849 1.22624 0.658318 0.0834489 0.578979 0.144907 0.519323 0.195948 0.601269 0.443914 0.452676 0.251427 0.11564 0.024852 0.0240119 0.0188803
internal_count=650 156 494 431 347 274 236 209 63 40 72 84 84 206 72 40 73 90 116 108 55 46 63 53 48 45 93 83 90 82
is_linear=0
shrinkage=0.1


Tree=82
num_leaves=31
num_cat=0
split_feature=13 34 23 23 18 11 17 34 48 39 43 45 33 35 8 24 11 39 10 15 51 0 50 35 2 33 15 15 7 16
split_gain=0.16433 0.192908 0.405749 0.40813 0.394258 0.24362 0.359955 0.31933 0.297819 0.266093 0.2331 0.228991 0.161346 0.151001 0.0997758 0.0752386 0.0221714 0.00266482 0.0114243 0.00115778 0.000437936 6.2316e-05 3.37305e-06 2.4379e-06 3.89087e-07 9.74042e-08 1.00672e-08 3.64222e-09 7.85954e-10 7.76055e-10
threshold=17.360984802246097 0.98341494798660289 0.33333343267440801 0.43264029920101171 0.79436099529266369 0.61459901928901683 23.283454895019535 0.61346343159675609 1.0000000180025095e-35 0.14218328893184665 0.58750000596046459 0.64091005921363842 0.61497220396995556 0.54812291264534008 50.043935775756843 0.17757746577262881 0.1224527806043625 0.49950884282588964 -0.057872151955962174 -0.91506776213645924 0.47765462100505834 0.66244539618492138 0.52281171083450328 0.67429694533348095 0.10646088421344758 0.58324715495109569 -0.493219643831253 0.7434181571006776 44.863162994384773 -0.094916943460702882
decision_type=2 2 2 2 2 2 2 2 2 2 2 2 2 2 2 2 2 2 2 2 2 2 2 2 2 2 2 2 2 2
left_child=-1 5 -3 -4 23 6 10 8 13 -10 14 15 20 16 17 -7 -8 18 -2 -19 -9 22 24 -5 27 26 -20 29 -28 -21
right_child=1 2 3 4 -6 11 7 12 9 -11 -12 -13 -14 -15 -16 -17 -18 19 25 21 -22 -23 -24 -25 -26 -27 28 -29 -30 -31
leaf_value=0.069302099371633286 0.033543324992593188 0.10235878437549187 -0.092935031952512639 0.10125162592142303 -0.046235331573276535 -0.047793726365643066 -0.056301079612709283 0.10296101902915572 -0.040760488265682626 0.071710154895669995 0.079690058964716606 0.01289766735541787 0.014265034654598075 -0.0016450435945784645 0.052127381176728119 -0.10351485510326955 -0.10132627724009938 -0.1137700365572155 -0.10017755368084232 -0.1000641449446019 0.097280962825812223 -0.10362545594237907 -0.10112942959238269 0.10075573768428486 -0.10052000837113731 -0.10037159965329528 -0.10005202218424414 -0.10011117709972533 -0.10001306852780636 -0.10001408192920852
leaf_weight=0.33015495329163957 0.0074898795210174276 0.49365377810318012 0.36662928265286587 0.16510867513716221 0.32518881035503 0.49398503088741541 0.16594417876331158 0.28859406744595606 0.32311558426590636 0.60278215135622304 0.09508917760103941 0.42508530159830116 0.36347239237511531 0.37664869241416454 0.045592545648105443 0.47566727665252984 0.32076892504119314 0.1063847020268438 0.005307720508426427 0.0035594997680161713 0.25627938529942185 0.13040061667561531 0.16016864916309714 0.24812965025193989 0.033596473280340433 0.01426139147952199 0.0075663844909289448 0.0052986426453571758 0.016420462670794223 0.023800282309821785
leaf_count=21 10 31 9 15 15 28 14 14 19 38 5 32 27 22 7 18 37 1 1 7 26 2 7 33 3 2 10 3 83 110
internal_value=0.00051832 -0.00306021 0.0269842 -0.00668736 0.0361346 -0.0131781 0.00143338 0.0175787 -0.00693556 0.0324607 -0.0650674 -0.0482997 0.065867 -0.0491854 -0.0896542 -0.075128 -0.085975 -0.102224 -0.0805396 -0.104614 0.100289 -0.101884 -0.100881 0.100954 -0.100281 -0.100157 -0.100053 -0.100035 -0.100025 -0.100021
internal_weight=6.67614 6.34599 1.59871 1.10506 0.738427 4.74728 3.35254 2.69761 1.78926 0.925898 0.654936 1.39474 0.908346 0.863362 0.559847 0.969652 0.486713 0.514255 0.0510458 0.463209 0.544873 0.356824 0.226424 0.413238 0.0662549 0.043556 0.0292946 0.0326584 0.0239868 0.0273598
internal_count=650 629 103 72 63 526 448 197 130 57 251 78 67 73 246 46 51 239 106 133 40 132 130 48 123 96 94 120 93 117
is_linear=0
shrinkage=0.1


Tree=83
num_leaves=31
num_cat=0
split_feature=36 37 8 16 51 16 35 35 38 37 47 1 50 15 50 3 1 33 3 45 37 8 47 13 19 22 6 21 18 37
split_gain=0.162789 0.274644 0.216412 0.239946 0.376304 0.195571 0.21016 0.251654 0.238718 0.18833 0.195442 0.170589 0.141707 0.0858473 0.00605404 1.76309e-05 1.6733e-05 1.32915e-05 7.22401e-06 3.79258e-06 2.14755e-06 4.74013e-07 2.67834e-07 2.30383e-07 3.8185e-09 5.24579e-10 1.71937e-10 1.82737e-11 8.51691e-12 4.93853e-12
threshold=0.13332176953554156 0.55616044998168956 31.980230331420902 0.07576987519860269 0.55477729439735424 0.64803576469421398 0.521297186613083 0.46737182140350347 0.38877451419830328 0.4747766256332398 0.18982805311679843 0.26696094870567327 0.52281171083450328 -0.067506559193134294 0.56787469983100902 0.80140358209609996 0.26356130838394171 0.5790420174598695 9.91369676589966 0.54661914706230175 0.51483696699142467 58.411949157714851 0.34071741998195654 21.963002204895023 3.5109268426895146 -20.809539794921871 54.230463027954109 -0.017898832447826859 0.022884677164256576 0.5632004737854005
decision_type=2 2 2 2 2 2 2 2 2 2 2 2 2 2 2 2 2 2 2 2 2 2 2 2 2 2 2 2 2 2
left_child=1 2 -1 4 12 6 7 -2 -8 -10 -11 14 -4 -12 16 17 18 -15 19 23 -17 22 -22 24 25 -9 27 -27 29 -29
right_child=5 -3 3 -5 -6 -7 8 11 9 10 13 -13 -14 15 -16 20 -18 -19 -20 -21 21 -23 -24 -25 -26 26 -28 28 -30 -31
leaf_value=-0.10149928773433506 0.036271902580299754 0.042994519752005599 -0.087003102856719389 -0.068884899588597448 0.085961151552275919 -0.052637708202048897 -0.03639088583204847 -0.10005267894408719 -0.008489358434801586 -0.002800485743836045 0.043184444692560359 0.035873531641276525 0.010247304041656038 0.10212074350526108 -0.057394838626093236 0.10101910472431336 -0.10337090739256644 0.10106734516855274 -0.10198119961616048 -0.10098532363596679 0.10057878641265933 0.10069488599507539 0.10032852632179673 -0.10037464789171401 -0.1001037438343485 -0.10001540801081704 -0.10003200520069655 -0.10000789360369176 -0.10001262419782009 -0.10001224552419655
leaf_weight=0.40422819598461579 0.46668903337558809 0.56167145678773511 0.30641009318060219 0.6133631597913336 0.3981300825253129 0.39613472955534224 0.3659591595642272 0.0035968646698172338 0.41504729399457563 0.31857215613126744 0.35542593410355028 0.12718646205030382 0.29321428737603128 0.23101487138774235 0.034635364077985287 0.13649144861847162 0.031546372920274734 0.24876680062152445 0.057149145752191544 0.19118991302093491 0.074190341983921826 0.116407465422526 0.10095794458175078 0.031350560020655394 0.0056341631570830933 0.0061706999877066916 0.0041501683735987163 0.019227780085201211 0.0063968520626076488 0.0030166748038027427
leaf_count=29 28 28 38 30 19 17 23 6 21 14 34 8 12 11 4 11 1 32 1 15 11 15 30 4 2 29 8 125 31 13
internal_value=0.000502096 -0.0188442 -0.0360785 -0.0196644 0.0105935 0.0138079 0.0216632 -0.0170673 0.0378571 0.0514643 0.0671952 -0.0648232 -0.039448 0.0848469 -0.0973236 0.101158 -0.101171 0.101575 -0.10096 -0.100744 0.100692 0.100538 0.100435 -0.100164 -0.100026 -0.100016 -0.100013 -0.10001 -0.100009 -0.100008
internal_weight=6.32393 2.57702 2.01535 1.61112 0.997754 3.74691 3.35077 0.98794 2.36283 1.99687 1.58183 0.521251 0.599624 1.26325 0.394065 0.907829 0.359429 0.479782 0.327883 0.270734 0.428047 0.291556 0.175148 0.0795438 0.0481932 0.042559 0.0389622 0.034812 0.0286413 0.0222445
internal_count=650 156 128 99 69 494 477 275 202 179 158 247 50 144 239 110 235 43 234 233 67 56 41 218 214 212 206 198 169 138
is_linear=0
shrinkage=0.1


Tree=84
num_leaves=31
num_cat=0
split_feature=1 4 37 43 33 8 34 36 12 11 9 3 23 8 12 50 48 28 3 34 35 19 3 51 28 1 34 11 19 22
split_gain=0.150048 0.229198 0.23347 0.289651 0.249432 0.208505 0.208583 0.182514 0.19079 0.175928 0.161328 0.183511 0.16039 0.152002 0.100797 0.0854049 0.0678163 0.0623712 0.00537258 0.000181589 6.55739e-05 2.70603e-05 1.73536e-05 4.8233e-06 6.96287e-07 2.63519e-07 1.36796e-07 9.24771e-09 2.45703e-09 8.11977e-10
threshold=0.17397624254226687 0.11836510524153711 0.50659596920013439 0.58750000596046459 0.79441821575164806 63.162189483642585 0.55510541796684276 0.3522451519966126 1.0000000180025095e-35 0.31719627976417547 -0.048662086948752396 1.6290082335472109 0.57245782017707836 29.214034080505375 17.500000000000004 0.50031399726867687 0.15000000223517421 4252.0000000000009 0.18602897226810458 0.99929806590080272 0.75984579324722301 4.7099204063415536 0.67540192604064953 0.52240377664566051 587.85714721679699 0.052919927984476096 0.55860397219657909 0.089781224727630629 0.13812254369258883 -17.129097938537594
decision_type=2 2 2 2 2 2 2 2 2 2 2 2 2 2 2 2 2 2 2 2 2 2 2 2 2 2 2 2 2 2
left_child=7 -2 5 13 -5 6 12 10 -9 -8 15 14 -3 -4 18 17 22 -1 -12 20 21 23 -15 24 -20 28 27 -19 -26 -29
right_child=1 2 3 4 -6 -7 9 8 -10 -11 11 -13 -14 16 -16 -17 -18 26 19 -21 -22 -23 -24 -25 25 -27 -28 29 -30 -31
leaf_value=0.091933698094734617 0.10117230530785432 0.0015217998463732179 -0.0068969248730921407 0.040342310140512039 -0.063868899169892759 -0.086437543954999974 -0.019263257119150234 -0.037656697241824189 0.068754909614228837 0.075832887885197542 -0.067760219615695311 0.047353928031939538 -0.087181783077007247 0.10210601455260437 0.0033293189099318429 0.10058800453621941 0.044131978699397535 -0.10014704906872303 -0.10103570268728634 -0.10617278880223735 -0.10517397138091254 -0.10222153761034386 0.10100522232415188 -0.10115524520696753 -0.10001181242072602 -0.10032890252962766 -0.10042023603534721 -0.10006178215678985 -0.10007799261059586 -0.10001459336458388
leaf_weight=0.024631531094200576 0.26173989241942752 0.44233649753732585 0.252409707172774 0.44316392182372499 0.47678581136278808 0.38038203038740892 0.35567689966410398 0.33131778286769975 0.3428439786657691 0.42940912232734263 0.048335155355744175 0.12094963388517499 0.37806818606622983 0.27111140987835824 0.11044770642183721 0.096808443020563573 0.32082067831652239 0.016817509022075683 0.012447480970877223 0.10503692552447319 0.046774324029684067 0.17578231007792056 0.30357086926233023 0.1125937991309911 0.029863871823181398 0.12458126216370147 0.022338993498124182 0.007309455904760398 0.006907441100338473 0.0072762744130159263
leaf_count=2 26 26 15 27 15 15 15 18 30 27 8 9 17 21 10 6 37 6 8 2 1 10 39 6 174 27 4 8 6 35
internal_value=0.000475569 0.0104772 0.00462128 0.0281394 -0.0136676 -0.0198678 -0.00409574 -0.0242866 0.0164588 0.0327503 -0.0499848 -0.0671849 -0.0393556 0.061644 -0.0851119 0.0377641 0.0809632 -0.039837 -0.0998602 -0.102387 -0.101606 -0.101245 0.101525 -0.100645 -0.100315 -0.100259 -0.100231 -0.100097 -0.100024 -0.100038
internal_weight=6.05854 4.31548 4.05374 2.06786 0.91995 1.98587 1.60549 1.74306 0.674162 0.785086 1.0689 0.89372 0.820405 1.14791 0.77277 0.175182 0.895503 0.0783738 0.662323 0.613987 0.50895 0.462176 0.574682 0.286394 0.1738 0.161353 0.0537422 0.0314032 0.0367713 0.0145857
internal_count=650 280 254 154 42 100 85 370 48 42 322 261 43 112 252 61 97 55 242 234 232 231 60 221 215 207 53 49 180 43
is_linear=0
shrinkage=0.1


Tree=85
num_leaves=31
num_cat=0
split_feature=0 36 9 17 48 38 19 35 23 2 34 20 51 47 10 19 2 50 50 51 1 16 34 5 14 8 37 10 9 28
split_gain=0.148886 0.205415 0.216849 0.19608 0.265825 0.276951 0.19372 0.252423 0.202159 0.181024 0.148946 0.086046 0.0358178 0.0198513 0.0150535 0.00276668 0.00049592 0.000309205 2.71237e-05 7.5881e-06 2.97061e-06 2.34813e-06 8.69581e-07 6.28437e-07 1.81699e-07 8.21641e-10 4.45101e-11 7.89736e-13 7.93608e-13 8.58482e-13
threshold=0.29370516538620001 0.08614096045494081 0.048900047317147262 27.83172702789307 0.25000000745058065 0.52790078520774852 1.7393819689750674 0.5642564892768861 0.86786469817161571 0.099289935082197203 0.73006755113601696 2.5000000000000004 0.46826636791229254 0.51145976781845104 -0.027130534872412678 1.5543690323829653 0.1726435795426369 0.65820974111557018 0.82102158665657055 0.56291666626930248 0.20135308802127841 0.21310983598232272 0.60887333750724804 0.57914194464683544 20.415602684021 49.82269477844239 0.55671387910842907 0.010621800553053619 -0.050786092877387994 4252.0000000000009
decision_type=2 2 2 2 2 2 2 2 2 2 2 2 2 2 2 2 2 2 2 2 2 2 2 2 2 2 2 2 2 2
left_child=1 10 6 11 5 13 7 15 9 -8 14 -2 -11 -5 -1 19 -4 22 -15 20 23 -20 -16 -3 25 -25 27 28 -27 -30
right_child=3 2 16 4 -6 -7 8 -9 -10 12 -12 -13 -14 18 17 -17 -18 -19 21 -21 -22 -23 -24 24 -26 26 -28 -29 29 -31
leaf_value=-0.065491633765970655 0.0096797663750879271 -0.10056927638275943 0.091463695926934041 0.063503079130854942 -0.032454276186173435 0.0031565518283928236 -0.028124574481443662 0.0041285088302164766 -0.044125676387277969 0.050513698860748205 0.0025221807946294826 -0.052450495848662682 0.10211771303928779 0.10211798130863768 -0.10025795099657842 -0.074517652747251292 0.10121982217396824 -0.10646076215616113 0.10059213086630531 -0.10155068926300848 -0.10110799253109448 0.10114055901867527 -0.10068419055074791 -0.10006131684288076 -0.10029751125150375 -0.10000792578077122 -0.10001565279813709 -0.10000823082460153 -0.10000823081776578 -0.10000582656914639
leaf_weight=0.15277237416012213 0.45063958759419653 0.094957398454426634 0.094559244615083915 0.17313528980594106 0.432554137893021 0.56621644308324903 0.22381763343582839 0.53203056729398668 0.35049335905932821 0.24579311249544844 0.25277078081853688 0.44109200011007488 0.2970605079899542 0.35054781544022262 0.099103124230169093 0.044411230512196198 0.11604106606682763 0.15591412596404552 0.17297120415605605 0.10839403793215752 0.075513286516070366 0.14229262201115489 0.092572591733187437 0.0034022192994598291 0.08688418215024285 0.0029456233642129971 0.0077201076564961104 0.0028641240351134903 0.0016907185781739375 0.012215321828989545
leaf_count=15 20 15 28 14 18 36 12 33 21 20 14 20 21 22 34 4 13 3 37 4 3 11 8 4 27 21 30 22 15 105
internal_value=0.000452468 -0.0147161 0.000122206 0.0174243 0.0360948 0.0571964 -0.00962266 -0.0422431 0.0187891 0.0475514 -0.0600465 -0.0210528 0.0787525 0.0936686 -0.0916546 -0.0981869 0.0968393 -0.103154 0.101513 -0.100837 -0.100569 0.10084 -0.100464 -0.100378 -0.100223 -0.100015 -0.100009 -0.100007 -0.100006 -0.100006
internal_weight=5.78338 3.05393 2.30079 2.72945 1.83772 1.40516 2.09019 0.973029 1.11716 0.766671 0.753133 0.891732 0.542854 0.838947 0.500362 0.440998 0.2106 0.34759 0.665812 0.396587 0.288193 0.315264 0.191676 0.21268 0.117722 0.0308381 0.0274359 0.0197158 0.0168517 0.013906
internal_count=650 472 398 178 138 120 357 283 74 53 74 40 41 84 60 250 41 45 70 246 242 48 42 239 224 197 193 163 141 120
is_linear=0
shrinkage=0.1


Tree=86
num_leaves=31
num_cat=0
split_feature=5 1 37 18 36 51 34 4 3 34 15 3 11 45 5 5 43 11 8 14 35 36 3 19 3 6 37 9 24 28
split_gain=0.143332 0.19202 0.19476 0.265676 0.261063 0.204152 0.229554 0.161242 0.145408 0.137308 0.202732 0.0879184 0.0282494 0.0103194 0.00788507 5.66131e-05 2.20365e-05 7.52442e-06 6.94347e-06 1.6677e-06 8.91529e-07 6.4112e-07 6.09325e-08 1.68476e-09 1.36881e-09 9.7546e-11 1.09337e-11 3.94783e-12 1.11657e-12 6.03625e-13
threshold=1.4177899360656741 0.064368907362222685 0.55616044998168956 0.0079193585552275198 0.13170417398214343 0.71736335754394542 0.44388334453105932 2.0312211513519292 1.4288508892059328 0.57194268703460704 0.070995699614286437 0.59973129630088817 0.42237712442874914 0.51654300093650829 0.42370471358299261 0.38812765479087835 0.61250001192092907 0.6804034709930421 31.407716751098636 50.606929779052741 0.51319471001625072 0.13332176953554156 5.852816343307496 1.4671111106872561 0.99842393398284923 54.230463027954109 0.5350642502307893 0.026116858236491684 0.038750000298023231 32998.085937500007
decision_type=2 2 2 2 2 2 2 2 2 2 2 2 2 2 2 2 2 2 2 2 2 2 2 2 2 2 2 2 2 2
left_child=1 13 4 -4 9 6 -6 8 11 14 -11 -2 15 17 -3 -8 18 20 -5 21 22 -20 23 24 -1 26 27 29 -28 -26
right_child=7 2 3 16 5 -7 12 -9 -10 10 -12 -13 -14 -15 -16 -17 -18 -19 19 -21 -22 -23 -24 -25 25 -27 28 -29 -30 -31
leaf_value=-0.10006808187857362 -0.034281171493156154 -0.069844763009713956 -0.035919828238627396 0.10182131788790663 -0.003181753333074184 -0.02680349733847617 0.1020456333156316 0.021825194163279937 0.0079740100446276645 0.025124206103774274 -0.063886716601317714 -0.10107110002938735 0.061307616656282593 -0.011581125617115502 -0.10307847685932968 0.099857057711805627 0.10236090752383385 -0.10200399345994804 0.10078147269830953 0.10102912222755052 -0.10063518887831338 0.100346883902196 -0.10031027608832382 -0.10007045915237045 -0.10000698214150811 -0.10002589521342858 -0.10001223134437526 -0.10001036267734653 -0.1000098871587472 -0.10000558748644212
leaf_weight=0.0046676416823178126 0.37907827811432049 0.12504688379704099 0.19508406007662404 0.075369145721197128 0.46593274977931265 0.44707379976171058 0.24083034304203466 0.52533171634422604 0.35600814351346344 0.62526949751190819 0.43312997417524457 0.41052195051452145 0.28946788306348026 0.014152932933939155 0.16638323826191481 0.23210468725301325 0.17849940061569214 0.038363365456461906 0.05386234272737056 0.10587680921889842 0.065016731387004256 0.091801046801265329 0.0092509100213646889 0.0073224730440415433 0.0041973983970819964 0.003380152484169229 0.0034975187663803808 0.0023206835649034465 0.0048488434185856022 0.011906620773515897
leaf_count=3 27 19 17 3 35 31 16 33 21 35 13 19 34 8 24 25 10 2 7 10 6 36 1 5 35 8 15 14 25 113
internal_value=0.000452165 0.0109636 0.0156916 0.0632056 0.00468977 0.0310574 0.0521169 -0.0240481 -0.0450838 -0.0280378 -0.0113018 -0.069006 0.085912 -0.0933153 -0.0888185 0.100972 0.101467 -0.100789 0.100979 0.100727 -0.100389 0.100508 -0.100078 -0.100027 -0.100018 -0.10001 -0.100008 -0.100007 -0.100011 -0.100006
internal_weight=5.5656 3.89466 3.72573 0.700493 3.02524 1.67541 1.22834 1.67094 1.14561 1.34983 1.0584 0.7896 0.762403 0.168925 0.29143 0.472935 0.505409 0.154772 0.326909 0.25154 0.116409 0.145663 0.0513922 0.0421413 0.0348189 0.0301512 0.0267711 0.0184247 0.00834636 0.016104
internal_count=650 550 315 83 232 141 110 100 67 91 48 46 75 235 43 41 66 227 56 53 225 43 219 218 213 210 202 162 40 148
is_linear=0
shrinkage=0.1


Tree=87
num_leaves=31
num_cat=0
split_feature=0 17 34 19 15 1 47 19 33 28 35 34 18 45 35 35 10 10 0 28 51 14 35 4 45 3 12 6 10 37
split_gain=0.139 0.19468 0.196776 0.211643 0.17713 0.222487 0.299955 0.18802 0.167293 0.150398 0.191681 0.12329 0.0950058 0.0792764 0.046716 0.0439005 0.0302128 0.00131998 0.00396635 2.26536e-05 5.16993e-06 1.08446e-06 1.41524e-07 4.11502e-08 6.66923e-09 9.93244e-10 1.56906e-10 6.22355e-11 5.73681e-12 1.7184e-12
threshold=0.29370516538620001 37.322582244873054 0.95824134349823009 3.0174875259399419 -1.2774457335472105 0.52528837323188793 0.55275100469589245 -1.0000000180025095e-35 0.4524011909961701 152990.42187500003 0.5642564892768861 0.84947654604911815 -0.0091425087302923185 0.23864406347274783 0.54845532774925243 0.62898227572441112 0.12328537926077844 1.0000000180025095e-35 0.11318533122539522 209423.50000000003 0.50532519817352306 19.888863563537601 0.51124638319015514 3.3433247804641728 0.86105346679687511 0.99842393398284923 5.5000000000000009 53.727539062500007 -0.057872151955962174 0.56208363175392162
decision_type=2 2 2 2 2 2 2 2 2 2 2 2 2 2 2 2 2 2 2 2 2 2 2 2 2 2 2 2 2 2
left_child=1 2 3 9 -2 6 -6 -7 14 10 13 15 -9 -1 -3 -10 19 18 23 -8 21 -11 24 25 26 -15 27 28 -23 -30
right_child=4 8 -4 -5 5 7 16 12 11 20 -12 -13 -14 17 -16 -17 -18 -19 -20 -21 -22 22 -24 -25 -26 -27 -28 -29 29 -31
leaf_value=0.061497264047496905 0.10206774153995615 -0.0095334061712070428 0.1009990037123534 0.059710882307484836 -0.013018775171970793 0.045160269685486351 0.10087116637908433 -0.087955376384568781 -0.056068944187106874 -0.10077672724459621 0.072738008103930343 -0.015090661017317018 -0.019015554479861085 -0.10006827308887956 0.067864711371062078 -0.10328357536377215 0.053550387605374783 -0.10081999147205245 -0.021023724251871628 0.10231392835191436 -0.10140462046152332 -0.10001182365234129 -0.10031089762893851 -0.10029798088235345 -0.10012057059337996 -0.10000619687404844 -0.1000322320721454 -0.10002299907712553 -0.10000560006763266 -0.10000849532911045
leaf_weight=0.039149926975369675 0.22506146738305721 0.15958141881856125 0.2206308032036759 0.34276833143667318 0.57426154590211831 0.29882014606846496 0.22963370126672089 0.33995232405140996 0.42465390826691851 0.058469766459893435 0.18882802751613781 0.51451975683448836 0.48521341022569664 0.0040476664435118437 0.15251434943638742 0.36723635578528047 0.18739152932539582 0.13611302750359755 0.0087802615598775446 0.20687219873070717 0.089836364495567977 0.0021081451632198852 0.059541494498262182 0.011570628266781569 0.0080036950239446014 0.0070966978782962542 0.0037174299359321586 0.0029083485860610372 0.010075715348648377 0.0025735936360433706
leaf_count=3 14 28 29 29 35 23 36 11 34 6 18 36 32 2 12 14 10 32 3 17 6 9 9 2 4 64 7 8 102 15
internal_value=0.000437856 -0.0148787 0.0157124 -0.00357529 0.017363 0.00915343 0.0391334 -0.0228049 -0.0374882 -0.0378543 -0.00010159 -0.0532022 -0.0474174 -0.0666245 0.0282894 -0.0779646 0.0871365 -0.0965512 -0.0781026 0.101555 -0.100807 -0.100442 -0.100222 -0.100166 -0.100043 -0.100029 -0.100014 -0.10001 -0.100007 -0.100006
internal_weight=5.36193 2.81473 1.19622 0.975589 2.54721 2.32214 1.19816 1.12399 1.61851 0.632821 0.395586 1.30641 0.825166 0.206758 0.312096 0.79189 0.623897 0.167608 0.0314953 0.436506 0.237235 0.147398 0.0889284 0.022715 0.0293869 0.0111444 0.0213832 0.0176658 0.0147575 0.0126493
internal_count=650 472 348 319 178 164 98 66 124 290 124 84 43 106 40 48 63 103 71 53 166 160 154 68 145 66 141 134 126 117
is_linear=0
shrinkage=0.1


Tree=88
num_leaves=31
num_cat=0
split_feature=13 34 5 24 3 45 24 33 4 2 5 38 4 16 16 10 34 8 28 11 23 1 35 1 5 1 19 22 6 37
split_gain=0.125488 0.15016 0.155134 0.184058 0.242652 0.202393 0.199234 0.186481 0.272788 0.221732 0.175064 0.196766 0.164895 0.114447 0.0993269 0.0700664 0.0341909 0.0025772 0.00011481 2.19295e-05 1.07672e-05 2.9798e-06 1.11743e-06 2.39139e-07 4.28023e-08 9.75979e-09 1.66775e-09 2.164e-10 4.64339e-11 5.92125e-12
threshold=17.360984802246097 0.27326683700084692 1.3428965210914614 0.43614132702350622 0.050638578832149513 0.59601783752441417 0.6659226417541505 0.47482396662235266 1.0862482190132143 0.16442583501338962 2.2760730981826787 0.48731677234172827 0.26055113971233373 -0.009734506253153084 0.15929500758647921 -0.066143240779638277 0.68471592664718639 58.032253265380866 92.321350097656264 0.230445571243763 0.52659308910369884 0.13586448132991794 0.51159533858299266 0.11305898427963258 0.70222276449203502 0.087989896535873427 3.5109268426895146 -20.809539794921871 53.727539062500007 0.5350642502307893
decision_type=2 2 2 2 2 2 2 2 2 2 2 2 2 2 2 2 2 2 2 2 2 2 2 2 2 2 2 2 2 2
left_child=-1 15 3 4 -3 7 -5 -6 9 17 14 -12 -11 -8 -4 -2 -7 18 -9 -17 -18 22 23 24 -20 26 27 -26 29 -29
right_child=1 2 10 6 5 16 13 8 -10 12 11 -13 -14 -15 -16 19 20 -19 21 -21 -22 -23 -24 -25 25 -27 -28 28 -30 -31
leaf_value=0.068432063738641857 -0.0053806208637916303 -0.073225571385239024 -0.025180618242933564 -0.081123106088461683 0.083912707412789098 0.047112191282129116 0.094809669768425642 -0.10595179918841438 0.074321610933609089 0.072630595366258016 0.061523557218290829 -0.04290869432019595 -0.032309037391880173 -0.031837528607286954 -0.10095409228742194 -0.10305475391096647 0.10176476481036614 -0.070275919217779356 -0.10024181057133724 -0.10101769725021435 0.10076401318590233 -0.10140439719665369 -0.10073704641281006 -0.10072735409899725 -0.10003832664602211 -0.10017177790171686 -0.1000792952456363 -0.10000543934183717 -0.10002118315065496 -0.10000923567856257
leaf_weight=0.25767445063684125 0.1155612962320447 0.22206985764205533 0.35764423179352867 0.37298357008330629 0.34459895716281641 0.16002081625629205 0.13913644745480269 0.053018953651189582 0.36794907320290804 0.23439950495958328 0.35561944206710905 0.36621123901568353 0.41456732875667512 0.14646326307047275 0.33507002971600741 0.092942864008364157 0.20495794111047871 0.028742926137056202 0.016463333973661065 0.12250172934000148 0.22612069279421121 0.053384572267532349 0.10462326928973198 0.0071689090691506854 0.0027133742514708894 0.0051356740295886985 0.0043057166039943686 0.012839137929404165 0.0024897728726500637 0.0060419099099817677
leaf_count=21 9 12 35 39 24 15 17 1 32 21 24 18 36 27 11 14 22 4 3 29 38 2 8 1 6 1 2 136 7 35
internal_value=0.000420496 -0.00317379 0.0015623 0.0139823 0.0264995 0.0363441 -0.0329938 0.0184368 0.00126357 -0.0271557 -0.0259215 0.00854124 0.00559398 0.0298616 -0.0618327 -0.0682007 0.0865865 -0.0987337 -0.101784 -0.101896 0.10124 -0.100757 -0.100543 -0.100187 -0.10011 -0.100045 -0.100022 -0.100012 -0.100008 -0.100007
internal_weight=5.13342 4.87575 4.54474 3.1302 2.47161 2.24954 0.658583 1.65844 1.31384 0.945894 1.41454 0.721831 0.648967 0.2856 0.692714 0.331006 0.591099 0.296928 0.268185 0.215445 0.431079 0.215166 0.161781 0.0571578 0.0499889 0.0335256 0.0283899 0.0240842 0.0213708 0.018881
internal_count=650 629 577 489 406 394 83 319 295 263 88 42 57 44 46 52 75 206 202 43 60 201 199 191 190 187 186 184 178 171
is_linear=0
shrinkage=0.1


Tree=89
num_leaves=31
num_cat=0
split_feature=7 7 34 11 37 38 15 35 35 14 4 45 2 43 3 38 33 9 2 23 1 5 0 0 39 4 1 22 3 7
split_gain=0.149056 0.17501 0.193089 0.251308 0.205395 0.191149 0.188206 0.185662 0.216578 0.183141 0.18041 0.170193 0.150687 0.139235 0.105335 0.0749337 0.0368059 0.00253203 2.15616e-05 4.56313e-06 1.79939e-06 3.6189e-07 3.13456e-07 2.62549e-07 7.37374e-08 1.96161e-08 8.63125e-09 5.84903e-10 4.30701e-10 1.65161e-10
threshold=84.483837127685561 83.545612335205092 0.98341494798660289 0.61459901928901683 0.53892579674720775 0.42202435433864599 -1.2774457335472105 0.521297186613083 0.74244233965873729 34.573905944824226 0.58794519305229198 0.25006026774644857 0.11459543555974962 0.61250001192092907 1.4288508892059328 0.47080653905868536 0.66548535227775585 -0.028748040087521073 0.28199221193790441 0.51771157979965221 0.18887956440448764 0.39584900438785559 0.09852201491594316 0.077726691961288466 0.99999994039535534 3.4445953369140629 0.087989896535873427 7.7050566673278817 0.52216666936874401 36.670286178588874
decision_type=2 2 2 2 2 2 2 2 2 2 2 2 2 2 2 2 2 2 2 2 2 2 2 2 2 2 2 2 2 2
left_child=1 2 3 4 6 -4 -1 11 10 -5 -9 -8 13 22 18 -11 -7 -14 20 -18 21 -13 23 25 26 27 28 -6 -23 -30
right_child=-2 -3 5 9 12 16 7 8 -10 15 -12 14 17 -15 -16 -17 19 -19 -20 -21 -22 24 -24 -25 -26 -27 -28 -29 29 -31
leaf_value=0.098477565334611578 0.10088409486594917 -0.10903242790915653 -0.0077210094127451376 0.033474394454122057 -0.10000943126412881 0.040323477489062044 0.042984873721540418 0.080595043830020599 -0.058082840023415183 -0.03331088312250919 -0.01011600159260239 -0.1005249170737 0.083792420003888188 0.10209355707094214 0.0026780498060585459 -0.095353148202553639 0.10134926681189571 0.10101292149905648 -0.10193230710332063 0.10063300115759762 -0.10080580086315249 -0.10004568062378867 -0.10074521845088302 -0.10063680436972276 -0.10029951819562254 -0.10022760961463457 -0.10009862486839112 -0.10005591909093213 -0.10003238830318638 -0.10000555957131468
leaf_weight=0.15663410536944899 0.14329946850193653 0.14971394091844548 0.41966579144354899 0.20505060217692495 0.0065123049971588243 0.13886315812123939 0.14134422386996526 0.43462460546288617 0.35133760666940361 0.31169542402494699 0.44244582630926743 0.033103751338785514 0.12772648432292044 0.054293625056743622 0.12370228092186153 0.51850903162267059 0.18687089171726257 0.25756144727347419 0.22309191201929934 0.16972763795638457 0.13493718655081466 0.0040954417199827722 0.05127358715981245 0.018863247707486153 0.017929632467712509 0.0089402269804850221 0.031057487729412969 0.0046311858750414103 0.0027113404066767535 0.014928968925232766
leaf_count=11 16 2 28 27 38 18 11 34 20 20 33 11 18 2 6 29 19 38 8 29 16 5 3 1 4 2 21 8 8 164
internal_value=0.000402367 -0.00263421 0.000834614 -0.00939515 0.00697054 0.041938 -0.00699523 -0.0154443 0.00825957 -0.0511568 0.0348351 -0.0555021 0.0626421 -0.0244378 -0.0792753 -0.0720597 0.0840002 0.0953042 -0.101225 0.101008 -0.100565 -0.100252 -0.100583 -0.100369 -0.100124 -0.100117 -0.100065 -0.100029 -0.100016 -0.10001
internal_weight=4.88514 4.74184 4.59213 3.677 2.64175 0.915127 2.11194 1.95531 1.22841 1.03526 0.87707 0.726902 0.529802 0.144514 0.585558 0.830204 0.495462 0.385288 0.461856 0.356599 0.238764 0.103827 0.0902206 0.038947 0.0707229 0.0200837 0.0527932 0.0111435 0.0217358 0.0176403
internal_count=650 634 632 538 462 94 352 341 87 76 67 254 110 54 243 49 66 56 237 48 229 213 52 49 202 48 198 46 177 172
is_linear=0
shrinkage=0.1


Tree=90
num_leaves=31
num_cat=0
split_feature=36 50 8 7 12 7 10 7 10 5 13 43 19 23 51 44 35 35 6 3 2 19 21 34 15 6 9 37 28 28
split_gain=0.127389 0.213361 0.147647 0.229803 0.176445 0.137065 0.136714 0.135773 0.132453 0.142207 0.136176 0.119782 0.154225 0.0951083 0.0931944 0.0855166 0.084809 0.010535 0.00968079 0.000741632 5.3841e-06 2.25648e-06 1.23953e-06 3.28577e-07 1.03369e-09 2.4823e-11 3.48884e-12 1.58391e-12 2.32805e-13 9.47107e-14
threshold=0.13332176953554156 0.51756414771080028 38.613803863525398 39.564392089843757 7.5000000000000009 86.115497589111342 -0.071251668035984025 49.34752273559571 -0.063564389944076524 0.83639281988143932 42.500438690185554 0.58750000596046459 1.4671111106872561 0.18274585157632831 0.56395828723907482 0.63589459657669078 0.59492358565330516 0.56841772794723522 49.993421554565437 0.19838331639766696 0.29037532210350042 -2.8506636619567867 0.0048220970202237376 0.71699073910713207 1.1114349365234377 61.844366073608406 0.055780733004212386 0.5632004737854005 4252.0000000000009 20950800.000000004
decision_type=2 2 2 2 2 2 2 2 2 2 2 2 2 2 2 2 2 2 2 2 2 2 2 2 2 2 2 2 2 2
left_child=1 13 6 -4 5 7 -2 15 -9 -10 14 12 -3 -1 18 -5 -8 -6 -11 -15 23 -20 -19 -21 25 26 27 28 -23 -30
right_child=2 11 3 4 17 -7 16 8 9 10 -12 -13 -14 19 -16 -17 -18 22 21 20 -22 24 -24 -25 -26 -27 -28 -29 29 -31
leaf_value=-0.0057017649710207757 0.099932304885234968 0.072505259386793017 -0.074443871388813795 0.099341267296468805 0.058546402834105109 0.10081781944165605 -0.035330618772357415 -0.096200660883688963 0.046426239211474235 0.060336844018848645 -0.071761847411720134 -0.042532169468760858 -0.011709368963018069 -0.090384819715171233 0.10094184628022727 -0.0063454484181185685 0.060941396260041504 0.10090051436848396 -0.10163516071500073 -0.10025175773657496 -0.10123021000604782 -0.10000515225372478 0.10039086277060467 -0.10052927763299546 -0.10007774908545307 -0.10001683984713855 -0.10000893009693644 -0.10000672022109698 -0.10000357482458425 -0.10000448080445229
leaf_weight=0.15405275142984454 0.33412284322548658 0.36571126611670457 0.3411834897960947 0.16388705234567158 0.085584789383574278 0.1262714507174677 0.18819669020012986 0.2118925018912704 0.30518027150537808 0.0041803778804023741 0.36517368594650179 0.41414524521678686 0.53643529210239649 0.089279650856042281 0.093237632478121668 0.14368516513786744 0.17809906357433647 0.082368569681420922 0.015829788520932087 0.091283075740648201 0.13254336800309829 0.0013093112938805671 0.1134498227329459 0.080098005943000317 0.0023289327509701243 0.0020638587957364498 0.0020559856711770417 0.0025184595360769899 0.007180704858910758 0.0013747954144491814
leaf_count=21 23 26 33 27 12 14 23 26 37 9 19 12 34 13 16 16 17 10 1 33 9 18 37 8 1 7 12 17 105 14
internal_value=0.000389902 -0.019827 0.0139853 0.000560915 0.0153567 0.00127713 0.0536739 -0.00823128 -0.0258792 -0.0073099 -0.0402895 0.00199057 0.0224295 -0.0723038 0.0467252 0.0499688 0.0114784 0.0878136 -0.0834177 -0.0983978 -0.100752 -0.100755 0.100605 -0.100381 -0.100015 -0.100007 -0.100005 -0.100004 -0.100004 -0.100004
internal_weight=4.63472 1.86355 2.77118 2.07076 1.72957 1.44817 0.700419 1.3219 1.01433 0.802434 0.497254 1.31629 0.902147 0.547257 0.13208 0.307572 0.366296 0.281403 0.0388422 0.393204 0.303924 0.0346618 0.195818 0.171381 0.018832 0.0165031 0.0144393 0.0123833 0.00986481 0.0085555
internal_count=650 156 494 431 398 339 63 325 282 256 219 72 60 84 200 43 40 59 184 63 50 175 47 41 174 173 166 154 137 119
is_linear=0
shrinkage=0.1


Tree=91
num_leaves=31
num_cat=0
split_feature=0 39 4 17 38 48 38 1 39 34 19 35 36 43 36 6 23 1 45 19 15 50 19 11 15 14 3 0 19 0
split_gain=0.115412 0.154482 0.13516 0.133289 0.190425 0.186343 0.12528 0.21594 0.220131 0.186532 0.141561 0.0927927 0.13746 0.0745431 0.0458524 0.0205655 0.0186677 0.00210478 0.00825614 0.0002329 4.8482e-05 9.67534e-06 4.05819e-06 2.78032e-06 1.10504e-06 4.52676e-07 2.09009e-07 2.0441e-07 6.83377e-08 1.84264e-09
threshold=0.29370516538620001 0.38000001013278967 2.7912125587463383 27.83172702789307 0.52790078520774852 0.25000000745058065 0.48731677234172827 0.20063696801662448 0.73472222685813915 0.98847797513008129 3.7832237482070927 0.55463537573814403 0.19242680072784427 0.51249998807907116 0.50229799747467052 36.475469589233406 0.85934066772460949 0.070779226720333113 0.56473860144615184 3.5669648647308354 -0.493219643831253 0.82102158665657055 1.4671111106872561 0.96314743161201488 0.7434181571006776 20.977511405944828 0.7329327166080476 0.11412571370601655 -1.2697546482086179 0.049524322152137763
decision_type=2 2 2 2 2 2 2 2 2 2 2 2 2 2 2 2 2 2 2 2 2 2 2 2 2 2 2 2 2 2
left_child=1 11 6 13 5 15 7 8 -3 10 14 17 -13 -2 19 -5 -10 18 28 20 -8 -17 -19 25 -23 26 -22 -28 -1 -30
right_child=3 2 -4 4 -6 -7 9 -9 16 -11 -12 12 -14 -15 -16 21 -18 22 -20 -21 23 24 -24 -25 -26 -27 27 -29 29 -31
leaf_value=-0.10033902720702866 0.014830407156653805 0.065055605819511031 0.085680410254972098 0.053724129919217038 -0.013551435320531966 -0.007919734126945719 -0.09642626389356479 0.092334433338503691 -0.03794912859804099 0.10061902228778159 0.077031717767195543 -0.088132152306607231 0.032287975924060221 -0.050165420027800826 -0.024759369180103807 0.10150101087978619 -0.081006148471884143 -0.10071582308082661 0.010332609883727098 -0.10702699925707326 -0.10077486171683481 0.10042646752841729 -0.10152214467350605 -0.10110590648026499 0.10085163160072415 -0.10027644650610551 -0.10000556404633432 -0.100561582692689 -0.10009948454430283 -0.1000114522899896
leaf_weight=0.01926603946776595 0.34877667727414552 0.21628744815279766 0.17104717338224862 0.11143954633735098 0.50834457768360153 0.26047297788318247 0.029749774974334287 0.25952479755505919 0.19658446092580562 0.077879347081761807 0.061492871056543663 0.17483680800069124 0.20705616465420462 0.35714656970230862 0.099936877028085291 0.27189385838573799 0.20643037453555735 0.13934767609680421 0.0086137515609152615 0.061345629394054413 0.038368849171092734 0.12510401147301309 0.11306460207561031 0.098231894575292245 0.11954795464407653 0.086485578198335133 0.008250440905612777 0.033291496336460114 0.0032614226220178963 0.0087749403719499242
leaf_count=5 21 36 17 8 38 16 6 25 26 13 9 18 24 19 7 26 14 34 3 1 4 38 8 7 12 30 99 2 2 82
internal_value=0.000396225 -0.0149872 0.00153648 0.0173628 0.0352614 0.0631903 -0.00822875 0.0157613 -0.0163275 -0.0436606 -0.065388 -0.0553002 -0.0228423 -0.0180528 -0.084608 0.092685 -0.0600036 -0.0977027 -0.0763649 -0.101422 -0.100254 0.10109 -0.101077 -0.100684 0.100634 -0.100435 -0.100607 -0.100451 -0.100222 -0.100035
internal_weight=4.42185 2.31913 1.64491 2.10273 1.3968 0.888458 1.47386 0.878827 0.619302 0.595033 0.517153 0.674221 0.381893 0.705923 0.455661 0.627985 0.403015 0.292328 0.0399162 0.355724 0.294378 0.516546 0.252412 0.264628 0.244652 0.166396 0.0799108 0.0415419 0.0313024 0.0120364
internal_count=650 472 296 178 138 100 279 101 76 178 165 176 42 40 156 84 40 134 92 149 148 76 42 142 50 135 105 101 89 84
is_linear=0
shrinkage=0.1


Tree=92
num_leaves=31
num_cat=0
split_feature=36 50 16 34 10 2 8 38 34 33 6 24 36 35 23 37 2 3 2 47 5 36 7 10 47 0 33 38 0 15
split_gain=0.106145 0.180671 0.12651 0.22061 0.237306 0.152136 0.195157 0.194508 0.12702 0.128822 0.11867 0.112529 0.134392 0.10571 0.091493 0.0200195 0.00162279 0.000828528 1.10067e-05 4.68117e-06 3.56157e-06 2.45565e-06 8.41614e-07 8.6664e-07 4.84487e-07 4.67659e-07 1.29754e-07 3.98655e-08 2.08123e-08 6.66635e-10
threshold=0.13332176953554156 0.51756414771080028 -1.0064286291599271 0.27326683700084692 -0.26832531392574305 0.14350310713052752 65.232810974121108 0.51919782161712658 0.61346343159675609 0.40372139215469366 60.120710372924812 0.21671747416257861 0.080026395618915572 0.521297186613083 0.18274585157632831 0.470814198255539 0.11749916523694993 0.19838331639766696 0.15613286942243579 0.51335597038269054 1.3260497450828554 0.20578815042972567 36.326978683471687 0.12328537926077844 0.33915451169013983 0.077726691961288466 0.57638412714004528 0.50659129023551952 0.049524322152137763 1.1114349365234377
decision_type=2 2 2 2 2 2 2 2 2 2 2 2 2 2 2 2 2 2 2 2 2 2 2 2 2 2 2 2 2 2
left_child=1 14 -2 -4 -5 8 13 -8 9 -6 -10 12 -3 -7 -1 -15 20 -16 -17 26 25 -20 -23 24 -24 28 -19 -26 -11 -30
right_child=2 11 3 4 5 6 7 -9 10 16 -12 -13 -14 15 17 18 -18 19 21 -21 -22 22 23 -25 27 -27 -28 -29 29 -31
leaf_value=-0.0036463699264243699 0.10141306584794703 0.070364194699130564 -0.10183268162891229 -0.10451076141484848 0.1012997924959306 0.016360399482970026 0.053883545798445891 -0.070392314039144505 0.084540794213458115 -0.10021819390490246 -0.026677297695541276 -0.036106401790819503 -0.014363211202431232 0.045049586494178319 -0.089017471665123665 0.1019655029468273 -0.07083541083154353 -0.10024493270437365 0.1010150877784982 -0.10120823373929784 -0.10133459953446702 0.10083370476598913 0.10052765434398603 0.10075378884067501 0.10014539612888146 -0.10052560236096815 -0.10042373613623852 0.10026786772287344 -0.10000737124200609 -0.10006772354559848
leaf_weight=0.14623877778649319 0.15377712785266373 0.35697572375647701 0.17026881345373146 0.1511323098093279 0.037999011576175579 0.23922617081552722 0.26487786159850657 0.2400994481286034 0.16930677881464362 0.0065173059701919547 0.22138611288391985 0.47895718427025713 0.39365142188034952 0.072617588564753532 0.079060171789024025 0.078681207378394902 0.01997168903471902 0.072235866446135333 0.15600164927309379 0.10164213291136548 0.06457320973277092 0.071851567132398486 0.075744029833003879 0.066915569361299276 0.061822135074180551 0.10927892167819664 0.092628489837807138 0.046621653600595891 0.018673283639145666 0.0020290822722017756
leaf_count=21 14 28 24 3 2 20 32 9 15 1 26 24 20 7 13 5 5 31 16 7 3 9 13 9 39 13 12 16 212 1
internal_value=0.000385045 -0.0187236 0.0135457 0.00778513 0.0163652 0.0253902 0.0442394 -0.00520538 -0.0144837 -0.0687837 0.0215191 0.00176547 0.0259306 0.0729559 -0.0699492 0.0944378 -0.0980223 -0.0980075 0.100869 -0.100674 -0.100723 0.100689 0.100532 0.100446 0.100334 -0.100433 -0.100345 0.100198 -0.100062 -0.100013
internal_weight=4.22076 1.72139 2.49937 2.3456 2.17533 2.02419 1.37446 0.504977 0.649735 0.259043 0.390693 1.22958 0.750627 0.869482 0.491805 0.630255 0.221043 0.345567 0.557638 0.266506 0.201072 0.478957 0.322955 0.251103 0.184188 0.136499 0.164864 0.108444 0.0272197 0.0207024
internal_count=650 156 494 480 456 453 175 41 278 237 41 72 48 134 84 114 235 63 107 50 230 102 86 77 68 227 43 55 214 213
is_linear=0
shrinkage=0.1


Tree=93
num_leaves=31
num_cat=0
split_feature=0 17 34 10 7 1 19 33 40 50 35 37 28 19 36 33 19 33 2 3 45 17 13 19 3 6 37 9 38 28
split_gain=0.0979575 0.131637 0.167085 0.128409 0.152204 0.12334 0.142992 0.136185 0.158325 0.163057 0.113005 0.112412 0.0980098 0.082739 0.0696689 0.0330473 0.00177444 1.62309e-05 6.52732e-07 1.96412e-07 8.79044e-08 2.20084e-08 4.8273e-09 7.37591e-10 2.13439e-10 1.52124e-11 1.82819e-12 5.06498e-13 9.21901e-14 8.60527e-14
threshold=0.29370516538620001 34.669181823730476 0.56305319070816051 0.029161991551518444 40.138889312744148 0.39407157897949224 -0.32081161439418787 0.78850162029266369 0.15000000223517421 0.68210715055465709 0.521297186613083 0.49756370484828955 30959.500000000004 -0.4192651212215423 0.11841275170445444 0.49995537102222448 0.20743475109338763 0.49995537102222448 0.20867299288511279 1.0859840512275698 0.33950707316398626 18.214285850524906 29.457491874694828 1.4671111106872561 0.99842393398284923 54.230463027954109 0.53663045167922985 0.02870879136025906 0.48567099869251257 21192.500000000004
decision_type=2 2 2 2 2 2 2 2 2 2 2 2 2 2 2 2 2 2 2 2 2 2 2 2 2 2 2 2 2 2
left_child=1 2 10 4 15 13 11 8 9 -8 18 -7 -6 -2 -4 -3 -16 -15 19 20 -1 -22 23 24 -23 26 27 28 -26 -30
right_child=5 3 14 -5 12 6 7 -9 -10 -11 -12 -13 -14 17 16 -17 -18 -19 -20 -21 21 22 -24 -25 25 -27 -28 -29 29 -31
leaf_value=-0.10035050578498519 0.010745956065543892 -0.033567726401131724 0.009214018574770012 -0.078087187235968927 -0.024717726103189223 -0.0021494918978238126 -0.010836110490612942 -0.071857919241620674 -0.058215062349870818 0.10144145584580599 0.026009984504487785 0.10093219361170001 0.051952991547026067 0.10219542402700151 0.0838847377221867 -0.10119179488505572 0.10110439488770169 0.10054979483434233 -0.10064895743039917 -0.10053418115638686 -0.10020211211251684 -0.10002804042660514 -0.10010252952235617 -0.10004746206794635 -0.10000372937181008 -0.1000138972330696 -0.10000583981732288 -0.10000539638431119 -0.10000375330605132 -0.10000277419982512
leaf_weight=0.015360258286819195 0.1699960051337257 0.12702147717936874 0.15479073626920581 0.42688928396091796 0.32800672882876825 0.19945314317010332 0.29913480207324006 0.31070160784292966 0.25544737820746377 0.22788179572671652 0.13958340638782829 0.22528226923896 0.33909214643790619 0.10010286956094194 0.097646787704434246 0.16764187693479471 0.15457197336945683 0.14936264502466656 0.062625721096992493 0.015855707228183746 0.010900574488914572 0.0055771286752133156 0.009627017436287133 0.0076311443990562102 0.0018757768611976644 0.0018099275766871861 0.0043917508846789141 0.0010958664188365228 0.001073227676897659 0.0054868019924469991
leaf_count=3 19 31 19 28 32 12 23 12 13 26 16 28 38 6 15 14 31 39 4 1 4 11 7 8 29 8 39 13 18 103
internal_value=0.000372508 -0.0147057 0.0209977 -0.0324438 -0.0121844 0.0165496 0.00328576 -0.0158458 0.00639559 0.0377127 -0.0380312 0.0525257 0.0142547 0.0645475 0.0620261 -0.0720409 0.0944378 0.10121 -0.100407 -0.100219 -0.100142 -0.100077 -0.100041 -0.100021 -0.100011 -0.100005 -0.100004 -0.100003 -0.100003 -0.100003
internal_weight=4.01592 2.07856 0.689904 1.38865 0.961762 1.93736 1.5179 1.09317 0.782464 0.527017 0.282894 0.424735 0.667099 0.419462 0.407009 0.294663 0.252219 0.249466 0.143311 0.0806852 0.0648295 0.0494692 0.0385686 0.0289416 0.0213105 0.0157334 0.0139234 0.00953167 0.00843581 0.00656003
internal_count=650 472 329 143 115 178 114 74 62 49 264 40 70 64 65 45 46 45 248 244 243 240 236 229 221 210 202 163 150 121
is_linear=0
shrinkage=0.1


Tree=94
num_leaves=31
num_cat=0
split_feature=36 50 16 34 10 2 8 35 35 5 4 0 10 34 10 45 15 2 43 33 3 37 36 2 34 9 38 4 15 7
split_gain=0.0918064 0.155486 0.107189 0.194593 0.202986 0.135078 0.152312 0.219303 0.154963 0.136262 0.121774 0.0969758 0.0949244 0.0926762 0.0250534 0.0222159 0.00157039 1.2946e-05 3.70899e-06 3.13328e-06 1.3607e-06 8.67205e-07 8.88263e-07 6.13208e-07 1.70077e-07 1.25765e-07 3.54682e-08 3.06911e-08 3.48409e-10 6.64098e-11
threshold=0.13332176953554156 0.51756414771080028 -1.0064286291599271 0.27326683700084692 -0.26832531392574305 0.50680953264236461 58.736474990844734 0.521297186613083 0.46933940052986151 1.3260497450828554 0.067032057791948332 0.3072750866413117 -0.0038513854378834362 0.81210276484489452 0.03078586328774691 0.30363169312477117 -0.098444603383541093 0.32076001167297369 0.36249999701976782 0.46694310009479528 9.91369676589966 0.46123231947422033 0.2133997976779938 0.071485854685306563 0.6199626922607423 0.010455220006406309 0.51051855087280285 1.0481417775154116 1.1114349365234377 41.891654968261726
decision_type=2 2 2 2 2 2 2 2 2 2 2 2 2 2 2 2 2 2 2 2 2 2 2 2 2 2 2 2 2 2
left_child=1 13 -2 -4 -5 6 7 8 -6 -8 -9 15 -3 17 16 -10 -12 24 -17 -18 23 -21 -23 27 26 -24 -1 28 29 -20
right_child=2 12 3 4 5 -7 9 10 11 -11 14 -13 -14 -15 -16 18 19 -19 20 21 -22 22 25 -25 -26 -27 -28 -29 -30 -31
leaf_value=-0.10026929176025084 0.10116139191310512 0.04040825006643909 -0.1016360040754079 -0.1038594123020008 0.070637756680784883 0.10068866971202926 0.026654701002150283 -0.031826305763892164 0.0088865639133640772 -0.072575577592697102 0.086199983408905709 0.10092526778569043 -0.019843743196382598 -0.0059291904943479957 0.048505233243092943 -0.10203896200957799 0.10124169693193921 -0.10169460674686688 -0.10002333499275091 0.10087761939030544 -0.10118917749153516 0.1007544275090673 0.10043034261460744 -0.1005980720442631 -0.10039895347343684 0.10022706099440462 -0.10015600716315534 -0.10021464207636824 -0.10005545093395596 -0.10000479660081836
leaf_weight=0.053188499310636295 0.13100710138678584 0.40723508855444379 0.15052440889121532 0.13117788918316442 0.11665842682123073 0.20848486339673389 0.25500393772381347 0.10040383803425357 0.020304158562794328 0.3025944463443011 0.091960815581842326 0.029843823052942753 0.73054952529491834 0.15856028452981263 0.13122807812760584 0.020668432465754449 0.10254033515229821 0.099305784766329452 0.0022432156856666543 0.077607827726751566 0.034841772168874741 0.075057284033391625 0.055054787924746051 0.11900803534081206 0.084275912755401805 0.068055303883738816 0.05753158501102007 0.012823568191379309 0.0016614884370937935 0.013944470634669415
leaf_count=13 14 35 24 3 7 38 32 11 3 16 15 3 37 13 25 2 8 7 8 8 1 11 13 13 13 31 38 2 1 205
internal_value=0.000389558 -0.0180032 0.0133768 0.00795641 0.0163252 0.0248935 0.0152079 0.0372245 -0.0248493 -0.027195 0.0701225 -0.0684752 0.00172161 -0.0675603 0.0871399 -0.090895 0.0979207 -0.100765 -0.100769 0.10077 -0.100626 0.100594 0.100483 -0.100495 -0.100292 0.100318 -0.10021 -0.100097 -0.100012 -0.100007
internal_weight=3.84334 1.59065 2.2527 2.12169 1.97117 1.83999 1.6315 1.07391 0.371997 0.557598 0.701908 0.255339 1.13778 0.452862 0.601504 0.225495 0.470276 0.294302 0.205191 0.378316 0.184523 0.275775 0.198167 0.149681 0.194996 0.12311 0.11072 0.0306727 0.0178492 0.0161877
internal_count=650 156 494 480 456 453 415 367 245 48 122 238 72 84 111 235 86 71 232 71 230 63 55 229 64 44 51 216 214 213
is_linear=0
shrinkage=0.1


Tree=95
num_leaves=31
num_cat=0
split_feature=1 4 11 7 22 36 35 9 3 17 37 34 12 21 50 3 8 3 18 50 1 35 24 5 19 3 13 5 34 4
split_gain=0.0883064 0.138726 0.12506 0.201829 0.141941 0.113048 0.126073 0.0999465 0.100761 0.0978049 0.147308 0.0626088 0.054229 0.0480269 0.0435251 0.0354474 0.0140633 0.00260922 0.000777854 3.37474e-05 2.82731e-06 1.32126e-06 1.12878e-06 1.08864e-06 2.22129e-07 6.93589e-08 3.96051e-08 3.10951e-08 2.96202e-08 4.45512e-09
threshold=0.17397624254226687 0.11836510524153711 0.71942749619483959 51.710544586181648 29.791928291320804 0.3522451519966126 0.56283041834831249 -0.048662086948752396 1.6290082335472109 29.455529212951664 0.50001686811447155 0.54088023304939281 17.500000000000004 0.052632447332143791 0.50031399726867687 0.14380911737680438 30.170042037963871 0.18787152320146563 0.010668564122170212 0.57493501901626598 0.020453211851418022 0.6165294647216798 0.0096417516469955462 1.3260497450828554 5.8995709419250497 1.3224357366561892 20.499577522277836 0.94686108827590953 0.55860397219657909 0.89879104495048534
decision_type=2 2 2 2 2 2 2 2 2 2 2 2 2 2 2 2 2 2 2 2 2 2 2 2 2 2 2 2 2 2
left_child=5 -2 3 9 13 7 -7 14 12 11 -11 -3 17 -4 15 -1 -12 -9 -5 20 -19 -20 23 27 25 26 29 -22 -17 -24
right_child=1 2 4 18 -6 6 -8 8 -10 10 16 -13 -14 -15 -16 28 -18 19 21 -21 22 -23 24 -25 -26 -27 -28 -29 -30 -31
leaf_value=0.10087021605127762 0.10075171008007161 -0.059365525643425746 -0.075835774497224798 0.089323141791831429 0.030527657301559971 -0.040096120735267082 0.073406051273489911 -0.07283464689404158 0.045818963893369612 -0.014658310026688649 0.05625128483636839 0.0059912173909896921 0.0046619238130390815 -0.022277870753974728 0.099689130727840317 -0.10004903272610291 0.10080226164046041 -0.10179170764442524 0.10102290285333562 -0.10251154363024442 -0.10030964484938108 0.10051541478575919 -0.10012359239941682 -0.10125639926046369 -0.10055175091785458 -0.10043437824651998 -0.10022401585394175 -0.10001180885798507 -0.10025579757007333 -0.10002423726258487
leaf_weight=0.0128289405256512 0.15818413160741362 0.27622276690090097 0.34218416007934127 0.08373162627685804 0.32957491104025394 0.19394979742355645 0.19753220395068638 0.034699641779297963 0.066752044251188636 0.32072337267891271 0.11735207540914416 0.3122796646784991 0.05782493288279511 0.32784878142410889 0.055504749325336888 0.014305057296951418 0.17882887985615525 0.017291847616434097 0.097091040806844831 0.18061849963851273 0.0088126247865147889 0.10878162737935781 0.0071108138654381028 0.027859859634190798 0.025490260683000088 0.012918888591229916 0.062078974908217788 0.0058206974517815988 0.013435857486911118 0.012354171698461869
leaf_count=1 26 14 23 14 33 15 33 9 9 36 15 26 10 18 6 50 31 1 10 9 4 34 2 4 3 1 22 57 4 130
internal_value=0.000367822 0.00993886 0.00418041 0.0224888 -0.0232015 -0.024841 0.0171743 -0.0515554 -0.0688795 0.00447909 0.0323005 -0.024685 -0.0857854 -0.0496298 0.0421448 -0.0365831 0.0831504 -0.0990243 0.0974496 -0.101546 -0.100576 0.100755 -0.100447 -0.10089 -0.10029 -0.100219 -0.100185 -0.100191 -0.100149 -0.100061
internal_weight=3.65999 2.6528 2.49462 1.49501 0.999608 1.00719 0.391482 0.615708 0.519633 1.20541 0.616904 0.588502 0.452881 0.670033 0.0960746 0.0405699 0.296181 0.395056 0.289604 0.360357 0.179738 0.205873 0.162446 0.0424932 0.119953 0.0944628 0.081544 0.0146333 0.0277409 0.019465
internal_count=650 280 254 180 74 370 48 322 261 122 82 40 252 41 61 55 46 242 58 233 224 44 223 65 158 155 154 61 54 132
is_linear=0
shrinkage=0.1


Tree=96
num_leaves=31
num_cat=0
split_feature=15 34 36 22 45 10 2 8 35 6 44 39 5 2 36 10 23 10 34 37 5 3 0 15 6 18 37 39 20 39
split_gain=0.0866219 0.127844 0.108571 0.161862 0.15779 0.138849 0.148597 0.128868 0.134408 0.109236 0.0965748 0.0963237 0.0896803 0.0892287 0.0675668 0.0626646 0.0140585 4.52832e-06 8.15037e-07 6.93558e-07 9.60038e-08 1.94705e-08 1.25855e-09 1.97839e-10 2.10156e-11 7.07715e-13 3.97082e-13 1.36031e-13 1.99285e-14 6.31526e-15
threshold=-1.2774457335472105 0.27326683700084692 0.094260860234498992 7.7050566673278817 0.52443942427635204 -0.26832531392574305 0.50680953264236461 59.954181671142585 0.521297186613083 62.58076477050782 0.37091232836246496 0.91842254996299755 1.3260497450828554 0.099289935082197203 0.18989636749029162 -0.033090230077505105 0.4828887432813645 -0.05114674195647239 0.87977081537246715 0.51047623157501232 0.71120497584342968 0.70789813995361339 0.086150918155908598 1.1114349365234377 54.230463027954109 0.080624047666788115 0.55671387910842907 0.52666664123535167 1.0000000180025095e-35 0.49950884282588964
decision_type=2 2 2 2 2 2 2 2 2 2 2 2 2 2 2 2 2 2 2 2 2 2 2 2 2 2 2 2 2 2
left_child=-1 16 3 15 -5 -4 7 8 10 14 -7 -11 -9 20 -10 -3 -2 -16 -19 -8 -12 -22 23 24 25 26 27 28 29 -23
right_child=1 2 5 4 -6 6 19 12 9 11 13 -13 -14 -15 17 -17 -18 18 -20 -21 21 22 -24 -25 -26 -27 -28 -29 -30 -31
leaf_value=0.07296892628449983 -0.046486525545168633 -0.026415820869296822 -0.087254565197043846 -0.047594069731466362 0.065597379036150011 -0.10088466167859332 0.10080093163414501 0.015317801371679849 0.034662688662036908 0.064770419756665171 -0.10035562864712017 -0.076551648006193365 -0.05963691310196987 0.03814700764491899 0.10137099021540677 -0.10208600620073827 -0.10147608207058018 0.1007270436685708 0.10038201026353233 0.10043277259561356 -0.10018765279467033 -0.10000217328861397 -0.10008589342188259 -0.10004539462338891 -0.10001436928154626 -0.10000547219573788 -0.10000403138804458 -0.10000332084277466 -0.10000245354755695 -0.10000189192397774
leaf_weight=0.15698843446443822 0.074332795615191904 0.18974775786045939 0.12763087265193584 0.23047513503115624 0.26448003563564271 0.10271100704630887 0.092502353596500941 0.29672781541012216 0.26475014083553106 0.088367649470455945 0.029128459747880697 0.10618173162220046 0.34546853120264132 0.24183582875411958 0.095107869943603873 0.25857537667616304 0.12412961820518831 0.15138739533722401 0.12498602835694328 0.11451709241373464 0.013065370265394449 0.0016939547422225587 0.0025724470615386972 0.0013604767154902228 0.0020148878247709954 0.0011403179541957806 0.0020440115677047288 0.0013527217142836889 0.0018429003939672839 0.0015079373770277016
leaf_count=18 30 15 4 20 23 32 11 31 25 30 3 12 21 20 14 31 21 23 34 32 3 44 1 1 9 14 25 24 44 35
internal_value=0.000368351 -0.00303221 0.00186757 -0.0265344 0.01289 0.0139907 0.0201965 0.0113206 0.0302391 0.0532132 -0.0172077 -0.0123608 -0.025004 0.0114829 0.0732647 -0.0700594 -0.0808801 0.100776 0.100571 0.100597 -0.100228 -0.100098 -0.100022 -0.100009 -0.100005 -0.100003 -0.100003 -0.100002 -0.100002 -0.100002
internal_weight=3.50863 3.35164 3.15318 0.943278 0.494955 2.2099 2.08227 1.87525 1.23305 0.830781 0.40227 0.194549 0.642196 0.299559 0.636231 0.448323 0.198462 0.371481 0.276373 0.207019 0.0577235 0.028595 0.0155297 0.0129572 0.0115967 0.00958184 0.00844153 0.00639751 0.00504479 0.00320189
internal_count=650 632 581 89 43 492 488 445 393 138 255 42 52 223 96 46 51 71 57 43 203 200 197 196 195 186 172 147 123 79
is_linear=0
shrinkage=0.1


Tree=97
num_leaves=31
num_cat=0
split_feature=0 34 36 8 45 3 3 33 37 43 18 34 4 37 19 38 12 5 19 38 11 37 8 0 13 0 1 15 6 18
split_gain=0.0791057 0.13992 0.159331 0.105356 0.130051 0.103232 0.116552 0.150612 0.121528 0.135529 0.102461 0.0889548 0.076867 0.0849564 0.06067 0.00831897 0.00701822 0.000484399 2.94396e-05 3.98558e-06 2.19138e-06 6.2454e-07 6.08056e-07 4.67899e-07 6.79741e-08 8.4002e-09 9.62849e-10 1.4845e-10 1.57265e-11 5.07846e-13
threshold=0.26018053293228155 0.95824134349823009 0.08614096045494081 44.859048843383796 0.32961119711399084 1.3976188302040102 0.75900185108184826 0.40621590614318853 0.50588190555572521 0.53749999403953563 3.5716336965560918 0.82182729244232189 0.45977559685707098 0.527238428592682 0.48665677011013037 0.45306926965713507 2.5000000000000004 0.67382779717445385 2.7468928098678593 0.4181161522865296 0.78412285447120678 0.52425050735473644 51.649230957031257 0.10976042971014978 52.929271697998054 0.049524322152137763 0.067959390580654158 1.1114349365234377 54.230463027954109 0.080624047666788115
decision_type=2 2 2 2 2 2 2 2 2 2 2 2 2 2 2 2 2 2 2 2 2 2 2 2 2 2 2 2 2 2
left_child=1 2 15 12 -5 6 7 -2 9 -9 17 16 -4 -14 -8 -1 20 -7 22 -10 23 -19 -17 24 25 -6 27 28 29 -27
right_child=5 -3 3 4 11 10 14 8 19 -11 -12 -13 13 -15 -16 18 -18 21 -20 -21 -22 -23 -24 -25 -26 26 -28 -29 -30 -31
leaf_value=-0.065189103064170958 -0.071632036755007164 0.054539153754478722 0.081291351004191825 0.080118574201163112 -0.10016873713148954 0.090693163713637143 -0.066205607272006459 0.055905235512714993 0.10146950367933925 -0.045229817610359407 -0.024335703559412145 0.021976349773535003 -0.045774122197137945 0.056745265976667007 -0.00090239843984990975 -0.10017611796852091 -0.064981712613582529 0.10082215167017028 -0.10268174726714303 0.10065003645089798 -0.10116331092100131 0.10044824637445567 -0.10060522267885191 -0.10059163771497204 -0.10034524240272513 -0.10000260467472617 -0.10007276248445357 -0.10004106960254022 -0.10001300371654609 -0.10000495502664038
leaf_weight=0.088252596033271624 0.13812639773823299 0.23292843962553877 0.15467905758123379 0.071774166965042241 0.0050452556461095801 0.067565695106168167 0.27724511350970715 0.33386208811134566 0.10840828658547252 0.21969724050723016 0.095023529836907983 0.088240273209521547 0.19814026087988168 0.13653016032185405 0.29221756651531905 0.069582844291289803 0.07227326595238992 0.088232365262228996 0.095702267441083677 0.13115551354712807 0.073221282011218136 0.090484826432657428 0.062851484290149529 0.1224330032709986 0.013635375071316957 0.0084322956845426233 0.0028214072226546713 0.0012310607125982651 0.0018231695612485064 0.0010318074528186125
leaf_count=12 6 38 16 10 1 27 16 33 9 14 5 14 32 16 27 30 23 11 7 31 6 29 12 9 2 188 2 1 9 14
internal_value=0.000346953 -0.0166969 -0.0297859 -0.00934071 -0.0435917 0.014232 0.00294231 0.024735 0.0415178 0.0157666 0.0638725 -0.066348 0.0229934 -0.00395092 -0.0326955 -0.0912601 -0.0921596 0.097906 -0.101345 0.101021 -0.100712 0.100633 -0.10038 -0.1005 -0.100172 -0.100057 -0.10002 -0.100008 -0.100004 -0.100003
internal_weight=3.34265 1.50063 1.2677 0.951312 0.461962 1.84202 1.50071 0.93125 0.793123 0.553559 0.341306 0.390188 0.489349 0.33467 0.569463 0.316389 0.301948 0.246283 0.228137 0.239564 0.229675 0.178717 0.132434 0.156453 0.0340204 0.020385 0.0153397 0.0125183 0.0112873 0.0094641
internal_count=650 442 404 343 279 208 136 93 87 47 72 269 64 48 43 61 255 67 49 40 232 40 42 226 217 215 214 212 211 202
is_linear=0
shrinkage=0.1


Tree=98
num_leaves=31
num_cat=0
split_feature=15 34 36 22 45 33 33 23 16 51 12 17 22 34 13 44 10 10 45 9 35 36 35 35 45 5 0 18 37 47
split_gain=0.0750005 0.105634 0.088153 0.135425 0.116707 0.112606 0.102982 0.0962291 0.139962 0.116495 0.0992926 0.137149 0.100961 0.127691 0.106145 0.0986918 0.0632415 0.0361646 0.04689 0.0167398 0.0111496 1.27782e-06 1.18294e-06 5.929e-07 2.68574e-07 1.86332e-08 3.83004e-11 1.00771e-12 1.90879e-13 2.26867e-14
threshold=-1.2774457335472105 0.27326683700084692 0.094260860234498992 7.7050566673278817 0.52889457345008861 0.46499055624008184 0.8513578772544862 0.13514199107885363 0.53741300106048595 0.84372946619987499 14.500000000000002 55.49206733703614 17.67495155334473 0.51397606730461132 31.802493095397953 0.61156517267227184 -0.03793808072805404 -0.050107246264815324 0.4996075332164765 -0.056460259482264512 0.52535980939865123 0.2133997976779938 0.79418763518333446 0.55463537573814403 0.4996075332164765 0.87563857436180126 0.17023726552724841 0.0079193585552275198 0.55671387910842907 0.49661673605442053
decision_type=2 2 2 2 2 2 2 2 2 2 2 2 2 2 2 2 2 2 2 2 2 2 2 2 2 2 2 2 2 2
left_child=-1 19 3 16 -5 -4 7 15 9 10 11 12 13 14 23 17 -3 -7 -19 -2 -15 -22 -11 24 -9 -26 27 28 29 -27
right_child=1 2 5 4 -6 6 -8 8 -10 22 -12 -13 -14 20 -16 -17 -18 18 -20 -21 21 -23 -24 -25 25 26 -28 -29 -30 -31
leaf_value=0.071023220673155404 -0.036146149295470324 -0.021667050010752944 0.073501315169631237 -0.039976011842886496 0.06177122113625555 -0.10131988599614748 0.10077786771150346 -0.10059390523748542 -0.068187823865827987 0.10093908836351639 0.092178005064780549 -0.090969458533701184 -0.052892636709209552 0.057692199572395957 0.059074001564023676 0.038966127520140663 -0.10175613283830415 0.02197445231217246 -0.090299798242333751 -0.1010662002988007 0.10091193686067366 0.10036850400689944 0.10041978470217545 -0.10096251113055166 -0.10022486902631006 -0.10000219191679088 -0.10002155525123871 -0.10000475564691656 -0.10000334701143564 -0.1000017347971703
leaf_weight=0.14334571844665367 0.060968743080593413 0.17236677650362253 0.26696364927920546 0.21944542386336252 0.23182815534528345 0.17508355145764654 0.10300704528344784 0.035147512331604736 0.18386647941952095 0.090972106860135682 0.12878017986076884 0.14269317500293255 0.14798178860655753 0.092751504969783127 0.07829617146126111 0.1104070590226911 0.23036713140754761 0.074258152861148008 0.0745345533841828 0.11395459985578815 0.080617996398359537 0.093397299089701846 0.084712125331861898 0.037735302932560444 0.0067158476449549189 0.0019768152587857912 0.0012899779831059286 0.0022472268401543261 0.0012378541705402313 0.0024085291242954554
leaf_count=18 19 13 35 21 22 10 17 2 12 15 33 9 21 10 12 21 33 12 36 32 9 31 29 2 1 48 2 35 17 73
internal_value=0.000333881 -0.00299277 0.00160383 -0.0253255 0.0122936 0.0130054 0.00377732 -0.00228891 0.0121748 0.0265349 0.0112671 -0.00311493 0.0184323 0.042762 -0.0257962 -0.0426818 -0.0674787 -0.070515 -0.034267 -0.0784386 0.0856947 0.10062 0.100689 -0.100662 -0.10044 -0.100098 -0.100006 -0.100003 -0.100002 -0.100002
internal_weight=3.18936 3.04601 2.87109 0.854007 0.451274 2.01708 1.75012 1.64711 1.21283 1.02896 0.853277 0.724497 0.581804 0.433822 0.167055 0.434283 0.402734 0.323876 0.148793 0.174923 0.266767 0.174015 0.175684 0.0887591 0.0510238 0.0158763 0.0091604 0.00787043 0.0056232 0.00438534
internal_count=650 632 581 89 43 492 457 440 361 349 305 272 263 242 192 79 46 58 48 51 50 40 44 180 178 176 175 173 138 121
is_linear=0
shrinkage=0.1


Tree=99
num_leaves=31
num_cat=0
split_feature=35 10 50 11 3 1 6 37 48 17 6 24 19 3 28 18 51 47 4 12 11 33 23 50 16 0 50 35 36 3
split_gain=0.0748116 0.140585 0.165069 0.0952388 0.16097 0.117868 0.102687 0.102265 0.147212 0.0957414 0.0935313 0.0824998 0.0998128 0.0328488 0.032056 0.0131634 1.71096e-05 1.90974e-06 2.17345e-06 1.24625e-06 9.59735e-07 7.17307e-07 6.95291e-07 2.52113e-07 1.36954e-07 7.95774e-08 6.92556e-08 3.72738e-08 4.7933e-09 4.45182e-09
threshold=0.56283041834831249 -0.068299319595098482 0.94478780031204235 0.71942749619483959 0.045225491747260101 0.17397624254226687 33.587804794311531 0.49963459372520452 0.15000000223517421 40.589738845825202 66.549480438232436 0.14392857253551486 1.7840778231620791 2.2143992185592656 1553.5000000000002 -0.54040241241455067 0.2767713069915772 0.21850119531154635 0.85297170281410228 1.0000000180025095e-35 1.2556239962577822 0.49995537102222448 0.56249997019767772 0.53039115667343151 -0.021515318192541596 0.3784733265638352 0.15655308216810229 0.51319471001625072 0.13170417398214343 0.39509357511997228
decision_type=2 2 2 2 2 2 2 2 2 2 2 2 2 2 2 2 2 2 2 2 2 2 2 2 2 2 2 2 2 2
left_child=1 -1 11 4 -2 9 -7 -5 10 -6 -9 13 14 17 -13 -8 -17 23 -19 22 26 -20 -18 28 -21 -23 -16 29 -3 -28
right_child=3 2 -4 7 5 6 15 8 -10 -11 -12 12 -14 -15 20 16 19 18 21 24 -22 25 -24 -25 -26 -27 27 -29 -30 -31
leaf_value=0.038485527455319864 -0.071539452073306767 -0.10012676256566702 0.10074633283066481 -0.071367398713124683 0.055683737027644654 -0.0041213258019376633 0.056628924867121178 -0.0053569718508085437 -0.038965814235955298 -0.052911022243961325 0.10097583084570486 0.074950229373179078 0.044271317525318418 -0.033285905164622563 -0.10041708423592036 0.10235535793224355 0.10085709690979112 -0.10068172801103276 -0.10149889350119075 0.10014675555783958 -0.10087417448215125 -0.10090710463740737 0.10051265962796244 -0.10054341734557518 0.10038561194771108 -0.10120603544499017 -0.10011594572485399 -0.1002373902921435 -0.10019726411038521 -0.10002251105492294
leaf_weight=0.2828756716226053 0.13252278795698635 0.017686016377411073 0.071012281463481486 0.22134022379759688 0.15144201362272725 0.13882065517827868 0.080761155113577732 0.14806420379318297 0.34521652525290847 0.17500328557798639 0.1874478678801097 0.011597091888688738 0.13527213081397349 0.091864390997216105 0.014721191488206387 0.065069562406279258 0.13505507870286237 0.15575353890744736 0.059356103112804703 0.041586331142752897 0.034040556754916906 0.036543910572618188 0.10353512682195287 0.032230108394287527 0.05678028185502626 0.011774629354476929 0.0095671545568620786 0.033484750019852072 0.02120694771019771 0.010919877184278448
leaf_count=37 11 14 10 21 31 15 11 13 26 20 28 10 17 10 2 4 24 18 7 30 2 88 26 6 17 1 6 7 27 111
internal_value=0.000310002 -0.0215546 -0.0442897 0.0116678 0.031693 0.0461232 0.0716754 -0.0123201 0.00687923 -0.00253257 0.0540503 -0.059525 -0.0138647 -0.0862524 -0.0826493 0.09347 0.100871 -0.100796 -0.100921 0.100584 -0.10044 -0.101266 0.100708 -0.100337 0.100285 -0.10098 -0.100225 -0.100172 -0.100165 -0.100066
internal_weight=3.01255 1.02991 0.747031 1.98265 1.08058 0.948053 0.621608 0.902069 0.680729 0.326445 0.335512 0.676018 0.249603 0.426416 0.114331 0.482788 0.402026 0.334551 0.263428 0.336957 0.102734 0.107675 0.23859 0.0711231 0.0983666 0.0483185 0.068693 0.0539718 0.038893 0.020487
internal_count=650 373 336 277 189 178 127 88 67 51 41 326 155 171 138 112 101 161 114 97 128 96 50 47 47 89 126 124 41 117
is_linear=0
shrinkage=0.1


Tree=100
num_leaves=31
num_cat=0
split_feature=36 37 8 16 2 16 34 10 2 38 10 4 18 25 43 13 7 14 33 17 7 15 18 16 5 10 47 50 13 37
split_gain=0.0703774 0.121251 0.107089 0.118518 0.116469 0.0777223 0.128206 0.137918 0.0991747 0.116019 0.228424 0.0824506 0.0759456 0.0751652 0.066126 0.0557283 0.0521383 0.0193743 0.011883 0.00665992 0.0326313 0.000439517 4.81839e-07 8.93961e-07 2.75788e-07 2.36707e-07 1.43915e-07 6.29981e-08 1.35203e-08 4.29849e-09
threshold=0.13332176953554156 0.55616044998168956 31.980230331420902 0.1349403187632561 0.40323318541049963 -1.0064286291599271 0.27326683700084692 -0.26832531392574305 0.14350310713052752 0.52790078520774852 0.033388556912541396 2.7912125587463383 -0.043423702940344804 1.0000000180025095e-35 0.61250001192092907 50.594591140747077 29.288596153259281 19.888863563537601 0.43044866621494299 38.90113830566407 52.853918075561531 -0.16651012003421781 0.0072031673043966302 0.40387625992298132 1.3260497450828554 0.072972550988197341 0.33915451169013983 0.56787469983100902 20.906323432922367 0.5498872995376588
decision_type=2 2 2 2 2 2 2 2 2 2 2 2 2 2 2 2 2 2 2 2 2 2 2 2 2 2 2 2 2 2
left_child=1 2 -1 4 13 -2 -7 -8 11 12 -11 14 -10 -4 15 17 -14 -9 -18 20 21 -19 -20 25 27 26 -24 28 -23 -28
right_child=5 -3 3 -5 -6 6 7 8 9 10 -12 -13 16 -15 -16 -17 18 19 22 -21 -22 24 23 -25 -26 -27 29 -29 -30 -31
leaf_value=-0.10074918800826863 0.1008893226374149 0.042258361280137879 -0.087997284582797486 -0.074871169438854329 0.076397579563541498 -0.10101330239534945 -0.10260908071246228 -0.0052582748563153921 -0.024704507153498437 0.083075208028373704 -0.082463064827775656 0.100586846715899 -0.013400542205952931 0.0094456705015087388 0.098648775988061391 0.009209258087709133 0.050245762569161127 -0.047812458039706067 0.10070009326056316 -0.099651377146998205 0.072109017126479102 -0.10000309839202687 0.10039316629509898 0.10073106265823638 -0.10085223076185722 0.10044863143713337 0.1001422702035326 -0.10038131945006179 -0.10016826027014697 0.10008459493749176
leaf_weight=0.19340824241953691 0.096593419555574545 0.26409481640439481 0.12003462230313744 0.24567824939731508 0.17325263492239174 0.1001064261436112 0.091786371544003376 0.034804616065229999 0.073692884587217122 0.1585671211942099 0.17574640655948315 0.054281211501802318 0.049543515313416719 0.23248128039995208 0.035704333276953548 0.12561234302120283 0.053199270623736084 0.0016481638722322103 0.14241042907815427 0.12692585668992251 0.014457318480708636 0.0068929977278461277 0.028421764203812927 0.087295154226012528 0.0083789778873324394 0.090150339208776131 0.025494219386018813 0.0151281519792974 0.017641327867750078 0.026204407156910747
leaf_count=29 14 28 25 23 15 24 3 6 12 28 14 14 5 36 4 16 9 17 23 10 17 186 6 12 1 21 15 2 5 30
internal_value=0.000314847 -0.0177798 -0.0342131 -0.0175319 0.0092613 0.0138685 0.0084248 0.0160117 0.0240636 0.0429192 -0.00394717 -0.0148337 0.0701012 -0.0237345 -0.0310147 -0.0441859 0.0839987 -0.0738794 0.0946469 -0.086379 -0.0601174 -0.098589 0.100552 0.100471 -0.100331 0.100337 0.100212 -0.100221 -0.100122 0.100113
internal_weight=2.86964 1.22895 0.964855 0.771447 0.525769 1.64069 1.54409 1.44399 1.3522 0.910726 0.334314 0.441475 0.576412 0.352516 0.387194 0.35149 0.502719 0.225877 0.453176 0.191073 0.0641469 0.0496896 0.399976 0.257566 0.0480415 0.170271 0.0801204 0.0396625 0.0245343 0.0516986
internal_count=650 156 128 99 76 494 480 456 453 175 42 278 133 61 264 260 121 244 116 238 228 211 107 84 194 72 51 193 191 45
is_linear=0
shrinkage=0.1


Tree=101
num_leaves=31
num_cat=0
split_feature=0 34 36 50 3 22 3 34 43 10 45 3 16 11 50 0 38 5 3 4 20 0 23 35 6 8 13 19 0 15
split_gain=0.0633311 0.112132 0.12649 0.082553 0.0759639 0.142178 0.106172 0.128805 0.0876261 0.0696109 0.0596507 0.0400967 0.00818411 0.00052542 1.41299e-05 1.75722e-06 3.82863e-07 1.97337e-07 1.93337e-07 1.06877e-07 2.23065e-08 1.33757e-08 1.19718e-08 2.34469e-09 1.32391e-09 7.71345e-10 4.03337e-10 5.99226e-11 2.42327e-11 8.46451e-13
threshold=0.26018053293228155 0.95824134349823009 0.08614096045494081 0.50031399726867687 1.2452767491340639 62.016731262207038 0.75900185108184826 0.62248295545578014 0.53749999403953563 0.024745503440499309 0.4996075332164765 1.0859840512275698 -0.04214790649712085 0.23382632434368136 0.62938594818115245 0.24966639280319217 0.49993380904197698 1.3260497450828554 2.3013528585433964 0.37081329524517065 1.0000000180025095e-35 0.060840072110295303 0.26520738005638128 0.53466469049453746 12.555886745452883 58.032253265380866 29.457491874694828 3.5109268426895146 0.17023726552724841 0.0090653579682111757
decision_type=2 2 2 2 2 2 2 2 2 2 2 2 2 2 2 2 2 2 2 2 2 2 2 2 2 2 2 2 2 2
left_child=1 2 12 10 6 13 7 -2 -9 11 -4 -5 -1 -6 -14 16 17 19 -15 -12 26 27 -22 24 -24 -26 28 29 -18 -21
right_child=4 -3 3 9 5 -7 -8 8 -10 -11 15 -13 14 18 -16 -17 20 -19 -20 21 22 -23 23 -25 25 -27 -28 -29 -30 -31
leaf_value=-0.061003948866211279 -0.026743638025551519 0.053119426070108666 -0.0049286446196580664 0.066718365351917025 0.089187756238693558 -0.053684044784090813 -0.038265031925081384 0.10030500194850839 0.012858319718772477 -0.042489610558356823 -0.10049042050790052 -0.0018793679801455236 -0.10037468091607565 0.1005242639443895 -0.10210801367703418 -0.10152256681111826 -0.10000232640477631 -0.10072278312496528 0.10031453656508527 -0.10000217752541954 -0.10024679479239269 -0.10022110764432715 -0.10014123809654746 -0.10016979581508641 -0.10002345481631342 -0.10010462301411438 -0.10004756349731635 -0.10002793768766194 -0.10001888732704677 -0.10000567318612311
leaf_weight=0.069265376499970444 0.29580493319372159 0.19383158616255958 0.12474469892913476 0.20799897567485459 0.054127029870869481 0.084379329113289714 0.41494092150242068 0.23622278429684229 0.22254509927006438 0.15124565767473541 0.028816239908337593 0.1443409404164413 0.099190103130240681 0.10098484095942695 0.089434110093861818 0.014772421680390835 0.0027992784744128585 0.028455094434320927 0.077831278613302857 0.0021924100155956703 0.02122556452286517 0.0087400611955672503 0.0042250989936292171 0.010911068704444915 0.0023418343844241463 0.002341301558772102 0.0065613573242444545 0.0014235388662200421 0.0012910585064673796 0.0010126433380719391
leaf_count=18 30 38 22 25 14 7 34 37 26 20 2 22 38 27 5 1 90 2 33 54 25 2 1 3 36 4 11 2 3 18
internal_value=0.000293296 -0.0166214 -0.0298312 -0.00942402 0.01414 0.0575335 0.00236616 0.0247093 0.0578852 0.0142572 -0.0549667 0.0386164 -0.0904014 0.09782 -0.101197 -0.100492 -0.100368 -0.100519 0.100433 -0.100382 -0.100161 -0.100148 -0.100195 -0.100139 -0.100101 -0.100064 -0.100032 -0.100011 -0.100008 -0.100003
internal_weight=2.704 1.21716 1.02333 0.765439 1.48684 0.317322 1.16951 0.754573 0.458768 0.503586 0.261854 0.35234 0.25789 0.232943 0.188624 0.137109 0.122337 0.07064 0.178816 0.0421849 0.0516966 0.0133687 0.0410449 0.0198193 0.00890823 0.00468314 0.0106517 0.00462859 0.00409034 0.00320505
internal_count=650 442 404 343 208 81 127 93 63 67 276 47 61 74 43 254 253 80 60 78 173 76 69 44 41 40 104 74 93 72
is_linear=0
shrinkage=0.1


Tree=102
num_leaves=28
num_cat=0
split_feature=13 34 23 23 18 21 11 17 34 48 39 33 8 35 23 39 11 9 3 0 35 50 11 19 6 39 21
split_gain=0.0573328 0.065206 0.16052 0.153983 0.140776 0.0953228 0.139084 0.123994 0.11916 0.100271 0.109835 0.0674248 0.0637345 0.0502908 0.0414777 0.0324259 0.00715652 0.000722634 2.71501e-05 1.16908e-06 2.56777e-07 1.32705e-07 6.10847e-09 5.61285e-11 1.66051e-12 1.01664e-13 7.71778e-15
threshold=17.360984802246097 0.98341494798660289 0.33333343267440801 0.43264029920101171 0.79436099529266369 0.14820672571659091 0.61459901928901683 23.283454895019535 0.61346343159675609 1.0000000180025095e-35 0.26334573328495031 0.61497220396995556 50.043935775756843 0.54812291264534008 0.38605777919292456 0.072677128016948714 0.1224527806043625 -0.032511113211512559 0.061823273077607162 1.8689298629760744 0.67922130227088939 0.52281171083450328 0.49726678431034094 3.5109268426895146 52.005649566650398 0.57761815190315258 0.0046894368715584287
decision_type=2 2 2 2 2 2 2 2 2 2 2 2 2 2 2 2 2 2 2 2 2 2 2 2 2 2 2
left_child=-1 5 -3 -4 20 6 7 12 9 13 -11 -10 15 16 -8 -2 -9 -17 -19 21 -5 22 -20 24 25 26 -24
right_child=1 2 3 4 -6 -7 14 8 11 10 -12 -13 -14 -15 -16 17 -18 18 19 -21 -22 -23 23 -25 -26 -27 -28
leaf_value=0.066926066572849982 0.065444413568613927 0.10091276031664875 -0.089645260793086018 0.100554991648103 -0.037156767223643521 0.10053989457700929 -0.085289052294608578 -0.058030725564478164 0.098796519122917092 -0.042676063836681717 0.071570143296530109 0.0091794092220173467 0.077720451058005222 -0.0070482005926552523 -0.027856682672433221 -0.083084690106177139 -0.10052252133107986 -0.10327322786007523 -0.10012283478577096 -0.10103995635915596 0.10029509008546839 -0.10039024699793637 -0.10000122878163663 -0.10002310444940983 -0.10000619996823544 -0.10000250202842027 -0.100001563981299
leaf_weight=0.12305404280778054 0.012853459365033237 0.19222133203584224 0.15330652538978029 0.06952767979237251 0.14441362337674946 0.071556504612089955 0.29652375525620289 0.060909698077011631 0.20897380477981642 0.13657941324345302 0.21921436799311778 0.1403292142204009 0.026435920997755602 0.15242011923692189 0.21834077737730695 0.024543644647565199 0.11348499073210405 0.057893445715308078 0.014647289077402093 0.030559767037630081 0.083867147244745865 0.043687568337190896 0.0017526981928313026 0.0018247484695166349 0.0010170549794565886 0.0010688440224839724 0.0011295546883047791
leaf_count=21 30 31 9 16 15 17 33 14 36 21 36 27 9 22 33 41 37 2 6 1 32 6 81 3 10 24 37
internal_value=0.000301575 -0.00300546 0.0243904 -0.00821593 0.0337025 -0.0126063 -0.0171956 0.000829371 0.0152899 -0.00901862 0.0277142 0.0627937 -0.0678047 -0.0490085 -0.0609335 -0.0879488 -0.0856817 -0.0990176 -0.101564 -0.10053 0.100413 -0.10029 -0.100086 -0.100008 -0.100003 -0.100002 -0.100001
internal_weight=2.60214 2.47908 0.643336 0.451115 0.297808 1.83575 1.76419 1.24933 1.03191 0.682609 0.355794 0.349303 0.217414 0.326815 0.514865 0.190978 0.174395 0.178125 0.153581 0.0956875 0.153395 0.0651278 0.0214402 0.0067929 0.00496815 0.0039511 0.00288225
internal_count=650 629 103 72 63 526 509 443 193 130 57 63 250 73 66 241 51 211 170 168 48 167 161 155 152 142 118
is_linear=0
shrinkage=0.1


Tree=103
num_leaves=31
num_cat=0
split_feature=36 37 8 15 2 16 34 10 2 8 35 35 4 5 5 0 10 1 7 1 45 37 3 2 0 4 19 7 7 37
split_gain=0.0603515 0.110074 0.0883551 0.0902393 0.133401 0.0669634 0.110613 0.110521 0.0825234 0.079639 0.1217 0.0977512 0.0791257 0.0735512 0.0592836 0.0545429 0.0185191 0.0133907 0.00102477 8.84818e-07 7.67562e-07 2.11684e-07 1.53912e-07 9.78179e-08 2.41615e-08 5.13846e-09 3.78047e-11 5.39628e-12 8.75191e-13 1.17937e-13
threshold=0.13332176953554156 0.55616044998168956 31.980230331420902 0.070995699614286437 0.40323318541049963 -1.0064286291599271 0.27326683700084692 -0.26832531392574305 0.50680953264236461 58.736474990844734 0.521297186613083 0.46933940052986151 0.067032057791948332 1.3260497450828554 0.61531922221183788 0.3072750866413117 0.03078586328774691 0.26696094870567327 35.125656127929695 0.26356130838394171 0.45418095588684088 0.49721160531044012 9.91369676589966 0.071485854685306563 0.13335580378770831 1.0481417775154116 3.5109268426895146 49.98510932922364 52.322706222534187 0.5402740240097047
decision_type=2 2 2 2 2 2 2 2 2 2 2 2 2 2 2 2 2 2 2 2 2 2 2 2 2 2 2 2 2 2
left_child=1 2 -1 4 14 -2 -7 -8 9 10 11 -9 -12 -11 -4 17 18 19 -14 22 -20 -22 23 25 -23 26 27 -13 29 -29
right_child=5 -3 3 -5 -6 6 7 8 -10 13 12 15 16 -15 -16 -17 -18 -19 20 -21 21 24 -24 -25 -26 -27 -28 28 -30 -31
leaf_value=-0.10066596247056124 0.10077744156559849 0.042776990141601377 0.011318832612824042 -0.061695571950286576 0.10074376141720701 -0.10091046887311589 -0.10215260785673022 0.070898557743805532 0.1004749183618897 0.024388164855006989 -0.03401217915377374 -0.1000098793989168 0.085306754005860019 -0.064057816990034072 -0.086477576520350347 0.10049487125547235 0.043977906597482269 7.3430746463599964e-05 0.10065887407528105 -0.10124402654082068 0.10048771311524185 0.10024892225181675 -0.10061120236722879 -0.10033820312834117 0.10012989286159957 -0.10012221673032902 -0.10002287248602881 -0.10000126133016816 -0.10000481735771316 -0.10000233568798107
leaf_weight=0.16382273915223799 0.083451427053660043 0.23406833436456509 0.15827346447622404 0.27975738851091592 0.11925613220955711 0.086490271969523635 0.074312053620815166 0.074133120011538045 0.12476960924686853 0.17831947027298156 0.065928455383982509 0.0010791056201924221 0.055509835889097303 0.1988944347249344 0.10188820539769949 0.016952880891039968 0.084265484416391701 0.014858775306493044 0.12014173044008203 0.012136431410908699 0.034917093231342733 0.031864103424595669 0.018113788217306137 0.077327086561126634 0.036689903849037364 0.0073009657207876453 0.0011655536072794348 0.003243183484300971 0.0010291233938914957 0.001491754947892332
leaf_count=29 14 28 31 32 13 24 3 7 38 32 11 18 11 16 23 3 25 2 22 1 7 11 1 15 35 2 2 148 12 34
internal_value=0.000316668 -0.0177318 -0.0349411 -0.0186067 0.0131642 0.0139016 0.00841309 0.0160727 0.0236457 0.0143871 0.0353837 -0.0235162 0.0667782 -0.0222469 -0.0269816 -0.0687607 0.0850643 -0.0895917 0.097468 -0.100433 0.100487 0.100287 -0.100345 -0.100292 0.100185 -0.100062 -0.100006 -0.100003 -0.100002 -0.100002
internal_weight=2.46145 1.05707 0.822998 0.659175 0.379418 1.40439 1.32093 1.23444 1.16013 1.03536 0.658148 0.228832 0.429317 0.377214 0.260162 0.154699 0.363388 0.137746 0.279123 0.122887 0.223613 0.103471 0.110751 0.0926368 0.068554 0.0153097 0.00800872 0.00684317 0.00576406 0.00473494
internal_count=650 156 128 99 67 494 480 456 453 415 367 245 122 48 54 238 111 235 86 233 75 53 232 231 46 216 214 212 194 182
is_linear=0
shrinkage=0.1


Tree=104
num_leaves=28
num_cat=0
split_feature=47 13 34 16 34 11 35 8 38 38 0 36 33 37 0 13 0 36 13 44 34 3 1 19 37 9 47
split_gain=0.0570674 0.109796 0.100795 0.105077 0.125216 0.125998 0.108361 0.0815559 0.109488 0.0922469 0.0659617 0.0553946 0.0495541 0.0192273 0.0123602 0.00717883 0.0289787 1.65448e-06 1.32835e-06 1.31345e-07 9.62855e-08 3.33946e-08 4.63776e-09 2.21286e-11 4.64916e-13 3.10563e-14 6.81573e-15
threshold=0.55275100469589245 45.566720962524421 0.29636934399604803 0.14961051940917972 0.94715484976768505 0.48690895736217504 0.521297186613083 40.899061203002937 0.42317889630794531 0.49614673852920538 0.25704541802406317 0.39143706858158117 0.52399525046348583 0.50008174777030956 0.14640098810195926 23.709030151367191 0.17209709435701373 0.15618037432432177 55.180122375488288 0.30187515914440161 0.49989879131317144 3.8820881843566899 0.073557902127504363 1.4671111106872561 0.55671387910842907 0.0042524300515651712 0.49661673605442053
decision_type=2 2 2 2 2 2 2 2 2 2 2 2 2 2 2 2 2 2 2 2 2 2 2 2 2 2 2
left_child=2 7 18 4 5 6 -4 -2 -9 -10 11 15 -8 -3 -6 16 20 -15 19 -1 -7 22 23 24 25 26 -22
right_child=1 13 3 -5 14 10 12 8 9 -11 -12 -13 -14 17 -16 -17 -18 -19 -20 -21 21 -23 -24 -25 -26 -27 -28
leaf_value=-0.10053958362900234 0.058792667959988609 0.036309102899734678 -0.030475662412198103 -0.067215379388353425 0.048401014022926486 -0.10060001355650523 0.092145156897258954 -0.076327478619346745 0.099116377127201546 -0.022189011659125468 0.037060129853231726 0.017533180252902705 0.013120815105639595 0.10102355528024608 0.1005385887965711 -0.1010750290223968 0.10028102060024864 0.1003677142351567 -0.10108860576150645 -0.10027075346851765 -0.10000133842064829 -0.1003078420999227 -0.10011200769117523 -0.10001706017372532 -0.1000033726402285 -0.10000177374337758 -0.10000100844305092
leaf_weight=0.03382940738811191 0.1731081879697739 0.066287059336900711 0.224075539386831 0.21985297359788081 0.072230354242492467 0.0059287431649863711 0.19352509209420532 0.20637798421739717 0.096019586126203649 0.18059661320694431 0.067049208155367523 0.055401194753358141 0.13450257286604028 0.071217853052075952 0.12273092570831068 0.20151203509885818 0.0092823435552418232 0.083637605028343387 0.044403186504496261 0.039273134172617574 0.0010283640713168998 0.0091788377612829208 0.010661456151865423 0.0011836745034088381 0.0015775065367051866 0.0010838088956006686 0.0015996195088519016
leaf_count=9 27 8 39 35 15 1 24 23 27 33 10 12 29 8 34 24 3 33 10 33 45 1 4 4 31 39 89
internal_value=0.000307979 0.0204402 -0.0118727 -0.00404272 0.00844092 -0.00702302 0.0231267 -9.90178e-05 -0.0212062 0.0199188 -0.0525671 -0.0727034 0.0597425 0.0813775 0.0812224 -0.0932733 -0.0554124 0.100669 -0.100657 -0.100395 -0.100236 -0.100154 -0.100071 -0.100005 -0.100002 -0.100001 -0.100001
internal_weight=2.32715 0.877245 1.44991 1.3324 1.11255 0.91759 0.552103 0.656102 0.482994 0.276616 0.365487 0.298438 0.328028 0.221143 0.194961 0.243036 0.0415244 0.154855 0.117506 0.0731025 0.032242 0.0263133 0.0171344 0.00647297 0.0052893 0.00371179 0.00262798
internal_count=650 159 491 439 404 355 92 110 83 60 263 253 53 49 49 241 217 41 52 42 214 213 212 208 204 173 134
is_linear=0
shrinkage=0.1


Tree=105
num_leaves=31
num_cat=0
split_feature=36 50 16 34 10 2 8 35 35 4 5 34 19 0 45 45 50 2 2 1 36 37 1 47 33 16 4 13 19 28
split_gain=0.0509353 0.0967927 0.0580985 0.0896218 0.092931 0.0724322 0.0663777 0.098654 0.0850932 0.0714242 0.0605809 0.0574585 0.0557707 0.0482965 0.0359468 0.0188219 0.0168925 0.00503244 4.2979e-06 6.48333e-07 3.3064e-07 1.484e-07 1.05168e-07 3.96622e-08 3.27205e-08 1.44478e-08 1.33221e-08 3.63907e-09 3.67327e-11 3.94293e-12
threshold=0.13332176953554156 0.51756414771080028 -1.0064286291599271 0.27326683700084692 -0.26832531392574305 0.50680953264236461 58.736474990844734 0.521297186613083 0.46933940052986151 0.067032057791948332 1.3260497450828554 0.81210276484489452 1.5859531164169314 0.3072750866413117 0.56343257427215587 0.25465501844882971 0.37938824295997625 0.08282999694347383 0.32076001167297369 0.26356130838394171 0.44490861892700201 0.51483696699142467 0.092113882303237929 0.34071741998195654 0.60008755326271068 -0.030118139460682865 0.4777535349130631 20.906323432922367 3.5109268426895146 3424.5000000000005
decision_type=2 2 2 2 2 2 2 2 2 2 2 2 2 2 2 2 2 2 2 2 2 2 2 2 2 2 2 2 2 2
left_child=1 11 -2 -4 -5 6 7 8 -6 -9 -8 18 -3 15 -14 -10 -11 -18 24 22 21 -19 26 -22 25 -1 -17 28 29 -28
right_child=2 12 3 4 5 -7 10 9 13 16 -12 -13 14 -15 -16 19 17 20 -20 -21 23 -23 -24 -25 -26 -27 27 -29 -30 -31
leaf_value=-0.10017018135746891 0.10066425094158687 0.039760098887855692 -0.10074511986765851 -0.10182155015055371 0.06802091464126514 0.10040509739700931 0.022170480502323148 -0.033357056749345138 0.034147651856217508 0.034321717262967663 -0.061143892517304559 -0.0043339880079602692 0.0088337811104585336 0.100453455592674 -0.049437357654299297 -0.10022915300350513 0.063791617123220373 0.10054483145736647 -0.10118836171963493 -0.10096092718072935 0.10025888433754609 0.10034586522361195 -0.10036830209477277 0.10010432514076135 -0.10024424768528171 -0.10007714108530336 -0.10000865193810995 -0.10010744204765916 -0.1000229805776818 -0.10000179943808858
leaf_weight=0.042041276890813606 0.072163674514740817 0.2579451460915152 0.070927932420090323 0.063965553417801746 0.070466993842273729 0.10673791717272252 0.16818892104492988 0.062904620805056766 0.011463396018370986 0.057896245474694297 0.18141619593370706 0.094911208667326719 0.21998634614283219 0.015314876334741712 0.20407226611860096 0.0068432921543717376 0.04553907981608063 0.07581494702026248 0.066718515925458632 0.018361819908022881 0.031954116886481643 0.074149368323560338 0.071983612462645397 0.034560058091301471 0.042892708355793729 0.027678180078510528 0.0010251335734210443 0.0074923057109117508 0.0011035874777007848 0.0046419183681791765
leaf_count=19 14 32 24 3 7 38 32 11 2 10 16 13 26 3 14 1 12 13 7 2 10 34 13 32 11 34 20 3 2 192
internal_value=0.000306527 -0.0170804 0.0135553 0.00824053 0.0151932 0.0223362 0.013482 0.0338991 -0.021412 0.0640525 -0.0210628 -0.0672525 0.00309447 -0.0670033 -0.0192084 -0.0878679 0.0832061 0.0940078 -0.100552 -0.100418 0.100364 0.100446 -0.100311 0.100179 -0.100176 -0.100133 -0.100114 -0.100059 -0.100006 -0.100003
internal_weight=2.21116 0.956246 1.25492 1.18275 1.11182 1.04786 0.94112 0.591515 0.208697 0.382818 0.349605 0.274242 0.682004 0.13823 0.424059 0.122915 0.319914 0.262018 0.179331 0.111452 0.216478 0.149964 0.0930898 0.0665142 0.112612 0.0697195 0.0211062 0.0142629 0.00677064 0.00566705
internal_count=650 156 494 480 456 453 415 367 245 122 48 84 72 238 40 235 111 101 71 233 89 47 231 42 64 53 218 217 214 212
is_linear=0
shrinkage=0.1


Tree=106
num_leaves=31
num_cat=0
split_feature=47 13 34 7 35 13 14 3 11 11 38 5 50 6 3 17 37 24 7 50 5 47 1 3 5 1 8 7 18 37
split_gain=0.0500924 0.0937659 0.0836218 0.097303 0.0824359 0.0885151 0.0991398 0.0823512 0.0774708 0.0628254 0.0874459 0.0678456 0.0623416 0.0554074 0.0407872 0.0326921 0.0163216 0.00200559 1.80705e-06 6.14431e-07 3.68252e-07 1.94946e-07 1.70105e-07 2.35879e-08 1.13872e-08 1.30734e-09 5.45594e-11 4.51785e-12 2.39643e-13 2.10535e-14
threshold=0.55275100469589245 45.566720962524421 0.29636934399604803 75.444778442382827 0.56283041834831249 43.612174987792976 48.135070800781257 1.001763701438904 0.42237712442874914 0.10531251132488252 0.42317889630794531 2.1710779666900639 0.51441699266433727 49.653341293334968 0.75900185108184826 19.974682807922367 0.50145214796066295 0.13777285814285281 63.331678390502937 0.48216511309146887 1.3260497450828554 0.45368117094039923 0.13586448132991794 1.133515000343323 0.96678194403648388 0.1281738951802254 53.787635803222663 44.863162994384773 0.015654059126973156 0.527238428592682
decision_type=2 2 2 2 2 2 2 2 2 2 2 2 2 2 2 2 2 2 2 2 2 2 2 2 2 2 2 2 2 2
left_child=2 9 19 4 8 12 -7 -8 13 -2 -11 14 -6 -4 -12 -10 -3 -14 22 21 -18 -1 23 24 -17 26 27 -26 29 -29
right_child=1 16 3 -5 5 6 7 -9 15 10 11 -13 17 -15 -16 18 20 -19 -20 -21 -22 -23 -24 -25 25 -27 -28 28 -30 -31
leaf_value=-0.10009400260954454 0.070736064356757875 0.039367915818542404 -0.038210953008084754 -0.085909799095571296 -0.0025414799200152091 -0.088199333926213444 0.089559638692554011 -0.027877445188900701 0.037397766035229867 -0.067527314699168159 0.0043499868025926028 -0.040491978491148155 0.080357541952751882 0.053575710649916369 0.099081524054585923 -0.10016963729820622 0.10041316916977359 0.1006954646143996 -0.10105630179475987 -0.10078408659240295 0.10075090601474566 -0.10050475154682258 -0.10046134645561577 -0.10029323079077863 -0.10000886808300613 -0.1000901812608487 -0.100027606885501 -0.10000089523118919 -0.10000275197814962 -0.10000144820496881
leaf_weight=0.02516429221213945 0.10480748844565813 0.065304894698783755 0.14244528645940568 0.13111766393740243 0.094899266783613712 0.10612163585028611 0.1137548337719636 0.12568666061270051 0.019534366554580629 0.19068175243228325 0.081952942862699274 0.11707092227879912 0.071176808865857311 0.12217554176459089 0.10204042723671591 0.017619729973375797 0.05844736352446489 0.15210580466373358 0.057981750782346353 0.051447391582769342 0.072120663739042357 0.021364997362979921 0.044848285897387541 0.011655078502371907 0.0010561854383013269 0.0027005705051124096 0.0010870363148569595 0.0019879771325577167 0.0012072547056050098 0.0010533069880693802
leaf_count=36 16 9 31 15 28 15 20 20 7 26 26 9 20 17 33 7 24 31 5 8 16 8 8 2 11 1 3 126 38 34
internal_value=0.000283423 0.0201531 -0.0116612 -0.0045242 0.00527391 0.027298 -0.00774342 0.027915 -0.0290938 0.000442248 -0.0145397 0.0190205 0.065355 0.00416699 0.0568869 -0.0838529 0.0801848 0.0942123 -0.100628 -0.100546 0.1006 -0.100283 -0.100329 -0.100175 -0.100123 -0.100032 -0.100007 -0.100003 -0.100002 -0.100001
internal_weight=2.11062 0.792426 1.31819 1.22022 1.0891 0.663745 0.345563 0.239441 0.425352 0.596554 0.491746 0.301064 0.318182 0.264621 0.183993 0.160732 0.195873 0.223283 0.141197 0.0979767 0.130568 0.0465293 0.0832154 0.0383671 0.0267121 0.00909233 0.00639176 0.00530472 0.00424854 0.00304128
internal_count=650 159 491 439 424 134 55 40 290 110 94 68 79 48 59 242 49 51 235 52 40 44 230 222 220 213 212 209 198 160
is_linear=0
shrinkage=0.1


Tree=107
num_leaves=30
num_cat=0
split_feature=1 4 36 18 38 15 36 14 35 9 3 12 6 34 28 44 39 19 16 50 50 36 51 12 33 34 8 8 44
split_gain=0.0448703 0.0815019 0.0700033 0.0670424 0.105395 0.116591 0.0926301 0.0700084 0.0626143 0.0533365 0.0541688 0.0277998 0.0271162 0.0493827 0.0220097 0.00709139 0.00119997 5.36573e-06 4.32475e-07 1.70282e-07 1.34093e-07 4.57418e-08 1.6403e-08 5.53544e-09 2.83014e-09 1.07887e-09 1.20948e-10 1.74094e-11 2.50352e-13
threshold=0.17397624254226687 0.11836510524153711 0.3522451519966126 -0.020366379059851166 0.48731677234172827 0.017832719720900062 0.12746056169271472 26.084631919860843 0.56283041834831249 -0.048662086948752396 1.6290082335472109 17.500000000000004 54.079719543457038 0.55281522870063793 303324.00000000006 0.20333448052406314 0.086309526115655913 3.4087134599685673 0.40387625992298132 0.60035499930381786 0.80384615063667308 0.29587781429290777 0.54824239015579235 2.5000000000000004 0.41967415809631353 0.63650476932525646 36.338407516479499 53.787635803222663 0.55672430992126476
decision_type=2 2 2 2 2 2 2 2 2 2 2 2 2 2 2 2 2 2 2 2 2 2 2 2 2 2 2 2 2
left_child=2 -2 9 7 6 -6 -5 -3 -4 14 11 16 13 -9 -1 -8 -11 20 19 -17 22 -21 23 24 -18 26 -26 28 -28
right_child=1 3 8 4 5 -7 15 12 -10 10 -12 -13 -14 -15 -16 18 17 -19 -20 21 -22 -23 -24 -25 25 -27 27 -29 -30
leaf_value=0.091570643819668007 0.1004515575042583 0.040063711938158081 -0.034590954117792165 0.011072981427450853 0.051768972683183062 -0.065375161152685074 0.054603991187257429 -0.083447827194631868 0.073339610970122357 -0.073662450825270218 0.046765588369114146 0.0029847740442481784 -0.090014433531953028 0.020061909782520881 -0.046827690974359772 0.10043180177092437 -0.10014754966741968 -0.10127221241585926 0.10062781055056542 0.1002838881657884 -0.1004772912059389 0.10012385612864855 -0.10023223420476897 -0.10013330670045098 -0.10003136205685015 -0.10007232915887786 -0.10000092169962654 -0.10001619879011202 -0.1000027159458335
leaf_weight=0.032270972801598075 0.09225000075821288 0.1058917252539685 0.1055188974714838 0.33642551576485846 0.13211661756213289 0.23804224957711995 0.040771908796159551 0.08884029107139213 0.10955996951815905 0.017640167186073308 0.035031857085414231 0.030708287944435142 0.12533619964960963 0.095783407101407647 0.017844980321569892 0.062371247942792252 0.0031245512800524003 0.12505497361416928 0.063577315420843661 0.036554932747094426 0.014182979241013527 0.034925147723697592 0.013612270355224609 0.029952331935419352 0.0030451226339209825 0.0063455377239733934 0.0019220075923840341 0.0011032208622054895 0.0013061186700724647
leaf_count=23 26 20 15 32 29 36 8 20 33 35 9 10 12 21 38 14 3 17 11 17 1 34 2 15 4 3 121 4 37
internal_value=0.000292136 0.00949043 -0.0240849 0.00332335 0.0180501 -0.0235642 0.0448569 -0.0301347 0.0203883 -0.0527968 -0.0696339 -0.0860764 -0.0541167 -0.0297466 0.0422906 0.0925721 -0.0986629 -0.100872 0.100413 0.100311 -0.100201 0.100206 -0.100136 -0.100108 -0.100062 -0.100042 -0.100016 -0.100005 -0.100002
internal_weight=2.00111 1.45289 0.548224 1.36064 0.944785 0.370159 0.574626 0.415852 0.215079 0.333145 0.283029 0.247998 0.30996 0.184624 0.050116 0.238201 0.217289 0.199649 0.197429 0.133851 0.0745941 0.0714801 0.0604112 0.0467989 0.0168466 0.013722 0.00737647 0.00433135 0.00322813
internal_count=650 280 370 254 181 65 116 73 48 322 261 252 53 41 61 84 242 207 76 65 190 51 189 187 172 169 166 162 158
is_linear=0
shrinkage=0.1


Tree=108
num_leaves=31
num_cat=0
split_feature=50 38 38 36 28 16 14 35 34 23 3 14 11 2 34 39 35 1 11 15 1 51 36 50 35 13 4 16 39 37
split_gain=0.0432926 0.0903009 0.102063 0.0888241 0.0795548 0.0768949 0.113033 0.0922359 0.0729275 0.0625204 0.0867008 0.0377376 0.0329671 0.0272761 0.0547143 0.0221623 0.0136377 0.0249441 0.0121308 0.00153778 1.85423e-05 4.7193e-07 4.28323e-07 4.14234e-08 3.61518e-08 1.04517e-08 4.10014e-09 4.61313e-11 1.48988e-12 4.98499e-14
threshold=0.57493501901626598 0.41139391064643865 0.42202435433864599 0.19169653952121737 294364.50000000006 0.0022668623132631187 32.146646499633796 0.49694900214672094 0.57194268703460704 0.15557476878166202 0.59355890750885021 74.405849456787124 0.24254639446735385 0.28787380456924444 0.46717572212219244 1.0000000180025095e-35 0.52309364080429088 0.19391462206840518 0.29932263493537908 -0.01290040649473667 0.20063696801662448 0.50840476155281078 0.14087209105491641 0.68910494446754467 0.5642564892768861 50.594591140747077 1.0481417775154116 0.59329932928085338 0.71714290976524364 0.50307467579841625
decision_type=2 2 2 2 2 2 2 2 2 2 2 2 2 2 2 2 2 2 2 2 2 2 2 2 2 2 2 2 2 2
left_child=3 12 -3 4 8 7 -7 -4 18 10 -5 13 -2 14 -11 -16 17 26 -1 -12 -14 24 -9 -24 -6 -25 27 28 29 -17
right_child=1 2 5 9 21 6 -8 22 -10 11 19 -13 20 -15 15 16 -18 -19 -20 -21 -22 -23 23 25 -26 -27 -28 -29 -30 -31
leaf_value=-0.035894870541209191 0.020541599724286388 -0.069642359720353611 -0.040637125691925152 0.072744923571238823 -0.10014106580505021 0.083776251874293842 -0.044819690400739631 0.10053272786310288 0.020070078318657855 -0.070423408632983325 -0.074811195543876538 -0.060496916033620701 0.09825854833625694 0.10047526537974982 -0.076738284910376792 -0.10000075073683763 0.10042884884359189 0.1005030860240443 -0.10045546026379129 -0.10109560435031364 0.10059300845533668 -0.10054968849888038 0.10029073526635256 0.10009909357098266 -0.10027723150271016 0.10019809747520986 -0.10013418642268289 -0.10002580122091807 -0.10000563146900109 -0.10000170807097059
leaf_weight=0.046360616906895302 0.083615504379849881 0.17109261552104726 0.063498414121568203 0.049000195285771042 0.037519913896176149 0.092422142210125457 0.2624524368729908 0.089985937811434269 0.21101995391654782 0.038664371473714709 0.035826221410388825 0.029778186231851578 0.056365483920671977 0.095900959306163713 0.0098233592048018181 0.0011747617381843156 0.080576586187817156 0.01480077626183629 0.07818996984133264 0.058775626751412346 0.085842288332059979 0.087827019218821079 0.039420716086169705 0.021350733415602008 0.040593844256363809 0.021301601533195935 0.0061546731740236282 0.001169653536635451 0.0011566546008907608 0.0010129155643880949
leaf_count=16 10 13 7 14 30 21 39 16 33 16 19 5 14 28 18 88 19 2 32 34 27 11 13 28 11 12 3 3 27 41
internal_value=0.000269895 0.0148345 -0.00163397 -0.0152709 -0.0437526 0.0180732 -0.0113287 0.062368 -0.0157449 0.0184322 -0.0352199 0.0459275 0.0703697 0.058582 0.0325838 0.0669562 0.0802671 0.0164822 -0.0764245 -0.0911416 0.0996677 -0.100391 0.100382 0.100217 -0.100212 0.100149 -0.100081 -0.100009 -0.100003 -0.100001
internal_weight=1.91267 0.987348 0.761525 0.925326 0.501511 0.590432 0.354875 0.235557 0.335571 0.423815 0.143602 0.280213 0.225823 0.250435 0.154534 0.115869 0.106046 0.0254694 0.124551 0.0946018 0.142208 0.165941 0.172059 0.0820731 0.0781138 0.0426523 0.0106687 0.00451399 0.00334433 0.00218768
internal_count=650 200 149 450 133 136 60 76 81 317 67 250 51 245 217 201 183 164 48 53 41 52 69 53 41 40 162 159 156 129
is_linear=0
shrinkage=0.1


Tree=109
num_leaves=29
num_cat=0
split_feature=36 37 8 16 51 51 16 10 34 2 8 35 35 38 6 0 0 45 11 1 34 38 16 2 4 6 39 39
split_gain=0.0406505 0.0800213 0.0736558 0.0713909 0.0792 0.0464867 0.0443531 0.0657423 0.0731716 0.0556096 0.0515217 0.079253 0.0746038 0.0739207 0.0630123 0.0541837 0.0348356 0.0142074 0.00117304 3.73907e-07 1.38118e-07 4.80518e-08 3.98281e-08 2.5541e-08 1.43584e-09 1.52376e-11 1.08517e-12 7.95978e-15
threshold=0.13332176953554156 0.55616044998168956 31.980230331420902 0.1349403187632561 0.56395828723907482 0.48249305784702307 -1.0064286291599271 -0.26832531392574305 0.27326683700084692 0.50680953264236461 58.032253265380866 0.521297186613083 0.46933940052986151 0.52790078520774852 62.58076477050782 0.20870147645473483 0.3072750866413117 0.25465501844882971 0.033761722967028625 0.26356130838394171 0.69749835133552562 0.38510997593402868 0.012530235573649408 0.071485854685306563 1.0481417775154116 54.230463027954109 0.57761815190315258 0.27638889849185949
decision_type=2 2 2 2 2 2 2 2 2 2 2 2 2 2 2 2 2 2 2 2 2 2 2 2 2 2 2 2
left_child=1 2 -1 4 5 -4 -2 -8 -9 10 11 12 -10 15 18 -12 17 -14 -13 21 -20 -19 -22 24 25 26 27 -23
right_child=6 -3 3 -5 -6 -7 7 8 9 -11 13 14 16 -15 -16 -17 -18 19 20 -21 22 23 -24 -25 -26 -27 -28 -29
leaf_value=-0.10053369160282639 0.10051653087634649 0.0427352511193606 0.022931915767113398 -0.071441023409050924 0.068708934208808914 -0.073674339512147385 -0.10143321329536314 -0.10054482606258036 0.069702536445565774 0.1003007461805971 -0.037359654271761161 0.081994430162431686 0.029151821011470541 -0.079301221863268573 -0.0124780555589383 0.06787258020351318 0.10032092475820481 -0.10037186359501465 0.10039186769106739 -0.10080003098833404 0.1001397994055508 -0.10000106404610232 0.10028722224078393 -0.10023080595371281 -0.10008387700028082 -0.10001599258125465 -0.10000479995276797 -0.10000069127532424
leaf_weight=0.12932065865607012 0.055590436211787053 0.17763794941129163 0.091138103739467624 0.1572900825412944 0.13710638781776652 0.10984376004489604 0.051347745582461246 0.051728912383623538 0.061070186085999012 0.081864124600542709 0.089274429832585156 0.044639220752287656 0.0093817564193159342 0.11958141840295866 0.071704444861097727 0.10827025903563481 0.010959608014672995 0.02270131688010224 0.087648936983896419 0.014990918803960085 0.040602982728159986 0.0010483522746653762 0.033400645770598203 0.040323458117200062 0.0050229150801897049 0.0010271366045344621 0.0010024530088230676 0.0012628519475583744
leaf_count=29 14 28 32 23 20 24 3 24 7 38 13 7 2 16 37 27 3 11 24 2 35 62 12 12 2 8 33 102
internal_value=0.00029484 -0.016488 -0.0333285 -0.0157844 0.010109 -0.0298668 0.0137007 0.00861446 0.0149105 0.0219719 0.0135778 0.0354574 -0.0185935 -0.0172475 0.0682754 0.020316 -0.0686511 -0.0877897 0.0963443 -0.100345 0.100307 -0.100251 0.100206 -0.100196 -0.100047 -0.100005 -0.100002 -0.100001
internal_weight=1.80678 0.802337 0.624699 0.495378 0.338088 0.200982 1.00444 0.948854 0.897506 0.845777 0.763913 0.446787 0.168791 0.317126 0.277996 0.197545 0.107721 0.0967612 0.206292 0.0873794 0.161653 0.0723885 0.0740036 0.0496872 0.00936371 0.00434079 0.00331366 0.0023112
internal_count=650 156 128 99 76 56 494 480 477 453 415 359 244 56 115 40 237 234 78 232 71 230 47 219 207 205 197 164
is_linear=0
shrinkage=0.1


Tree=110
num_leaves=31
num_cat=0
split_feature=0 17 37 3 48 17 38 34 13 33 36 36 10 50 35 47 6 37 36 8 35 51 39 39 15 3 5 35 3 0
split_gain=0.0387796 0.0650466 0.0643596 0.0531275 0.0505387 0.0857027 0.0769502 0.0491233 0.0464256 0.0460246 0.0445408 0.0398292 0.03277 0.0209182 0.0308013 0.0151078 0.00585863 0.00358381 8.01101e-07 2.35379e-07 1.80294e-07 9.76159e-08 5.27581e-08 3.26793e-08 1.31733e-08 9.21475e-09 2.16452e-09 1.42218e-09 3.03624e-10 1.32497e-10
threshold=0.29370516538620001 37.322582244873054 0.52775388956069957 0.18602897226810458 0.25000000745058065 27.83172702789307 0.52790078520774852 0.96966096758842479 15.797153472900392 0.4524011909961701 0.20578815042972567 0.39143706858158117 -0.010101467836648224 0.57493501901626598 0.60426351428031932 0.23934246599674228 36.475469589233406 0.52032247185707103 0.088599488139152541 68.594223022460952 0.43630249798297888 0.52240377664566051 0.71208354830741893 0.99999994039535534 -0.054425304755568497 1.0859840512275698 0.37759858369827276 0.59167379140853893 0.70789813995361339 0.086150918155908598
decision_type=2 2 2 2 2 2 2 2 2 2 2 2 2 2 2 2 2 2 2 2 2 2 2 2 2 2 2 2 2 2
left_child=1 2 3 -1 5 -2 16 8 -5 15 -11 17 -12 14 25 -3 -7 20 -18 22 -10 23 -20 24 -22 28 -26 -28 -4 -30
right_child=4 9 13 7 -6 6 -8 -9 11 10 12 -13 -14 -15 -16 -17 18 -19 19 -21 21 -23 -24 -25 26 -27 27 -29 29 -31
leaf_value=0.063952142898680897 -0.018815373973172962 -0.016645741277096171 -0.10006351419331078 0.10033956011310799 -0.031889729529099013 0.05766330657375697 0.0043838191855627559 0.10030900229577647 -0.10070641477847722 -0.089147411607278515 -0.06658412323348345 0.048100670914585739 0.0082865395034579827 0.10047535616723909 0.100349521773481 0.063494737416815286 0.10081081291743191 -0.043107023045072725 0.10013788159027218 0.10048376956505911 -0.10018738376789722 -0.1003766589334819 0.10031626307888819 -0.10030746441059434 -0.10012948046100989 -0.10020854183653632 -0.1000102530647967 -0.10007962840670644 -0.10000759278083836 -0.10004772697428975
leaf_weight=0.069644048431655392 0.23427492956398055 0.044441912639740622 0.0049875109107233584 0.017026540823280811 0.17198561280383728 0.038031233474612236 0.16282841519569047 0.02268780252779834 0.010169912909077539 0.179676977058989 0.10109872551402077 0.022847168380394578 0.13860771286272211 0.092359060719900299 0.016154608980286866 0.049975524460023735 0.056053170585073531 0.012070361222868087 0.033245093803998316 0.077124546252889559 0.026855575577883428 0.045950895102578215 0.0330761086079292 0.016072347767931205 0.005972917308099567 0.0062301242724061021 0.0043683101198439553 0.009132564882747829 0.0019359092880222306 0.0014303430216386914
leaf_count=14 35 22 4 4 23 8 36 9 10 34 18 8 32 33 5 18 8 13 32 21 38 9 15 5 3 1 134 4 53 1
internal_value=0.000271918 -0.0140025 0.0170236 -0.0109266 0.0161935 0.029224 0.0573349 -0.0379251 -0.0563229 -0.0373049 -0.0515059 -0.0737071 -0.023291 0.0766939 0.00523837 0.0257729 0.0936332 -0.0950173 0.10049 0.100365 -0.100304 -0.100266 0.100227 -0.100185 -0.100142 -0.100116 -0.100079 -0.100057 -0.100048 -0.100025
internal_weight=1.70632 0.899697 0.385896 0.262798 0.806619 0.634633 0.400359 0.193154 0.170467 0.513801 0.419383 0.15344 0.239706 0.123098 0.0307385 0.0944174 0.23753 0.130593 0.199499 0.143446 0.118523 0.108353 0.0663212 0.0624017 0.0463294 0.0145839 0.0194738 0.0135009 0.00835376 0.00336625
internal_count=650 472 348 251 178 155 120 237 228 124 84 224 50 97 64 40 84 216 76 68 203 193 47 184 179 59 141 138 58 54
is_linear=0
shrinkage=0.1


Tree=111
num_leaves=30
num_cat=0
split_feature=12 2 4 37 43 36 11 34 36 11 18 5 48 14 45 0 0 34 33 1 19 39 51 47 45 13 4 16 48
split_gain=0.0377604 0.0475048 0.0601633 0.0557934 0.0623013 0.0533126 0.0528131 0.0742463 0.103258 0.0451771 0.0441178 0.0429149 0.0401201 0.0279493 0.0149429 0.0113588 0.00118364 3.75993e-06 3.49188e-07 2.40166e-07 1.3664e-07 5.36562e-08 2.24334e-08 2.11743e-08 5.66782e-09 3.0706e-09 3.87234e-10 8.63442e-12 1.57185e-13
threshold=14.500000000000002 0.1553594842553139 0.11836510524153711 0.55616044998168956 0.61250001192092907 0.3855408132076264 0.73854193091392528 0.64673522114753734 0.11994898319244386 0.30832640826702123 0.011274596676230432 0.62328520417213451 1.0000000180025095e-35 65.15454483032228 0.5858331322669984 0.28684268891811376 0.12580136954784396 0.99929806590080272 0.84604734182357799 0.18931657075881961 0.48665677011013037 0.95419579744339 0.52831196784973156 0.51145976781845104 0.57248991727828991 21.963002204895023 0.999303698539734 0.088667292147874846 1.0000000180025095e-35
decision_type=2 2 2 2 2 2 2 2 2 2 2 2 2 2 2 2 2 2 2 2 2 2 2 2 2 2 2 2 2
left_child=1 5 -3 6 20 13 7 8 -4 -9 -2 -8 -10 14 17 -11 -12 18 19 21 -5 22 24 -22 25 26 -1 28 -28
right_child=10 2 3 4 -6 -7 11 9 12 15 16 -13 -14 -15 -16 -17 -18 -19 -20 -21 23 -23 -24 -25 -26 -27 27 -29 -30
leaf_value=-0.10004500913145897 -0.014475240285795266 0.094887574898117721 -0.10081955497352438 0.10045274194069596 -0.0029332999725238643 0.014656122046059442 -0.089220787363488513 -0.017941641702028274 -0.027693665249584394 0.045325835009623124 0.077072695392763707 -0.010970552247889799 0.055588225977218381 0.061816715061606547 -0.037638969685023671 0.10064506162288921 0.10027627573945869 -0.10156855573714788 -0.10089474293755159 -0.10077139154715718 0.10027444109847011 -0.10029755500467193 -0.1002656055326709 0.10015941909097315 -0.10016343588109747 -0.10009484198722099 -0.10000075999703231 -0.10001208357692744 -0.1000022756646875
leaf_weight=0.0056255343370138489 0.068743245392397623 0.069294526620069408 0.1178486241642529 0.038673135146382265 0.13553599499573465 0.1145652918930864 0.13525031227618456 0.069659062573919073 0.11505035922164097 0.06107568211882608 0.035920177251682617 0.14546939867432229 0.11633417404664215 0.0146073994692415 0.05352684232275351 0.094622736854944378 0.056664494000870036 0.030363302677869797 0.0087894229218363762 0.0075962659902870646 0.030835312834824435 0.027222164182148845 0.0093748322688043118 0.033276326859777328 0.0095590613782405853 0.02503789519687416 0.0018260569534049864 0.0010026355912486906 0.0010942521244032832
leaf_count=6 29 25 31 9 18 26 12 12 16 20 8 30 24 3 26 26 35 2 1 1 13 15 2 27 2 22 155 13 41
internal_value=0.000283245 -0.00474677 0.0045277 -0.00119768 0.0415918 -0.0395173 -0.0131204 0.00424827 -0.0246277 0.0489969 0.0462133 -0.0486714 0.0141783 -0.0712432 -0.0819806 0.078945 0.091274 -0.100597 -0.100294 -0.100234 0.100304 -0.100183 -0.100125 0.100215 -0.100095 -0.100076 -0.100028 -0.100004 -0.100001
internal_weight=1.63444 1.47312 1.16293 1.09363 0.238321 0.310191 0.85531 0.574591 0.349233 0.225357 0.161328 0.28072 0.231385 0.195626 0.181018 0.155698 0.0925847 0.127491 0.0971281 0.0883387 0.102785 0.0807424 0.0535203 0.0641116 0.0441454 0.0345864 0.00954848 0.00392294 0.00292031
internal_count=650 578 263 238 67 315 171 129 71 58 72 42 40 289 286 46 43 260 258 257 49 256 241 40 239 237 215 209 196
is_linear=0
shrinkage=0.1


Tree=112
num_leaves=27
num_cat=0
split_feature=5 4 50 4 44 0 14 44 5 38 0 36 45 6 19 5 19 4 11 5 18 43 2 4 0 37
split_gain=0.0382546 0.0559631 0.0770682 0.0574251 0.0508043 0.0716393 0.0649496 0.0564673 0.0436093 0.0707398 0.0410337 0.0299451 0.0275742 0.0226939 0.0212711 0.00474022 0.000652306 7.19509e-06 1.59041e-06 5.95068e-07 6.40804e-08 2.7098e-08 3.61888e-09 8.47983e-11 8.82284e-12 4.3931e-14
threshold=1.4177899360656741 1.1307013034820559 0.5236528515815736 0.85297170281410228 0.41742543876171118 0.29607468843460089 30.162008285522464 0.63055777549743663 1.872720003128052 0.47815459966659551 0.77331632375717174 0.11994898319244386 0.44255703687667852 49.993421554565437 2.1961611509323125 0.39584900438785559 -1.7346668243408201 0.8563666343688966 0.82636117935180675 1.0403664112091067 0.13036678731441501 0.51249998807907116 0.15020937472581866 0.90635618567466747 0.08871974423527719 0.52631378173828136
decision_type=2 2 2 2 2 2 2 2 2 2 2 2 2 2 2 2 2 2 2 2 2 2 2 2 2 2
left_child=1 3 -3 4 6 7 -1 11 -2 -10 14 -6 -9 -4 15 -5 -7 -17 21 20 -15 22 23 -19 25 -25
right_child=8 2 13 10 5 16 -8 12 9 -11 -12 -13 -14 19 -16 17 -18 18 -20 -21 -22 -23 -24 24 -26 -27
leaf_value=0.046131037133017153 -0.077895320065977727 -0.035637656888927775 0.019987793838456395 -0.029672672462677165 -0.0026387884123454763 0.085213713268795316 -0.064337312272564881 -0.075819196106008097 0.045350705694500358 -0.043832566118877758 0.10033406007930937 0.093177902817091485 0.0056680069302421027 0.1004105133004724 0.012820184226803503 -0.10264175386481177 0.10043553887473299 -0.10003594891290374 -0.10109470973723605 0.10075127752702756 0.10024986252292319 -0.10026764080949042 -0.10011273436197339 -0.1000005600191203 -0.1000117074998185 -0.10000138356075366
leaf_weight=0.080376721240099647 0.1120252328728385 0.076814902931801043 0.045298561220988631 0.010216873721219599 0.056416801322484389 0.043647794453136157 0.15754492195264902 0.081980672694044188 0.15273112681461498 0.21294352487257129 0.014541169686708599 0.077317687554568693 0.084153502204571851 0.056008884523180313 0.022147060724819312 0.025075217708945274 0.079301702869997825 0.0010774005204439155 0.041953892447054386 0.053812024787475821 0.044600788351090159 0.01502695468661841 0.013400203781202435 0.0014401598712083796 0.0010702556182877743 0.0011772294656111626
leaf_count=26 30 27 7 4 19 16 35 18 33 37 4 25 25 24 15 1 34 1 2 12 26 7 5 154 7 56
internal_value=0.000271117 0.0106576 0.0494861 -0.00263348 0.00994741 0.030748 -0.027018 0.00439093 -0.0233068 -0.00658344 -0.0591338 0.052757 -0.0345427 0.0822258 -0.0766233 -0.0945601 0.0950317 -0.101175 -0.100686 0.100483 0.100339 -0.100168 -0.100086 -0.100011 -0.100004 -0.100001
internal_weight=1.5621 1.0844 0.276535 0.807866 0.66074 0.422818 0.237922 0.299869 0.4777 0.365675 0.147126 0.133734 0.166134 0.19972 0.132585 0.110438 0.122949 0.100221 0.0751461 0.154422 0.10061 0.0331922 0.0181652 0.00476505 0.00368764 0.00261739
internal_count=650 550 96 454 198 137 61 87 100 70 256 44 43 69 252 237 50 233 232 62 50 230 223 218 217 210
is_linear=0
shrinkage=0.1


Tree=113
num_leaves=30
num_cat=0
split_feature=35 10 43 43 22 22 50 21 44 4 45 2 50 33 17 37 2 22 0 19 5 10 1 0 35 3 4 1 3
split_gain=0.0336545 0.0569269 0.0799437 0.0491818 0.0500769 0.0727617 0.0764938 0.0588065 0.0615639 0.0471021 0.046004 0.0424081 0.0215078 0.0107452 0.0136295 0.000959764 4.10976e-07 3.45899e-07 8.88556e-08 7.4592e-08 5.137e-08 4.20192e-08 2.08012e-08 6.16296e-09 3.27034e-09 1.89677e-09 6.76375e-11 2.02666e-11 4.80335e-12
threshold=0.56283041834831249 -0.068299319595098482 0.61250001192092907 0.66249999403953563 13.117409229278566 62.016731262207038 0.54989942908287059 0.028660277836024765 0.49136418104171758 0.41961967945098883 0.46352085471153265 0.31208962202072149 0.53697407245635997 0.60609558224678051 13.437186717987062 0.56524673104286205 0.39381207525730139 11.262667179107668 0.28046494722366339 0.9534096121788026 1.7408303618431094 0.075820211321115508 0.18887956440448764 0.22469789534807208 0.51319471001625072 0.13511393964290622 0.57301837205886852 0.096151448786258711 0.49371549487113958
decision_type=2 2 2 2 2 2 2 2 2 2 2 2 2 2 2 2 2 2 2 2 2 2 2 2 2 2 2 2 2
left_child=1 -1 9 4 7 6 -6 8 11 10 -3 -2 -10 14 -11 17 19 18 20 -8 22 23 24 -21 25 -16 -27 28 -28
right_child=3 2 -4 -5 5 -7 16 -9 12 13 -12 -13 -14 -15 15 -17 -18 -19 -20 21 -22 -23 -24 -25 -26 26 27 -29 -30
leaf_value=0.034448018687091166 -0.069841914423327517 0.061166326811351236 0.089914796936179653 -0.069649498240580657 0.0056876628207606569 -0.053313152215647398 0.10034151412343224 -0.065399956625978542 0.02374084557701639 0.011379811348573769 -0.065826653476771843 0.018606958077928292 0.10030152552732588 -0.019005794041500768 -0.10010672302591515 -0.0767219193914664 0.10054094428957905 -0.10055740784010912 -0.1004441036456159 0.10015965141339556 -0.10031876534745171 0.10027649504103964 -0.10022261669764386 0.10007802648270335 -0.10011627357356712 -0.10003373039613467 -0.10000947585793572 -0.10001552475579248 -0.10000088886184121
leaf_weight=0.13845949017559178 0.09199709708627779 0.055033339565852657 0.041776106954785064 0.069888264057226479 0.14606581452244427 0.066178973895148374 0.053701590251876041 0.11909036231372738 0.067425893634208478 0.012144793989136815 0.059222973362921039 0.13196902699564816 0.08050238384748809 0.022973451850702986 0.0031950038392096758 0.019086609621808748 0.086458614576258697 0.07333358794949163 0.021780732087790966 0.016409146701334976 0.028126913783125929 0.027373742115742061 0.019344984340932569 0.021201709616434528 0.013452605002385098 0.0014981652784626931 0.0010021868038165849 0.0031426597161043901 0.0018611981620324514
leaf_count=37 20 23 10 7 33 11 15 20 33 3 20 29 34 8 1 32 23 15 3 11 8 11 7 30 7 3 7 12 177
internal_value=0.000290965 -0.0203881 -0.0405289 0.0111865 0.0174059 0.0428712 0.0609953 -0.0042424 0.0153419 -0.0567862 -0.0046585 -0.0177246 0.0654051 -0.083743 -0.0912555 -0.0979633 0.100375 -0.100395 -0.100267 0.100254 -0.100213 0.100182 -0.100145 0.100114 -0.100083 -0.100042 -0.100015 -0.10001 -0.100004
internal_weight=1.4937 0.515435 0.376975 0.978263 0.908374 0.41739 0.351211 0.490985 0.371894 0.335199 0.114256 0.223966 0.147928 0.220943 0.197969 0.185825 0.205145 0.166738 0.0934044 0.118686 0.0716237 0.0649846 0.0434968 0.0376109 0.0241518 0.0106992 0.00750421 0.00600604 0.00286338
internal_count=650 373 336 277 270 134 123 136 116 326 43 49 67 283 275 272 90 240 225 67 222 52 214 41 207 200 199 196 184
is_linear=0
shrinkage=0.1


Tree=114
num_leaves=27
num_cat=0
split_feature=36 50 34 16 10 34 8 2 16 9 10 9 7 44 13 10 37 8 19 1 2 2 2 2 33 1
split_gain=0.0331337 0.0551804 0.0450943 0.036599 0.0563148 0.0590285 0.0426734 0.0462264 0.0571674 0.0646152 0.0399469 0.0490412 0.0409377 0.0594472 0.0352108 0.0432475 0.0274797 0.0151155 0.00838645 0.000564692 0.00444744 1.32146e-05 1.08112e-06 1.57382e-07 1.25065e-08 4.30202e-09
threshold=0.13332176953554156 0.51756414771080028 0.81210276484489452 -1.0064286291599271 -0.26832531392574305 0.27326683700084692 39.808565139770515 0.42524419724941259 0.59329932928085338 0.048900047317147262 -0.050107246264815324 0.027386467903852466 39.830169677734382 0.84522542357444774 27.449567794799808 0.019094058312475685 0.4798665344715119 30.917366981506351 -1.3556897044181822 0.070779226720333113 0.053305352106690414 0.17079441994428637 0.32076001167297369 0.50194409489631664 0.66548535227775585 0.2099297493696213
decision_type=2 2 2 2 2 2 2 2 2 2 2 2 2 2 2 2 2 2 2 2 2 2 2 2 2 2
left_child=1 2 22 -2 -5 -6 17 8 9 10 -8 12 -12 18 -3 -16 -9 -7 -14 20 -20 -11 24 -18 25 -1
right_child=3 14 -4 4 5 6 7 16 -10 21 11 -13 13 -15 15 -17 23 -19 19 -21 -22 -23 -24 -25 -26 -27
leaf_value=-0.10005375319876378 0.10046343538980428 0.049324814656615867 0.00078156293105357741 -0.10118358381307418 -0.1004388431255463 0.031278830481592607 -0.094068816513861744 -0.003489429303041794 -0.1016758184374581 0.097120028600923586 -0.077182761517067586 -0.077649796866854706 0.03417839912273881 -0.052614741644474911 0.029263312031717437 -0.045696695051972935 0.10045088431872909 0.09896151648167624 -0.10000058061778666 0.10040480074153897 0.10018663989758321 0.10025171273391786 -0.10074556530079622 0.1001643666603878 -0.10017895226556231 -0.10011406884989563
leaf_weight=0.019493741221594973 0.045855128613766283 0.11744131991872564 0.070670810760930181 0.044115912169218063 0.041542536353517789 0.054808274320748751 0.048596512637232081 0.038216773420572281 0.054163191700354218 0.019194904793948808 0.030878802593633736 0.055928024376953545 0.026528799246989365 0.043163751976635467 0.13105057673237752 0.18649690388701856 0.037923955314909108 0.082912132043929887 0.0012649670113660258 0.08524128483622917 0.0090462376829236746 0.045208484152681194 0.044170139575726353 0.038770659484725911 0.023472987028071657 0.030060752618737752
leaf_count=39 14 22 13 3 24 18 28 5 7 27 16 27 12 20 28 22 9 33 154 29 4 31 7 33 8 17
internal_value=0.000290805 -0.0170194 -0.0623103 0.0137117 0.00846023 0.0152406 0.0223934 0.00959607 -0.00580625 0.00841804 -0.0110542 0.00495136 0.0285065 0.0482563 0.00254134 -0.014761 0.0657862 0.072026 0.0839208 0.0977311 0.0756279 0.0993183 -0.100355 0.100306 -0.100119 -0.10009
internal_weight=1.42622 0.622857 0.187868 0.80336 0.757505 0.713389 0.671847 0.534126 0.419215 0.365052 0.300648 0.252052 0.196124 0.165245 0.434989 0.317547 0.114911 0.13772 0.122081 0.0955525 0.0103112 0.0644034 0.117198 0.0766946 0.0730275 0.0495545
internal_count=650 156 84 494 480 477 453 402 355 348 290 262 235 219 72 50 47 51 199 187 158 58 71 42 64 56
is_linear=0
shrinkage=0.1


Tree=115
num_leaves=30
num_cat=0
split_feature=34 23 23 18 11 14 37 10 10 36 34 17 50 0 47 38 36 6 44 19 0 0 36 0 2 3 23 13 17
split_gain=0.0320741 0.0817095 0.0751789 0.0680676 0.0588316 0.0584457 0.0540127 0.0527665 0.0563815 0.0503241 0.0590252 0.0434641 0.0403651 0.0376982 0.026334 0.0261083 0.00517515 0.000826099 0.000542925 3.45476e-07 1.55066e-07 7.2206e-08 2.47827e-08 8.64002e-09 2.21242e-09 1.81573e-09 1.71577e-09 1.57343e-09 3.43234e-11
threshold=0.98341494798660289 0.33333343267440801 0.43264029920101171 0.79436099529266369 0.61459901928901683 34.573905944824226 0.53892579674720775 -0.071251668035984025 0.031998820602893836 0.11994898319244386 0.54695308208465587 29.943345069885257 0.57493501901626598 0.12234095111489297 0.15541020035743716 0.47080653905868536 0.56710144877433788 37.485763549804695 0.59891322255134594 4.5041291713714608 0.19012193381786349 0.2728471457958222 0.16964187473058703 0.09940651431679727 0.20867299288511279 0.54488232731819164 0.14644607901573184 98.235435485839858 43.401441574096687
decision_type=2 2 2 2 2 2 2 2 2 2 2 2 2 2 2 2 2 2 2 2 2 2 2 2 2 2 2 2 2
left_child=4 -2 -3 22 6 -6 7 11 9 17 14 -1 13 23 -11 -7 18 -9 19 21 -14 24 -4 26 25 -16 -8 -28 -27
right_child=1 2 3 -5 5 15 12 8 -10 10 -12 -13 20 -15 16 -17 -18 -19 -20 -21 -22 -23 -24 -25 -26 28 27 -29 -30
leaf_value=-0.012584673448927825 0.10048149670702883 -0.086214314858889668 0.10027216351910256 -0.033838109227893924 0.041678348418541108 -0.026553113982806201 -0.10017591951590687 -0.083156344604521162 0.057802728265155048 0.046500132430338285 0.045378375191624326 0.082972842356774615 0.10051024885524645 0.079783410679852979 -0.10009946025524481 -0.093806671528761959 -0.021198917713419127 -0.10074399125623101 -0.074173552485032268 -0.10078191757662494 0.10024956631239597 -0.10034269776932453 0.10015845339721773 -0.10025253337234122 -0.1001535587914406 -0.10000543491305908 -0.10006164451974241 -0.10014638043661726 -0.10002675695357657
leaf_weight=0.092745554065913782 0.1044665278386675 0.077681168331764638 0.034556801547296345 0.074015603444422595 0.061487455122005485 0.094837274868041277 0.0053309639411054386 0.039090776021111995 0.063750041955927372 0.017489707034656021 0.090662928923848085 0.097785012098029256 0.038893197139259428 0.022472296463092789 0.012755331437801942 0.14749700532593124 0.010160269710468128 0.084298571153340163 0.0089891805796469271 0.015229801181703806 0.055211427639733301 0.029032070888206363 0.043037250507040881 0.010050500743091106 0.0061128380475565782 0.0018233108312415416 0.0043865354550689517 0.0043788827024400234 0.0012885023461421952
leaf_count=18 31 11 10 15 31 22 5 24 33 24 27 25 8 12 8 29 7 29 12 2 39 5 38 2 2 133 44 1 3
internal_value=0.000283067 0.0271778 -0.00621982 0.0347675 -0.008554 -0.0453942 0.00716766 -0.00650369 -0.0280058 -0.0452658 -0.0134493 0.0364578 0.0626612 -0.0134314 -0.0652906 -0.0674871 -0.0881874 -0.0951721 -0.0972345 -0.100364 0.100357 -0.100239 0.100209 -0.100182 -0.100102 -0.100083 -0.100131 -0.100104 -0.100014
internal_weight=1.34952 0.333757 0.229291 0.15161 1.01576 0.303822 0.711938 0.571214 0.380683 0.316933 0.193544 0.190531 0.140724 0.0466192 0.102881 0.242334 0.0853913 0.123389 0.075231 0.0662419 0.0941046 0.0510121 0.0775941 0.0241469 0.02198 0.0158671 0.0140964 0.00876542 0.00311181
internal_count=650 105 74 63 545 82 463 352 309 276 223 43 111 64 196 51 172 53 165 153 47 151 48 52 146 144 50 45 136
is_linear=0
shrinkage=0.1


Tree=116
num_leaves=31
num_cat=0
split_feature=35 50 10 14 45 43 3 37 35 3 38 21 22 0 4 13 3 37 22 8 47 1 5 51 12 39 19 3 0 1
split_gain=0.0311743 0.0463866 0.0559808 0.0414521 0.039257 0.0371078 0.0366732 0.0655387 0.0542032 0.0445237 0.0575757 0.0385347 0.0209445 0.0156943 0.015049 0.00356894 0.00158325 0.0012751 1.81547e-07 9.44341e-08 5.30381e-08 1.39635e-08 1.52028e-08 1.24105e-08 9.95741e-10 5.7399e-10 5.34771e-10 1.11696e-10 5.12365e-11 1.22629e-10
threshold=0.56283041834831249 0.82969668507576 -0.071251668035984025 25.664217948913578 0.23864406347274783 0.61250001192092907 0.65825688838958751 0.50307467579841625 0.62898227572441112 1.6425585150718691 0.48731677234172827 0.013330404181033375 15.43590831756592 0.19012193381786349 0.41196480393409735 19.374098777771 0.24846430867910388 0.56524673104286205 19.372675895690922 24.399065971374515 0.31918153166770941 0.19916326552629474 1.7408303618431094 0.57212007045745861 12.500000000000002 0.50688073039054882 -5.0690360069274893 0.49371549487113958 0.049524322152137763 0.139305055141449
decision_type=2 2 2 2 2 2 2 2 2 2 2 2 2 2 2 2 2 2 2 2 2 2 2 2 2 2 2 2 2 2
left_child=1 2 -1 13 -4 14 7 11 -8 12 -11 -5 -10 -2 -6 -16 -9 18 19 -17 23 22 26 24 25 27 -22 -21 -29 -30
right_child=3 -3 4 6 5 -7 8 16 9 10 -12 -13 -14 -15 15 17 -18 -19 -20 20 21 -23 -24 -25 -26 -27 -28 28 29 -31
leaf_value=0.044722945350785977 0.019160498135798315 0.053838520387688785 0.060969630799163746 0.030400962336023726 -0.039985932635559385 0.07456734846575723 0.068478174904675629 0.075872952958476444 -0.092013572790569903 0.10031648689808137 -0.042369717861230373 -0.054975510520651229 -0.030813721977193127 0.10022461350556422 -0.044090215904571982 -0.10052456819918283 0.1003938414520868 -0.072573063554302528 -0.10048539999904593 -0.10008556132399681 -0.10009386721944316 -0.10031685233660109 -0.10026196360784084 -0.1002023303184113 -0.10010561581531237 -0.10003482945915734 -0.10001046870594058 -0.10007749257496444 -0.1000334706367297 -0.10007264751506662
leaf_weight=0.069931398335938866 0.037469920833245851 0.068747829893254675 0.026643210694601294 0.13270050268329214 0.07891594156899373 0.01747969001007732 0.062661443946126383 0.043356170317565557 0.1023907895287266 0.048803064550156705 0.067247091486933641 0.087873189360834658 0.12321242355392314 0.065862109157023951 0.013858924765372649 0.010530488882068312 0.067057791042316239 0.018797380008436448 0.046025945928704459 0.0059340145671740174 0.0010377170074207251 0.031048320177433197 0.010208109044469893 0.011900316458195448 0.0088232903435709886 0.0047887774312584943 0.0029677040090518858 0.0023210181389003992 0.0012625119593394629 0.0021761516109108925
leaf_count=28 18 16 6 29 39 4 24 18 21 35 22 19 27 39 6 5 25 33 5 3 2 7 2 2 8 23 125 1 57 1
internal_value=0.000268935 -0.0215077 -0.0357128 0.0115229 -0.0547987 -0.0663045 0.00318859 0.0278714 -0.0170177 -0.0326982 0.0176347 -0.00361172 -0.0585895 0.0708294 -0.0761307 -0.0927452 0.0907652 -0.0970178 -0.100323 -0.100243 -0.100207 -0.100279 -0.100197 -0.100118 -0.100079 -0.100064 -0.100032 -0.100076 -0.100066 -0.100058
internal_weight=1.27203 0.433399 0.364651 0.838634 0.29472 0.268076 0.735302 0.330988 0.404315 0.341653 0.11605 0.220574 0.225603 0.103332 0.250597 0.171681 0.110414 0.157822 0.139024 0.0929984 0.0824679 0.0452619 0.0142135 0.0372061 0.0253058 0.0164825 0.00400542 0.0116937 0.00575968 0.00343866
internal_count=650 373 357 277 329 323 220 91 129 105 57 48 48 57 319 280 43 274 241 236 231 136 129 95 93 85 127 62 59 58
is_linear=0
shrinkage=0.1


Tree=117
num_leaves=31
num_cat=0
split_feature=35 2 16 34 11 18 0 22 36 20 22 45 45 5 37 38 43 34 47 3 37 10 36 47 6 50 13 22 3 1
split_gain=0.0312273 0.0417645 0.0569126 0.0632591 0.0608194 0.0539264 0.0460474 0.0458698 0.0447441 0.042309 0.038171 0.030755 0.030228 0.0272815 0.0104075 0.00992148 0.0130541 0.00956377 0.00315003 0.00963651 2.21174e-06 5.83034e-08 5.03681e-08 1.8817e-08 6.79509e-09 6.08882e-09 5.08611e-10 3.60378e-10 1.83704e-10 4.57763e-11
threshold=0.38378565013408666 0.4302621334791184 0.15929500758647921 0.81210276484489452 0.42237712442874914 0.0013519914937205615 0.080952540040016188 13.117409229278566 0.11994898319244386 2.5000000000000004 29.791928291320804 0.4996075332164765 0.33103479444980627 1.3428965210914614 0.49540495872497564 0.44957402348518377 0.51249998807907116 0.89262366294860851 0.45561507344245916 1.1294296979904177 0.60902339220047008 0.029161991551518444 0.10937060043215753 0.28432291746139532 53.817016601562507 0.68766540288925182 23.400814056396488 29.791928291320804 0.31734728813171392 0.1735113859176636
decision_type=2 2 2 2 2 2 2 2 2 2 2 2 2 2 2 2 2 2 2 2 2 2 2 2 2 2 2 2 2 2
left_child=-1 2 3 4 5 8 -5 9 -2 -3 15 -10 -8 -4 -9 16 -6 -14 20 -20 21 24 -19 -24 26 -25 28 -27 -17 -30
right_child=1 7 13 6 10 -7 12 14 11 -11 -12 -13 17 -15 -16 18 -18 22 19 -21 -22 -23 23 25 -26 27 -28 -29 29 -31
leaf_value=-0.065817029218731213 -0.10059759078660589 0.04945710334583333 -0.018551999542496467 -0.061217521668229802 -0.1001340050469126 0.055303068427498506 -0.019992969406016383 0.04396074102443305 0.051682356685945147 -0.050978866590897544 0.099771895239419872 -0.051840830731638247 0.045334959585314832 -0.10105180541392828 0.10035638182442813 -0.10007313577106172 0.10021621827460503 0.10026851896010368 -0.10072865709443815 0.10005518677918845 -0.10136299473219401 -0.10028227094157667 0.10019840528680519 0.10013172100758612 -0.1001776091749319 0.10004269487102464 -0.10008485916391455 0.10006818367686091 -0.10002812001903277 -0.10005043941191963
leaf_weight=0.067557097281678691 0.057498999380186211 0.086386471426521894 0.078021320782681869 0.032659754971973598 0.0067041781308034842 0.13791909051360562 0.032972557761240751 0.053393765352666378 0.06667427635693457 0.081524430650460999 0.012108156881367904 0.050382234528115077 0.043772686291049467 0.082432713883463293 0.084527323975635227 0.0021909121423959723 0.0063159396522678435 0.045980718481587246 0.0088835353451486299 0.0032703244505682969 0.021265472460527235 0.055690839232738654 0.027455992923933081 0.020399614018970169 0.0093721321936754975 0.010565806223894469 0.013636917431085749 0.011677821119519649 0.002343256364156332 0.0015117550501599908
leaf_count=13 31 27 28 8 39 39 10 9 21 15 7 27 16 13 38 1 3 14 111 6 5 24 13 14 6 26 17 17 51 1
internal_value=0.000253876 0.00414355 -0.007356 0.00526358 -0.01617 0.00856746 0.0485868 0.0357925 -0.0283591 0.000693234 -0.070114 0.00712499 0.0671849 -0.060936 0.0785238 -0.0857941 -0.00294595 0.0851669 -0.0949228 -0.0467023 -0.100451 -0.100222 0.100187 0.100134 -0.100108 0.100092 -0.100074 0.100056 -0.10005 -0.100037
internal_weight=1.2151 1.14754 0.841707 0.681253 0.455768 0.312475 0.225485 0.305832 0.174556 0.167911 0.143293 0.117057 0.192825 0.160454 0.137921 0.131185 0.0130201 0.159853 0.118165 0.0121539 0.106011 0.0847458 0.11608 0.0700992 0.029055 0.0426432 0.0196828 0.0222436 0.00604592 0.00385501
internal_count=650 637 548 507 389 118 118 89 79 42 271 48 110 41 47 264 42 100 222 117 105 100 84 70 76 57 70 43 53 52
is_linear=0
shrinkage=0.1


Tree=118
num_leaves=31
num_cat=0
split_feature=36 37 8 15 2 5 18 10 34 2 12 14 44 16 36 1 14 36 7 35 37 19 37 35 37 19 13 50 3 16
split_gain=0.0291262 0.04372 0.0496488 0.0440228 0.0634854 0.0320691 0.0287275 0.0480298 0.0480771 0.0361451 0.0334725 0.0346315 0.0359922 0.0333455 0.0386047 0.0388778 0.0219857 0.0112145 0.0108035 0.00827337 0.00120504 4.82226e-07 6.4735e-08 4.64994e-08 4.31247e-08 2.58311e-08 1.58768e-08 2.60035e-09 5.61153e-10 6.09708e-12
threshold=0.13332176953554156 0.55616044998168956 31.980230331420902 0.070995699614286437 0.40323318541049963 0.61531922221183788 -0.54040241241455067 -0.26832531392574305 0.27326683700084692 0.50680953264236461 14.500000000000002 69.91727447509767 0.15242141485214236 0.59329932928085338 0.37727221846580511 0.17397624254226687 65.15454483032228 0.16846697032451632 39.564392089843757 0.54365360736846935 0.60716870427131664 5.1967592239379892 0.49721160531044012 0.58170759677886974 0.49540495872497564 -0.54735293984413136 19.937494277954105 0.51604473590850841 0.99842393398284923 -0.021143424324691292
decision_type=2 2 2 2 2 2 2 2 2 2 2 2 2 2 2 2 2 2 2 2 2 2 2 2 2 2 2 2 2 2
left_child=1 2 -1 4 5 -4 -2 -8 -9 10 11 12 -10 14 15 16 17 -14 -12 -16 21 26 -21 -20 -11 -24 -19 28 -28 -30
right_child=6 -3 3 -5 -6 -7 7 8 9 24 18 -13 13 -15 19 -17 -18 20 23 22 -22 -23 25 -25 -26 -27 27 -29 29 -31
leaf_value=-0.10038176797512173 0.099114275481407083 0.039966205486332437 0.015879260106559299 -0.058986205036694078 0.10017752425690687 -0.087447748496914723 -0.1009562275791959 -0.10035960380019569 -0.081516844074593239 0.10030970045397261 0.021461472876916667 -0.075858336263154011 0.029817658279128252 -0.051421727204771173 0.042509932740296276 0.048784772440590714 0.10028652526072196 -0.10033937524366764 0.10032415754982951 0.10035078605028364 -0.054115309381010869 -0.10082773055046951 0.1002473543101407 0.10013576944962582 0.10012839877134022 0.10010250775796325 -0.10007041554302698 -0.10013311416193978 -0.10001157629001037 -0.10000060761515157
leaf_weight=0.085191349962769891 0.037657198121223701 0.10462910875503439 0.078216486231212912 0.13091144133613852 0.061213997323648073 0.048763808187686664 0.037218470592051744 0.033258370726798603 0.035494971363732475 0.02148421504534781 0.025962775325751863 0.048864952055737376 0.0085871664696242078 0.048733268056821544 0.03616286137548741 0.087999332703475375 0.0081455912441015244 0.0033708021510392419 0.023879318527178839 0.028511720651295036 0.006468035503075952 0.022797215337050147 0.021010563912568614 0.029030489207798382 0.033697543149173725 0.029738108820311027 0.0040717769588809469 0.0092549517285078764 0.0010014983909059074 0.001025887569653606
leaf_count=29 17 28 31 32 13 23 3 24 18 5 8 9 7 7 11 34 2 1 8 8 12 4 8 36 36 39 4 3 45 145
internal_value=0.000227111 -0.0176489 -0.0325593 -0.0144528 0.0165255 -0.0238011 0.0143664 0.00909808 0.0163024 0.0235508 0.0147412 0.0030345 0.0139749 0.0246713 0.0385006 0.00551453 -0.0533171 -0.0754318 0.0742953 0.0821461 -0.0942647 -0.100519 0.10023 0.100221 0.100199 0.100162 -0.100143 -0.1001 -0.100049 -0.100006
internal_weight=1.15235 0.508926 0.404297 0.319106 0.188194 0.12698 0.643427 0.60577 0.568551 0.535293 0.480111 0.401239 0.352374 0.316879 0.268146 0.152722 0.0647229 0.0565773 0.0788726 0.115423 0.0479902 0.0415221 0.0792604 0.0529098 0.0551818 0.0507487 0.0187249 0.0153541 0.00609916 0.00202739
internal_count=650 156 128 99 67 54 494 477 474 450 409 357 348 330 323 257 223 221 52 66 214 202 55 44 41 47 198 197 194 190
is_linear=0
shrinkage=0.1


Tree=119
num_leaves=31
num_cat=0
split_feature=5 47 37 33 33 37 20 28 5 34 18 43 20 36 9 33 36 6 25 0 13 0 24 40 4 6 4 2 35 8
split_gain=0.025782 0.0393799 0.0542559 0.0440148 0.0558101 0.0354541 0.0381877 0.0489128 0.0328379 0.0318889 0.0303771 0.0322232 0.0277052 0.0303359 0.0200824 0.0109808 0.00970461 0.00502562 0.0083997 0.00365654 0.00139305 0.00191597 0.00122445 0.00106991 0.00166946 0.000967128 4.66294e-05 0.000112937 0.00019631 0.000465224
threshold=1.4177899360656741 0.2230244725942612 0.55616044998168956 0.82038661837577831 0.69003164768219005 0.52425050735473644 2.5000000000000004 433630.76562500006 1.0123110413551333 0.44388334453105932 0.2610821425914765 0.48749999701976782 1.5000000000000002 0.17004215717315677 0.030841482803225521 0.53729385137557995 0.14765617251396182 38.637945175170906 1.0000000180025095e-35 0.13593369722366336 24.771725654602054 0.21851372718811038 0.2750000953674317 0.25000000745058065 0.55341267585754406 55.825792312622077 0.60480946302413952 0.47327736020088201 0.4997797310352326 38.613803863525398
decision_type=2 2 2 2 2 2 2 2 2 2 2 2 2 2 2 2 2 2 2 2 2 2 2 2 2 2 2 2 2 2
left_child=1 8 3 4 5 6 7 9 12 -3 11 -2 13 -1 23 26 -13 -9 -19 -15 21 -4 -14 24 -8 -7 -11 28 -28 -30
right_child=10 2 20 -5 -6 25 14 17 -10 15 -12 16 22 19 -16 -17 -18 18 -20 -21 -22 -23 -24 -25 -26 -27 27 -29 29 -31
leaf_value=-0.10007510805315555 0.014403488308089627 -0.012544709229486068 0.030032439141688579 -0.056984426852684379 0.10039275754230018 0.070171953204548457 -0.049379332702727409 -0.10014182323118233 0.061444045333787757 0.10053709890847924 0.026142444145047589 -0.08776385948120935 -0.076012179483624889 0.028233697661508662 0.01056587471830869 0.025695103320021152 -0.040125956668442063 -0.10017046196835543 0.068777127648348244 0.1001847299704441 0.10025280402414563 0.10015663781240225 -0.10042550192233493 -0.10101991399466 -0.10038826942251589 0.099846016009937019 0.10023052671563622 0.10022877608740688 0.10011195524118804 0.020594680095665587
leaf_weight=0.016685902901372174 0.073001575690796017 0.064978272119788016 0.0073155155532731433 0.082789427309762686 0.075933369917038362 0.018445125070343238 0.012897486129077151 0.030485076602872141 0.029495531807697262 0.051099515869282186 0.092159383755642921 0.089235919288967125 0.036540098268233123 0.012364392558083637 0.028111149133110303 0.028871626040199772 0.082113959848356899 0.0064801630907140861 0.005390951066829075 0.016473593073897064 0.073119126154779224 0.0083362763762124814 0.046929911665074542 0.039196970483999394 0.012768354720833486 0.027149497704158421 0.0034420602023601523 0.012649200536543503 0.0016755950637161732 0.0013117740430743652
leaf_count=24 25 21 29 15 25 28 6 24 12 13 28 21 26 38 19 11 26 22 21 7 57 12 19 6 38 19 1 5 1 51
internal_value=0.000221134 0.0105286 0.022373 0.00966844 0.0227792 0.00569441 -0.00681724 0.017155 -0.0337466 0.0418934 -0.0227804 -0.0412321 -0.0555127 0.00724129 -0.060031 0.0776058 -0.0649349 -0.0786468 -0.0234474 0.0693355 0.094457 0.0673812 -0.0897382 -0.0906272 -0.0747555 0.0878415 0.098962 0.0947435 0.0839518 0.0651954
internal_weight=1.08745 0.750936 0.592447 0.503676 0.420886 0.344953 0.299358 0.206384 0.158489 0.164028 0.336511 0.244351 0.128994 0.0455239 0.092974 0.0990498 0.17135 0.0423562 0.0118711 0.028838 0.0887709 0.0156518 0.08347 0.0648628 0.0256658 0.0455946 0.0701781 0.0190786 0.00642943 0.00298737
internal_count=650 550 424 326 311 286 239 170 126 103 100 72 114 69 69 82 47 67 43 45 98 41 45 50 44 47 71 58 53 52
is_linear=0
shrinkage=0.1


Tree=120
num_leaves=31
num_cat=0
split_feature=36 38 34 8 16 10 34 2 40 39 19 35 50 4 4 16 13 0 35 36 14 2 1 35 37 39 33 11 12 13
split_gain=0.0243208 0.0416161 0.0307334 0.0610065 0.0252092 0.0399353 0.0414769 0.0298228 0.0294405 0.0286316 0.0445663 0.0412483 0.024777 0.0240157 0.0222473 0.0279281 0.00892727 0.00842116 0.00296366 0.000692919 6.49662e-07 4.43383e-07 8.0766e-08 4.16635e-08 2.83671e-08 1.80673e-08 5.01644e-09 2.85559e-09 2.08353e-09 8.66317e-10
threshold=0.13332176953554156 0.41614143550395971 0.73006755113601696 63.162189483642585 -1.0064286291599271 -0.26832531392574305 0.27326683700084692 0.50680953264236461 0.25000000745058065 0.99999994039535534 0.24177695065736773 0.53395837545394909 0.52281171083450328 0.58530241250991832 2.2635074853897099 -0.036243103444576256 17.719218254089359 0.18597990274429324 0.66211587190628063 0.87335857748985302 70.048576354980483 0.32076001167297369 0.37358991801738745 0.72339773178100597 0.51613962650299083 0.016741071827709678 0.57938829064369213 0.43727232515811926 3.5000000000000004 39.09565734863282
decision_type=2 2 2 2 2 2 2 2 2 2 2 2 2 2 2 2 2 2 2 2 2 2 2 2 2 2 2 2 2 2
left_child=1 -1 12 -4 -2 -6 -7 8 9 10 13 -12 21 -8 15 18 -17 -10 -15 20 23 28 24 25 -13 -18 -26 -27 -3 -29
right_child=4 2 3 -5 5 6 7 -9 17 -11 11 22 -14 14 -16 16 19 -19 -20 -21 -22 -23 -24 -25 26 27 -28 29 -30 -31
leaf_value=0.051472855455634438 0.10035759001669196 -0.10004673107564187 0.061848728417919496 -0.061735355465481402 -0.10078503578012653 -0.10031815781462126 0.067265339983413219 0.10017703224075927 0.031196600303145784 -0.047004893436329014 -0.0073208598503524003 0.10023006506276853 -0.030065845504889256 0.014402482694247504 0.10034086923250381 0.012292809540387405 -0.10030787017816765 0.099427624069831702 0.10016921717816314 -0.075467240716439676 -0.10111564126284217 -0.10055916895249779 0.10035875583062082 -0.10035276644619232 0.10013956596791734 -0.10018609167187634 0.10005994260649204 -0.10004089019674851 -0.10009265462481472 -0.1001010448254329
leaf_weight=0.07425368255644571 0.031853696971666068 0.015433987806773075 0.083921682991785929 0.076224197109695524 0.031323221512138844 0.029148206167519675 0.023364771972410381 0.044856239059299696 0.030515171659999396 0.087596178924968626 0.060450621565905749 0.026014805931481533 0.14456095233617816 0.0075331941000058569 0.0095941594627220184 0.0086124791414476931 0.0062271063570733523 0.044419914725949639 0.0086611224105581641 0.013832996890414506 0.010911664925515652 0.034122126911825035 0.027631774068140658 0.022925835568457842 0.012906191943329759 0.0036976812407374373 0.020449977640964789 0.0031509833352174619 0.027450616586065735 0.0099665489979088306
leaf_count=19 14 37 29 12 3 24 14 38 27 35 18 11 31 41 3 5 14 20 4 4 1 7 14 3 12 2 40 143 21 4
internal_value=0.000227615 -0.0170245 -0.030349 0.00302675 0.013893 0.00882811 0.0155279 0.0225144 0.0145693 0.0028046 0.0186169 0.0561306 -0.0544726 -0.0244372 -0.0448209 -0.0594012 -0.0838327 0.0716425 0.0602727 -0.0955403 -0.100422 -0.10029 0.100218 -0.100257 0.100152 -0.100162 0.100091 -0.100108 -0.100076 -0.100087
internal_weight=1.03161 0.455967 0.381714 0.160146 0.575645 0.543791 0.512468 0.483319 0.438463 0.363528 0.275932 0.147453 0.221568 0.128479 0.105114 0.0955196 0.0793253 0.0749351 0.0161943 0.0707128 0.0568798 0.0770067 0.0870027 0.0459682 0.059371 0.0230423 0.0333562 0.0168152 0.0428846 0.0131175
internal_count=650 156 137 41 494 480 477 453 415 368 333 95 96 238 224 221 176 47 45 171 167 65 77 166 63 163 52 149 58 147
is_linear=0
shrinkage=0.1


Tree=121
num_leaves=31
num_cat=0
split_feature=13 34 23 23 18 11 37 34 33 36 24 22 50 0 35 9 22 24 19 37 19 5 2 15 0 2 45 0 39 0
split_gain=0.0230094 0.0274556 0.05736 0.0525462 0.0495423 0.0352796 0.0441937 0.0411394 0.0462434 0.0381608 0.0330238 0.0322458 0.0301498 0.0282943 0.0255861 0.0233225 0.017498 0.00967077 0.00213341 0.00014432 0.000129003 0.000230257 7.4268e-07 6.77246e-08 5.62479e-08 1.49688e-08 5.3532e-09 4.79528e-09 3.01618e-09 1.05731e-09
threshold=17.360984802246097 0.98341494798660289 0.33333343267440801 0.43264029920101171 0.79436099529266369 0.61459901928901683 0.53892579674720775 0.62248295545578014 0.60334697365760814 0.11994898319244386 0.30164974927902227 22.578856468200687 0.57493501901626598 0.12234095111489297 0.57525253295898449 -0.069848757237195955 -23.585687637329098 0.21671747416257861 -1.310554504394531 0.44577266275882726 4.3466279506683358 1.0683749318122866 0.32076001167297369 -0.036397632211446755 0.19012193381786349 0.11408417299389841 0.55694180727005016 0.09940651431679727 0.76393190026283275 0.09852201491594316
decision_type=2 2 2 2 2 2 2 2 2 2 2 2 2 2 2 2 2 2 2 2 2 2 2 2 2 2 2 2 2 2
left_child=-1 5 -3 -4 26 6 7 9 -9 22 14 17 13 27 15 -11 -12 -7 -17 -20 21 -18 28 -21 -14 -25 -5 29 -2 -8
right_child=1 2 3 4 -6 11 12 8 -10 10 16 -13 24 -15 -16 18 20 -19 19 23 -22 -23 -24 25 -26 -27 -28 -29 -30 -31
leaf_value=0.065987505115742445 -0.10004855527452719 0.10035331909573578 -0.086224888053812399 0.10017929804932886 -0.032686784982160877 -0.046141835771962361 -0.10007269309935843 0.087459619227792496 -0.032233484754109171 0.026297121432934618 -0.045916775272948518 0.011051684613286327 0.10036500717225315 0.077720191938487226 0.036993338806008365 -0.051812002713208641 0.072855207568987335 -0.097706704794158994 -0.086931547873808232 -0.10043460996449119 0.10045713771332328 0.10037077246978138 -0.100738350517728 -0.10008191967607219 0.10017705105182349 -0.10023057594710752 0.10011709377087093 -0.10020146242364979 -0.10011206127235756 -0.10013787457306184
leaf_weight=0.050472728617023677 0.014478084783149825 0.072153560398874106 0.055162635073429556 0.029264163087646011 0.056816755546606146 0.068305203397812875 0.0062735099156725482 0.068877135607181117 0.060746297633158974 0.02180563831143445 0.011686906241266115 0.065029948360461276 0.026995209889719263 0.017387244704877958 0.033068687014747411 0.011686763255738697 0.0056617955500541939 0.077794424067178625 0.0095326928327494898 0.017263171489389606 0.021887178067117929 0.0065708424081094563 0.040441023156745359 0.0089162625952212693 0.038815053296275437 0.028187362127937376 0.026239791379339295 0.0080195358023047447 0.015469675068743527 0.004124851431697607
leaf_count=21 34 31 9 18 15 32 49 22 19 17 12 25 8 12 15 14 55 21 19 17 5 2 6 82 39 7 30 2 11 1
internal_value=0.00023198 -0.00334183 0.0258141 -0.00629814 0.0329553 -0.013482 0.00155814 -0.0142448 0.031367 -0.0382149 -0.013359 -0.0475257 0.0600761 -0.0137715 -0.039007 -0.0648123 0.059688 -0.0735988 -0.0910962 -0.098281 0.0958603 0.0876354 -0.100459 -0.100271 0.100254 -0.100195 0.10015 -0.100143 -0.100081 -0.100099
internal_weight=0.979134 0.928661 0.239637 0.167483 0.112321 0.689024 0.477895 0.37628 0.129623 0.246656 0.176267 0.21113 0.101615 0.0358051 0.130461 0.0973919 0.0458067 0.1461 0.0755863 0.0638995 0.0341198 0.0122326 0.0703888 0.0543668 0.0658103 0.0371036 0.055504 0.0184179 0.0299478 0.0103984
internal_count=650 629 103 72 63 526 448 337 41 296 245 78 111 64 171 156 74 53 139 125 62 57 51 106 47 89 48 52 45 50
is_linear=0
shrinkage=0.1


Tree=122
num_leaves=28
num_cat=0
split_feature=0 36 9 3 19 23 48 17 38 43 23 17 47 12 34 6 0 18 19 11 1 4 45 35 35 5 4
split_gain=0.0219848 0.0326575 0.0344879 0.0331651 0.0286466 0.030536 0.027927 0.0395168 0.0340686 0.0213505 0.0209863 0.0203647 0.0229621 0.0170606 0.00621648 0.00170523 8.90857e-06 1.38787e-07 2.66977e-08 1.77121e-08 1.07717e-08 6.78732e-09 4.99846e-09 2.04743e-09 4.129e-10 9.35916e-11 1.56967e-11
threshold=0.29370516538620001 0.08614096045494081 0.048900047317147262 0.34835655987262731 1.7393819689750674 0.86786469817161571 0.25000000745058065 29.455529212951664 0.52790078520774852 0.51249998807907116 0.45106382668018347 37.77183914184571 0.35758972167968756 6.5000000000000009 0.9108550250530244 41.218278884887702 0.21851372718811038 3.5716336965560918 0.18646588176488879 0.78412285447120678 0.20135308802127841 0.3219637423753739 0.59081292152404796 0.54012528061866771 0.5010671615600587 1.2346246242523196 0.999303698539734
decision_type=2 2 2 2 2 2 2 2 2 2 2 2 2 2 2 2 2 2 2 2 2 2 2 2 2 2 2
left_child=1 11 3 -3 13 10 7 9 15 -2 -6 12 -1 14 19 -9 -4 18 -17 20 21 -5 -20 24 25 26 -23
right_child=6 2 16 4 5 -7 -8 8 -10 -11 -12 -13 -14 -15 -16 17 -18 -19 22 -21 -22 23 -24 -25 -26 -27 -28
leaf_value=-0.079340163493843055 0.028832649218069623 0.0602863060041334 0.096875954116652285 -0.10018225420847637 -0.016517210260973008 -0.056208722988137942 -0.031619888788356636 0.071278162171844003 0.010024647143606178 -0.047612071485533564 0.077234866622552245 -0.10037690765818741 0.040398126800239964 -0.0035231862380442937 -0.027029562906015044 0.1002292960121199 0.10018607556183477 0.10044717838398054 0.10014064591928627 -0.10024583385291148 -0.10020194279413125 -0.10001749112191481 0.10005378235314799 -0.10010525138771134 -0.10005884836388489 -0.10003722152080241 -0.10000269702820411
leaf_weight=0.032001392188249156 0.071992762343143113 0.056821847425453598 0.015059298993946868 0.0072576969396322957 0.04118759154334839 0.05331419827962236 0.095173765694198664 0.02628021125565283 0.084089305280940607 0.074181027379381703 0.056809569025062956 0.060322659272060264 0.032061392497780616 0.035135045016431832 0.01412883575540036 0.036545808110531652 0.017671381530817598 0.026347197155700997 0.013325370531674707 0.021029734030435066 0.015428707934916019 0.001356898289941455 0.01317398026912997 0.0095464835612801835 0.0071586409540032037 0.0021574424463324249 0.0015212252274068305
leaf_count=28 22 23 26 2 21 19 23 12 34 19 28 33 13 28 5 20 15 6 13 6 4 7 29 4 8 2 200
internal_value=0.000235433 -0.0145754 0.000852211 -0.00906378 -0.0238763 0.00469662 0.016351 0.0295488 0.0584604 -0.00996191 0.0378315 -0.0586787 -0.0194149 -0.0615626 -0.0871856 0.0936712 0.0986631 0.100254 0.100174 -0.10017 -0.100134 -0.100099 0.100097 -0.100071 -0.100043 -0.100021 -0.10001
internal_weight=0.921079 0.47997 0.355585 0.322854 0.266032 0.151311 0.441109 0.345936 0.199762 0.146174 0.0979972 0.124385 0.0640628 0.114721 0.0795857 0.115673 0.0327307 0.0893924 0.0630452 0.0654568 0.0444271 0.0289984 0.0264994 0.0217407 0.0121942 0.00503557 0.00287812
internal_count=650 472 398 357 334 68 178 155 114 41 49 74 41 266 238 80 41 68 62 233 227 223 42 221 217 209 207
is_linear=0
shrinkage=0.1


Tree=123
num_leaves=24
num_cat=0
split_feature=14 12 35 37 45 3 48 22 10 9 24 6 1 47 13 5 19 50 2 45 12 13 8
split_gain=0.0212369 0.0228998 0.0283499 0.0404327 0.0287722 0.030235 0.0282669 0.031823 0.0422916 0.0354852 0.0331145 0.0213032 0.0205915 0.0179105 0.00230756 0.0011209 0.000933791 8.88622e-08 2.89048e-08 6.6231e-09 1.29629e-09 3.57543e-10 6.87433e-12
threshold=18.188277244567875 14.500000000000002 0.56283041834831249 0.56926703453063976 0.25006026774644857 1.4288508892059328 0.25000000745058065 13.117409229278566 -0.010101467836648224 -1.0000000180025095e-35 0.2750000953674317 53.900367736816413 0.1281738951802254 0.32454419136047369 19.937494277954105 0.29976373910903936 -0.54735293984413136 0.59070667624473583 0.33426961302757269 0.87430891394615184 12.500000000000002 30.828361511230472 40.899061203002937
decision_type=2 2 2 2 2 2 2 2 2 2 2 2 2 2 2 2 2 2 2 2 2 2 2
left_child=-1 2 3 4 -2 14 7 9 -9 -4 -11 -3 -5 -10 -6 -16 -15 18 19 20 21 22 -17
right_child=1 11 6 12 5 -7 -8 8 13 10 -12 -13 -14 16 15 17 -18 -19 -20 -21 -22 -23 -24
leaf_value=0.063665456924914945 0.039965897273309368 -0.0003557818424249989 0.045102456394991476 -0.03117938787235805 -0.046811929762870574 0.021123119696458886 -0.045453561173616423 -0.036350328813844743 0.015901536913743752 0.0061834050627267633 -0.089514899805752779 0.10016081894210707 0.10024095412761685 0.080602414966181923 -0.073547090384722555 -0.1000124552630243 0.10029726558066952 -0.10032768875439346 -0.10022490115824199 -0.10016726618341228 -0.10009738017820524 -0.10004805962691384 -0.10000151603368518
leaf_weight=0.049796378007158637 0.025863133381790249 0.046072254212049302 0.075100215155543992 0.020862072633917705 0.010136345954379067 0.028081774085876532 0.093496317931567319 0.048374281606811564 0.041641538395197131 0.07558572816560627 0.069319061505666468 0.038876547379913973 0.027822664509585593 0.037177384831011295 0.018390848385934078 0.0010022631640822502 0.068301877521662391 0.052858482056763023 0.025830409416812472 0.0068919619652660904 0.005685625955266004 0.015494078801111755 0.0013458317106369577
leaf_count=22 11 31 37 34 7 12 29 23 13 39 16 39 12 20 15 7 36 9 7 5 7 28 191
internal_value=0.000226427 -0.00356043 -0.00913921 -0.0374512 -0.0581308 -0.0734405 0.00422513 0.0154039 0.0447624 -0.0106839 -0.0395964 0.0456453 0.0439255 0.0714327 -0.0927342 -0.0963851 0.0933556 -0.100235 -0.100147 -0.100081 -0.100056 -0.100043 -0.100006
internal_weight=0.884007 0.834211 0.749262 0.240265 0.191581 0.165718 0.508996 0.4155 0.195495 0.220005 0.144905 0.0849488 0.0486847 0.147121 0.137636 0.1275 0.105479 0.109109 0.0562502 0.0304198 0.0235278 0.0178422 0.00234809
internal_count=650 628 558 345 299 288 213 184 92 92 55 70 46 69 276 269 56 254 245 238 233 226 198
is_linear=0
shrinkage=0.1


Tree=124
num_leaves=28
num_cat=0
split_feature=50 38 38 36 28 34 16 14 7 38 16 34 2 6 13 4 43 44 43 50 19 35 1 35 35 51 0
split_gain=0.0208536 0.0408159 0.0545427 0.0372373 0.0351454 0.0336942 0.0335517 0.0485505 0.0364202 0.0327225 0.023537 0.0241416 0.0302777 0.0213879 0.00860006 0.00616636 0.00585654 0.00156642 3.58195e-08 3.52731e-08 2.60299e-08 1.33593e-08 4.19299e-09 3.03575e-09 6.6787e-10 1.53564e-10 6.54927e-12
threshold=0.57710370421409618 0.41139391064643865 0.42202435433864599 0.19169653952121737 294364.50000000006 0.57194268703460704 0.0022668623132631187 32.146646499633796 36.139533996582038 0.38755394518375402 0.84013959765434276 0.5005989968776704 0.31208962202072149 50.462394714355476 28.366181373596195 0.58530241250991832 0.53749999403953563 1.0000000180025095e-35 0.46249999105930334 0.47002600133419042 4.7099204063415536 0.54812291264534008 0.18887956440448764 0.76674824953079235 0.51757729053497326 0.5035090744495393 0.13458956778049472
decision_type=2 2 2 2 2 2 2 2 2 2 2 2 2 2 2 2 2 2 2 2 2 2 2 2 2 2 2
left_child=3 14 -3 4 5 15 8 -8 -4 -5 11 12 13 17 -2 -1 -13 -11 -10 -6 22 -20 24 -23 25 26 -19
right_child=1 2 6 9 19 -7 7 -9 18 10 -12 16 -14 -15 -16 -17 -18 20 21 -21 -22 23 -24 -25 -26 -27 -28
leaf_value=-0.033975505052446044 0.035888118904706758 -0.080126941420346751 -0.037544648330281601 -0.078705613669059399 -0.10008880069994085 0.018888842877604575 0.085953216049953429 -0.042552394087964525 0.10028736061881079 -0.02175714587018018 -0.10031012393847596 0.10019283796951842 0.08312238419911526 0.058833449795235429 0.10025127599439483 -0.10025859858317154 0.046652346123130399 -0.10000130082619825 0.10020718796167026 -0.10022979936326337 -0.10033559845163285 0.1001292737913288 -0.10014191842614018 0.10006635017007792 -0.10007942209448713 -0.10004580423686658 -0.10001206612309975
leaf_weight=0.022346640773321269 0.0330207924998831 0.067447049135807902 0.025669878436019644 0.030669490169884739 0.031325036132329842 0.10144528570890543 0.039893812128866557 0.1117704318385222 0.025596660459996201 0.0027919152582853704 0.012217499039252289 0.052959300308430102 0.027947833033977076 0.012987261347007006 0.055910734514327487 0.03773692100230619 0.033262044584262185 0.0011061344953304797 0.019444700767053291 0.040918886341387406 0.0064360348042100659 0.017382592701324029 0.013969501364044845 0.0137181030222564 0.0047253817319869995 0.001823268918087706 0.0011554218508535996
leaf_count=24 14 12 11 16 39 33 21 39 8 8 5 37 13 16 36 24 17 192 8 13 2 16 4 33 2 2 5
internal_value=0.000212122 0.0164052 -0.000207037 -0.015016 -0.0421909 -0.0162603 0.0210587 -0.00875024 0.0654636 0.0164252 0.0334493 0.0437167 0.00137424 -0.0494022 0.0763529 -0.0756062 0.0795383 -0.0933194 0.100191 -0.100169 -0.100158 0.100142 -0.100108 0.100102 -0.100054 -0.100024 -0.100007
internal_weight=0.845679 0.409855 0.320923 0.435824 0.233773 0.161529 0.253476 0.151664 0.101812 0.202051 0.171382 0.159164 0.0729428 0.0449949 0.0889315 0.0600836 0.0862213 0.0320077 0.0761421 0.0722439 0.0292157 0.0505454 0.0227797 0.0311007 0.00881021 0.00408483 0.00226156
internal_count=650 198 148 452 133 81 136 60 76 319 303 298 244 231 50 48 54 215 65 52 207 57 205 49 201 199 197
is_linear=0
shrinkage=0.1


Tree=125
num_leaves=25
num_cat=0
split_feature=1 4 44 18 38 15 36 36 35 9 3 44 12 6 39 39 50 1 1 19 50 51 13 4
split_gain=0.0198196 0.0321521 0.028852 0.0423755 0.0360286 0.043349 0.0391686 0.0255836 0.0250263 0.0235047 0.0189553 0.0153074 0.00962386 0.00839563 0.00221763 0.000260354 3.36236e-07 3.19e-08 1.42229e-08 7.34263e-09 4.1401e-09 1.03204e-09 3.80655e-10 3.36623e-11
threshold=0.17397624254226687 0.11836510524153711 0.096091508865356459 -0.021317306905984875 0.48731677234172827 0.017832719720900062 0.12746056169271472 0.3522451519966126 0.56283041834831249 -0.048662086948752396 1.6290082335472109 0.42515446245670324 17.500000000000004 47.339435577392585 0.053284011781215675 0.086309526115655913 0.57493501901626598 0.020453211851418022 0.45400393009185797 4.5041291713714608 0.60035499930381786 0.54824239015579235 20.499577522277836 0.89879104495048534
decision_type=2 2 2 2 2 2 2 2 2 2 2 2 2 2 2 2 2 2 2 2 2 2 2 2
left_child=7 -2 -3 11 6 -6 -5 9 -9 13 12 -4 15 -1 -8 -11 17 -17 20 21 -16 22 23 -19
right_child=1 2 3 4 5 -7 14 8 -10 10 -12 -13 -14 -15 18 16 -18 19 -20 -21 -22 -23 -24 -25
leaf_value=-0.035120292786924433 0.10019820933589496 0.093283319043413762 -0.07511934674130194 0.0056403576956897379 0.051910016429963325 -0.059393321365419464 0.060535746381092374 -0.035144498497107705 0.073878317523772927 -0.080703776567299157 0.040593337805420855 -0.0098307322778052042 -0.0021573855977886302 0.097356305761553991 0.10016698791838206 -0.10039235528599311 -0.10053666838375848 -0.10002654356964027 0.10022322030519888 -0.10015909439299342 0.10010334691866077 -0.10009594306766612 -0.10005404760306709 -0.10000616214166283
leaf_weight=0.0078257746529288852 0.036837378014752176 0.033722613552527037 0.084971350835985504 0.12147355698107276 0.053602388528815936 0.1007814652111847 0.017492237468104577 0.043886090163141489 0.040473207009199541 0.0073979650135242983 0.013243579916888848 0.062196400933316909 0.01176586117799161 0.012306915498243143 0.019941339560318738 0.003892940003424882 0.039866554288892075 0.00159029837232083 0.032186042073590215 0.010655862257408444 0.020972796944988659 0.0057288485113531342 0.014545089943112544 0.0016523057216772941
leaf_count=25 26 12 30 32 29 36 13 15 33 35 9 35 10 36 11 1 9 2 21 7 35 2 26 160
internal_value=0.000216407 0.00976738 0.00368115 -0.00220186 0.0160009 -0.0207486 0.0427544 -0.025755 0.0171616 -0.0535035 -0.0716338 -0.0475269 -0.0869412 0.0458613 0.0925199 -0.0986318 -0.100334 -0.100121 0.100173 -0.10009 0.100134 -0.100059 -0.100047 -0.100016
internal_weight=0.799009 0.584178 0.54734 0.513618 0.36645 0.154384 0.212066 0.214831 0.0843593 0.130472 0.110339 0.147168 0.0970957 0.0201327 0.0905924 0.0853299 0.0779319 0.0380653 0.0731002 0.0341724 0.0409141 0.0235165 0.0177877 0.0032426
internal_count=650 280 254 242 177 65 112 370 48 322 261 65 252 61 80 242 207 198 67 197 46 190 188 162
is_linear=0
shrinkage=0.1


Tree=126
num_leaves=30
num_cat=0
split_feature=50 36 3 1 17 35 38 5 28 23 22 45 37 51 14 5 28 2 15 5 8 38 1 19 12 5 24 36 8
split_gain=0.0191861 0.031206 0.0312627 0.0281702 0.0287853 0.0351092 0.0241457 0.0360671 0.0338578 0.0419787 0.0161048 0.0142519 0.0119749 0.0115817 0.00934734 0.00731215 0.00622897 7.04228e-08 3.26413e-08 2.36944e-08 1.38364e-08 4.68279e-09 3.36121e-09 1.17093e-09 1.16615e-09 3.39478e-10 1.88552e-10 1.80071e-11 3.27792e-12
threshold=0.57493501901626598 0.12613204121589663 0.26782476902008062 0.42710845172405248 58.602064132690437 0.521297186613083 0.41139391064643865 0.36505883932113653 87037.000000000015 0.35435163974761968 6.728884458541871 0.23864406347274783 0.48374915122985845 0.24446202814579013 32.977035522460945 0.90155366063117992 13418646.500000002 0.32076001167297369 0.48650076985359197 0.13476579636335376 67.331272125244155 0.2746222466230393 0.18887956440448764 12.364674091339113 3.5000000000000004 0.36158816516399389 0.035515069961547859 0.25496199727058416 38.613803863525398
decision_type=2 2 2 2 2 2 2 2 2 2 2 2 2 2 2 2 2 2 2 2 2 2 2 2 2 2 2 2 2
left_child=1 2 -1 4 5 11 10 -8 14 -10 -2 -3 -7 -13 -9 -11 19 20 -12 -15 24 -21 23 25 -4 -23 27 -27 -28
right_child=6 3 17 -5 -6 12 7 8 9 15 18 13 -14 16 -16 -17 -18 -19 -20 21 -22 22 -24 -25 -26 26 28 -29 -30
leaf_value=-0.0080442247625746831 0.012183350090372592 0.10018600827795832 -0.10004089991487082 0.080122898303531365 -0.081844241976154267 0.0035201021459156153 0.085220477608118517 -0.067321062755162683 -0.055429863083291203 0.032226777853525249 0.10013563449841906 0.10014983403871458 0.076400368055788981 -0.10037051621065046 -0.0167395533281239 0.10018625607428966 0.012083165284049775 -0.10031727788425765 0.10029867737206621 -0.10018721138831983 -0.10017504898777554 -0.1000659672563194 -0.10012185960402969 -0.10010701886007141 -0.1000799964705491 -0.10004429945046288 -0.10001210060669552 -0.1000321202978407 -0.100005467847051
leaf_weight=0.077878877944385749 0.036007796345074894 0.0053951719310134641 0.014016657846696035 0.043089319591672393 0.042593359103193507 0.037007671082392335 0.044885999737743987 0.076762074051657692 0.036890848889015615 0.024311259589012479 0.025163944319501752 0.0036365307751111678 0.057689819310326129 0.0036778091453015796 0.0697153518703999 0.045395385230222018 0.0056844635809625279 0.022343365475535393 0.02398063014697982 0.0055955550633370868 0.016789688941344139 0.0032462328563269702 0.014227057050447911 0.0032035766635090121 0.016741457420721417 0.0031071249659362365 0.0012657426905207103 0.0019924339623003107 0.0018113784578304148
leaf_count=32 11 2 33 29 15 16 39 17 13 18 31 2 36 1 27 35 34 6 9 1 6 5 6 1 18 4 6 66 131
internal_value=0.00022681 -0.0156631 -0.0516176 0.00711765 -0.00942725 0.0114787 0.0160288 0.0026081 -0.0120442 0.030832 0.0629898 -0.0538238 0.0479188 -0.0713358 -0.043247 0.0764843 -0.0855698 -0.100171 0.100215 -0.100129 -0.100102 -0.100103 -0.100087 -0.100054 -0.100062 -0.100039 -0.100028 -0.10004 -0.100008
internal_weight=0.764107 0.380993 0.14777 0.233223 0.190134 0.147541 0.383113 0.297961 0.253075 0.106597 0.0851524 0.0528431 0.0946975 0.0474479 0.146477 0.0697066 0.0438114 0.0698912 0.0491446 0.0381269 0.0475478 0.0344491 0.0288535 0.0146265 0.0307581 0.0114229 0.00817668 0.00509956 0.00307712
internal_count=650 450 95 355 326 311 200 149 110 66 51 259 52 257 44 53 255 63 40 221 57 220 219 213 51 212 207 70 137
is_linear=0
shrinkage=0.1


Tree=127
num_leaves=31
num_cat=0
split_feature=47 39 47 19 22 7 0 36 10 6 50 2 28 5 43 7 9 23 50 15 3 0 51 12 28 5 33 16 8 2
split_gain=0.0172458 0.0334287 0.0334195 0.0325213 0.0314948 0.0309582 0.0410241 0.0238332 0.0230561 0.0232451 0.0214279 0.0225604 0.0155654 0.0122418 0.0105208 0.00854575 0.00612169 0.00509717 0.00347191 0.000153678 8.7132e-05 1.74619e-07 1.27271e-08 3.72864e-09 2.58545e-09 5.31311e-10 2.45022e-10 1.36154e-10 6.84253e-11 4.23199e-11
threshold=0.55275100469589245 0.19329445809125903 0.83186262845993053 3.8743374347686772 13.311594009399416 75.444778442382827 0.25704541802406317 0.072216644883155837 0.029161991551518444 68.012924194335952 0.5236528515815736 0.20322995632886889 366035.50000000006 0.44728469848632818 0.43750000000000006 44.473529815673835 0.031441073864698417 0.22323232144117358 0.58714282512664806 0.16921221464872363 0.36497212946414953 0.38266576826572424 0.52831196784973156 21.500000000000004 1256.0000000000002 1.7685695886611941 0.57638412714004528 -0.12483112886548041 40.252635955810554 0.15020937472581866
decision_type=2 2 2 2 2 2 2 2 2 2 2 2 2 2 2 2 2 2 2 2 2 2 2 2 2 2 2 2 2 2
left_child=1 13 12 4 -4 6 7 -3 9 10 11 14 19 -1 -9 -12 20 -6 -8 -2 -15 22 23 25 -16 27 28 -22 -26 -29
right_child=2 5 3 -5 17 -7 18 8 -10 -11 15 -13 -14 16 24 -17 -18 -19 -20 -21 21 -23 -24 -25 26 -27 -28 29 -30 -31
leaf_value=-0.00321934408881103 0.10006437615675878 -0.068415770746584503 -0.022965682609278296 -0.068764710329218312 0.042260586943978107 -0.08159479901741315 0.055636266064480945 0.042451843753330387 -0.053719971335733391 -0.079409795871773686 0.035133556059676038 0.094841615034054347 0.0059576355702277532 -0.090851455903242451 -0.10011646919324885 0.1001864393399063 -0.035713720012210397 0.10021648552402661 0.10018081520509781 0.089820754969408084 -0.10006121403344932 -0.1005851345825076 -0.10023160462881889 -0.10014501473233131 -0.10003897625855374 -0.10008418786903249 -0.10005861329347848 -0.10001723669540762 -0.10001761143871502 -0.10003780548193618
leaf_weight=0.027225646970691741 0.041190071450273535 0.048878479310587863 0.070763556770543801 0.055282836775404576 0.027018971726647578 0.038207971890187764 0.03134840278653428 0.0068628954011273882 0.043348711626094882 0.017181341419927776 0.034088190155671327 0.012877402130470728 0.027077203480530443 0.012595153211805155 0.0082950080496857481 0.049542751894477988 0.021627188647471485 0.034618859343026998 0.039602350749191828 0.022726019553374499 0.0018867510303834933 0.012823550729081035 0.011495431419461966 0.0095505618155584671 0.0039954101330295089 0.0046381490415114968 0.0064222452056128532 0.0017956182731495574 0.0023992392542027119 0.002258376101963222
leaf_count=24 39 37 23 25 13 12 14 12 36 6 16 7 18 8 12 29 21 27 28 14 5 3 3 6 5 7 5 49 144 2
internal_value=0.000227274 -0.0119022 0.0197677 -0.00434466 0.0225533 0.00325868 0.0138939 -0.00631079 0.0100967 0.0296243 0.0446733 -0.0146889 0.0695023 -0.0610157 -0.0651082 0.0736707 -0.0810173 0.0748115 0.0804996 0.0964222 -0.0981934 -0.100274 -0.100148 -0.1001 -0.100073 -0.100059 -0.100045 -0.100039 -0.100031 -0.100029
internal_weight=0.727624 0.448947 0.278678 0.187684 0.132401 0.34305 0.304842 0.233892 0.185013 0.141664 0.124483 0.0408522 0.0909933 0.105896 0.0279748 0.0836309 0.0786708 0.0616378 0.0709508 0.0639161 0.0570436 0.0444484 0.0316249 0.0201295 0.0211119 0.0105789 0.0128169 0.00594075 0.00639465 0.00405399
internal_count=650 491 159 88 63 363 351 309 272 236 230 185 71 128 178 45 104 40 42 53 83 75 72 69 166 63 154 56 149 51
is_linear=0
shrinkage=0.1


Tree=128
num_leaves=26
num_cat=0
split_feature=15 34 12 35 20 14 37 19 38 43 39 3 18 19 45 48 17 11 19 5 3 35 47 19 13
split_gain=0.0168643 0.0189269 0.0196245 0.0171009 0.0288759 0.0323325 0.0269934 0.0268901 0.0263884 0.0431318 0.0239205 0.022529 0.0136474 0.00826115 0.00680035 0.00774117 0.00335909 0.00033777 2.72829e-08 2.08702e-08 1.55372e-08 1.15553e-08 1.03854e-09 2.59646e-10 6.80537e-11
threshold=-1.2774457335472105 0.27326683700084692 14.500000000000002 0.56283041834831249 1.5000000000000002 25.664217948913578 0.49896599352359777 -0.47278457880020136 0.42202435433864599 0.61250001192092907 0.87656250596046459 1.3976188302040102 0.011274596676230432 3.7832237482070927 0.23864406347274783 0.25000000745058065 39.239164352416999 0.14986013621091845 4.7099204063415536 1.1333634257316592 0.87665277719497692 0.58170759677886974 0.56770563125610363 3.3267636299133305 21.963002204895023
decision_type=2 2 2 2 2 2 2 2 2 2 2 2 2 2 2 2 2 2 2 2 2 2 2 2 2
left_child=-1 16 3 10 -5 -6 -7 -8 -9 20 11 14 -4 -12 -3 17 -2 -16 19 22 -10 -14 23 24 -19
right_child=1 2 12 4 5 6 7 8 9 -11 13 -13 21 -15 15 -17 -18 18 -20 -21 -22 -23 -24 -25 -26
leaf_value=0.068017644836285182 -0.033912547948274543 -0.0007944274886393743 0.003643984824093228 0.072344691433580174 0.10013388344918815 -0.064366981229651163 0.076671831258409054 -0.050560783324287296 0.10021204290724564 -0.039207720286180817 -0.017188991024352621 0.024532357747843833 0.10019383741782231 0.05810974455185304 -0.076373013001102955 0.011867813204038277 -0.10022368776245803 -0.10001102102351173 -0.10028850497519984 -0.10019382828696584 0.10008988059879992 0.10007300795706815 -0.10008902560770679 -0.10006772311047625 -0.10003782715441729
leaf_weight=0.034871914671384729 0.011836643988544893 0.0097888321033678949 0.027287041739327833 0.057061247978708707 0.026982235507603036 0.078923427085101139 0.04116072549004457 0.091670883221013355 0.020727451781567652 0.047586603934178129 0.028201019638800062 0.026731726931757294 0.016156001642229967 0.030144472839310765 0.0065172843169420949 0.0069823659442249655 0.021542451533605345 0.0011015143734312005 0.017180981049023103 0.031990223912771398 0.020917927115078783 0.015515738588874228 0.0094317425118788378 0.0032369863183703282 0.0067547287671914091
leaf_count=18 20 5 22 35 27 28 26 38 12 12 29 16 8 11 8 16 31 186 6 15 28 33 7 3 10
internal_value=0.000255102 -0.00335018 0.000586232 -0.00516115 0.00668991 -0.00473294 -0.0141338 0.00371951 -0.0128793 0.0258321 -0.0307872 -0.0563746 0.0554773 0.0217145 -0.0796342 -0.0889105 -0.0767089 -0.0981434 -0.100179 -0.100143 0.100151 0.100135 -0.100065 -0.100044 -0.100034
internal_weight=0.690302 0.65543 0.622051 0.563092 0.385031 0.327969 0.300987 0.222064 0.180903 0.089232 0.178062 0.119716 0.0589588 0.0583455 0.0929847 0.0831958 0.0333791 0.0762135 0.0696962 0.0525152 0.0416454 0.0316717 0.020525 0.0110932 0.00785624
internal_count=650 632 581 518 206 171 144 116 90 52 312 272 63 40 256 251 51 235 227 221 40 41 206 199 196
is_linear=0
shrinkage=0.1


Tree=129
num_leaves=23
num_cat=0
split_feature=1 4 44 18 38 15 36 36 39 9 3 28 12 6 3 22 19 1 45 50 13 2
split_gain=0.0161026 0.0249987 0.0239239 0.0321468 0.0255284 0.0344501 0.0328651 0.0209987 0.0198053 0.0174479 0.0155421 0.012014 0.00730255 0.00713129 0.0022364 0.000278074 1.4332e-07 1.11468e-08 5.01382e-09 2.60417e-09 7.28597e-10 1.2138e-10
threshold=0.17397624254226687 0.11836510524153711 0.096091508865356459 -0.021317306905984875 0.48731677234172827 0.017832719720900062 0.12746056169271472 0.3522451519966126 0.56125000119209301 -0.048662086948752396 1.6290082335472109 162328.00000000003 17.500000000000004 47.339435577392585 0.58351987600326549 -8.3366217613220197 3.4087134599685673 0.42710845172405248 0.56343257427215587 0.60035499930381786 59.358867645263679 0.061896378174424178
decision_type=2 2 2 2 2 2 2 2 2 2 2 2 2 2 2 2 2 2 2 2 2 2
left_child=7 -2 -3 11 6 -6 -5 9 -9 13 12 -4 15 -1 -8 -11 18 19 20 -16 21 -17
right_child=1 2 3 4 5 -7 14 8 -10 10 -12 -13 -14 -15 17 16 -18 -19 -20 -21 -22 -23
leaf_value=-0.038161401956503749 0.10015681828531163 0.092767627820697016 -0.020218820846603661 0.0039931622632694242 0.051580915421489085 -0.056690112636711566 0.054674460131922425 -0.03093521579218976 0.076425034827691807 -0.077820382422771076 0.040997000552072491 -0.084688683929088321 -0.0058538087520766608 0.096993669794117165 0.10013165439960792 -0.10000920751136405 -0.10038860183941455 0.10019027050705064 -0.10014931536682747 0.10007138588664731 -0.10008082413631419 -0.10003855839714851
leaf_weight=0.0066046211331922669 0.028718920515530044 0.02843207952537341 0.073613400378235383 0.10358779809030239 0.045408538353512995 0.083294829655642388 0.01323685590250534 0.038566146959055914 0.030990147155534942 0.0060517205328096671 0.010839679162018001 0.047593194280125317 0.0097642975561029743 0.0095472449135058923 0.015289815855794586 0.0016250314065473512 0.038753160188207403 0.030326133080961881 0.0067775416428048621 0.013499490787580726 0.0047453884035348884 0.010597549171961873
leaf_count=25 26 12 37 32 29 36 11 23 25 38 9 28 10 36 10 168 14 25 4 34 2 16
internal_value=0.000261085 0.00967464 0.00395452 -0.00197513 0.0153552 -0.0184904 0.0401139 -0.0257408 0.0168981 -0.0539045 -0.0712299 -0.0455337 -0.0867634 0.0417277 0.0918286 -0.0982882 -0.10027 0.100148 -0.100077 0.100103 -0.100048 -0.100035
internal_weight=0.657864 0.483001 0.454282 0.42585 0.304643 0.128703 0.17594 0.174863 0.0695563 0.105306 0.0891544 0.121207 0.0783147 0.0161519 0.0723523 0.0685504 0.0624987 0.0591154 0.0237455 0.0287893 0.016968 0.0122226
internal_count=650 280 254 242 177 65 112 370 48 322 261 65 252 61 80 242 204 69 190 44 186 184
is_linear=0
shrinkage=0.1


Tree=130
num_leaves=26
num_cat=0
split_feature=36 37 8 15 2 16 18 45 23 45 35 11 16 34 10 19 50 50 4 11 0 11 4 10 45
split_gain=0.0150908 0.0292015 0.0265466 0.0260763 0.0341529 0.0170903 0.0180984 0.0263941 0.0267776 0.0259321 0.022054 0.0226836 0.0177816 0.0123205 0.00828839 0.00687147 0.00502691 0.00110971 0.000903697 1.79488e-08 1.16937e-08 7.90921e-09 3.0358e-09 2.65062e-09 9.83734e-10
threshold=0.13332176953554156 0.55616044998168956 31.980230331420902 0.070995699614286437 0.40323318541049963 0.64803576469421398 0.12290244549512865 0.53616684675216686 0.15557476878166202 0.59324350953102123 0.56514048576354992 0.42237712442874914 -0.20829207450151441 0.73006755113601696 -0.0082346759736537916 -0.26216727495193476 0.37641477584838873 0.57493501901626598 1.4139872193336489 0.6804034709930421 0.18821393698453906 0.96314743161201488 0.84880766272544872 0.075820211321115508 0.4996075332164765
decision_type=2 2 2 2 2 2 2 2 2 2 2 2 2 2 2 2 2 2 2 2 2 2 2 2 2
left_child=1 2 -1 4 13 6 7 10 -9 -10 11 -2 -8 14 -4 -11 -12 -14 19 24 -19 23 -18 -22 -13
right_child=5 -3 3 -5 -6 -7 12 8 9 15 16 18 17 -15 -16 -17 22 20 -20 -21 21 -23 -24 -25 -26
leaf_value=-0.10021414583424487 0.036159622538654561 0.046421951355376107 -0.10035248074054544 -0.060454923007860463 0.099952625575718143 -0.044631819359352363 -0.03344284432339182 -0.089972303838674314 -0.080583462190497834 0.016585995565391226 0.039125158188882292 -0.10011142765117886 0.066926478863391606 0.029477842485701178 -0.011518419340994082 0.097250400705641782 0.10008321245172791 0.10023812452079309 -0.030917119442503915 -0.10030863403276158 0.1000400993382379 0.10017492011123984 0.10013594975512921 0.10011718757626814 -0.1000409061380601
leaf_weight=0.046832487755636976 0.047568011070779903 0.057883959918399341 0.021486297061528603 0.07489523395543074 0.033537795759912115 0.043227438303802046 0.014051373704205616 0.042001879757890492 0.019955088195274584 0.020702463799352699 0.01949727997998707 0.0084193151560612023 0.013130694464052795 0.027168054541107267 0.020546504620824635 0.021556926883931737 0.019952525741246063 0.010937360661046114 0.0021173715940676621 0.0061071699019521466 0.0099600567218658398 0.013936827555880882 0.024099148296954809 0.0080778521369211376 0.0025854681683199496
leaf_count=29 24 28 16 32 13 17 11 19 12 20 16 4 18 14 24 37 25 6 3 2 37 10 21 9 203
internal_value=0.000268919 -0.0169074 -0.0332383 -0.0155804 0.0171326 0.0142096 0.0225585 0.00923475 -0.0282803 0.0133689 0.0392293 -0.00089144 0.067145 -0.0230057 -0.0569286 0.0577337 0.0814008 0.0923649 -0.0925455 -0.100171 0.100149 0.100118 0.100112 0.100075 -0.100095
internal_weight=0.630235 0.28235 0.224466 0.177634 0.102739 0.347884 0.304657 0.234563 0.104216 0.0622145 0.130346 0.0667973 0.0700942 0.0692009 0.0420328 0.0422594 0.063549 0.0560428 0.0192293 0.017112 0.0429121 0.0319747 0.0440517 0.0180379 0.0110048
internal_count=650 156 128 99 67 494 477 386 88 69 298 236 91 54 40 57 62 80 212 209 62 56 46 46 207
is_linear=0
shrinkage=0.1


Tree=131
num_leaves=31
num_cat=0
split_feature=7 7 34 13 38 37 10 37 17 45 11 36 45 34 24 51 6 35 28 8 4 37 10 23 0 1 6 36 10 4
split_gain=0.0182609 0.0255686 0.0245906 0.0273257 0.0245869 0.0276899 0.0241849 0.0259753 0.0224621 0.0212125 0.0208848 0.0172044 0.028627 0.0213378 0.0131373 0.00911077 0.00658409 0.00432882 0.000199622 6.35199e-05 0.000153536 1.72446e-05 1.95602e-07 2.16655e-08 1.03517e-08 8.07995e-09 2.84939e-09 2.05005e-09 8.23626e-10 7.42882e-10
threshold=84.483837127685561 75.444778442382827 0.87514966726303112 63.246479034423835 0.42202435433864599 0.54127347469329845 -0.071251668035984025 0.53247809410095226 29.943345069885257 0.87430891394615184 0.61459901928901683 0.11994898319244386 0.33950707316398626 0.67199265956878673 0.85583519935607921 0.33315244317054754 47.054733276367195 0.58634865283966076 1256.0000000000002 43.176305770874031 1.1162105798721316 0.49756370484828955 -0.03793808072805404 0.35435163974761968 0.24966639280319217 0.19391462206840518 48.496896743774421 0.2133997976779938 -0.010635018814355133 0.63165539503097545
decision_type=2 2 2 2 2 2 2 2 2 2 2 2 2 2 2 2 2 2 2 2 2 2 2 2 2 2 2 2 2 2
left_child=1 2 3 6 5 -4 8 11 -1 21 16 15 -13 14 17 -8 -9 18 -14 -18 -21 -6 -17 -23 26 28 -20 -25 -24 -28
right_child=-2 -3 4 -5 9 -7 7 10 -10 -11 -12 12 13 -15 -16 22 19 -19 24 20 -22 23 25 27 -26 -27 29 -29 -30 -31
leaf_value=-0.009277620274427972 0.10015929734164841 -0.066404136346440559 0.062394531912920881 -0.096348545110829673 0.096549739596810791 -0.063835536897839079 -0.01870755949520287 0.0057960319540650762 0.090347161414268504 -0.01157481924078671 -0.050955046454289998 0.069370826199591132 -0.073938061201144073 0.10011345778106835 0.071226549878448966 -0.10053585963219774 0.10018038654519185 -0.042622349444227187 -0.10004348524845952 0.075604483618993926 0.10021563296420298 0.10023291232991816 -0.10008761871350987 0.10011767280494076 -0.10019506390552922 -0.10016332455642617 -0.10013015524840754 0.10006763106363899 -0.10004638419878553 -0.10008362215191993
leaf_weight=0.043647809173762653 0.017754691371010267 0.056987904662491928 0.031255320402124198 0.033523474157846067 0.01833575899945572 0.039138960419222713 0.019040191304611653 0.010368380938871269 0.047002722263641772 0.023220691819005879 0.018759359074465465 0.030237300918088295 0.0031631251263206641 0.0089127750907209702 0.0064658751131219097 0.015271810132617247 0.022296060153166763 0.021719160402426496 0.012258055784627686 0.0041003528337455464 0.0066390538740961347 0.016705307862139307 0.0083261528416187502 0.016582604715949856 0.010783569421619177 0.013739682588493451 0.0077703087590634823 0.016168748701602453 0.011582732249962646 0.0061431920888708191
leaf_count=25 16 24 23 18 15 22 14 15 31 16 11 16 13 9 9 5 12 14 48 43 8 10 9 12 4 8 2 33 33 132
internal_value=0.000260888 -0.00279638 0.00413244 -0.0103494 0.0365897 -0.00778892 -0.00156594 -0.0183334 0.0423783 0.0709144 0.0372114 -0.0380174 -0.0131113 -0.0454108 -0.0644 -0.0773968 0.0753174 -0.0785814 -0.0980489 0.0971371 0.090819 0.0991691 -0.100239 0.10014 -0.100113 -0.100104 -0.100079 0.100093 -0.100064 -0.10011
internal_weight=0.597901 0.580146 0.523159 0.361751 0.161407 0.0703943 0.328228 0.237577 0.0906505 0.0910131 0.0621632 0.175414 0.107453 0.0772161 0.0683033 0.0679606 0.0434038 0.0618374 0.0401183 0.0330355 0.0107394 0.0677924 0.0489204 0.0494567 0.0369551 0.0336486 0.0261716 0.0327514 0.0199089 0.0139135
internal_count=650 634 610 479 131 45 461 405 56 86 89 316 247 231 222 69 78 213 199 63 51 70 55 55 186 50 182 45 42 134
is_linear=0
shrinkage=0.1


Tree=132
num_leaves=28
num_cat=0
split_feature=47 47 19 22 16 34 13 14 34 1 36 2 34 28 45 33 33 21 35 14 51 47 37 44 5 19 23
split_gain=0.0144362 0.0244165 0.0237954 0.0246455 0.0229688 0.0350308 0.018294 0.020067 0.0180539 0.0232165 0.026093 0.0182646 0.0177561 0.0125348 0.00527404 0.00458725 0.00442216 0.00229976 0.000192312 0.000137679 3.52472e-08 2.15238e-09 4.69462e-10 1.60899e-10 8.06597e-11 1.62854e-11 1.52417e-11
threshold=0.55275100469589245 0.83186262845993053 3.8743374347686772 13.311594009399416 0.14961051940917972 0.94715484976768505 63.246479034423835 52.19293403625489 0.33010509610176092 0.28228059411048895 0.11994898319244386 0.14901275187730792 0.61346343159675609 366035.50000000006 0.45418095588684088 0.61497220396995556 0.67192998528480541 0.0088930306956172007 0.56283041834831249 42.59832954406739 0.40997695922851568 0.41511809825897222 0.527238428592682 0.11166754364967348 0.62328520417213451 -3.5827032327651973 0.049999890848994262
decision_type=2 2 2 2 2 2 2 2 2 2 2 2 2 2 2 2 2 2 2 2 2 2 2 2 2 2 2
left_child=4 13 3 -3 5 6 7 8 20 10 15 12 18 19 -6 -10 -5 -7 21 -2 -1 22 24 -23 -12 -26 -27
right_child=1 2 -4 16 14 17 -8 -9 9 -11 11 -13 -14 -15 -16 -17 -18 -19 -20 -21 -22 23 -24 -25 25 26 -28
leaf_value=-0.10009119168310916 0.089325242939376354 -0.021818904377607508 -0.065190814212293516 0.03945197248662629 -0.10044493565415256 0.051887465150410643 -0.10016027280444502 0.082899111322754168 -0.043398182399450043 0.087329009771245927 -0.1000510801757447 0.052531929086508125 0.033746171169471838 0.0048720195937604297 -0.040263100831053118 -0.100282370542985 0.10018084772889591 0.10010908290674497 -0.067483078142529684 0.10019678196473583 -0.10033890684360472 -0.10014078621115215 -0.10007802896365939 -0.10010978139071339 -0.10003955525495933 -0.10003294165864399 -0.10001929925182583
leaf_weight=0.01155285291065411 0.018697137844810641 0.057416626834310591 0.043338860364201537 0.020701462184661068 0.028580531412444543 0.015538435720372945 0.023150614280893933 0.022440963895860477 0.026720842197391903 0.023150957465986721 0.0034833313548006117 0.051054346044111298 0.019252534315455705 0.021630334729252354 0.029687378618746152 0.030197523752576672 0.028496271692347364 0.027207249228013097 0.0019862086919601998 0.030901454014383489 0.011424151845176311 0.0028030905922378216 0.0050130382238648971 0.0041544305783247637 0.0015983636894816309 0.0019815163332168586 0.0013958068493593601
leaf_count=23 31 23 25 17 15 15 12 23 26 11 3 37 12 18 25 15 23 34 2 22 19 3 37 120 5 5 49
internal_value=0.0002749 0.0201877 -0.00271131 0.0226867 -0.0125893 -0.000859431 -0.0156368 -0.00666945 -0.0169367 -0.00586284 -0.0202805 0.0124362 -0.0366914 0.0683955 -0.0697824 -0.0735776 0.0746273 0.0825801 -0.097189 0.0960985 -0.100214 -0.100077 -0.100054 -0.100122 -0.100039 -0.100031 -0.100027
internal_weight=0.563556 0.221182 0.149953 0.106614 0.342374 0.284106 0.241361 0.21821 0.195769 0.172792 0.149641 0.0927227 0.0416683 0.0712289 0.0582679 0.0569184 0.0491977 0.0427457 0.0224158 0.0495986 0.022977 0.0204296 0.0134721 0.00695752 0.00845902 0.00497569 0.00337732
internal_count=650 159 88 63 491 451 402 390 367 325 314 273 236 71 40 41 40 49 224 53 42 222 99 123 62 59 54
is_linear=0
shrinkage=0.1


Tree=133
num_leaves=29
num_cat=0
split_feature=13 37 38 12 35 6 3 39 36 36 50 39 35 45 5 1 9 36 3 0 50 51 36 34 44 43 5 1
split_gain=0.0138218 0.0133534 0.0186147 0.0167509 0.0152933 0.0214828 0.0181332 0.0219971 0.0166307 0.012766 0.0114937 0.0411404 0.0122614 0.00705349 0.00400995 0.0033168 0.00190652 4.44167e-05 9.58309e-05 1.0506e-05 2.05063e-08 4.12676e-09 2.43409e-09 1.41442e-09 5.22158e-10 7.68335e-10 8.5528e-11 6.4416e-11
threshold=17.360984802246097 0.4747766256332398 0.46482186019420629 13.500000000000002 0.56283041834831249 59.059541702270515 1.3976188302040102 0.87656250596046459 0.082677744328975691 0.42065367102622991 0.54989942908287059 0.49950884282588964 0.85595333576202404 0.50344672799110424 0.16877429932355884 0.16508605331182483 0.064351852983236327 0.23421347141265872 0.90815514326095592 0.29885983467102056 0.59070667624473583 0.24446202814579013 0.14536970108747485 0.54088023304939281 0.29503561556339269 0.56250000000000011 0.32336954772472387 0.10919116437435152
decision_type=2 2 2 2 2 2 2 2 2 2 2 2 2 2 2 2 2 2 2 2 2 2 2 2 2 2 2 2
left_child=-1 2 -2 4 6 8 7 14 -6 17 -7 -12 -13 -5 -3 -10 20 -4 -19 -15 21 -16 -17 -24 -23 26 -26 -28
right_child=1 3 9 13 5 10 -8 -9 15 -11 11 12 -14 19 16 22 -18 18 -20 -21 -22 24 23 -25 25 -27 27 -29
leaf_value=0.066457440589291414 0.047894719760613325 -0.011277409661541926 -0.10016209461878436 0.01917851637545738 0.0029910026093393095 -0.064730668745456799 0.0376245646666745 0.013804449851456188 0.04186615786269246 0.0071464129642184598 0.10020959808551444 0.012163936476657894 -0.062970125805092911 0.09584820099773049 -0.10012941840676184 0.1001362839908969 -0.050246410934321244 -0.078602298099140031 -0.10031216890010371 0.10017678386750371 -0.10020211156788678 -0.10008150551586406 0.10010635176475174 0.10006129250122985 -0.10004209000206171 -0.10007819247045127 -0.10000932430902859 -0.10002956723974465
leaf_weight=0.029780171054881066 0.017494953202572106 0.006717591404594713 0.033471699898655061 0.021301672506524483 0.045182953610492405 0.033011590065143537 0.029569119789812248 0.034313332594820167 0.012990213348530233 0.015696214657509699 0.031486402305745287 0.036484497547462524 0.053673795655413414 0.0091332577831053641 0.0091092377733730245 0.011465757634141482 0.0090017559775787959 0.0032640721228744951 0.0053920806809912847 0.014523831604492443 0.019940800368203782 0.0041888203630833223 0.012692562318989076 0.015441749961610185 0.0044478934505605148 0.0045137334454921066 0.0019980704719557707 0.007371507519565057
leaf_count=21 16 7 37 20 23 19 23 29 8 10 24 29 25 22 4 8 11 7 46 21 5 13 12 34 7 6 150 13
internal_value=0.000258654 -0.00365381 -0.0424855 0.00317081 -0.00359751 0.0107958 -0.0312963 -0.0513541 0.047486 -0.0698304 -0.0123996 0.00180188 -0.0325655 0.0609201 -0.0845809 0.0857139 -0.0927104 -0.0985108 -0.0921258 0.0985057 -0.100123 -0.100073 0.100097 0.100082 -0.10005 -0.100042 -0.100031 -0.100025
internal_weight=0.533659 0.503879 0.075319 0.42856 0.383601 0.25243 0.131172 0.101603 0.0977732 0.0578241 0.154656 0.121645 0.0901583 0.0449588 0.0672894 0.0525903 0.0605718 0.0421279 0.00865615 0.0236571 0.0515701 0.0316293 0.0396001 0.0281343 0.02252 0.0183312 0.0138175 0.00936958
internal_count=650 629 116 513 450 182 268 245 85 100 97 78 54 63 216 62 209 90 53 43 198 193 54 46 189 176 170 163
is_linear=0
shrinkage=0.1


Tree=134
num_leaves=30
num_cat=0
split_feature=1 4 44 37 3 19 45 48 36 36 12 51 9 3 3 12 34 21 3 4 22 19 45 13 34 5 9 35 47
split_gain=0.0132516 0.0179665 0.0182579 0.0246167 0.0182938 0.0266038 0.0169023 0.0155216 0.0259305 0.0153072 0.0158589 0.0134212 0.0126405 0.0120846 0.00763636 0.00592415 0.00566011 0.0056203 0.0049591 0.00265196 0.000248085 7.30175e-08 2.32403e-09 3.33919e-10 1.42432e-10 6.78157e-11 2.67105e-11 1.08729e-11 8.57728e-12
threshold=0.17397624254226687 0.13495504856109622 0.096091508865356459 0.50659596920013439 0.75900185108184826 4.0263618230819711 0.28320972621440893 0.25000000745058065 0.1369118541479111 0.3522451519966126 1.0000000180025095e-35 0.2803227305412293 -0.048662086948752396 1.6290082335472109 0.58351987600326549 17.500000000000004 0.80735075473785411 0.010611587204039099 0.14380911737680438 0.86477908492088329 -8.3366217613220197 3.4087134599685673 0.56343257427215587 59.358867645263679 0.59720993041992199 0.35677757859230047 0.0095828641206026095 0.64411091804504406 0.20650029927492144
decision_type=2 2 2 2 2 2 2 2 2 2 2 2 2 2 2 2 2 2 2 2 2 2 2 2 2 2 2 2 2
left_child=9 -2 -3 6 17 7 -4 8 -6 12 -11 -8 16 15 -13 20 18 -5 -1 -10 -14 22 23 25 -20 -22 -27 28 -28
right_child=1 2 3 4 5 -7 11 -9 19 10 -12 14 13 -15 -16 -17 -18 -19 24 -21 21 -23 -24 -25 -26 26 27 -29 -30
leaf_value=0.10012232230726764 0.096864431850883503 0.092041934101414577 0.031449019453108872 0.031235460633420017 -0.050843676797322004 0.094831167225336799 0.0055772552984821831 -0.077661342270226433 0.040156611933177551 -0.037091099118836977 0.071377328442804144 -0.092983384289379314 -0.075435862824733385 0.041794026183081451 -0.033025931669274276 -0.003694148420192524 0.1001134461208151 0.10014936102410783 -0.10001088927277722 0.10010129380106936 -0.10004296387092589 -0.10031415871301884 -0.10011547485403556 -0.10006209235634572 -0.1000494866765822 -0.10000733398612478 -0.10002521130599216 -0.10002806997028224 -0.10001370262228192
leaf_weight=0.0018303280230611563 0.022352886811859207 0.022272287089435849 0.034555054304291843 0.018713768818997778 0.035244727849203628 0.025317066701063595 0.033980393970978184 0.031730199214507593 0.01262169122492196 0.028235602534550708 0.025792125374209718 0.051877306528695044 0.0044052318210674448 0.0083833049575332552 0.035971484275250987 0.0075906896781816604 0.0068093490990577266 0.032192804443184286 0.0019027237819955189 0.017771576098311925 0.0019007742739631794 0.030629474069428397 0.0053082612139405674 0.0036483166040852675 0.001921664021210745 0.0010959375949255445 0.0012938848965404759 0.0033653478021733463 0.0012964661925138898
leaf_count=1 29 12 21 15 13 39 15 9 13 18 30 27 38 9 27 10 5 31 53 29 3 14 4 2 2 135 9 4 33
internal_value=0.000236001 0.00992734 0.00441051 -0.00150432 0.0244199 0.00350872 -0.0302811 -0.0202364 0.00752355 -0.0265744 0.0146903 -0.0477899 -0.0539693 -0.0707297 -0.0684326 -0.0863129 0.038704 0.0748159 -0.0352445 0.0752075 -0.0981582 -0.10022 -0.10006 -0.100037 -0.10003 -0.100026 -0.100022 -0.100024 -0.100019
internal_weight=0.510011 0.374601 0.352248 0.329976 0.173592 0.122685 0.156384 0.0973682 0.065638 0.135409 0.0540277 0.121829 0.0813818 0.0689177 0.0878488 0.0605344 0.0124641 0.0509066 0.00565472 0.0303933 0.0529437 0.0485385 0.017909 0.0126007 0.00382439 0.00895241 0.00705164 0.0059557 0.00259035
internal_count=650 280 251 239 149 103 90 64 55 370 48 69 322 261 54 252 61 46 56 42 242 204 190 186 55 184 181 46 42
is_linear=0
shrinkage=0.1


Tree=135
num_leaves=23
num_cat=0
split_feature=0 15 18 34 10 8 19 36 38 2 48 10 1 36 9 16 12 39 24 4 2 34
split_gain=0.0120014 0.0139548 0.0149373 0.0179201 0.0173366 0.0208371 0.0219412 0.0182029 0.0196919 0.0235305 0.0165467 0.0163923 0.00802726 0.00687239 0.00290434 0.00101058 6.55925e-05 1.25647e-08 1.22033e-08 8.75011e-10 1.74557e-10 7.0531e-11
threshold=0.064070925116539015 -1.2774457335472105 -0.027100918814539906 0.6801230013370515 -0.070207323879003511 30.170042037963871 4.7778465747833261 0.060565244406461723 0.52790078520774852 0.16689913719892505 0.25000000745058065 0.086866922676563277 0.17487261444330218 0.18989636749029162 -0.032511113211512559 0.036641672253608711 4.5000000000000009 0.36556819081306463 0.47641299664974218 0.11302761361002923 0.16848072409629825 0.55510541796684276
decision_type=2 2 2 2 2 2 2 2 2 2 2 2 2 2 2 2 2 2 2 2 2 2
left_child=14 -2 3 13 -4 -6 7 -7 9 -9 15 -10 -8 16 -1 -11 -3 -17 19 -16 21 -21
right_child=1 2 4 -5 5 6 12 8 11 10 -12 -13 -14 -15 18 17 -18 -19 -20 20 -22 -23
leaf_value=0.075702141753860835 0.07993434403862465 -0.091404873333967226 0.087934732415631767 0.014514351627852569 -0.070696715584000078 -0.064620347724348312 0.016156196337811807 -0.021795254899721627 0.01854718380786325 0.069538448310181897 -0.007359658648925925 -0.10043459883242711 0.10023778016796964 -0.033134416385018121 -0.10011033245775945 0.10020629309966789 -0.10023884388384952 0.10009893145605833 -0.10024977668839873 -0.10000794271574692 -0.10006286498041955 -0.10003479575957636
leaf_weight=0.001007726345960692 0.02247112389159156 0.015290960114498375 0.026372753316536546 0.049796036146290135 0.033720009880198631 0.037386083867204434 0.017134296807853389 0.050781489773726207 0.022040934597498563 0.014202364624907204 0.022887419007020071 0.02439530171250226 0.033660081378911855 0.035045518638071371 0.0021753659239038825 0.018641246017068624 0.018664574551621627 0.026251802642946132 0.0051194496693653955 0.0013916275648853116 0.0018834973452612758 0.0032918101642280817
leaf_count=41 17 21 29 36 19 29 20 38 34 19 17 9 34 31 2 14 20 29 30 156 1 4
internal_value=0.000236617 0.00304236 -0.000829392 -0.0312048 0.0101898 0.00338034 0.0127224 -0.0011502 0.0120914 0.0316962 0.0648296 -0.04396 0.0718748 -0.064199 -0.088211 0.0927882 -0.0962607 0.100144 -0.100127 -0.100055 -0.100037 -0.100027
internal_weight=0.483611 0.468742 0.446271 0.118797 0.327474 0.301101 0.267381 0.216587 0.179201 0.132764 0.0819828 0.0464362 0.0507944 0.0690011 0.0148695 0.0590954 0.0339555 0.044893 0.0138618 0.0087423 0.00656694 0.00468344
internal_count=650 416 399 108 291 262 243 189 160 117 79 43 54 72 234 62 41 43 193 163 161 160
is_linear=0
shrinkage=0.1


Tree=136
num_leaves=23
num_cat=0
split_feature=0 15 18 34 21 10 8 19 38 24 28 10 16 33 1 4 34 4 1 24 4 34
split_gain=0.0108133 0.0121093 0.0126585 0.0157357 0.0319884 0.0153306 0.0178326 0.019221 0.016363 0.0125602 0.0155461 0.0115359 0.0110948 0.0117553 0.00802914 0.00435295 0.00405074 0.00209904 0.000300996 8.85406e-09 6.37269e-10 1.40787e-10
threshold=0.064070925116539015 -1.2774457335472105 -0.027100918814539906 0.62248295545578014 0.0076088192872703084 -0.070207323879003511 30.170042037963871 4.7778465747833261 0.48731677234172827 0.11677927151322366 167848.00000000003 -0.0057946753222495309 0.010128085035830738 0.52137002348899852 0.17487261444330218 0.89540463685989391 0.87514966726303112 3.3879532814025883 0.39407157897949224 0.47641299664974218 0.11302761361002923 0.59111791849136364
decision_type=2 2 2 2 2 2 2 2 2 2 2 2 2 2 2 2 2 2 2 2 2 2
left_child=17 -2 3 15 -5 -4 -7 8 9 11 -11 -8 13 -10 -9 18 -14 19 -3 20 -1 -22
right_child=1 2 5 4 -6 6 7 14 12 10 -12 -13 16 -15 -16 -17 -18 -19 -20 -21 21 -23
leaf_value=-0.10009982137766749 0.076827489203256327 -0.10007444501614381 0.085750922170157617 0.075311666582424955 -0.066279153764086524 -0.066964398860312399 -0.0072497577191902559 0.014579344497939933 -0.054947058471431165 -0.047033102635196167 0.046061839498644862 0.098284411195855431 -0.082859467937413819 0.074748452523603889 0.10021515379413759 -0.028499303287817069 -0.031011676359794755 0.03981862370900445 -0.081425474582482074 -0.10022570898050942 -0.10001163037268757 -0.10004493532211028
leaf_weight=0.0019685486913658679 0.021113670140039176 0.016754865177404099 0.024440676810627338 0.03173841504030861 0.032087206520373002 0.032125105026352685 0.015450539583980571 0.017091167692342424 0.012424080848632002 0.037942774622024444 0.034022201354673598 0.031423423864907818 0.031169126823897386 0.015973591293004574 0.030463428086477506 0.016866654108071089 0.029171561775001464 0.0011740566114895054 0.017901839702972211 0.0046384087721946798 0.0019024210516533913 0.0038135556969791651
leaf_count=2 17 30 29 25 18 19 14 20 19 24 29 33 29 25 34 25 16 3 10 32 194 3
internal_value=0.000245304 0.00290125 -0.000753742 -0.0290555 0.00412938 0.00971982 0.00325087 0.0120921 -0.00104541 0.0232161 -0.00302149 0.0634984 -0.0335366 0.0180062 0.0694376 -0.070164 -0.0577938 -0.0879441 -0.0904414 -0.100117 -0.100051 -0.100034
internal_weight=0.461657 0.44816 0.427047 0.115349 0.0638256 0.311698 0.287257 0.255132 0.207577 0.118839 0.071965 0.046874 0.0887384 0.0283977 0.0475546 0.0515234 0.0603407 0.013497 0.0346567 0.0123229 0.00768453 0.00571598
internal_count=650 416 399 108 43 291 262 243 189 100 53 47 89 44 54 65 45 234 40 231 199 197
is_linear=0
shrinkage=0.1


Tree=137
num_leaves=24
num_cat=0
split_feature=35 14 47 44 11 47 22 38 36 19 34 45 36 15 39 0 13 19 2 39 0 3 1
split_gain=0.00972966 0.014363 0.0179185 0.0145968 0.014655 0.0218629 0.0139869 0.013765 0.0132384 0.0185714 0.0106177 0.00940494 0.00934441 0.00743095 0.00677944 0.00389276 0.00383333 0.00110743 0.000310646 5.17436e-10 2.57852e-10 6.22576e-11 2.01514e-10
threshold=0.38378565013408666 29.390766143798832 0.94480532407760631 0.41742543876171118 0.61459901928901683 0.55275100469589245 -16.391323089599606 0.43811924755573278 0.19169653952121737 3.7832237482070927 0.5237872600555421 0.512447088956833 0.54045125842094432 0.070995699614286437 0.38843335211277014 1.0213063955307009 23.212034225463871 1.3794732689857485 0.1726435795426369 0.012292609550058843 0.2728471457958222 3.8820881843566899 0.18887956440448764
decision_type=2 2 2 2 2 2 2 2 2 2 2 2 2 2 2 2 2 2 2 2 2 2 2
left_child=-1 2 8 11 6 13 -5 -8 9 16 12 14 15 -6 -3 19 -2 -9 -12 -10 21 22 -21
right_child=1 3 -4 4 5 -7 7 17 10 -11 18 -13 -14 -15 -16 -17 -18 -19 -20 20 -22 -23 -24
leaf_value=-0.062753027715057585 -0.028732540605825918 -0.052166954492748344 0.10015987249522117 -0.055773950194238545 -0.017963618118585305 0.039735240257467726 0.0052977929707862942 0.068034165899938326 -0.10011446928946294 0.061502631448686042 0.078357605345067527 -0.079649488823500481 0.096148597360823373 -0.082461749035038279 0.027416921502083438 0.10007374973999893 -0.095060230667459319 0.099516337339514746 0.10009077125308406 -0.10000398567005593 -0.10010386111287402 -0.10006282523059412 -0.10005960909178389
leaf_weight=0.023209553187371057 0.0162513120812946 0.021087145998990309 0.029659623072802788 0.014894137959345244 0.033568684655278958 0.04033377217274392 0.038579379868679098 0.019224398591632053 0.0023465632347097198 0.017645798641751753 0.011633821530267596 0.038999365956442489 0.0048029057506937542 0.038178796479769517 0.021738551291946351 0.0011046471772715458 0.018785448167591312 0.026680648474211921 0.015130539558413147 0.0010251024418153065 0.0010364730842411518 0.0018824654398486018 0.0017861948581412435
leaf_count=13 28 22 26 21 30 38 31 30 19 14 15 32 8 22 18 1 17 36 27 199 1 1 1
internal_value=0.000260888 0.0037734 0.0324423 -0.00825888 0.00561867 -0.0191703 0.0335762 0.0493282 0.0109455 -0.0221597 0.053746 -0.0441225 -0.0168722 -0.0522848 -0.0117698 -0.0759944 -0.0642951 0.086332 0.0906439 -0.100075 -0.100059 -0.100049 -0.100039
internal_weight=0.439585 0.416376 0.123091 0.293285 0.21146 0.112081 0.0993786 0.0844844 0.0934313 0.0526826 0.0407487 0.0818251 0.0139844 0.0717475 0.0428257 0.00918145 0.0350368 0.045905 0.0267644 0.0080768 0.00573024 0.00469376 0.0028113
internal_count=650 637 357 280 208 90 118 97 331 59 272 72 230 52 40 222 45 66 42 221 202 201 200
is_linear=0
shrinkage=0.1


Tree=138
num_leaves=26
num_cat=0
split_feature=0 3 17 3 34 11 36 3 47 15 13 2 36 1 44 28 14 22 24 36 1 4 0 47 43
split_gain=0.00970221 0.0099303 0.0225299 0.0171284 0.0255162 0.0152871 0.0149205 0.0129129 0.0193961 0.0221981 0.0106647 0.0103352 0.00953819 0.0091706 0.0019186 0.00130667 0.00103963 2.61281e-08 5.50515e-09 3.94014e-09 1.36538e-09 5.74867e-10 3.11148e-10 8.3007e-11 2.14672e-11
threshold=0.064070925116539015 1.3976188302040102 44.025022506713874 0.75342294573783886 0.45900513231754309 0.28102199733257299 0.33063513040542608 0.045225491747260101 0.50077641010284435 0.070995699614286437 46.478940963745124 0.20322995632886889 0.14536970108747485 0.20328427106142047 0.2470483407378197 121676.00000000001 20.003087043762211 3.5899689197540288 0.47641299664974218 0.11841275170445444 0.63604611158370983 0.19016331434249881 0.18821393698453906 0.044322773814201362 0.61250001192092907
decision_type=2 2 2 2 2 2 2 2 2 2 2 2 2 2 2 2 2 2 2 2 2 2 2 2 2
left_child=14 3 16 4 5 -2 13 -6 9 11 -4 12 -9 -5 -1 17 -3 -10 21 -18 22 -16 -21 -23 -25
right_child=1 2 10 6 7 -7 -8 8 15 -11 -12 -13 -14 -15 18 -17 19 -19 -20 20 -22 23 -24 24 -26
leaf_value=0.037371285196617934 0.02111145417050236 0.060573626623774482 -0.071299966567978379 -0.095725829258040004 -0.049121632063895561 -0.10012970444456931 0.023940971269196646 -0.052305634073146347 0.099924946390659741 -0.065316902744484484 0.02375567857331938 0.087897347230789374 0.056698105012558911 -0.029487916437496764 -0.10009625535885121 0.066587813800008486 0.1001388495950222 0.10010398770976514 -0.10019582912958057 0.10005827874120198 0.10009755390568437 -0.10004459625959955 0.10002288627663175 -0.10000805135877865 -0.10002665862561994
leaf_weight=0.0011173561568398336 0.016621063959519233 0.0086288248421624303 0.018567050241472316 0.036011174129043866 0.017834431477240287 0.027784627994151379 0.030711016788700363 0.015031609841571481 0.012690080073298304 0.025919933235854842 0.032399215269833803 0.029372522527410183 0.017228175312993699 0.049816825709058321 0.0018996713333763182 0.017405450984369963 0.012044420080201235 0.022786713951063575 0.004002768157704395 0.0048632253328833031 0.0071271994602284386 0.0026033797767013311 0.0050772327367667458 0.0010230826290467121 0.0015738276415504515
leaf_count=13 23 9 12 32 11 36 33 16 20 15 39 22 24 27 2 10 8 29 32 11 10 2 29 183 2
internal_value=0.000266772 0.00289696 0.0324944 -0.00532796 0.0122373 -0.0547491 -0.0358759 0.0310317 0.0412108 0.0123278 -0.0108732 0.0449818 0.00590726 -0.0572796 -0.087532 0.0890296 0.0910591 0.10004 -0.100102 0.100095 0.100064 -0.100049 0.10004 -0.100032 -0.100019
internal_weight=0.420141 0.407921 0.0887072 0.319214 0.202675 0.0444057 0.116539 0.158269 0.140434 0.0875522 0.0509663 0.0616323 0.0322598 0.085828 0.0122201 0.0528822 0.0377409 0.0354768 0.0111027 0.0291121 0.0170677 0.00709996 0.00994046 0.00520029 0.00259691
internal_count=650 416 118 298 206 59 92 147 136 77 51 62 40 59 234 59 67 49 221 58 50 189 40 187 185
is_linear=0
shrinkage=0.1


Tree=139
num_leaves=28
num_cat=0
split_feature=50 36 51 34 3 38 38 16 0 35 16 22 17 35 13 23 36 2 36 19 51 36 1 12 13 5 12
split_gain=0.00951487 0.0182032 0.0156611 0.0193627 0.0154345 0.0132137 0.0170303 0.0141199 0.0186508 0.018487 0.0123982 0.0112522 0.00965566 0.0131048 0.00731819 0.00731188 0.00396765 1.24268e-08 4.33029e-09 1.87897e-09 1.22366e-09 5.65635e-10 4.89275e-10 2.33128e-10 1.12731e-10 4.40817e-11 1.68281e-11
threshold=0.57493501901626598 0.12613204121589663 0.33315244317054754 0.98341494798660289 0.26782476902008062 0.41139391064643865 0.42202435433864599 0.0022668623132631187 0.26366481184959417 0.49694900214672094 0.50283083319664013 3.8195797204971318 37.322582244873054 0.5360381305217744 18.714623451232914 0.16666666418313983 0.995347559452057 0.32076001167297369 0.10937060043215753 1.6558160781860354 0.56291666626930248 0.16030832380056384 0.19171623140573504 3.5000000000000004 19.937494277954105 0.31875641644001013 9.5000000000000018
decision_type=2 2 2 2 2 2 2 2 2 2 2 2 2 2 2 2 2 2 2 2 2 2 2 2 2 2 2
left_child=1 4 -3 12 -1 11 -7 9 -9 -8 -10 -2 13 14 -4 -14 22 20 -13 -11 23 -21 24 -6 -16 -26 -27
right_child=5 2 3 -5 17 6 7 8 10 19 -12 18 15 -15 16 -17 -18 -19 -20 21 -22 -23 -24 -25 25 26 -28
leaf_value=-0.0089886629910586446 -0.0032590692248996439 0.0716310734359457 0.10009276982804712 0.10006956835855825 -0.10002104279477031 -0.06017501630243155 -0.03757355497337362 -0.082417135294957575 0.070431705178502391 0.10010042829764237 -0.030368152022515821 0.10015945394798925 -0.10003501633002106 0.086496238077500856 -0.10005261489603615 -0.024305112206229957 0.10007269535196028 -0.10017428546265655 0.10008129653793432 0.10007127149055089 -0.10008119075908382 0.10003500937118673 -0.10007387354803327 -0.10004535234182199 -0.10003754369668388 -0.10001044125357816 -0.10002293439249239
leaf_weight=0.037313939382784156 0.016460992020256526 0.029607083163455172 0.0026990033220499763 0.013318705219717231 0.0069918632721055465 0.034593844378832728 0.013578185229562223 0.023204059281852096 0.027818489621495246 0.017434207743463048 0.021736869472078979 0.012092383214621805 0.021641182980602025 0.013878203208150808 0.0015766933793202043 0.031030762982481974 0.0010888010729104289 0.012244829922565259 0.017132215631136205 0.0089620118960738182 0.0087826860835775733 0.0082720080786202743 0.0035872382577508688 0.0090525465320752119 0.001457838952774182 0.0019166536655461641 0.0024645897124173644
leaf_count=32 9 36 2 18 34 13 7 14 37 23 9 7 13 16 1 34 1 6 35 9 5 37 3 18 2 221 8
internal_value=0.000259531 -0.0152666 0.00815378 -0.0117003 -0.0543921 0.0155826 0.00169936 0.0193884 -0.00842801 0.0613376 0.026217 0.0628674 -0.0300014 0.0166989 -0.0487918 -0.0554201 -0.0820242 -0.100092 0.100114 0.100077 -0.100051 0.100054 -0.100044 -0.100035 -0.100029 -0.100022 -0.100017
internal_weight=0.399938 0.198653 0.124267 0.0946597 0.0743859 0.201285 0.1556 0.121006 0.0727594 0.0482464 0.0495554 0.0456856 0.081341 0.028669 0.0147908 0.0526719 0.0120918 0.0370719 0.0292246 0.0346682 0.0248271 0.017234 0.011003 0.0160444 0.00741578 0.00583908 0.00438124
internal_count=650 450 355 319 95 200 149 136 60 76 46 51 301 254 238 47 236 63 42 69 57 46 235 52 232 231 229
is_linear=0
shrinkage=0.1


Tree=140
num_leaves=25
num_cat=0
split_feature=0 15 18 44 12 10 8 18 38 2 36 8 43 10 13 44 33 37 24 16 28 4 2 5
split_gain=0.00827534 0.0089558 0.010463 0.0156296 0.0122057 0.00905412 0.0153154 0.0155089 0.0139449 0.0157192 0.0187506 0.0100391 0.00838794 0.00534657 0.00513393 0.00157301 0.00108992 0.000498713 3.45536e-09 1.23664e-09 6.81654e-10 3.75492e-10 6.01753e-11 1.79974e-11
threshold=0.064070925116539015 -1.2774457335472105 -0.027100918814539906 0.62249705195426952 15.500000000000002 -0.070207323879003511 30.170042037963871 -0.006553543033078312 0.52790078520774852 0.16689913719892505 0.12746056169271472 60.465667724609382 0.46249999105930334 -0.057872151955962174 37.336696624755866 0.2470483407378197 0.51935169100761425 0.51165336370468151 0.47641299664974218 0.40387625992298132 3001.0000000000005 0.19016331434249881 0.16848072409629825 0.14868884533643725
decision_type=2 2 2 2 2 2 2 2 2 2 2 2 2 2 2 2 2 2 2 2 2 2 2 2
left_child=15 -2 3 12 5 -4 -7 -8 9 14 -11 -10 -3 -14 -9 -1 -12 -6 21 20 -18 -17 23 -23
right_child=1 2 4 -5 17 6 7 8 11 10 16 -13 13 -15 -16 18 19 -19 -20 -21 -22 22 -24 -25
leaf_value=0.030167327585416005 0.073632888040271363 -0.0020355869867155875 0.077626675457802108 0.06121672523249766 0.067717141685404325 -0.075163232651855039 0.096109473071537624 0.0019237886222501434 0.00069921018772706579 -0.00031078844726793237 0.058645175302862396 -0.10034844257967457 -0.099886832513908369 -0.034943238913051441 -0.063551816747037693 -0.10008390751229157 0.10007600047262753 0.10006349033053902 -0.1001688397530211 0.10009806998265527 0.10003697690515073 -0.10002724193445681 -0.10004532378735652 -0.10001183788720738
leaf_weight=0.001027867740106104 0.017008735732815694 0.026572785330927218 0.015425244407197169 0.015869481355252901 0.0084226027738623088 0.025106430999585427 0.018051393095674939 0.02269011582575331 0.01830941351090587 0.053414722431625705 0.0080371560179628432 0.02123502879192074 0.028729071218549507 0.022687234032218839 0.025359877647133544 0.0016375769046135247 0.0091608954280673061 0.010980667449530301 0.0034176748711729488 0.012342317328148056 0.0087532098068550113 0.0016166222048923373 0.0013584933476522565 0.0014288503433448341
leaf_count=13 17 37 24 21 12 18 16 26 32 28 13 15 16 34 15 2 17 32 32 13 30 2 1 184
internal_value=0.000270629 0.00276573 -0.000666898 -0.0292465 0.00975889 0.00353841 -0.00159882 0.00775969 -0.00113497 0.0136993 0.0379749 -0.0535625 -0.0476543 -0.0712307 -0.032633 -0.0873218 0.0913786 0.0860225 -0.100088 0.100074 0.100057 -0.100043 -0.100028 -0.10002
internal_weight=0.378643 0.368156 0.351148 0.0938586 0.257289 0.237886 0.222461 0.197354 0.179303 0.139758 0.0917083 0.0395444 0.0779891 0.0514163 0.04805 0.0104871 0.0382936 0.0194033 0.00945922 0.0302564 0.0179141 0.00604154 0.00440397 0.00304547
internal_count=650 416 399 108 291 247 223 205 189 142 101 47 87 50 41 234 73 44 221 60 47 189 187 186
is_linear=0
shrinkage=0.1


Tree=141
num_leaves=28
num_cat=0
split_feature=50 36 3 51 34 28 36 5 40 5 50 11 34 6 1 45 38 2 38 33 36 44 24 6 36 20 45
split_gain=0.00836973 0.0160239 0.0140242 0.0127377 0.0168319 0.0117843 0.0150763 0.0106015 0.0114777 0.00970616 0.00914386 0.0080539 0.0172804 0.0107379 0.00383479 0.00098447 1.06746e-08 8.21477e-09 1.58301e-09 1.07071e-09 5.19006e-10 3.21482e-10 1.19638e-10 7.35347e-11 7.33325e-11 2.17493e-11 2.95066e-12
threshold=0.57493501901626598 0.12613204121589663 0.26782476902008062 0.33315244317054754 0.98341494798660289 167848.00000000003 0.07659520581364633 0.39864537119865423 0.35000000894069677 2.2760730981826787 0.83249998092651378 0.74889570474624645 0.64331087470054638 50.462394714355476 0.19391462206840518 0.45958238840103155 0.42202435433864599 0.32076001167297369 0.40259459614753729 0.85047051310539257 0.14087209105491641 1.0000000180025095e-35 0.38230770826339727 36.93768501281739 0.18935381621122363 1.0000000180025095e-35 0.50078043341636669
decision_type=2 2 2 2 2 2 2 2 2 2 2 2 2 2 2 2 2 2 2 2 2 2 2 2 2 2 2
left_child=1 2 -1 -3 11 7 -7 8 -2 10 -9 12 13 14 18 -8 -17 19 -5 22 -18 -20 -4 -23 -25 -26 -27
right_child=5 3 17 4 -6 6 15 9 -10 -11 -12 -13 -14 -15 -16 16 20 -19 21 -21 -22 23 -24 24 25 26 -28
leaf_value=-0.0093114189395739726 0.10013104661335753 0.067685270889724522 -0.10002417292388577 -0.10009658371457203 0.1000625776318161 -0.034148627698747672 0.061054258321097704 -0.072419899975071034 -0.013316144831127301 0.034393190424015202 -0.00053123115258130996 -0.0888328791715291 0.078142468098749349 0.064005899674175068 -0.030640156052955114 0.1001921245570562 0.1000773615774968 -0.10015384829279816 -0.1000878814729817 -0.10007749715079783 0.100043537675903 -0.10001479847085835 -0.10004268838830402 -0.10004509508151267 -0.10001672627390264 -0.10002724145403839 -0.10003344026544581
leaf_weight=0.035157346685082302 0.018855407576666039 0.027272873790252561 0.0090009397432595506 0.0064780798753076843 0.011761720143113052 0.013188118464313447 0.0084487155982060358 0.035435630707070231 0.016921225287205743 0.026534127526247175 0.035337693580913765 0.017127750412328169 0.015780954629008193 0.0073053047796065576 0.013970573520055041 0.0084400753776208148 0.0075120661349501452 0.010653385237674229 0.0010584822015857762 0.0076420831028372041 0.011453058868028165 0.0024237048574775608 0.0056996045245796276 0.0037142087021493353 0.001568664304130607 0.001244995299657603 0.0020038315560668707
leaf_count=32 30 36 38 13 18 7 11 26 15 17 36 15 19 19 13 11 8 6 8 4 39 22 15 5 106 79 2
internal_value=0.000257219 -0.0150438 -0.0532572 0.00826964 -0.0109211 0.0153682 0.0572712 -7.31703e-05 0.0464741 -0.017187 -0.0365253 -0.0288823 -0.0103974 -0.0455324 -0.0701826 0.0908981 0.100099 -0.100082 -0.100057 -0.100047 0.100057 -0.100035 -0.100031 -0.10003 -0.100035 -0.100026 -0.100031
internal_weight=0.361991 0.179865 0.0681534 0.111711 0.0844383 0.182126 0.049042 0.133084 0.0357766 0.0973075 0.0707733 0.0726766 0.0555488 0.0397678 0.0324625 0.0358539 0.0274052 0.032996 0.018492 0.0223426 0.0189651 0.0120139 0.0147005 0.0109554 0.0085317 0.00481749 0.00324883
internal_count=650 450 95 355 319 200 76 124 45 79 62 301 286 267 248 69 58 63 235 57 47 222 53 214 192 187 81
is_linear=0
shrinkage=0.1


Tree=142
num_leaves=26
num_cat=0
split_feature=50 36 3 35 10 11 38 5 28 23 22 28 14 35 10 6 39 2 36 1 33 0 1 24 35
split_gain=0.00720454 0.0137035 0.0135677 0.0115416 0.0168266 0.0157806 0.0111574 0.0142483 0.01545 0.017069 0.00978485 0.00641101 0.00439931 0.00388582 0.00273072 0.00417602 0.000627837 6.08479e-09 2.6486e-09 2.47971e-09 7.93064e-10 7.76095e-10 3.76929e-10 8.8608e-11 2.00583e-11
threshold=0.57493501901626598 0.12613204121589663 0.26782476902008062 0.521297186613083 -0.068299319595098482 0.74889570474624645 0.41139391064643865 0.36505883932113653 87037.000000000015 0.35435163974761968 3.8195797204971318 142481.50000000003 32.977035522460945 0.52309364080429088 0.022039477713406089 49.993421554565437 0.13759296387434009 0.32076001167297369 0.10937060043215753 0.26356130838394171 0.85047051310539257 0.30943644046783453 0.092113882303237929 0.38230770826339727 0.51124638319015514
decision_type=2 2 2 2 2 2 2 2 2 2 2 2 2 2 2 2 2 2 2 2 2 2 2 2 2
left_child=1 2 -1 4 -3 11 10 -8 12 -10 -2 16 -9 -11 19 -16 -5 20 -12 22 23 -15 24 -4 -6
right_child=6 3 17 5 14 -7 7 8 9 13 18 -13 -14 21 15 -17 -18 -19 -20 -21 -22 -23 -24 -25 -26
leaf_value=-0.0083876143134005276 -0.0035061494960680027 0.092153999151068353 -0.1000218718776623 0.070114050539103592 -0.10001040246448256 -0.048005790379061011 0.078516692739206806 -0.067122043565947129 -0.048851839971521482 0.024293282752441199 0.10013418490247999 0.019059050745438816 -0.016120705133987671 0.10004279474319977 -0.10005705232776395 0.057152071162319323 0.10007516208837502 -0.10013919294697252 0.10006770286128573 -0.10015544212352795 -0.1000701160840602 0.10008208474728131 -0.10006224602135026 -0.10003862302389227 -0.10002805804918338
leaf_weight=0.035128237504977733 0.014505971689686703 0.0073043127699747848 0.0081445649915394824 0.011202942971067387 0.0010513553299631448 0.019051587893045507 0.020178850490538025 0.036105598514041048 0.017233264257811243 0.010032491587480763 0.01040492788888514 0.023600182277732529 0.031817264567507664 0.0085066307537999819 0.0035811489873651672 0.0031991324421483114 0.018616510129504604 0.0096409206344105769 0.01413090574897069 0.0029258461436256758 0.0069153268123045555 0.012292364259337774 0.012856555986445528 0.0051574143437846951 0.0016585980192758143
leaf_count=32 9 17 38 19 184 15 39 17 13 8 7 24 27 26 13 29 30 6 35 2 4 19 20 15 2
internal_value=0.00024429 -0.0144196 -0.0505131 0.00790909 -0.0415296 0.0301326 0.0144752 0.000962765 -0.0125296 0.0308567 0.0616026 0.0579999 -0.0432314 0.0754098 -0.080167 -0.0258813 0.088819 -0.100074 0.100096 -0.100071 -0.100043 0.100066 -0.100055 -0.100028 -0.100021
internal_weight=0.345243 0.170035 0.0649865 0.105048 0.0325769 0.0724712 0.175208 0.136166 0.115988 0.0480648 0.0390418 0.0534196 0.0679229 0.0308315 0.0252726 0.00678028 0.0298195 0.0298582 0.0245358 0.0184924 0.0202173 0.020799 0.0155665 0.013302 0.00270995
internal_count=650 450 95 355 267 88 200 149 110 66 51 73 44 53 250 42 49 63 42 208 57 45 206 53 186
is_linear=0
shrinkage=0.1


Tree=143
num_leaves=25
num_cat=0
split_feature=0 3 17 3 34 11 36 3 47 15 2 13 1 36 28 44 13 6 24 36 2 4 2 5
split_gain=0.00714779 0.00771242 0.0153163 0.0129894 0.0189018 0.0120013 0.0111947 0.0104883 0.0133709 0.0151385 0.00861418 0.00858697 0.00708458 0.00501472 0.00149281 0.000976695 0.000859171 3.04441e-08 2.82938e-09 1.35913e-09 5.56937e-10 2.21774e-10 5.0524e-11 7.34272e-12
threshold=0.064070925116539015 1.3976188302040102 44.025022506713874 0.75342294573783886 0.45900513231754309 0.28102199733257299 0.33063513040542608 0.045225491747260101 0.50077641010284435 0.070995699614286437 0.20322995632886889 46.478940963745124 0.20328427106142047 0.1823447868227959 121676.00000000001 0.33814302086830145 20.10214996337891 50.011692047119148 0.47641299664974218 0.11841275170445444 0.42524419724941259 0.19016331434249881 0.16848072409629825 0.14868884533643725
decision_type=2 2 2 2 2 2 2 2 2 2 2 2 2 2 2 2 2 2 2 2 2 2 2 2
left_child=15 3 16 4 5 -2 12 -6 9 10 13 -4 -5 -9 17 -1 -3 -10 21 -18 -21 -17 23 -23
right_child=1 2 11 6 7 -7 -8 8 14 -11 -12 -13 -14 -15 -16 18 19 -19 -20 20 -22 22 -24 -25
leaf_value=0.0036831822894610763 0.021163392303952273 0.060076010836368855 -0.068931888565311683 -0.094925743252530989 -0.047435893685203866 -0.10009665909344623 0.022678382806994454 -0.041200706427011013 0.099855759598558122 -0.059015082279858626 0.086908839516335379 0.027427654672122537 -0.02926167285313876 0.048370858746153225 0.059384434061619279 -0.10007163751204971 0.10010782334615748 0.10007727423777531 -0.10016006675232954 0.10003304080593652 0.10007322095417495 -0.10002017855289456 -0.10004028255422633 -0.1000086382750133
leaf_weight=0.0010250902578263785 0.013242879230347171 0.0072705242655501925 0.0143415990696667 0.027750943130740779 0.015336387277784524 0.021273249422733898 0.0245917874171937 0.0126638892684241 0.0096613775667719892 0.020091817001230083 0.023965365249750903 0.0260392233813036 0.040279555881852502 0.01234178844060807 0.013613269999041222 0.0013530257274396718 0.0067608769531943827 0.017339532457299356 0.0030960814213756294 0.0069118989144953957 0.0068869986353092827 0.0011976984096691012 0.00120771792717278 0.0010216515802738968
leaf_count=20 23 12 12 32 11 36 33 17 18 15 22 39 27 23 10 2 6 31 32 38 11 2 1 177
internal_value=0.000255811 0.00271175 0.0325434 -0.0053582 0.011936 -0.0535725 -0.0351451 0.0300229 0.0408541 0.0140785 0.0440673 -0.00679527 -0.0560473 0.00300819 0.0863849 -0.0881353 0.0896226 0.099998 -0.100086 0.100071 0.100053 -0.100037 -0.100024 -0.100015
internal_weight=0.329264 0.320363 0.0682111 0.252152 0.15953 0.0345161 0.0926223 0.125013 0.109677 0.0690629 0.048971 0.0403808 0.0680305 0.0250057 0.0406142 0.00890127 0.0278303 0.0270009 0.00787618 0.0205598 0.0137989 0.00478009 0.00342707 0.00221935
internal_count=650 416 118 298 206 59 92 147 136 77 62 51 59 40 59 234 67 49 214 55 49 182 180 179
is_linear=0
shrinkage=0.1


Tree=144
num_leaves=31
num_cat=0
split_feature=35 18 8 38 36 22 1 9 44 45 48 34 12 19 3 12 13 37 5 36 38 47 36 22 0 36 33 28 34 5
split_gain=0.00661174 0.0120878 0.0115595 0.0158995 0.0166591 0.0131776 0.0125401 0.0122254 0.011109 0.010312 0.00786147 0.00700646 0.00441358 0.00403957 0.00403591 0.0060929 0.0011154 0.000273261 0.000396759 9.9023e-09 4.42151e-09 1.15222e-09 8.40448e-10 8.03849e-10 5.35651e-10 4.32034e-10 2.21773e-10 1.47552e-10 3.4831e-11 2.52366e-11
threshold=0.56283041834831249 0.12290244549512865 63.162189483642585 0.52641919255256664 0.12746056169271472 -3.3049610853195186 0.17397624254226687 0.012201908044517042 0.096091508865356459 0.23864406347274783 1.0000000180025095e-35 0.83995932340621959 3.5000000000000004 -2.0196741819381709 1.4288508892059328 17.500000000000004 18.714623451232914 0.54641115665435802 0.88258114457130443 0.014425979461520912 0.47871057689189916 0.40646232664585119 0.07659520581364633 0.68728381395339977 0.2728471457958222 0.15379399061203006 0.54758542776107799 9874.2905273437518 0.35762032866477972 0.33202068507671362
decision_type=2 2 2 2 2 2 2 2 2 2 2 2 2 2 2 2 2 2 2 2 2 2 2 2 2 2 2 2 2 2
left_child=1 8 5 4 -4 7 10 12 -1 -10 -7 14 -2 -8 15 16 -11 20 -19 -15 21 -18 -21 -24 27 -25 -27 -22 -29 -30
right_child=2 -3 3 -5 -6 6 13 -9 9 11 -12 -13 -14 19 -16 -17 17 18 -20 22 24 -23 23 25 -26 26 -28 28 29 -31
leaf_value=0.068453914778898048 0.073974013711048961 0.050205863545354147 -0.041818389637106074 -0.082790991299796696 0.073789476834702869 -0.049849426621231881 0.029730513193593901 -0.072521631499883429 0.053698834354728692 -0.029130805149806295 0.049237691677513705 0.035836902912465156 -0.0058303794284433582 0.10019965337853493 -0.016432133927798489 0.029516295851409344 -0.10008714666719992 -0.053764576240761745 -0.10010650002061759 0.10009239229689022 -0.10004597570429269 -0.10013532559690047 0.10008716247680108 0.10006486130347325 -0.10006405003364026 0.10005582825592732 0.10001658723450052 -0.10000926016698806 -0.10003621742947488 -0.10002082374256704
leaf_weight=0.0091836589649574307 0.012562607240397483 0.020130111479716106 0.026236894642352127 0.026433612545588403 0.023745519666590553 0.014420207801776996 0.010331397581467172 0.019919878650398459 0.0088969190619536676 0.0025883219059323883 0.018003838601543976 0.0068081640929449341 0.015456533439646591 0.0074970723362639538 0.011199639990081778 0.0044373506407282539 0.0099112240440177857 0.0033749458089005193 0.0040820068329594505 0.012061409230227582 0.0034054838816359734 0.0099443209462606319 0.0065517777547938741 0.0055757439113222063 0.0071362452545145052 0.0020073368978046346 0.0050976876746062771 0.0019266980950760626 0.0014476607320830226 0.0040289190366280536
leaf_count=18 22 31 11 18 36 22 15 21 7 4 30 10 18 4 10 11 29 6 39 11 18 11 8 6 8 5 50 32 2 137
internal_value=0.000248664 -0.0197281 0.0107756 -0.0200675 0.0131043 0.0289777 0.0534374 -0.0126292 -0.0356584 -0.0477326 0.00516988 -0.060571 0.0299506 0.0852971 -0.0709102 -0.08258 -0.0929761 -0.0966275 -0.0791326 0.100096 -0.100079 -0.100111 0.100072 0.100059 -0.100043 0.100044 0.100028 -0.100029 -0.100021 -0.100025
internal_weight=0.314403 0.108502 0.205902 0.076416 0.0499824 0.129485 0.0815465 0.047939 0.0883716 0.0791879 0.032424 0.070291 0.0280191 0.0491224 0.0634828 0.0522832 0.0478458 0.0452575 0.00745695 0.038791 0.0378006 0.0198555 0.031294 0.0192325 0.017945 0.0126808 0.00710502 0.0108088 0.00740328 0.00547658
internal_count=650 373 277 65 47 212 151 61 342 324 52 317 40 99 307 297 286 282 45 84 237 40 80 69 197 61 55 189 171 139
is_linear=0
shrinkage=0.1


Tree=145
num_leaves=28
num_cat=0
split_feature=50 36 28 37 23 3 28 36 36 34 38 38 13 14 2 34 39 35 1 45 17 23 38 34 47 36 3
split_gain=0.00637009 0.0112377 0.0127778 0.0134136 0.0120882 0.0121087 0.00914904 0.0114651 0.0085693 0.00797688 0.00719682 0.0104679 0.010263 0.00561601 0.00436048 0.00993334 0.00418601 0.00211526 0.00360031 0.000986428 0.000184317 0.00026415 6.51521e-09 1.73764e-09 4.84401e-10 3.2109e-10 1.04413e-10
threshold=0.57493501901626598 0.19169653952121737 294364.50000000006 0.4798665344715119 0.15557476878166202 0.59355890750885021 167848.00000000003 0.07659520581364633 0.049218667671084411 0.64331087470054638 0.41139391064643865 0.44247762858867651 36.163263320922859 74.405849456787124 0.28787380456924444 0.46717572212219244 1.0000000180025095e-35 0.52309364080429088 0.19391462206840518 0.45958238840103155 48.068992614746101 0.043201448395848281 0.41312573850154882 0.93169680237770092 0.38773168623447424 0.1369118541479111 1.6684128046035769
decision_type=2 2 2 2 2 2 2 2 2 2 2 2 2 2 2 2 2 2 2 2 2 2 2 2 2 2 2
left_child=1 2 3 -1 5 -3 8 -8 -2 -5 -10 -12 -13 14 15 -6 -17 18 -18 -9 21 -7 -21 24 -4 -24 -27
right_child=6 4 23 9 13 20 7 19 10 -11 11 12 -14 -15 -16 16 17 -19 -20 22 -22 -23 25 -25 -26 26 -28
leaf_value=-0.10013165899846475 0.076644772041244161 0.06282113178284332 -0.10002509040645034 -0.036672906452282161 -0.079655130289711204 -0.056630402146616687 -0.032447269487062252 0.056270285479502469 0.040737919761689563 0.052388613929773342 -0.063812509219207225 0.078793029380924418 -0.0254445148497594 -0.063719206219028532 0.10007248558834321 -0.065865611566980634 -0.10001623766259467 0.10007810234063255 0.10007082781108881 0.10016516978681352 -0.10018651804178075 -0.10004421283330354 0.10006367379734056 -0.10009530707744935 -0.10006121184229125 0.10004589034380287 0.10002452815291162
leaf_weight=0.013416289532415249 0.012982815136638237 0.0073568567504480589 0.0086183344892560854 0.017344558435752333 0.0060861644851684096 0.0028913011901039445 0.010563556948909536 0.0067482552985893554 0.022045990748665645 0.023933834680065047 0.035731459989619907 0.014254170509047981 0.027999444830129505 0.0042680284386733538 0.01483974643269903 0.0021351639899194188 0.0015662240686111764 0.014012273226398975 0.0021119111916050315 0.0064474606988369479 0.01033649337477982 0.0027199464066711698 0.0057579822314437487 0.0094454918289557099 0.0065221734043916521 0.0039951470216692542 0.0053546945382549893
leaf_count=20 16 14 33 39 16 23 7 11 35 22 19 25 29 5 28 18 162 19 2 10 5 25 7 5 14 10 31
internal_value=0.000226027 -0.014568 -0.0401829 -0.0132666 0.0151545 -0.0433074 0.0146035 0.056455 0.000210201 0.0149663 -0.00971008 -0.0239715 0.00971981 0.0454177 0.0568479 0.032093 0.0663981 0.0823618 0.0148697 0.0896355 -0.0922656 -0.0776744 0.100081 -0.100062 -0.100041 0.100045 0.100034
internal_weight=0.299486 0.147605 0.0792807 0.0546947 0.0683241 0.0233046 0.151881 0.0388671 0.113014 0.0412784 0.100031 0.0779851 0.0422536 0.0450195 0.0407515 0.0259117 0.0198256 0.0176904 0.00367814 0.0283035 0.0159477 0.00561125 0.0215553 0.024586 0.0151405 0.0151078 0.00934984
internal_count=650 450 133 81 317 67 200 76 124 61 108 73 54 250 245 217 201 183 164 69 53 48 58 52 47 48 41
is_linear=0
shrinkage=0.1


Tree=146
num_leaves=28
num_cat=0
split_feature=14 37 12 38 36 38 5 5 4 13 38 19 35 38 36 18 5 50 36 45 4 0 33 38 9 37 44
split_gain=0.00603017 0.00867262 0.00984724 0.00967672 0.008773 0.00716286 0.011818 0.0105148 0.00926739 0.00933015 0.00913474 0.00834745 0.0109585 0.00370975 0.00360622 0.00887275 0.00288739 0.00271476 0.00079589 0.000598486 3.42016e-05 8.71736e-09 7.71646e-10 1.19451e-10 2.85087e-11 2.4685e-11 1.53043e-12
threshold=18.188277244567875 0.4747766256332398 13.500000000000002 0.46482186019420629 0.42065367102622991 0.44132974743843084 0.90155366063117992 3.4639766216278081 1.1331009864807131 38.084115982055671 0.45887735486030584 2.8818595409393315 0.6642146408557893 0.49614673852920538 0.15618037432432177 0.082694675773382201 1.1232842803001406 0.57710370421409618 0.17564202100038531 0.32455532252788549 0.7594682276248933 0.3784733265638352 0.46694310009479528 0.51051855087280285 -0.089204546064138399 0.41971646249294287 0.49962881207466131
decision_type=2 2 2 2 2 2 2 2 2 2 2 2 2 2 2 2 2 2 2 2 2 2 2 2 2 2 2
left_child=-1 3 5 -2 20 8 11 10 9 18 -8 12 13 -7 -12 16 -16 -4 -3 -20 -5 23 -19 -22 -25 -26 -27
right_child=1 2 17 4 -6 6 7 -9 -10 -11 14 -13 -14 -15 15 -17 -18 22 19 -21 21 -23 -24 24 25 26 -28
leaf_value=0.061445256040020504 0.045403623267400488 -0.10013453021389351 0.032303024034413999 -0.091317085453381727 0.020143806922548121 0.0014715814463737921 0.083550589754590593 0.098853791791355242 0.020532178937071117 -0.0048916909294231155 -0.092448897526867302 0.088888759832275066 0.066659560744430246 -0.081777530199399706 -0.083783072041967277 -0.076315596852787007 0.099984040055595205 0.10008517065144683 -0.087132227947313581 -0.044602410355189019 -0.10005159383999813 -0.10017070017863759 0.10003322141063908 -0.10003678258972169 -0.10003448177891019 -0.10001297450848533 -0.10001841521314246
leaf_weight=0.015225135288346792 0.0094228940602647526 0.016995529360428918 0.012012322408509135 0.0056875589988862876 0.0083039552700938657 0.012297332042180642 0.005092571618675378 0.0060814792000201115 0.030469224065654998 0.026915443958387186 0.017347665663805856 0.023690518606599653 0.020854726719335304 0.0094788730102663976 0.0010259135338372962 0.013015778473345563 0.0051324785567885556 0.0050389315838401671 0.0071613925829296932 0.0061504669002943047 0.0036426790723140812 0.010930207441560924 0.0066102153596148128 0.0022063509977670029 0.0010412063498392863 0.0010691672876532721 0.0010011349031202599
leaf_count=22 16 10 22 18 10 17 21 10 36 31 28 35 35 29 122 22 12 5 4 37 13 5 35 3 8 16 28
internal_value=0.000222171 -0.00324717 0.00462839 -0.0442336 -0.0691623 -0.00253083 0.0139954 -0.0239686 -0.0240183 -0.0477399 -0.0419177 0.0412977 0.0148508 -0.0347656 -0.0594129 -0.0295238 0.0693707 0.0656594 -0.0857927 -0.0674822 -0.0981554 -0.100111 0.100056 -0.100038 -0.100028 -0.100022 -0.100016
internal_weight=0.283901 0.268676 0.225371 0.0433052 0.0338823 0.201709 0.114017 0.0476959 0.0876921 0.0572228 0.0416144 0.0663215 0.0426309 0.0217762 0.0365218 0.0191742 0.00615839 0.0236615 0.0303074 0.0133119 0.0255783 0.0198907 0.0116491 0.00896054 0.00531786 0.00311151 0.0020703
internal_count=650 628 511 117 101 449 331 215 118 82 205 116 81 46 184 156 134 62 51 41 91 73 40 68 55 52 44
is_linear=0
shrinkage=0.1


Tree=147
num_leaves=24
num_cat=0
split_feature=0 15 34 15 8 38 35 1 1 39 23 36 35 24 36 44 43 24 36 0 4 45 15
split_gain=0.0056857 0.00605386 0.00791241 0.00872758 0.0090046 0.0126864 0.0125272 0.00978518 0.00850921 0.0128431 0.00821143 0.00651954 0.00508421 0.00128795 0.00102757 0.00102078 6.10354e-09 1.73934e-09 3.24113e-10 2.939e-10 1.01739e-10 4.53829e-11 2.0175e-11
threshold=0.064070925116539015 -1.2774457335472105 0.27326683700084692 -0.42866916954517359 59.954181671142585 0.52790078520774852 0.521297186613083 0.46976852416992193 0.22630448639392856 0.76393190026283275 0.22323232144117358 0.12577327340841296 0.58672088384628307 0.021363636478781704 0.2133997976779938 0.37425169348716741 0.41250000894069677 0.47641299664974218 0.19242680072784427 0.2612892240285874 0.19016331434249881 0.23864406347274783 -0.038129817694425576
decision_type=2 2 2 2 2 2 2 2 2 2 2 2 2 2 2 2 2 2 2 2 2 2 2
left_child=15 -2 13 -4 6 7 10 -6 9 11 -5 -8 -10 -3 -13 -1 -14 20 -18 -20 -17 -21 -22
right_child=1 2 3 4 5 -7 8 -9 12 -11 -12 14 16 -15 -16 17 18 -19 19 21 22 -23 -24
leaf_value=0.0084183742385630887 0.074243933290185471 -0.036833605716204282 -0.066477545325134488 -0.084351475327585509 -0.026828454091815807 -0.080443746397540122 -0.0089271308112167727 0.056698590228455893 0.022995762405261379 -0.043405518667935683 0.009385281539416571 0.057211394484818781 0.10014808445775998 -0.10009465958097924 0.10006532064408452 -0.10005598023956229 0.10005909914577937 -0.10013510354808197 0.10005762451419709 0.10003181573996918 -0.10003114215593144 0.10001231677534139 -0.10001352836366245
leaf_weight=0.0010005819405591856 0.011296488206426147 0.0053148626375332251 0.0165236615921458 0.013846401045157108 0.034379924061795464 0.023045498985879931 0.010838456564670196 0.023689615885814419 0.01199312786320661 0.021012260852330655 0.028749366912506957 0.0088098772230296163 0.0088090680656023324 0.0081584955516973423 0.015335042658080056 0.0010593374609015882 0.012615184708920424 0.0025924360647309186 0.0032062211539596319 0.0018415988888591528 0.0010008185228258526 0.0033924228334853979 0.0018566997775835148
leaf_count=24 17 12 15 25 39 25 15 27 18 34 34 12 8 32 36 2 20 31 4 4 40 39 137
internal_value=0.00017748 0.00262863 -0.00058729 0.00363164 0.00886019 -0.017667 0.0241807 0.00724662 0.0438851 0.0183894 -0.0210853 0.0555056 0.0779924 -0.0751399 0.084429 -0.0856169 0.100078 -0.100072 0.100049 0.100034 -0.10003 0.100019 -0.10002
internal_weight=0.270367 0.262858 0.251561 0.238088 0.221564 0.081115 0.140449 0.0580695 0.0978533 0.0559956 0.0425958 0.0349834 0.0418576 0.0134734 0.0241449 0.00750987 0.0298645 0.00650929 0.0210554 0.00844024 0.00391686 0.00523402 0.00285752
internal_count=650 416 399 355 340 91 249 66 190 97 59 63 93 44 48 234 75 210 67 47 179 43 177
is_linear=0
shrinkage=0.1


Tree=148
num_leaves=30
num_cat=0
split_feature=50 36 4 11 35 10 38 28 36 38 38 47 38 28 35 14 18 3 24 38 19 35 0 10 3 3 1 8 35
split_gain=0.00553684 0.00964937 0.00858577 0.00945138 0.0139208 0.00892148 0.00773025 0.00853736 0.0117026 0.0076473 0.0109269 0.00930634 0.00642259 0.00617535 0.00538931 0.00515807 0.00119593 0.000746125 0.000212583 3.48397e-09 2.16394e-09 1.07883e-09 4.66995e-10 4.61697e-10 2.58428e-10 2.02735e-10 5.59942e-11 2.02374e-11 5.23634e-12
threshold=0.57493501901626598 0.091412179172039046 0.45355540513992315 0.74889570474624645 0.57720297574996959 -0.068299319595098482 0.35952535271644598 180350.59375000003 0.07659520581364633 0.43906790018081671 0.52790078520774852 0.41118036210536962 0.57659789919853222 8236.0756835937518 0.52309364080429088 30.559348106384281 0.0043338353279978046 0.18602897226810458 0.60898876190185558 0.41312573850154882 4.7099204063415536 0.70147040486335765 0.28046494722366339 0.18503766506910327 9.91369676589966 1.6425585150718691 0.18887956440448764 60.693319320678718 0.51124638319015514
decision_type=2 2 2 2 2 2 2 2 2 2 2 2 2 2 2 2 2 2 2 2 2 2 2 2 2 2 2 2 2
left_child=1 12 14 4 5 -4 -2 9 -9 15 11 -11 17 -7 -3 -8 -10 -1 20 -18 22 -19 24 -13 26 -21 27 28 -15
right_child=6 2 3 -5 -6 13 7 8 16 10 -12 23 -14 18 -16 -17 19 21 -20 25 -22 -23 -24 -25 -26 -27 -28 -29 -30
leaf_value=-0.06293442138601095 0.10009879140993475 -0.0014124396962428109 0.058490168040958718 -0.083335500092228273 0.061254841356609281 0.051203571591640511 -0.072890909015609226 -0.050039157506628767 0.047940535723479658 -0.012599130542838941 -0.049439322713099976 0.1000575239594883 0.0065046014928156343 -0.10000693539209436 0.095748065169767069 -0.0055370801278643049 0.10012922740663431 -0.10002506667455083 -0.065812489261671908 0.10005099898252381 -0.10013317562286511 -0.10007684602936627 -0.10007460318508886 0.10008920857604264 -0.1000654556403065 0.10002394450600381 -0.1000356541340395 -0.10002767853097594 -0.1000157618158567
leaf_weight=0.0081205362334912934 0.0097577381566225085 0.0099188152812530461 0.0066986549027205902 0.01586506049198988 0.023783564643053978 0.0033578827733720109 0.021278110063576605 0.0083582589577417821 0.0058121326665059305 0.012184213512227871 0.014816216968029039 0.0090271594638124952 0.010293537389543417 0.0012801701885223338 0.013450622340315022 0.024417804202130355 0.0069051577538630218 0.0089740696089393168 0.0020373625539349396 0.0062094332406559261 0.0038935444854359949 0.0072946261789184055 0.0042639582534320661 0.0093752671127731446 0.0019610156305134296 0.0050002539583147154 0.0024383799504903436 0.0010973925091093406 0.0014151399664115161
leaf_count=12 19 14 18 18 37 36 15 6 14 10 16 30 22 179 33 27 8 37 19 11 4 7 4 11 1 33 4 2 3
internal_value=0.000191939 -0.014821 0.00221055 -0.0157387 0.00479525 -0.0424145 0.0144158 0.00763964 0.0518258 -0.00801987 0.0210468 0.0551904 -0.0597346 -0.0734989 0.0545097 -0.0369001 0.0874097 -0.087691 -0.0962724 0.100073 -0.100068 -0.100048 -0.100048 0.100074 -0.100034 0.100039 -0.100024 -0.100016 -0.100012
internal_weight=0.259286 0.126144 0.0914616 0.0680921 0.0522271 0.0284435 0.133142 0.123384 0.0322852 0.0910988 0.0454029 0.0305866 0.0346828 0.0217448 0.0233694 0.0456959 0.023927 0.0243892 0.018387 0.0181148 0.0163496 0.0162687 0.0124561 0.0184024 0.0081921 0.0112097 0.00623108 0.0037927 0.00269531
internal_count=650 450 372 325 307 270 200 181 72 109 67 51 78 252 47 42 66 56 216 52 197 44 193 41 189 44 188 184 182
is_linear=0
shrinkage=0.1


Tree=149
num_leaves=29
num_cat=0
split_feature=1 11 35 3 34 22 36 39 45 22 24 33 9 3 3 24 6 19 37 36 50 45 37 33 0 5 37 11
split_gain=0.00506522 0.00942456 0.0137299 0.0130924 0.0139894 0.009597 0.00787199 0.00998919 0.00797198 0.0072638 0.00586431 0.00377205 0.00332781 0.003252 0.000632402 0.000233128 5.77176e-05 1.08458e-08 6.38577e-09 5.57721e-10 2.80635e-10 1.65668e-10 5.35398e-11 3.80793e-11 3.1007e-11 6.1621e-12 3.05275e-12 1.18914e-12
threshold=0.17397624254226687 0.7140645980834962 0.48399372398853308 0.045225491747260101 0.30347077548503881 35.589523315429695 0.3855408132076264 0.56125000119209301 0.67364367842674266 -15.761177062988279 0.21671747416257861 0.39948937296867376 -0.048662086948752396 1.6684128046035769 0.28468202054500585 0.35857142508029943 43.078824996948249 3.4087134599685673 0.48955035209655767 0.15379399061203006 0.80384615063667308 0.40339109301567083 0.44577266275882726 0.75763800740242015 0.21851372718811038 0.50505730509758007 0.59145426750183117 0.43157240748405462
decision_type=2 2 2 2 2 2 2 2 2 2 2 2 2 2 2 2 2 2 2 2 2 2 2 2 2 2 2 2
left_child=6 2 -2 -4 -5 10 8 -8 11 -6 -3 -1 15 14 -14 -13 -11 20 -18 -20 22 -21 -16 25 -23 -24 -26 -27
right_child=1 5 3 4 9 -7 7 -9 -10 16 -12 12 13 -15 17 -17 18 -19 19 21 -22 24 23 -25 26 27 -28 -29
leaf_value=0.040721091864545672 -0.034954735960958848 -0.0018189101044675958 -0.0562990339732116 -0.051906815497966219 0.012981855990591937 0.039655500568511234 -0.037440384770927176 0.088908393019564602 0.064668890981634405 0.090276501400040385 -0.070843630956785905 0.048343212284963306 -0.05466579013618228 0.011165237032012941 -0.10003648996447581 -0.0040885420676888447 0.10013812964381069 -0.10016606871580398 0.10006042475462872 0.10004316708910782 -0.10006619558759913 0.10002632133507038 -0.100017499211957 -0.10002810909757985 0.10000536737331465 -0.10001085894184347 0.10001243371655724 -0.1000060179562061
leaf_weight=0.0031330992412676997 0.026200254965260683 0.021004329486459028 0.010400009152363054 0.0090729488865690655 0.012430838714863057 0.019911610766939702 0.013335189033568895 0.011789211365794472 0.0054636338604154835 0.0070285573601722709 0.029730990032476257 0.0015726539317739699 0.0034868617617576083 0.0032375903392676255 0.0025134073274060142 0.0018404329123313801 0.011774834827519953 0.014872687634692738 0.020333783179012244 0.0050915690917463508 0.0019830614328384408 0.0018416368066027644 0.0011776043975260109 0.0025541993672959507 0.0011387252384338353 0.0010015058853696246 0.0013201213414504309 0.0010285215021212935
leaf_count=12 33 29 9 13 24 30 21 23 30 15 22 34 12 4 24 8 13 15 30 13 1 8 5 5 26 6 15 170
internal_value=0.000202633 0.00914918 0.0279164 0.0483961 0.0639435 -0.0191778 -0.022787 0.0218467 -0.0483515 0.081186 -0.0422675 -0.0644316 -0.0737729 -0.0838276 -0.0945743 0.0200705 0.0986566 -0.100112 0.100076 0.100051 -0.100032 0.100031 -0.100024 -0.100019 0.100017 -0.100012 0.100009 -0.100008
internal_weight=0.24627 0.17728 0.106633 0.080433 0.070033 0.0706469 0.0689897 0.0251244 0.0438653 0.0609601 0.0507353 0.0384016 0.0352685 0.0318554 0.0286178 0.00341309 0.0485292 0.025131 0.0415007 0.0297258 0.0102583 0.00939205 0.00827524 0.00576183 0.00430048 0.00320763 0.00245885 0.00203003
internal_count=650 280 199 166 157 81 370 44 326 144 51 296 284 242 238 42 120 226 105 92 211 62 210 186 49 181 41 176
is_linear=0
shrinkage=0.1


Tree=150
num_leaves=28
num_cat=0
split_feature=50 34 11 34 38 10 12 28 37 35 24 19 44 21 11 19 28 28 39 45 1 34 23 23 47 43 10
split_gain=0.00494037 0.00890854 0.0108921 0.0118356 0.00855844 0.00837877 0.00693841 0.00845908 0.00701666 0.006916 0.00970661 0.0064406 0.00591767 0.00572659 0.00140235 0.00470454 0.000712699 0.000375771 1.33809e-09 5.21874e-10 2.66009e-10 1.13249e-10 9.94567e-11 6.0908e-11 2.45544e-11 1.39816e-11 4.86165e-12
threshold=0.57493501901626598 0.98341494798660289 0.64722904562950145 0.62248295545578014 0.53337755799293529 -0.068299319595098482 6.5000000000000009 167848.00000000003 0.5632004737854005 0.59492358565330516 0.6659226417541505 0.42912270128726965 0.79558160901069652 -0.023366617038846012 0.32258047163486486 1.9508957266807558 66318.000000000015 587.85714721679699 0.99999994039535534 0.39773635566234594 0.28682428598403936 0.85495689511299144 0.98074075579643261 0.20000001043081286 0.49661673605442053 0.51249998807907116 -0.047551885247230523
decision_type=2 2 2 2 2 2 2 2 2 2 2 2 2 2 2 2 2 2 2 2 2 2 2 2 2 2 2
left_child=1 2 3 4 5 -1 7 8 11 10 14 -2 -9 -8 -7 22 -4 -6 20 -15 23 -21 24 -19 -16 -23 -25
right_child=6 -3 16 -5 17 9 13 12 -10 -11 -12 -13 -14 19 15 -17 -18 18 -20 21 -22 25 -24 26 -26 -27 -28
leaf_value=0.08043427741653919 0.0057139846764019233 0.061588109501948443 -0.065872811839662981 0.056312046513157625 -0.056268738759769725 -0.10007129592426521 -0.014878283944961178 0.10007060682818399 0.033428952001429174 0.067566223867701142 0.083031934543382702 -0.064409552818203805 0.0009113291388445409 0.10006971765689648 -0.10001217672814887 0.085035574316881676 -0.10009807401676832 -0.10002976873728403 -0.10011614281341051 0.10004466512425864 -0.10005540717891169 0.10002711593037977 -0.10004968749096935 -0.10001402923450063 -0.10003179318794367 0.10001730536471572 -0.10000459432248753
leaf_weight=0.0087050242314035131 0.023689670530984586 0.013512047535186866 0.01205381106274217 0.021627579591950052 0.0022982890586717977 0.014039692611277133 0.006118083267210749 0.013162771290353703 0.022663322061362123 0.005800915374493342 0.0042937585058737673 0.029294429728906834 0.011088417229984771 0.005435798899270595 0.0017518230772495249 0.0019717468267117511 0.012285716700489502 0.0044847683823121542 0.0025375922916452973 0.0036378729801072041 0.0041236235465476057 0.0028794389040740498 0.0017724473476263825 0.0011153846396609879 0.0010036915615643238 0.0029317486414583982 0.0010701318290671225
leaf_count=18 23 24 19 38 6 22 4 28 36 14 21 30 21 6 64 7 24 27 7 12 5 14 12 10 68 26 64
internal_value=0.000225675 -0.0146657 -0.0248736 -0.00635601 -0.0310128 -0.00614126 0.0143222 0.00333783 -0.0131382 -0.0307427 -0.0537072 -0.0330567 0.0547318 0.0665683 -0.0822925 -0.0438895 -0.0831485 -0.0936129 -0.100051 0.100045 -0.100035 0.100031 -0.100031 -0.100023 -0.100019 0.100022 -0.100009
internal_weight=0.23535 0.114448 0.100936 0.0765965 0.0549689 0.0393391 0.120902 0.0998986 0.0756474 0.0306341 0.0248332 0.0529841 0.0242512 0.0210029 0.0205394 0.00649971 0.0243395 0.0156298 0.0133315 0.0148849 0.0107939 0.00944906 0.00452796 0.00667028 0.00275551 0.00581119 0.00218552
internal_count=650 450 426 383 345 226 200 138 89 208 194 53 49 62 173 151 43 119 113 58 106 52 144 101 132 40 74
is_linear=0
shrinkage=0.1


Tree=151
num_leaves=31
num_cat=0
split_feature=14 37 38 36 12 24 24 35 48 15 37 0 14 51 1 50 37 28 0 2 37 16 10 0 17 35 37 19 1 15
split_gain=0.00484021 0.00634667 0.00678182 0.00709111 0.00641885 0.00529577 0.00697089 0.00608648 0.0112198 0.0109807 0.010622 0.00692446 0.00726358 0.00594899 0.00537461 0.00321206 0.00285942 0.00147972 0.00320945 0.000573176 0.00033483 3.79932e-05 7.58828e-07 2.52866e-09 1.84634e-09 1.19088e-09 5.2844e-10 3.61028e-10 1.13157e-10 8.01749e-11
threshold=18.014092445373539 0.4747766256332398 0.46482186019420629 0.42065367102622991 13.500000000000002 0.65758931636810314 0.58297100663185131 0.56283041834831249 0.25000000745058065 -0.23209135234355924 0.56926703453063976 0.25704541802406317 46.508945465087898 0.22373189032077792 0.1281738951802254 0.52281171083450328 0.50200554728508007 473909.50000000006 0.14311218261718753 0.11529540270566942 0.49245001375675207 -0.12483112886548041 0.029161991551518444 0.3784733265638352 33.601255416870124 0.40770047903060919 0.5080624818801881 -2.4595841169357295 0.20010399073362353 -0.012570244260132311
decision_type=2 2 2 2 2 2 2 2 2 2 2 2 2 2 2 2 2 2 2 2 2 2 2 2 2 2 2 2 2 2
left_child=-1 2 -2 21 5 6 7 10 9 -9 13 12 -11 -3 -12 -13 -6 20 -19 -18 -15 -4 25 28 -17 -22 -26 -27 -23 -29
right_child=1 4 3 -5 16 -7 -8 8 -10 11 14 15 -14 17 -16 24 19 18 -20 -21 22 23 -24 -25 26 27 -28 29 -30 -31
leaf_value=0.06467532412261677 0.044230121396417903 0.016676326244304457 -0.088870611546553513 0.020272000220144342 -0.0011034749798824826 0.063849572113802766 -0.10010305837305492 -0.05796440887403375 -0.046642695404342405 0.061322925008257895 -0.02656216746177429 0.028701486599189259 -0.043808838933745452 -0.068433778303647594 0.10007491653952694 0.10011293318397776 0.056925781045679129 0.09409341930235747 -0.083311823872527752 0.10004893954669639 -0.10011371827252123 -0.10002336855089539 -0.098495511620328713 -0.10011392288145304 0.1000770397723682 -0.10008244593144876 0.1000393828274931 -0.10004487031055974 -0.10004647697668201 -0.10002064076184072
leaf_weight=0.011065738699471694 0.0069773720231864891 0.0078037586663413086 0.0037686719134910592 0.0068988102575531221 0.0055214434887602684 0.011283674384834796 0.0076620668943405681 0.011182020924024982 0.023784201220223622 0.014047323863906058 0.0060127160130889479 0.0085801923596591223 0.012349061598797562 0.0042390283921349683 0.0075717790114140371 0.0082233575503778411 0.0048281024628522582 0.0014155591905335987 0.0036471271268965211 0.0085238111664693861 0.004269002005457879 0.0058010896152751491 0.0039359024811744794 0.0063599662389606229 0.0061850898819102449 0.0025377276816698179 0.0093750093583366834 0.0051134732753439459 0.0033385969054506859 0.0018633209020180244
leaf_count=20 16 10 12 10 14 39 8 15 27 34 32 20 15 16 12 10 14 65 10 35 2 70 14 4 8 4 39 31 5 39
internal_value=0.00019174 -0.00315674 -0.0433689 -0.0667269 0.00424964 -0.00221507 -0.00719146 -0.0021829 0.012689 0.0328651 -0.0309766 0.0501499 0.012139 -0.0602325 0.0440233 0.0811523 0.059425 -0.082444 -0.0337082 0.0844554 -0.0936804 -0.0978759 -0.0997201 -0.100066 0.100075 -0.10007 0.100054 -0.10005 -0.100032 -0.100038
internal_weight=0.224165 0.213099 0.0331445 0.0261671 0.179955 0.161081 0.149798 0.142136 0.0937263 0.0699421 0.0484094 0.05876 0.0263964 0.0348249 0.0135845 0.0323636 0.0188734 0.0270211 0.00506269 0.0133519 0.0219585 0.0192683 0.0177194 0.0154997 0.0237835 0.0137835 0.0155601 0.00951452 0.00913969 0.00697679
internal_count=650 630 117 101 513 450 411 403 168 141 235 126 49 191 44 77 63 181 75 49 106 91 90 79 57 76 47 74 75 70
is_linear=0
shrinkage=0.1


Tree=152
num_leaves=27
num_cat=0
split_feature=7 7 34 38 13 10 37 23 36 34 17 45 35 43 7 14 34 17 24 3 34 23 37 0 0 36
split_gain=0.00671691 0.00954919 0.00695454 0.00983877 0.00929323 0.0077728 0.00995017 0.00810452 0.00999429 0.00988304 0.00764774 0.00764145 0.00637879 0.00585408 0.00225109 0.00195364 0.00427532 0.000694064 0.00106811 9.20336e-05 8.31436e-05 9.27767e-06 4.70105e-06 6.32333e-10 6.08032e-10 1.03535e-10
threshold=84.483837127685561 75.444778442382827 0.87514966726303112 0.42202435433864599 63.246479034423835 -0.071251668035984025 0.4798665344715119 0.83806404471397411 0.097786568105220809 0.30347077548503881 29.943345069885257 0.87430891394615184 0.5642564892768861 0.56250000000000011 29.854283332824711 20.568788528442386 0.56837493181228649 22.652546882629398 0.068729333579540267 0.67398676276206981 0.56305319070816051 0.26520738005638128 0.49540495872497564 0.3784733265638352 0.48742888867855078 0.2133997976779938
decision_type=2 2 2 2 2 2 2 2 2 2 2 2 2 2 2 2 2 2 2 2 2 2 2 2 2 2
left_child=1 2 4 13 5 10 15 8 -8 -10 -1 22 19 -4 -11 16 23 18 -16 -9 -19 -17 -5 -7 25 -24
right_child=-2 -3 3 11 -6 6 7 12 9 14 -12 -13 -14 -15 17 21 -18 20 -20 -21 -22 -23 24 -25 -26 -27
leaf_value=-0.010127844909552784 0.10005388664420985 -0.067708412593909889 0.03109103040450948 0.096686625320829916 -0.095209241322357585 -0.10003281078182009 -0.041867394455422535 -0.083238111294570483 -0.10010380070121375 -0.00694494384955208 0.088854799255553008 -0.0089578772146215093 0.026447807741520443 -0.063655489102357188 -0.040897712255124119 -0.10005670210881001 0.10003880374480995 0.087419020076947629 0.085062638825431441 -0.10008285819411995 0.10008550896347762 -0.09472640533586843 0.10004306755737989 -0.10012874130324345 0.10007239525029346 0.10002439444877789
leaf_weight=0.014811787496341822 0.0065274140124529359 0.020523811632870093 0.014013554424309405 0.0054010281564842435 0.011381892314602737 0.0014779383685379335 0.014819651703191994 0.0061029687985865166 0.0034929881721836855 0.0027607210031419518 0.016502519842106267 0.0090210959269825253 0.0069500993140536585 0.012197386182378978 0.0010014359158105881 0.0093893117832521966 0.0017402110970579088 0.0089541862889745971 0.0020539664013199399 0.0069227275458771942 0.01230199376004748 0.0050065789439486261 0.0060548540495801717 0.0012841364368796349 0.0062725859443162326 0.0058266913702027523
leaf_count=25 16 24 35 11 18 55 39 12 9 5 31 16 20 10 44 24 3 19 92 29 24 29 12 1 13 34
internal_value=0.000180673 -0.00297987 0.00417238 0.032608 -0.00899487 -0.000504301 -0.016314 0.00216416 0.0255257 0.0582014 0.0420356 0.0693041 -0.0509132 -0.0129997 0.0786266 -0.0802221 -0.022729 0.0883438 0.043778 -0.0921905 0.0947497 -0.0982029 0.0992767 -0.100077 0.100047 0.100034
internal_weight=0.212794 0.206266 0.185742 0.0587872 0.126955 0.115573 0.0842589 0.0653607 0.0453849 0.0305653 0.0313143 0.0325763 0.0199758 0.0262109 0.0270723 0.0188982 0.00450229 0.0243116 0.0030554 0.0130257 0.0212562 0.0143959 0.0235552 0.00276207 0.0181541 0.0118815
internal_count=650 634 610 131 479 461 405 293 232 193 56 86 61 45 184 112 59 179 136 41 43 53 70 56 59 46
is_linear=0
shrinkage=0.1


Tree=153
num_leaves=27
num_cat=0
split_feature=13 7 7 34 6 6 11 37 9 34 11 36 48 17 10 43 23 1 44 4 0 0 22 50 0 28
split_gain=0.00448096 0.00651792 0.00739206 0.0067234 0.00863219 0.00866571 0.00802627 0.00902771 0.00670684 0.00641851 0.00946116 0.00677976 0.00754832 0.00575549 0.00443895 0.00325694 0.0012217 0.000995447 2.57082e-09 1.48956e-09 5.54203e-10 4.49666e-10 1.16203e-10 1.1036e-10 6.69175e-11 6.03569e-12
threshold=17.360984802246097 84.483837127685561 83.545612335205092 0.98341494798660289 62.58076477050782 68.230693817138686 0.61459901928901683 0.53892579674720775 0.075831089168787016 0.54695308208465587 0.29325392842292791 0.13919071108102801 1.0000000180025095e-35 54.941690444946296 -0.0088544576428830606 0.43750000000000006 0.38605777919292456 0.10919116437435152 0.26915536820888525 4.9955046176910409 0.19012193381786349 0.41853447258472448 12.071191787719728 0.56434127688407909 0.2728471457958222 11626.500000000002
decision_type=2 2 2 2 2 2 2 2 2 2 2 2 2 2 2 2 2 2 2 2 2 2 2 2 2 2
left_child=-1 2 3 6 22 -6 7 9 16 11 -11 18 15 17 -14 -13 -8 -9 -2 21 -19 24 -5 -20 25 -17
right_child=1 -3 -4 4 5 -7 8 13 -10 10 -12 12 14 -15 -16 19 -18 20 23 -21 -22 -23 -24 -25 -26 -27
leaf_value=0.062949218542935018 -0.10012241596707726 0.10004875781336553 -0.10040727395472378 0.1000332383722141 -0.058715321070394615 0.059682087698064913 -0.099870329136067901 0.035694136513613819 0.0020566853147317094 -0.034999394585720538 0.064864133419274134 0.011955597217169713 0.094506193721512269 -0.045756418744991235 -0.026669318739352112 -0.10002185199643206 -0.056340563898124675 0.10007007136828978 -0.10001829487106868 -0.10015763507377724 0.10002926192155942 -0.1000784573619401 0.10005200086570305 -0.10004129849066581 -0.10004271511023757 -0.10001152461144872
leaf_weight=0.010770569590022205 0.0047083122658477814 0.0059065357795589071 0.0080453762784600258 0.0062721924641664373 0.012467326110709109 0.012261865659638715 0.014374141583743949 0.0029258904673525868 0.015904191811387136 0.01841244675051712 0.019571022590298526 0.0037102789956406932 0.0072499668453147592 0.003960974437177355 0.0051852218924466342 0.0010756339219710753 0.011691971102180787 0.0060076357985963114 0.0040990322062270934 0.0015714048640802503 0.0074598564133339096 0.0031076042214408517 0.0069681210698036011 0.0042457513027329696 0.0016868799575604498 0.0011941940951700758
leaf_count=21 10 16 2 24 16 36 25 50 24 25 36 11 29 12 20 26 23 9 34 1 39 2 16 7 2 134
internal_value=0.000201635 -0.00335416 -0.00667063 -0.00238843 0.0348804 -8.46424e-06 -0.0126321 0.00329148 -0.0491198 -0.0125833 0.0164554 -0.0417365 -0.0110137 0.0624233 0.0439785 -0.0664032 -0.080345 0.0885617 -0.100063 -0.10007 0.100047 -0.10005 0.100043 -0.10003 -0.100028 -0.100016
internal_weight=0.200834 0.190064 0.184157 0.176112 0.0379695 0.0247292 0.138142 0.0961721 0.0419703 0.0758177 0.0379835 0.0378343 0.0247812 0.0203544 0.0124352 0.012346 0.0260661 0.0163934 0.0130531 0.00863572 0.0134675 0.00706431 0.0132403 0.00834478 0.00395671 0.00226983
internal_count=650 629 613 611 92 52 519 447 72 337 61 276 225 110 49 176 48 98 51 165 48 164 40 41 162 160
is_linear=0
shrinkage=0.1


Tree=154
num_leaves=28
num_cat=0
split_feature=36 50 23 16 10 34 2 16 35 3 51 35 36 43 35 1 50 37 22 24 0 22 16 3 10 33 36
split_gain=0.00409672 0.00985952 0.00573792 0.00539794 0.00770671 0.00793934 0.00605508 0.00630629 0.0057977 0.00806917 0.00713575 0.00681929 0.00545878 0.00522883 0.00802163 0.00409654 0.00404276 0.00178999 7.73827e-05 4.34913e-05 2.04118e-09 4.34384e-10 1.67289e-10 1.04286e-10 3.5185e-11 2.93428e-11 8.35876e-12
threshold=0.13332176953554156 0.51756414771080028 0.18274585157632831 -1.0064286291599271 -0.26832531392574305 0.27326683700084692 0.50680953264236461 0.64803576469421398 0.521297186613083 0.88366153836250316 0.50840476155281078 0.46737182140350347 0.51789855957031261 0.58750000596046459 0.5642564892768861 0.26696094870567327 0.66358378529548656 0.48374915122985845 16.761256217956547 0.018111858516931537 0.44810394942760473 11.262667179107668 0.012530235573649408 8.7934122085571307 -0.046404711902141564 0.59411737322807323 0.18935381621122363
decision_type=2 2 2 2 2 2 2 2 2 2 2 2 2 2 2 2 2 2 2 2 2 2 2 2 2 2 2
left_child=1 2 -1 -2 -5 -6 7 8 11 17 -11 -7 -12 14 -3 18 -16 -10 21 -4 25 23 -19 24 -13 -21 -26
right_child=3 13 19 4 5 6 -8 -9 9 10 12 15 -14 -15 16 -17 -18 22 -20 20 -22 -23 -24 -25 26 -27 -28
leaf_value=0.00655814849324113 0.10007633468529493 -0.039003046552481838 -0.089508363308605593 -0.10018382681627963 -0.1000657790202594 0.049624211318775327 0.10003698869406037 -0.06606917087937704 0.044270480951231178 0.10003150446476131 -0.058903174412860915 -0.10003059622796949 0.054132130821724439 -0.038605867842849112 0.021601210577101362 0.059942790302152077 0.10005164322661778 0.10003283411299929 -0.070761301826556891 -0.10001387383193293 -0.10009920216702264 -0.10009896923123665 0.10005291944043485 -0.10004918721972984 -0.10002183278398645 -0.10002680330343255 -0.10001114659715689
leaf_weight=0.0075126701458430025 0.006678677018499001 0.012352708721664385 0.0055654743869126824 0.0062632819171994916 0.0057018492132385737 0.0077681478687736663 0.0088738220742925478 0.0089639893762978318 0.0088099730928661302 0.0057711414337973102 0.014574262977703256 0.0028542322901330399 0.0060441713023919865 0.0173252907989081 0.013906936772400513 0.0019956959586124876 0.012448978806787636 0.0084519200754584745 0.0010045496271686724 0.003618646953498228 0.0061015786486677825 0.0010044450122066459 0.0081409882786829257 0.0019572086166590452 0.0011818713208526796 0.0034086374726030044 0.0019228867281952944
leaf_count=21 14 20 19 3 24 9 38 8 14 24 37 25 35 12 17 4 23 33 10 32 4 5 16 2 6 8 187
internal_value=0.000190581 -0.0166246 -0.0672538 0.0129996 0.00725774 0.0143397 0.021643 0.0129954 0.0229104 0.0404698 0.00174347 -0.0232801 -0.0257675 0.00705459 0.0274914 -0.0707875 0.0586566 0.0807003 -0.097074 -0.0969165 -0.100057 -0.100037 0.100043 -0.100029 -0.100023 -0.10002 -0.100015
internal_weight=0.190204 0.0822409 0.026207 0.107963 0.101284 0.0950212 0.0893193 0.0804455 0.0714815 0.0517925 0.0263896 0.019689 0.0206184 0.0560339 0.0387086 0.0119209 0.0263559 0.0254029 0.00992519 0.0186943 0.0131289 0.00892064 0.0165929 0.0079162 0.00595899 0.00702728 0.00310476
internal_count=650 156 84 494 480 477 453 415 407 159 96 248 72 72 60 239 40 63 235 63 44 225 49 220 218 40 193
is_linear=0
shrinkage=0.1


Tree=155
num_leaves=23
num_cat=0
split_feature=1 11 7 22 24 36 39 45 35 3 22 11 12 19 39 0 19 19 36 44 33 13
split_gain=0.0036822 0.00690945 0.00914989 0.00637402 0.00608909 0.00578849 0.00667627 0.00575393 0.0050582 0.00680073 0.00601458 0.00237708 0.00289721 0.000617792 7.15831e-05 3.8612e-07 4.71095e-09 1.14455e-10 1.49785e-10 9.50281e-11 4.82037e-11 7.93951e-12
threshold=0.17397624254226687 0.7140645980834962 51.710544586181648 35.589523315429695 0.13636363297700885 0.3855408132076264 0.56125000119209301 0.67364367842674266 0.48399372398853308 0.18270511925220492 -15.761177062988279 0.21956030279397967 8.5000000000000018 1.0231114625930788 0.086309526115655913 0.23741702735424045 3.4087134599685673 -3.0809792280197139 0.10937060043215753 0.79132759571075451 0.54758542776107799 43.612174987792976
decision_type=2 2 2 2 2 2 2 2 2 2 2 2 2 2 2 2 2 2 2 2 2 2
left_child=5 2 8 4 -3 7 -7 11 -2 -10 -11 -1 14 -12 -13 -15 19 -4 -19 21 -20 -16
right_child=1 3 17 -5 -6 6 -8 -9 9 10 13 12 -14 15 16 -17 -18 18 20 -21 -22 -23
leaf_value=-0.0024696594671629983 -0.031454091270583524 0.012297362806990751 0.10005203052332023 0.03730187183497332 -0.06994900372614464 -0.034231595456363201 0.087790212410006008 0.062377465550461454 -0.026726416909743797 -0.0097435328836695222 0.060700565565107369 -0.07427484876442994 -0.013759329713873468 0.09902450902107407 -0.10000697629084961 0.10007006619901503 -0.10013141088192562 0.10004493977635043 0.10003176135576085 -0.10003839114832039 0.10000949656078487 -0.10001621992049031
leaf_weight=0.0049888130936324151 0.018911330509808977 0.014211127869202755 0.0053679435059166289 0.014822146275946579 0.024555477812100435 0.0096756402695064025 0.0083565778413685621 0.0040702817018427586 0.013983849392388947 0.0090118661228189012 0.0056925529497675589 0.0011504863523015265 0.0052710978607137795 0.0062233848079813478 0.0013374723740220409 0.0081674270502389845 0.0095453434105365886 0.0051045289983449038 0.0017021257081069052 0.0023304990781269908 0.0022681555035433121 0.0030439820980063814
leaf_count=15 33 25 11 30 26 21 23 30 19 25 16 37 19 17 187 25 13 9 5 15 39 10
internal_value=0.000202991 0.0090571 0.0283594 -0.0184736 -0.039799 -0.0229279 0.0223163 -0.0486338 0.0116589 0.0305851 0.0581304 -0.064965 -0.0787125 0.0885869 -0.0983804 0.0996179 -0.100086 0.10004 0.100034 -0.100022 0.100019 -0.100013
internal_weight=0.179792 0.130022 0.0764332 0.0535888 0.0387666 0.0497702 0.0180322 0.031738 0.0619904 0.0430791 0.0290952 0.0276677 0.0226789 0.0200834 0.0174078 0.0143908 0.0162573 0.0144428 0.00907481 0.00671195 0.00397028 0.00438145
internal_count=650 280 199 81 51 370 44 326 135 102 83 296 281 58 262 42 225 64 53 212 44 197
is_linear=0
shrinkage=0.1


Tree=156
num_leaves=26
num_cat=0
split_feature=50 36 47 3 35 17 38 5 38 16 0 22 45 35 28 2 36 0 3 33 18 13 43 3 22
split_gain=0.00364428 0.0070751 0.00638844 0.00623451 0.00591235 0.00634165 0.00585709 0.00782996 0.00588221 0.00742279 0.00621184 0.00516773 0.0033495 0.00293817 0.00127168 7.2034e-10 2.93888e-10 2.66758e-10 8.12943e-11 7.11953e-11 2.7831e-11 9.54824e-12 4.74982e-12 3.01018e-12 2.3627e-12
threshold=0.57493501901626598 0.12613204121589663 0.58146181702613842 0.26782476902008062 0.521297186613083 37.322582244873054 0.41139391064643865 0.36505883932113653 0.42202435433864599 0.0022668623132631187 0.26366481184959417 0.99530029296875011 0.23864406347274783 0.56283041834831249 13418646.500000002 0.32076001167297369 0.094260860234498992 0.24966639280319217 8.7934122085571307 0.66083407402038585 0.0048411062452942142 35.925804138183601 0.43750000000000006 1.6959878802299502 -6.1747775077819815
decision_type=2 2 2 2 2 2 2 2 2 2 2 2 2 2 2 2 2 2 2 2 2 2 2 2 2
left_child=1 3 4 -1 12 -6 11 -8 -9 13 -11 -2 -3 -10 17 19 -13 18 20 21 22 -5 -14 -22 -24
right_child=6 2 -4 15 5 -7 7 8 9 10 -12 16 14 -15 -16 -17 -18 -19 -20 -21 23 -23 24 -25 -26
leaf_value=-0.011227867186002147 -0.0062470959144396701 0.10003550222722241 0.070565780895331651 -0.10001689485959774 0.082212079024859649 -0.020502029343773362 0.081241830883379579 -0.069319900351149349 0.010684854312341457 -0.085724224207964023 0.0091242043184032954 0.10006428689962675 -0.10001719368546313 0.10004153397956261 0.0094451147717508708 -0.10006805892140808 0.1000335259757319 -0.10006662125063666 -0.10004300395721029 -0.10003015923695134 -0.10002348589765653 -0.10000834426792352 -0.10000641316787716 -0.10003055320261044 -0.10001304799350208
leaf_weight=0.017266193470049984 0.0071203523293661411 0.0010418517631478616 0.012418981052064737 0.0028641621382519133 0.0090392376350791892 0.017942123815373634 0.010258951562718721 0.014275446694227867 0.0064387691963929692 0.010647326106663968 0.019645017571747303 0.005312927551130997 0.0013405155813188685 0.0085876879834358988 0.0011944974819257945 0.0048469338998984321 0.0074765586093690217 0.0017914989148266613 0.0017114861402660608 0.00446807210391853 0.0014930149568996853 0.0024005211750477429 0.0011142786572762037 0.0010106329282280058 0.001035497449983323
leaf_count=32 7 2 37 25 27 33 39 11 9 13 38 7 11 39 34 6 37 3 2 8 56 24 31 2 117
internal_value=0.000220915 -0.0148858 0.00815802 -0.0518863 -0.0118613 0.013909 0.014186 0.000548545 -0.0133425 0.00429036 -0.0242137 0.0620326 -0.0711217 0.0617526 -0.0878006 -0.100037 0.100046 -0.100032 -0.100024 -0.100021 -0.100018 -0.100013 -0.100013 -0.100026 -0.10001
internal_weight=0.172743 0.0829795 0.0511336 0.0318459 0.0387146 0.0269814 0.089763 0.0698532 0.0595942 0.0453188 0.0302923 0.0199098 0.0117333 0.0150265 0.0106914 0.0145797 0.0127895 0.00949692 0.00770543 0.00973276 0.00599394 0.00526468 0.00349029 0.00250365 0.00214978
internal_count=650 450 355 95 318 60 200 149 110 99 51 51 258 48 256 63 44 222 219 57 217 49 159 58 148
is_linear=0
shrinkage=0.1


Tree=157
num_leaves=26
num_cat=0
split_feature=15 37 34 15 16 16 16 13 47 36 2 37 35 43 50 34 19 19 50 8 48 33 0 51 23
split_gain=0.00363587 0.00370631 0.00492941 0.00462244 0.00496097 0.00457142 0.00744628 0.00536068 0.00810876 0.00804044 0.00661406 0.00597005 0.00417109 0.00406745 0.0051475 0.00382166 0.00189183 0.00150014 0.000813273 0.000383912 0.000318087 8.10493e-08 1.97916e-09 6.61908e-11 1.49533e-11
threshold=-1.2774457335472105 0.4747766256332398 0.7335360348224641 -0.42866916954517359 -0.34917102754116053 -0.20829207450151441 -0.074785776436328874 27.449567794799808 0.2230244725942612 0.1369118541479111 0.4302621334791184 0.56208363175392162 0.48399372398853308 0.58750000596046459 0.59591490030288707 0.49989879131317144 0.93406647443771373 0.13812254369258883 0.51441699266433727 38.397407531738288 1.0000000180025095e-35 0.52019640803337108 0.3784733265638352 0.50698712468147289 0.18274585157632831
decision_type=2 2 2 2 2 2 2 2 2 2 2 2 2 2 2 2 2 2 2 2 2 2 2 2 2
left_child=-1 2 16 -3 -5 -6 19 8 20 13 11 15 -10 14 -9 -11 22 -17 -14 -7 -8 -21 23 24 -2
right_child=1 3 -4 4 5 6 7 9 12 10 -12 -13 18 -15 -16 17 -18 -19 -20 21 -22 -23 -24 -25 -26
leaf_value=0.066671322108055431 -0.10002038640023166 -0.05815060341944981 0.014051418809812592 0.099468507009349644 -0.090023949739863829 0.059372434948808131 -0.044633906603174477 -0.068012865455652646 -0.053815515945662723 -0.021072855530936251 0.1000401664474062 -0.048927833215937799 0.028454451278703271 -0.095984758595778152 0.032820686858133059 0.029822425594072711 -0.023298975717130896 0.10003299365316885 0.097074114463315236 0.099359711095496905 -0.10002404772985585 0.10003069107599208 -0.10011260889024035 -0.1000404358822381 -0.10000818788758287
leaf_weight=0.007840865775506245 0.002874636278672682 0.011094095626532408 0.010543486838287208 0.0058080906823079195 0.0048744525084885018 0.0034205275625254217 0.0016552312400364136 0.01131595362949156 0.0023402481343737227 0.0078237472680484643 0.0076500420873344402 0.015564773019832501 0.0019613648953082921 0.01212324177413393 0.0091616619356500451 0.0055472293352067936 0.0047226795034021061 0.0067415411500633127 0.01446609065260418 0.0029717680858638573 0.0027747592589477676 0.0045665923769320216 0.0041100875241681933 0.0014995864985394292 0.0015449859528793297
leaf_count=18 13 20 19 15 10 15 27 36 6 22 32 37 122 10 16 14 14 28 34 16 26 25 4 5 66
internal_value=0.000212931 -0.00310281 -0.0381652 0.00362334 0.00929811 0.00474242 0.00893859 0.000290988 0.0423632 -0.012563 0.0156645 -0.00242762 0.0710876 -0.050078 -0.0229 0.0335582 -0.0754853 0.0683395 0.0888812 0.0871583 -0.079328 0.0997662 -0.100059 -0.100022 -0.100016
internal_weight=0.164998 0.157157 0.0252955 0.131861 0.120767 0.114959 0.110085 0.0991259 0.0231977 0.0759282 0.0433273 0.0356773 0.0187677 0.0326009 0.0204776 0.0201125 0.014752 0.0122888 0.0164275 0.0109589 0.00442999 0.00753836 0.0100293 0.00591921 0.00441962
internal_count=650 632 121 511 491 476 466 410 215 195 133 101 162 62 52 64 102 42 156 56 53 41 88 84 79
is_linear=0
shrinkage=0.1


Tree=158
num_leaves=24
num_cat=0
split_feature=8 34 38 17 10 37 23 36 34 38 43 45 35 14 34 11 35 24 37 36 11 1 36
split_gain=0.00347862 0.00968215 0.00772023 0.00717475 0.00619839 0.00622202 0.00584706 0.00702402 0.00707193 0.00535321 0.00476836 0.00288769 0.00252783 0.00133984 0.00296076 0.000687132 0.00123464 9.0342e-05 8.51894e-06 8.96881e-11 1.08502e-10 1.45256e-11 2.24247e-12
threshold=63.162189483642585 0.86827832460403453 0.52641919255256664 54.858062744140632 -0.071251668035984025 0.4798665344715119 0.83806404471397411 0.097786568105220809 0.30347077548503881 0.41663028299808508 0.48749999701976782 0.59324350953102123 0.5642564892768861 20.568788528442386 0.56837493181228649 0.42237712442874914 0.58170759677886974 0.027402402833104137 0.43492892384529119 0.1079174615442753 0.6804034709930421 0.11305898427963258 0.24079074710607531
decision_type=2 2 2 2 2 2 2 2 2 2 2 2 2 2 2 2 2 2 2 2 2 2 2
left_child=1 4 3 -2 10 13 7 -7 -9 -3 -1 15 17 14 -6 -10 -17 -8 -15 -11 21 -21 -23
right_child=2 9 -4 -5 5 6 12 8 11 19 -12 -13 -14 18 -16 16 -18 -19 -20 20 -22 22 -24
leaf_value=0.074847280433979022 -0.033118160504275511 0.0010368071671155467 -0.081197980553806087 0.068361122884964542 -0.10005968843818741 -0.045358902835877596 -0.080042226089680965 -0.10005875004963663 0.10006096674444903 0.10004092095685012 -0.014677057291246824 -0.0046180971413190249 -0.0058683970245720562 -0.094225891423250427 0.10002672543789995 -0.023598562876735271 0.10003783327093646 -0.10005234607736922 -0.1000422455647962 0.10002177981406819 0.10003663552091627 0.10001409765852981 0.10000860434515178
leaf_weight=0.014096979848545743 0.017788967363230768 0.0083577997529573622 0.015218358488425565 0.01145251070897757 0.0019362566000360468 0.011943345478698575 0.0041291131704852546 0.0027832822910340829 0.012580662398249842 0.0060456201972556292 0.010294219819684258 0.0041144179704133413 0.0056593934664306298 0.0039874377275452844 0.0011965861485805362 0.0013757477811360266 0.001956119587248395 0.0049744472555914854 0.0068340090081733251 0.0021361866047300282 0.0045663407636311604 0.0013200798539401148 0.0017002476662355548
leaf_count=29 25 34 26 29 56 38 31 10 23 12 30 16 19 10 3 138 8 10 38 9 16 9 31
internal_value=0.000230438 0.00962585 -0.0234353 0.0066265 -0.00578207 -0.0222473 -0.00562633 0.0167702 0.0493007 0.0657378 0.0370638 0.0700582 -0.0583501 -0.0812266 -0.0236369 0.0893669 0.0489876 -0.0909763 -0.0978991 0.100031 0.100025 0.100015 0.100011
internal_weight=0.156448 0.111988 0.0444598 0.0292415 0.087862 0.0634708 0.0495165 0.0347536 0.0228102 0.0241263 0.0243912 0.0200269 0.014763 0.0139543 0.00313284 0.0159125 0.00333187 0.00910356 0.0108214 0.0157685 0.00972285 0.00515651 0.00302033
internal_count=650 570 80 54 459 400 293 233 195 111 59 185 60 107 59 169 146 41 48 77 65 49 40
is_linear=0
shrinkage=0.1


Tree=159
num_leaves=27
num_cat=0
split_feature=14 7 7 34 38 33 13 17 10 37 34 36 28 43 37 35 24 28 37 28 5 28 2 0 36 50
split_gain=0.00325766 0.00481431 0.0057501 0.00488137 0.00622851 0.00618388 0.00543422 0.00613093 0.0061134 0.0059024 0.00528331 0.00510679 0.0044143 0.00357735 0.00346911 0.00287224 0.000924571 0.000161099 4.25806e-05 9.79429e-07 5.92942e-09 6.27021e-10 2.54954e-10 1.48133e-10 1.37342e-11 1.01589e-11
threshold=18.014092445373539 84.483837127685561 75.444778442382827 0.87514966726303112 0.42202435433864599 0.61497220396995556 63.246479034423835 23.104013442993168 -0.071251668035984025 0.4798665344715119 0.54695308208465587 0.072216644883155837 21192.500000000004 0.56250000000000011 0.55149459838867199 0.55031716823577892 0.47641299664974218 55638.500000000007 0.48374915122985845 114427.00000000001 0.059046218171715743 92.321350097656264 0.46837359666824346 1.8689298629760744 0.25875084102153784 0.53039115667343151
decision_type=2 2 2 2 2 2 2 2 2 2 2 2 2 2 2 2 2 2 2 2 2 2 2 2 2 2
left_child=-1 2 3 6 14 -6 7 13 -9 17 12 -12 -11 16 -5 -14 19 -10 -7 20 -2 -22 24 25 -20 -23
right_child=1 -3 -4 4 5 18 -8 8 9 10 11 -13 15 -15 -16 -17 -18 -19 22 -21 21 23 -24 -25 -26 -27
leaf_value=0.06415648124227008 -0.10023963755730472 0.10003674772881886 -0.065579757345457401 0.027603565838901025 -0.02315231895133054 0.088320303803816599 -0.094265601161371476 0.06334370845545742 -0.070863808817645008 -0.093020392065357949 -0.022364209881167104 0.083392616063779068 -0.040230870194597139 0.065211772033378232 -0.059208831077698525 0.05755181674727225 -0.00013860263498872698 -0.10002329673945209 0.10002470826283466 -0.09680335142468266 -0.10010016742895606 -0.10001266116591939 0.10004956772216195 -0.10005634031225126 0.10001566286988298 -0.10002511578091136
leaf_weight=0.0075698901455325531 0.002384974155575037 0.00437853539824573 0.014696588480148876 0.0096587253947291174 0.0058359701533845501 0.0041963399780797763 0.0075498594742384731 0.014979038070123352 0.003117864945807014 0.0071944012522635594 0.0073905317058233768 0.011946807493814049 0.0063583881411659604 0.0017144236117019327 0.0087943614626055933 0.0056941430348160793 0.0010295626846605907 0.00482944276524222 0.0032819956836647179 0.0010009014886058773 0.0020675632367783692 0.0014210238530729669 0.0052042386587345391 0.0016883640782907605 0.00343592668536985 0.0012147777197242249
leaf_count=20 1 16 23 23 14 8 18 37 13 19 14 37 25 5 19 19 32 32 12 134 3 71 14 1 36 4
internal_value=0.000248127 -0.00318136 -0.00648779 0.000631258 0.0290546 0.0650489 -0.0134468 -0.00520486 0.00777911 -0.0101078 0.00605612 0.0429734 -0.0310346 -0.0689869 -0.0137694 0.00596595 -0.0902758 -0.0885835 0.0969836 -0.0997671 -0.100105 -0.100055 0.100033 -0.100033 0.10002 -0.100018
internal_weight=0.148635 0.141065 0.136686 0.12199 0.0404076 0.0219545 0.0815821 0.0740322 0.0615106 0.0465316 0.0385843 0.0193373 0.0192469 0.0125216 0.0184531 0.0120525 0.0108072 0.00794731 0.0161185 0.0097776 0.0087767 0.00639173 0.0119222 0.00432417 0.00671792 0.0026358
internal_count=650 630 614 591 126 84 465 447 196 159 114 51 63 251 42 44 246 45 70 214 80 79 62 76 48 75
is_linear=0
shrinkage=0.1


Tree=160
num_leaves=26
num_cat=0
split_feature=13 5 5 38 47 37 33 33 28 34 4 35 20 16 36 20 22 38 1 45 2 11 5 4 19
split_gain=0.00308202 0.00317861 0.00516428 0.00559612 0.0047679 0.00697521 0.00481124 0.00718484 0.00612409 0.00448095 0.0042064 0.00369988 0.00574261 0.00330353 0.00385285 0.00280273 0.00317841 0.00267637 0.00238363 0.00109201 0.000457085 0.000154797 4.72916e-05 2.62422e-10 2.40615e-11
threshold=17.360984802246097 1.3428965210914614 2.2760730981826787 0.48731677234172827 0.2230244725942612 0.55616044998168956 0.82038661837577831 0.69003164768219005 92.321350097656264 0.27326683700084692 1.2586721181869509 0.5642564892768861 1.0000000180025095e-35 0.15929500758647921 0.19242680072784427 1.5000000000000002 -13.272468090057371 0.5468161702156068 0.11451632529497148 0.36167770624160772 0.12564498186111453 0.33761735260486608 0.5512693226337434 0.41196480393409735 0.48665677011013037
decision_type=2 2 2 2 2 2 2 2 2 2 2 2 2 2 2 2 2 2 2 2 2 2 2 2 2
left_child=-1 4 13 -4 10 6 7 8 -6 -10 15 12 19 14 -3 16 -2 22 -14 -11 -7 -17 -13 -22 -25
right_child=1 2 3 -5 5 20 -8 -9 9 11 -12 17 18 -15 -16 21 -18 -19 -20 -21 23 -23 -24 24 -26
leaf_value=0.062911770731672895 -0.10000993066248012 -0.075062204155677437 0.057126919571321405 -0.043190174340900507 -0.078513009197627576 0.041777099090863072 -0.054807227526696145 0.10004048411031879 -0.10004351688212186 0.10006097222536237 0.052551735902069512 0.10003328206196692 0.034984376227375949 -0.099206735377106364 0.045618866493794409 -0.075402524808287172 0.069571674859561908 0.0065588709978118501 -0.095298601785795981 0.0098189175448183674 0.10005687405448471 -0.10003979015884781 0.08613411573634018 0.10003060034403094 0.10001769033239094
leaf_weight=0.0074316307154731467 0.0018092982550541592 0.005888633165596957 0.011453725199316978 0.0108081829407638 0.0077902011980768284 0.0015652840987883119 0.010701231945859035 0.0089765140228337259 0.002814968879050638 0.0037909852035227232 0.0041564789044059572 0.0063900543013915012 0.0018574965883146888 0.010828790799223498 0.0048034146182089899 0.0043905490420002025 0.0028401984069574846 0.0051602130852188574 0.0057559492825021152 0.0020748335915961036 0.0034424510974986333 0.006084143447530721 0.0039681247480984894 0.0022857455105622648 0.0039187585723539087
leaf_count=21 27 19 27 20 11 32 15 25 24 6 10 28 62 12 22 9 39 13 17 91 16 37 21 8 38
internal_value=0.00023351 -0.00325417 -0.0253449 0.00842285 0.00751951 0.019572 0.00589172 0.0192627 0.000953326 0.0204129 -0.0365462 0.0321062 -0.00622054 -0.0602754 -0.0208461 -0.0610324 0.00358094 0.0653969 -0.0635127 0.0681409 0.0919017 -0.0897129 0.0947086 0.100035 0.100022
internal_weight=0.140988 0.133556 0.0437827 0.0222619 0.0897735 0.0704928 0.0592806 0.0485793 0.0396028 0.0318126 0.0192807 0.0289977 0.0134793 0.0215208 0.010692 0.0151242 0.0046495 0.0155184 0.00761345 0.00586582 0.0112122 0.0104747 0.0103582 0.00964696 0.0062045
internal_count=650 629 100 47 529 407 313 298 273 262 122 238 176 53 41 112 66 62 79 97 94 46 49 62 46
is_linear=0
shrinkage=0.1


Tree=161
num_leaves=23
num_cat=0
split_feature=3 13 3 9 43 34 50 33 8 25 36 45 13 18 0 16 45 7 7 51 5 0
split_gain=0.002812 0.00707078 0.00643963 0.00514662 0.00606198 0.00493748 0.0052959 0.00512647 0.00462373 0.00561751 0.00443417 0.00463808 0.00301131 0.00521452 0.0015642 0.00151479 0.0009347 2.14926e-05 1.04727e-07 9.02152e-10 7.23483e-11 6.3071e-11
threshold=1.2452767491340639 42.39350891113282 1.1249812841415407 0.18135181814432147 0.63749998807907116 0.54695308208465587 0.72683483362197887 0.55877119302749645 46.720924377441413 1.0000000180025095e-35 0.13919071108102801 0.4996075332164765 46.478940963745124 0.038607163354754455 0.18952976912260058 0.094130046665668501 0.50175178050994884 41.107103347778327 47.329784393310554 0.48853845894336706 1.9616069197654726 0.44349370896816259
decision_type=2 2 2 2 2 2 2 2 2 2 2 2 2 2 2 2 2 2 2 2 2 2
left_child=2 14 3 4 5 6 10 -7 -9 -10 19 -12 -3 -14 -2 17 -11 -13 -16 21 -20 -1
right_child=1 12 -4 -5 -6 7 -8 8 9 16 11 15 13 -15 18 -17 -18 -19 20 -21 -22 -23
leaf_value=-0.10001130812484008 0.015341965215883477 -0.065353081101212102 -0.083411696066319083 0.076623602348437 -0.097898787837894422 0.073321592708269462 0.10008199716285114 -0.052115022474018426 -0.021915858692595255 0.044827176314898423 0.043441495583560273 -0.10002497523553532 -0.050037920318111467 0.083173101039805797 0.099310737566467369 0.021202697876231549 0.10003648143289252 -0.083740138019491636 0.10002236504972087 -0.10008374792551081 0.10004183555176936 -0.10003287947594589
leaf_weight=0.0025068610889888987 0.0027724609727783909 0.006995528852712595 0.010171641955366795 0.0080889752813959603 0.0067322600079933173 0.01310995980225016 0.0026533828804531359 0.011483497668450582 0.012765805853632628 0.0060431916681409348 0.0071725835539950822 0.0042642153223404478 0.0057952650531660765 0.0059613149915094255 0.0027337202849366804 0.0013673668141613859 0.0062256493354198028 0.001000615548274908 0.0042235300802531128 0.0044205164810762199 0.0034815915396393393 0.0029509700834751129
leaf_count=39 16 12 18 29 8 35 4 25 30 21 21 27 12 32 16 14 20 205 37 16 9 4
internal_value=0.000225018 0.0260746 -0.00795903 0.000494679 -0.00695185 0.00110819 -0.0338889 0.0196803 0.000423213 0.0245227 -0.0488985 -0.0122957 -0.0134034 0.0175083 0.0821096 -0.0725744 0.0728424 -0.0969299 0.0998425 -0.10005 0.100031 -0.100023
internal_weight=0.132921 0.0319634 0.100957 0.0907859 0.0826969 0.0759646 0.0263365 0.0496281 0.0365181 0.0250346 0.0236831 0.0138048 0.0187521 0.0117566 0.0132113 0.0066322 0.0122688 0.00526483 0.0104388 0.00987835 0.00770512 0.00545783
internal_count=650 134 516 498 469 461 330 131 96 71 326 267 56 44 78 246 41 232 62 59 46 43
is_linear=0
shrinkage=0.1


Tree=162
num_leaves=25
num_cat=0
split_feature=16 34 4 2 0 36 22 5 43 3 18 35 5 1 34 36 33 45 16 4 36 50 5 23
split_gain=0.00265642 0.00622436 0.00572133 0.00520022 0.00454678 0.00549497 0.00399875 0.00459809 0.00429692 0.0032783 0.00357244 0.00322216 0.00211458 0.00174985 0.00115662 0.000337399 9.65335e-10 1.87001e-10 7.01402e-11 4.27756e-11 2.183e-11 6.51271e-12 4.64451e-12 1.8731e-12
threshold=0.12519352883100512 0.94715484976768505 0.067032057791948332 0.4302621334791184 0.25704541802406317 0.08614096045494081 -11.034239768981932 0.88606405258178722 0.48749999701976782 0.24846430867910388 0.12290244549512865 0.56514048576354992 1.3428965210914614 0.19215405732393268 0.83995932340621959 0.040547126904129989 0.49995537102222448 0.36921142041683203 0.022402349859476093 0.4777535349130631 0.15379399061203006 0.56151592731475841 1.0572289228439333 0.25125096738338476
decision_type=2 2 2 2 2 2 2 2 2 2 2 2 2 2 2 2 2 2 2 2 2 2 2 2
left_child=1 4 -3 12 5 15 8 16 -6 -7 11 13 -2 14 17 -1 -8 -11 20 -19 -4 23 -22 -21
right_child=3 2 18 -5 6 9 7 -9 -10 10 -12 -13 -14 -15 -16 -17 -18 19 -20 21 22 -23 -24 -25
leaf_value=-0.063484837429881813 -0.021275821684810001 -0.052658039477625651 0.10002425222028942 0.026393855780035176 0.041548980132764292 0.077630424349612023 0.10008742263325088 0.0065904119565100812 -0.061217075972230223 -0.10005878312629979 0.052363795281740504 0.018430211630998988 -0.088891427913464049 -0.013080023040366521 0.0020559487928465533 -0.10005361798222255 0.10002571353284809 -0.10002747574679056 0.10003258171510672 -0.100011334498921 0.10000860760629456 -0.10001694127634189 0.10001567225529784 -0.10000535927701004
leaf_weight=0.0040195221737349129 0.0084392730771654101 0.0031052689791977181 0.0025207422449966543 0.011835391569547937 0.0075140542021472348 0.0042669452636800989 0.0047481434194196481 0.010891333581639628 0.0088736011825858441 0.0014659491962447646 0.005941061645245326 0.0074664562007455961 0.010233990936740156 0.0048266437959227923 0.0012768477026838818 0.0067767789519734833 0.0054387119428156439 0.0034427191679924363 0.0054622917195956688 0.0010271272109214635 0.0018294974430546063 0.0014817097107879817 0.0018939837323159736 0.0010723706520572307
leaf_count=25 35 8 9 33 24 11 8 30 19 5 24 28 15 15 3 25 34 9 17 73 31 3 13 153
internal_value=0.000218906 0.00843738 0.0680147 -0.0254644 -0.00252061 -0.0246839 0.0229544 0.0517606 -0.0140969 -0.00402161 -0.0164642 -0.0350007 -0.0583329 -0.0623378 -0.0866806 -0.0864389 0.100054 -0.100026 0.100024 -0.10002 0.100017 -0.100012 0.100012 -0.100008
internal_weight=0.12585 0.0953418 0.0148118 0.0305087 0.08053 0.0430641 0.0374658 0.0210782 0.0163877 0.0322678 0.0280009 0.0220598 0.0186733 0.0145934 0.00976672 0.0107963 0.0101869 0.00848988 0.0117065 0.00702393 0.00624422 0.00358121 0.00372348 0.0020995
internal_count=650 567 78 83 489 374 115 72 43 324 313 289 50 261 246 50 42 243 70 238 53 229 44 226
is_linear=0
shrinkage=0.1


Tree=163
num_leaves=25
num_cat=0
split_feature=36 50 16 18 45 23 35 11 10 38 38 23 13 28 50 45 38 3 0 2 5 11 4 9
split_gain=0.00276894 0.00644395 0.00330508 0.00379341 0.00545665 0.00560161 0.00404369 0.00431139 0.00368579 0.00327277 0.00407087 0.00316133 0.00289826 0.00210148 0.00148768 0.00017221 4.65499e-05 3.36243e-05 3.63e-10 2.63258e-10 1.66795e-10 5.43977e-11 3.00102e-11 1.03394e-11
threshold=0.13332176953554156 0.51756414771080028 0.64803576469421398 0.12290244549512865 0.53616684675216686 0.43264029920101171 0.56514048576354992 0.42237712442874914 -0.035564351826906197 0.41966380178928381 0.43906790018081671 0.18274585157632831 30.061237335205082 366035.50000000006 0.34482246637344366 0.54218652844429027 0.53498435020446788 0.19838331639766696 0.15327787399291995 0.32076001167297369 0.99390202760696422 0.88095793128013622 0.84880766272544872 -0.021292558871209618
decision_type=2 2 2 2 2 2 2 2 2 2 2 2 2 2 2 2 2 2 2 2 2 2 2 2
left_child=1 11 3 4 6 -6 7 -2 -5 -3 -11 -1 -12 -7 -8 -10 20 -13 -17 23 -9 -20 -16 -19
right_child=2 9 -4 8 5 13 14 16 15 10 12 17 -14 -15 22 18 -18 19 21 -21 -22 -23 -24 -25
leaf_value=-0.00055250941633014524 0.035439460841204494 0.063207873472574408 -0.045898962809326836 -0.031598122141726852 -0.072926268005034503 -0.018236121291219872 0.024739707685337453 -0.10006597387377397 0.072743193609659293 -0.05901401437681441 0.067368625067496773 -0.088073576079773494 -0.015867119713383542 0.085384218179458321 0.10001643713684966 0.10006687105032197 -0.074737089283511235 -0.10001713091953686 0.10001068217934511 -0.10004902883449716 -0.1000159173270922 0.10003053637448574 0.10002810821179738 -0.10000805438579807
leaf_weight=0.0048249624336449406 0.009055192902849285 0.0079902763673089794 0.0082608306483962224 0.0030402109889564608 0.012450788738291863 0.003809360606737755 0.0037009754614700805 0.0013148671132512399 0.0032227980169636803 0.010342309265979566 0.0074377727796672835 0.0032571864587680474 0.0095604743937656167 0.0040254095065961337 0.0038171263854565041 0.0026001211372204125 0.0010000538759484812 0.002807256743537323 0.0025026456715977474 0.0033999975803453708 0.0013482443151726642 0.0030762977185077034 0.0052106170350043612 0.0022697884031828153
leaf_count=21 24 19 17 16 38 23 14 2 23 13 14 13 26 27 26 4 59 22 36 6 151 12 22 22
internal_value=0.000204118 -0.017217 0.0134134 0.0215558 0.00744642 -0.0312415 0.0382871 -0.00159213 0.0662351 0.00690848 -0.00954501 -0.0686915 0.0205536 0.0350027 0.0781339 0.0923215 -0.0931327 -0.0967093 0.100036 -0.100027 -0.100041 0.100022 0.100023 -0.100013
internal_weight=0.120326 0.05189 0.0684355 0.0601747 0.0457326 0.0202856 0.0254471 0.0127184 0.0144421 0.0353308 0.0273406 0.0165592 0.0169982 0.00783477 0.0127287 0.0114019 0.00366317 0.0117342 0.00817906 0.00847704 0.00266311 0.00557894 0.00902774 0.00507705
internal_count=650 156 494 477 386 88 298 236 91 72 53 84 40 50 62 75 212 63 52 50 153 48 48 44
is_linear=0
shrinkage=0.1


Tree=164
num_leaves=28
num_cat=0
split_feature=7 7 3 0 11 35 3 37 21 39 23 34 4 3 22 12 45 1 5 50 33 11 1 11 45 45 12
split_gain=0.00346975 0.00428467 0.00374664 0.00394542 0.00372754 0.00352664 0.00585608 0.00708139 0.00479582 0.00397575 0.00428673 0.00332737 0.00326954 0.00247296 0.00208692 0.00179639 0.000862637 0.000616527 0.000157249 2.35898e-10 1.06957e-10 8.74574e-11 2.92254e-11 2.32332e-11 6.61219e-12 4.27028e-12 1.37748e-12
threshold=84.483837127685561 83.545612335205092 1.6233685016632082 0.12234095111489297 -0.1179918237030506 0.5642564892768861 0.84219819307327282 0.50307467579841625 0.013330404181033375 0.87656250596046459 0.77361309528350841 0.64673522114753734 1.077530086040497 1.3976188302040102 -5.8161764144897452 17.500000000000004 0.23864406347274783 0.14337315410375598 0.29976373910903936 0.59070667624473583 0.51935169100761425 0.72543591260910045 0.39407157897949224 0.8004761040210725 0.62519755959510814 0.53348109126091015 1.0000000180025095e-35
decision_type=2 2 2 2 2 2 2 2 2 2 2 2 2 2 2 2 2 2 2 2 2 2 2 2 2 2 2
left_child=1 2 4 -4 -1 9 7 8 11 13 -11 -7 -8 15 -5 16 -6 -9 -18 22 -16 -19 24 25 26 -22 -20
right_child=-2 -3 3 14 5 6 12 17 -10 10 -12 -13 -14 -15 20 -17 18 21 19 -21 23 -23 -24 -25 -26 -27 -28
leaf_value=0.094410800161265365 0.10002831900186025 -0.10021908273311837 -0.038708165216953506 0.011323690355560447 -0.021284103606024507 -0.02103509717727026 0.0062974561667411277 0.051615022302778341 -0.061479117379235941 0.073902712176932284 -0.055212539823983144 0.071135231789350425 -0.076282621187118857 0.041135081031322615 0.10003970600420485 0.036585529480970387 -0.069726005098897606 0.10001983260100805 -0.100004484502976 -0.10004283472496336 0.10001439935046175 0.100039492830009 -0.10002457584100483 0.10002324034739925 -0.10001471185832411 0.10000626155327969 -0.10000916708910733
leaf_weight=0.0034908348109752288 0.0033799453094616174 0.0043403860181570044 0.0042440044089744325 0.0038213113657548101 0.0017491496410002574 0.0072282988519418714 0.008364422260910942 0.003670913598853077 0.0093484112585429102 0.0052663733915494504 0.0050249200479228762 0.0085489890207099961 0.011233183420017667 0.0019260073313489548 0.0033194010538863949 0.0012589582784130462 0.0019948616017018148 0.0053702539601090393 0.0012414315910689311 0.0056335314948228188 0.0012081808299626573 0.003910123229616147 0.0020895809225294215 0.0027606077956079389 0.001866004030588897 0.0013829087544650065 0.001271818817770054
leaf_count=10 16 2 12 15 6 21 30 15 21 23 18 25 22 5 11 11 16 38 219 8 10 10 6 14 16 37 13
internal_value=0.000209265 -0.00281483 0.00112804 0.0445929 -0.0069111 -0.0109767 0.00337939 0.0262397 -0.00472209 -0.0392137 0.0108597 0.0289078 -0.0410368 -0.0662912 0.0728925 -0.0783871 -0.0875214 0.0863059 -0.0957399 -0.100028 0.100026 0.100028 -0.100015 0.100017 -0.10001 0.10001 -0.100007
internal_weight=0.114945 0.111565 0.107224 0.0167364 0.0904881 0.0869972 0.0576746 0.038077 0.0251257 0.0293226 0.0102913 0.0157773 0.0195976 0.0190313 0.0124924 0.0171053 0.0158464 0.0129513 0.0140972 0.0121024 0.0086711 0.00928038 0.00646884 0.0053517 0.00437925 0.00259109 0.00251325
internal_count=650 634 632 99 533 523 182 130 67 341 41 46 52 300 87 295 284 63 278 262 72 48 254 61 248 47 232
is_linear=0
shrinkage=0.1


Tree=165
num_leaves=27
num_cat=0
split_feature=4 38 37 4 9 7 23 22 22 50 5 0 21 14 35 22 19 8 21 34 11 0 0 37 51 23
split_gain=0.00259168 0.00508305 0.00376944 0.00690949 0.0036737 0.00428753 0.00321122 0.00478838 0.00374165 0.00354819 0.00349245 0.00288729 0.00355141 0.00231905 0.00178687 0.00287382 0.00108789 0.000910757 0.000797567 0.000386043 7.28988e-06 1.34178e-07 4.60012e-10 1.25036e-11 6.5452e-12 3.38344e-12
threshold=2.0312211513519292 0.49495753645896917 0.4798665344715119 0.37571890652179724 0.19988002628088 67.378948211669936 0.83806404471397411 -5.8161764144897452 -9.0527629852294904 0.85091990232467662 0.5512693226337434 0.074938446283340468 -0.0015289087314158676 34.876184463500984 0.6589389741420747 11.419516086578371 0.18646588176488879 38.161216735839851 0.004567506257444621 0.90462797880172741 0.43157240748405462 0.28684268891811376 0.3002509623765946 0.41601093113422399 0.52831196784973156 0.085230018943548216
decision_type=2 2 2 2 2 2 2 2 2 2 2 2 2 2 2 2 2 2 2 2 2 2 2 2 2 2
left_child=2 18 3 -1 5 6 7 9 -8 10 -4 12 -9 -10 15 -13 -12 -5 -2 22 -14 -16 23 -19 25 -25
right_child=1 -3 4 17 -6 -7 8 11 13 -11 16 14 20 -15 21 -17 -18 19 -20 -21 -22 -23 -24 24 -26 -27
leaf_value=0.095445401356298323 0.043626532450904781 -0.025566723936251479 -0.048469257255929425 -0.0301101264532001 0.10000450651495185 -0.050826740149352838 0.062020131137458259 0.09543810772672684 -0.093863273956766261 -0.094488093006662693 0.016221757004684589 0.09519408906214917 -0.089068281042162453 -4.3599047576370836e-05 0.099241808267032272 -0.012499644952835221 0.098583321729218881 -0.10002176393061744 0.10002846104036663 -0.057540098942107543 -0.10003099365315381 0.10004576613933952 -0.10006848499384298 -0.10001233377493648 -0.10001741213965694 -0.10000519604524101
leaf_weight=0.0028032947507767849 0.0039874073809187394 0.0081712646874620987 0.0053120077620860684 0.0033616195868830809 0.0037201405951634561 0.01426604848549573 0.0034165973358710753 0.0015762283488900391 0.0068231535726823722 0.0043048161014667121 0.0029515133013120476 0.0048072399207512717 0.0010037445899797612 0.0042918902588553465 0.002972655433154614 0.0051137231812390382 0.0035121042201353703 0.0020440887793551354 0.0067535350231082703 0.0028555453100125314 0.0015329624854025781 0.006881884556435125 0.0021929282429482555 0.0015564486362560359 0.0015625298638042295 0.0011583559848027392
leaf_count=15 9 27 33 18 21 29 20 60 37 6 27 21 2 21 20 26 13 19 36 5 75 34 5 8 7 56
internal_value=0.00021974 0.0338718 -0.00685006 -0.0484549 0.00321431 -0.00202185 0.0107533 0.0253896 -0.0295034 -0.0167974 0.011604 0.0537876 -0.0224446 -0.0576364 0.0696425 0.0396838 0.0609742 -0.075838 0.0790901 -0.0893579 -0.0956932 0.0998032 -0.100029 -0.100015 -0.100012 -0.100009
internal_weight=0.108934 0.0189122 0.0900215 0.0175348 0.0724867 0.0687666 0.0545005 0.0399689 0.0145316 0.0160804 0.0117756 0.0238884 0.00411294 0.011115 0.0197755 0.00992096 0.00646362 0.0147315 0.0107409 0.0113699 0.00253671 0.00985454 0.00851435 0.00632142 0.00427733 0.0027148
internal_count=650 72 578 133 445 424 395 317 78 79 73 238 137 58 101 47 40 118 45 100 77 54 95 90 71 64
is_linear=0
shrinkage=0.1


Tree=166
num_leaves=26
num_cat=0
split_feature=36 50 16 34 10 2 8 35 35 38 4 23 43 35 37 1 10 13 3 16 0 10 44 48 36
split_gain=0.0022679 0.00529365 0.00290868 0.00407123 0.00459886 0.00310936 0.00379311 0.00370811 0.00480164 0.00356157 0.00339975 0.00261288 0.00250405 0.00420705 0.00271367 0.00234061 0.00069308 4.70018e-05 2.87128e-05 2.62431e-05 1.30975e-10 7.67115e-11 5.68776e-11 1.32249e-11 5.55423e-12
threshold=0.13332176953554156 0.51756414771080028 -1.0064286291599271 0.27326683700084692 -0.26832531392574305 0.50680953264236461 58.736474990844734 0.521297186613083 0.46933940052986151 0.52641919255256664 0.067032057791948332 0.18274585157632831 0.58750000596046459 0.5642564892768861 0.50307467579841625 0.26696094870567327 0.03078586328774691 23.212034225463871 0.21714925020933154 -8.3021583122899742e-05 0.29010538756847387 -0.035564351826906197 0.15242141485214236 1.0000000180025095e-35 0.995347559452057
decision_type=2 2 2 2 2 2 2 2 2 2 2 2 2 2 2 2 2 2 2 2 2 2 2 2 2
left_child=1 11 -2 -4 -5 6 7 8 -6 -8 -9 -1 13 -3 -15 19 17 -12 -13 22 -20 -19 -10 -23 -24
right_child=2 12 3 4 5 -7 9 10 15 -11 16 18 -14 14 -16 -17 -18 21 20 -21 -22 23 24 -25 -26
leaf_value=-0.0022385890790258718 0.10003700885905825 -0.040006226418332125 -0.10003559388473736 -0.10008973973454838 0.076382589992390781 0.10001933268336947 0.017067874680304088 -0.033549658715705602 -0.10004006069251964 -0.076987224559684389 0.081549329787485192 -0.088191151467838236 -0.037299282020076353 0.014019487373994189 0.10002794289226161 0.063584766962560532 0.047171312676605945 0.10003162168829889 -0.10001011737147239 -0.081925719522760398 -0.10003808640099539 0.10001980565308466 -0.10000979345636488 0.10000895261740467 -0.10001883886076564
leaf_weight=0.0042279576161377017 0.003618666836700867 0.0067788852975354521 0.0033099365689110974 0.0032864658860489717 0.0037786611646879464 0.0046369994013275564 0.0091754345885419752 0.0029416799634418558 0.0010768452056311127 0.0071737381731509222 0.0016218424125327155 0.0029446066132550186 0.0091522087896009907 0.0076578478910960257 0.0070415367308669374 0.0011201697343494743 0.0037214348170664388 0.004457189217873748 0.0037046392668855788 0.0010034100294653604 0.0030549874245480169 0.0018702679087709831 0.0018261642640471365 0.0028091988781397959 0.0010804909688886255
leaf_count=21 14 20 24 3 7 38 34 11 6 14 13 15 12 14 26 4 25 23 39 110 9 12 116 38 2
internal_value=0.000253441 -0.0167433 0.0131989 0.00747405 0.014373 0.0221625 0.0138929 0.0367005 -0.0122183 -0.0242019 0.0644591 -0.0678479 0.0065014 0.0251655 0.0552206 -0.0670387 0.0843701 0.0972374 -0.0964326 -0.0963796 -0.100023 0.100022 -0.10002 0.100013 -0.100013
internal_weight=0.103071 0.0445627 0.0585086 0.0548899 0.05158 0.0482935 0.0436565 0.0273074 0.00988574 0.0163492 0.0174216 0.0139322 0.0306305 0.0214783 0.0146994 0.00610708 0.0144799 0.0107585 0.00970423 0.00498691 0.00675963 0.00913666 0.0039835 0.00467947 0.00290666
internal_count=650 156 494 480 456 453 415 367 245 48 122 84 72 60 40 238 111 86 63 234 48 73 124 50 118
is_linear=0
shrinkage=0.1


Tree=167
num_leaves=26
num_cat=0
split_feature=3 11 4 17 34 8 1 22 20 23 48 3 14 39 36 0 1 2 36 2 22 3 7 4 36
split_gain=0.0021572 0.00293835 0.00313939 0.00276516 0.00267354 0.00447418 0.00391304 0.00443769 0.00311601 0.00299196 0.00321667 0.00253533 0.00233214 0.00219551 0.00215487 0.00141618 0.000978652 0.000387392 0.000339812 0.00103181 3.21365e-07 1.07276e-10 4.91523e-11 2.92335e-11 2.23078e-12
threshold=1.6233685016632082 -0.1179918237030506 0.049659846350550658 44.609001159667976 0.54695308208465587 63.162189483642585 0.22630448639392856 -10.363590240478514 1.5000000000000002 0.55722224712371837 1.0000000180025095e-35 0.88366153836250316 46.998552322387702 0.36811856925487524 0.18989636749029162 0.13335580378770831 0.2451208978891373 0.31208962202072149 0.2530942708253861 0.27551454305648809 6.4849026203155526 1.1249812841415407 50.019968032836921 1.7382090687751772 0.25496199727058416
decision_type=2 2 2 2 2 2 2 2 2 2 2 2 2 2 2 2 2 2 2 2 2 2 2 2 2
left_child=1 -1 -3 15 9 6 8 -8 -6 10 16 -10 -5 -7 -12 -2 22 -16 -11 21 -9 -20 24 -17 -4
right_child=3 2 4 12 5 13 7 20 11 18 14 -13 -14 -15 17 23 -18 -19 19 -21 -22 -23 -24 -25 -26
leaf_value=0.093070202488631584 0.0082571243665983465 0.085842975969806889 -0.1000052869964337 -0.056128063496830354 0.052149703808803176 -0.0080185535913876813 -0.026605271969690526 0.098795598355985725 0.0068085437506092113 -0.10003885094071907 -0.050875266820908462 -0.083518989703998694 0.045599845070607679 -0.074053657472798531 0.041001344582676152 0.10001456715916442 -0.021983663031941179 0.10002628274457731 -0.10001658731862882 0.016027826862708268 0.10003242529873475 -0.10006026897004963 -0.10003454973815183 0.10002864759136257 -0.10001160396937547
leaf_weight=0.0028509180656897106 0.002346956086512364 0.0032537321121708365 0.001094982958782964 0.0045754789011880348 0.0057500427856211891 0.010821429760198953 0.0039470020083172139 0.0031482591680287442 0.0064270753265418534 0.0061006145272131107 0.0019316236589475011 0.0060160349746638531 0.0044408714152268658 0.0094155679144023452 0.0019221951784675895 0.0031982168715671833 0.003124374937669927 0.002637868241436081 0.0010619809290552951 0.0011594158513617003 0.0063140481356640521 0.0011946923332288861 0.0010726130030054293 0.0027358583242858003 0.0011421486200298148
leaf_count=10 11 14 26 16 20 23 12 18 32 35 19 15 28 20 35 38 9 8 88 6 36 2 6 17 106
internal_value=0.000258263 -0.00663511 -0.0103012 0.032294 -0.0145125 -0.00202988 0.0214794 0.0624665 -0.00873027 -0.0433459 -0.0120162 -0.0368633 -0.00602347 -0.0387424 0.0376477 0.0740139 -0.0621244 0.0751456 -0.0858987 -0.0606466 0.0996209 -0.10004 -0.100017 0.100021 -0.100009
internal_weight=0.097684 0.0803866 0.0775357 0.0172974 0.074282 0.0518395 0.0316025 0.0134093 0.0181932 0.0224425 0.0129258 0.0124431 0.00901635 0.020237 0.00649169 0.00828103 0.00643412 0.00456006 0.0095167 0.00341609 0.00946231 0.00225667 0.00330974 0.00593408 0.00223713
internal_count=650 540 530 110 516 176 133 66 67 340 209 47 44 43 62 66 147 43 131 96 54 90 138 55 132
is_linear=0
shrinkage=0.1


Tree=168
num_leaves=26
num_cat=0
split_feature=4 38 37 4 9 7 34 2 45 13 8 39 19 11 8 47 24 34 35 0 11 36 13 13 8
split_gain=0.00212067 0.00412873 0.0030435 0.00530219 0.00304171 0.00343035 0.00284321 0.0045073 0.00413381 0.00406227 0.00384892 0.0017468 0.00127704 0.001054 0.000727929 0.000678389 0.000669991 0.000442708 4.42327e-05 1.82984e-10 6.31666e-11 2.11663e-11 8.45254e-12 3.25353e-12 3.1821e-12
threshold=2.0312211513519292 0.49495753645896917 0.4798665344715119 0.37571890652179724 0.19988002628088 67.378948211669936 0.87977081537246715 0.14350310713052752 0.56343257427215587 26.044805526733402 29.925373077392582 0.072677128016948714 1.7840778231620791 0.24527205526828769 38.161216735839851 0.59891429543495189 0.11472409963607789 0.90462797880172741 0.49899969995021826 0.3002509623765946 0.80413031578063976 0.1079174615442753 44.505243301391609 50.209547042846687 59.954181671142585
decision_type=2 2 2 2 2 2 2 2 2 2 2 2 2 2 2 2 2 2 2 2 2 2 2 2 2
left_child=2 15 3 -1 5 6 8 -8 9 11 -11 -4 -12 -10 -5 -2 18 19 -13 22 21 -9 24 -23 -16
right_child=1 -3 4 14 -6 -7 7 20 13 10 12 16 -14 -15 17 -17 -18 -19 -20 -21 -22 23 -24 -25 -26
leaf_value=0.094177981539666972 0.043669960343852982 -0.023252284180781221 0.062761241668214451 -0.030251049276692695 0.099998952181803422 -0.047487994404108225 -0.029409339389331476 0.10002270745860516 -0.020676392867737384 -0.027187167769025217 0.035793288639314295 -0.10002342872512532 0.099258717798899443 -0.087911351426686074 -0.10000622617159081 0.10002956584952089 -0.0042582875367135837 -0.05041122452750943 -0.077548891201774689 -0.10005124323561364 0.10003475705313247 0.10000647824481711 -0.10001714644386978 0.10001336368574248 -0.10001324225533886
leaf_weight=0.0022262466659128686 0.003479981978671276 0.0072161829937158464 0.0011083719990843113 0.0029567791135605157 0.0030700583129430461 0.012989099862835474 0.0042077312707533565 0.002164895719033666 0.0040244392777140092 0.0056922709918580941 0.0056283175269982166 0.0029453393362928182 0.0072604509783786852 0.0055428726882382762 0.001551677444851407 0.0055288421524437581 0.001057208387976516 0.0024280684483528603 0.0012462501632519718 0.0016529253171029268 0.0025145840190816671 0.0015522036455308807 0.0026268173544394813 0.0012301334340918402 0.0011080554813958088
leaf_count=15 13 27 24 18 21 29 17 7 17 25 35 7 27 26 70 32 95 5 63 5 7 36 10 9 10
internal_value=0.000262305 0.033111 -0.00667878 -0.0478528 0.00294785 -0.00208818 0.0106828 0.0533524 -0.00374773 0.0176907 0.0412981 -0.0513102 0.0715444 -0.0596293 -0.073509 0.0782586 -0.0753982 -0.087163 -0.0933413 -0.100022 0.100022 0.100015 -0.100013 0.10001 -0.100009
internal_weight=0.0930098 0.016225 0.0767848 0.0145506 0.0622342 0.0591642 0.0461751 0.0116695 0.0345055 0.0249382 0.018581 0.00635717 0.0128888 0.00956731 0.0123243 0.00900882 0.0052488 0.00936754 0.00419159 0.00693948 0.00746182 0.00494723 0.00528655 0.00278234 0.00265973
internal_count=650 72 578 133 445 424 395 76 319 276 87 189 62 43 118 45 165 100 70 95 59 52 90 45 80
is_linear=0
shrinkage=0.1


Tree=169
num_leaves=21
num_cat=0
split_feature=50 36 28 51 34 37 17 38 5 28 23 22 34 18 23 47 35 8 36 43
split_gain=0.00206031 0.00420731 0.00338207 0.00323954 0.00320801 0.00288731 0.0028544 0.00281635 0.00382145 0.00336067 0.00391224 0.00247975 0.00217951 0.00132984 0.00127531 0.00127223 0.000861599 5.62855e-05 6.14292e-11 3.87263e-11
threshold=0.57493501901626598 0.22046274691820147 294364.50000000006 0.26420326530933386 0.98341494798660289 0.4798665344715119 31.450847625732425 0.41139391064643865 0.36505883932113653 87037.000000000015 0.35435163974761968 3.8195797204971318 0.64331087470054638 0.0043338353279978046 0.33333329856395727 0.89383545517921459 0.57720297574996959 36.338407516479499 0.10937060043215753 0.61250001192092907
decision_type=2 2 2 2 2 2 2 2 2 2 2 2 2 2 2 2 2 2 2 2
left_child=1 2 5 -3 6 -1 16 11 -9 15 -11 -2 -7 -12 -8 -10 -5 -4 -13 -15
right_child=7 3 17 4 -6 12 14 8 9 10 13 18 -14 19 -16 -17 -18 -19 -20 -21
leaf_value=-0.085625674926985793 -0.0041828634694691521 0.1000231654059881 -0.081993455909971258 -0.012942491901644058 0.1000167327720636 -0.04024824752735548 -0.092699399461118021 0.082188803320314141 -0.01061820390200688 -0.044921643594246337 0.012878759375941129 0.10003695307789773 0.046425509310759928 0.10001522063423707 -0.016877935165278687 -0.063847603221722588 0.10001949335984595 -0.1000202488261399 0.1000170139853742 0.1000324140291331
leaf_weight=0.0043625297190104098 0.0035772700566667481 0.0040188714156101915 0.0024696242490449549 0.0010282001988333187 0.0025650431698522888 0.0050531558918294195 0.0040887009511152428 0.0050958363761992578 0.0084302365023631864 0.0045903235665036854 0.0026188515184912831 0.0026980355823980062 0.0068126950682199094 0.0028865416434200597 0.0048494802554159833 0.0096071655998457572 0.0019667967198984115 0.0057993845725974325 0.0036158993739263678 0.0023986371970750042
leaf_count=23 9 17 18 219 17 39 21 39 27 13 11 7 22 28 23 17 13 38 35 14
internal_value=0.000299812 -0.015393 -0.0425838 0.0205793 -0.00144235 -0.0160609 -0.023251 0.0151293 0.002023 -0.0113569 0.0285059 0.0623373 0.00951488 0.0711494 -0.0515619 -0.0389695 0.061239 -0.0946364 0.100026 0.100023
internal_weight=0.0885333 0.0430145 0.0244974 0.0185171 0.0144982 0.0162284 0.0119332 0.0455188 0.0356276 0.0305318 0.0124944 0.00989121 0.0118659 0.00790403 0.00893818 0.0180374 0.002995 0.00826901 0.00631393 0.00528518
internal_count=650 450 140 310 293 84 276 200 149 110 66 51 61 53 44 44 232 56 42 42
is_linear=0
shrinkage=0.1


Tree=170
num_leaves=28
num_cat=0
split_feature=13 47 3 17 3 34 35 15 45 15 35 15 39 13 11 45 47 33 9 19 33 21 50 33 2 15 13
split_gain=0.00187539 0.00177018 0.00251321 0.00418584 0.00372289 0.00451351 0.00440447 0.0040622 0.0030202 0.00242796 0.00206321 0.00198914 0.00180536 0.00124161 0.00123483 0.00097553 0.000261416 0.00062385 0.000134269 7.42488e-05 1.9765e-05 4.7357e-06 1.17173e-10 7.86542e-11 1.82723e-11 1.22871e-11 4.16848e-12
threshold=17.360984802246097 0.18418367207050326 1.2452767491340639 44.609001159667976 0.97351929545402538 0.46717572212219244 0.95062649250030529 0.070995699614286437 0.55122324824333202 -0.42866916954517359 0.5642564892768861 0.025666806846857074 0.74873736500740062 46.478940963745124 0.16470438987016681 0.39958161115646368 0.49661673605442053 0.52282992005348217 0.011397059075534345 0.13812254369258883 0.68158119916915905 0.029215102083981041 0.62938594818115245 0.49077829718589788 0.28199221193790441 0.076234370470047011 41.821825027465827
decision_type=2 2 2 2 2 2 2 2 2 2 2 2 2 2 2 2 2 2 2 2 2 2 2 2 2 2 2
left_child=-1 11 4 19 5 12 14 9 -9 -7 -11 15 24 -5 -6 -2 17 23 -12 -4 22 -18 -17 -16 -3 26 -21
right_child=1 2 3 13 6 7 -8 8 -10 10 18 -13 -14 -15 16 20 21 -19 -20 25 -22 -23 -24 -25 -26 -27 -28
leaf_value=0.065574925315604993 -0.022443301124201606 -0.10001012999360837 0.077133617343170646 -0.051850378155367617 0.0012995421440758681 -0.016482252621963584 0.10002890432528283 -0.07410036631841424 0.025633448088959166 0.011790672399409651 0.1000315833727603 0.0349857060844211 0.0055768936008552539 0.021832091760068974 -0.10005515174238711 -0.10001012651280153 -0.092938719780535112 -0.017732784644594907 0.076081268789528408 0.10000881141199439 -0.086625897576878511 -0.10005895395240161 -0.10004959505599081 -0.10001748736310755 -0.10002257691301089 0.10002194063764316 0.10001601744886501
leaf_weight=0.0041859987645693755 0.0030190680487578447 0.0022888352929513181 0.0019393977645449914 0.0037501617507587071 0.001880909435385548 0.0040881435161281817 0.0016666875490045649 0.0057481482594994304 0.0064360634478362044 0.0043612614824724031 0.0078438003151859448 0.0025442563647644079 0.0024640589428059911 0.0058613403339222714 0.0010908866997851874 0.0015926011954867647 0.0011275865480246949 0.0015747226716484874 0.0033363663578711575 0.0018049086511382484 0.0017315381082880776 0.0054438174756299418 0.0014254082925617695 0.0011275079780883601 0.002433270255323805 0.0020244819602339703 0.0014457931465585716
leaf_count=21 28 34 9 13 7 14 7 16 26 19 32 20 15 39 3 44 115 7 28 40 7 12 2 63 9 12 8
internal_value=0.000325196 -0.00308682 0.00263165 0.0362956 -0.00807352 0.00776911 -0.0524853 0.0239375 -0.021418 0.0520899 0.0701277 -0.0417565 -0.0638097 -0.00691692 -0.0732435 -0.0668899 -0.0867713 -0.0658676 0.0928844 0.0938647 -0.0951425 -0.0988372 -0.100029 -0.100036 -0.100017 0.100016 0.100012
internal_weight=0.084237 0.080051 0.0697381 0.0168261 0.0529121 0.0389999 0.0139121 0.0318138 0.0121842 0.0196296 0.0155414 0.0103129 0.00718616 0.0096115 0.0122454 0.00776862 0.0103645 0.00379312 0.0111802 0.00721458 0.00474955 0.0065714 0.00301801 0.00221839 0.00472211 0.00527518 0.0032507
internal_count=650 629 528 121 407 193 214 135 42 93 79 101 58 52 207 81 200 73 60 69 53 127 46 66 43 60 48
is_linear=0
shrinkage=0.1


Tree=171
num_leaves=25
num_cat=0
split_feature=1 36 35 11 7 3 38 36 10 35 9 3 9 50 34 12 21 19 47 8 45 36 35 34
split_gain=0.00182113 0.00295556 0.00305671 0.00261731 0.00420259 0.00517831 0.00295635 0.00363534 0.00285888 0.00278968 0.00200023 0.00241729 0.00141023 0.0010372 0.000944722 0.000625068 1.20013e-05 3.5376e-10 1.64118e-10 1.79647e-11 1.45693e-11 1.06527e-11 3.83822e-12 4.16552e-13
threshold=0.17397624254226687 0.3522451519966126 0.56283041834831249 0.7140645980834962 34.897735595703132 0.045225491747260101 0.52790078520774852 0.12746056169271472 -0.071251668035984025 0.48399372398853308 -0.048662086948752396 1.6290082335472109 0.067424245178699507 0.50031399726867687 0.36673821508884435 17.500000000000004 -0.0060665246564894906 3.4087134599685673 0.29935848712921148 60.465667724609382 0.56343257427215587 0.19169653952121737 0.63053309917449962 0.74676653742790233
decision_type=2 2 2 2 2 2 2 2 2 2 2 2 2 2 2 2 2 2 2 2 2 2 2 2
left_child=1 10 -3 4 8 -6 7 -5 -2 -7 13 15 -9 -1 -11 16 -12 20 -16 21 23 -20 -23 -18
right_child=3 2 -4 6 5 9 -8 12 -10 14 11 -13 -14 -15 18 -17 17 -19 19 -21 -22 22 -24 -25
leaf_value=-0.039949963846780207 0.032100759974762388 -0.034725768988664488 0.079252555488007817 -0.034015552047721789 -0.059785679996446475 -0.020551924390330382 -0.068404071790449633 0.0096193897697975199 -0.065751892012821347 0.031812154949426678 -0.088574791172978576 0.053671679241914544 0.10001807828130647 0.097523624493962013 0.10004082213810286 -0.018972549161363844 -0.10000375122262778 -0.10005431141844304 0.10001672714613466 0.10002487592366956 -0.10001938759142473 0.10001238841164264 0.10000414030065784 -0.10000661654792747
leaf_weight=0.0010399001632386282 0.0055862551298559993 0.0049973219429375604 0.0044465342484727444 0.0090196839155396447 0.0034209294017273342 0.0026711887167039086 0.0073717293257686825 0.0029919968737885929 0.0064137092106761884 0.0023865274476975165 0.0010411398534992981 0.0013461071794154131 0.004077494396824477 0.0011621290004768525 0.0038971579363078499 0.0011140717681428223 0.0010215516643867746 0.0043143754985237592 0.005404816840609783 0.0020377728917537752 0.0011187189411430154 0.0012161793135874177 0.0010523842547058848 0.0010080039501190186
leaf_count=55 19 15 33 17 9 11 20 13 34 12 69 9 31 6 14 10 148 13 30 11 5 16 43 7
internal_value=0.000297088 -0.02375 0.0189397 0.00974492 0.0274375 0.0533188 -0.0159611 0.00806721 -0.0201993 0.0740475 -0.054371 -0.0718389 0.0617589 0.0326022 0.0898459 -0.0894052 -0.0986325 -0.100036 0.100023 0.100017 -0.10001 0.100014 0.100009 -0.100005
internal_weight=0.0801577 0.0226099 0.00944386 0.0575478 0.0340869 0.022087 0.0234609 0.0160892 0.012 0.018666 0.013166 0.010964 0.00706949 0.00220203 0.0159948 0.00961786 0.00850379 0.00746265 0.0136083 0.00971115 0.00314827 0.00767338 0.00226856 0.00202956
internal_count=650 370 48 280 199 146 81 61 53 137 322 261 44 61 126 252 242 173 114 100 160 89 59 155
is_linear=0
shrinkage=0.1


Tree=172
num_leaves=25
num_cat=0
split_feature=36 50 16 10 34 5 35 17 10 15 5 34 0 16 22 47 34 2 33 13 16 36 33 47
split_gain=0.00179179 0.00394949 0.00212535 0.00300734 0.00331254 0.00237793 0.00360325 0.00321086 0.00293547 0.00256804 0.00193736 0.00188922 0.0018082 0.0013515 0.00115206 0.00111223 7.75169e-06 1.82852e-10 3.88262e-11 1.73183e-11 1.35918e-11 3.36987e-12 3.34748e-12 1.20726e-12
threshold=0.13332176953554156 0.51756414771080028 -1.0064286291599271 -0.26832531392574305 0.27326683700084692 1.1898059248924258 0.57525253295898449 40.589738845825202 -0.068299319595098482 0.0040465374477207669 2.2065767049789433 0.81210276484489452 0.27749763429164892 -0.057401176542043679 16.761256217956547 0.18982805311679843 0.94167593121528637 0.32076001167297369 0.4887626320123673 61.051378250122077 0.1432977691292763 0.28774669766426092 0.52560123801231395 0.32454419136047369
decision_type=2 2 2 2 2 2 2 2 2 2 2 2 2 2 2 2 2 2 2 2 2 2 2 2
left_child=1 11 -2 -4 -5 6 8 -7 -6 13 -9 17 -3 -10 -11 -8 18 22 -15 20 21 -17 -1 -23
right_child=2 12 3 4 5 7 15 10 9 14 -12 -13 -14 16 -16 19 -18 -19 -20 -21 -22 23 -24 -25
leaf_value=-0.10000402277602656 0.10002589806294544 -0.024559041985516363 -0.10007097433297636 -0.10002422265818796 0.099349803873568454 0.069953617376206922 0.017523570645026 -0.075461291257590421 0.029154535196778516 0.09831033117564833 0.0086725232163725446 -0.010530717391436368 0.032116197899523934 -0.1000324436982381 -0.033126019253421658 0.10001196106842299 -0.089916288271630798 -0.10004243709576695 -0.10000838420093378 0.10002084599840083 0.1000189216395399 0.1000079261874612 -0.10001003312730153 0.1000031700343208
leaf_weight=0.0013662783996366556 0.0026762496054288923 0.010395770284958417 0.0024205101071856907 0.0023546666888023529 0.0023652257413004892 0.0038857479721627905 0.002011045733524953 0.005807693757560628 0.0010714586874360759 0.0017591630843210027 0.0051764352188001794 0.0036442260516196257 0.012277947123038757 0.0010332408892281871 0.0010740214430882133 0.001408767745942896 0.001024007202431676 0.0024430219427813427 0.00191179005203157 0.0034248012467514855 0.0017550933625898324 0.0011214082008450532 0.0028799064699072119 0.00101832175712957
leaf_count=42 14 36 3 24 18 24 8 24 28 68 23 13 36 6 11 18 4 7 131 20 13 13 22 44
internal_value=0.000329678 -0.0172212 0.0137087 0.00802214 0.0148709 0.0224177 0.0441014 -0.00817365 0.00165651 -0.0276902 -0.035812 -0.0684608 0.00613092 -0.0705069 0.0484846 0.0845681 -0.0974109 -0.100021 -0.100017 0.100015 0.100012 0.100008 -0.100008 0.100006
internal_weight=0.0763068 0.0330072 0.0432996 0.0406234 0.0382029 0.0358482 0.0209783 0.0148699 0.0102389 0.00787368 0.0109841 0.0103334 0.0226737 0.0050405 0.00283318 0.0107394 0.00396904 0.00668921 0.00294503 0.00872839 0.00530359 0.0035485 0.00424618 0.00213973
internal_count=650 156 494 480 477 453 382 71 266 248 47 84 72 169 79 116 141 71 137 108 88 75 64 57
is_linear=0
shrinkage=0.1


Tree=173
num_leaves=25
num_cat=0
split_feature=4 38 37 4 9 7 34 38 45 13 8 19 11 25 8 35 21 34 0 36 28 37 11 5
split_gain=0.00161653 0.00299594 0.00236011 0.00373804 0.0023164 0.00257633 0.00230476 0.00294521 0.00294256 0.00320316 0.00295383 0.00113703 0.000970823 0.000859799 0.000613773 0.000555473 0.000468401 0.000356406 7.69572e-11 3.29604e-11 8.15861e-12 5.67998e-12 2.69139e-12 1.27853e-12
threshold=2.0312211513519292 0.49495753645896917 0.4798665344715119 0.37571890652179724 0.19988002628088 67.378948211669936 0.88581880927085888 0.41312573850154882 0.56343257427215587 26.044805526733402 29.925373077392582 1.7840778231620791 0.18718999624252322 1.0000000180025095e-35 38.161216735839851 0.521297186613083 0.010611587204039099 0.90462797880172741 0.3002509623765946 0.1079174615442753 610.00000000000011 0.41601093113422399 0.7301490604877473 0.61531922221183788
decision_type=2 2 2 2 2 2 2 2 2 2 2 2 2 2 2 2 2 2 2 2 2 2 2 2
left_child=2 16 3 -1 5 6 8 -8 9 13 -11 -12 -10 -4 -5 20 -2 18 21 -9 -15 -16 -21 -23
right_child=1 -3 4 14 -6 -7 7 19 12 10 11 -13 -14 15 17 -17 -18 -19 -20 22 -22 23 -24 -25
leaf_value=0.093056955411355891 0.046602714989931612 -0.019206352031528331 0.02715461359363491 -0.027058131487882831 0.099988429753038482 -0.045691608875282307 -0.025355520408884388 0.10002620610805363 -0.011304778547769267 -0.026920901327531263 0.033324966744607297 0.099177195405415752 -0.083720414744283822 -0.10002138877971323 -0.10001561219504747 -0.01576272300994434 0.10001881335896919 -0.04963177030879936 -0.10003887488714065 0.10000789297084077 -0.10001039030272962 -0.10000503882754573 0.10001368250772585 -0.10000953406328013
leaf_weight=0.001600511392325644 0.0027852128514496144 0.0059333832266474928 0.0010342249267898387 0.0022852338994141519 0.0023386345042126768 0.010464693455332963 0.002856276631973742 0.0021237512555671856 0.0030419465629165634 0.0046264979746410981 0.0048527704830405582 0.0057038023680320293 0.004729785871063541 0.0014332313273399677 0.001389618941828985 0.0011006446021610827 0.0039981664511969939 0.0019151223496010061 0.0012483824830269441 0.0019663992095217964 0.0012739484557116043 0.0010672777590556848 0.0013571055760621675 0.0015539276622167364
leaf_count=15 10 27 96 18 21 29 17 7 16 25 37 27 28 7 19 9 35 5 5 38 77 13 11 58
internal_value=0.000307039 0.0326916 -0.00656089 -0.0482779 0.00287384 -0.00200354 0.0106607 0.0568906 -0.00314925 0.0171199 0.0397058 0.0689055 -0.0553761 -0.0537019 -0.0721911 -0.0756629 0.0780865 -0.0865673 -0.100017 0.100016 -0.100016 -0.10001 0.10001 -0.100008
internal_weight=0.0726806 0.0127168 0.0599638 0.0110601 0.0489037 0.0465651 0.0361004 0.00830353 0.0277969 0.0200251 0.0151831 0.0105566 0.00777173 0.00484205 0.00945956 0.00380782 0.00678338 0.00717433 0.00525921 0.00544726 0.00270718 0.00401082 0.0033235 0.00262121
internal_count=650 72 578 133 445 424 395 73 322 278 89 64 44 189 118 93 45 100 95 56 84 90 49 71
is_linear=0
shrinkage=0.1


Tree=174
num_leaves=18
num_cat=0
split_feature=0 15 18 10 22 34 16 8 12 47 8 34 36 47 39 1 18
split_gain=0.00150538 0.00154496 0.0018259 0.00247472 0.00271164 0.00204453 0.00174882 0.00248844 0.00291129 0.00208371 0.00207213 0.00268738 0.00117934 0.000928759 4.25424e-06 2.76634e-10 7.83977e-11
threshold=0.064070925116539015 -1.2774457335472105 -0.027100918814539906 -0.070207323879003511 -13.531486034393309 0.6801230013370515 0.1349403187632561 30.170042037963871 1.5000000000000002 0.53442415595054638 43.55414009094239 0.8165622651576997 0.18989636749029162 0.19109385460615161 0.29705883562564855 0.17487261444330218 0.0066092731431126603
decision_type=2 2 2 2 2 2 2 2 2 2 2 2 2 2 2 2 2
left_child=-1 -2 5 -4 -5 12 7 -6 10 -8 -9 -12 14 -10 -3 -15 -17
right_child=1 2 3 4 6 -7 9 8 13 -11 11 -13 -14 15 -16 16 -18
leaf_value=-0.088183026726919772 0.075390115862022586 -0.093805610703082076 0.085330801595952868 -0.094415991589635692 -0.05198895612902054 0.0092310959135559253 -0.067099539463055066 0.074324640935417671 0.017942288018218622 0.012438579308530262 -0.056471669185271835 0.040126065424785758 -0.025619458639775574 0.099978183125967957 -0.10002621354081268 0.10004080130548763 0.1000146420954121
leaf_weight=0.0018693489449184133 0.0028091392359783631 0.0019535565661925602 0.0039617806180558537 0.0026928331643887296 0.0037504119263758176 0.0077593766068275718 0.0055769387204236418 0.0037504315055230117 0.0017393098205502611 0.0080451398944205721 0.0061469247288954421 0.0054189653083085432 0.0047182604976683251 0.0017593329963290216 0.0025144801704470865 0.0018290467760380125 0.0030662618217434101
leaf_count=234 17 20 29 27 15 36 26 22 7 31 31 32 31 27 21 5 39
internal_value=0.000337772 0.00278956 -0.000363435 0.00964678 0.00279723 -0.0285631 0.00916922 0.0237007 0.035673 -0.0201247 0.00973237 -0.0112127 -0.0604866 0.0830065 -0.0973064 0.100012 0.100024
internal_weight=0.0693615 0.0674922 0.0646831 0.0477374 0.0437756 0.0169457 0.0410828 0.0274607 0.0237103 0.0136221 0.0153163 0.0115659 0.0091863 0.00839395 0.00446804 0.00665464 0.00489531
internal_count=650 416 399 291 262 108 235 178 163 57 85 63 72 78 41 71 44
is_linear=0
shrinkage=0.1


Tree=175
num_leaves=23
num_cat=0
split_feature=13 36 22 15 16 45 3 0 5 12 1 12 21 34 11 4 10 37 28 44 35 11
split_gain=0.00136213 0.00137786 0.00256294 0.00188019 0.00361351 0.00216934 0.00232612 0.00241279 0.00188483 0.00210801 0.0034679 0.00219781 0.00237115 0.00191389 0.00198829 0.00173279 0.000483391 0.00046373 3.57155e-05 1.40339e-05 1.68196e-11 1.83686e-12
threshold=17.360984802246097 0.060565244406461723 7.7050566673278817 2.6251000165939335 0.64803576469421398 0.23244177550077441 1.6290082335472109 0.12234095111489297 1.1333634257316592 3.5000000000000004 0.27786077558994299 7.5000000000000009 -0.0026198890991508956 0.96541377902030956 0.48690895736217504 1.638841509819031 -0.047274090349674218 0.49963459372520452 294364.50000000006 0.72666952013969432 0.53223219513893139 0.8004761040210725
decision_type=2 2 2 2 2 2 2 2 2 2 2 2 2 2 2 2 2 2 2 2 2 2
left_child=-1 2 16 4 5 -3 8 -8 9 10 13 -11 -13 14 -7 17 -2 -10 -12 -16 -9 -22
right_child=1 3 -4 -5 -6 6 7 20 15 11 18 12 -14 -15 19 -17 -18 -19 -20 -21 21 -23
leaf_value=0.063845138866731793 -0.043841602880209329 0.089862116816541271 0.022957550850007138 0.10003175435054681 -0.084918681273048593 0.012810365434747815 -0.025187789101785658 0.10001963709067868 -0.08880923195375999 -0.08884576820484115 0.10001786150645918 -0.046018576086407949 0.090794849408251943 0.10001909303444761 -0.10001195536535204 0.011798453712546526 -0.10003488257454174 -0.042030214280036365 0.083892896104853704 -0.085150209767609578 0.1000047706565074 0.10001007826272988
leaf_weight=0.0032132464036749289 0.0026295548907455668 0.0030538791907019905 0.0043958446271972207 0.001952754129888489 0.0045573616192768887 0.0046968347246121311 0.0023614036945218677 0.0017537692747282563 0.0040803399544913077 0.0036156065073313925 0.0034445810422880649 0.0029468408547757008 0.0022219506777219067 0.001421672979631694 0.0017210480810039286 0.0045811099082584414 0.003663768447864868 0.0044090160770338116 0.00228464396104755 0.0010072538339453985 0.0015323978745982458 0.001134997768986068
leaf_count=21 12 12 27 8 13 31 10 10 23 15 34 23 26 6 206 19 31 17 13 24 55 14
internal_value=0.000324723 -0.00289125 -0.0356315 0.00373972 4.00517e-05 0.00840854 0.00265225 0.0564227 -0.00735855 0.00965544 0.0329757 -0.02904 0.0127945 -0.00627691 -0.0266292 -0.0377671 -0.0765555 -0.0645142 0.0935877 -0.0945252 0.100012 0.100007
internal_weight=0.0666799 0.0634666 0.0106892 0.0527775 0.0508247 0.0462673 0.0432135 0.00678257 0.0364309 0.0233604 0.014576 0.0087844 0.00516879 0.00884681 0.00742514 0.0130705 0.00629332 0.00848936 0.00572923 0.0027283 0.00442116 0.0026674
internal_count=650 629 70 559 551 538 526 89 437 378 314 64 49 267 261 59 43 40 47 230 79 69
is_linear=0
shrinkage=0.1


Tree=176
num_leaves=22
num_cat=0
split_feature=36 37 8 50 16 34 10 51 7 12 5 1 34 22 15 36 37 0 34 23 14
split_gain=0.00130069 0.00324741 0.0022071 0.00275613 0.00171468 0.00246986 0.0026576 0.00202097 0.00179094 0.00247771 0.00244782 0.0032107 0.00272095 0.00194893 0.00152456 0.00149792 0.000858627 1.23469e-10 3.20244e-11 2.50775e-12 8.93061e-13
threshold=0.13332176953554156 0.55616044998168956 31.980230331420902 0.52281171083450328 -1.0064286291599271 0.27326683700084692 -0.26832531392574305 0.4470962285995484 39.564392089843757 1.5000000000000002 0.83639281988143932 0.78370514512062084 0.82495293021202099 12.567188262939455 -0.061299171298742287 0.19242680072784427 0.4899058341979981 0.3784733265638352 0.88027030229568493 0.20869629085063937 48.96417427062989
decision_type=2 2 2 2 2 2 2 2 2 2 2 2 2 2 2 2 2 2 2 2 2
left_child=1 2 -1 14 -2 -6 -7 16 -9 10 12 13 -10 -12 -4 -11 -8 19 -17 -16 -20
right_child=4 -3 3 -5 5 6 7 8 9 15 11 -13 -14 -15 17 18 -18 -19 20 -21 -22
leaf_value=-0.10002054786932069 0.10002049630065123 0.047702606806788846 -0.0055009373595117554 0.015365975504190313 -0.10002401859361343 -0.10005877276886375 0.031888821148196252 -0.083539239275243232 -0.043996118597228351 -0.0083421323531457769 0.058149022716225365 0.10001422010453634 0.10001439088749363 -0.090885735218958957 -0.10001080515396672 0.10002334231638016 0.10001216270104114 -0.10004018051704898 0.10000406414132944 -0.10000420852358682 0.1000082397138211
leaf_weight=0.0041302122828881229 0.0021287259623932178 0.0062252677953438243 0.0026986704842784067 0.010035700731350516 0.0020094169163158418 0.0019071841379627577 0.0035959227980129063 0.0020053382237623643 0.0021509527421130778 0.0018030825580126466 0.0010280385149394888 0.0013372735638768063 0.0033637410324445227 0.0059900072995837661 0.001170281198710656 0.0023132310787445931 0.0038110189120175164 0.0023348316317424178 0.0010133595272634466 0.0011353968385989788 0.0010357285696045437
leaf_count=29 14 28 14 35 24 3 23 22 20 13 206 13 32 24 13 14 35 5 37 32 14
internal_value=0.000326006 -0.0159011 -0.034313 -0.0186936 0.0130041 0.00745224 0.01434 0.021749 0.00656244 0.0155807 -0.00786528 -0.0419949 0.0438445 -0.0690544 -0.0652672 0.068326 0.0669396 -0.100024 0.100015 -0.100008 0.100006
internal_weight=0.0632234 0.0277304 0.0215051 0.0173749 0.035493 0.0333643 0.0313549 0.0294477 0.0220408 0.0200354 0.01387 0.00835532 0.00551469 0.00701805 0.00733918 0.0061654 0.00740694 0.00464051 0.00436232 0.00230568 0.00204909
internal_count=650 156 128 99 494 480 456 453 395 373 295 243 52 230 64 78 58 50 65 45 51
is_linear=0
shrinkage=0.1


Tree=177
num_leaves=24
num_cat=0
split_feature=10 22 22 44 35 50 43 7 22 7 25 44 6 17 45 15 0 3 28 4 33 36 1
split_gain=0.00124175 0.00229433 0.00219728 0.00205709 0.00179407 0.00333612 0.00314551 0.00225354 0.00234288 0.00241701 0.00151849 0.00142907 0.00243597 0.00141571 0.00128247 0.0011937 0.000607985 0.000577594 0.000270125 2.31756e-05 3.33388e-08 1.07888e-11 3.21584e-12
threshold=-0.086020506918430314 -13.531486034393309 -9.2070741653442365 0.15242141485214236 0.56283041834831249 0.82969668507576 0.66249999403953563 47.493478775024421 13.117409229278566 74.31409072875978 1.0000000180025095e-35 0.61621344089508068 50.626012802124031 29.943345069885257 0.46534186601638799 -0.088193900883197771 0.21347655355930331 0.43488784134387976 276715.00000000006 0.61278527975082409 0.57142856717109691 0.088599488139152541 0.45400393009185797
decision_type=2 2 2 2 2 2 2 2 2 2 2 2 2 2 2 2 2 2 2 2 2 2 2
left_child=13 15 -3 -4 5 11 7 -6 10 14 -9 12 16 -1 -10 -2 -5 -15 -13 -17 -16 -22 -23
right_child=1 2 3 4 6 -7 -8 8 9 -11 -12 18 -14 17 20 19 -18 -19 -20 -21 21 22 -24
leaf_value=-0.017884698682607392 0.016120436386372831 0.094536224081129661 -0.092111087222482138 -0.10002052330749843 0.091526223848371682 0.10001768042056342 -0.086408912866474119 -0.081574341050911672 0.017434573928840229 -0.011218579062214731 0.0084093330580203556 -0.10001645758205852 0.096059156082942965 0.10002281901824349 0.099437544906231023 -0.083452332085779971 -0.0060355202601675506 0.03486960339663505 -0.053568312603904128 -0.1000171807283135 0.10002048003830243 0.10000616310065509 0.10001333654621787
leaf_weight=0.0031537287654259671 0.0012755636261303493 0.0024082167512062816 0.0024758899439785145 0.0017334763675878051 0.0043424659495485676 0.001664165953570774 0.0027660308787744716 0.0034308513486394068 0.0028852502096015087 0.0061665844923481936 0.0041363876569562308 0.003951221881674627 0.0014558320476716347 0.002628774472555051 0.0013245849734175863 0.0012125800349167539 0.0011415709523134865 0.0028206362238165639 0.0018328699987542052 0.0027832463330739188 0.0016167659123311751 0.0011660042822541072 0.0013467638818838168
leaf_count=21 29 25 20 157 39 11 7 20 20 24 28 33 14 12 13 28 5 29 31 32 7 32 13
internal_value=0.000290411 -0.00562531 0.00155867 -0.00359619 0.00175412 -0.0311867 0.0150506 0.0256746 0.0127196 0.0362505 -0.0323877 -0.0527731 -0.00933464 0.0354392 0.0713517 -0.0681039 -0.0627027 0.0662993 -0.0852979 -0.0949904 0.0998741 0.100014 0.10001
internal_weight=0.0597195 0.0511163 0.0458449 0.0434367 0.0409608 0.0117791 0.0291817 0.0264157 0.0220732 0.014506 0.00756724 0.010115 0.00433088 0.00860314 0.00833937 0.00527139 0.00287505 0.00544941 0.00578409 0.00399583 0.00545412 0.00412953 0.00251277
internal_count=650 588 499 474 454 251 203 196 157 109 48 240 176 62 85 89 162 41 64 60 65 52 45
is_linear=0
shrinkage=0.1


Tree=178
num_leaves=22
num_cat=0
split_feature=50 36 47 34 3 45 38 5 38 16 0 18 8 36 35 19 34 0 5 23 33
split_gain=0.0011573 0.002761 0.0019881 0.00193954 0.00186983 0.00177165 0.00176495 0.00243615 0.00201725 0.00273567 0.00208734 0.0014397 0.00187464 0.00143103 0.000986228 0.000774615 0.000107627 1.95789e-11 1.81999e-11 8.69837e-12 4.08807e-12
threshold=0.57493501901626598 0.12613204121589663 0.58146181702613842 0.98341494798660289 0.26782476902008062 0.35378481447696691 0.41139391064643865 0.36505883932113653 0.42202435433864599 0.0022668623132631187 0.26366481184959417 -0.015021658968180416 44.859048843383796 0.26796908676624304 0.53009849786758434 -1.5981078147888181 0.68224287033081066 0.29010538756847387 2.2760730981826787 0.68356868624687206 0.66083407402038585
decision_type=2 2 2 2 2 2 2 2 2 2 2 2 2 2 2 2 2 2 2 2 2
left_child=1 4 3 5 -1 -3 13 -8 -9 14 -11 16 -13 -2 -10 -14 19 20 -16 -7 -6
right_child=6 2 -4 -5 17 11 7 8 9 10 -12 12 15 -15 18 -17 -18 -19 -20 -21 -22
leaf_value=-0.015018946506346982 0.099281846683141425 0.062075790112478949 0.073116266110596462 0.10001010494654688 -0.10000393409006787 -0.10000604833880256 0.082633572214968434 -0.069985456413011779 0.010256490409512077 -0.084303980285966418 0.0098728127738146494 0.057425523578621178 0.0043484940497112547 0.0032327356021438097 0.10000773092147847 -0.099618639168811071 -0.063702163362184247 -0.10002068738755465 0.10002299372812176 -0.10001764890689445 -0.10001105901082274
leaf_weight=0.0054871885952252342 0.003822381546115138 0.0020290228736712388 0.0038955190562433009 0.0014581941236428983 0.0016757595826035754 0.0013367585948165237 0.0031594751281431846 0.0045962930198584209 0.0020080059257452385 0.0037089688380547159 0.0064395595153428076 0.0024195020295394434 0.0011500596136730943 0.0026105975001087245 0.0016594652752246475 0.0019014881612298131 0.001192478177472367 0.0016736694856263057 0.0014763028909783316 0.0012515174550715713 0.0015503254944633227
leaf_count=32 21 16 37 14 46 72 39 11 8 13 38 22 13 30 33 150 5 9 7 26 8
internal_value=0.00028878 -0.01466 0.0105991 -0.00851834 -0.055112 -0.0225471 0.0139904 0.00106384 -0.0118942 0.00556583 -0.0245459 -0.0411058 -0.00831311 0.0603037 0.0649754 -0.0604358 -0.0885594 -0.100012 0.100015 -0.100012 -0.100007
internal_weight=0.0565025 0.0270215 0.0166345 0.012739 0.0103869 0.0112808 0.029481 0.0230481 0.0198886 0.0152923 0.0101485 0.0092518 0.00547105 0.00643298 0.00514377 0.00305155 0.00378075 0.00489975 0.00313577 0.00258828 0.00322609
internal_count=650 450 355 318 95 304 200 149 110 99 51 288 185 51 48 163 103 63 40 98 54
is_linear=0
shrinkage=0.1


Tree=179
num_leaves=20
num_cat=0
split_feature=16 34 4 47 0 36 37 13 34 4 14 50 7 36 9 50 35 37 36
split_gain=0.00114058 0.0024717 0.00223653 0.00205825 0.00186404 0.00290633 0.00215111 0.00155644 0.00182711 0.00136488 0.00113275 0.000771775 0.000609028 0.000241732 0.000126943 1.86947e-11 7.72904e-12 5.23048e-12 1.57488e-12
threshold=0.12519352883100512 0.94715484976768505 0.067032057791948332 0.55680799484252941 0.26018053293228155 0.08614096045494081 0.53775939345359813 64.154321670532241 0.51397606730461132 0.7594682276248933 30.162008285522464 0.55600765347480785 72.015014648437514 0.33646036684513098 0.02870879136025906 0.54197159409523021 0.57990732789039623 0.50001686811447155 0.25875084102153784
decision_type=2 2 2 2 2 2 2 2 2 2 2 2 2 2 2 2 2 2 2
left_child=1 4 -3 12 5 14 10 8 9 -7 -6 -10 -2 -11 15 -1 -8 -4 -19
right_child=3 2 17 -5 6 7 16 -9 11 13 -12 -13 -14 -15 -16 -17 -18 18 -20
leaf_value=-0.10000563274226737 -0.035829092937968904 -0.048154782946201666 0.1000145816086358 0.0098402272965680618 0.041103289721154602 0.017085151118012135 0.10001621603309296 -0.095807581906131534 0.0091775832843904812 -0.10001925027875443 -0.020867837941881785 0.077590299416070027 -0.10004860950304924 -0.039335875009711835 -0.06715861083024878 -0.10002106902072504 0.10000604108957854 0.1000094760787703 0.10000475846079093
leaf_weight=0.0016176212533416381 0.0028503421709178411 0.0013008586686282788 0.0017150472876892309 0.0074797467423195485 0.0051653010841619107 0.0031897101832640828 0.0016905231859709611 0.0014939097127353316 0.0029086104379985045 0.0018220929815129239 0.0068758602425305071 0.0038076950074241722 0.0030643456711345607 0.0010261138695568661 0.0018798563451127848 0.0015234852194225823 0.0013369814066663821 0.0018293902805908147 0.001153995397103813
leaf_count=35 37 8 13 38 30 31 14 7 20 230 34 29 8 8 8 9 34 17 40
internal_value=0.000265206 0.00866093 0.0678828 -0.0250183 -0.00168597 -0.0222898 0.0246613 0.0007647 0.0120763 -0.0278425 0.00571594 0.047963 -0.0691006 -0.0781571 -0.0877123 -0.100013 0.100012 0.10001 0.100008
internal_weight=0.0537315 0.0403371 0.00599929 0.0133944 0.0343378 0.0192691 0.0150687 0.0142481 0.0127542 0.00603792 0.0120412 0.00671631 0.00591469 0.00284821 0.00502096 0.00314111 0.0030275 0.00469843 0.00298339
internal_count=650 567 78 83 489 377 112 325 318 269 64 49 45 238 52 44 48 70 57
is_linear=0
shrinkage=0.1


Tree=180
num_leaves=18
num_cat=0
split_feature=33 33 34 36 1 22 36 6 3 36 8 7 19 8 18 10 38
split_gain=0.00161336 0.00200857 0.00186378 0.00261376 0.00198138 0.0022323 0.00173851 0.00212364 0.002434 0.0016017 0.00142692 0.00142165 0.000453885 0.000336978 0.000198085 6.19011e-05 1.78506e-12
threshold=0.87310954928398143 0.79441821575164806 0.73006755113601696 0.097786568105220809 0.1949453800916672 0.4017262607812882 0.103678185492754 56.038530349731452 1.2452767491340639 0.035413067787885673 45.216901779174812 31.946216583251957 1.6558160781860354 64.899631500244155 0.022301244549453262 -0.052662588655948632 0.49993380904197698
decision_type=2 2 2 2 2 2 2 2 2 2 2 2 2 2 2 2 2
left_child=1 2 3 9 5 14 -4 -8 -9 -1 -7 -6 -13 -10 16 -11 -5
right_child=-2 -3 6 4 11 10 7 8 13 15 -12 12 -14 -15 -16 -17 -18
leaf_value=-0.0048621914602047043 0.10001445525127053 -0.048781549135934882 0.084056496459913893 -0.10000918401853837 -0.0053499826377523506 0.074231421226317637 0.10000769773034193 -0.045037331530911301 0.10000786708176822 -0.076414871748172339 -0.042455390254312469 0.042462545162594199 0.097440656851188912 0.02576376355334133 -0.048699603805276409 -0.10002060095988873 -0.10000382503713159
leaf_weight=0.0036246292467012609 0.0015714511664555167 0.0080099552495767057 0.0047098104932956639 0.0012766455566732837 0.0039803055551601574 0.0023773125139996409 0.0021611701009760518 0.0061218681091759208 0.0015630269267319363 0.0016653202013117152 0.0018741892677054395 0.0028282260755645439 0.0032014361213441589 0.0010040312581622857 0.0010787548071604647 0.0033365650062791019 0.0012113438317293834
leaf_count=33 13 38 27 57 22 9 36 36 42 12 39 30 26 8 35 37 150
internal_value=0.000244598 -0.00288953 0.00585964 -0.0102932 0.0115716 -0.0261502 0.0333224 0.0112998 -0.0107643 -0.0554806 0.0227924 0.041034 0.0716531 0.0709694 -0.0844889 -0.0921613 -0.100007
internal_weight=0.051596 0.0500246 0.0420146 0.0264547 0.0178282 0.00781825 0.0155599 0.0108501 0.00868893 0.00862651 0.0042515 0.01001 0.00602966 0.00256706 0.00356674 0.00500189 0.00248799
internal_count=650 637 599 450 368 290 149 122 86 82 48 78 56 50 242 49 207
is_linear=0
shrinkage=0.1


Tree=181
num_leaves=19
num_cat=0
split_feature=0 3 0 11 3 34 11 1 3 10 35 36 4 6 14 40 23 36
split_gain=0.00107267 0.000977773 0.00186963 0.00144142 0.00201247 0.00261277 0.00178165 0.00264193 0.0015132 0.00132786 0.000867644 0.000382258 0.000143975 0.000115851 4.02083e-05 2.68937e-11 1.26013e-11 1.08604e-12
threshold=0.064070925116539015 2.3745584487915044 0.12234095111489297 0.71942749619483959 1.2749720215797427 0.51397606730461132 0.29547485709190374 0.17397624254226687 0.75342294573783886 -0.066143240779638277 0.57525253295898449 0.22400809824466708 0.53318470716476452 55.580469131469734 51.90959548950196 0.25000000745058065 0.44481542706489569 0.27482572197914129
decision_type=2 2 2 2 2 2 2 2 2 2 2 2 2 2 2 2 2 2
left_child=-1 3 -3 4 5 9 -7 -8 -5 -2 12 -10 -11 -6 15 -9 -14 -4
right_child=1 2 17 8 13 6 7 14 11 10 -12 -13 16 -15 -16 -17 -18 -19
leaf_value=-0.088891710825981074 0.0089715452789762597 -0.046969273063416146 0.10001039326891546 0.016065820879949757 0.06258985547067461 -0.012609604259276314 -0.018413018325922723 0.10000898648563701 -0.070689148952418387 -0.060372085805946343 -0.0043230680103691103 -0.031044033568457419 -0.10000622906172743 0.10001443460517499 0.082156650316323895 0.1000250339123719 -0.1000188268542879 0.10000629360685734
leaf_weight=0.0013133893679166944 0.0037348336682043737 0.0013011147311772211 0.0012826864324324561 0.0053682998608550756 0.0014432544750775369 0.0065081575521617188 0.0031471012305814838 0.0023040727294869612 0.0046722417656823723 0.0012699222450009984 0.0016488028331878013 0.0050724994489428354 0.0013395966894975686 0.0019376746305965753 0.0017985961147815033 0.0019101008681445819 0.0019495658371795344 0.0013021668025317013
leaf_count=234 21 7 14 38 19 37 26 35 16 28 10 25 24 27 16 11 19 43
internal_value=0.00026898 0.00270909 0.0507967 -0.0015278 0.0115246 0.00195191 0.0273959 0.0558201 -0.0265666 -0.0381435 -0.0664891 -0.0500524 -0.0889716 0.0840386 0.0946739 0.100016 -0.100014 0.100008
internal_weight=0.0493041 0.0479907 0.00388597 0.0441047 0.0289917 0.0256107 0.015668 0.00915987 0.015113 0.00994272 0.00620789 0.00974474 0.00455908 0.00338093 0.00601277 0.00421417 0.00328916 0.00258485
internal_count=650 416 64 352 273 227 125 88 79 102 81 41 71 46 62 46 43 57
is_linear=0
shrinkage=0.1


Tree=182
num_leaves=22
num_cat=0
split_feature=36 37 8 50 22 22 9 38 44 16 17 15 3 44 11 38 0 35 0 5 23
split_gain=0.00104955 0.00232121 0.00160673 0.00189487 0.00141754 0.00160266 0.00145433 0.00175141 0.00155365 0.00179537 0.00154367 0.00118791 0.00110269 0.000964803 0.000672738 0.00028452 0.000233824 4.82471e-06 5.64063e-11 5.5493e-12 8.22494e-13
threshold=0.13332176953554156 0.55616044998168956 31.980230331420902 0.52281171083450328 62.016731262207038 32.032354354858406 -0.069848757237195955 0.38877451419830328 0.41475601494312292 0.59329932928085338 20.717748641967777 -0.061299171298742287 0.65825688838958751 0.84157869219779979 0.32395091652870184 0.5151287615299226 0.10266023129224779 0.5360381305217744 0.3784733265638352 2.012486577033997 0.34024332463741308
decision_type=2 2 2 2 2 2 2 2 2 2 2 2 2 2 2 2 2 2 2 2 2
left_child=1 2 -1 11 5 6 15 -8 12 10 -10 -4 -9 16 -14 -2 -12 -18 -13 20 -19
right_child=4 -3 3 -5 -6 -7 7 8 9 -11 13 18 14 -15 -16 -17 17 19 -20 -21 -22
leaf_value=-0.10001464576579917 0.099870302507614306 0.047180059152139901 -0.0054865306677623141 0.013241262888876072 -0.053605992826256998 0.099968199913438194 -0.071189918154915072 0.032988301090721837 -0.054677909079006298 -0.086294739490892863 0.052824766095909428 -0.10000529788375104 -0.015043657319713544 -0.0025956950650810645 -0.099690949633064019 0.039228431453021503 0.092603200984888071 0.10000904210009887 -0.10003097159662722 0.1000153226647667 0.10000524145187167
leaf_weight=0.003017455540614832 0.0018872680523074328 0.0044734971124853464 0.0021718519807336616 0.0076377202126423072 0.0028273165787595636 0.0023350820574279387 0.0027793514896465856 0.0020455972019561832 0.0011442561462846612 0.0010225460601418499 0.0015016263146989672 0.0016581450382489055 0.0018392259771644603 0.001484101510243363 0.0019180330651220601 0.0013112396342993549 0.001172221446495314 0.0010582219977663954 0.0017684340491541661 0.0012306596697726491 0.0012326616236748578
leaf_count=29 22 28 14 35 15 39 28 21 181 8 16 45 13 24 32 28 8 14 5 8 37
internal_value=0.000288402 -0.0166079 -0.0341644 -0.0191524 0.0133612 0.0212627 0.0127648 0.00196138 0.0149533 0.0391422 0.0536785 -0.0633459 -0.0260903 0.0698238 -0.058255 0.07501 0.0871719 0.0981602 -0.100019 0.10001 0.100007
internal_weight=0.0475165 0.0207271 0.0162536 0.0132362 0.0267894 0.0239621 0.021627 0.0184285 0.0156492 0.00984629 0.00882375 0.00559843 0.00580286 0.00767949 0.00375726 0.00319851 0.00619539 0.00469376 0.00342658 0.00352154 0.00229088
internal_count=650 156 128 99 494 479 440 390 362 296 288 64 66 107 45 50 83 67 50 59 51
is_linear=0
shrinkage=0.1


Tree=183
num_leaves=18
num_cat=0
split_feature=0 3 34 11 3 34 10 38 36 4 28 51 47 9 6 36 28
split_gain=0.000905283 0.000856592 0.00163119 0.00122179 0.00166089 0.00229334 0.00158347 0.00144013 0.00206911 0.00143042 0.00130253 0.000887533 0.000886122 0.000483986 0.00016838 7.795e-05 1.00696e-12
threshold=0.064070925116539015 2.3745584487915044 0.61848527193069469 0.71942749619483959 1.2749720215797427 0.54695308208465587 -0.066143240779638277 0.52790078520774852 0.12746056169271472 0.13673618435859683 55638.500000000007 0.510564684867859 0.22873878479003909 0.022852284833788875 47.054733276367195 0.25496199727058416 121676.00000000001
decision_type=2 2 2 2 2 2 2 2 2 2 2 2 2 2 2 2 2
left_child=-1 3 -3 4 5 6 -2 8 -5 -7 13 -12 -8 -11 -6 -14 -4
right_child=1 2 16 7 14 9 12 -9 -10 10 11 -13 15 -15 -16 -17 -18
leaf_value=-0.086753889942469006 0.016062073807986726 -0.045478573974245796 0.10001008543330865 -0.045993220376100381 0.050710731208835749 -0.032329581318538671 -0.0044079185437266022 -0.071457432917725702 0.047005828035817585 0.10001775008670022 -0.03838041194846737 0.048841048175188827 -0.10001752107871563 0.041560717366392913 0.10001129312967161 -0.073019014290967937 0.10000586291434282
leaf_weight=0.0011649661630053201 0.0038797995948698372 0.0011679126191665992 0.0010716936288872603 0.0052056988693038875 0.0011025421081285449 0.0029661976858506032 0.0017122453570692642 0.0045622354373335847 0.0044267417724768165 0.0036323958480579677 0.002257945000565087 0.0024138277200336233 0.0026426861853963146 0.002321489247037789 0.0018639568674672091 0.0017962701632825429 0.0011939745132849566
leaf_count=234 27 13 18 14 11 20 34 28 37 27 23 21 33 26 35 16 33
internal_value=0.000259994 0.00255248 0.0505215 -0.001486 0.0111603 0.00230359 -0.0339654 -0.0251749 -0.00325402 0.0290706 0.0462108 0.00668547 -0.0655196 0.0772247 0.081688 -0.0890923 0.100008
internal_weight=0.0453826 0.0442176 0.00343358 0.040784 0.0265894 0.0236229 0.010031 0.0141947 0.00963244 0.0135919 0.0106257 0.00467177 0.0061512 0.00595389 0.0029665 0.00443896 0.00226567
internal_count=650 416 64 352 273 227 110 79 51 117 97 44 83 53 46 49 51
is_linear=0
shrinkage=0.1


Tree=184
num_leaves=19
num_cat=0
split_feature=13 44 51 0 19 33 37 14 50 47 8 24 44 10 44 1 2 18
split_gain=0.000898945 0.000897038 0.00160948 0.00119678 0.00119999 0.00187961 0.00160863 0.00178294 0.00159927 0.00162667 0.00132041 0.0012298 0.000816274 0.000859001 0.000778857 0.00040071 7.15628e-05 8.62697e-12
threshold=17.360984802246097 0.41742543876171118 0.23189172893762591 0.071473140269517912 -0.32081161439418787 0.79441821575164806 0.54219618439674389 45.052515029907234 0.60035499930381786 0.55275100469589245 59.954181671142585 0.16687142103910449 0.20333448052406314 -0.059469632804393761 0.7200811803340913 0.13267342001199725 0.12447562813758851 0.20099437981843951
decision_type=2 2 2 2 2 2 2 2 2 2 2 2 2 2 2 2 2 2
left_child=-1 2 -2 -3 8 6 11 16 9 10 -5 14 13 -4 -6 -14 -8 -18
right_child=1 3 12 4 5 -7 7 -9 -10 -11 -12 -13 15 -15 -16 -17 17 -19
leaf_value=0.063979200504216405 0.039751737650960101 -0.095458024786530274 0.038626785377225033 0.029130806983651333 -0.0097950412357709626 -0.056690573739506617 0.07043420969506313 -0.010286267030191063 0.10001151674411797 0.090013136287336162 -0.091387997568850854 0.037830603040467065 -0.024246993340100359 -0.057553753210272555 -0.084588858118398766 -0.090680099762009206 0.10000630683977596 0.10001720842285451
leaf_weight=0.002107566015865813 0.0027570929232751959 0.0011171235762255085 0.0017422131511466432 0.0018970729946943266 0.0032227517582370524 0.0049454871992793406 0.0011262872277484357 0.0029172624463171815 0.0030278447767955186 0.0016929503765368281 0.0017455188658068721 0.0029124155922772843 0.0011981506868696812 0.0019883463749561514 0.0024512647410119826 0.0037486322166273567 0.0012429052065954238 0.0017451188616774971
leaf_count=21 17 208 9 27 37 29 9 30 29 16 16 30 40 31 12 37 32 20
internal_value=0.000268308 -0.00296891 -0.0268067 0.0061035 0.0100257 -0.00296346 0.0140494 0.049514 0.0419628 0.00902093 -0.0286214 -0.0149932 -0.0479546 -0.0126364 -0.0421072 -0.0745895 0.0919156 0.100013
internal_weight=0.043586 0.0414784 0.0114344 0.030044 0.0289269 0.0205635 0.015618 0.00703157 0.00836339 0.00533554 0.00364259 0.00858643 0.00867734 0.00373056 0.00567402 0.00494678 0.00411431 0.00298802
internal_count=650 629 134 495 287 199 170 91 88 59 43 79 117 40 49 77 61 52
is_linear=0
shrinkage=0.1


Tree=185
num_leaves=23
num_cat=0
split_feature=36 50 23 38 24 16 9 9 38 35 18 14 39 10 36 11 47 3 10 11 0 33
split_gain=0.000952432 0.00173952 0.00136225 0.00122313 0.00179946 0.00109018 0.00109384 0.0013259 0.00144085 0.00169201 0.00131987 0.0011136 0.000918585 0.000702459 0.000664493 0.000511229 0.000395163 1.38983e-05 1.6492e-06 2.73578e-08 7.84767e-12 1.10389e-12
threshold=0.13332176953554156 0.51756414771080028 0.18274585157632831 0.41966380178928381 0.10172414034605028 0.64803576469421398 0.048900047317147262 -0.069848757237195955 0.390546664595604 0.57720297574996959 0.0066092731431126603 44.017963409423835 0.865178942680359 0.1403990983963013 0.26796908676624304 0.16470438987016681 0.68859970569610607 0.19838331639766696 -0.0028662525583058591 0.61796495318412792 0.29010538756847387 0.52560123801231395
decision_type=2 2 2 2 2 2 2 2 2 2 2 2 2 2 2 2 2 2 2 2 2 2
left_child=1 2 -1 -3 -5 6 7 16 -9 10 15 -12 14 19 -11 -10 -2 -4 -17 -8 -19 -16
right_child=5 3 17 4 -6 -7 13 8 9 12 11 -13 -14 -15 21 18 -18 20 -20 -21 -22 -23
leaf_value=0.0090625607044334359 0.023830250951590321 0.061432079511467813 -0.086603374664178279 0.039740873828530233 -0.047999980192663938 -0.042627765079461949 0.099341826550188944 -0.072181750661591076 -0.011893481284854839 0.016846116125000754 -0.041307646564208406 0.099738732554857545 -0.013600296597961761 0.0018265392601265543 0.10001245842286709 -0.094436043008616091 0.10001373637764384 -0.10000382955638823 -0.10001601119813007 0.10000956064284355 -0.10001443741491514 0.10000857217481617
leaf_weight=0.0017970237382769474 0.0010721031207907529 0.0028523564492388695 0.0010686073106853655 0.0038873489447723841 0.0058625093852242571 0.0030057594843242432 0.0010078021590835809 0.0024013044265966997 0.001042555699626746 0.0014175269079714781 0.0010914056002091499 0.0011491385885165073 0.0016859549929222339 0.0010236672521841683 0.001282827270188136 0.0010023487074675135 0.001865685824817831 0.0014827040071203612 0.0011232266547533971 0.0015686028178834022 0.0013167560712190607 0.0016988554503996056
leaf_count=21 34 19 13 27 26 17 43 23 13 13 50 10 24 12 10 51 23 40 112 29 10 30
internal_value=0.000261573 -0.0168562 -0.0628816 0.00383365 -0.013017 0.0136025 0.0218742 0.0111741 -0.00173075 0.0129879 -0.0277088 0.0310327 0.0491604 0.0719047 0.0732128 -0.0692516 0.0722117 -0.0963054 -0.0973847 0.0997484 -0.100009 0.10001
internal_weight=0.0417061 0.0182673 0.00566509 0.0126022 0.00974986 0.0234388 0.020433 0.0168329 0.0138951 0.0114938 0.00540868 0.00224054 0.00608516 0.00360007 0.00439921 0.00316813 0.00293779 0.00386807 0.00212558 0.0025764 0.00279946 0.00298168
internal_count=650 156 84 72 53 494 477 393 336 313 236 60 77 84 53 176 57 63 163 72 50 40
is_linear=0
shrinkage=0.1


Tree=186
num_leaves=23
num_cat=0
split_feature=7 7 34 11 45 37 14 34 33 36 23 8 7 38 50 34 38 44 2 35 1 16
split_gain=0.00124267 0.00159977 0.00136618 0.0018764 0.00169169 0.00155141 0.00139318 0.00127716 0.00187174 0.00166577 0.00137592 0.00158697 0.00163587 0.00112541 0.00107415 0.00045761 0.000361882 0.000137058 2.04306e-11 5.72145e-12 5.29982e-12 4.92845e-13
threshold=84.483837127685561 83.545612335205092 0.98341494798660289 0.61459901928901683 0.87845587730407726 0.53892579674720775 37.158412933349616 0.62248295545578014 0.60334697365760814 0.11994898319244386 0.55722224712371837 39.808565139770515 39.564392089843757 0.41663028299808508 0.57493501901626598 0.34341882169246679 0.49245628714561468 0.20333448052406314 0.32076001167297369 0.51124638319015514 0.45712223649024969 0.017952054738998417
decision_type=2 2 2 2 2 2 2 2 2 2 2 2 2 2 2 2 2 2 2 2 2 2
left_child=1 2 3 5 13 7 -5 9 -9 17 11 -11 -13 -4 -7 -12 -8 -1 -19 -16 21 -15
right_child=-2 -3 4 6 -6 14 16 8 -10 10 15 12 -14 20 19 -17 -18 18 -20 -21 -22 -23
leaf_value=-0.055885122528633993 0.10001095756097036 -0.10008253319012508 0.011743185815795233 0.017778756133805789 -0.050181002776698319 -0.011135296537868884 -0.047752815188988024 0.088584246021353674 -0.025902435216661371 0.083892949228559485 -0.094969122967962061 -0.10000875556150797 0.066376297689806796 0.10000468300815789 0.10001650337781204 -0.013151186968597534 -0.095730220164135016 -0.10000363794465011 -0.10002302304561671 0.10000718952857124 0.10001411261291704 0.10000767072506984
leaf_weight=0.0010391817823602887 0.001211233000219635 0.0016212601331062606 0.0024445035496682968 0.0023757811605555901 0.0016611335608089917 0.0012844557829598804 0.0030974243691161973 0.0029405336743195667 0.0027762930476455949 0.0026571958257903816 0.0014826069200211123 0.0013688498470365573 0.0010397468497069795 0.0011627729945757892 0.0011562932813831139 0.0012684439045220763 0.0031926168976497138 0.0011502088187000936 0.0010310348118309776 0.0015352690443251049 0.001317101314498359 0.0010513096804061206
leaf_count=10 16 2 16 34 19 64 21 25 21 26 15 16 111 34 6 83 21 40 5 40 13 12
internal_value=0.000272337 -0.002853 0.00140362 -0.00838617 0.0390869 0.00794896 -0.0474626 -0.00537783 0.0329855 -0.0252484 -0.000312895 0.0306048 -0.0281834 0.0639017 0.0641052 -0.0572448 -0.0721046 -0.0857735 -0.100013 0.100011 0.100009 0.100006
internal_weight=0.0398653 0.038654 0.0370328 0.0293959 0.00763682 0.0207301 0.00866582 0.0167541 0.00571683 0.0110373 0.00781684 0.00506579 0.0024086 0.00597569 0.00397602 0.00275105 0.00629004 0.00322043 0.00218124 0.00269156 0.00353118 0.00221408
internal_count=650 634 632 538 94 462 76 352 46 306 251 153 127 75 110 98 42 55 45 46 59 46
is_linear=0
shrinkage=0.1


Tree=187
num_leaves=20
num_cat=0
split_feature=36 37 8 44 50 15 16 10 34 5 35 17 10 15 17 47 15 13 17
split_gain=0.000779951 0.00140189 0.00138648 0.00154612 0.00177111 0.00113452 0.00089378 0.00158253 0.00162445 0.00116741 0.00188656 0.00160792 0.00143872 0.00119586 0.000811893 0.000378389 0.000260687 1.61917e-12 8.75176e-13
threshold=0.13332176953554156 0.55616044998168956 31.980230331420902 0.67164656519889843 0.52281171083450328 -0.073356114327907548 -1.0064286291599271 -0.26832531392574305 0.27326683700084692 1.1898059248924258 0.57525253295898449 40.589738845825202 -0.068299319595098482 0.0040465374477207669 51.582626342773445 0.20330666750669482 -0.036397632211446755 56.999090194702156 30.678163528442386
decision_type=2 2 2 2 2 2 2 2 2 2 2 2 2 2 2 2 2 2 2
left_child=1 2 -1 4 5 -4 -2 -8 -9 10 12 -11 -10 16 -13 -12 -14 18 -17
right_child=6 -3 3 -5 -6 -7 7 8 9 11 15 14 13 -15 -16 17 -18 -19 -20
leaf_value=-0.10001235601357661 0.10000989524793816 0.040768507517595871 0.024896092487465781 -0.064773634044272249 0.058347028499613221 -0.10001024642537706 -0.10003658053083048 -0.10001262358148599 0.099261491088410495 0.06795537833513228 0.03179930947363268 -0.07113387167527363 -0.032906807502286195 0.04706511742522352 0.006991985027132358 0.10000779515080849 -0.099770788052728945 0.10000976781100263 0.1000038750800937
leaf_weight=0.0023721533946741155 0.001119620117606245 0.0034564713694180673 0.0013042556290656648 0.0040132761930635752 0.003833836106423405 0.0016435200178985809 0.0012653378944378338 0.0011422432580179267 0.0011247739597024485 0.0020680188669643931 0.0010071988463096204 0.0029427882255959048 0.0010016378947033076 0.0013073355672204023 0.002427380613198693 0.0011422287980238366 0.001395408821910589 0.0019471883777555377 0.0011358612993888073
leaf_count=29 14 28 10 28 22 39 3 24 18 24 9 18 56 79 29 36 113 23 48
internal_value=0.000276806 -0.0159105 -0.0307893 -0.0155777 0.0135359 -0.0447449 0.0130742 0.00818478 0.0155304 0.023072 0.0452793 -0.00696765 0.000206019 -0.0298705 -0.03582 0.0868782 -0.0718308 0.100008 0.100006
internal_weight=0.0376505 0.0166235 0.013167 0.0107949 0.00678161 0.00294778 0.021027 0.0199074 0.0186421 0.0174998 0.0100616 0.00743819 0.00482916 0.00370438 0.00537017 0.00523248 0.00239705 0.00422528 0.00227809
internal_count=650 156 128 99 71 49 494 480 477 453 382 71 266 248 47 116 169 107 84
is_linear=0
shrinkage=0.1


Tree=188
num_leaves=18
num_cat=0
split_feature=36 34 2 15 16 51 4 51 35 17 11 39 43 16 37 19 2
split_gain=0.000706837 0.00173715 0.00143808 0.00105443 0.00186706 0.00147133 0.00120355 0.00150622 0.00154078 0.00153415 0.00101614 0.00107623 0.000826698 8.53599e-05 4.98654e-05 3.87687e-11 1.14851e-12
threshold=0.081880092620849623 0.73006755113601696 0.40001396834850317 2.6251000165939335 0.53741300106048595 0.99186351895332348 2.2162131071090703 0.76803788542747509 0.56283041834831249 48.068992614746101 0.42237712442874914 0.87656250596046459 0.48749999701976782 -0.063544638454914079 0.49700902402400976 2.8070347309112553 0.1655261889100075
decision_type=2 2 2 2 2 2 2 2 2 2 2 2 2 2 2 2 2
left_child=1 2 13 4 5 6 7 8 10 14 11 12 -2 -1 -10 -15 -16
right_child=3 -3 -4 -5 -6 -7 -8 -9 9 -11 -12 -13 -14 15 16 -17 -18
leaf_value=-0.068189600411629317 0.010871661680815679 0.031033317355721943 0.018562830192286904 0.10002029080158165 -0.067471653467120599 0.10000818693343948 0.074482399297952986 -0.061969567300656538 0.07373492247080414 -0.003926856098616276 -0.087842559603007575 0.060287290264669446 -0.079878800299679031 -0.10000733735994638 0.10000831433603215 -0.10003106817737091 0.10000403253324548
leaf_weight=0.0012046774639600244 0.002286707925719611 0.0036039101721598854 0.0017333354340962615 0.0012046406673107404 0.0031716930114384914 0.0018476417931765346 0.0023210616513722462 0.0033972611328181293 0.0010126936267624842 0.0030976463172009971 0.0016499206817393031 0.0020208702370609899 0.0017892279454940763 0.001589122566834078 0.0013592685124308446 0.0012146031124160572 0.0011619428256750552
leaf_count=16 35 29 11 8 17 46 34 27 18 34 242 16 16 36 17 10 38
internal_value=0.000239745 -0.0233854 -0.0575423 0.00862832 0.00424487 0.0146104 0.00675905 -0.00208401 0.0120656 0.0474465 -0.0182221 0.000618639 -0.0289654 -0.0904521 0.0924779 -0.100018 0.100006
internal_weight=0.0356662 0.00934565 0.00574174 0.0263206 0.0251159 0.0219442 0.0200966 0.0177755 0.0143783 0.00663155 0.00774673 0.00609681 0.00407594 0.0040084 0.0035339 0.00280373 0.00252121
internal_count=650 102 73 548 540 523 477 443 416 107 309 67 51 62 73 46 55
is_linear=0
shrinkage=0.1


Tree=189
num_leaves=18
num_cat=0
split_feature=36 37 8 15 2 34 22 22 6 34 39 11 19 22 1 19 14
split_gain=0.000641071 0.00122501 0.00121766 0.00134085 0.00177002 0.000867803 0.000792102 0.00112589 0.000998683 0.00103257 0.00102691 0.000977538 0.00097979 0.00103864 0.000577225 0.000576666 0.000404423
threshold=0.13332176953554156 0.55616044998168956 31.980230331420902 0.070995699614286437 0.40323318541049963 0.73006755113601696 62.016731262207038 32.032354354858406 67.672260284423842 0.95409515500068676 0.56125000119209301 0.80985137820243847 4.5041291713714608 -13.531486034393309 0.19391462206840518 1.5543690323829653 31.40586090087891
decision_type=2 2 2 2 2 2 2 2 2 2 2 2 2 2 2 2 2
left_child=1 2 -1 4 5 16 7 8 9 10 11 12 13 -2 -15 -12 -4
right_child=6 -3 3 -5 -6 -7 -8 -9 -10 -11 15 -13 -14 14 -16 -17 -18
leaf_value=-0.10001060716181141 -0.027952670957029076 0.03973537461389718 -0.10001918969294195 -0.057320121697537224 0.099806262582102026 0.038720314918269293 -0.04736350646461477 0.099946563899720967 -0.050368642192909929 0.10000543926079519 -0.0014358926780951695 -0.096464017702548172 -0.071535865550488964 0.0093085443987567067 0.10000821404140095 0.078443750421239841 -0.016913871981196826
leaf_weight=0.0020490402738317934 0.002143524984493439 0.0032103045562053021 0.0011899252061056131 0.0042946601985338617 0.0017653321359603069 0.0014785698313062312 0.0019778799721734677 0.0015781098369558313 0.0022457517760656751 0.0014957891116296205 0.0013492161159307514 0.0011184923045846062 0.0013295206511401148 0.0011701834300814618 0.0017525376324556419 0.0027373279669262729 0.0011529339425582208
leaf_count=29 35 28 23 32 13 14 15 39 31 42 64 9 14 180 28 37 17
internal_value=0.000233296 -0.0150988 -0.0298539 -0.0153059 0.0169912 -0.0212657 0.0125169 0.0195165 0.0112435 0.0218085 0.0117259 -0.0102151 0.0048681 0.0249186 0.0636944 0.0520706 -0.0591226
internal_weight=0.0340391 0.0151408 0.0119305 0.00988142 0.00558676 0.00382143 0.0188983 0.0169205 0.0153423 0.0130966 0.0116008 0.00751426 0.00639577 0.00506625 0.00292272 0.00408654 0.00234286
internal_count=650 156 128 99 67 54 494 479 440 409 367 266 257 243 208 101 40
is_linear=0
shrinkage=0.1


Tree=190
num_leaves=19
num_cat=0
split_feature=1 4 37 43 33 36 35 11 34 23 9 13 47 12 37 1 19 36
split_gain=0.000664386 0.00136085 0.00129196 0.00167815 0.00145285 0.00122491 0.00116191 0.00110993 0.00148324 0.00100851 0.00084462 0.000813943 0.000428984 0.00036277 7.26577e-05 2.28542e-08 2.18681e-11 1.13427e-11
threshold=0.17397624254226687 0.13495504856109622 0.50659596920013439 0.58750000596046459 0.79441821575164806 0.3522451519966126 0.56283041834831249 0.7140645980834962 0.62248295545578014 0.57245782017707836 -0.035125559195876115 29.729038238525394 0.29583163559436804 8.5000000000000018 0.57202661037445079 0.33501860499382025 4.5041291713714608 0.088599488139152541
decision_type=2 2 2 2 2 2 2 2 2 2 2 2 2 2 2 2 2 2
left_child=5 -2 7 11 -5 10 -7 8 9 -3 -1 -4 -13 14 16 -14 -12 -17
right_child=1 2 3 4 -6 6 -8 -9 -10 -11 13 12 15 -15 -16 17 -18 -19
leaf_value=0.029269629559665229 0.097808498235525593 0.00145364658973578 0.0035966654583528112 0.039962515642476604 -0.064785220405877031 -0.032861535635590543 0.081945464942098534 -0.082273532626078519 0.052641399791834187 -0.088592383417587448 -0.10000521482704045 0.026593817788741231 0.099446264286507879 -0.023341429630072602 -0.067909406155323523 0.10001988910543742 -0.10002534969491626 0.1000061687536553
leaf_weight=0.0010041539735552441 0.0016084770326472144 0.0028747371460440263 0.001810976836942757 0.0024786184139884426 0.0028428217257214783 0.0018250850935146445 0.0017051105214704876 0.002431717467288764 0.0028527361652095351 0.0021923434192601121 0.0011610920075100228 0.001038773672846105 0.0010053593728116539 0.0011134014674638593 0.0010444101979398823 0.0010498002616259328 0.0010074111460198765 0.0014142809150143876
leaf_count=73 29 30 30 27 15 15 33 19 28 20 187 15 23 24 31 7 7 37
internal_value=0.00025149 0.00901743 0.00252337 0.0253796 -0.0159959 -0.0230968 0.0225911 -0.0231792 -0.00503472 -0.037506 -0.0533545 0.0602222 0.082969 -0.0725318 -0.0895783 0.0998481 -0.100015 0.100012
internal_weight=0.0324613 0.0236006 0.0219922 0.0116406 0.00532144 0.00886066 0.0035302 0.0103515 0.00791982 0.00506708 0.00533047 0.00631919 0.00450821 0.00432631 0.00321291 0.00346944 0.0021685 0.00246408
internal_count=650 280 251 154 42 370 48 97 78 50 322 112 82 249 225 67 194 44
is_linear=0
shrinkage=0.1


Tree=191
num_leaves=19
num_cat=0
split_feature=36 34 36 15 16 45 4 44 8 43 36 13 44 37 10 3 35 19
split_gain=0.000618632 0.00143 0.00112733 0.000902645 0.00149751 0.000976593 0.000955145 0.000857207 0.00150651 0.00105253 0.00126828 0.0015395 0.00114623 0.000543916 0.000201368 8.98398e-05 7.84723e-08 3.66839e-11
threshold=0.081880092620849623 0.73006755113601696 0.035413067787885673 2.6251000165939335 0.64803576469421398 0.23244177550077441 2.2162131071090703 0.40434935688972479 38.161216735839851 0.66249999403953563 0.37727221846580511 53.57014465332032 0.59799405932426464 0.51165336370468151 -1.0000000180025095e-35 0.62557989358901989 0.62450164556503307 2.7468928098678593
decision_type=2 2 2 2 2 2 2 2 2 2 2 2 2 2 2 2 2 2
left_child=1 2 -1 4 5 -2 7 8 -7 10 11 12 -9 -14 -12 -10 -17 -4
right_child=3 -3 17 -5 -6 6 -8 9 15 -11 14 -13 13 -15 -16 16 -18 -19
leaf_value=-0.0038141460420469658 0.10000995401536789 0.028439772683745937 -0.10000673949622985 0.1000174397530542 -0.080643325059128343 0.026892391607093682 0.07248547176359528 0.0474400836535371 -0.056018264536665467 -0.062102755362414386 0.044963469182771797 0.086329295247111415 -0.095988515812800435 -0.018193714054208179 0.10000746203936238 -0.092567755805058688 -0.091321236878860984 -0.10002988432334786
leaf_weight=0.002193032500537484 0.001196393925965821 0.0032182957195345807 0.0013890759118595497 0.0010328438947908572 0.0018934475421588095 0.0023374182953546088 0.0019815624968657622 0.0015696746505229342 0.0010621271504369645 0.0015428509786943332 0.0010050863961623691 0.0016782251713323149 0.0017031462973458034 0.001902841905538466 0.001961992287050407 0.0010072150463082963 0.0010129276265615772 0.0013506849904842966
leaf_count=33 13 29 33 8 12 31 42 187 19 10 31 21 25 56 48 34 11 7
internal_value=0.000241257 -0.0234156 -0.0572476 0.00866625 0.00434908 0.012411 0.00682605 -0.0009261 -0.0336509 0.0146812 0.0267437 0.00309944 -0.0238881 -0.054937 0.0813615 -0.0795634 -0.0919427 -0.100018
internal_weight=0.0310388 0.00815109 0.00493279 0.0228878 0.0218549 0.0199615 0.0187651 0.0167835 0.00541969 0.0113638 0.00982097 0.00685389 0.00517566 0.00360599 0.00296708 0.00308227 0.00202014 0.00273976
internal_count=650 102 73 548 540 528 515 473 95 378 368 289 268 81 79 64 45 40
is_linear=0
shrinkage=0.1


Tree=192
num_leaves=17
num_cat=0
split_feature=1 4 37 3 9 18 36 35 11 34 23 5 10 37 51 34
split_gain=0.000605076 0.0011762 0.00102581 0.00143605 0.00147181 0.00117704 0.000958546 0.000972126 0.00091204 0.00123091 0.000869987 0.000567091 0.000341246 0.00013752 0.000117618 2.55525e-05
threshold=0.17397624254226687 0.13495504856109622 0.50659596920013439 0.75900185108184826 0.1251134276390076 -0.021317306905984875 0.3522451519966126 0.56283041834831249 0.7140645980834962 0.62248295545578014 0.57245782017707836 0.35677757859230047 -0.022046248428523537 0.5402740240097047 0.64863279461860668 0.65692996978759777
decision_type=2 2 2 2 2 2 2 2 2 2 2 2 2 2 2 2
left_child=6 -2 8 14 5 -5 11 -8 9 10 -3 -1 -13 -7 -4 -14
right_child=1 2 3 4 -6 13 7 -9 -10 -11 -12 12 15 -15 -16 -17
leaf_value=0.011602826885195643 0.097492008056722548 0.0009592391704044698 0.059345350372037545 -0.039864965687937376 -0.041475096237580555 0.053055739923537952 -0.03163625317649147 0.079094578320747067 -0.078972622227827929 0.0498961442575242 -0.087008432547765968 -0.028305543434190297 -0.10000810797661351 0.10000910493591825 0.1000117360723367 -0.079340310549168666
leaf_weight=0.001120045184478613 0.0014036698923121085 0.0027076771803677957 0.0012004113361285818 0.0011232428598759716 0.0039314606248979089 0.0010027876463709626 0.0017147919324997929 0.0014746486183980778 0.0021213002275999315 0.0026497800885181277 0.0019225054047069534 0.0013155563996960495 0.0014356631697356459 0.0016504139944188978 0.0017452245926961041 0.0010254864814669418
leaf_count=24 29 30 19 15 38 15 15 33 19 28 20 59 222 40 27 17
internal_value=0.000212217 0.00899714 0.00280324 0.0240489 0.00135242 0.0459379 -0.0231005 0.0195605 -0.0212724 -0.00445923 -0.035566 -0.0508873 -0.0694197 0.0822629 0.0834393 -0.0913965
internal_weight=0.0295447 0.0214585 0.0200548 0.0106535 0.00770791 0.00377644 0.00808619 0.00318944 0.00940126 0.00727996 0.00463018 0.00489675 0.00377671 0.0026532 0.00294564 0.00246115
internal_count=650 280 251 154 108 70 370 48 97 78 50 322 298 55 46 239
is_linear=0
shrinkage=0.1


Tree=193
num_leaves=17
num_cat=0
split_feature=36 24 50 34 5 5 4 50 7 34 3 23 23 16 34 50
split_gain=0.000546085 0.00127938 0.00233547 0.000753636 0.000658784 0.00105307 0.000728606 0.00107386 0.00125683 0.00130741 0.00103874 0.000876605 0.000728173 0.000607254 0.00022016 7.28381e-05
threshold=0.081880092620849623 0.21671747416257861 0.68210715055465709 0.6199626922607423 1.4177899360656741 2.2760730981826787 0.13673618435859683 0.78636935353279125 75.748142242431655 0.51397606730461132 1.0806719064712527 0.55722224712371837 0.24999997764825824 0.17062266916036609 0.7484261989593507 0.49343027174472814
decision_type=2 2 2 2 2 2 2 2 2 2 2 2 2 2 2 2
left_child=1 2 3 -1 6 13 -2 8 9 11 15 12 -8 -6 -3 -11
right_child=4 14 -4 -5 5 -7 7 -9 -10 10 -12 -13 -14 -15 -16 -17
leaf_value=-0.095612979673491291 -0.030432843857558345 -0.10001522744375967 0.1000099089461734 0.010167792883612622 -0.01349069989165053 0.023889967350800612 -0.03273621648972113 0.10000668505892828 -0.082729313882840841 0.071383390662541957 -0.012951232332222937 -0.073174682211661374 0.079000529049459256 -0.098518444197594549 -0.045679150154799633 0.10001139405847088
leaf_weight=0.0014811230112847787 0.0023485516763912537 0.0015392832790013244 0.0017740727089403663 0.0012352074372756761 0.0016506727838851978 0.0031243339529964942 0.0011404745902809932 0.0018741480791533158 0.0011114760203767568 0.0014072060978946865 0.0013369860523795296 0.0015202141733228203 0.0011936735589888059 0.0017101459234254435 0.0014463865772995632 0.0024122207077539315
leaf_count=30 33 30 18 14 32 37 88 64 9 24 24 113 84 8 10 32
internal_value=0.000224375 -0.0229602 0.0107718 -0.0475109 0.00854547 -0.0179039 0.0205029 0.0304746 0.0176007 0.0299763 0.0629091 -0.0140815 0.0244055 -0.0567569 -0.0736925 0.0894639
internal_weight=0.0283062 0.00747607 0.0044904 0.00271633 0.0208301 0.00648515 0.014345 0.0119964 0.0101223 0.00901078 0.00515641 0.00385436 0.00233415 0.00336082 0.00298567 0.00381943
internal_count=650 102 62 44 548 77 471 438 374 365 80 285 172 40 40 56
is_linear=0
shrinkage=0.1


Tree=194
num_leaves=17
num_cat=0
split_feature=1 4 37 3 16 10 11 34 19 36 12 45 45 37 8 3
split_gain=0.000540862 0.00106804 0.000891097 0.00113381 0.0012525 0.000838398 0.000783214 0.000969549 0.000829875 0.000781225 0.000846059 0.000500298 0.000375675 0.000294994 0.00013444 1.70005e-05
threshold=0.17397624254226687 0.13495504856109622 0.50659596920013439 0.75900185108184826 0.011155470740050079 0.12328537926077844 0.7140645980834962 0.62248295545578014 1.5543690323829653 0.3522451519966126 1.0000000180025095e-35 0.5858331322669984 0.45958238840103155 0.52889785170555126 47.646734237670906 0.74420455098152172
decision_type=2 2 2 2 2 2 2 2 2 2 2 2 2 2 2 2
left_child=9 -2 6 14 12 -6 7 8 -3 11 -11 13 -5 15 -4 -1
right_child=1 2 3 4 5 -7 -8 -9 -10 10 -12 -13 -14 -15 -16 -17
leaf_value=-0.082156449887437172 0.097244446985147226 -0.076913934622170374 0.053587686999590912 0.018214080759242662 -0.06266048072005273 0.022085000496912879 -0.076820520582850479 0.045758933208048164 0.011568932477887862 -0.032983782329965537 0.074709265266347621 0.0028878348561752146 0.099622609324730049 -0.026417607753833922 0.10000956251866858 -0.10001443603041123
leaf_weight=0.001000664976785969 0.0012806034527557122 0.0021519421044082776 0.0010714425043261144 0.0010162220150959911 0.0027177923133194781 0.0020463960070173925 0.0019245915930241608 0.0024428713675206382 0.0020888827822602707 0.0015601504001097055 0.0013701682010207605 0.0013116892389373191 0.0012819209497294537 0.0010241504647385824 0.001493398074273955 0.0011408555313781044
leaf_count=37 29 28 17 17 25 21 19 28 22 18 30 42 45 65 29 178
internal_value=0.000234991 0.00896713 0.00276776 0.023671 0.00298971 -0.0262591 -0.0206096 -0.00442345 -0.0333304 -0.0227704 0.0173717 -0.0490425 0.0636244 -0.0705597 0.0806172 -0.09167
internal_weight=0.0269237 0.0195161 0.0182355 0.00962717 0.00706233 0.00476419 0.00860829 0.0066837 0.00424082 0.00740768 0.00293032 0.00447736 0.00229814 0.00316567 0.00256484 0.00214152
internal_count=650 280 251 154 108 46 97 78 50 370 48 322 62 280 46 215
is_linear=0
shrinkage=0.1


Tree=195
num_leaves=15
num_cat=0
split_feature=3 38 3 34 36 19 3 47 14 1 11 50 38 47
split_gain=0.000521939 0.000851579 0.0007007 0.00120128 0.000978302 0.00094267 0.000892244 0.00131317 0.000840654 0.000729927 0.00063451 0.000579995 0.000240651 3.03594e-06
threshold=1.6233685016632082 0.48642554879188543 0.75342294573783886 0.45900513231754309 0.31493373215198522 0.48665677011013037 0.045225491747260101 0.41118036210536962 33.251817703247077 0.20328427106142047 0.28102199733257299 0.60035499930381786 0.56725877523422252 0.55680799484252941
decision_type=2 2 2 2 2 2 2 2 2 2 2 2 2 2
left_child=2 11 3 10 9 -6 -5 8 -8 -4 -1 -2 13 -9
right_child=1 -3 4 6 5 -7 7 12 -10 -11 -12 -13 -14 -15
leaf_value=0.0038168915274094995 0.0065784567420860531 -0.020251338826430026 -0.095384989619495805 -0.051210987731885177 -0.035996184925593658 0.084638191116999661 0.048613701499686218 0.092995146998175598 -0.033476067640940986 -0.023110859193953601 -0.10000555273778987 0.10000706010332049 0.041789196525662549 0.10000810735791271
leaf_weight=0.0010348712050536344 0.0010615762317911495 0.0019912751922106509 0.0022993854193842367 0.0013840443756407703 0.001340519975711052 0.001253461011931023 0.002203832360741842 0.0010204361696821707 0.0028747948413183622 0.0035621759443245082 0.0013651834482253378 0.0017761930001078952 0.0011230624509153131 0.001562486614318459
leaf_count=23 13 40 37 13 221 30 38 15 37 31 42 57 20 33
internal_value=0.000232422 0.0298795 -0.00657719 0.00839658 -0.0288349 0.0222966 0.0234161 0.0351738 0.00214617 -0.0514627 -0.0552387 0.0650565 0.0804344 0.0972375
internal_weight=0.0258533 0.00482904 0.0210243 0.0125687 0.00845554 0.00259398 0.0101687 0.00878461 0.00507863 0.00586156 0.00240005 0.00283777 0.00370599 0.00258292
internal_count=650 110 540 221 319 251 156 143 75 68 65 70 68 48
is_linear=0
shrinkage=0.1


Tree=196
num_leaves=17
num_cat=0
split_feature=36 50 43 19 23 10 2 40 24 19 35 21 24 3 37 45
split_gain=0.000499804 0.00093252 0.000750734 0.00098772 0.000741492 0.000605954 0.00105925 0.000697176 0.000640367 0.000874614 0.000738576 0.000854066 0.00030968 9.54729e-05 8.09364e-05 3.48555e-06
threshold=0.13332176953554156 0.51756414771080028 0.58750000596046459 1.4671111106872561 0.18274585157632831 -0.26832531392574305 0.50680953264236461 0.25000000745058065 0.12390350922942163 0.20743475109338763 0.55031716823577892 0.03401798568665982 0.42275306582450872 1.2389668226242068 0.50078240036964428 0.35925881564617163
decision_type=2 2 2 2 2 2 2 2 2 2 2 2 2 2 2 2
left_child=1 4 3 -3 -1 -2 7 8 10 -10 13 -12 -11 -7 -9 -6
right_child=5 2 -4 -5 15 6 -8 14 9 12 11 -13 -14 -15 -16 -17
leaf_value=0.0049455806755875362 -0.05720159380940204 0.077151074754344184 -0.044404758436733215 -0.011580651395426295 -0.10000715963781737 -0.092520225746228077 0.10000454293522112 0.041752434209889708 -0.023395071700504255 0.099793469967274007 0.060012739112715097 -0.043490799299580614 0.025967391330536466 -0.049788557934982387 0.081686851997007259 -0.091848246401619468
leaf_weight=0.0011097883172581646 0.0011435420274210637 0.0021033779031540689 0.0022957098954066169 0.0031085365365015605 0.0010985849932936276 0.0010874697420564239 0.0014273791613845796 0.0010052132818900725 0.0019285053426452148 0.0013108346350492184 0.0014830832535324134 0.001723901330933586 0.0010029053891571493 0.0010070353408764277 0.0010250425383664385 0.0010004395378206965
leaf_count=21 5 26 12 34 23 116 46 27 135 39 40 28 19 14 25 40
internal_value=0.000246286 -0.0160434 0.00324184 0.0242289 -0.0611648 0.0125876 0.018726 0.00870218 -0.00261781 0.0263394 -0.0257893 0.00437484 0.0677931 -0.0719749 0.0619147 -0.0961184
internal_weight=0.0248613 0.0107164 0.00750762 0.00521191 0.00320881 0.0141449 0.0130014 0.011574 0.00954374 0.00424225 0.00530149 0.00320698 0.00231374 0.00209451 0.00203026 0.00209902
internal_count=650 156 72 60 84 494 489 443 391 193 198 68 58 130 52 63
is_linear=0
shrinkage=0.1


Tree=197
num_leaves=17
num_cat=0
split_feature=13 12 18 35 21 7 48 22 50 18 44 2 16 50 51 36
split_gain=0.00050864 0.000534277 0.000665072 0.000658277 0.000973703 0.000971275 0.00115084 0.00140936 0.000877635 0.000780918 0.000635598 0.00053141 0.00062787 0.000163916 9.57575e-05 1.49445e-12
threshold=17.360984802246097 15.500000000000002 -1.0000000180025095e-35 0.56283041834831249 0.013330404181033375 53.859601974487312 0.25000000745058065 15.43590831756592 0.61970254778862011 0.12290244549512865 0.49136418104171758 0.19174023717641833 -0.02031996380537748 0.51441699266433727 0.50840476155281078 0.11662461236119272
decision_type=2 2 2 2 2 2 2 2 2 2 2 2 2 2 2 2
left_child=-1 3 -3 9 10 -6 7 -7 -9 11 -5 14 -13 -12 -2 -10
right_child=1 2 -4 4 5 6 -8 8 15 -11 13 12 -14 -15 -16 -17
leaf_value=0.065361305333102054 -0.10000633489958258 -0.012743226910953552 0.1000052888260084 0.0054813001151571379 -0.087684611364231418 -0.037164730514252571 -0.070649748385136976 -0.010021538008529042 0.10001063145349723 0.035031936254145753 0.048077559555297911 -0.063363030149212629 0.033515751212847118 0.10000540169249038 -0.060224850904467199 0.10000541281885778
leaf_weight=0.0011426400492382518 0.0015306812060971167 0.0010193937818598897 0.001074770117970302 0.0026919279250705594 0.001546559183097429 0.0023795029760265152 0.0017837638998230432 0.0010793030218110289 0.0010194144283559581 0.0013083843276220364 0.0011337907217239263 0.0015147305450433635 0.0011981309012014663 0.001310523999762836 0.0010006236028630155 0.0011884951349543371
leaf_count=21 258 27 39 36 19 30 15 15 10 27 28 24 23 28 14 36
internal_value=0.000255039 -0.00301068 0.0451217 -0.00788344 0.00426306 -0.0155689 -0.00059917 0.0214513 0.0638815 -0.0340824 0.0390022 -0.051326 -0.0205767 0.0759188 -0.0842807 0.100008
internal_weight=0.0239226 0.02278 0.00209416 0.0206858 0.0141333 0.00899704 0.00745048 0.00566672 0.00328721 0.00655255 0.00513624 0.00524417 0.00271286 0.00244431 0.0025313 0.00220791
internal_count=650 629 66 563 217 125 106 91 61 346 92 319 47 56 272 46
is_linear=0
shrinkage=0.1


Tree=198
num_leaves=14
num_cat=0
split_feature=1 4 34 6 37 33 18 36 11 34 21 11 10
split_gain=0.000463636 0.000846153 0.000730936 0.000849688 0.000701933 0.000886165 0.00075071 0.00111865 0.000722624 0.000790968 0.000684005 0.000503495 2.52745e-05
threshold=0.17397624254226687 0.13495504856109622 0.67199265956878673 56.990259170532234 0.50659596920013439 0.79441821575164806 0.17214784026145938 0.13170417398214343 0.7140645980834962 0.56837493181228649 0.0062066090758889922 0.23382632434368136 -0.0013305647880770264
decision_type=2 2 2 2 2 2 2 2 2 2 2 2 2
left_child=2 -2 3 12 8 6 7 -6 9 11 -4 -3 -1
right_child=1 4 10 -5 5 -7 -8 -9 -10 -11 -12 -13 -14
leaf_value=-0.1000062700943796 0.096470288951362768 0.0078276757648662928 0.07984080244047187 0.016704729401475344 -0.03130905251666468 -0.025404333362313115 0.099715093769317198 0.077359818349335127 -0.077252927191659493 0.033883739760553387 -0.021670789105204744 -0.076355805507707999 -0.078610448140201461
leaf_weight=0.0012319017233817222 0.0010369179469478232 0.0012605488158072839 0.0010164122450078139 0.0011079566255451923 0.0019737388872727024 0.002535054122887459 0.0017696066201260408 0.0018215473714064956 0.0016519641777676952 0.0029685881327168318 0.0019133012423822038 0.0016280570324695987 0.0010005134985959785
leaf_count=105 29 17 17 27 23 33 43 55 19 35 42 26 179
internal_value=0.000265175 0.00899488 -0.0229107 -0.0548863 0.00318386 0.0236019 0.0459263 0.0208466 -0.0188405 -0.00236591 0.0135469 -0.0396193 -0.0904172
internal_weight=0.0229161 0.016646 0.00627009 0.00334037 0.0156091 0.00809995 0.00556489 0.00379529 0.00750916 0.00585719 0.00292971 0.00288861 0.00223242
internal_count=650 280 370 311 251 154 121 78 97 78 59 43 284
is_linear=0
shrinkage=0.1


Tree=199
num_leaves=16
num_cat=0
split_feature=3 1 5 36 22 43 35 2 17 34 9 3 44 10 20
split_gain=0.000455036 0.000592366 0.000517684 0.000710141 0.00097747 0.00057591 0.000537335 0.00081149 0.000719113 0.000510525 0.000438846 0.000403128 0.000505586 0.000387808 5.45902e-05
threshold=2.3745584487915044 0.17487261444330218 1.4177899360656741 0.081880092620849623 8.2845611572265643 0.48749999701976782 0.99484020471572887 0.3007605522871018 34.792261123657234 0.56305319070816051 0.070799034088850035 0.4725103378295899 0.49136418104171758 -0.042020374909043305 1.5000000000000002
decision_type=2 2 2 2 2 2 2 2 2 2 2 2 2 2 2
left_child=2 -2 3 4 13 -4 7 8 9 -5 -7 -10 -13 -1 -9
right_child=1 -3 5 6 -6 10 -8 14 11 -11 -12 12 -14 -15 -16
leaf_value=-0.024480804235799063 -0.0083876650431276966 0.10000491863815984 0.021756342823152006 0.0046183193893160153 0.039576321469044495 -0.083803189515167742 -0.028701594006229694 0.067789228617405328 0.036548799327107431 0.09355835304847171 -0.019115597604825157 -0.091100641378923181 -0.00047623627791356813 -0.10000908433354681 0.10000534535321237
leaf_weight=0.0013053777635718689 0.0010133517791359728 0.0010034407376906529 0.0015965542805105306 0.0011916325710492615 0.0013764409139866984 0.0019350723266837733 0.0018369121062882252 0.0010054572737772105 0.001026273631936192 0.0014079226732803818 0.0022896780343728551 0.0010447493698393373 0.0014987091722105106 0.001418632903643414 0.0011029675220868285
leaf_count=16 24 42 27 245 22 28 33 21 19 31 23 19 28 38 34
internal_value=0.000266452 0.0455423 -0.00429086 0.00599542 -0.0291086 -0.029409 0.0202265 0.0310842 0.0127801 0.0527884 -0.0487446 -0.0163547 -0.0377011 -0.063815 0.0846423
internal_weight=0.0220532 0.00201679 0.0200364 0.0142151 0.00410045 0.0058213 0.0101146 0.00827771 0.00616929 0.00259956 0.00422475 0.00356973 0.00254346 0.00272401 0.00210842
internal_count=650 66 584 506 76 78 430 397 342 276 51 66 47 54 55
is_linear=0
shrinkage=0.1


Tree=200
num_leaves=14
num_cat=0
split_feature=36 50 34 13 19 23 2 45 44 17 48 25 39
split_gain=0.000419923 0.000746007 0.00069522 0.000599874 0.000688143 0.000496687 0.00080362 0.000764588 0.000746453 0.000503235 0.000501488 0.000335043 0.000126833
threshold=0.13332176953554156 0.51756414771080028 0.81210276484489452 27.449567794799808 1.5859531164169314 0.13514199107885363 0.3387827873229981 0.53616684675216686 0.85853683948516857 36.302110671997077 0.15000000223517421 1.0000000180025095e-35 0.29705883562564855
decision_type=2 2 2 2 2 2 2 2 2 2 2 2 2
left_child=1 2 -1 -3 -5 7 8 -2 9 -7 11 -11 -8
right_child=5 3 -4 4 -6 6 12 -9 -10 10 -12 -13 -14
leaf_value=-0.1000056473683701 0.029724608477968113 0.055227616999160206 0.0027880658317184078 0.029515158447818719 -0.047018464861908686 0.065135049581382762 0.051816430050348528 -0.062430989525428061 -0.067381592319204972 -0.062337810745709814 0.059097748608452905 0.013994548804661448 0.10000499671048735
leaf_weight=0.0016659188050054397 0.001719479484757259 0.0016292552288632578 0.0010874105219045305 0.0020221124159434112 0.0028038174386892933 0.0018544701215110759 0.0010130212873491473 0.0018897264577280026 0.0010973771072855243 0.0011960783334359348 0.0010022709676036357 0.0011074179247430038 0.0011852340253426519
leaf_count=71 67 22 13 24 26 233 27 27 31 23 22 25 39
internal_value=0.000255379 -0.0158264 -0.0594079 0.00276238 -0.0149501 0.0125296 0.0257853 -0.0185267 0.00751354 0.0234408 5.10826e-05 -0.0256406 0.0777983
internal_weight=0.0212736 0.00920851 0.00275333 0.00645519 0.00482593 0.0120651 0.00845587 0.00360921 0.00625761 0.00516024 0.00330577 0.0023035 0.00219826
internal_count=650 156 84 72 50 494 400 94 334 303 70 48 66
is_linear=0
shrinkage=0.1


Tree=201
num_leaves=14
num_cat=0
split_feature=3 38 3 34 36 23 1 36 1 45 5 16 40
split_gain=0.000419492 0.00067084 0.000570342 0.000830175 0.000726176 0.000850254 0.000659467 0.000525356 0.000704699 0.000471928 0.000396723 0.000310342 2.18188e-05
threshold=1.6233685016632082 0.48642554879188543 0.65825688838958751 0.96541377902030956 0.31493373215198522 0.37009967863559728 0.20328427106142047 0.11994898319244386 0.25540181994438177 0.4996075332164765 0.38480770587921148 0.0011569260386750104 1.0000000180025095e-35
decision_type=2 2 2 2 2 2 2 2 2 2 2 2 2
left_child=2 11 3 7 6 -6 12 8 -1 -9 -11 -2 -4
right_child=1 -3 4 -5 5 -7 -8 9 -10 10 -12 -13 -14
leaf_value=-0.10000432200991549 0.024763834248214458 -0.019174774266117158 -0.099939497835384805 0.076148472002840237 -0.038312528594933302 0.084379271753205295 -0.018937606103529722 0.062792704279013761 -0.0017310074163173186 -0.054453165917989224 0.028206115914954477 0.10000537828778167 -0.079503274339350491
leaf_weight=0.0010607127384263393 0.0010039020109182664 0.0015988647617177776 0.0010921214853958352 0.0015896450561569964 0.0011617267992236613 0.0010993144874797967 0.0034288606470767036 0.0016155320467916567 0.0023380758598818829 0.0010178201924873065 0.0013517991595106693 0.0012075895446201912 0.001001525569304107
leaf_count=47 32 40 19 36 112 144 38 33 31 13 37 38 30
internal_value=0.000223105 0.0301725 -0.00658701 0.010595 -0.026396 0.02134 -0.0459402 -0.00351763 -0.0324007 0.0211157 -0.00729844 0.0658496 -0.0901635
internal_weight=0.0205675 0.00381036 0.0167571 0.00897359 0.00778355 0.00226104 0.00552251 0.00738394 0.00339879 0.00398515 0.00236962 0.00221149 0.00209365
internal_count=650 110 540 197 343 256 87 161 78 83 50 70 49
is_linear=0
shrinkage=0.1


Tree=202
num_leaves=13
num_cat=0
split_feature=12 35 21 19 7 8 38 35 5 47 2 51
split_gain=0.000388092 0.00049374 0.000873032 0.000739203 0.000654626 0.00111665 0.000537302 0.000529398 0.000513493 0.00036221 0.000234177 8.23762e-06
threshold=14.500000000000002 0.56283041834831249 0.013330404181033375 1.497645437717438 53.859601974487312 62.079595565795906 0.50852811336517345 0.74244233965873729 0.58742767572402965 0.23133897036314013 0.21166400611400607 0.44407278299331671
decision_type=2 2 2 2 2 2 2 2 2 2 2 2
left_child=1 3 7 10 -4 -6 -7 9 -5 -3 -1 -11
right_child=-2 2 4 8 5 6 -8 -9 -10 11 -12 -13
leaf_value=-0.10000347497000428 0.042754839369512819 0.020252569204541104 -0.077157950770044559 -0.037334208070581069 0.081696545614141802 0.0027400893506184026 -0.065836502575459227 -0.011936251488983245 0.041781237616099781 0.083176180745661132 -0.038975776535937513 0.095958463405018846
leaf_weight=0.0012448400944029539 0.0019354167729304086 0.001204827453790358 0.001335163604252898 0.0016144047471300382 0.001320032983613828 0.0031978028405319492 0.0017776601435031125 0.001301487214249164 0.0016679641837562542 0.0010108485934665623 0.0012704976905197896 0.0010058808983330891
leaf_count=268 72 25 19 27 51 39 19 22 30 26 26 26
internal_value=0.000210029 -0.0043769 0.00707754 -0.0283888 -0.013557 -6.83864e-05 -0.0217613 0.0418893 0.00286899 0.0636345 -0.0691784 0.0895516
internal_weight=0.0198868 0.0179514 0.0121537 0.00579771 0.00763066 0.0062955 0.00497546 0.00452304 0.00328237 0.00322156 0.00251534 0.00201673
internal_count=650 578 227 351 128 109 58 99 57 77 294 52
is_linear=0
shrinkage=0.1


Tree=203
num_leaves=14
num_cat=0
split_feature=4 38 37 38 47 19 3 14 5 34 51 7 34
split_gain=0.000381734 0.000772988 0.000527098 0.000657772 0.000951136 0.00103599 0.000749878 0.000866743 0.000519401 0.000476641 0.000389463 0.000172228 0.00011565
threshold=2.0312211513519292 0.49495753645896917 0.4798665344715119 0.43811924755573278 0.55275100469589245 3.7832237482070927 1.2452767491340639 44.017963409423835 0.5301797389984132 0.81210276484489452 0.48853845894336706 46.847314834594734 0.66806024312973034
decision_type=2 2 2 2 2 2 2 2 2 2 2 2 2
left_child=2 -2 8 6 5 9 7 11 -1 10 -5 -4 -6
right_child=1 -3 3 4 12 -7 -8 -9 -10 -11 -12 -13 -14
leaf_value=0.013050702611365157 0.074997812156294072 -0.019728044780112183 -0.04217863526324326 -0.01660459670357272 0.053679759564800179 0.086754532152629182 0.054153381507545187 0.011457873414309391 -0.0753113806148622 0.026611495034669613 -0.094971559380884432 -0.093223812266458123 0.10000548003455251
leaf_weight=0.0010190660096425211 0.0018255551569694708 0.0016312157856361864 0.0010465903632130846 0.0014903155495638032 0.0010183994021844001 0.0010400105430221629 0.001054874435901354 0.0020048439489528391 0.0019158870850202181 0.0011843326005163135 0.0011038902215148028 0.0017940398338014418 0.0011445276133557059
leaf_count=27 45 27 18 47 31 22 35 26 106 29 160 37 40
internal_value=0.000193703 0.0302976 -0.00638554 0.00232808 0.0231018 -0.00162741 -0.022252 -0.0388857 -0.0446306 -0.0259538 -0.0499514 -0.0744169 0.0781933
internal_weight=0.0192735 0.00345677 0.0158168 0.0128818 0.00698148 0.00481855 0.00590035 0.00484547 0.00293495 0.00377854 0.00259421 0.00284063 0.00216293
internal_count=650 72 578 445 329 258 116 81 133 236 207 55 71
is_linear=0
shrinkage=0.1


Tree=204
num_leaves=11
num_cat=0
split_feature=14 12 35 21 37 7 8 44 17 2
split_gain=0.000346759 0.000416972 0.000488489 0.000710413 0.000707829 0.000595705 0.000950491 0.000538895 0.000529528 0.00040952
threshold=18.188277244567875 15.500000000000002 0.56283041834831249 0.013330404181033375 0.56524673104286205 53.859601974487312 62.079595565795906 0.49136418104171758 56.959167480468757 0.21166400611400607
decision_type=2 2 2 2 2 2 2 2 2 2
left_child=-1 2 4 7 9 -5 -7 -4 -8 -2
right_child=1 -3 3 5 -6 6 8 -9 -10 -11
leaf_value=0.056101675485682678 -0.090057129406396014 0.045601714774752944 0.0038069519157319185 -0.082135102396132462 0.033964801017079348 0.078578645270578173 -0.050990988486431493 0.077669276185664771 0.018516433361846562 -0.02494266009506832
leaf_weight=0.0010459910705549183 0.001752040372790197 0.0015933280391848817 0.0021620428711344175 0.0011239749921827524 0.0011889794855681757 0.0011539782032770063 0.0027235536730358945 0.0018186738105612221 0.0018341660155982709 0.0021525294917701387
leaf_count=22 257 64 37 19 52 50 24 55 32 38
internal_value=0.000171537 -0.00317083 -0.00805524 0.00396913 -0.0335896 -0.015588 -0.00249251 0.0375525 -0.0230191 -0.0541605
internal_weight=0.0185493 0.0175033 0.0159099 0.0108164 0.00509355 0.00683567 0.0057117 0.00398072 0.00455772 0.00390457
internal_count=650 628 564 217 347 125 106 92 56 295
is_linear=0
shrinkage=0.1


Tree=205
num_leaves=13
num_cat=0
split_feature=50 36 28 40 38 38 16 0 16 34 3 35
split_gain=0.000382297 0.000695021 0.000730929 0.000664821 0.000611144 0.00111497 0.000705895 0.000883258 0.000576102 0.000529935 0.000420473 0.000342741
threshold=0.57710370421409618 0.22046274691820147 294364.50000000006 1.0000000180025095e-35 0.41139391064643865 0.42202435433864599 0.0022668623132631187 0.26366481184959417 0.50283083319664013 0.56837493181228649 0.99842393398284923 0.5642564892768861
decision_type=2 2 2 2 2 2 2 2 2 2 2 2
left_child=1 2 9 10 -2 -6 11 -8 -9 -1 -3 -7
right_child=4 3 -4 -5 5 6 7 8 -10 -11 -12 -13
leaf_value=-0.068395194027625089 0.067948042569721701 0.024757628720271589 -0.092790033856318246 0.059461248519193266 -0.079272983506474048 0.021528084961127143 -0.078245367017475628 0.072844366574098818 -0.02675319057119916 0.01611664521916335 -0.062837627153567013 0.10000464824806754
leaf_weight=0.001112735648722385 0.0017462243999304405 0.0010443784993725558 0.001687502662842455 0.0019096410539916064 0.0013664511861861683 0.0010067717129800258 0.0011597011799722168 0.0013016190626160551 0.0010486713367754419 0.0022268063785730874 0.0011529689528529952 0.0012444233673569727
leaf_count=50 50 37 56 116 12 16 14 37 9 34 159 60
internal_value=0.000145854 -0.0142155 -0.0391484 0.016303 0.0149282 0.00193871 0.0212007 -0.00683219 0.0284051 -0.0120427 -0.0212044 0.0649086
internal_weight=0.0180079 0.00913403 0.00502704 0.00410699 0.00887386 0.00712764 0.00576119 0.00350999 0.00235029 0.00333954 0.00219735 0.0022512
internal_count=650 452 140 312 198 148 136 60 46 84 196 76
is_linear=0
shrinkage=0.1


Tree=206
num_leaves=12
num_cat=0
split_feature=3 17 3 34 36 47 34 36 1 4 4
split_gain=0.000349543 0.000474667 0.000440474 0.000811537 0.000542195 0.000617787 0.000615957 0.000523796 0.00047364 0.000399352 0.000424583
threshold=1.6233685016632082 44.025022506713874 0.75342294573783886 0.96541377902030956 0.11994898319244386 0.28961955010890966 0.64331087470054638 0.31493373215198522 0.20328427106142047 1.1307013034820559 0.56602039933204662
decision_type=2 2 2 2 2 2 2 2 2 2 2
left_child=2 -2 3 4 5 -1 -7 8 -4 10 -6
right_child=1 -3 7 -5 9 6 -8 -9 -10 -11 -12
leaf_value=-0.10000406539674922 0.074815302234705547 -0.0035487062639261153 -0.094890106029448265 0.077114946858550429 0.029863011989616991 -0.060516138946732495 0.047440694953833538 0.017411062666470762 -0.022087100268993312 0.067230850847391888 -0.048773168687391705
leaf_weight=0.0010432520266414613 0.001358734014830886 0.0017929119061363963 0.0014225976238444469 0.0014040775948132023 0.0016973425174029444 0.0010458746183115153 0.0010683885034268314 0.0017104175317184112 0.0024031949703626765 0.0011799047142915242 0.0011530694668104857
leaf_count=45 63 47 37 41 35 24 17 251 31 29 30
internal_value=0.000122418 0.0302355 -0.00659509 0.00757848 -0.00600483 -0.0370344 -0.00596293 -0.0285917 -0.0491585 0.018305 -0.00194747
internal_weight=0.0172798 0.00315165 0.0141281 0.00859191 0.00718783 0.00315752 0.00211426 0.00553621 0.00382579 0.00403032 0.00285041
internal_count=650 110 540 221 180 86 41 319 68 94 65
is_linear=0
shrinkage=0.1


Tree=207
num_leaves=12
num_cat=0
split_feature=0 3 38 8 34 1 37 24 10 45 24
split_gain=0.000317422 0.000538929 0.000646621 0.000382266 0.000762414 0.000524243 0.000418376 0.000415392 0.000412186 0.000672297 0.000313996
threshold=0.12176671624183656 1.6233685016632082 0.48731677234172827 63.162189483642585 0.87003785371780407 0.19081749022006991 0.50735598802566539 0.086309526115655913 -0.068299319595098482 0.38427366316318518 0.14392857253551486
decision_type=2 2 2 2 2 2 2 2 2 2 2
left_child=10 3 -3 4 5 -2 8 -5 -7 -10 -1
right_child=1 2 -4 7 -6 6 -8 -9 9 -11 -12
leaf_value=-0.073230872579476455 -0.070657084963874156 0.10000423765023865 -0.0049555484392238341 0.010025301117302493 0.075303560677976833 0.024775001750012342 0.051353349824087097 -0.057952543832657792 0.018974770254310745 -0.090462357101120688 -0.0020565314464713867
leaf_weight=0.0010840737720907425 0.0010257607510730793 0.001223009676113663 0.0011285963383613762 0.0015471184526347779 0.0014412246549682095 0.0018976721203216593 0.0015487512967808925 0.0021455622394062068 0.0010689448435989837 0.0011821354460792577 0.0014474256474332758
leaf_count=150 39 62 36 29 55 25 43 21 24 18 148
internal_value=8.74081e-05 0.0058997 0.0496313 -0.00277349 0.00930183 -0.00484655 0.00700177 -0.0294719 -0.00955491 -0.0384952 -0.0325358
internal_weight=0.0167403 0.0142088 0.00235161 0.0118572 0.00816449 0.00672326 0.0056975 0.00369268 0.00414875 0.00225108 0.0025315
internal_count=650 352 98 254 204 149 110 50 67 42 298
is_linear=0
shrinkage=0.1


Tree=208
num_leaves=13
num_cat=0
split_feature=4 38 5 7 34 22 33 34 8 6 8 12
split_gain=0.000282481 0.000599959 0.000452586 0.000458568 0.000574422 0.000387996 0.000665084 0.000596692 0.000992947 0.000772345 0.000219471 0.00021078
threshold=2.0312211513519292 0.49495753645896917 1.4177899360656741 61.357196807861335 0.61346343159675609 29.791928291320804 0.82038661837577831 0.88581880927085888 44.594753265380866 45.608427047729499 31.407716751098636 2.5000000000000004
decision_type=2 2 2 2 2 2 2 2 2 2 2 2
left_child=2 -2 5 4 -4 6 7 8 9 10 -1 -10
right_child=1 -3 3 -5 -6 -7 -8 -9 11 -11 -12 -13
leaf_value=-0.045310874098137721 0.072649010328577082 -0.018499694065574803 -0.060121986600639915 -0.092380331078934091 0.041200958216982997 0.054866579652697103 -0.068772837303461398 0.068381858264243672 -0.029384532795325286 0.081360687945366036 0.020756160724452837 -0.088876449728632567
leaf_weight=0.0010076065803765744 0.0014881571856193423 0.0014029086229925269 0.001192276724723663 0.001059514431295927 0.0010542794272510037 0.0013277830406384092 0.001312240432184808 0.0013575196419139957 0.0014430108894967208 0.0015634079819619728 0.0010036577912533318 0.0010140513023149111
leaf_count=34 45 27 26 16 25 44 13 52 259 36 40 33
internal_value=8.13425e-05 0.0284185 -0.00606207 -0.0381489 -0.0125725 0.0045151 -0.00316816 0.00848242 -0.00499873 0.0286394 -0.0123422 -0.0539374
internal_weight=0.0162264 0.00289107 0.0133353 0.00330607 0.00224656 0.0100293 0.00870149 0.00738925 0.00603173 0.00357467 0.00201126 0.00245706
internal_count=650 72 578 67 51 511 467 454 402 110 74 292
is_linear=0
shrinkage=0.1


Tree=209
num_leaves=13
num_cat=0
split_feature=1 34 6 11 7 28 38 22 10 34 28 33
split_gain=0.000274948 0.000525398 0.00048357 0.000475655 0.00083848 0.000747733 0.000572243 0.000770938 0.000453558 0.000348835 0.000320768 8.28241e-13
threshold=0.17397624254226687 0.67199265956878673 50.462394714355476 0.7140645980834962 34.897735595703132 143.00000000000003 0.52790078520774852 29.791928291320804 -0.071251668035984025 0.5237872600555421 89367.371093750015 0.55559051036834728
decision_type=2 2 2 2 2 2 2 2 2 2 2 2
left_child=1 2 -1 4 8 -6 7 -5 -2 -7 -3 -11
right_child=3 10 -4 6 5 9 -8 -9 -10 11 -12 -13
leaf_value=-0.10000341589214062 0.024788330281938123 -0.023127168651935797 -0.0076298089755296216 -0.028880016332965809 -0.023942630143372581 0.033228448951485079 -0.06983395513392554 0.07362974559635091 -0.063271636977501544 0.10000710747095197 0.055762625281878524 0.1000030833545784
leaf_weight=0.0011525088025122745 0.0010856831129331113 0.0010620819477935584 0.0011149651067539068 0.0021105944422288303 0.0010066392261478541 0.0012666203566737977 0.0013968427820145735 0.0011245464365856606 0.001268011272284042 0.0010189901138346613 0.0010013333214260456 0.0010268982706840291
leaf_count=274 19 21 37 30 22 35 20 31 34 21 38 68
internal_value=6.90635e-05 -0.0213554 -0.0545814 0.00827679 0.0253668 0.0515346 -0.0163431 0.00675274 -0.0226524 0.0744714 0.0151564 0.100005
internal_weight=0.0156357 0.00433089 0.00226747 0.0113048 0.00667284 0.00431915 0.00463198 0.00323514 0.00235369 0.00331251 0.00206342 0.00204589
internal_count=650 370 311 280 199 146 81 61 53 124 59 89
is_linear=0
shrinkage=0.1


Tree=210
num_leaves=11
num_cat=0
split_feature=36 50 8 44 12 5 23 10 10 3
split_gain=0.0002967 0.000578845 0.00040509 0.000892843 0.000414924 0.00044704 0.000492912 0.000364985 0.000286733 0.000237584
threshold=0.13332176953554156 0.51756414771080028 38.613803863525398 0.47532890737056738 2.5000000000000004 0.83639281988143932 0.71428588032722484 -0.0038513854378834362 -0.059469632804393761 0.88366153836250316
decision_type=2 2 2 2 2 2 2 2 2 2
left_child=1 -1 8 9 5 -5 -7 -3 -2 -4
right_child=2 7 3 4 -6 6 -8 -9 -10 -11
leaf_value=-0.063505425475895119 0.088958221309531141 0.040262267979327422 -0.021276512988610993 0.054321459017540555 0.071306873598804124 0.029525890223452835 -0.066316626956081731 -0.019219698270217328 0.01455598016458769 -0.089047770869224024
leaf_weight=0.0018509353626674505 0.0010031245480774942 0.0016537820351913979 0.0010490158862452859 0.0012002368604733249 0.0013351118115911831 0.0010017257901927534 0.0011556682692742681 0.0027419099396865931 0.001070979299896635 0.0010205024835185927
leaf_count=84 25 35 34 45 72 161 61 37 38 58
internal_value=8.70149e-05 -0.0165943 0.0118794 2.1475e-05 0.0241518 0.00540126 -0.0218148 0.00315908 0.0505401 -0.0546953
internal_weight=0.015083 0.00624663 0.00883636 0.00676226 0.00469274 0.00335763 0.00215739 0.00439569 0.0020741 0.00206952
internal_count=650 156 494 431 339 267 222 72 63 92
is_linear=0
shrinkage=0.1


Tree=211
num_leaves=10
num_cat=0
split_feature=35 14 43 16 24 18 50 9 36
split_gain=0.000258751 0.000558727 0.0005092 0.000485618 0.000734258 0.000465378 0.000399199 0.000427585 0.000232397
threshold=0.521297186613083 26.084631919860843 0.58750000596046459 -0.18198393285274503 0.36811856925487524 0.0020433862227946524 0.59447124600410473 0.0065064837690442809 0.1369118541479111
decision_type=2 2 2 2 2 2 2 2 2
left_child=5 -2 3 -3 6 -1 7 -5 -4
right_child=1 2 8 4 -6 -7 -8 -9 -10
leaf_value=-0.059944640296841045 0.05643361164788762 -0.039026928916795219 -0.072296960812214359 0.055699097749668851 -0.042017072268010831 0.013846404967136529 0.086131168046252246 -0.02828072863915071 -0.011784783078844646
leaf_weight=0.0017546579688996209 0.0019262499702747968 0.0014808419417704508 0.0012228789271375717 0.0014938604264926872 0.0012277413763133183 0.0016663061406930746 0.0015506114552508166 0.0010204106473707952 0.0013194576745263475
leaf_count=221 69 26 12 38 34 114 72 31 33
internal_value=7.91914e-05 0.00740712 -0.00273021 0.0115932 0.0257563 -0.024002 0.0462264 0.0216161 -0.0408915
internal_weight=0.014663 0.0112421 0.0093158 0.00677347 0.00529262 0.00342096 0.00406488 0.00251427 0.00254234
internal_count=650 315 246 201 175 335 141 69 45
is_linear=0
shrinkage=0.1


Tree=212
num_leaves=11
num_cat=0
split_feature=1 34 6 11 7 17 38 36 21 47
split_gain=0.000269589 0.000451151 0.000420898 0.000378112 0.000734179 0.000615589 0.000474391 0.000679206 0.000336024 2.89125e-05
threshold=0.17397624254226687 0.67199265956878673 50.462394714355476 0.7140645980834962 34.897735595703132 27.053943634033207 0.52790078520774852 0.12746056169271472 -0.040731845423579209 0.43808276951313024
decision_type=2 2 2 2 2 2 2 2 2 2
left_child=1 2 -1 4 8 -6 7 -5 -2 -7
right_child=3 -3 -4 6 5 9 -8 -9 -10 -11
leaf_value=-0.10000300954308394 0.015026942036109062 0.013433243023667028 -0.01009217929931141 -0.034701910294913769 0.0093534435912319951 0.076186440810494957 -0.067088559763394021 0.061569254013554932 -0.064028999137107731 0.10000313649926368
leaf_weight=0.0010203258202909913 0.0011344890223341508 0.0018809926111416075 0.0010631900425002172 0.0016925893160077976 0.0019131492814068451 0.0010004066250743904 0.0012173259860901453 0.0012924159208012043 0.0010219904966035642 0.0010391695861056149
leaf_count=274 28 59 37 17 47 31 20 44 25 68
internal_value=9.20193e-05 -0.0220703 -0.0541227 0.00861282 0.0244947 0.0501002 -0.0144757 0.00698056 -0.0224389 0.0883211
internal_weight=0.014276 0.00396451 0.00208352 0.0103115 0.00610921 0.00395273 0.00420233 0.00298501 0.00215648 0.00203958
internal_count=650 370 311 280 199 146 81 61 53 99
is_linear=0
shrinkage=0.1


Tree=213
num_leaves=10
num_cat=0
split_feature=3 3 34 36 34 21 2 1 38
split_gain=0.000240418 0.000355735 0.000618198 0.000389918 0.000388801 0.000397257 0.000395577 0.000388319 0.00034146
threshold=1.6233685016632082 0.75342294573783886 0.45900513231754309 0.31493373215198522 0.96541377902030956 0.010045925155282022 0.20279189199209216 0.20328427106142047 0.48642554879188543
decision_type=2 2 2 2 2 2 2 2 2
left_child=1 2 -1 7 5 6 -4 -3 -2
right_child=8 3 4 -5 -6 -7 -8 -9 -10
leaf_value=-0.052611328740144118 0.062668068713277944 -0.093005154358539968 -0.010998108282896504 0.015377131895083773 0.074826810173168973 -0.028253729786795634 0.066020559461851036 -0.019828214260507283 -0.012325435730578335
leaf_weight=0.0013478243838354054 0.00133348158452229 0.0011809369989466134 0.0011627671289993202 0.0014172416720971137 0.0011440860648477269 0.0017151153696204346 0.001563637646540883 0.001878992452844841 0.0011146608618517462
leaf_count=65 70 37 42 251 41 39 34 31 40
internal_value=8.75924e-05 -0.00601319 0.00817533 -0.0279858 0.0228433 0.00945298 0.0331734 -0.0480698 0.0285229
internal_weight=0.0138587 0.0114106 0.00693343 0.00447717 0.00558561 0.00444152 0.0027264 0.00305993 0.00244814
internal_count=650 540 221 319 156 115 76 68 110
is_linear=0
shrinkage=0.1


Tree=214
num_leaves=10
num_cat=0
split_feature=4 38 5 4 20 6 34 37 11
split_gain=0.00024802 0.000452001 0.000392613 0.000308709 0.000538531 0.000578645 0.000367519 0.000280326 0.000251692
threshold=2.0312211513519292 0.49495753645896917 1.4177899360656741 1.1162105798721316 2.5000000000000004 45.608427047729499 0.9692058563232423 0.50659596920013439 0.43157240748405462
decision_type=2 2 2 2 2 2 2 2 2
left_child=2 -2 3 4 5 -1 7 -6 -4
right_child=1 -3 8 -5 6 -7 -8 -9 -10
leaf_value=-0.017640149773562881 0.072750033376595497 -0.014262928812149434 -0.0042983712682307619 0.046743598458738468 -0.091170688620482151 0.066626204097637823 0.0075868775989277673 -0.018685922078932778 -0.064771124506320651
leaf_weight=0.0015961230273033866 0.0011962912270107049 0.0011917016428384386 0.0012146345005383816 0.001443904939282703 0.0011359808805139204 0.0016649230258578562 0.001486695558099882 0.0010060752044029897 0.0015881727190625305
leaf_count=102 45 27 28 61 61 160 43 84 39
internal_value=8.28961e-05 0.0293272 -0.00618793 0.004701 -0.00410993 0.0253819 -0.0306133 -0.0571262 -0.0385644
internal_weight=0.0135245 0.00238799 0.0111365 0.0083337 0.0068898 0.00326105 0.00362875 0.00214206 0.00280281
internal_count=650 72 578 511 450 262 188 145 67
is_linear=0
shrinkage=0.1


Tree=215
num_leaves=9
num_cat=0
split_feature=36 37 34 44 8 44 12 39
split_gain=0.000240119 0.000506 0.000369215 0.000578881 0.000353011 0.000668573 0.000357929 0.000346484
threshold=0.13332176953554156 0.55616044998168956 0.57194268703460704 0.68941044807434093 38.613803863525398 0.47532890737056738 2.5000000000000004 0.93145743012428295
decision_type=2 2 2 2 2 2 2 2
left_child=1 2 -1 -4 -2 -6 7 -7
right_child=4 -3 3 -5 5 6 -8 -9
leaf_value=-0.084418803602064774 0.049405248055498244 0.04113668881364263 0.021125179105785367 -0.064755452944996253 -0.05213785876994044 0.027331047291393296 0.068947396399945834 -0.044761241309926647
leaf_weight=0.0010290784922728502 0.0018558739088252452 0.0012051502133658687 0.0018364932815018165 0.0013706584839070501 0.0017644187962233548 0.001991294874566063 0.0011444117974779289 0.0010021802350768105
leaf_count=66 63 28 40 22 92 229 72 38
internal_value=6.87449e-05 -0.0160362 -0.0323011 -0.0155781 0.0113643 -0.000596964 0.0213804 0.0031954
internal_weight=0.0131996 0.00544138 0.00423623 0.00320715 0.00775818 0.00590231 0.00413789 0.00299348
internal_count=650 156 128 62 494 431 339 267
is_linear=0
shrinkage=0.1


Tree=216
num_leaves=9
num_cat=0
split_feature=1 33 33 18 35 35 13 18
split_gain=0.000246966 0.000404403 0.000312458 0.000580434 0.000405691 0.000562624 0.000628666 0.000206409
threshold=0.17397624254226687 0.60609558224678051 0.79441821575164806 0.18855778127908709 0.48399372398853308 0.74244233965873729 43.612174987792976 0.019688469357788566
decision_type=2 2 2 2 2 2 2 2
left_child=1 7 3 4 -2 6 -6 -1
right_child=2 -3 -4 -5 5 -7 -8 -9
leaf_value=-0.075940831739294667 -0.043975480544273651 0.023318873849651797 -0.026771731696115766 0.080797793367323914 0.079100430173092262 -0.027928503825121943 -0.014324514244667658 -0.016929065240791619
leaf_weight=0.0011851594527735329 0.0012995546422391868 0.0012802027955203243 0.0019517172893159795 0.0012335641568714806 0.001936123873704787 0.0016554751665012191 0.0011469520555920099 0.0011857301505184825
leaf_count=246 31 48 41 58 62 45 43 76
internal_value=4.12612e-05 -0.0219722 0.00875531 0.0182908 0.00552081 0.0190952 0.0443449 -0.0464278
internal_weight=0.0128745 0.00365109 0.00922339 0.00727167 0.00603811 0.00473855 0.00308308 0.00237089
internal_count=650 370 280 239 181 150 105 322
is_linear=0
shrinkage=0.1


Tree=217
num_leaves=9
num_cat=0
split_feature=36 50 19 8 44 22 35 50
split_gain=0.000230013 0.000465253 0.000297895 0.000287655 0.000533712 0.000289488 0.000499048 7.66349e-05
threshold=0.13332176953554156 0.51756414771080028 1.5859531164169314 38.613803863525398 0.47532890737056738 13.740406513214113 0.71586477756500255 0.75657895207405101
decision_type=2 2 2 2 2 2 2 2
left_child=1 -1 -3 -2 -5 -6 -7 -4
right_child=3 2 7 4 5 6 -8 -9
leaf_value=-0.06259418950847509 0.046476414908983424 0.039885904787758372 -0.037376861092959186 -0.047315606119492662 0.050656966779585103 -0.052558318367083079 0.042100652072764561 -0.0004178923642891383
leaf_weight=0.0015207506368706269 0.0017734418156418741 0.0013791992981850854 0.0011385878019609663 0.0016606358185380365 0.0017474543744706583 0.0010790537992901861 0.0011510856862102514 0.0011060105986757662
leaf_count=84 63 32 20 92 249 37 53 20
internal_value=7.32384e-05 -0.0161722 0.00330912 0.0113494 0.000300618 0.0201803 -0.00370013 -0.0191656
internal_weight=0.0125562 0.00514455 0.0036238 0.00741167 0.00563823 0.00397759 0.00223014 0.0022446
internal_count=650 156 72 494 431 339 90 40
is_linear=0
shrinkage=0.1


Tree=218
num_leaves=9
num_cat=0
split_feature=34 8 38 11 22 23 17 0
split_gain=0.000241233 0.00055558 0.00058741 0.000537178 0.000439584 0.000419465 0.00038268 0.000381654
threshold=0.73006755113601696 63.162189483642585 0.4181161522865296 0.60542190074920665 -13.531486034393309 0.83806404471397411 56.959167480468757 0.18152454495429995
decision_type=2 2 2 2 2 2 2 2
left_child=3 2 -2 4 -1 7 -3 -6
right_child=1 6 -4 -5 5 -7 -8 -9
leaf_value=-0.042695472564333807 -0.010036632040075443 -0.041847306853554034 0.083815398989682349 -0.079006435849710219 -0.00050383191486484192 -0.029584366332784714 0.030770849415843644 0.078426856383612922
leaf_weight=0.001696639097981123 0.0010979043082990358 0.0019294859596357128 0.001698738032887448 0.0010436429210205489 0.0011260707277339632 0.0012024708714507559 0.0011631340403255308 0.0013434760498505227
leaf_count=99 43 27 99 41 209 62 29 41
internal_value=5.99578e-05 0.0146721 0.046971 -0.0133603 -0.000599013 0.0188515 -0.0145356 0.0424358
internal_weight=0.0123016 0.00588926 0.00279664 0.0064123 0.00536866 0.00367202 0.00309262 0.00246955
internal_count=650 198 142 452 411 312 56 250
is_linear=0
shrinkage=0.1


Tree=219
num_leaves=10
num_cat=0
split_feature=50 36 4 45 38 38 16 47 22
split_gain=0.000237857 0.000463639 0.000756036 0.000609401 0.000353744 0.000388592 0.000442895 0.000436094 0.000194858
threshold=0.57710370421409618 0.31493373215198522 0.43773694336414343 0.55694180727005016 0.41139391064643865 0.42317889630794531 0.0022668623132631187 0.54352369904518139 -3.3049610853195186
decision_type=2 2 2 2 2 2 2 2 2
left_child=1 2 -1 -3 -2 -6 -7 -8 -4
right_child=4 3 8 -5 5 6 7 -9 -10
leaf_value=0.022769093326527944 0.064121716174569535 0.079484945462650142 -0.098860224835459656 -0.028114169026391213 -0.052640191504166989 0.062264001012498821 -0.051012979131325811 0.036686286864394908 -0.042845394898560402
leaf_weight=0.0015031247417649496 0.0011553655268343732 0.0010284868111464229 0.0010820410749035059 0.0010781367380445772 0.0010084718596772291 0.001376242415974005 0.0012008256491071734 0.0010742433149815156 0.0014576159589454463
leaf_count=62 50 249 63 30 14 75 23 36 48
internal_value=9.03221e-05 -0.0136208 -0.0334419 0.0244174 0.0145896 0.00230837 0.0174849 -0.00960309 -0.066711
internal_weight=0.0119646 0.00614941 0.00404278 0.00210662 0.00581515 0.00465978 0.00365131 0.00227507 0.00253966
internal_count=650 452 173 279 198 148 134 59 111
is_linear=0
shrinkage=0.1


Tree=220
num_leaves=8
num_cat=0
split_feature=35 2 48 22 9 45 36
split_gain=0.000224069 0.000440544 0.000386867 0.000470564 0.00053789 0.00041198 0.000357579
threshold=0.56283041834831249 0.12815177440643313 0.25000000745058065 13.117409229278566 0.0083413077518343943 0.46113571524620062 0.13332176953554156
decision_type=2 2 2 2 2 2 2
left_child=1 -1 3 4 -2 -5 -3
right_child=2 6 -4 5 -6 -7 -8
leaf_value=-0.066691704681596187 0.039395530788490195 -0.043588933944153321 -0.039563984022651558 0.00044575080475378333 -0.039443646997352581 0.080598808088341814 0.031432323624634974
leaf_weight=0.0013068509106018977 0.0015770035646269775 0.0010038486709806893 0.0012927341604225262 0.0010100014285683301 0.0019177621443660087 0.001756463686893639 0.0017306940252410641
leaf_count=285 60 42 38 29 62 88 46
internal_value=7.27585e-05 -0.0189323 0.0102405 0.0205235 -0.00386768 0.0513359 0.00389207
internal_weight=0.0115954 0.00404139 0.00755396 0.00626123 0.00349477 0.00276647 0.00273454
internal_count=650 373 277 239 122 117 88
is_linear=0
shrinkage=0.1


Tree=221
num_leaves=9
num_cat=0
split_feature=16 34 2 10 37 17 28 36
split_gain=0.000226438 0.000560414 0.000473089 0.000400587 0.000372937 0.000363048 0.000293789 0.00028339
threshold=0.12519352883100512 0.94715484976768505 0.4302621334791184 -0.068299319595098482 0.50200554728508007 31.390018463134769 37859.500000000007 0.13332176953554156
decision_type=2 2 2 2 2 2 2 2
left_child=1 3 -2 5 6 -1 -5 -6
right_child=2 -3 -4 4 7 -7 -8 -9
leaf_value=-0.0079345869818270697 -0.059261139118180199 0.070841232649047514 0.026435671671450767 -0.010904507049090656 -0.032420366472432322 0.076074746979874278 -0.081611048251257146 0.03073790425369138
leaf_weight=0.0010031817174080979 0.001622861467310611 0.0012180667306660453 0.0010682145995417613 0.0011642821101527359 0.00115072448027842 0.0010558026282438959 0.0011865134198308924 0.0018567654886527674
leaf_count=32 50 78 33 60 38 39 173 147
internal_value=8.41775e-05 0.00797735 -0.025244 -0.00234618 -0.0167521 0.0351436 -0.0465921 0.00657231
internal_weight=0.0113264 0.00863534 0.00269108 0.00741727 0.00535829 0.00205898 0.0023508 0.00300749
internal_count=650 567 83 489 418 71 233 185
is_linear=0
shrinkage=0.1


Tree=222
num_leaves=8
num_cat=0
split_feature=12 35 48 22 35 45 19
split_gain=0.000207888 0.000283506 0.000404945 0.000356506 0.000463231 0.000383802 0.000352283
threshold=14.500000000000002 0.56283041834831249 0.25000000745058065 13.117409229278566 0.74244233965873729 0.53791272640228283 1.497645437717438
decision_type=2 2 2 2 2 2 2
left_child=1 6 3 4 -3 -5 -1
right_child=-2 2 -4 5 -6 -7 -8
leaf_value=-0.066718384555719795 0.043103557358247543 0.030258377093653241 -0.047491625410814059 0.0030712685485547696 -0.048055030214830971 0.081446526744204481 -0.00066650835367552106
leaf_weight=0.0013841296168367601 0.0010192288477313136 0.0017053080866027415 0.0011147127647035404 0.0011321896804190601 0.0013558332009466767 0.0013942407803213541 0.0019380754068798467
leaf_count=294 72 67 30 34 34 62 57
internal_value=7.54103e-05 -0.00429943 0.00754057 0.0185194 -0.00442801 0.0463236 -0.0281857
internal_weight=0.0110437 0.0100245 0.00670228 0.00558757 0.00306114 0.00252643 0.00332221
internal_count=650 578 227 197 101 96 351
is_linear=0
shrinkage=0.1


Tree=223
num_leaves=8
num_cat=0
split_feature=1 36 11 7 17 50 38
split_gain=0.000195246 0.00033997 0.000284192 0.000545187 0.000396089 0.000308671 0.000117563
threshold=0.17397624254226687 0.3522451519966126 0.7140645980834962 34.897735595703132 27.053943634033207 0.58714282512664806 0.47080653905868536
decision_type=2 2 2 2 2 2 2
left_child=1 -1 3 -2 -5 -4 -7
right_child=2 -3 5 4 -6 6 -8
leaf_value=-0.048751242408219625 -0.021730688093185121 0.018895180977223605 -0.05907067643304012 0.013471978765878268 0.086577166922492468 0.030700618290329353 -0.016977742256433458
leaf_weight=0.00182551486643584 0.0016517775760336306 0.0012527854548949335 0.0010454411046794121 0.0014848679505981011 0.0014796768394216286 0.0010668119597738723 0.0010037548891972392
leaf_count=322 53 48 26 47 99 33 22
internal_value=7.83439e-05 -0.021221 0.00855776 0.0243085 0.0499606 -0.0147768 0.00758744
internal_weight=0.0108106 0.0030783 0.00773233 0.00461632 0.00296454 0.00311601 0.00207057
internal_count=650 370 280 199 146 81 55
is_linear=0
shrinkage=0.1


Tree=224
num_leaves=8
num_cat=0
split_feature=16 34 2 10 19 45 37
split_gain=0.000181005 0.000447304 0.000383306 0.000350916 0.00041568 0.000360728 0.000147311
threshold=0.12519352883100512 0.87514966726303112 0.4302621334791184 -0.068299319595098482 2.8070347309112553 0.4996075332164765 0.49896599352359777
decision_type=2 2 2 2 2 2 2
left_child=1 3 -2 -1 6 -6 -5
right_child=2 -3 -4 4 5 -7 -8
leaf_value=0.03134960501278708 -0.055949744621386591 0.051170043656332757 0.023781581165953171 -0.078468811586645315 0.050407999530694164 -0.028252300467199294 -0.025527306839283621
leaf_weight=0.001850416265611444 0.0014789636871350717 0.0018093927613742622 0.0010179769632259195 0.0010812566904798695 0.0010944706658442271 0.0012475367443851582 0.0010227059675776973
leaf_count=66 50 112 33 128 34 40 187
internal_value=9.71849e-05 0.00734895 -0.0234441 -0.00524392 -0.0204742 0.00850736 -0.0527347
internal_weight=0.0106027 0.00810578 0.00249694 0.00629639 0.00444597 0.00234201 0.00210396
internal_count=650 567 83 455 389 74 315
is_linear=0
shrinkage=0.1


Tree=225
num_leaves=8
num_cat=0
split_feature=12 35 14 3 10 19 23
split_gain=0.000178277 0.000213228 0.000405497 0.000446153 0.000297223 0.000295711 0.000210448
threshold=13.500000000000002 0.56283041834831249 26.220672607421879 0.67246377468109142 -0.028859697282314297 1.497645437717438 0.43264029920101171
decision_type=2 2 2 2 2 2 2
left_child=1 5 -3 4 -4 -1 -5
right_child=-2 2 3 6 -6 -7 -8
leaf_value=-0.062986018674637975 0.039120138793150579 0.063909840989232997 -0.0097322930941374629 -0.059795294158808347 0.059051082884702115 -0.00047897310556786375 -0.003189093131600939
leaf_weight=0.0012614995989636557 0.0010508985740376184 0.0010252164731952007 0.001236637653690309 0.0014214633379197039 0.0012769077250709415 0.0018919381989945805 0.0012208614418636188
leaf_count=291 80 51 27 33 49 57 62
internal_value=7.19181e-05 -0.00432421 0.00647113 -0.00495024 0.0252104 -0.0254843 -0.0336409
internal_weight=0.0103854 0.00933452 0.00618109 0.00515587 0.00251355 0.00315344 0.00264232
internal_count=650 570 222 171 76 348 95
is_linear=0
shrinkage=0.1


Tree=226
num_leaves=7
num_cat=0
split_feature=36 50 10 9 9 24
split_gain=0.000178225 0.000375689 0.000240948 0.000235187 0.000339865 0.000289653
threshold=0.13332176953554156 0.51756414771080028 -0.0038513854378834362 0.048900047317147262 -0.0617177877575159 0.040202021598815925
decision_type=2 2 2 2 2 2
left_child=1 -1 -3 4 -2 -6
right_child=3 2 -4 -5 5 -7
leaf_value=-0.062795075950484211 0.051856972912819543 0.039753812790249476 -0.019271874866404394 0.04886020484570474 -0.0394978035870511 0.016188067801037147
leaf_weight=0.0012104724800147126 0.0010219105901703163 0.0011248211407064446 0.0017955270149627722 0.0012902702665114063 0.0019780473111134511 0.0017698639899025315
leaf_count=84 69 35 37 94 128 203
internal_value=6.46909e-05 -0.015953 0.00346286 0.010983 0.000736997 -0.0132014
internal_weight=0.0101909 0.00413082 0.00292035 0.00606009 0.00476982 0.00374791
internal_count=650 156 72 494 400 331
is_linear=0
shrinkage=0.1


Tree=227
num_leaves=7
num_cat=0
split_feature=1 36 11 35 22 24
split_gain=0.000172196 0.000299665 0.000227144 0.000462205 0.000506946 0.000266196
threshold=0.17397624254226687 0.3522451519966126 0.7140645980834962 0.48399372398853308 -11.034239768981932 0.086309526115655913
decision_type=2 2 2 2 2 2
left_child=1 -1 3 -2 -5 -4
right_child=2 -3 5 4 -6 -7
leaf_value=-0.047246648442371829 -0.033122301444130968 0.018513351782622742 0.020325212605802549 -0.0063606818647060914 0.075186563165265521 -0.040609236707722068
leaf_weight=0.0017109332755726459 0.001089954731272158 0.0011646911567488871 0.001301526149021015 0.0012757765693578449 0.0018941818082973683 0.0015961371437072103
leaf_count=322 33 48 39 45 121 42
internal_value=5.60899e-05 -0.0206124 0.00835985 0.0230522 0.0423672 -0.0132397
internal_weight=0.0100332 0.00287562 0.00715758 0.00425991 0.00316996 0.00289766
internal_count=650 370 280 199 166 81
is_linear=0
shrinkage=0.1


Tree=228
num_leaves=9
num_cat=0
split_feature=14 34 18 9 47 43 34 17
split_gain=0.000160215 0.000336432 0.000289217 0.00043355 0.000361652 0.000525792 0.000187762 3.06845e-05
threshold=26.084631919860843 0.5237872600555421 -0.027100918814539906 -0.0023065281566232439 0.3325642347335816 0.58750000596046459 0.68726176023483287 41.207571029663093
decision_type=2 2 2 2 2 2 2 2
left_child=1 -1 6 7 -5 -6 -2 -4
right_child=2 -3 3 4 5 -7 -8 -9
leaf_value=-0.017434700939930423 -0.06980562734212889 0.060158086491106613 0.029889572811066384 -0.057134668514964286 0.057248106975996277 -0.040756548438378587 -0.0097215392757230863 0.054643657434406273
leaf_weight=0.0010575035693600188 0.0010012974397438645 0.0011849288091099197 0.0010013081297390869 0.0013301626337107741 0.0011113130528954684 0.0010788480984302851 0.0010822558830057005 0.0010017142550964309
leaf_count=256 64 63 38 54 70 27 29 49
internal_value=7.57866e-05 0.0235663 -0.00684896 0.00512697 -0.0160065 0.00897215 -0.0385963 0.0422691
internal_weight=0.00984933 0.00224243 0.0076069 0.00552335 0.00352032 0.00219016 0.00208355 0.00200302
internal_count=650 319 331 238 151 97 93 87
is_linear=0
shrinkage=0.1


Tree=229
num_leaves=7
num_cat=0
split_feature=50 36 13 28 33 4
split_gain=0.000160898 0.000346351 0.000386182 0.000293002 0.0002677 0.000241464
threshold=0.57710370421409618 0.19169653952121737 39.09565734863282 87037.000000000015 0.60008755326271068 0.45977559685707098
decision_type=2 2 2 2 2 2
left_child=1 5 -3 4 -2 -1
right_child=3 2 -4 -5 -6 -7
leaf_value=-0.0029325090700990592 0.023898530790808309 0.055969102311330933 -0.022555590807843494 0.045543389936706598 -0.036472954374833937 -0.06702494921147055
leaf_weight=0.0010240731445527729 0.0014815771422291846 0.0011530326516615563 0.0013709674574045039 0.0017622647075761222 0.001456592277627955 0.0013798255022150485
leaf_count=54 52 273 46 98 48 79
internal_value=6.91901e-05 -0.012556 0.0133166 0.0133053 -0.00603053 -0.0397212
internal_weight=0.00962833 0.0049279 0.002524 0.00470043 0.00293817 0.0024039
internal_count=650 452 319 198 100 133
is_linear=0
shrinkage=0.1


Tree=230
num_leaves=7
num_cat=0
split_feature=2 37 36 3 51 35
split_gain=0.000165976 0.00028751 0.000338156 0.000279731 0.000232703 0.000168915
threshold=0.11459543555974962 0.55616044998168956 0.13332176953554156 0.42704653739929205 0.69966742396354686 0.5360381305217744
decision_type=2 2 2 2 2 2
left_child=-1 2 3 -2 5 -4
right_child=1 -3 4 -5 -6 -7
leaf_value=-0.028109348702186249 0.00059086986066901354 0.043071524778210933 0.0069025831510804107 -0.06254346864041356 -0.021753747234192419 0.06170700534114934
leaf_weight=0.0017134069840794575 0.0014873932498904452 0.0016674181960141254 0.0010613819773936939 0.0013287253676815824 0.0010126298291339708 0.0011962318590121868
leaf_count=312 46 98 32 50 46 66
internal_value=5.7559e-05 0.0062818 -0.00379711 -0.0291977 0.0180762 0.0359416
internal_weight=0.00946719 0.00775378 0.00608636 0.00281612 0.00327024 0.00225761
internal_count=650 338 240 96 144 98
is_linear=0
shrinkage=0.1


Tree=231
num_leaves=8
num_cat=0
split_feature=34 18 11 34 11 23 44
split_gain=0.000162724 0.000432304 0.000349826 0.000262453 0.000480549 0.000273261 0.000196379
threshold=0.98341494798660289 0.33455231785774237 0.61459901928901683 0.54695308208465587 0.26591734588146215 0.55722224712371837 0.66032359004020702
decision_type=2 2 2 2 2 2 2
left_child=2 -2 3 5 -5 -1 -4
right_child=1 -3 6 4 -6 -7 -8
leaf_value=0.01445361928696441 0.070685928774594717 -0.017993898787104848 -0.073154590542284445 -0.017832046572513201 0.072411688657722503 -0.049432364517541932 -0.01115894895927733
leaf_weight=0.0014741625167844497 0.0010393907292680638 0.0011668448119115382 0.0010243545681782873 0.0010903965118274073 0.0012859825946804904 0.0012266255847971919 0.0010194322473324746
leaf_count=213 62 43 39 35 71 144 43
internal_value=5.47143e-05 0.0237845 -0.00729732 0.00676522 0.0310035 -0.0145617 -0.0422314
internal_weight=0.00932719 0.00220624 0.00712095 0.00507717 0.00237638 0.00270079 0.00204379
internal_count=650 105 545 463 106 357 82
is_linear=0
shrinkage=0.1


Tree=232
num_leaves=7
num_cat=0
split_feature=4 37 38 47 45 4
split_gain=0.000153159 0.000222407 0.000312803 0.000409284 0.000305018 0.00024593
threshold=2.0312211513519292 0.4798665344715119 0.43811924755573278 0.55275100469589245 0.55694180727005016 0.62012684345245372
decision_type=2 2 2 2 2 2
left_child=1 -1 4 5 -3 -4
right_child=-2 2 3 -5 -6 -7
leaf_value=-0.043600160738331201 0.028004014556714415 0.0043523217095320175 0.030635893277421514 0.074088533177223123 -0.062054795186427474 -0.035284722440329104
leaf_weight=0.0012973876612068502 0.001614872556277902 0.0017306623651136555 0.0011726956206796757 0.0010605630023983181 0.0011521128499225597 0.0010938006402628764
leaf_count=133 72 78 63 71 38 195
internal_value=6.6055e-05 -0.00594366 0.00192372 0.0228152 -0.0221876 -0.00117709
internal_weight=0.00912209 0.00750722 0.00620983 0.00332706 0.00288278 0.0022665
internal_count=650 578 445 329 116 258
is_linear=0
shrinkage=0.1


Tree=233
num_leaves=7
num_cat=0
split_feature=35 14 4 21 34 44
split_gain=0.000152235 0.000332671 0.000225436 0.000220454 0.000400056 0.000234053
threshold=0.521297186613083 30.162008285522464 0.67436447739601146 0.013330404181033375 0.99106597900390636 0.49136418104171758
decision_type=2 2 2 2 2 2
left_child=2 -2 -1 5 -5 -3
right_child=1 3 -4 4 -6 -7
leaf_value=-0.05504334523046317 0.045747311548418601 -0.011829326394001968 0.0094901871167461828 -0.057053634522029273 0.018268903447828659 0.052970092244284006
leaf_weight=0.0010911236075070718 0.0016986996802907939 0.0012057424757188073 0.0010742823334165541 0.0015951091534134321 0.0012638122668313656 0.001036632832638773
leaf_count=60 100 37 275 56 65 57
internal_value=6.42576e-05 0.00741766 -0.0230275 -0.00534588 -0.0237566 0.0181269
internal_weight=0.0089654 0.0068 0.00216541 0.0051013 0.00285892 0.00224238
internal_count=650 315 335 215 121 94
is_linear=0
shrinkage=0.1


Tree=234
num_leaves=7
num_cat=0
split_feature=36 50 8 44 24 0
split_gain=0.000148063 0.000303606 0.000170309 0.000382632 0.000209618 0.000165193
threshold=0.13332176953554156 0.51756414771080028 38.613803863525398 0.47532890737056738 0.040202021598815925 0.26589392125606542
decision_type=2 2 2 2 2 2
left_child=1 -1 -2 -4 -5 -3
right_child=2 5 3 4 -6 -7
leaf_value=-0.06155810269282809 0.043198535618889242 -0.027943244554296382 -0.047611661393975331 -0.0015955232563241992 0.053674129577371867 0.024103619523094491
leaf_weight=0.0010272708220655513 0.0012342995394893919 0.0010284646817240173 0.0011637643522277585 0.0017254644333896674 0.0011392981441789019 0.0014981201645696274
leaf_count=84 63 33 92 143 196 39
internal_value=5.03173e-05 -0.0157196 0.0106994 0.000741974 0.0203849 0.00291757
internal_weight=0.00881668 0.00355386 0.00526283 0.00402853 0.00286476 0.00252658
internal_count=650 156 494 431 339 72
is_linear=0
shrinkage=0.1


Tree=235
num_leaves=8
num_cat=0
split_feature=7 16 1 34 45 0 45
split_gain=0.000141133 0.000206073 0.000326673 0.000264128 0.000154703 0.000148792 5.96306e-05
threshold=31.946216583251957 0.12519352883100512 0.22630448639392856 0.81834858655929577 0.52214044332504284 0.50447547435760509 0.4996075332164765
decision_type=2 2 2 2 2 2 2
left_child=-1 2 3 6 -4 -3 -2
right_child=1 5 4 -5 -6 -7 -8
leaf_value=-0.032075054536937445 -0.010368772263329377 -0.049507238170078439 0.064523604291544953 0.035127883987172211 0.013595238113568331 0.0043854170680539739 -0.044775971178437041
leaf_weight=0.0011820922131190459 0.0010061350179235706 0.0010010152824133645 0.001382242070441464 0.0010069371920327086 0.0010492015029255342 0.0010493058177658554 0.0010086609844040528
leaf_count=63 54 49 65 66 62 34 257
internal_value=4.0903e-05 0.00510041 0.0152621 -0.00669304 0.0425473 -0.0219263 -0.0275939
internal_weight=0.00868559 0.0075035 0.00545318 0.00302173 0.00243144 0.00205032 0.0020148
internal_count=650 587 504 377 127 83 311
is_linear=0
shrinkage=0.1


Tree=236
num_leaves=6
num_cat=0
split_feature=2 37 36 3 37
split_gain=0.000128636 0.000232237 0.000290345 0.000220863 0.000178588
threshold=0.11459543555974962 0.55616044998168956 0.13332176953554156 0.42704653739929205 0.50361347198486339
decision_type=2 2 2 2 2
left_child=-1 2 3 -2 -4
right_child=1 -3 4 -5 -6
leaf_value=-0.02575678339017641 -0.00052209439548246781 0.040496445896681076 -0.0011032891304122395 -0.059633244121365982 0.050082631449120577
leaf_weight=0.0015763071431572628 0.0013347277691133641 0.0015164116456176657 0.0018567057133651588 0.0012007447116617609 0.0010770352618783008
leaf_count=312 46 98 74 50 70
internal_value=4.66952e-05 0.00586925 -0.00373159 -0.0285159 0.0176881
internal_weight=0.00856193 0.00698563 0.00546921 0.00253547 0.00293374
internal_count=650 338 240 96 144
is_linear=0
shrinkage=0.1


Tree=237
num_leaves=7
num_cat=0
split_feature=16 21 10 34 13 23
split_gain=0.000131507 0.000204127 0.000171583 0.000308705 0.000447608 0.000266122
threshold=0.53741300106048595 0.048153154551982887 -0.086020506918430314 0.54695308208465587 33.488107681274421 0.49479186534881597
decision_type=2 2 2 2 2 2
left_child=1 2 -1 -4 -5 -6
right_child=-2 -3 3 4 5 -7
leaf_value=0.033335917837524848 -0.033076582564308454 0.045306582970618382 -0.042282118845018965 0.058474791895469037 -0.050206420858525586 0.019788210346824705
leaf_weight=0.0011267940311654456 0.0010502843192057298 0.0010622480107647103 0.0018672268817100379 0.0011665886509168999 0.0011885585672715138 0.0010003756792524854
leaf_count=55 32 78 325 75 43 42
internal_value=3.99213e-05 0.00473268 -0.00205514 -0.00969066 0.0084453 -0.0182178
internal_weight=0.00846208 0.00741179 0.00634954 0.00522275 0.00335552 0.00218893
internal_count=650 618 540 485 160 85
is_linear=0
shrinkage=0.1


Tree=238
num_leaves=5
num_cat=0
split_feature=36 9 9 35
split_gain=0.000122625 0.000172143 0.000347158 0.000213517
threshold=0.081880092620849623 0.048900047317147262 0.012201908044517042 0.5642564892768861
decision_type=2 2 2 2
left_child=-1 2 3 -2
right_child=1 -3 -4 -5
leaf_value=-0.022332690312781941 -0.010443828357289452 0.035157655303411389 -0.049768196138332686 0.038013347617189983
leaf_weight=0.0018924765575651925 0.0019189091580705253 0.0015912931403958552 0.0011857227805218695 0.0017283187965437818
leaf_count=102 263 107 82 96
internal_value=3.9581e-05 0.00663008 -0.00276288 0.0125187
internal_weight=0.00831672 0.00642424 0.00483295 0.00364723
internal_count=650 548 441 359
is_linear=0
shrinkage=0.1


Tree=239
num_leaves=6
num_cat=0
split_feature=38 16 4 18 4
split_gain=0.000130005 0.000403122 0.000249447 0.00021725 0.000248288
threshold=0.52790078520774852 0.023276629857718948 2.0312211513519292 0.0013519914937205615 0.84880766272544872
decision_type=2 2 2 2 2
left_child=2 -2 3 -1 -5
right_child=1 -3 -4 4 -6
leaf_value=-0.027311122158141656 0.019356685980829302 -0.067229867469800683 0.052638260021133122 0.040373508715288157 -0.016951095105549072
leaf_weight=0.001989157157095911 0.0011527065422541338 0.0010077912702017855 0.0010200186905358066 0.0017154390895344207 0.0013503189202023758
leaf_count=172 163 48 55 88 124
internal_value=3.56643e-05 -0.0210327 0.00752845 -0.00157415 0.0151248
internal_weight=0.00823543 0.0021605 0.00607493 0.00505492 0.00306576
internal_count=650 211 439 384 212
is_linear=0
shrinkage=0.1


Tree=240
num_leaves=7
num_cat=0
split_feature=7 3 17 36 3 45
split_gain=0.000117675 0.000185754 0.000286026 0.00024792 0.000172439 0.000171205
threshold=31.946216583251957 0.75342294573783886 40.589738845825202 0.08614096045494081 1.5916994214057925 0.52443942427635204
decision_type=2 2 2 2 2 2
left_child=-1 3 -3 -2 -4 -5
right_child=1 2 4 5 -6 -7
leaf_value=-0.030019388590496212 -0.013362417052725839 0.024877212919980594 -0.058341048930971355 0.069974828574923889 -0.0024170210851194016 0.013158344714924788
leaf_weight=0.0011230710770979702 0.0012666362803450681 0.0013765486297291907 0.0012220299590319783 0.0010981751177663313 0.0010046446657163699 0.0010257186526304585
leaf_count=63 66 299 45 62 57 58
internal_value=2.76071e-05 0.00485261 -0.0109563 0.0216533 -0.0331089 0.0425357
internal_weight=0.00811682 0.00699375 0.00360322 0.00339053 0.00222667 0.00212389
internal_count=650 587 401 186 102 120
is_linear=0
shrinkage=0.1


Tree=241
num_leaves=5
num_cat=0
split_feature=3 34 20 3
split_gain=0.000113836 0.000291553 0.00041663 0.000207631
threshold=1.3976188302040102 0.51397606730461132 2.5000000000000004 0.71220883727073681
decision_type=2 2 2 2
left_child=1 -1 -3 -4
right_child=-2 2 3 -5
leaf_value=-0.039153555435925039 0.022215406394416298 0.054256025328151762 0.0098580249659560443 -0.043514198517760221
leaf_weight=0.0018886453705393991 0.0017947041122097218 0.0013401985691530172 0.0017114093595402835 0.0012696162933352184
leaf_count=338 122 70 76 44
internal_value=3.26724e-05 -0.00637832 0.0079465 -0.0128732
internal_weight=0.00800457 0.00620987 0.00432122 0.00298103
internal_count=650 528 190 120
is_linear=0
shrinkage=0.1


Tree=242
num_leaves=6
num_cat=0
split_feature=38 10 17 50 16
split_gain=0.000124029 0.000241652 0.000254803 0.000224524 0.000203049
threshold=0.52790078520774852 0.031998820602893836 28.046823501586918 0.59447124600410473 0.010128085035830738
decision_type=2 2 2 2 2
left_child=1 2 -1 -4 -2
right_child=4 -3 3 -5 -6
leaf_value=-0.039944577012661187 0.010236556477310513 0.039388633461669528 -0.010379654725449647 0.048282929055634111 -0.052690258950190152
leaf_weight=0.0014161533647381042 0.0010286938945986979 0.0016861312560920716 0.0016909994153770924 0.0010623107141780608 0.0010224417848239131
leaf_count=196 151 99 73 71 60
internal_value=3.08348e-05 0.00744352 -0.00547508 0.0122542 -0.0211309
internal_weight=0.00790673 0.00585559 0.00416946 0.00275331 0.00205114
internal_count=650 439 340 144 211
is_linear=0
shrinkage=0.1


Tree=243
num_leaves=6
num_cat=0
split_feature=1 33 37 34 34
split_gain=0.000125738 0.000185488 0.000260919 0.000161844 0.000159268
threshold=0.17397624254226687 0.79441821575164806 0.50588190555572521 0.67199265956878673 0.54695308208465587
decision_type=2 2 2 2 2
left_child=3 2 4 -1 -2
right_child=1 -3 -4 -5 -6
leaf_value=-0.045441835590073254 -0.030873106861193919 -0.026552600856007681 0.047403194772244778 0.0074025238184269246 0.019722983374820272
leaf_weight=0.0011804074841581524 0.001116517694071284 0.0011958943657113252 0.0017706395120629104 0.0011385864578805638 0.0014050983259750183
leaf_count=311 49 41 132 59 58
internal_value=2.69952e-05 0.00827642 0.0179804 -0.0194962 -0.00267988
internal_weight=0.00780714 0.00548815 0.00429226 0.00231899 0.00252162
internal_count=650 280 239 370 107
is_linear=0
shrinkage=0.1


Tree=244
num_leaves=6
num_cat=0
split_feature=36 34 39 39 43
split_gain=0.00012381 0.000251478 0.000191997 0.000228113 0.000174912
threshold=0.13332176953554156 0.7604464888572694 0.96280801296234142 0.56125000119209301 0.48749999701976782
decision_type=2 2 2 2 2
left_child=1 -1 3 4 -2
right_child=2 -3 -4 -5 -6
leaf_value=-0.041567946328743 0.034789712522995148 0.015542436759422948 -0.028287681717968416 0.060027642858124411 -0.018062540013844591
leaf_weight=0.0016833701785587407 0.0011078056834818995 0.0014226294707384568 0.001003298900944305 0.0010649162032184689 0.0014402453375907953
leaf_count=109 65 47 60 110 259
internal_value=2.66825e-05 -0.0154099 0.010413 0.0211599 0.00491582
internal_weight=0.00772227 0.003106 0.00461627 0.00361297 0.00254805
internal_count=650 156 494 434 324
is_linear=0
shrinkage=0.1


Tree=245
num_leaves=6
num_cat=0
split_feature=10 36 17 3 50
split_gain=0.000115688 0.000217602 0.000198708 0.000280182 0.000176266
threshold=-0.086020506918430314 0.081880092620849623 34.669181823730476 0.65825688838958751 0.63211780786514293
decision_type=2 2 2 2 2
left_child=-1 -2 -3 -4 -5
right_child=1 2 3 4 -6
leaf_value=0.029768030344419889 -0.039998469229429678 0.034527369131727617 0.028110860199774199 -0.057389614246717929 -0.0014261874475257925
leaf_weight=0.0011168757281723174 0.0013999623442362275 0.0015398943849913582 0.0013214236692995485 0.0011454916332613863 0.0011064157608196012
leaf_count=62 87 326 65 48 62
internal_value=3.25579e-05 -0.00506645 0.00449767 -0.00844336 -0.0298934
internal_weight=0.00763006 0.00651319 0.00511323 0.00357333 0.00225191
internal_count=650 588 501 175 110
is_linear=0
shrinkage=0.1


Tree=246
num_leaves=6
num_cat=0
split_feature=1 43 37 34 34
split_gain=0.000107551 0.00016759 0.000269224 0.000138207 0.000103948
threshold=0.17397624254226687 0.58750000596046459 0.50588190555572521 0.67199265956878673 0.54695308208465587
decision_type=2 2 2 2 2
left_child=3 2 4 -1 -2
right_child=1 -3 -4 -5 -6
leaf_value=-0.043076760712849382 -0.025745121459496353 -0.021376591545974478 0.053390117147164441 0.0067656738922316027 0.01596495790680243
leaf_weight=0.0011253061392705321 0.0010236020435905324 0.0014397416500600002 0.0014118634365591909 0.0011002970654594435 0.0014353273871705596
leaf_count=311 46 53 123 59 58
internal_value=1.78706e-05 0.00775157 0.0185858 -0.0184356 -0.0013981
internal_weight=0.00753614 0.00531053 0.00387079 0.0022256 0.00245893
internal_count=650 280 227 370 104
is_linear=0
shrinkage=0.1


Tree=247
num_leaves=6
num_cat=0
split_feature=3 3 34 43 36
split_gain=0.000112329 0.000195107 0.000250447 0.000248991 0.000137874
threshold=1.6233685016632082 0.75342294573783886 0.55281522870063793 0.53749999403953563 0.2530942708253861
decision_type=2 2 2 2 2
left_child=1 2 -1 -4 -3
right_child=-2 4 3 -5 -6
leaf_value=-0.028647360811325469 0.025772693496230337 -0.049454339184443835 0.05716822060489795 -0.0061958346675385807 -0.00096208567786696178
leaf_weight=0.0012157690705707491 0.0013806216812448646 0.0013349755572898969 0.001291511774397236 0.0011929993572898923 0.0010455202915843897
leaf_count=94 110 57 74 53 262
internal_value=2.26973e-05 -0.00582376 0.00854347 0.0267424 -0.0281564
internal_weight=0.0074614 0.00608078 0.00370028 0.00248451 0.0023805
internal_count=650 540 221 127 319
is_linear=0
shrinkage=0.1


Tree=248
num_leaves=5
num_cat=0
split_feature=33 34 8 36
split_gain=0.000113212 0.00020348 0.000214973 0.000149287
threshold=0.46499055624008184 0.73006755113601696 63.162189483642585 0.1369118541479111
decision_type=2 2 2 2
left_child=-1 3 -3 -2
right_child=1 2 -4 -5
leaf_value=0.02579889654990445 -0.057570701193943967 0.035262107798508462 -0.014289356001454158 -0.0076005467378135729
leaf_weight=0.0013842716401075705 0.0010053117285279134 0.001688658715272684 0.0018182469129044421 0.0014751268757605684
leaf_count=99 60 141 56 294
internal_value=2.55707e-05 -0.00593321 0.00957086 -0.0278532
internal_weight=0.00737162 0.00598734 0.00350691 0.00248044
internal_count=650 551 197 354
is_linear=0
shrinkage=0.1


Tree=249
num_leaves=5
num_cat=0
split_feature=38 10 24 51
split_gain=0.000110535 0.000199953 0.000225121 0.000186213
threshold=0.52790078520774852 0.031998820602893836 0.1251756623387337 0.47804363071918493
decision_type=2 2 2 2
left_child=1 2 3 -1
right_child=-2 -3 -4 -5
leaf_value=0.0091901913566077124 -0.020899739001596099 0.037343720624057233 0.02656382285505271 -0.046894954582337639
leaf_weight=0.0010165047217487455 0.0018773958803788293 0.0015695338133769887 0.0014259525837110321 0.0014175181908488987
leaf_count=47 211 99 149 144
internal_value=1.66037e-05 0.00724898 -0.00498807 -0.0234725
internal_weight=0.00730691 0.00542951 0.00385998 0.00243402
internal_count=650 439 340 191
is_linear=0
shrinkage=0.1


Tree=250
num_leaves=5
num_cat=0
split_feature=23 23 37 23
split_gain=0.000101115 0.000198375 0.000270304 0.000192391
threshold=0.45106382668018347 0.33109587430953985 0.50447553396224987 0.83806404471397411
decision_type=2 2 2 2
left_child=1 2 -1 -2
right_child=3 -3 -4 -5
leaf_value=-0.026836060862013018 0.035947258758630016 -0.047905249954069758 0.037268747223924169 -0.010757070259499558
leaf_weight=0.0014047340378092743 0.001729377472079463 0.0010671756580858949 0.0012369836436212367 0.0018000531366751948
leaf_count=145 193 78 102 132
internal_value=1.14761e-05 -0.0115183 0.003181 0.0121275
internal_weight=0.00723832 0.00370889 0.00264172 0.00352943
internal_count=650 325 247 325
is_linear=0
shrinkage=0.1


Tree=251
num_leaves=6
num_cat=0
split_feature=1 11 7 34 36
split_gain=0.000102882 0.000164356 0.000348238 0.000109389 5.59727e-05
threshold=0.17397624254226687 0.7140645980834962 34.897735595703132 0.67199265956878673 0.16846697032451632
decision_type=2 2 2 2 2
left_child=3 2 -2 -1 -3
right_child=1 4 -4 -5 -6
leaf_value=-0.041237950974220568 -0.020975006264592672 -0.03118140189785984 0.048854838859738889 0.0041615782819415699 0.0022293778307606905
leaf_weight=0.0010576816515641407 0.0011482782634124611 0.0010001544285387354 0.0018889993678703476 0.0010652479911072987 0.0010055463514788698
leaf_count=311 53 35 146 59 46
internal_value=1.02751e-05 0.00778452 0.0224549 -0.0184573 -0.0144311
internal_weight=0.00716591 0.00504298 0.00303728 0.00212293 0.0020057
internal_count=650 280 199 370 81
is_linear=0
shrinkage=0.1


Tree=252
num_leaves=6
num_cat=0
split_feature=5 5 24 37 16
split_gain=0.000103385 0.000281929 0.000202293 0.000247113 0.000267502
threshold=1.4177899360656741 2.2760730981826787 0.43614132702350622 0.52425050735473644 -0.017215580679476258
decision_type=2 2 2 2 2
left_child=2 -2 3 4 -1
right_child=1 -3 -4 -5 -6
leaf_value=-0.030909943490270587 -0.056548721679915682 0.016931832323960928 -0.032100210148406326 0.052130719522905988 0.033218795981821987
leaf_weight=0.0013570860640126359 0.0010125860128791242 0.0010780664199394607 0.0010122881008544082 0.0013824548780654311 0.0012492240853698988
leaf_count=101 52 48 96 168 185
internal_value=1.65219e-05 -0.0186577 0.00782315 0.0179551 -0.000172556
internal_weight=0.00709171 0.00209065 0.00500105 0.00398877 0.00260631
internal_count=650 100 550 454 286
is_linear=0
shrinkage=0.1


Tree=253
num_leaves=5
num_cat=0
split_feature=36 51 8 44
split_gain=0.000100544 0.000209341 0.000165511 0.000206622
threshold=0.13332176953554156 0.55477729439735424 39.808565139770515 0.59891322255134594
decision_type=2 2 2 2
left_child=1 -1 -2 -4
right_child=2 -3 3 -5
leaf_value=-0.044617607850092889 0.042620017455155035 0.010521142915169797 -0.033113956827754351 0.019425601778103114
leaf_weight=0.001272124248587192 0.0011232587932150651 0.0015009923506141831 0.0012722266847237096 0.0018183672843784526
leaf_count=102 71 54 265 158
internal_value=1.44187e-05 -0.0147729 0.00974589 -0.00220203
internal_weight=0.00698697 0.00277312 0.00421385 0.00309059
internal_count=650 156 494 423
is_linear=0
shrinkage=0.1


Tree=254
num_leaves=6
num_cat=0
split_feature=10 36 34 20 9
split_gain=9.53768e-05 0.000173827 0.000177148 0.000272861 0.000141872
threshold=-0.086020506918430314 0.081880092620849623 0.49989879131317144 2.5000000000000004 0.048900047317147262
decision_type=2 2 2 2 2
left_child=-1 -2 -3 -4 -5
right_child=1 2 3 4 -6
leaf_value=0.027956719189995472 -0.038321585993764243 -0.033287035697410559 0.056164298190473118 -0.024664473493175059 0.022692013826784263
leaf_weight=0.0010379981368533464 0.0012319287383397159 0.0010034390159290862 0.0010860374111613114 0.0014252689609735025 0.0011374919425275465
leaf_count=62 87 69 188 156 88
internal_value=9.10877e-06 -0.004921 0.00392359 0.0141567 -0.0036451
internal_weight=0.00692216 0.00588417 0.00465224 0.0036488 0.00256276
internal_count=650 588 501 432 244
is_linear=0
shrinkage=0.1


Tree=255
num_leaves=5
num_cat=0
split_feature=35 21 1 23
split_gain=9.89562e-05 0.000229548 0.000199803 0.000127198
threshold=0.56283041834831249 0.013330404181033375 0.19215405732393268 0.42857149243354803
decision_type=2 2 2 2
left_child=2 -2 -1 -3
right_child=1 3 -4 -5
leaf_value=-0.048883964452818958 0.036914826306821517 -0.028592910701604992 0.0091178186218431514 0.015518703673721913
leaf_weight=0.0010564523522076374 0.0017608849915733416 0.0015189368247154889 0.001356494964535937 0.0011475691920104225
leaf_count=306 118 69 67 90
internal_value=1.54116e-05 0.00889479 -0.0162769 -0.00960884
internal_weight=0.00684034 0.00442739 0.00241295 0.00266651
internal_count=650 277 373 159
is_linear=0
shrinkage=0.1


Tree=256
num_leaves=5
num_cat=0
split_feature=38 21 21 2
split_gain=0.000100977 0.000164074 0.000142283 0.000112046
threshold=0.52790078520774852 0.048153154551982887 0.013330404181033375 0.19859365373849872
decision_type=2 2 2 2
left_child=1 2 3 -1
right_child=-2 -3 -4 -5
leaf_value=-0.009922882788295102 -0.020548402208451326 0.042626459499117329 -0.029929988088668563 0.030664353393170765
leaf_weight=0.0013305370939934724 0.0017665796234320741 0.0010394575532353123 0.0012499684135507394 0.0013915098245131929
leaf_count=200 211 79 82 78
internal_value=9.36144e-06 0.00725612 -0.00200013 0.0108253
internal_weight=0.00677805 0.00501147 0.00397202 0.00272205
internal_count=650 439 360 278
is_linear=0
shrinkage=0.1


Tree=257
num_leaves=5
num_cat=0
split_feature=35 14 21 17
split_gain=9.77096e-05 0.000212371 0.000171666 0.00021008
threshold=0.521297186613083 30.162008285522464 0.013330404181033375 51.582626342773445
decision_type=2 2 2 2
left_child=-1 -2 -3 -4
right_child=1 2 3 -5
leaf_value=-0.021762394278881728 0.042219429575323771 0.01884416421682784 -0.054371034180933246 0.0077406794416218774
leaf_weight=0.0015774754825746418 0.0012677515334966749 0.001705184012561034 0.0010963660796576846 0.0010819306904679138
leaf_count=335 100 94 66 55
internal_value=1.35526e-05 0.00668206 -0.00491902 -0.023521
internal_weight=0.00672871 0.00515123 0.00388348 0.0021783
internal_count=650 315 215 121
is_linear=0
shrinkage=0.1


Tree=258
num_leaves=5
num_cat=0
split_feature=16 34 10 19
split_gain=9.75565e-05 0.00020349 0.000184548 0.000309143
threshold=0.12519352883100512 0.87514966726303112 -0.071251668035984025 2.8070347309112553
decision_type=2 2 2 2
left_child=1 2 -1 -4
right_child=-2 -3 3 -5
leaf_value=0.031836715034370404 -0.021922994764216629 0.043644240429783147 -0.053097784615025179 0.012468324355173201
leaf_weight=0.0010498773640073011 0.0015551732880978442 0.0011532256619424253 0.0013091828713586995 0.0015955140337347018
leaf_count=62 83 112 317 76
internal_value=6.14216e-06 0.00668291 -0.00409568 -0.0170831
internal_weight=0.00666297 0.0051078 0.00395457 0.0029047
internal_count=650 567 455 393
is_linear=0
shrinkage=0.1


Tree=259
num_leaves=6
num_cat=0
split_feature=3 3 34 43 13
split_gain=9.68109e-05 0.000193941 0.000216883 0.00019517 9.2707e-05
threshold=1.6233685016632082 0.75342294573783886 0.55281522870063793 0.53749999403953563 39.342752456665046
decision_type=2 2 2 2 2
left_child=1 2 -1 -4 -3
right_child=-2 4 3 -5 -6
leaf_value=-0.026593859417480017 0.025604766070101218 -0.0090768603611022531 0.057549298421226559 -0.0025897431072998641 -0.050886649338672055
leaf_weight=0.001098060923723776 0.001206246789568155 0.0010991937066225366 0.0010979738784815396 0.0010611911835667343 0.001024783227039805
leaf_count=94 110 266 74 53 53
internal_value=-2.44349e-07 -0.00573985 0.00959029 0.027992 -0.0292494
internal_weight=0.00658745 0.0053812 0.00325723 0.00215917 0.00212398
internal_count=650 540 221 127 319
is_linear=0
shrinkage=0.1


Tree=260
num_leaves=5
num_cat=0
split_feature=36 51 19 19
split_gain=9.49853e-05 0.000180274 0.000151003 0.000178967
threshold=0.13332176953554156 0.55477729439735424 3.8743374347686772 0.48665677011013037
decision_type=2 2 2 2
left_child=1 -1 3 -2
right_child=2 -3 -4 -5
leaf_value=-0.04368677356060531 0.0026833066596496508 0.0093170684194602473 -0.021117438776170162 0.054923956066964576
leaf_weight=0.0011804247263657031 0.0017510941729516338 0.0014059636161505296 0.0011259688654119415 0.0010483985118954209
leaf_count=102 331 54 76 87
internal_value=5.19812e-06 -0.0148738 0.00980861 0.0222472
internal_weight=0.00651185 0.00258639 0.00392546 0.00279949
internal_count=650 156 494 418
is_linear=0
shrinkage=0.1


Tree=261
num_leaves=5
num_cat=0
split_feature=33 3 47 3
split_gain=8.81626e-05 0.000144255 0.000151684 0.000139957
threshold=0.46499055624008184 0.7329327166080476 0.3486220389604569 1.5521290302276614
decision_type=2 2 2 2
left_child=-1 2 -2 -3
right_child=1 3 -4 -5
leaf_value=0.024067358486371832 -0.017403004084241083 -0.038082349512471192 0.033470346220835528 0.0081965689302652932
leaf_weight=0.0012324101305138946 0.0010046315552424967 0.0017769718314108174 0.0014067565500504031 0.0010335660506770594
leaf_count=99 69 296 88 98
internal_value=9.65415e-06 -0.00566813 0.0122755 -0.0210634
internal_weight=0.00645434 0.00522193 0.00241139 0.00281054
internal_count=650 551 157 394
is_linear=0
shrinkage=0.1


Tree=262
num_leaves=4
num_cat=0
split_feature=5 4 20
split_gain=8.70078e-05 0.000187883 0.000228332
threshold=1.4177899360656741 1.1162105798721316 2.5000000000000004
decision_type=2 2 2
left_child=1 2 -1
right_child=-2 -3 -4
leaf_value=0.023847087790689503 -0.018127067005678545 0.042350753843802554 -0.028322516579657203
leaf_weight=0.0015496293525754101 0.0018724591564227011 0.001153177860025556 0.0018292774217072427
leaf_count=262 100 100 188
internal_value=6.27152e-06 0.00749817 -0.00439657
internal_weight=0.00640454 0.00453208 0.00337891
internal_count=650 550 450
is_linear=0
shrinkage=0.1


Tree=263
num_leaves=5
num_cat=0
split_feature=50 36 4 47
split_gain=9.33983e-05 0.000228063 0.000236902 0.000210734
threshold=0.57710370421409618 0.31493373215198522 0.62675741314888012 0.83186262845993053
decision_type=2 2 2 2
left_child=1 2 -1 -2
right_child=3 -3 -4 -5
leaf_value=0.0023169007560242742 0.033853346468614591 0.025569175084418874 -0.064355539947308485 -0.018702400976244267
leaf_weight=0.0010684354913143568 0.0018549061741843786 0.0010740490180826401 0.0010633264269361009 0.0012960187849504479
leaf_count=88 134 279 85 64
internal_value=9.93882e-06 -0.0120072 -0.0309394 0.0122364
internal_weight=0.00635674 0.00320581 0.00213176 0.00315092
internal_count=650 452 173 198
is_linear=0
shrinkage=0.1


Tree=264
num_leaves=5
num_cat=0
split_feature=35 33 3 1
split_gain=8.67381e-05 0.000175557 0.000168914 0.000147638
threshold=0.56283041834831249 0.55877119302749645 0.67246377468109142 0.19661244004964831
decision_type=2 2 2 2
left_child=3 -2 -3 -1
right_child=1 2 -4 -5
leaf_value=-0.043543550202344662 0.041022949261714972 0.024639994232531645 -0.024778607796071217 0.0080716938804953741
leaf_weight=0.0010330542784788288 0.0011882102217963819 0.0011652946424582922 0.0017016296255025765 0.0011954533476361551
leaf_count=312 84 78 115 61
internal_value=-6.49139e-06 0.00870322 -0.00469184 -0.0158552
internal_weight=0.00628364 0.00405513 0.00286692 0.00222851
internal_count=650 277 193 373
is_linear=0
shrinkage=0.1


Tree=265
num_leaves=5
num_cat=0
split_feature=7 20 50 19
split_gain=9.17331e-05 0.000149696 0.000136227 0.000196729
threshold=34.897735595703132 2.5000000000000004 0.58299544453620922 3.4087134599685673
decision_type=2 2 2 2
left_child=-1 -2 -3 -4
right_child=1 2 3 -5
leaf_value=-0.025093532696415212 0.03113647006726938 -0.035882679901354769 0.032136765538681833 -0.025762029232574726
leaf_weight=0.0011811797795777679 0.0016005468764469233 0.001051214194698058 0.0013679223683915609 0.0010277795325643879
leaf_count=84 261 144 94 67
internal_value=-6.75298e-06 0.00586392 -0.00587118 0.00729762
internal_weight=0.00622864 0.00504746 0.00344692 0.0023957
internal_count=650 566 305 161
is_linear=0
shrinkage=0.1


Tree=266
num_leaves=5
num_cat=0
split_feature=36 51 38 10
split_gain=8.57727e-05 0.000177925 0.000120779 0.000266536
threshold=0.13332176953554156 0.55477729439735424 0.52790078520774852 0.0011723294737748804
decision_type=2 2 2 2
left_child=1 -1 3 -2
right_child=2 -3 -4 -5
leaf_value=-0.044179878018375765 -0.0041462297092280795 0.0099299653864359429 -0.019346618239825836 0.060672968146742112
leaf_weight=0.0011086346519442736 0.0016487460389515707 0.0013448938248075137 0.0010406838598644996 0.0010311156796961596
leaf_count=102 226 54 145 123
internal_value=-5.43222e-06 -0.0145197 0.00956609 0.0207939
internal_weight=0.00617407 0.00245353 0.00372055 0.00267986
internal_count=650 156 494 349
is_linear=0
shrinkage=0.1


Tree=267
num_leaves=5
num_cat=0
split_feature=16 34 10 19
split_gain=8.1512e-05 0.00018752 0.000144166 0.000289314
threshold=0.12519352883100512 0.87514966726303112 -0.068299319595098482 2.8070347309112553
decision_type=2 2 2 2
left_child=1 2 -1 -4
right_child=-2 -3 3 -5
leaf_value=0.026953462546382381 -0.020901590511425299 0.043728146324684351 -0.053564254740277761 0.013545297636667418
leaf_weight=0.0010482051397193715 0.0014288974022855783 0.0010446851365073506 0.0011790382675078703 0.0014113765661738498
leaf_count=66 83 112 315 74
internal_value=5.21639e-06 0.00638398 -0.00433792 -0.0169999
internal_weight=0.0061122 0.00468331 0.00363862 0.00259041
internal_count=650 567 455 389
is_linear=0
shrinkage=0.1


Tree=268
num_leaves=5
num_cat=0
split_feature=4 5 18 20
split_gain=7.74592e-05 0.000137375 0.000124211 0.000178782
threshold=2.0312211513519292 1.4177899360656741 0.01667773071676493 1.5000000000000002
decision_type=2 2 2 2
left_child=1 2 3 -1
right_child=-2 -3 -4 -5
leaf_value=0.019954619645550512 0.025236478023955001 -0.035087268519794018 0.025749470144733111 -0.036095631435824845
leaf_weight=0.0010377848822464841 0.0010124018875998786 0.0011706790756876029 0.001564576225984049 0.0012600001621086709
leaf_count=226 72 67 159 126
internal_value=-1.87962e-06 -0.0050786 0.004017 -0.0107808
internal_weight=0.00604544 0.00503304 0.00386236 0.00229779
internal_count=650 578 511 352
is_linear=0
shrinkage=0.1


Tree=269
num_leaves=4
num_cat=0
split_feature=35 14 21
split_gain=7.54652e-05 0.000176666 0.00012073
threshold=0.521297186613083 30.162008285522464 0.013330404181033375
decision_type=2 2 2
left_child=-1 -2 -3
right_child=1 2 -4
leaf_value=-0.020194253579977242 0.040510092203517964 0.016244652920562552 -0.021478350134035349
leaf_weight=0.0014147892650492044 0.0011318253425876001 0.0015050250578338975 0.0019446039584902763
leaf_count=335 100 94 121
internal_value=-6.42722e-06 0.00622773 -0.00502033
internal_weight=0.00599624 0.00458145 0.00344963
internal_count=650 315 215
is_linear=0
shrinkage=0.1


Tree=270
num_leaves=5
num_cat=0
split_feature=2 37 36 44
split_gain=7.73997e-05 0.000191538 0.000179098 0.000103148
threshold=0.11459543555974962 0.55616044998168956 0.13332176953554156 0.42161327600479132
decision_type=2 2 2 2
left_child=-1 2 -2 -4
right_child=1 -3 3 -5
leaf_value=-0.02432214689766992 -0.028665628181121994 0.043168102281318538 -0.0084440394757299107 0.036013255473409958
leaf_weight=0.0010730119843634089 0.0017459199943605508 0.0010506528465130671 0.0010016620400534748 0.0010895736526688182
leaf_count=312 96 98 49 95
internal_value=-1.70085e-06 0.00533732 -0.00502113 0.0147191
internal_weight=0.00596082 0.00488781 0.00383716 0.00209124
internal_count=650 338 240 144
is_linear=0
shrinkage=0.1


Tree=271
num_leaves=4
num_cat=0
split_feature=16 51 36
split_gain=8.16759e-05 0.000156002 0.000141802
threshold=0.12519352883100512 0.58175006508827221 0.13332176953554156
decision_type=2 2 2
left_child=1 2 -1
right_child=-2 -3 -4
leaf_value=-0.031377523085708368 -0.021171511215251078 0.035081468063683403 0.011753609461846249
leaf_weight=0.0012737673476958256 0.0013921844628601576 0.001344316014747271 0.0018981779281884992
leaf_count=99 83 121 347
internal_value=4.85882e-06 0.00653269 -0.00556669
internal_weight=0.00590845 0.00451626 0.00317195
internal_count=650 567 446
is_linear=0
shrinkage=0.1


Tree=272
num_leaves=5
num_cat=0
split_feature=2 17 4 35
split_gain=7.33039e-05 0.000157344 0.000148035 0.000104232
threshold=0.4302621334791184 40.589738845825202 0.85297170281410228 0.56283041834831249
decision_type=2 2 2 2
left_child=1 3 -3 -1
right_child=-2 2 -4 -5
leaf_value=-0.0096300902437369881 0.017871654503069722 0.00095642500896723896 -0.051809173819150602 0.035000641673531632
leaf_weight=0.0010560292017385564 0.0016508341228451684 0.0010358432651240701 0.0010924400674316992 0.0010372442900541401
leaf_count=299 94 79 73 105
internal_value=5.10616e-06 -0.00698158 -0.026128 0.012485
internal_weight=0.00587239 0.00422156 0.00212828 0.00209327
internal_count=650 556 152 404
is_linear=0
shrinkage=0.1


Tree=273
num_leaves=5
num_cat=0
split_feature=33 33 19 36
split_gain=6.83953e-05 0.000152668 0.000141903 0.000205095
threshold=0.46499055624008184 0.50000178813934337 3.3574463129043584 0.12746056169271472
decision_type=2 2 2 2
left_child=-1 -2 3 -3
right_child=1 2 -4 -5
leaf_value=0.022380471484602489 -0.039602941069951159 -0.013445324132854123 -0.027211064429004717 0.042156986379585544
leaf_weight=0.0011059469280592094 0.0010152911917913898 0.0012370833809522142 0.0010376842684611809 0.0014304993265602528
leaf_count=99 273 68 79 131
internal_value=-3.57735e-06 -0.00524778 0.00416598 0.0163716
internal_weight=0.00582651 0.00472056 0.00370527 0.00266758
internal_count=650 551 278 199
is_linear=0
shrinkage=0.1


Tree=274
num_leaves=4
num_cat=0
split_feature=38 10 24
split_gain=7.34698e-05 0.000135996 0.000182645
threshold=0.52790078520774852 0.031998820602893836 0.1251756623387337
decision_type=2 2 2
left_child=1 2 -1
right_child=-2 -3 -4
leaf_value=-0.023390629896864544 -0.019097011287279433 0.034636980259585205 0.027410196361994672
leaf_weight=0.0019233157963963743 0.0014934374235956727 0.0012360091656851147 0.001119770883102611
leaf_count=191 211 99 149
internal_value=-5.1874e-07 0.0066643 -0.00469735
internal_weight=0.00577253 0.0042791 0.00304309
internal_count=650 439 340
is_linear=0
shrinkage=0.1


Tree=275
num_leaves=4
num_cat=0
split_feature=16 51 36
split_gain=7.62526e-05 0.000124805 0.000119084
threshold=0.12519352883100512 0.58175006508827221 0.13332176953554156
decision_type=2 2 2
left_child=1 2 -1
right_child=-2 -3 -4
leaf_value=-0.028540125606881767 -0.020855683349622237 0.032326779550461794 0.01151019645069463
leaf_weight=0.0012405189495951485 0.0013423998581900687 0.0013034454135705253 0.0018489169247880022
leaf_count=99 83 121 347
internal_value=2.85192e-06 0.00637691 -0.00457144
internal_weight=0.00573528 0.00439288 0.00308944
internal_count=650 567 446
is_linear=0
shrinkage=0.1


Tree=276
num_leaves=5
num_cat=0
split_feature=2 33 34 34
split_gain=6.92791e-05 0.000138786 0.000213215 0.000196869
threshold=0.11459543555974962 0.57638412714004528 0.45329253375530248 0.98677867650985729
decision_type=2 2 2 2
left_child=-1 2 -2 -3
right_child=1 3 -4 -5
leaf_value=-0.023449001070962316 -0.011779898660356152 -0.040580258726584773 0.049557008682560029 0.017048762053233354
leaf_weight=0.0010318006868547669 0.0010089858096509197 0.00118692767776718 0.0012929483624627702 0.0011842019305716711
leaf_count=312 77 87 88 86
internal_value=3.07666e-06 0.00518124 0.0226718 -0.0117989
internal_weight=0.00570486 0.00467306 0.00230193 0.00237113
internal_count=650 338 165 173
is_linear=0
shrinkage=0.1


Tree=277
num_leaves=4
num_cat=0
split_feature=3 3 34
split_gain=6.899e-05 0.000155579 0.000147843
threshold=1.6233685016632082 0.75342294573783886 0.56837493181228649
decision_type=2 2 2
left_child=1 2 -1
right_child=-2 -3 -4
leaf_value=-0.020821387809740834 0.023481985492065725 -0.02756812194887498 0.027297549867958577
leaf_weight=0.0010016712018560692 0.0010248302720752278 0.0018584768524453898 0.0017611467662348446
leaf_count=102 110 319 119
internal_value=8.70335e-06 -0.00519679 0.00985183
internal_weight=0.00564613 0.00462129 0.00276282
internal_count=650 540 221
is_linear=0
shrinkage=0.1


Tree=278
num_leaves=4
num_cat=0
split_feature=9 22 8
split_gain=7.00486e-05 0.000130051 0.000137174
threshold=-0.050786092877387994 -5.0125312805175772 59.119298934936531
decision_type=2 2 2
left_child=-1 -2 -3
right_child=1 2 -4
leaf_value=0.022421843744425511 -0.035554978710897599 0.023758275782191418 -0.016422005517698485
leaf_weight=0.0011167952692176797 0.0010938202833074007 0.0017354739396324426 0.0016646535529076523
leaf_count=125 120 320 85
internal_value=7.97947e-06 -0.00556211 0.00408659
internal_weight=0.00561074 0.00449395 0.00340013
internal_count=650 525 405
is_linear=0
shrinkage=0.1


Tree=279
num_leaves=4
num_cat=0
split_feature=2 17 9
split_gain=6.42478e-05 0.000123676 0.000108017
threshold=0.39381207525730139 34.669181823730476 0.0026124371215701108
decision_type=2 2 2
left_child=1 -1 -3
right_child=-2 2 -4
leaf_value=0.017976805913487142 0.01471554996840533 0.0010664387223657775 -0.041304598750974864
leaf_weight=0.0012301862138733577 0.0019377800363127307 0.001155847078273764 0.0012548882119165494
leaf_count=354 110 97 89
internal_value=5.43205e-06 -0.00782362 -0.0209895
internal_weight=0.0055787 0.00364092 0.00241074
internal_count=650 540 186
is_linear=0
shrinkage=0.1


Tree=280
num_leaves=4
num_cat=0
split_feature=38 4 38
split_gain=6.47006e-05 0.000131824 0.000244802
threshold=0.52790078520774852 1.0862482190132143 0.43811924755573278
decision_type=2 2 2
left_child=1 2 -1
right_child=-2 -3 -4
leaf_value=-0.034082863111143662 -0.01832694251515089 0.030088213439080216 0.027436311990654935
leaf_weight=0.001476030241840065 0.0014302191241494511 0.0014929160265833019 0.0011514185158310319
leaf_count=103 211 113 223
internal_value=-1.62626e-06 0.00635927 -0.00712351
internal_weight=0.00555058 0.00412036 0.00262745
internal_count=650 439 326
is_linear=0
shrinkage=0.1


Tree=281
num_leaves=5
num_cat=0
split_feature=35 6 37 43
split_gain=6.23448e-05 0.000141914 9.49595e-05 8.0077e-05
threshold=0.521297186613083 59.059541702270515 0.49844078719615942 0.56250000000000011
decision_type=2 2 2 2
left_child=-1 2 -2 -3
right_child=1 3 -4 -5
leaf_value=-0.019172254117877124 0.0032673667548679753 0.0086894036330301318 0.046666477135195936 -0.029592002653403435
leaf_weight=0.0012969975285349045 0.0010043876365415372 0.0010262600580377423 0.0010123219048292498 0.0011686904830101597
leaf_count=335 69 83 98 65
internal_value=-1.71919e-06 0.00590192 0.0250523 -0.0116933
internal_weight=0.00550866 0.00421166 0.00201671 0.00219495
internal_count=650 315 167 148
is_linear=0
shrinkage=0.1


Tree=282
num_leaves=4
num_cat=0
split_feature=0 1 17
split_gain=6.60642e-05 0.000155434 0.000129097
threshold=0.29370516538620001 0.52528837323188793 34.669181823730476
decision_type=2 2 2
left_child=2 -2 -1
right_child=1 -3 -4
leaf_value=0.018148605634974044 0.037584459773494235 -0.011618809725038995 -0.025989284552305772
leaf_weight=0.001026111115513012 0.0012183871476825203 0.0013572346809969105 0.001870884690054142
leaf_count=329 102 76 143
internal_value=4.11186e-06 0.0116566 -0.0103557
internal_weight=0.00547262 0.00257562 0.002897
internal_count=650 178 472
is_linear=0
shrinkage=0.1


Tree=283
num_leaves=4
num_cat=0
split_feature=3 34 21
split_gain=6.70349e-05 0.000160886 0.000171866
threshold=1.3976188302040102 0.54695308208465587 0.013330404181033375
decision_type=2 2 2
left_child=1 -1 -3
right_child=-2 2 -4
leaf_value=-0.033243014960143528 0.021001535823455899 0.038109327495373685 -0.012221098869219455
leaf_weight=0.00142611858830205 0.0011885283369781341 0.0011326273032068457 0.0016920344040505242
leaf_count=347 122 86 95
internal_value=6.9097e-06 -0.00586324 0.0079603
internal_weight=0.00543931 0.00425078 0.00282466
internal_count=650 528 181
is_linear=0
shrinkage=0.1


Tree=284
num_leaves=4
num_cat=0
split_feature=18 44 2
split_gain=6.56467e-05 0.000179886 0.000144627
threshold=-0.027100918814539906 0.80785176157951366 0.1951144561171532
decision_type=2 2 2
left_child=-1 2 -2
right_child=1 -3 -4
leaf_value=-0.017679411600748842 -0.00265951934084747 -0.023845059270223651 0.044456406355410184
leaf_weight=0.0015112772747186975 0.0012483284702935471 0.0012790385153815809 0.001362679459070204
leaf_count=184 256 88 122
internal_value=7.8936e-06 0.00687939 0.0219302
internal_weight=0.00540132 0.00389005 0.00261101
internal_count=650 466 378
is_linear=0
shrinkage=0.1


Tree=285
num_leaves=4
num_cat=0
split_feature=50 36 47
split_gain=6.68408e-05 0.00016104 0.000158822
threshold=0.57710370421409618 0.22046274691820147 0.83186262845993053
decision_type=2 2 2
left_child=1 -1 -2
right_child=2 -3 -4
leaf_value=-0.033923868579080342 0.031781342029523367 0.015247077927426234 -0.017523586964310233
leaf_weight=0.0014387389992639721 0.0015624663564342001 0.0012402316486650466 0.0011228165670595924
leaf_count=140 134 312 64
internal_value=1.56256e-05 -0.0111601 0.0111651
internal_weight=0.00536425 0.00267897 0.00268528
internal_count=650 452 198
is_linear=0
shrinkage=0.1


Tree=286
num_leaves=4
num_cat=0
split_feature=2 8 34
split_gain=7.20563e-05 0.000112974 0.000125132
threshold=0.4302621334791184 59.954181671142585 0.54695308208465587
decision_type=2 2 2
left_child=1 2 -1
right_child=-2 -3 -4
leaf_value=-0.022161812591257608 0.018544481880082526 -0.035860393132106337 0.020738819775130563
leaf_weight=0.0011565164902029579 0.0015054020984806016 0.0010158432968817299 0.0016497506136143869
leaf_count=332 94 64 160
internal_value=1.34661e-05 -0.00728528 0.00305865
internal_weight=0.00532751 0.00382211 0.00280627
internal_count=650 556 492
is_linear=0
shrinkage=0.1


Tree=287
num_leaves=3
num_cat=0
split_feature=1 37
split_gain=6.52203e-05 0.000105018
threshold=0.17397624254226687 0.50361347198486339
decision_type=2 2
left_child=-1 -2
right_child=1 -3
leaf_value=-0.016835612773094276 -0.0097174467713855711 0.024001960673569262
leaf_weight=0.0016030832155074226 0.0018283193697585798 0.0018666424602871157
leaf_count=370 106 174
internal_value=8.98341e-06 0.00731712
internal_weight=0.00529805 0.00369496
internal_count=650 280
is_linear=0
shrinkage=0.1


Tree=288
num_leaves=4
num_cat=0
split_feature=33 34 38
split_gain=6.51729e-05 0.000131353 0.000132807
threshold=0.46499055624008184 0.73006755113601696 0.43164862692356115
decision_type=2 2 2
left_child=-1 -2 -3
right_child=1 2 -4
leaf_value=0.022752947532007954 -0.026301282244309811 -0.014396466669146438 0.031723419699251375
leaf_weight=0.0010172955418097374 0.0017649834938082143 0.0012135747447161727 0.0012860168079666945
leaf_count=99 354 72 125
internal_value=9.61887e-06 -0.0054157 0.00933179
internal_weight=0.00528187 0.00426458 0.00249959
internal_count=650 551 197
is_linear=0
shrinkage=0.1


Tree=289
num_leaves=4
num_cat=0
split_feature=38 10 24
split_gain=5.84287e-05 0.000117345 0.000145914
threshold=0.52072915434837352 0.031998820602893836 0.1251756623387337
decision_type=2 2 2
left_child=1 2 -1
right_child=-2 -3 -4
leaf_value=-0.021716674656334336 -0.017639932420646501 0.034380598660023458 0.025837476226614003
leaf_weight=0.0017814351546699414 0.001381909296429007 0.0010755769578008056 0.0010116602522098894
leaf_count=188 223 91 148
internal_value=1.03023e-05 0.00631506 -0.00449254
internal_weight=0.00525058 0.00386867 0.0027931
internal_count=650 427 336
is_linear=0
shrinkage=0.1


Tree=290
num_leaves=4
num_cat=0
split_feature=16 51 36
split_gain=6.04394e-05 0.000115056 0.000126362
threshold=0.12519352883100512 0.58175006508827221 0.13332176953554156
decision_type=2 2 2
left_child=1 2 -1
right_child=-2 -3 -4
leaf_value=-0.030754996831211648 -0.019628616513718524 0.031949869966912285 0.012352318759601473
leaf_weight=0.0011424350701656205 0.0012050247404332692 0.0011925747435164169 0.001679985195194994
leaf_count=99 83 121 347
internal_value=1.25986e-05 0.00590754 -0.00509629
internal_weight=0.00522002 0.004015 0.00282242
internal_count=650 567 446
is_linear=0
shrinkage=0.1


Tree=291
num_leaves=4
num_cat=0
split_feature=3 45 18
split_gain=6.16791e-05 0.00014382 0.00011098
threshold=0.42704653739929205 0.44255703687667852 0.060544626787304885
decision_type=2 2 2
left_child=-1 -2 -3
right_child=1 2 -4
leaf_value=0.016559300292025118 -0.034224705677797021 -0.016672129027740304 0.027065443857225327
leaf_weight=0.0015708602085746648 0.0012735559170422572 0.0010491381271788836 0.0012977859028326932
leaf_count=121 90 310 129
internal_value=1.13756e-05 -0.00716847 0.00751357
internal_weight=0.00519134 0.00362048 0.00234692
internal_count=650 529 439
is_linear=0
shrinkage=0.1


Tree=292
num_leaves=5
num_cat=0
split_feature=9 23 23 5
split_gain=6.13048e-05 0.000101003 0.000102311 8.02612e-05
threshold=-0.050786092877387994 0.42857149243354803 0.85934066772460949 0.58403328061103832
decision_type=2 2 2 2
left_child=-1 3 -3 -2
right_child=1 2 -4 -5
leaf_value=0.021687308391784101 -0.040975583762213635 0.033169332935556531 -0.011920378369025524 -0.0019184594801724367
leaf_weight=0.0010412448844040745 0.0010172485456971803 0.0010030770968710301 0.0010098702846215446 0.0010898303128958342
leaf_count=125 68 171 105 181
internal_value=8.14003e-06 -0.00547079 0.0105484 -0.0207743
internal_weight=0.00516127 0.00412003 0.00201295 0.00210708
internal_count=650 525 276 249
is_linear=0
shrinkage=0.1


Tree=293
num_leaves=4
num_cat=0
split_feature=15 34 8
split_gain=5.85995e-05 0.000118206 0.000167004
threshold=0.14248975366353991 0.87514966726303112 44.594753265380866
decision_type=2 2 2
left_child=1 2 -1
right_child=-2 -3 -4
leaf_value=0.016543817759307296 -0.019163572892121356 0.034935441204990474 -0.032101526220866282
leaf_weight=0.0016341615178266933 0.0012165173827631826 0.0010356259521355771 0.0012422000480057926
leaf_count=138 99 106 307
internal_value=5.06638e-06 0.00596597 -0.00446441
internal_weight=0.0051285 0.00391199 0.00287636
internal_count=650 551 445
is_linear=0
shrinkage=0.1


Tree=294
num_leaves=3
num_cat=0
split_feature=2 17
split_gain=5.71254e-05 0.000109674
threshold=0.4302621334791184 40.589738845825202
decision_type=2 2
left_child=1 -1
right_child=-2 -3
leaf_value=0.010815003154786946 0.016835363496519203 -0.023849909819312738
leaf_weight=0.0018109170465415714 0.0014448564739186764 0.00184006767010092
leaf_count=404 94 152
internal_value=4.77046e-06 -0.00665584
internal_weight=0.00509584 0.00365098
internal_count=650 556
is_linear=0
shrinkage=0.1


Tree=295
num_leaves=4
num_cat=0
split_feature=5 1 43
split_gain=5.34128e-05 0.00010426 9.20363e-05
threshold=1.4177899360656741 0.19171623140573504 0.53749999403953563
decision_type=2 2 2
left_child=1 -1 -3
right_child=-2 2 -4
leaf_value=-0.015506783347740933 -0.016201246174891746 0.037572322950624557 -0.0028916307238666498
leaf_weight=0.0013516671222155163 0.0014525612283827205 0.0012625618874835265 0.0010132059984595543
leaf_count=360 100 130 60
internal_value=2.80593e-06 0.00649152 0.0195572
internal_weight=0.00508 0.00362744 0.00227577
internal_count=650 550 190
is_linear=0
shrinkage=0.1


Tree=296
num_leaves=4
num_cat=0
split_feature=3 3 8
split_gain=5.54819e-05 0.000134957 0.000110976
threshold=1.3976188302040102 0.75342294573783886 46.082496643066413
decision_type=2 2 2
left_child=1 2 -1
right_child=-2 -3 -4
leaf_value=-0.012568547597348821 0.019886739434901476 -0.029444865129880312 0.029735580971343174
leaf_weight=0.0012312566621813792 0.0010988730359704491 0.0014768651766680074 0.0012492767431169782
leaf_count=98 122 307 123
internal_value=7.865e-06 -0.00551201 0.00873718
internal_weight=0.00505627 0.0039574 0.00248053
internal_count=650 528 221
is_linear=0
shrinkage=0.1


Tree=297
num_leaves=4
num_cat=0
split_feature=18 44 2
split_gain=5.66732e-05 0.00014925 0.00010082
threshold=-0.027100918814539906 0.80785176157951366 0.2151037007570267
decision_type=2 2 2
left_child=-1 2 -2
right_child=1 -3 -4
leaf_value=-0.017016012633202151 0.00089845804941957443 -0.022676047017577274 0.041520095744732817
leaf_weight=0.0014079785309711046 0.0012534423090030111 0.0011741674090326448 0.0011920476342874853
leaf_count=184 268 88 110
internal_value=7.24822e-06 0.00662898 0.0206994
internal_weight=0.00502764 0.00361966 0.00244549
internal_count=650 466 378
is_linear=0
shrinkage=0.1


Tree=298
num_leaves=4
num_cat=0
split_feature=38 10 39
split_gain=5.38559e-05 0.000114189 0.000116382
threshold=0.52072915434837352 0.031998820602893836 0.58722111582756054
decision_type=2 2 2
left_child=1 2 -1
right_child=-2 -3 -4
leaf_value=-0.023913542592046234 -0.017312802795088521 0.034831722188863184 0.018004389064502507
leaf_weight=0.0014392759367675423 0.0013202517386657342 0.0010119446734733195 0.001227019861259615
leaf_count=226 223 91 110
internal_value=1.28187e-05 0.0062316 -0.00462306
internal_weight=0.00499849 0.00367824 0.0026663
internal_count=650 427 336
is_linear=0
shrinkage=0.1


Tree=299
num_leaves=3
num_cat=0
split_feature=36 3
split_gain=5.47652e-05 8.00773e-05
threshold=0.13332176953554156 0.88366153836250316
decision_type=2 2
left_child=-1 -2
right_child=1 -3
leaf_value=-0.012951188514998378 0.026707620547078044 -0.006141963511754011
leaf_weight=0.0019681877635738532 0.0013396028826817563 0.0016636793718526055
leaf_count=156 124 370
internal_value=1.38745e-05 0.00851047
internal_weight=0.00497147 0.00300328
internal_count=650 494
is_linear=0
shrinkage=0.1


Tree=300
num_leaves=4
num_cat=0
split_feature=2 8 34
split_gain=5.27158e-05 9.15708e-05 0.000130369
threshold=0.4302621334791184 58.736474990844734 0.54695308208465587
decision_type=2 2 2
left_child=1 2 -1
right_child=-2 -3 -4
leaf_value=-0.023381500006113921 0.016485096296277375 -0.032015863567438789 0.022495279030182808
leaf_weight=0.0010528233695401706 0.0013961142560505735 0.0010049911684987256 0.0015047305549544809
leaf_count=328 94 71 157
internal_value=1.45527e-05 -0.00644004 0.00360999
internal_weight=0.00495866 0.00356255 0.00255755
internal_count=650 556 485
is_linear=0
shrinkage=0.1


Tree=301
num_leaves=4
num_cat=0
split_feature=3 34 3
split_gain=5.35832e-05 0.000115725 0.000121608
threshold=1.3976188302040102 0.51397606730461132 0.74420455098152172
decision_type=2 2 2
left_child=1 -1 -3
right_child=-2 2 -4
leaf_value=-0.03130711173619833 0.01968972011340684 0.0231871553572531 -0.020736860637339934
leaf_weight=0.0011980405508440622 0.0010805525390624737 0.0016237193035362196 0.0010302529446342135
leaf_count=338 122 131 59
internal_value=1.09087e-05 -0.00550932 0.00613617
internal_weight=0.00493257 0.00385201 0.00265397
internal_count=650 528 190
is_linear=0
shrinkage=0.1


Tree=302
num_leaves=3
num_cat=0
split_feature=36 45
split_gain=5.07283e-05 7.85433e-05
threshold=0.13332176953554156 0.54661914706230175
decision_type=2 2
left_child=-1 -2
right_child=1 -3
leaf_value=-0.012551376431584861 0.023511096390474037 -0.009121382570798732
leaf_weight=0.00194238562897453 0.0015764067940330084 0.0013861329572871783
leaf_count=156 335 159
internal_value=8.15301e-06 0.00824279
internal_weight=0.00490493 0.00296254
internal_count=650 494
is_linear=0
shrinkage=0.1


Tree=303
num_leaves=4
num_cat=0
split_feature=0 1 35
split_gain=5.0708e-05 0.00011976 0.000101215
threshold=0.29370516538620001 0.52528837323188793 0.56283041834831249
decision_type=2 2 2
left_child=2 -2 -1
right_child=1 -3 -4
leaf_value=-0.031361117182988965 0.035496405873716969 -0.010520924694495996 0.0081756089404101551
leaf_weight=0.0011695449869432301 0.0010598229894707156 0.001212633753021386 0.0014506430525940139
leaf_count=341 102 76 131
internal_value=8.89734e-06 0.0109405 -0.00947197
internal_weight=0.00489264 0.00227246 0.00262019
internal_count=650 178 472
is_linear=0
shrinkage=0.1


Tree=304
num_leaves=4
num_cat=0
split_feature=38 18 28
split_gain=5.12459e-05 0.000111581 0.000113602
threshold=0.52790078520774852 0.0066092731431126603 31806.000000000004
decision_type=2 2 2
left_child=1 -1 -3
right_child=-2 2 -4
leaf_value=-0.015013209070385719 -0.017506008628956401 -0.0038261461689052673 0.042377932121143769
leaf_weight=0.0014869741397625924 0.0012436032135616226 0.0010040429698738862 0.0011322107890833211
leaf_count=208 211 91 140
internal_value=9.11365e-06 0.00602084 0.0206619
internal_weight=0.00486683 0.00362323 0.00213625
internal_count=650 439 231
is_linear=0
shrinkage=0.1


Tree=305
num_leaves=4
num_cat=0
split_feature=16 8 21
split_gain=5.18135e-05 9.61835e-05 0.000114117
threshold=0.12519352883100512 50.834964752197273 -0.008091936353594063
decision_type=2 2 2
left_child=1 2 -1
right_child=-2 -3 -4
leaf_value=0.012930701747582658 -0.01906577591219431 0.030423657904837587 -0.029220446133260383
leaf_weight=0.0015318412143977278 0.001099742162651407 0.0011029252359806424 0.0011060568765257073
leaf_count=196 83 125 246
internal_value=1.56777e-05 0.00562532 -0.00474305
internal_weight=0.00484057 0.00374082 0.0026379
internal_count=650 567 442
is_linear=0
shrinkage=0.1


Tree=306
num_leaves=4
num_cat=0
split_feature=5 1 9
split_gain=5.05976e-05 7.91061e-05 5.91075e-05
threshold=1.4177899360656741 0.19171623140573504 0.0030354675836861138
decision_type=2 2 2
left_child=1 -1 -3
right_child=-2 2 -4
leaf_value=-0.01310553082605178 -0.016251291196063548 0.033756012389110274 0.0005770947801344746
leaf_weight=0.0012907811995957058 0.0013688658370034079 0.0011448799689524058 0.0010111383468607293
leaf_count=360 100 100 90
internal_value=1.40988e-05 0.00647375 0.0181956
internal_weight=0.00481567 0.0034468 0.00215602
internal_count=650 550 190
is_linear=0
shrinkage=0.1


Tree=307
num_leaves=4
num_cat=0
split_feature=37 36 3
split_gain=5.14805e-05 8.98429e-05 4.1139e-05
threshold=0.54219618439674389 0.13170417398214343 0.70789813995361339
decision_type=2 2 2
left_child=1 -1 -3
right_child=-2 2 -4
leaf_value=-0.026648832017898867 0.015943786856167784 0.020914275821774506 -0.0076433968781208566
leaf_weight=0.0013538670202186964 0.001426103908137355 0.0010099610607751108 0.0010077951661726509
leaf_count=118 185 91 256
internal_value=1.62885e-05 -0.00672061 0.00665077
internal_weight=0.00479773 0.00337162 0.00201776
internal_count=650 465 347
is_linear=0
shrinkage=0.1


Tree=308
num_leaves=3
num_cat=0
split_feature=44 45
split_gain=5.06871e-05 0.000103129
threshold=0.41742543876171118 0.52443942427635204
decision_type=2 2
left_child=-1 -2
right_child=1 -3
leaf_value=-0.015562146286297941 -0.011708578915621074 0.023552146903383045
leaf_weight=0.0014538722898864709 0.0015784218075428902 0.0017480972664091071
leaf_count=147 328 175
internal_value=1.3596e-05 0.00682105
internal_weight=0.00478039 0.00332652
internal_count=650 503
is_linear=0
shrinkage=0.1


Tree=309
num_leaves=4
num_cat=0
split_feature=16 51 10
split_gain=4.9611e-05 8.88839e-05 0.00010156
threshold=0.12519352883100512 0.58175006508827221 -0.019933775067329403
decision_type=2 2 2
left_child=1 2 -1
right_child=-2 -3 -4
leaf_value=0.01635082358755097 -0.018751523234322463 0.029620362903506798 -0.023267665799298547
leaf_weight=0.00123046413559455 0.0010874009218994063 0.001083311510824192 0.0013646017650811026
leaf_count=146 83 121 300
internal_value=1.37775e-05 0.00556117 -0.00448235
internal_weight=0.00476578 0.00367838 0.00259507
internal_count=650 567 446
is_linear=0
shrinkage=0.1


Tree=310
num_leaves=4
num_cat=0
split_feature=2 17 50
split_gain=4.80627e-05 9.77805e-05 8.03805e-05
threshold=0.39381207525730139 34.669181823730476 0.57710370421409618
decision_type=2 2 2
left_child=1 -1 -3
right_child=-2 2 -4
leaf_value=0.017729083926615822 0.013819594941184846 -0.039487632170370643 1.7576802043615949e-05
leaf_weight=0.0010363194725450525 0.0016462898681552929 0.0010402865230217939 0.0010200754846874105
leaf_count=354 110 107 79
internal_value=1.3395e-05 -0.0073264 -0.0199288
internal_weight=0.00474297 0.00309668 0.00206036
internal_count=650 540 186
is_linear=0
shrinkage=0.1


Tree=311
num_leaves=4
num_cat=0
split_feature=21 35 21
split_gain=4.8123e-05 0.000144029 7.31393e-05
threshold=0.013330404181033375 0.57525253295898449 0.047852110117673881
decision_type=2 2 2
left_child=1 -1 -2
right_child=2 -3 -4
leaf_value=-0.010756529610564254 -0.030241397520867071 0.036587399556267552 0.0072885009766851753
leaf_weight=0.0015434100579374554 0.0010334781274140004 0.0011009232471193009 0.0010436643598372708
leaf_count=341 108 105 96
internal_value=6.58874e-06 0.00895431 -0.0113844
internal_weight=0.00472148 0.00264433 0.00207714
internal_count=650 446 204
is_linear=0
shrinkage=0.1


Tree=312
num_leaves=4
num_cat=0
split_feature=36 44 22
split_gain=4.95658e-05 9.8331e-05 0.000172732
threshold=0.081880092620849623 0.41742543876171118 13.740406513214113
decision_type=2 2 2
left_child=-1 -2 -3
right_child=1 2 -4
leaf_value=-0.019110720387313696 -0.018888010608939146 0.045459522000234953 -0.0072619524972658226
leaf_weight=0.0010521649839382308 0.0011354468801187956 0.0011344758705013891 0.0013741828297457737
leaf_count=102 115 309 124
internal_value=8.41451e-06 0.00552869 0.01658
internal_weight=0.00469627 0.00364411 0.00250866
internal_count=650 548 433
is_linear=0
shrinkage=0.1


Tree=313
num_leaves=4
num_cat=0
split_feature=38 18 1
split_gain=4.83524e-05 9.72119e-05 7.52807e-05
threshold=0.52790078520774852 0.0066092731431126603 0.24373758584260943
decision_type=2 2 2
left_child=1 -1 -3
right_child=-2 2 -4
leaf_value=-0.013944621848997925 -0.017237057088759271 0.00056881769625562607 0.03908147103375148
leaf_weight=0.0014304448993699842 0.0012047858696510039 0.0010013405804278896 0.0010292339855213495
leaf_count=208 211 134 97
internal_value=1.70565e-05 0.00602324 0.0200897
internal_weight=0.00466581 0.00346102 0.00203057
internal_count=650 439 231
is_linear=0
shrinkage=0.1


Tree=314
num_leaves=4
num_cat=0
split_feature=16 22 51
split_gain=4.95675e-05 8.30365e-05 7.89033e-05
threshold=0.12519352883100512 -3.3049610853195186 0.55477729439735424
decision_type=2 2 2
left_child=1 -1 -3
right_child=-2 2 -4
leaf_value=-0.011813402679376934 -0.019023591148149763 -0.00045373850150670284 0.038904024498290932
leaf_weight=0.0015507892124867473 0.0010559678598159872 0.0010362393482736265 0.0010018255981418811
leaf_count=184 83 261 122
internal_value=2.07689e-05 0.00562429 0.0188929
internal_weight=0.00464482 0.00358885 0.00203806
internal_count=650 567 383
is_linear=0
shrinkage=0.1


Tree=315
num_leaves=3
num_cat=0
split_feature=3 36
split_gain=4.67969e-05 0.000122348
threshold=0.42704653739929205 0.31493373215198522
decision_type=2 2
left_child=-1 -2
right_child=1 -3
leaf_value=0.015226088419842297 -0.022080524522554636 0.017990945888424596
leaf_weight=0.001408296279655108 0.0019764403846593281 0.0012399895665363841
leaf_count=121 183 346
internal_value=2.39124e-05 -0.00663228
internal_weight=0.00462473 0.00321643
internal_count=650 529
is_linear=0
shrinkage=0.1


Tree=316
num_leaves=3
num_cat=0
split_feature=8 34
split_gain=4.60174e-05 0.000109645
threshold=42.938724517822273 0.7604464888572694
decision_type=2 2
left_child=-1 -2
right_child=1 -3
leaf_value=0.013924413398563868 -0.032360804464867339 0.00715650717185814
leaf_weight=0.0015696768049997534 0.0011010408518700304 0.0019379395024348156
leaf_count=154 334 162
internal_value=2.06435e-05 -0.00716085
internal_weight=0.00460866 0.00303898
internal_count=650 496
is_linear=0
shrinkage=0.1


Tree=317
num_leaves=3
num_cat=0
split_feature=9 23
split_gain=4.52519e-05 7.05564e-05
threshold=-0.048662086948752396 0.42857149243354803
decision_type=2 2
left_child=-1 -2
right_child=1 -3
leaf_value=0.018776801487167434 -0.018617757400062378 0.0094532664850769197
leaf_weight=0.0010044791951974857 0.0018781774881838909 0.0017112106694582019
leaf_count=137 243 270
internal_value=1.52342e-05 -0.00523513
internal_weight=0.00459387 0.00358939
internal_count=650 513
is_linear=0
shrinkage=0.1


Tree=318
num_leaves=4
num_cat=0
split_feature=14 44 44
split_gain=4.4874e-05 0.000129035 0.000173776
threshold=26.084631919860843 0.41742543876171118 0.7200811803340913
decision_type=2 2 2
left_child=-1 -2 -3
right_child=1 2 -4
leaf_value=0.01778713655603369 -0.035541022554148004 0.032847794531445734 -0.020060044070092795
leaf_weight=0.0010843694824527045 0.0010147846868584498 0.0012599846567427908 0.0012237270713697512
leaf_count=319 88 145 98
internal_value=1.33193e-05 -0.00549573 0.00678005
internal_weight=0.00458287 0.0034985 0.00248371
internal_count=650 331 243
is_linear=0
shrinkage=0.1


Tree=319
num_leaves=4
num_cat=0
split_feature=2 11 34
split_gain=4.86248e-05 8.91906e-05 6.69201e-05
threshold=0.4302621334791184 0.61459901928901683 0.56837493181228649
decision_type=2 2 2
left_child=1 2 -1
right_child=-2 -3 -4
leaf_value=-0.011678305512185787 0.016345372586821255 -0.02779398228276091 0.024715228426273574
leaf_weight=0.0010181820301983641 0.0013012963372842634 0.0012274155043983798 0.0010029407577096805
leaf_count=338 94 111 107
internal_value=1.1578e-05 -0.0065314 0.00638124
internal_weight=0.00454983 0.00324854 0.00202112
internal_count=650 556 445
is_linear=0
shrinkage=0.1


Tree=320
num_leaves=4
num_cat=0
split_feature=3 3 8
split_gain=4.59775e-05 0.000110417 9.08007e-05
threshold=1.2452767491340639 0.75342294573783886 46.082496643066413
decision_type=2 2 2
left_child=1 2 -1
right_child=-2 -3 -4
leaf_value=-0.012355122880455031 0.018050267053778594 -0.029496126338491982 0.02815911126256887
leaf_weight=0.0011134761824718176 0.0010768860500089961 0.0012406491453812313 0.001099372587849784
leaf_count=98 134 295 123
internal_value=9.70267e-06 -0.00561579 0.00777289
internal_weight=0.00453038 0.0034535 0.00221285
internal_count=650 516 221
is_linear=0
shrinkage=0.1


Tree=321
num_leaves=4
num_cat=0
split_feature=2 4 17
split_gain=4.64857e-05 0.000120255 0.00011656
threshold=0.14350310713052752 0.41636583209037786 42.282979965209968
decision_type=2 2 2
left_child=-1 -2 -3
right_child=1 2 -4
leaf_value=-0.017285864557259428 0.03364980961626287 0.016401947106498289 -0.028824224692314934
leaf_weight=0.001155679998765563 0.0010690509020181427 0.0011016494359681328 0.001180518917870188
leaf_count=346 102 105 97
internal_value=8.4503e-06 0.00597246 -0.00699262
internal_weight=0.0045069 0.00335122 0.00228217
internal_count=650 304 202
is_linear=0
shrinkage=0.1


Tree=322
num_leaves=3
num_cat=0
split_feature=36 24
split_gain=4.97843e-05 7.79833e-05
threshold=0.13332176953554156 0.12390350922942163
decision_type=2 2
left_child=-1 -2
right_child=1 -3
leaf_value=-0.013024121522077742 -0.0047333944332948533 0.030236823594053993
leaf_weight=0.0017717775085555332 0.001680628275314941 0.0010275778508045952
leaf_count=156 260 234
internal_value=8.87684e-06 0.0085354
internal_weight=0.00447998 0.00270821
internal_count=650 494
is_linear=0
shrinkage=0.1


Tree=323
num_leaves=4
num_cat=0
split_feature=18 44 2
split_gain=4.81381e-05 0.000114189 8.33036e-05
threshold=-0.027100918814539906 0.80785176157951366 0.1951144561171532
decision_type=2 2 2
left_child=-1 2 -2
right_child=1 -3 -4
leaf_value=-0.01653212907826232 -0.00082018951503178288 -0.020869887397631015 0.03836048179968151
leaf_weight=0.0012621198103238973 0.0010449380978326123 0.001031881456023509 0.0011289057734572561
leaf_count=184 256 88 122
internal_value=1.06415e-05 0.00652366 0.0195268
internal_weight=0.00446785 0.00320573 0.00217384
internal_count=650 466 378
is_linear=0
shrinkage=0.1


Tree=324
num_leaves=3
num_cat=0
split_feature=37 36
split_gain=5.26084e-05 7.60039e-05
threshold=0.54219618439674389 0.13332176953554156
decision_type=2 2
left_child=1 -1
right_child=-2 -3
leaf_value=-0.025753226824545464 0.016781524995255717 0.0059445276450237703
leaf_weight=0.0012816508980527941 0.0013169014454926797 0.0018459558390032382
leaf_count=122 185 343
internal_value=1.49181e-05 -0.00704478
internal_weight=0.00444451 0.00312761
internal_count=650 465
is_linear=0
shrinkage=0.1


Tree=325
num_leaves=3
num_cat=0
split_feature=38 8
split_gain=4.51517e-05 9.64254e-05
threshold=0.52072915434837352 50.35710525512696
decision_type=2 2
left_child=1 -1
right_child=-2 -3
leaf_value=-0.0080952223296738533 -0.016757375450720868 0.026983976086417383
leaf_weight=0.0019382464299384644 0.0011786638220090406 0.0013153783762924753
leaf_count=299 223 128
internal_value=1.17977e-05 0.00608663
internal_weight=0.00443229 0.00325362
internal_count=650 427
is_linear=0
shrinkage=0.1


Tree=326
num_leaves=3
num_cat=0
split_feature=2 17
split_gain=4.27887e-05 6.71509e-05
threshold=0.39381207525730139 40.589738845825202
decision_type=2 2
left_child=1 -1
right_child=-2 -3
leaf_value=0.007262664426971076 0.013413118036237695 -0.023371920704124867
leaf_weight=0.0015142264948186379 0.0015480592561365469 0.0013565527916789
leaf_count=398 110 142
internal_value=1.27581e-05 -0.00721335
internal_weight=0.00441884 0.00287078
internal_count=650 540
is_linear=0
shrinkage=0.1


Tree=327
num_leaves=4
num_cat=0
split_feature=3 5 24
split_gain=4.27281e-05 0.000108366 9.65417e-05
threshold=1.2452767491340639 1.1333634257316592 0.071549311280250563
decision_type=2 2 2
left_child=1 2 -1
right_child=-2 -3 -4
leaf_value=0.028382221996247362 0.017661334343570947 -0.032222445632860273 -0.012525750985045634
leaf_weight=0.0010819983038123232 0.0010459992793498962 0.001044597556916077 0.0012357993732356465
leaf_count=185 134 81 250
internal_value=1.00844e-05 -0.005481 0.00657098
internal_weight=0.00440839 0.0033624 0.0023178
internal_count=650 516 435
is_linear=0
shrinkage=0.1


Tree=328
num_leaves=3
num_cat=0
split_feature=37 39
split_gain=4.22827e-05 8.92507e-05
threshold=0.50307467579841625 0.57417583465576183
decision_type=2 2
left_child=-1 -2
right_child=1 -3
leaf_value=-0.011196985228748818 0.030062772287206881 -0.0081637147197354629
leaf_weight=0.0019047246002467655 0.0010885391757987084 0.0013916021876655416
leaf_count=318 175 157
internal_value=8.36716e-06 0.00861397
internal_weight=0.00438487 0.00248014
internal_count=650 332
is_linear=0
shrinkage=0.1


Tree=329
num_leaves=3
num_cat=0
split_feature=35 35
split_gain=4.06998e-05 0.000119013
threshold=0.56283041834831249 0.74244233965873729
decision_type=2 2
left_child=-1 -2
right_child=1 -3
leaf_value=-0.012904244575520973 0.028710443224419069 -0.012514596741799678
leaf_weight=0.0015661414231857435 0.0013432212278403632 0.0014630074198964671
leaf_count=373 140 137
internal_value=1.04422e-05 0.00721806
internal_weight=0.00437237 0.00280623
internal_count=650 277
is_linear=0
shrinkage=0.1


Tree=330
num_leaves=4
num_cat=0
split_feature=9 9 47
split_gain=4.10733e-05 0.000107658 8.11316e-05
threshold=0.056740442290902145 0.0026124371215701108 0.38201294839382177
decision_type=2 2 2
left_child=1 2 -1
right_child=-2 -3 -4
leaf_value=0.026997144386097523 0.016492492669689232 -0.032270111190220455 -0.011475237813236276
leaf_weight=0.0010452950275635364 0.0011226409937581394 0.0010367650693487857 0.0011524955440033735
leaf_count=170 126 144 210
internal_value=1.22658e-05 -0.00570765 0.00682268
internal_weight=0.0043572 0.00323456 0.00219779
internal_count=650 524 380
is_linear=0
shrinkage=0.1


Tree=331
num_leaves=4
num_cat=0
split_feature=2 4 17
split_gain=4.38239e-05 0.000109727 0.00010062
threshold=0.14350310713052752 0.41636583209037786 42.282979965209968
decision_type=2 2 2
left_child=-1 -2 -3
right_child=1 2 -4
leaf_value=-0.017000207331404366 0.03282508907820772 0.01535416803323502 -0.027619031138737885
leaf_weight=0.0011224599495618937 0.0010316045691639575 0.0010589751827126959 0.0011223184346382808
leaf_count=346 102 105 97
internal_value=9.87118e-06 0.00595252 -0.00675639
internal_weight=0.00433536 0.0032129 0.00218129
internal_count=650 304 202
is_linear=0
shrinkage=0.1


Tree=332
num_leaves=4
num_cat=0
split_feature=17 2 9
split_gain=4.07998e-05 0.000142541 6.88323e-05
threshold=27.83172702789307 0.34089028835296636 0.0020510749891400342
decision_type=2 2 2
left_child=-1 2 -2
right_child=1 -3 -4
leaf_value=-0.015077782141114464 0.0093683304738834475 0.037090617745606846 -0.027374560965995415
leaf_weight=0.0012659601976348633 0.0010248574923038406 0.0010057822940083838 0.001014610036240704
leaf_count=329 118 94 109
internal_value=1.0186e-05 0.0062825 -0.00891081
internal_weight=0.00431121 0.00304525 0.00203947
internal_count=650 321 227
is_linear=0
shrinkage=0.1


Tree=333
num_leaves=3
num_cat=0
split_feature=36 21
split_gain=4.06769e-05 6.52337e-05
threshold=0.13332176953554156 0.0053745771292597064
decision_type=2 2
left_child=-1 -2
right_child=1 -3
leaf_value=-0.012067918931643983 0.023326160149250673 -0.008374760968945372
leaf_weight=0.0016891735791574741 0.0013310550248311903 0.0012670225427217213
leaf_count=156 293 201
internal_value=1.22647e-05 0.00786635
internal_weight=0.00428725 0.00259808
internal_count=650 494
is_linear=0
shrinkage=0.1


Tree=334
num_leaves=4
num_cat=0
split_feature=50 36 14
split_gain=4.51478e-05 0.000105863 0.000100095
threshold=0.57710370421409618 0.19169653952121737 32.692007064819343
decision_type=2 2 2
left_child=1 -1 -2
right_child=2 -3 -4
leaf_value=-0.032616795195662671 -0.011606103104916931 0.012009290885412211 0.031541624584283223
leaf_weight=0.0010639570171023932 0.0010624873669118351 0.0010623468725459717 0.0010883989172763009
leaf_count=133 82 319 116
internal_value=1.25542e-05 -0.0103206 0.0102277
internal_weight=0.00427719 0.0021263 0.00215089
internal_count=650 452 198
is_linear=0
shrinkage=0.1


Tree=335
num_leaves=4
num_cat=0
split_feature=9 9 34
split_gain=3.99565e-05 7.47888e-05 6.41584e-05
threshold=0.056740442290902145 0.0020510749891400342 0.61346343159675609
decision_type=2 2 2
left_child=1 2 -1
right_child=-2 -3 -4
leaf_value=-0.011546903476043497 0.016338492423361634 -0.027981450967987844 0.023261553404961315
leaf_weight=0.0011172668204278285 0.0011082828022637159 0.0010211928638673845 0.0010065895526444324
leaf_count=284 126 150 90
internal_value=1.10682e-05 -0.00574255 0.00495037
internal_weight=0.00425333 0.00314505 0.00212386
internal_count=650 524 374
is_linear=0
shrinkage=0.1


Tree=336
num_leaves=3
num_cat=0
split_feature=50 28
split_gain=3.9063e-05 8.93784e-05
threshold=0.51441699266433727 9874.2905273437518
decision_type=2 2
left_child=-1 -2
right_child=1 -3
leaf_value=-0.014027789921627475 -0.017228361185573554 0.019587859738620927
leaf_weight=0.0013505033607107975 0.0010197540886516254 0.0018660770237304281
leaf_count=401 69 180
internal_value=9.24993e-06 0.00657827
internal_weight=0.00423633 0.00288583
internal_count=650 249
is_linear=0
shrinkage=0.1


Tree=337
num_leaves=4
num_cat=0
split_feature=14 8 22
split_gain=4.23511e-05 8.21147e-05 0.000117387
threshold=26.084631919860843 59.954181671142585 -3.3049610853195186
decision_type=2 2 2
left_child=-1 2 -2
right_child=1 -3 -4
leaf_value=0.017899918542799684 -0.019518876118834128 -0.028566219696735808 0.027145938067277456
leaf_weight=0.0010075266819769002 0.0010047255247103704 0.0010487721638605396 0.0011631076761435821
leaf_count=319 108 79 144
internal_value=8.93092e-06 -0.005595 0.0055182
internal_weight=0.00422413 0.00321661 0.00216783
internal_count=650 331 252
is_linear=0
shrinkage=0.1


Tree=338
num_leaves=3
num_cat=0
split_feature=2 33
split_gain=4.70892e-05 9.50171e-05
threshold=0.14350310713052752 0.57638412714004528
decision_type=2 2
left_child=-1 -2
right_child=1 -3
leaf_value=-0.017789257063473628 0.023943728816319825 -0.011054869075136559
leaf_weight=0.0010981116240851713 0.0015392302400339952 0.0015638137468748647
leaf_count=346 147 157
internal_value=7.7515e-06 0.00630579
internal_weight=0.00420116 0.00310304
internal_count=650 304
is_linear=0
shrinkage=0.1


Tree=339
num_leaves=3
num_cat=0
split_feature=35 21
split_gain=3.91781e-05 9.1932e-05
threshold=0.56283041834831249 0.013330404181033375
decision_type=2 2
left_child=-1 -2
right_child=1 -3
leaf_value=-0.01288624570921945 0.029568435383061205 -0.0081165112924526557
leaf_weight=0.0015078350926169132 0.001093716354710228 0.0015861044274894098
leaf_count=373 118 159
internal_value=8.48049e-06 0.00726386
internal_weight=0.00418766 0.00267982
internal_count=650 277
is_linear=0
shrinkage=0.1


Tree=340
num_leaves=4
num_cat=0
split_feature=2 39 36
split_gain=3.85298e-05 8.10143e-05 4.02616e-05
threshold=0.14350310713052752 0.63961037993431102 0.14087209105491641
decision_type=2 2 2
left_child=-1 2 -2
right_child=1 -3 -4
leaf_value=-0.016147112000504286 -0.020282075734502848 0.027866014802228924 0.0080317539163993097
leaf_weight=0.0010904164632099256 0.0010053475144190527 0.0010759037613503608 0.0010035317709445879
leaf_count=346 72 119 113
internal_value=1.04568e-05 0.00572187 -0.00613796
internal_weight=0.0041752 0.00308478 0.00200888
internal_count=650 304 185
is_linear=0
shrinkage=0.1


Tree=341
num_leaves=3
num_cat=0
split_feature=7 21
split_gain=4.13332e-05 9.64843e-05
threshold=39.39850044250489 0.013330404181033375
decision_type=2 2
left_child=-1 -2
right_child=1 -3
leaf_value=-0.016153618025270416 0.028305635433131124 -0.0082964992371725495
leaf_weight=0.001146094625492533 0.0011901793373081115 0.0018237427280896612
leaf_count=124 323 203
internal_value=1.07037e-05 0.00615746
internal_weight=0.00416002 0.00301392
internal_count=650 526
is_linear=0
shrinkage=0.1


Tree=342
num_leaves=3
num_cat=0
split_feature=9 2
split_gain=4.08892e-05 6.8763e-05
threshold=0.056740442290902145 0.21457067877054217
decision_type=2 2
left_child=1 -1
right_child=-2 -3
leaf_value=-0.022163876077184032 0.016753423908282123 0.0078856805150356382
leaf_weight=0.0014050590427560766 0.0010792337799654383 0.0016626308757053954
leaf_count=378 126 146
internal_value=1.21252e-05 -0.00587758
internal_weight=0.00414692 0.00306769
internal_count=650 524
is_linear=0
shrinkage=0.1


Tree=343
num_leaves=3
num_cat=0
split_feature=38 4
split_gain=3.96761e-05 9.25874e-05
threshold=0.52790078520774852 1.0862482190132143
decision_type=2 2
left_child=1 -1
right_child=-2 -3
leaf_value=-0.0072180094743865822 -0.016519069390807613 0.029020273583082592
leaf_weight=0.0019607039318966929 0.0010748788999954267 0.0011009229812388721
leaf_count=326 211 113
internal_value=9.84102e-06 0.00581283
internal_weight=0.00413651 0.00306163
internal_count=650 439
is_linear=0
shrinkage=0.1


Tree=344
num_leaves=4
num_cat=0
split_feature=34 33 19
split_gain=3.791e-05 0.000129096 6.12085e-05
threshold=0.98341494798660289 0.57258963584899913 2.5207598209381108
decision_type=2 2 2
left_child=1 2 -1
right_child=-2 -3 -4
leaf_value=-0.0085847274006223689 0.016743876397613947 -0.034269081765249718 0.025836201975807705
leaf_weight=0.0010134002698908712 0.0010193511249819709 0.0010373389916628617 0.0010538497711697348
leaf_count=361 105 105 79
internal_value=1.13835e-05 -0.00548251 0.00896249
internal_weight=0.00412394 0.00310459 0.00206725
internal_count=650 545 440
is_linear=0
shrinkage=0.1


Tree=345
num_leaves=3
num_cat=0
split_feature=3 37
split_gain=3.77321e-05 9.17084e-05
threshold=0.42704653739929205 0.51165336370468151
decision_type=2 2
left_child=-1 -2
right_child=1 -3
leaf_value=0.014659120772992425 -0.028921638389486692 0.0078282945903399553
leaf_weight=0.0012305254094426843 0.0011016706914100255 0.0017700613895655914
leaf_count=121 276 253
internal_value=8.01052e-06 -0.00626993
internal_weight=0.00410226 0.00287173
internal_count=650 529
is_linear=0
shrinkage=0.1


Tree=346
num_leaves=3
num_cat=0
split_feature=5 22
split_gain=3.58207e-05 6.49851e-05
threshold=1.4177899360656741 -3.3049610853195186
decision_type=2 2
left_child=1 -1
right_child=-2 -3
leaf_value=-0.013400952222685274 -0.01486433706930426 0.017391273015511733
leaf_weight=0.0010937259377161168 0.0011604916920087555 0.0018357417900114609
leaf_count=166 100 384
internal_value=4.64013e-06 0.0058949
internal_weight=0.00408996 0.00292947
internal_count=650 550
is_linear=0
shrinkage=0.1


Tree=347
num_leaves=3
num_cat=0
split_feature=36 3
split_gain=3.56702e-05 7.00538e-05
threshold=0.12746056169271472 0.88366153836250316
decision_type=2 2
left_child=-1 -2
right_child=1 -3
leaf_value=-0.011969901404273807 0.025898084245981348 -0.0075583038245069407
leaf_weight=0.0015454578372066652 0.0011261630109261622 0.0014087622465445288
leaf_count=148 130 372
internal_value=4.56661e-06 0.00730499
internal_weight=0.00408038 0.00253493
internal_count=650 502
is_linear=0
shrinkage=0.1


Tree=348
num_leaves=3
num_cat=0
split_feature=2 17
split_gain=3.4573e-05 7.46929e-05
threshold=0.4302621334791184 40.589738845825202
decision_type=2 2
left_child=1 -1
right_child=-2 -3
leaf_value=0.010165464401751216 0.01453316856141105 -0.021919699964134613
leaf_weight=0.0014543967237956451 0.00116810291706404 0.0014478392360011139
leaf_count=404 94 152
internal_value=6.05676e-06 -0.00584087
internal_weight=0.00407034 0.00290224
internal_count=650 556
is_linear=0
shrinkage=0.1


Tree=349
num_leaves=3
num_cat=0
split_feature=17 0
split_gain=3.59069e-05 0.000104683
threshold=27.83172702789307 0.29370516538620001
decision_type=2 2
left_child=-1 -2
right_child=1 -3
leaf_value=-0.014568059680438394 -0.011084351499137833 0.027359894939220877
leaf_weight=0.0011937381834754013 0.0015870194637313539 0.0012792015219693642
leaf_count=329 183 138
internal_value=4.25831e-06 0.00607341
internal_weight=0.00405996 0.00286622
internal_count=650 321
is_linear=0
shrinkage=0.1


Tree=350
num_leaves=3
num_cat=0
split_feature=11 34
split_gain=3.47307e-05 7.21712e-05
threshold=0.74889570474624645 0.54695308208465587
decision_type=2 2
left_child=1 -1
right_child=-2 -3
leaf_value=-0.011813970593332581 -0.01476128680142892 0.019914048816893137
leaf_weight=0.0012900814563266277 0.0011428037029587307 0.0016137168223486764
leaf_count=362 93 195
internal_value=6.27637e-06 0.00581812
internal_weight=0.0040466 0.0029038
internal_count=650 557
is_linear=0
shrinkage=0.1


Tree=351
num_leaves=3
num_cat=0
split_feature=18 44
split_gain=3.52213e-05 9.8004e-05
threshold=-0.027100918814539906 0.78620699048042308
decision_type=2 2
left_child=-1 -2
right_child=1 -3
leaf_value=-0.014999379158585666 0.01962592592075485 -0.018582544305574301
leaf_weight=0.0011273188954139257 0.0018580769687275428 0.0010510500125959776
leaf_count=184 362 104
internal_value=6.49432e-06 0.00582144
internal_weight=0.00403645 0.00290913
internal_count=650 466
is_linear=0
shrinkage=0.1


Tree=352
num_leaves=3
num_cat=0
split_feature=37 24
split_gain=3.51666e-05 8.58317e-05
threshold=0.54219618439674389 0.17757746577262881
decision_type=2 2
left_child=1 -1
right_child=-2 -3
leaf_value=-0.019851805169204487 0.014327555002107587 0.016018928828058446
leaf_weight=0.0017395237691213566 0.0012022942274116932 0.0010819720847202174
leaf_count=273 185 192
internal_value=6.28351e-06 -0.00609629
internal_weight=0.00402379 0.0028215
internal_count=650 465
is_linear=0
shrinkage=0.1


Tree=353
num_leaves=3
num_cat=0
split_feature=23 3
split_gain=3.46686e-05 6.17252e-05
threshold=0.45106382668018347 0.68488493561744701
decision_type=2 2
left_child=1 -1
right_child=-2 -3
leaf_value=0.0088299938140065787 0.0095889333800149995 -0.025745416799031862
leaf_weight=0.0010006530873271635 0.0019448570621531935 0.0010667851113691229
leaf_count=114 325 211
internal_value=4.99416e-06 -0.0090107
internal_weight=0.0040123 0.00206744
internal_count=650 325
is_linear=0
shrinkage=0.1


Tree=354
num_leaves=3
num_cat=0
split_feature=36 24
split_gain=3.48232e-05 0.000152057
threshold=0.31493373215198522 0.074032183736562743
decision_type=2 2
left_child=1 -1
right_child=-2 -3
leaf_value=0.019882816501001987 0.013239657248876333 -0.028057998822660246
leaf_weight=0.0011990697073163137 0.0013280668394157341 0.0014760010070160728
leaf_count=124 374 152
internal_value=2.59751e-06 -0.00656908
internal_weight=0.00400314 0.00267507
internal_count=650 276
is_linear=0
shrinkage=0.1


Tree=355
num_leaves=3
num_cat=0
split_feature=50 14
split_gain=3.23233e-05 7.32133e-05
threshold=0.57710370421409618 32.977035522460945
decision_type=2 2
left_child=-1 -2
right_child=1 -3
leaf_value=-0.0090943681566897899 -0.010208940484880571 0.027941051882882789
leaf_weight=0.0019732133512112005 0.0010033382616130293 0.0010088308363462861
leaf_count=452 83 115
internal_value=-8.89569e-08 0.00891812
internal_weight=0.00398538 0.00201217
internal_count=650 198
is_linear=0
shrinkage=0.1


Tree=356
num_leaves=3
num_cat=0
split_feature=20 9
split_gain=3.18902e-05 6.45533e-05
threshold=2.5000000000000004 0.026726784184575084
decision_type=2 2
left_child=-1 -2
right_child=1 -3
leaf_value=0.0097740952049939628 -0.025876314581689944 0.0087037983572595193
leaf_weight=0.0018149546810602296 0.0010565075520722056 0.0011038935576541675
leaf_count=342 164 144
internal_value=2.28533e-06 -0.00820702
internal_weight=0.00397536 0.0021604
internal_count=650 308
is_linear=0
shrinkage=0.1


Tree=357
num_leaves=3
num_cat=0
split_feature=38 8
split_gain=3.16103e-05 8.23856e-05
threshold=0.52790078520774852 50.35710525512696
decision_type=2 2
left_child=1 -1
right_child=-2 -3
leaf_value=-0.0083916961782752979 -0.01501584412490892 0.025829841880211563
leaf_weight=0.0017573110287276289 0.0010357955331009583 0.0011730875770784577
leaf_count=306 211 133
internal_value=1.26598e-07 0.00530776
internal_weight=0.00396619 0.0029304
internal_count=650 439
is_linear=0
shrinkage=0.1


Tree=358
num_leaves=3
num_cat=0
split_feature=11 1
split_gain=3.4371e-05 7.49687e-05
threshold=0.74889570474624645 0.19215405732393268
decision_type=2 2
left_child=1 -1
right_child=-2 -3
leaf_value=-0.013599175950415824 -0.014945892679498661 0.019374713720036945
leaf_weight=0.0011710694625240853 0.0011075360955978275 0.0016767587679118456
leaf_count=366 93 191
internal_value=2.0291e-06 0.00581536
internal_weight=0.00395536 0.00284783
internal_count=650 557
is_linear=0
shrinkage=0.1


Tree=359
num_leaves=3
num_cat=0
split_feature=39 22
split_gain=3.25444e-05 7.56604e-05
threshold=0.63961037993431102 11.419516086578371
decision_type=2 2
left_child=1 -1
right_child=-2 -3
leaf_value=-0.022943325384464669 0.011090918758435524 0.013230237057582273
leaf_weight=0.0013488925984800476 0.0015840659281448621 0.0010120184692687939
leaf_count=334 205 111
internal_value=2.5118e-06 -0.00743731
internal_weight=0.00394498 0.00236091
internal_count=650 445
is_linear=0
shrinkage=0.1


Tree=360
num_leaves=3
num_cat=0
split_feature=36 45
split_gain=3.36282e-05 6.82871e-05
threshold=0.13332176953554156 0.56244447827339183
decision_type=2 2
left_child=-1 -2
right_child=1 -3
leaf_value=-0.011514642631136569 0.022372087433818272 -0.011668802849758048
leaf_weight=0.0015420715291596387 0.0013418775343463779 0.0010507484046012316
leaf_count=156 342 152
internal_value=8.19117e-07 0.00742265
internal_weight=0.0039347 0.00239263
internal_count=650 494
is_linear=0
shrinkage=0.1


Tree=361
num_leaves=3
num_cat=0
split_feature=5 24
split_gain=3.28877e-05 9.41082e-05
threshold=0.87563857436180126 0.086309526115655913
decision_type=2 2
left_child=1 -1
right_child=-2 -3
leaf_value=0.030551255872986779 -0.010308570983602897 -0.010992233923299831
leaf_weight=0.0010102704212441305 0.0017300216914662159 0.0011847235789735344
leaf_count=130 393 127
internal_value=2.09426e-06 0.00812862
internal_weight=0.00392502 0.00219499
internal_count=650 257
is_linear=0
shrinkage=0.1


Tree=362
num_leaves=3
num_cat=0
split_feature=35 51
split_gain=3.22801e-05 8.68096e-05
threshold=0.56283041834831249 0.71736335754394542
decision_type=2 2
left_child=-1 -2
right_child=1 -3
leaf_value=-0.012063302248880159 0.024152941662400465 -0.013232532384763919
leaf_weight=0.001414924068668999 0.0013412565941204324 0.0011567694341223511
leaf_count=373 168 109
internal_value=5.02091e-06 0.00684072
internal_weight=0.00391295 0.00249803
internal_count=650 277
is_linear=0
shrinkage=0.1


Tree=363
num_leaves=3
num_cat=0
split_feature=37 24
split_gain=3.19585e-05 9.13087e-05
threshold=0.54219618439674389 0.17757746577262881
decision_type=2 2
left_child=1 -1
right_child=-2 -3
leaf_value=-0.02037405181424121 0.013919163622735523 0.017099537102057083
leaf_weight=0.0016812452879111095 0.0011601027379413154 0.0010602883489116977
leaf_count=273 185 192
internal_value=6.23358e-06 -0.00588114
internal_weight=0.00390164 0.00274153
internal_count=650 465
is_linear=0
shrinkage=0.1


Tree=364
num_leaves=3
num_cat=0
split_feature=2 17
split_gain=3.14239e-05 7.6711e-05
threshold=0.4302621334791184 40.589738845825202
decision_type=2 2
left_child=1 -1
right_child=-2 -3
leaf_value=0.010894706652453352 0.01422989925746811 -0.022327845220873548
leaf_weight=0.0013935924660518351 0.0011098621951965981 0.0013864713152036412
leaf_count=404 94 152
internal_value=4.90791e-06 -0.00567402
internal_weight=0.00388993 0.00278006
internal_count=650 556
is_linear=0
shrinkage=0.1


Tree=365
num_leaves=3
num_cat=0
split_feature=36 24
split_gain=3.29858e-05 0.000122266
threshold=0.31493373215198522 0.074032183736562743
decision_type=2 2
left_child=1 -1
right_child=-2 -3
leaf_value=0.017650638916375524 0.013107278010412227 -0.02600736032356496
leaf_weight=0.0011603289905040004 0.0012847888068025226 0.0014345358863424168
leaf_count=124 374 152
internal_value=3.12925e-06 -0.00648509
internal_weight=0.00387965 0.00259486
internal_count=650 276
is_linear=0
shrinkage=0.1


Tree=366
num_leaves=3
num_cat=0
split_feature=34 6
split_gain=3.1148e-05 0.000115562
threshold=0.54695308208465587 59.059541702270515
decision_type=2 2
left_child=-1 -2
right_child=1 -3
leaf_value=-0.012584010119651818 0.030522336386826887 -0.012301610174281165
leaf_weight=0.0013034270306379603 0.0011189029614004919 0.0014425736755395713
leaf_count=380 133 137
internal_value=8.31748e-07 0.00640473
internal_weight=0.0038649 0.00256148
internal_count=650 270
is_linear=0
shrinkage=0.1


Tree=367
num_leaves=3
num_cat=0
split_feature=37 1
split_gain=3.33783e-05 6.79777e-05
threshold=0.50307467579841625 0.22630448639392856
decision_type=2 2
left_child=-1 -2
right_child=1 -3
leaf_value=-0.010648030255216719 -0.0093395138084548732 0.025952922575024379
leaf_weight=0.0016677269654000737 0.0011018710196989967 0.0010813681997277058
leaf_count=318 199 133
internal_value=4.08167e-06 0.00814099
internal_weight=0.00385097 0.00218324
internal_count=650 332
is_linear=0
shrinkage=0.1


Tree=368
num_leaves=3
num_cat=0
split_feature=8 34
split_gain=3.22517e-05 6.98635e-05
threshold=42.938724517822273 0.81210276484489452
decision_type=2 2
left_child=-1 -2
right_child=1 -3
leaf_value=0.012617764424813053 -0.026412958121946595 0.0074098386297539488
leaf_weight=0.0013271007953903902 0.001045249076002841 0.0014689864857462265
leaf_count=154 344 152
internal_value=5.6954e-06 -0.00665139
internal_weight=0.00384134 0.00251424
internal_count=650 496
is_linear=0
shrinkage=0.1


Tree=369
num_leaves=3
num_cat=0
split_feature=36 45
split_gain=3.18503e-05 6.42459e-05
threshold=0.13332176953554156 0.54661914706230175
decision_type=2 2
left_child=-1 -2
right_child=1 -3
leaf_value=-0.011363272375240742 0.023058693737142491 -0.010187608453178999
leaf_weight=0.0015001114176189032 0.001227528304890757 0.0011039947229807834
leaf_count=156 335 159
internal_value=3.12103e-06 0.0073163
internal_weight=0.00383163 0.00233152
internal_count=650 494
is_linear=0
shrinkage=0.1


Tree=370
num_leaves=2
num_cat=0
split_feature=50
split_gain=3.25347e-05
threshold=0.57710370421409618
decision_type=2
left_child=-1
right_child=-2
leaf_value=-0.0093127049980843059 0.0091395930454010021
leaf_weight=0.0018924327291971188 0.0019300726561188863
leaf_count=452 198
internal_value=4.29323e-06
internal_weight=0.00382251
internal_count=650
is_linear=0
shrinkage=0.1


Tree=371
num_leaves=3
num_cat=0
split_feature=5 22
split_gain=2.9581e-05 5.39283e-05
threshold=1.4177899360656741 -3.3049610853195186
decision_type=2 2
left_child=1 -1
right_child=-2 -3
leaf_value=-0.012635841395863191 -0.013885274246540322 0.01644325139590733
leaf_weight=0.0010180861518462037 0.0010941455016755045 0.0017071822500395323
leaf_count=166 100 384
internal_value=3.8596e-06 0.00558009
internal_weight=0.00381941 0.00272527
internal_count=650 550
is_linear=0
shrinkage=0.1


Tree=372
num_leaves=3
num_cat=0
split_feature=11 24
split_gain=2.91098e-05 7.63116e-05
threshold=0.74889570474624645 0.12390350922942163
decision_type=2 2
left_child=1 -1
right_child=-2 -3
leaf_value=-0.0087189640274417581 -0.013983505592250213 0.02509128860161965
leaf_weight=0.0015913798896110831 0.0010701394616949855 0.0011499613775846629
leaf_count=288 93 269
internal_value=3.81155e-06 0.00546405
internal_weight=0.00381148 0.00274134
internal_count=650 557
is_linear=0
shrinkage=0.1


Tree=373
num_leaves=3
num_cat=0
split_feature=36 24
split_gain=2.96746e-05 0.000111755
threshold=0.31493373215198522 0.074032183736562743
decision_type=2 2
left_child=1 -1
right_child=-2 -3
leaf_value=0.017039171167761068 0.012567180181559764 -0.025109515790429322
leaf_weight=0.0011405065028335937 0.0012581264593512359 0.0014028329114499014
leaf_count=124 374 152
internal_value=5.24332e-06 -0.00620883
internal_weight=0.00380147 0.00254334
internal_count=650 276
is_linear=0
shrinkage=0.1


Tree=374
num_leaves=3
num_cat=0
split_feature=9 9
split_gain=2.94636e-05 7.50493e-05
threshold=0.053522625938057906 -0.00091631966643035401
decision_type=2 2
left_child=1 -1
right_child=-2 -3
leaf_value=0.007690175946783462 0.014593513805497525 -0.026107393238485654
leaf_weight=0.0017057386408711461 0.0010136601198431627 0.0010686303452792437
leaf_count=288 132 230
internal_value=2.94099e-06 -0.00532796
internal_weight=0.00378803 0.00277437
internal_count=650 518
is_linear=0
shrinkage=0.1


Tree=375
num_leaves=3
num_cat=0
split_feature=3 37
split_gain=2.92244e-05 7.84128e-05
threshold=0.42704653739929205 0.51165336370468151
decision_type=2 2
left_child=-1 -2
right_child=1 -3
leaf_value=0.01341509310442022 -0.027535380693326297 0.0078662236692997583
leaf_weight=0.0011358218096192418 0.001017444614530065 0.0016248333480002874
leaf_count=121 276 253
internal_value=7.23398e-07 -0.00576564
internal_weight=0.0037781 0.00264228
internal_count=650 529
is_linear=0
shrinkage=0.1


Tree=376
num_leaves=3
num_cat=0
split_feature=36 20
split_gain=2.93092e-05 6.42564e-05
threshold=0.094260860234498992 2.5000000000000004
decision_type=2 2
left_child=-1 -2
right_child=1 -3
leaf_value=-0.014376555312177337 0.021391404444112638 -0.0092780246409546775
leaf_weight=0.0010304692582896388 0.0013109537089375373 0.0014264503598962197
leaf_count=118 276 256
internal_value=-1.61865e-06 0.00540969
internal_weight=0.00376787 0.0027374
internal_count=650 532
is_linear=0
shrinkage=0.1


Tree=377
num_leaves=3
num_cat=0
split_feature=7 21
split_gain=3.12391e-05 8.72602e-05
threshold=39.39850044250489 0.013330404181033375
decision_type=2 2
left_child=-1 -2
right_child=1 -3
leaf_value=-0.014697699802210824 0.027915570193062369 -0.0087854986119899336
leaf_weight=0.0010443756083543532 0.0010680288852265782 0.0016465807080545125
leaf_count=124 323 203
internal_value=-3.50197e-07 0.00565407
internal_weight=0.00375899 0.00271461
internal_count=650 526
is_linear=0
shrinkage=0.1


Tree=378
num_leaves=3
num_cat=0
split_feature=35 35
split_gain=3.0445e-05 7.37674e-05
threshold=0.56283041834831249 0.74244233965873729
decision_type=2 2
left_child=-1 -2
right_child=1 -3
leaf_value=-0.011985541313284102 0.025168795259366123 -0.0099749893170645518
leaf_weight=0.0013534741357123237 0.0011413874682013603 0.0012528659379262841
leaf_count=373 140 137
internal_value=2.10874e-06 0.00677874
internal_weight=0.00374773 0.00239425
internal_count=650 277
is_linear=0
shrinkage=0.1


Tree=379
num_leaves=2
num_cat=0
split_feature=50
split_gain=3.13196e-05
threshold=0.57710370421409618
decision_type=2
left_child=-1
right_child=-2
leaf_value=-0.0092632400099375203 0.0090456358157967719
leaf_weight=0.0018459264513607798 0.0018919003924123823
leaf_count=452 198
internal_value=3.79423e-06
internal_weight=0.00373783
internal_count=650
is_linear=0
shrinkage=0.1


Tree=380
num_leaves=3
num_cat=0
split_feature=1 11
split_gain=3.073e-05 7.04136e-05
threshold=0.17397624254226687 0.7140645980834962
decision_type=2 2
left_child=-1 -2
right_child=1 -3
leaf_value=-0.01373840226217672 0.018999006720133649 -0.014817429210709374
leaf_weight=0.001133461217504371 0.0016007181984192265 0.0010006714145553985
leaf_count=370 199 81
internal_value=3.40892e-06 0.0059909
internal_weight=0.00373485 0.00260139
internal_count=650 280
is_linear=0
shrinkage=0.1


Tree=381
num_leaves=3
num_cat=0
split_feature=34 6
split_gain=3.15977e-05 9.68381e-05
threshold=0.54695308208465587 59.059541702270515
decision_type=2 2
left_child=-1 -2
right_child=1 -3
leaf_value=-0.012934432428101836 0.029254534645140291 -0.010698463428446457
leaf_weight=0.001252804623941374 0.0010679892426888049 0.0014044483905213401
leaf_count=380 133 137
internal_value=3.69689e-06 0.00655955
internal_weight=0.00372524 0.00247244
internal_count=650 270
is_linear=0
shrinkage=0.1


Tree=382
num_leaves=3
num_cat=0
split_feature=17 0
split_gain=3.19557e-05 9.51979e-05
threshold=27.83172702789307 0.29370516538620001
decision_type=2 2
left_child=-1 -2
right_child=1 -3
leaf_value=-0.01431574384889394 -0.011110532893583694 0.027267535349635108
leaf_weight=0.0010974449256780164 0.0014484037173807113 0.0011671922021506687
leaf_count=329 183 138
internal_value=6.24207e-06 0.00601542
internal_weight=0.00371304 0.0026156
internal_count=650 321
is_linear=0
shrinkage=0.1


Tree=383
num_leaves=3
num_cat=0
split_feature=50 28
split_gain=3.13549e-05 5.58216e-05
threshold=0.51441699266433727 22046.500000000004
decision_type=2 2
left_child=-1 -2
right_child=1 -3
leaf_value=-0.013445232818285977 -0.01109922310671591 0.019028063815996074
leaf_weight=0.0011800348437003491 0.0010645731139551362 0.001456352170987163
leaf_count=401 85 164
internal_value=8.04773e-06 0.00630547
internal_weight=0.00370096 0.00252093
internal_count=650 249
is_linear=0
shrinkage=0.1


Tree=384
num_leaves=3
num_cat=0
split_feature=38 15
split_gain=2.85357e-05 8.81665e-05
threshold=0.47815459966659551 0.0010556139750406148
decision_type=2 2
left_child=1 -1
right_child=-2 -3
leaf_value=-0.012898212395454748 -0.0098053093030280817 0.028591751250754211
leaf_weight=0.0010225789397490526 0.001643974779986547 0.0010261241227447204
leaf_count=123 401 126
internal_value=8.00614e-06 0.00788267
internal_weight=0.00369268 0.0020487
internal_count=650 249
is_linear=0
shrinkage=0.1


Tree=385
num_leaves=3
num_cat=0
split_feature=36 45
split_gain=3.0126e-05 5.30249e-05
threshold=0.13332176953554156 0.54661914706230175
decision_type=2 2
left_child=-1 -2
right_child=1 -3
leaf_value=-0.011298218951234408 0.021834804869603833 -0.0089440458896222746
leaf_weight=0.0014366098282477049 0.001180899712316219 0.0010640810399865086
leaf_count=156 335 159
internal_value=9.88506e-06 0.00724618
internal_weight=0.00368159 0.00224498
internal_count=650 494
is_linear=0
shrinkage=0.1


Tree=386
num_leaves=3
num_cat=0
split_feature=4 19
split_gain=2.76847e-05 8.2705e-05
threshold=0.41636583209037786 1.7393819689750674
decision_type=2 2
left_child=-1 -2
right_child=1 -3
leaf_value=0.012573704277238629 -0.021476662061205961 0.015486543260843554
leaf_weight=0.0011871554847713295 0.0014446112114897131 0.0010419246428255979
leaf_count=134 385 131
internal_value=1.01604e-05 -0.0059881
internal_weight=0.00367369 0.00248654
internal_count=650 516
is_linear=0
shrinkage=0.1


Tree=387
num_leaves=3
num_cat=0
split_feature=14 14
split_gain=2.84386e-05 5.4067e-05
threshold=30.162008285522464 46.998552322387702
decision_type=2 2
left_child=-1 -2
right_child=1 -3
leaf_value=0.012673729509996373 -0.019639940174905824 0.010080229096100504
leaf_weight=0.0011946435721576498 0.0013457039860878053 0.0011228559016511763
leaf_count=371 158 121
internal_value=8.1045e-06 -0.00612134
internal_weight=0.0036632 0.00246856
internal_count=650 279
is_linear=0
shrinkage=0.1


Tree=388
num_leaves=3
num_cat=0
split_feature=36 24
split_gain=2.68414e-05 9.26159e-05
threshold=0.31493373215198522 0.074032183736562743
decision_type=2 2
left_child=1 -1
right_child=-2 -3
leaf_value=0.015523995982818929 0.012185679383847185 -0.023602945836083106
leaf_weight=0.001098573905975897 0.001210359454672516 0.0013464329931332647
leaf_count=124 374 152
internal_value=6.43551e-06 -0.00602269
internal_weight=0.00365537 0.00244501
internal_count=650 276
is_linear=0
shrinkage=0.1


Tree=389
num_leaves=3
num_cat=0
split_feature=34 3
split_gain=2.6804e-05 9.58864e-05
threshold=0.54695308208465587 0.75900185108184826
decision_type=2 2
left_child=-1 -2
right_child=1 -3
leaf_value=-0.01204282175791636 0.026938665803137092 -0.012926012552643158
leaf_weight=0.0012256655327131175 0.0011548011747266607 0.0012635504537502618
leaf_count=380 127 143
internal_value=4.2981e-06 0.00611
internal_weight=0.00364402 0.00241835
internal_count=650 270
is_linear=0
shrinkage=0.1


Tree=390
num_leaves=2
num_cat=0
split_feature=50
split_gain=2.79192e-05
threshold=0.57710370421409618
decision_type=2
left_child=-1
right_child=-2
leaf_value=-0.008882672157973304 0.0086532518228465
leaf_weight=0.0017911279047379686 0.001841233359915817
leaf_count=452 198
internal_value=6.2367e-06
internal_weight=0.00363236
internal_count=650
is_linear=0
shrinkage=0.1


Tree=391
num_leaves=3
num_cat=0
split_feature=8 14
split_gain=2.63461e-05 6.68069e-05
threshold=42.938724517822273 32.977035522460945
decision_type=2 2
left_child=-1 -2
right_child=1 -3
leaf_value=0.011777369474670271 -0.02528987037178362 0.0085009398039406683
leaf_weight=0.0012476904574592051 0.0010335219462084891 0.0013484959298988297
leaf_count=154 329 167
internal_value=5.60877e-06 -0.00616039
internal_weight=0.00362971 0.00238202
internal_count=650 496
is_linear=0
shrinkage=0.1


Tree=392
num_leaves=3
num_cat=0
split_feature=14 21
split_gain=2.81226e-05 5.09702e-05
threshold=30.162008285522464 0.013330404181033375
decision_type=2 2
left_child=-1 -2
right_child=1 -3
leaf_value=0.012668786914851736 0.0080573615571305577 -0.020856044934382659
leaf_weight=0.0011811985626074967 0.0012426399945822536 0.0011970209446614533
leaf_count=371 154 125
internal_value=3.21195e-06 -0.00612902
internal_weight=0.00362086 0.00243966
internal_count=650 279
is_linear=0
shrinkage=0.1


Tree=393
num_leaves=3
num_cat=0
split_feature=7 21
split_gain=2.89561e-05 6.41149e-05
threshold=39.39850044250489 0.013330404181033375
decision_type=2 2
left_child=-1 -2
right_child=1 -3
leaf_value=-0.014361906772248842 0.025214999391613022 -0.0069665821900465998
leaf_weight=0.0010108465073070672 0.0010147080664647534 0.0015877921988863286
leaf_count=124 323 203
internal_value=1.85289e-06 0.00558093
internal_weight=0.00361335 0.0026025
internal_count=650 526
is_linear=0
shrinkage=0.1


Tree=394
num_leaves=3
num_cat=0
split_feature=1 37
split_gain=3.11336e-05 6.53462e-05
threshold=0.17397624254226687 0.50447553396224987
decision_type=2 2
left_child=-1 -2
right_child=1 -3
leaf_value=-0.014023499297130393 -0.0097976708477401624 0.022507994861792318
leaf_weight=0.001099632959179371 0.0012674792726555806 0.0012373926669357882
leaf_count=370 108 172
internal_value=3.37939e-06 0.00616115
internal_weight=0.0036045 0.00250487
internal_count=650 280
is_linear=0
shrinkage=0.1


Tree=395
num_leaves=3
num_cat=0
split_feature=36 45
split_gain=2.75133e-05 4.36937e-05
threshold=0.13332176953554156 0.54661914706230175
decision_type=2 2
left_child=-1 -2
right_child=1 -3
leaf_value=-0.010899528615069598 0.020502880083191087 -0.007795259492017247
leaf_weight=0.0014079063944979348 0.0011454059533976824 0.0010420261305486567
leaf_count=156 335 159
internal_value=4.37811e-06 0.00702251
internal_weight=0.00359534 0.00218743
internal_count=650 494
is_linear=0
shrinkage=0.1


Tree=396
num_leaves=2
num_cat=0
split_feature=34
split_gain=2.98889e-05
threshold=0.73006755113601696
decision_type=2
left_child=-1
right_child=-2
leaf_value=-0.008647028905966225 0.0096315256865011686
leaf_weight=0.0018899536614747706 0.0016986202363140634
leaf_count=452 198
internal_value=4.9659e-06
internal_weight=0.00358857
internal_count=650
is_linear=0
shrinkage=0.1


Tree=397
num_leaves=3
num_cat=0
split_feature=2 17
split_gain=2.67704e-05 7.34825e-05
threshold=0.4302621334791184 40.589738845825202
decision_type=2 2
left_child=1 -1
right_child=-2 -3
leaf_value=0.011317778169517449 0.013717828292453552 -0.022523858496825581
leaf_weight=0.0012957585040203681 0.001018996665083538 0.0012709787729060507
leaf_count=404 94 152
internal_value=4.51304e-06 -0.00543968
internal_weight=0.00358573 0.00256674
internal_count=650 556
is_linear=0
shrinkage=0.1


Tree=398
num_leaves=3
num_cat=0
split_feature=17 50
split_gain=2.75141e-05 8.10328e-05
threshold=27.83172702789307 0.59447124600410473
decision_type=2 2
left_child=-1 -2
right_child=1 -3
leaf_value=-0.01348336003479219 -0.010913680987673964 0.0251068199866003
leaf_weight=0.0010630960238372927 0.0013534647688923582 0.0011596496024013359
leaf_count=329 178 143
internal_value=2.71926e-06 0.00570759
internal_weight=0.00357621 0.00251311
internal_count=650 321
is_linear=0
shrinkage=0.1


Tree=399
num_leaves=3
num_cat=0
split_feature=36 50
split_gain=2.66655e-05 7.97745e-05
threshold=0.31493373215198522 0.57710370421409618
decision_type=2 2
left_child=1 -1
right_child=-2 -3
leaf_value=-0.024735128450270163 0.012265907419372913 0.011876300772641145
leaf_weight=0.0011689145351355817 0.0011844757809414824 0.0012125067964423586
leaf_count=173 374 103
internal_value=4.3508e-06 -0.00609433
internal_weight=0.0035659 0.00238142
internal_count=650 276
is_linear=0
shrinkage=0.1


Tree=400
num_leaves=3
num_cat=0
split_feature=8 14
split_gain=2.70781e-05 6.1695e-05
threshold=42.938724517822273 32.977035522460945
decision_type=2 2
left_child=-1 -2
right_child=1 -3
leaf_value=0.012070730109736605 -0.024874197685865466 0.0079233494799357367
leaf_weight=0.0012208105496530619 0.0010131682351993479 0.0013218050343073995
leaf_count=154 329 167
internal_value=2.09544e-06 -0.00630783
internal_weight=0.00355578 0.00233497
internal_count=650 496
is_linear=0
shrinkage=0.1


Tree=401
num_leaves=3
num_cat=0
split_feature=38 4
split_gain=2.66288e-05 7.77376e-05
threshold=0.43811924755573278 0.7594682276248933
decision_type=2 2
left_child=-1 -2
right_child=1 -3
leaf_value=-0.010310074789909227 0.026277811888504449 -0.012401009157001515
leaf_weight=0.0014682242845291404 0.0010579768994306918 0.0010211498684637443
leaf_count=156 156 338
internal_value=1.48532e-07 0.00728096
internal_weight=0.00354735 0.00207913
internal_count=650 494
is_linear=0
shrinkage=0.1


Tree=402
num_leaves=3
num_cat=0
split_feature=4 38
split_gain=2.88339e-05 7.39483e-05
threshold=1.1162105798721316 0.45187947154045111
decision_type=2 2
left_child=1 -1
right_child=-2 -3
leaf_value=-0.025550449017709077 0.012189506927954799 0.010476770045555648
leaf_weight=0.0010880573077549083 0.001253434257719066 0.001195945152577732
leaf_count=132 156 362
internal_value=2.27146e-06 -0.00668594
internal_weight=0.00353744 0.002284
internal_count=650 494
is_linear=0
shrinkage=0.1


Tree=403
num_leaves=3
num_cat=0
split_feature=35 21
split_gain=2.51642e-05 6.67736e-05
threshold=0.56283041834831249 0.028660277836024765
decision_type=2 2
left_child=-1 -2
right_child=1 -3
leaf_value=-0.011125517541619575 0.022692019355113422 -0.011915370085127898
leaf_weight=0.0012897306916057408 0.0011851530224149531 0.0010527890459787193
leaf_count=373 156 121
internal_value=6.31537e-08 0.00641176
internal_weight=0.00352767 0.00223794
internal_count=650 277
is_linear=0
shrinkage=0.1


Tree=404
num_leaves=3
num_cat=0
split_feature=14 45
split_gain=2.57528e-05 4.52913e-05
threshold=30.162008285522464 0.55694180727005016
decision_type=2 2
left_child=-1 -2
right_child=1 -3
leaf_value=0.012300429852628752 0.0063417142329391211 -0.02148736092174405
leaf_weight=0.0011473847296306489 0.0013241645388095691 0.0010473889081545618
leaf_count=371 147 132
internal_value=1.47061e-06 -0.00594891
internal_weight=0.00351894 0.00237155
internal_count=650 279
is_linear=0
shrinkage=0.1


Tree=405
num_leaves=3
num_cat=0
split_feature=37 24
split_gain=2.72618e-05 8.17478e-05
threshold=0.54219618439674389 0.16687142103910449
decision_type=2 2
left_child=1 -1
right_child=-2 -3
leaf_value=-0.020790976817762173 0.013602008337462999 0.016197241063618566
leaf_weight=0.0014651425038318192 0.0010380350161279805 0.0010090122883394392
leaf_count=269 185 196
internal_value=2.36998e-07 -0.0057064
internal_weight=0.00351219 0.00247415
internal_count=650 465
is_linear=0
shrinkage=0.1


Tree=406
num_leaves=3
num_cat=0
split_feature=36 21
split_gain=2.73357e-05 4.27903e-05
threshold=0.13332176953554156 0.0053745771292597064
decision_type=2 2
left_child=-1 -2
right_child=1 -3
leaf_value=-0.011026627329126067 0.021046741637096356 -0.0072865417195905465
leaf_weight=0.0013692960139336449 0.001081246444545117 0.0010512913352770242
leaf_count=156 293 201
internal_value=-6.51218e-07 0.00707909
internal_weight=0.00350183 0.00213254
internal_count=650 494
is_linear=0
shrinkage=0.1


Tree=407
num_leaves=2
num_cat=0
split_feature=34
split_gain=2.85634e-05
threshold=0.73006755113601696
decision_type=2
left_child=-1
right_child=-2
leaf_value=-0.0085602405460295065 0.0095466971874834158
leaf_weight=0.0018426977905320122 0.0016524743472696724
leaf_count=452 198
internal_value=4.96646e-07
internal_weight=0.00349517
internal_count=650
is_linear=0
shrinkage=0.1


Tree=408
num_leaves=3
num_cat=0
split_feature=47 19
split_gain=2.62087e-05 0.000101954
threshold=0.55275100469589245 1.6558160781860354
decision_type=2 2
left_child=1 -1
right_child=-2 -3
leaf_value=-0.027952930950990856 0.010774825590706342 0.015935858155818345
leaf_weight=0.0011068101061765326 0.0013712489726497301 0.0010143990736651842
leaf_count=382 159 109
internal_value=4.87278e-07 -0.00696455
internal_weight=0.00349246 0.00212121
internal_count=650 491
is_linear=0
shrinkage=0.1


Tree=409
num_leaves=3
num_cat=0
split_feature=44 45
split_gain=2.63916e-05 8.47173e-05
threshold=0.41742543876171118 0.52443942427635204
decision_type=2 2
left_child=-1 -2
right_child=1 -3
leaf_value=-0.013132980204804877 -0.01360087889308474 0.023863319886523682
leaf_weight=0.0010630996172079077 0.0011671851555589904 0.0012499965811733973
leaf_count=147 328 175
internal_value=-2.10957e-06 0.00577297
internal_weight=0.00348028 0.00241718
internal_count=650 503
is_linear=0
shrinkage=0.1


Tree=410
num_leaves=3
num_cat=0
split_feature=3 17
split_gain=2.79588e-05 6.54566e-05
threshold=0.42704653739929205 40.589738845825202
decision_type=2 2
left_child=-1 -2
right_child=1 -3
leaf_value=0.013814205259568921 0.011370231838295837 -0.02142925147918319
leaf_weight=0.0010300959753369865 0.0011600334434797993 0.0012795960280130303
leaf_count=121 373 156
internal_value=-2.82052e-07 -0.00583324
internal_weight=0.00346973 0.00243963
internal_count=650 529
is_linear=0
shrinkage=0.1


Tree=411
num_leaves=3
num_cat=0
split_feature=36 45
split_gain=2.57981e-05 4.34313e-05
threshold=0.13332176953554156 0.54661914706230175
decision_type=2 2
left_child=-1 -2
right_child=1 -3
leaf_value=-0.010763295151062634 0.020640624422179572 -0.0081135027986238475
leaf_weight=0.0013552174579069889 0.0011012626309127027 0.0010043715611237625
leaf_count=156 335 159
internal_value=-1.39521e-06 0.00692512
internal_weight=0.00346085 0.00210563
internal_count=650 494
is_linear=0
shrinkage=0.1


Tree=412
num_leaves=3
num_cat=0
split_feature=1 38
split_gain=2.67743e-05 5.59071e-05
threshold=0.17397624254226687 0.46482186019420629
decision_type=2 2
left_child=-1 -2
right_child=1 -3
leaf_value=-0.013286227429763195 0.021505592469013124 -0.0090284646369423495
leaf_weight=0.0010539865912295443 0.0011683243293574286 0.0012319640310783919
leaf_count=370 126 154
internal_value=-2.14907e-07 0.00583378
internal_weight=0.00345427 0.00240029
internal_count=650 280
is_linear=0
shrinkage=0.1


Tree=413
num_leaves=3
num_cat=0
split_feature=34 3
split_gain=2.6527e-05 8.57755e-05
threshold=0.54695308208465587 0.75900185108184826
decision_type=2 2
left_child=-1 -2
right_child=1 -3
leaf_value=-0.012374729142631215 0.0265610229181047 -0.012164472309906228
leaf_weight=0.0011527100316455 0.0010889353307232952 0.001204774315830881
leaf_count=380 127 143
internal_value=9.62753e-07 0.0062204
internal_weight=0.00344642 0.00229371
internal_count=650 270
is_linear=0
shrinkage=0.1


Tree=414
num_leaves=3
num_cat=0
split_feature=36 21
split_gain=2.54602e-05 3.94742e-05
threshold=0.13332176953554156 0.0053745771292597064
decision_type=2 2
left_child=-1 -2
right_child=1 -3
leaf_value=-0.010726943919223068 0.020520398680442715 -0.0069647184573110857
leaf_weight=0.0013454059720239275 0.001055171089154025 0.0010351735767064191
leaf_count=156 293 201
internal_value=3.12726e-06 0.00690931
internal_weight=0.00343575 0.00209034
internal_count=650 494
is_linear=0
shrinkage=0.1


Tree=415
num_leaves=3
num_cat=0
split_feature=35 22
split_gain=2.58468e-05 7.12992e-05
threshold=0.56283041834831249 13.117409229278566
decision_type=2 2
left_child=-1 -2
right_child=1 -3
leaf_value=-0.01148877560300304 -0.011097557820051118 0.025051662064475063
leaf_weight=0.0012459643083615121 0.0011169133824148192 0.0010667045039708389
leaf_count=373 136 141
internal_value=3.82133e-06 0.00656145
internal_weight=0.00342958 0.00218362
internal_count=650 277
is_linear=0
shrinkage=0.1


Tree=416
num_leaves=3
num_cat=0
split_feature=39 37
split_gain=2.54137e-05 4.84066e-05
threshold=0.63961037993431102 0.50447553396224987
decision_type=2 2
left_child=1 -1
right_child=-2 -3
leaf_value=-0.02257041809203874 0.010403645862866405 0.0083345255304312343
leaf_weight=0.0010150880957647268 0.0013930934483409874 0.0010121707349423359
leaf_count=260 205 185
internal_value=5.336e-06 -0.00714018
internal_weight=0.00342035 0.00202726
internal_count=650 445
is_linear=0
shrinkage=0.1


Tree=417
num_leaves=3
num_cat=0
split_feature=1 33
split_gain=2.31178e-05 5.45643e-05
threshold=0.17397624254226687 0.60008755326271068
decision_type=2 2
left_child=-1 -2
right_child=1 -3
leaf_value=-0.012388632048828736 0.020226803708405166 -0.010140285361049314
leaf_weight=0.0010446738219216586 0.0012175301953361028 0.0011511350433321965
leaf_count=370 152 128
internal_value=3.46489e-06 0.00546886
internal_weight=0.00341334 0.00236867
internal_count=650 280
is_linear=0
shrinkage=0.1


Tree=418
num_leaves=3
num_cat=0
split_feature=34 44
split_gain=2.48517e-05 7.80609e-05
threshold=0.54695308208465587 0.70091092586517345
decision_type=2 2
left_child=-1 -2
right_child=1 -3
leaf_value=-0.012030034437819302 0.022841961285104587 -0.014479292448577217
leaf_weight=0.001141107535816574 0.0012468765061076637 0.001017975655823733
leaf_count=380 153 117
internal_value=4.10301e-06 0.0060673
internal_weight=0.00340596 0.00226485
internal_count=650 270
is_linear=0
shrinkage=0.1


Tree=419
num_leaves=3
num_cat=0
split_feature=36 24
split_gain=2.4231e-05 8.64254e-05
threshold=0.31493373215198522 0.074032183736562743
decision_type=2 2
left_child=1 -1
right_child=-2 -3
leaf_value=0.015792688357690841 0.011975831019420999 -0.023482458043940294
leaf_weight=0.0010118333667583634 0.001128879219402204 0.0012554702834288306
leaf_count=124 374 152
internal_value=5.09618e-06 -0.00595507
internal_weight=0.00339618 0.0022673
internal_count=650 276
is_linear=0
shrinkage=0.1


Tree=420
num_leaves=3
num_cat=0
split_feature=44 45
split_gain=2.40495e-05 7.68878e-05
threshold=0.41742543876171118 0.52443942427635204
decision_type=2 2
left_child=-1 -2
right_child=1 -3
leaf_value=-0.012768982750296984 -0.013072448581862493 0.023055948304817178
leaf_weight=0.0010270542222204915 0.0011419023024992828 0.0012167132751308915
leaf_count=147 328 175
internal_value=3.12541e-06 0.00556471
internal_weight=0.00338567 0.00235862
internal_count=650 503
is_linear=0
shrinkage=0.1


Tree=421
num_leaves=3
num_cat=0
split_feature=35 51
split_gain=2.2305e-05 6.8711e-05
threshold=0.56283041834831249 0.71736335754394542
decision_type=2 2
left_child=-1 -2
right_child=1 -3
leaf_value=-0.010752383821916657 0.023062758645966547 -0.01275446572687286
leaf_weight=0.0012270752529182499 0.0011340315256874733 0.0010149735081336209
leaf_count=373 168 109
internal_value=4.28498e-06 0.00614631
internal_weight=0.00337608 0.00214901
internal_count=650 277
is_linear=0
shrinkage=0.1


Tree=422
num_leaves=3
num_cat=0
split_feature=50 40
split_gain=2.26654e-05 6.544e-05
threshold=0.66358378529548656 1.0000000180025095e-35
decision_type=2 2
left_child=1 -1
right_child=-2 -3
leaf_value=-0.024854627145153345 0.010975988463143044 0.010052470165704369
leaf_weight=0.001001184303162303 0.0012077720011923754 0.0011584773800940584
leaf_count=262 152 236
internal_value=5.34184e-06 -0.0061299
internal_weight=0.00336743 0.00215966
internal_count=650 498
is_linear=0
shrinkage=0.1


Tree=423
num_leaves=3
num_cat=0
split_feature=36 21
split_gain=2.22659e-05 3.89366e-05
threshold=0.13332176953554156 0.0053745771292597064
decision_type=2 2
left_child=-1 -2
right_child=1 -3
leaf_value=-0.010144309215714485 0.020235268774579918 -0.007372483647507303
leaf_weight=0.0013155327231338526 0.0010294632445209395 0.0010140669059718055
leaf_count=156 293 201
internal_value=3.0077e-06 0.00653539
internal_weight=0.00335906 0.00204353
internal_count=650 494
is_linear=0
shrinkage=0.1


Tree=424
num_leaves=2
num_cat=0
split_feature=34
split_gain=2.29856e-05
threshold=0.73006755113601696
decision_type=2
left_child=-1
right_child=-2
leaf_value=-0.007857739081964429 0.0087231293878492489
leaf_weight=0.0017633859473244543 0.0015898629899909755
leaf_count=452 198
internal_value=3.68416e-06
internal_weight=0.00335325
internal_count=650
is_linear=0
shrinkage=0.1


Tree=425
num_leaves=3
num_cat=0
split_feature=44 45
split_gain=2.19914e-05 6.28934e-05
threshold=0.41742543876171118 0.52443942427635204
decision_type=2 2
left_child=-1 -2
right_child=1 -3
leaf_value=-0.012246261517565341 -0.011580666226263067 0.02128409130128953
leaf_weight=0.0010196411891570112 0.0011296059613707735 0.0012018177269120384
leaf_count=147 328 175
internal_value=3.34699e-06 0.00536068
internal_weight=0.00335106 0.00233142
internal_count=650 503
is_linear=0
shrinkage=0.1


Tree=426
num_leaves=2
num_cat=0
split_feature=20
split_gain=2.35481e-05
threshold=2.5000000000000004
decision_type=2
left_child=-1
right_child=-2
leaf_value=0.0092153254422052324 -0.0076430743943103315
leaf_weight=0.0015164395331869127 0.0018265609046588874
leaf_count=342 308
internal_value=4.17078e-06
internal_weight=0.003343
internal_count=650
is_linear=0
shrinkage=0.1


Tree=427
num_leaves=3
num_cat=0
split_feature=2 17
split_gain=2.29115e-05 5.25219e-05
threshold=0.39381207525730139 40.589738845825202
decision_type=2 2
left_child=1 -1
right_child=-2 -3
leaf_value=0.0084518355936682773 0.011200072375406149 -0.022811325171027054
leaf_weight=0.001152776685170373 0.0011813844903025839 0.0010066027786194143
leaf_count=398 110 142
internal_value=3.80976e-06 -0.0061216
internal_weight=0.00334076 0.00215938
internal_count=650 540
is_linear=0
shrinkage=0.1


Tree=428
num_leaves=2
num_cat=0
split_feature=39
split_gain=2.28987e-05
threshold=0.63961037993431102
decision_type=2
left_child=-1
right_child=-2
leaf_value=-0.0068460199358128821 0.010032704370029474
leaf_weight=0.0019810848138532497 0.0013525131706636495
leaf_count=445 205
internal_value=2.04544e-06
internal_weight=0.0033336
internal_count=650
is_linear=0
shrinkage=0.1


Tree=429
num_leaves=3
num_cat=0
split_feature=4 13
split_gain=2.25488e-05 6.64424e-05
threshold=0.41636583209037786 40.533411026000984
decision_type=2 2
left_child=-1 -2
right_child=1 -3
leaf_value=0.011917199959896776 0.010823578695795751 -0.0235262342219353
leaf_weight=0.0010755027423139385 0.0011721405071832419 0.0010837792984150774
leaf_count=134 385 131
internal_value=1.94831e-06 -0.00567861
internal_weight=0.00333142 0.00225592
internal_count=650 516
is_linear=0
shrinkage=0.1


Tree=430
num_leaves=3
num_cat=0
split_feature=36 24
split_gain=2.20783e-05 3.55923e-05
threshold=0.13332176953554156 0.027402402833104137
decision_type=2 2
left_child=-1 -2
right_child=1 -3
leaf_value=-0.010155093423895862 -0.006600233337697577 0.019942713319221785
leaf_weight=0.0013020062043546526 0.0010202657157959913 0.0010006966352684721
leaf_count=156 195 299
internal_value=1.86485e-07 0.00654273
internal_weight=0.00332297 0.00202096
internal_count=650 494
is_linear=0
shrinkage=0.1


Tree=431
num_leaves=3
num_cat=0
split_feature=1 37
split_gain=2.37384e-05 5.05588e-05
threshold=0.17397624254226687 0.50447553396224987
decision_type=2 2
left_child=-1 -2
right_child=1 -3
leaf_value=-0.012836718190357433 -0.0089787872711771088 0.020593015226860394
leaf_weight=0.0010043138928764322 0.0011747535789243813 0.0011384224433109713
leaf_count=370 108 172
internal_value=1.08329e-06 0.00557488
internal_weight=0.00331749 0.00231318
internal_count=650 280
is_linear=0
shrinkage=0.1


Tree=432
num_leaves=3
num_cat=0
split_feature=35 35
split_gain=2.12477e-05 6.42248e-05
threshold=0.56283041834831249 0.74244233965873729
decision_type=2 2
left_child=-1 -2
right_child=1 -3
leaf_value=-0.010619864534524548 0.024233111551039244 -0.010689897204144153
leaf_weight=0.0012003814021179227 0.0010111014377289784 0.0010989481472990503
leaf_count=373 140 137
internal_value=1.9947e-06 0.00604464
internal_weight=0.00331043 0.00211005
internal_count=650 277
is_linear=0
shrinkage=0.1


Tree=433
num_leaves=3
num_cat=0
split_feature=4 38
split_gain=2.15055e-05 6.54936e-05
threshold=0.41636583209037786 0.47815459966659551
decision_type=2 2
left_child=-1 -2
right_child=1 -3
leaf_value=0.011681679035089543 0.011444083818204732 -0.022792712215337522
leaf_weight=0.0010672580161702472 0.0011241444422084301 0.0011109083317139973
leaf_count=134 187 329
internal_value=3.49904e-06 -0.00557294
internal_weight=0.00330231 0.00223505
internal_count=650 516
is_linear=0
shrinkage=0.1


Tree=434
num_leaves=2
num_cat=0
split_feature=38
split_gain=2.25498e-05
threshold=0.43811924755573278
decision_type=2
left_child=-1
right_child=-2
leaf_value=-0.0097318579856703735 0.0070347068014445652
leaf_weight=0.0013817360835192138 0.0019123095143687777
leaf_count=156 494
internal_value=1.72354e-06
internal_weight=0.00329405
internal_count=650
is_linear=0
shrinkage=0.1


Tree=435
num_leaves=3
num_cat=0
split_feature=4 4
split_gain=2.22367e-05 5.91131e-05
threshold=1.1162105798721316 0.41636583209037786
decision_type=2 2
left_child=1 -1
right_child=-2 -3
leaf_value=0.010626290933274579 0.011142543659744888 -0.022678197861439962
leaf_weight=0.00106359888547225 0.0011601355134662761 0.001068169309241182
leaf_count=134 156 360
internal_value=1.46324e-06 -0.00606166
internal_weight=0.0032919 0.00213177
internal_count=650 494
is_linear=0
shrinkage=0.1


Tree=436
num_leaves=3
num_cat=0
split_feature=2 17
split_gain=2.12749e-05 3.29361e-05
threshold=0.39381207525730139 40.056806564331062
decision_type=2 2
left_child=1 -1
right_child=-2 -3
leaf_value=0.0059289351380732679 0.010849605699686257 -0.019036338342363138
leaf_weight=0.0011086635572490136 0.0011657747903957016 0.0010097364361153494
leaf_count=394 110 146
internal_value=-8.9308e-08 -0.00597078
internal_weight=0.00328417 0.0021184
internal_count=650 540
is_linear=0
shrinkage=0.1


Tree=437
num_leaves=2
num_cat=0
split_feature=36
split_gain=2.27747e-05
threshold=0.13332176953554156
decision_type=2
left_child=-1
right_child=-2
leaf_value=-0.010390703127334783 0.0066840909734434441
leaf_weight=0.0012837695279448169 0.0019952554331142403
leaf_count=156 494
internal_value=-8.53674e-07
internal_weight=0.00327902
internal_count=650
is_linear=0
shrinkage=0.1


Tree=438
num_leaves=2
num_cat=0
split_feature=33
split_gain=2.05546e-05
threshold=0.55877119302749645
decision_type=2
left_child=-1
right_child=-2
leaf_value=0.0081837068697865854 -0.0076648557492494012
leaf_weight=0.0015846068508956201 0.0016922542871174451
leaf_count=431 219
internal_value=-8.93242e-07
internal_weight=0.00327686
internal_count=650
is_linear=0
shrinkage=0.1


Tree=439
num_leaves=3
num_cat=0
split_feature=34 3
split_gain=2.33325e-05 7.40335e-05
threshold=0.54695308208465587 0.75900185108184826
decision_type=2 2
left_child=-1 -2
right_child=1 -3
leaf_value=-0.011914054512684697 0.025366862976479377 -0.011534243227708102
leaf_weight=0.0010945389809226339 0.0010348397706128054 0.0011455301974353516
leaf_count=380 127 143
internal_value=-7.88524e-07 0.00597963
internal_weight=0.00327491 0.00218037
internal_count=650 270
is_linear=0
shrinkage=0.1


Tree=440
num_leaves=2
num_cat=0
split_feature=50
split_gain=2.23801e-05
threshold=0.57710370421409618
decision_type=2
left_child=-1
right_child=-2
leaf_value=-0.0083900255742360881 0.0081682523925412382
leaf_weight=0.0016107127804336693 0.0016549461852840563
leaf_count=452 198
internal_value=1.25448e-06
internal_weight=0.00326566
internal_count=650
is_linear=0
shrinkage=0.1


Tree=441
num_leaves=2
num_cat=0
split_feature=36
split_gain=2.07999e-05
threshold=0.13332176953554156
decision_type=2
left_child=-1
right_child=-2
leaf_value=-0.0099654343983635318 0.0063959288585046792
leaf_weight=0.0012755451183283362 0.0019879872779500762
leaf_count=156 494
internal_value=1.12271e-06
internal_weight=0.00326353
internal_count=650
is_linear=0
shrinkage=0.1


Tree=442
num_leaves=3
num_cat=0
split_feature=8 14
split_gain=2.06123e-05 4.81573e-05
threshold=42.938724517822273 34.765636444091804
decision_type=2 2
left_child=-1 -2
right_child=1 -3
leaf_value=0.01102472854501902 -0.021342138783951956 0.0086455670821242326
leaf_weight=0.0011158526639468147 0.0010287501709122307 0.0011169533636779458
leaf_count=154 342 154
internal_value=9.01112e-07 -0.00573194
internal_weight=0.00326156 0.0021457
internal_count=650 496
is_linear=0
shrinkage=0.1


Tree=443
num_leaves=2
num_cat=0
split_feature=51
split_gain=2.08591e-05
threshold=0.53247299790382396
decision_type=2
left_child=-1
right_child=-2
leaf_value=-0.0081601133873203165 0.0078531734943996494
leaf_weight=0.0015963856806067191 0.0016586380369105758
leaf_count=441 209
internal_value=-3.42823e-07
internal_weight=0.00325502
internal_count=650
is_linear=0
shrinkage=0.1


Tree=444
num_leaves=2
num_cat=0
split_feature=20
split_gain=2.13309e-05
threshold=2.5000000000000004
decision_type=2
left_child=-1
right_child=-2
leaf_value=0.0089229899235171821 -0.007348719277315445
leaf_weight=0.0014690930462670435 0.0017839487677089316
leaf_count=342 308
internal_value=-3.18548e-07
internal_weight=0.00325304
internal_count=650
is_linear=0
shrinkage=0.1


Tree=445
num_leaves=2
num_cat=0
split_feature=35
split_gain=2.07158e-05
threshold=0.57525253295898449
decision_type=2
left_child=-1
right_child=-2
leaf_value=-0.0097265164259300457 0.0065511966849959719
leaf_weight=0.0013084647633990615 0.0019425511492812131
leaf_count=393 257
internal_value=-2.36654e-07
internal_weight=0.00325102
internal_count=650
is_linear=0
shrinkage=0.1


Tree=446
num_leaves=2
num_cat=0
split_feature=23
split_gain=2.03523e-05
threshold=0.42857149243354803
decision_type=2
left_child=-1
right_child=-2
leaf_value=-0.0077291225929435785 0.0081045271269095161
leaf_weight=0.0016631038415550886 0.0015859436992280498
leaf_count=313 337
internal_value=-3.10782e-07
internal_weight=0.00324905
internal_count=650
is_linear=0
shrinkage=0.1


Tree=447
num_leaves=2
num_cat=0
split_feature=50
split_gain=1.99953e-05
threshold=0.57710370421409618
decision_type=2
left_child=-1
right_child=-2
leaf_value=-0.0079492902240987911 0.0077464316225396403
leaf_weight=0.0016026291395632025 0.0016444849407413198
leaf_count=452 198
internal_value=-2.69163e-07
internal_weight=0.00324711
internal_count=650
is_linear=0
shrinkage=0.1


Tree=448
num_leaves=2
num_cat=0
split_feature=20
split_gain=2.06869e-05
threshold=2.5000000000000004
decision_type=2
left_child=-1
right_child=-2
leaf_value=0.0087930658837790943 -0.0072495920866856569
leaf_weight=0.0014664449169673605 0.0017787691777390729
leaf_count=342 308
internal_value=-2.47807e-07
internal_weight=0.00324521
internal_count=650
is_linear=0
shrinkage=0.1


Tree=449
num_leaves=2
num_cat=0
split_feature=11
split_gain=2.09091e-05
threshold=0.34249508380889898
decision_type=2
left_child=-1
right_child=-2
leaf_value=-0.0094402871390362481 0.0068291415041237926
leaf_weight=0.0013613986278275259 0.0018818507325789151
leaf_count=166 484
internal_value=-1.75446e-07
internal_weight=0.00324325
internal_count=650
is_linear=0
shrinkage=0.1


Tree=450
num_leaves=2
num_cat=0
split_feature=33
split_gain=1.94943e-05
threshold=0.55877119302749645
decision_type=2
left_child=-1
right_child=-2
leaf_value=0.0080284077578139691 -0.0074914341431783354
leaf_weight=0.001564509047301349 0.0016767541032911559
leaf_count=431 219
internal_value=-2.39526e-07
internal_weight=0.00324126
internal_count=650
is_linear=0
shrinkage=0.1


Tree=451
num_leaves=3
num_cat=0
split_feature=34 3
split_gain=2.15998e-05 6.38527e-05
threshold=0.54695308208465587 0.75900185108184826
decision_type=2 2
left_child=-1 -2
right_child=1 -3
leaf_value=-0.011494792196446224 0.023979840288339355 -0.010513936463653136
leaf_weight=0.001086486997890667 0.0010182708569517196 0.0011346538127453565
leaf_count=380 127 143
internal_value=-1.99987e-07 0.00580062
internal_weight=0.00323941 0.00215292
internal_count=650 270
is_linear=0
shrinkage=0.1


Tree=452
num_leaves=2
num_cat=0
split_feature=50
split_gain=1.97408e-05
threshold=0.57710370421409618
decision_type=2
left_child=-1
right_child=-2
leaf_value=-0.0079196003372453121 0.0077141443837383319
leaf_weight=0.0015941091717441846 0.0016371843492974936
leaf_count=452 198
internal_value=1.47585e-06
internal_weight=0.00323129
internal_count=650
is_linear=0
shrinkage=0.1


Tree=453
num_leaves=2
num_cat=0
split_feature=24
split_gain=1.97721e-05
threshold=0.14392857253551486
decision_type=2
left_child=-1
right_child=-2
leaf_value=-0.0065960072099409961 0.0092815871908477204
leaf_weight=0.0018875560699347579 0.0013418616479565666
leaf_count=361 289
internal_value=1.32297e-06
internal_weight=0.00322942
internal_count=650
is_linear=0
shrinkage=0.1


Tree=454
num_leaves=2
num_cat=0
split_feature=36
split_gain=2.04346e-05
threshold=0.13332176953554156
decision_type=2
left_child=-1
right_child=-2
leaf_value=-0.0099463781937909595 0.0063659290847775767
leaf_weight=0.0012593059669776356 0.0019682336453965901
leaf_count=156 494
internal_value=1.27106e-06
internal_weight=0.00322754
internal_count=650
is_linear=0
shrinkage=0.1


Tree=455
num_leaves=3
num_cat=0
split_feature=8 34
split_gain=1.92973e-05 4.06667e-05
threshold=42.938724517822273 0.89017364382743847
decision_type=2 2
left_child=-1 -2
right_child=1 -3
leaf_value=0.010732912232426081 -0.019418061462612574 0.0082632220963784041
leaf_weight=0.0011027126050640323 0.0010611448845285545 0.001061740616463025
leaf_count=154 368 128
internal_value=1.03532e-06 -0.00557354
internal_weight=0.0032256 0.00212289
internal_count=650 496
is_linear=0
shrinkage=0.1


Tree=456
num_leaves=2
num_cat=0
split_feature=33
split_gain=1.99637e-05
threshold=0.55877119302749645
decision_type=2
left_child=-1
right_child=-2
leaf_value=0.0081640849228404432 -0.0075943479398791203
leaf_weight=0.001551756396446672 0.001668145021129025
leaf_count=431 219
internal_value=6.12738e-08
internal_weight=0.0032199
internal_count=650
is_linear=0
shrinkage=0.1


Tree=457
num_leaves=2
num_cat=0
split_feature=11
split_gain=1.96057e-05
threshold=0.34249508380889898
decision_type=2
left_child=-1
right_child=-2
leaf_value=-0.0091684680322975578 0.0066450710102343227
leaf_weight=0.0013522363034853269 0.0018657690381685584
leaf_count=166 484
internal_value=7.22269e-08
internal_weight=0.00321801
internal_count=650
is_linear=0
shrinkage=0.1


Tree=458
num_leaves=3
num_cat=0
split_feature=43 4
split_gain=1.85029e-05 4.3081e-05
threshold=0.48749999701976782 0.80253776907920849
decision_type=2 2
left_child=-1 -2
right_child=1 -3
leaf_value=0.01072133296568361 0.0091592708265150809 -0.019203681909848933
leaf_weight=0.0010727654627426531 0.001045703427291364 0.0010976740635941437
leaf_count=154 136 360
internal_value=-8.37743e-09 -0.00536606
internal_weight=0.00321614 0.00214338
internal_count=650 496
is_linear=0
shrinkage=0.1


Tree=459
num_leaves=3
num_cat=0
split_feature=4 38
split_gain=2.17175e-05 4.59283e-05
threshold=1.1162105798721316 0.45226024091243749
decision_type=2 2
left_child=1 -1
right_child=-2 -3
leaf_value=-0.021418057223672179 0.01108227884974375 0.0083830851876887501
leaf_weight=0.0010064143973275153 0.0011401129115846953 0.0010637654539775894
leaf_count=134 156 360
internal_value=-8.58341e-07 -0.00610469
internal_weight=0.00321029 0.00207018
internal_count=650 494
is_linear=0
shrinkage=0.1


Tree=460
num_leaves=2
num_cat=0
split_feature=50
split_gain=2.05683e-05
threshold=0.57710370421409618
decision_type=2
left_child=-1
right_child=-2
leaf_value=-0.0081137924173585851 0.0079121942143066306
leaf_weight=0.0015821690695507415 0.0016216976791780802
leaf_count=452 198
internal_value=-1.93654e-06
internal_weight=0.00320387
internal_count=650
is_linear=0
shrinkage=0.1


Tree=461
num_leaves=3
num_cat=0
split_feature=34 11
split_gain=1.85251e-05 5.65355e-05
threshold=0.54695308208465587 0.66016981005668651
decision_type=2 2
left_child=-1 -2
right_child=1 -3
leaf_value=-0.010693295785013414 0.02158737074462333 -0.01102875322809186
leaf_weight=0.0010760069433605537 0.0010714498960191499 0.0010544554948753726
leaf_count=380 161 109
internal_value=-1.75015e-06 0.00540967
internal_weight=0.00320191 0.00212591
internal_count=650 270
is_linear=0
shrinkage=0.1


Tree=462
num_leaves=3
num_cat=0
split_feature=22 5
split_gain=1.89164e-05 3.61562e-05
threshold=-3.3049610853195186 0.83639281988143932
decision_type=2 2
left_child=-1 -2
right_child=1 -3
leaf_value=-0.010658541808570322 0.018528874014541955 -0.007714886626695572
leaf_weight=0.0010946548345751664 0.0010619098510608049 0.0010382165151693948
leaf_count=190 147 313
internal_value=-3.60959e-07 0.00555503
internal_weight=0.00319478 0.00210013
internal_count=650 460
is_linear=0
shrinkage=0.1


Tree=463
num_leaves=3
num_cat=0
split_feature=4 13
split_gain=1.99808e-05 4.59388e-05
threshold=1.1162105798721316 37.035118103027351
decision_type=2 2
left_child=1 -1
right_child=-2 -3
leaf_value=-0.020628775917842134 0.010688805967824604 0.0092399822224922927
leaf_weight=0.0010414425325782732 0.0011295869962259508 0.0010185198944254181
leaf_count=355 156 139
internal_value=4.25549e-07 -0.00586058
internal_weight=0.00318955 0.00205996
internal_count=650 494
is_linear=0
shrinkage=0.1


Tree=464
num_leaves=3
num_cat=0
split_feature=14 21
split_gain=2.10546e-05 4.19913e-05
threshold=30.162008285522464 0.013330404181033375
decision_type=2 2
left_child=-1 -2
right_child=1 -3
leaf_value=0.011716654337827705 0.0082336717603500881 -0.019728420476350161
leaf_weight=0.0010349465034236241 0.0010820045944200732 0.0010663358260218914
leaf_count=371 154 125
internal_value=-6.72397e-07 -0.0056454
internal_weight=0.00318329 0.00214834
internal_count=650 279
is_linear=0
shrinkage=0.1


Tree=465
num_leaves=2
num_cat=0
split_feature=51
split_gain=2.05624e-05
threshold=0.53247299790382396
decision_type=2
left_child=-1
right_child=-2
leaf_value=-0.0081766951373060028 0.0079147111957633826
leaf_weight=0.001563082005538511 0.0016142163818009259
leaf_count=441 209
internal_value=-1.50712e-06
internal_weight=0.0031773
internal_count=650
is_linear=0
shrinkage=0.1


Tree=466
num_leaves=3
num_cat=0
split_feature=36 50
split_gain=1.97049e-05 7.00669e-05
threshold=0.31493373215198522 0.57710370421409618
decision_type=2 2
left_child=1 -1
right_child=-2 -3
leaf_value=-0.024067492086735063 0.01110678293106538 0.012358020242355612
leaf_weight=0.0010409131195070684 0.0010625622614086547 0.0010718693318731987
leaf_count=173 374 103
internal_value=-1.36583e-06 -0.00558788
internal_weight=0.00317534 0.00211278
internal_count=650 276
is_linear=0
shrinkage=0.1


Tree=467
num_leaves=2
num_cat=0
split_feature=20
split_gain=2.13576e-05
threshold=2.5000000000000004
decision_type=2
left_child=-1
right_child=-2
leaf_value=0.0090464475692708154 -0.0074555842119919591
leaf_weight=0.001430201033965954 0.0017366141642078947
leaf_count=342 308
internal_value=-2.91601e-06
internal_weight=0.00316682
internal_count=650
is_linear=0
shrinkage=0.1


Tree=468
num_leaves=3
num_cat=0
split_feature=1 37
split_gain=1.95207e-05 4.23644e-05
threshold=0.19215405732393268 0.50447553396224987
decision_type=2 2
left_child=-1 -2
right_child=1 -3
leaf_value=-0.011058132499487876 -0.0081654616153973257 0.020233426108095205
leaf_weight=0.0010614494732637814 0.0010855430984490488 0.0010177941615626684
leaf_count=394 99 157
internal_value=-2.57409e-06 0.00557662
internal_weight=0.00316479 0.00210334
internal_count=650 256
is_linear=0
shrinkage=0.1


Tree=469
num_leaves=2
num_cat=0
split_feature=33
split_gain=1.93845e-05
threshold=0.55877119302749645
decision_type=2
left_child=-1
right_child=-2
leaf_value=0.0081240950690771984 -0.0075534875113312683
leaf_weight=0.0015216969975710114 0.001637210091550656
leaf_count=431 219
internal_value=-1.34062e-06
internal_weight=0.00315891
internal_count=650
is_linear=0
shrinkage=0.1


Tree=470
num_leaves=2
num_cat=0
split_feature=35
split_gain=1.9204e-05
threshold=0.57525253295898449
decision_type=2
left_child=-1
right_child=-2
leaf_value=-0.0094595118321386847 0.0064300456404931001
leaf_weight=0.001277810144854296 0.0018792558801740133
leaf_count=393 257
internal_value=-1.1907e-06
internal_weight=0.00315707
internal_count=650
is_linear=0
shrinkage=0.1


Tree=471
num_leaves=2
num_cat=0
split_feature=36
split_gain=1.95799e-05
threshold=0.13332176953554156
decision_type=2
left_child=-1
right_child=-2
leaf_value=-0.0098764335596407352 0.0062827340255408497
leaf_weight=0.0012269942916382191 0.001928247037761302
leaf_count=156 494
internal_value=-1.16135e-06
internal_weight=0.00315524
internal_count=650
is_linear=0
shrinkage=0.1


Tree=472
num_leaves=2
num_cat=0
split_feature=20
split_gain=1.84396e-05
threshold=2.5000000000000004
decision_type=2
left_child=-1
right_child=-2
leaf_value=0.0084298438524119425 -0.006936939293006753
leaf_weight=0.0014232761282578568 0.0017301048959084755
leaf_count=342 308
internal_value=-1.1534e-06
internal_weight=0.00315338
internal_count=650
is_linear=0
shrinkage=0.1


Tree=473
num_leaves=2
num_cat=0
split_feature=51
split_gain=1.8804e-05
threshold=0.53247299790382396
decision_type=2
left_child=-1
right_child=-2
leaf_value=-0.0078934112609180818 0.0075586970720565895
leaf_weight=0.0015418837751664111 0.0016097459500699074
leaf_count=441 209
internal_value=-9.96549e-07
internal_weight=0.00315163
internal_count=650
is_linear=0
shrinkage=0.1


Tree=474
num_leaves=3
num_cat=0
split_feature=35 19
split_gain=1.80929e-05 8.46127e-05
threshold=0.74244233965873729 1.5859531164169314
decision_type=2 2
left_child=1 -1
right_child=-2 -3
leaf_value=-0.015040203214713499 -0.010774701748571709 0.025042966641275827
leaf_weight=0.0010362523869648782 0.0010427253719743623 0.0010708653338117879
leaf_count=385 137 128
internal_value=-9.06883e-07 0.0053306
internal_weight=0.00314984 0.00210712
internal_count=650 513
is_linear=0
shrinkage=0.1


Tree=475
num_leaves=2
num_cat=0
split_feature=35
split_gain=1.92538e-05
threshold=0.57525253295898449
decision_type=2
left_child=-1
right_child=-2
leaf_value=-0.0095052442584392799 0.0064511153554864965
leaf_weight=0.0012693265945152681 0.0018707592333156997
leaf_count=393 257
internal_value=1.02682e-06
internal_weight=0.00314009
internal_count=650
is_linear=0
shrinkage=0.1


Tree=476
num_leaves=3
num_cat=0
split_feature=2 23
split_gain=1.7884e-05 2.09736e-05
threshold=0.39381207525730139 0.53827521204948436
decision_type=2 2
left_child=1 -1
right_child=-2 -3
leaf_value=0.0045709069250162897 0.010140196254272451 -0.015813167904654455
leaf_weight=0.0010096908446208391 0.0011191913162607037 0.0010093742147977945
leaf_count=300 110 240
internal_value=8.3439e-07 -0.00561953
internal_weight=0.00313826 0.00201907
internal_count=650 540
is_linear=0
shrinkage=0.1


Tree=477
num_leaves=2
num_cat=0
split_feature=23
split_gain=1.95001e-05
threshold=0.42857149243354803
decision_type=2
left_child=-1
right_child=-2
leaf_value=-0.0076958912130077016 0.0080834889196556084
leaf_weight=0.0016057148479537431 0.0015288502690275901
leaf_count=313 337
internal_value=3.30962e-07
internal_weight=0.00313457
internal_count=650
is_linear=0
shrinkage=0.1


Tree=478
num_leaves=2
num_cat=0
split_feature=17
split_gain=1.77577e-05
threshold=40.589738845825202
decision_type=2
left_child=-1
right_child=-2
leaf_value=0.0071162607550455115 -0.0079655384179124992
leaf_weight=0.0016546244696957271 0.0014780881339082619
leaf_count=445 205
internal_value=3.10071e-07
internal_weight=0.00313271
internal_count=650
is_linear=0
shrinkage=0.1


Tree=479
num_leaves=3
num_cat=0
split_feature=34 3
split_gain=1.82445e-05 5.14404e-05
threshold=0.54695308208465587 0.88366153836250316
decision_type=2 2
left_child=-1 -2
right_child=1 -3
leaf_value=-0.010773541496649566 0.020746312431698125 -0.010680382381168118
leaf_weight=0.0010464605031217135 0.0010672087195842117 0.0010173566784562604
leaf_count=380 137 133
internal_value=2.55995e-07 0.00540875
internal_weight=0.00313103 0.00208457
internal_count=650 270
is_linear=0
shrinkage=0.1


Tree=480
num_leaves=2
num_cat=0
split_feature=36
split_gain=1.94774e-05
threshold=0.13332176953554156
decision_type=2
left_child=-1
right_child=-2
leaf_value=-0.0098862785934683735 0.0063061260708162092
leaf_weight=0.001216545657719191 0.0019078600656030897
leaf_count=156 494
internal_value=1.31123e-06
internal_weight=0.00312441
internal_count=650
is_linear=0
shrinkage=0.1


Tree=481
num_leaves=2
num_cat=0
split_feature=9
split_gain=1.74538e-05
threshold=0.012201908044517042
decision_type=2
left_child=-1
right_child=-2
leaf_value=0.0067218039060209086 -0.0083158508195611911
leaf_weight=0.0017270015533681904 0.0013955536289390058
leaf_count=419 231
internal_value=1.07284e-06
internal_weight=0.00312256
internal_count=650
is_linear=0
shrinkage=0.1


Tree=482
num_leaves=3
num_cat=0
split_feature=1 37
split_gain=1.7934e-05 4.112e-05
threshold=0.19215405732393268 0.50447553396224987
decision_type=2 2
left_child=-1 -2
right_child=1 -3
leaf_value=-0.010687181165640245 -0.008262706308681594 0.019896002272275559
leaf_weight=0.0010444981179713042 0.0010705896489281441 0.0010058095913857978
leaf_count=394 99 157
internal_value=9.23278e-07 0.0053774
internal_weight=0.0031209 0.0020764
internal_count=650 256
is_linear=0
shrinkage=0.1


Tree=483
num_leaves=2
num_cat=0
split_feature=20
split_gain=1.75354e-05
threshold=2.5000000000000004
decision_type=2
left_child=-1
right_child=-2
leaf_value=0.0083030938411466984 -0.0067788796435793511
leaf_weight=0.0014005904531900759 0.0017146962739746849
leaf_count=342 308
internal_value=1.77008e-06
internal_weight=0.00311529
internal_count=650
is_linear=0
shrinkage=0.1


Tree=484
num_leaves=2
num_cat=0
split_feature=51
split_gain=1.76514e-05
threshold=0.53247299790382396
decision_type=2
left_child=-1
right_child=-2
leaf_value=-0.0077150100441334725 0.0073482125820276082
leaf_weight=0.0015185635053299486 0.0015950577983231962
leaf_count=441 209
internal_value=1.6351e-06
internal_weight=0.00311362
internal_count=650
is_linear=0
shrinkage=0.1


Tree=485
num_leaves=3
num_cat=0
split_feature=35 19
split_gain=1.7616e-05 7.30191e-05
threshold=0.74244233965873729 1.5859531164169314
decision_type=2 2
left_child=1 -1
right_child=-2 -3
leaf_value=-0.013702249648529155 -0.010676363439480569 0.023778849565462657
leaf_weight=0.0010250690954918817 0.0010324470263591845 0.0010544280374323312
leaf_count=385 137 128
internal_value=1.46318e-06 0.00530288
internal_weight=0.00311194 0.0020795
internal_count=650 513
is_linear=0
shrinkage=0.1


Tree=486
num_leaves=2
num_cat=0
split_feature=38
split_gain=1.89639e-05
threshold=0.43811924755573278
decision_type=2
left_child=-1
right_child=-2
leaf_value=-0.0092143815703227515 0.0066326320299510029
leaf_weight=0.0012983016375323064 0.0018050320814379482
leaf_count=156 494
internal_value=2.92167e-06
internal_weight=0.00310333
internal_count=650
is_linear=0
shrinkage=0.1


Tree=487
num_leaves=2
num_cat=0
split_feature=35
split_gain=1.90031e-05
threshold=0.57525253295898449
decision_type=2
left_child=-1
right_child=-2
leaf_value=-0.0095144587744521638 0.0064405196919028358
leaf_weight=0.0012514936983270657 0.001850038723201386
leaf_count=393 257
internal_value=2.55539e-06
internal_weight=0.00310153
internal_count=650
is_linear=0
shrinkage=0.1


Tree=488
num_leaves=2
num_cat=0
split_feature=36
split_gain=1.71676e-05
threshold=0.12746056169271472
decision_type=2
left_child=-1
right_child=-2
leaf_value=-0.0095887539819121594 0.0057768203651337585
leaf_weight=0.0011649232483380255 0.0019348035502279454
leaf_count=148 502
internal_value=2.20991e-06
internal_weight=0.00309973
internal_count=650
is_linear=0
shrinkage=0.1


Tree=489
num_leaves=3
num_cat=0
split_feature=14 21
split_gain=1.70797e-05 3.86441e-05
threshold=30.162008285522464 0.013330404181033375
decision_type=2 2
left_child=-1 -2
right_child=1 -3
leaf_value=0.010721236413685198 0.0084964274288265203 -0.018675891763407584
leaf_weight=0.0010044870665064098 0.0010428448937604209 0.0010507637277115123
leaf_count=371 154 125
internal_value=1.88814e-06 -0.00514112
internal_weight=0.0030981 0.00209361
internal_count=650 279
is_linear=0
shrinkage=0.1


Tree=490
num_leaves=3
num_cat=0
split_feature=34 11
split_gain=1.94596e-05 4.83569e-05
threshold=0.54695308208465587 0.66016981005668651
decision_type=2 2
left_child=-1 -2
right_child=1 -3
leaf_value=-0.011200287629482606 0.020837019542116506 -0.0098074694232294091
leaf_weight=0.0010329650017668196 0.0010368639133768731 0.0010229738105905772
leaf_count=380 161 109
internal_value=9.26062e-07 0.0056181
internal_weight=0.0030928 0.00205984
internal_count=650 270
is_linear=0
shrinkage=0.1


Tree=491
num_leaves=2
num_cat=0
split_feature=11
split_gain=1.93159e-05
threshold=0.34249508380889898
decision_type=2
left_child=-1
right_child=-2
leaf_value=-0.0092756437455911982 0.0067477440560372616
leaf_weight=0.0012993520424657845 0.0017870077808578265
leaf_count=166 484
internal_value=1.92605e-06
internal_weight=0.00308636
internal_count=650
is_linear=0
shrinkage=0.1


Tree=492
num_leaves=3
num_cat=0
split_feature=1 33
split_gain=1.88351e-05 3.75883e-05
threshold=0.19215405732393268 0.60008755326271068
decision_type=2 2
left_child=-1 -2
right_child=1 -3
leaf_value=-0.010992786121884639 0.018847581255320017 -0.0082437402415690818
leaf_weight=0.0010352297789851285 0.0010438409508955471 0.0010054542150910728
leaf_count=394 135 121
internal_value=1.65802e-06 0.00555565
internal_weight=0.00308452 0.0020493
internal_count=650 256
is_linear=0
shrinkage=0.1


Tree=493
num_leaves=2
num_cat=0
split_feature=34
split_gain=2.0002e-05
threshold=0.73006755113601696
decision_type=2
left_child=-1
right_child=-2
leaf_value=-0.0077245761389268183 0.0084092120375310036
leaf_weight=0.0016044778823350973 0.0014746871657594918
leaf_count=452 198
internal_value=2.28812e-06
internal_weight=0.00307917
internal_count=650
is_linear=0
shrinkage=0.1


Tree=494
num_leaves=2
num_cat=0
split_feature=18
split_gain=1.84248e-05
threshold=0.024825210683047775
decision_type=2
left_child=-1
right_child=-2
leaf_value=-0.0071029369286086863 0.0084290673466290902
leaf_weight=0.001669588971845791 0.0014076755010887718
leaf_count=419 231
internal_value=2.08186e-06
internal_weight=0.00307726
internal_count=650
is_linear=0
shrinkage=0.1


Tree=495
num_leaves=2
num_cat=0
split_feature=35
split_gain=1.68279e-05
threshold=0.57525253295898449
decision_type=2
left_child=-1
right_child=-2
leaf_value=-0.0089955894868088658 0.0060831259630126713
leaf_weight=0.0012403479960097739 0.0018351660301442196
leaf_count=393 257
internal_value=1.91341e-06
internal_weight=0.00307551
internal_count=650
is_linear=0
shrinkage=0.1


Tree=496
num_leaves=2
num_cat=0
split_feature=33
split_gain=1.72676e-05
threshold=0.55877119302749645
decision_type=2
left_child=-1
right_child=-2
leaf_value=0.007849722614499819 -0.007156117016730937
leaf_weight=0.0014662529750374929 0.0016076620957942434
leaf_count=431 219
internal_value=1.64645e-06
internal_weight=0.00307392
internal_count=650
is_linear=0
shrinkage=0.1


Tree=497
num_leaves=2
num_cat=0
split_feature=36
split_gain=1.70052e-05
threshold=0.12746056169271472
decision_type=2
left_child=-1
right_child=-2
leaf_value=-0.0095906444820238711 0.0057718950568122103
leaf_weight=0.0011539913468248397 0.0019182837257091523
leaf_count=148 502
internal_value=1.50104e-06
internal_weight=0.00307228
internal_count=650
is_linear=0
shrinkage=0.1


Tree=498
num_leaves=2
num_cat=0
split_feature=38
split_gain=1.70368e-05
threshold=0.49102595448493963
decision_type=2
left_child=-1
right_child=-2
leaf_value=0.0056959107806962232 -0.0097416560167346965
leaf_weight=0.0019379442940029024 0.0011327151009298368
leaf_count=294 356
internal_value=1.24954e-06
internal_weight=0.00307066
internal_count=650
is_linear=0
shrinkage=0.1


Tree=499
num_leaves=2
num_cat=0
split_feature=38
split_gain=1.72074e-05
threshold=0.43811924755573278
decision_type=2
left_child=-1
right_child=-2
leaf_value=-0.0088020299347944374 0.0063701406633126321
leaf_weight=0.0012883524032838434 0.0017806884412501743
leaf_count=156 494
internal_value=1.01642e-06
internal_weight=0.00306904
internal_count=650
is_linear=0
shrinkage=0.1


end of trees

feature_importances:
w_vol_compression=390
w_bb_position=336
mo_trend=285
pre1_vol_ratio=278
obv_slope_5d=266
adl_divergence=233
pre1_bb_width=215
pre3_bb_width=206
rs_vs_market_5d=199
pre5_momentum_5d=184
pre5_bb_width=183
pre1_rsi_slope=173
up_volume_ratio_10d=170
pre3_vol_ratio=168
pre5_bb_position=162
pre5_rsi=159
pre5_macd_hist=154
pre1_turnover_ratio=154
range_compression_20d=153
pre5_vol_ratio=146
pre1_macd_hist=144
pre3_momentum_5d=142
base_tightness_10d=135
pre1_body_ratio=132
w_rsi=126
pre1_di_diff=121
pre1_adx=116
pre1_rsi=115
pre3_rsi=111
pre3_adx=109
pre1_lower_shadow=106
pre3_macd_hist=105
pre5_adx=101
closing_strength=100
rs_vs_market_20d=90
pre1_ema20_slope=80
pre5_compression_days=79
net_accumulation_20d=78
pre1_ema_align=39
higher_lows_streak=36
vol_dryup_days=21
pre1_bar_direction=7

parameters:
[boosting: gbdt]
[objective: binary]
[metric: auc]
[tree_learner: serial]
[device_type: cpu]
[data_sample_strategy: bagging]
[data: ]
[valid: ]
[num_iterations: 500]
[learning_rate: 0.1]
[num_leaves: 31]
[num_threads: 14]
[seed: 0]
[deterministic: 0]
[force_col_wise: 0]
[force_row_wise: 0]
[histogram_pool_size: -1]
[max_depth: -1]
[min_data_in_leaf: 20]
[min_sum_hessian_in_leaf: 0.001]
[bagging_fraction: 1]
[pos_bagging_fraction: 1]
[neg_bagging_fraction: 1]
[bagging_freq: 0]
[bagging_seed: 3]
[bagging_by_query: 0]
[feature_fraction: 1]
[feature_fraction_bynode: 1]
[feature_fraction_seed: 2]
[extra_trees: 0]
[extra_seed: 6]
[early_stopping_round: 0]
[early_stopping_min_delta: 0]
[first_metric_only: 0]
[max_delta_step: 0]
[lambda_l1: 0]
[lambda_l2: 0]
[linear_lambda: 0]
[min_gain_to_split: 0]
[drop_rate: 0.1]
[max_drop: 50]
[skip_drop: 0.5]
[xgboost_dart_mode: 0]
[uniform_drop: 0]
[drop_seed: 4]
[top_rate: 0.2]
[other_rate: 0.1]
[min_data_per_group: 100]
[max_cat_threshold: 32]
[cat_l2: 10]
[cat_smooth: 10]
[max_cat_to_onehot: 4]
[top_k: 20]
[monotone_constraints: ]
[monotone_constraints_method: basic]
[monotone_penalty: 0]
[feature_contri: ]
[forcedsplits_filename: ]
[refit_decay_rate: 0.9]
[cegb_tradeoff: 1]
[cegb_penalty_split: 0]
[cegb_penalty_feature_lazy: ]
[cegb_penalty_feature_coupled: ]
[path_smooth: 0]
[interaction_constraints: ]
[verbosity: -1]
[saved_feature_importance_type: 0]
[use_quantized_grad: 0]
[num_grad_quant_bins: 4]
[quant_train_renew_leaf: 0]
[stochastic_rounding: 1]
[linear_tree: 0]
[max_bin: 255]
[max_bin_by_feature: ]
[min_data_in_bin: 3]
[bin_construct_sample_cnt: 200000]
[data_random_seed: 1]
[is_enable_sparse: 1]
[enable_bundle: 1]
[use_missing: 1]
[zero_as_missing: 0]
[feature_pre_filter: 1]
[pre_partition: 0]
[two_round: 0]
[header: 0]
[label_column: ]
[weight_column: ]
[group_column: ]
[ignore_column: ]
[categorical_feature: ]
[forcedbins_filename: ]
[precise_float_parser: 0]
[parser_config_file: ]
[objective_seed: 5]
[num_class: 1]
[is_unbalance: 0]
[scale_pos_weight: 1.5]
[sigmoid: 1]
[boost_from_average: 1]
[reg_sqrt: 0]
[alpha: 0.9]
[fair_c: 1]
[poisson_max_delta_step: 0.7]
[tweedie_variance_power: 1.5]
[lambdarank_truncation_level: 30]
[lambdarank_norm: 1]
[label_gain: ]
[lambdarank_position_bias_regularization: 0]
[eval_at: ]
[multi_error_top_k: 1]
[auc_mu_weights: ]
[num_machines: 1]
[local_listen_port: 12400]
[time_out: 120]
[machine_list_filename: ]
[machines: ]
[gpu_platform_id: -1]
[gpu_device_id: -1]
[gpu_use_dp: 0]
[num_gpu: 1]

end of parameters

pandas_categorical:null
