tree
version=v4
num_class=1
num_tree_per_iteration=1
label_index=0
max_feature_idx=53
objective=binary sigmoid:1
feature_names=pre1_bb_width pre3_bb_width pre5_bb_width pre1_vol_ratio pre3_vol_ratio pre5_vol_ratio pre1_rsi pre3_rsi pre5_rsi pre3_momentum_5d pre5_momentum_5d pre5_bb_position pre5_compression_days pre3_adx pre5_adx pre3_macd_hist pre5_macd_hist pre1_adx pre1_macd_hist pre1_rsi_slope pre1_ema_align pre1_ema20_slope pre1_di_diff pre1_body_ratio pre1_lower_shadow pre1_bar_direction pre1_sector_ad_ratio pre1_sector_pct_ema20 pre1_turnover_ratio pre1_usdegp_chg pre1_vix_level pre1_oil_chg pre1_spread_bps w_rsi w_bb_position mo_trend w_vol_compression obv_slope_5d adl_divergence closing_strength vol_dryup_days dtw_similarity dtw_expected_gain net_accumulation_20d up_volume_ratio_10d range_compression_20d vcp_score base_tightness_10d higher_lows_streak breakout_proximity rs_vs_market_5d rs_vs_market_20d rs_vs_sector_10d rs_rank_pct
feature_infos=[7.9999998596133604e-14:17.157245635986328] [7.9999998596133604e-14:16.292158126831055] [7.9999998596133604e-14:2.4342544078826904] [9.994767424359452e-06:19.922657012939453] [1.0964097782562021e-05:19.987127304077148] [1.1568885383894667e-05:19.752382278442383] [0:100] [0:100] [0:100] [-0.86503434181213379:199.41145324707031] [-0.86503434181213379:2.3847472667694092] [-0.56213229894638062:1.5621322393417358] [0:58] [0:100] [0:100] [-177.72198486328125:656.926025390625] [-265.58517456054688:656.926025390625] [0:100] [-177.72198486328125:631.23040771484375] [-33.333332061767578:33.333332061767578] [0:3] [-0.20664647221565247:83.7933349609375] [-73.358352661132812:100] [0:1] [0:1] [-1:1] none none [1:2013751680] none none none none [0:1] [0:1] [0:1] [2.2427116164180916e-06:1] [0.2736935019493103:0.72629678249359131] [0.1809958815574646:0.79017806053161621] [0:1] [0:1] none none [0.22499999403953552:0.80000001192092896] [0:1] [0:1] [0:1] [0:1] [0:0.89999997615814209] none [0:1] [0:1] none none
tree_sizes=3385 3385 3403 3390 3391 3405 3421 3421 3429 3423 3423 3420 3422 3433 3423 3420 3429 3444 3441 3437 3432 3451 3430 3427 3445 3440 3447 3443 3467 3448 3443 3427 3465 3433 3449 3446 3435 3455 3460 3432 3434 3426 3440 3458 3442 3458 3426 3445 3447 3481 3421 3449 3429 3449 3462 3423 3464 3409 3430 3433 3427 3433 3430 3435 3443 3451 3445 3430 3435 3454 3449 3447 3407 3417 3439 3437 3456 3420 3438 3430 3403 3436 3446 3445 3452 3420 3421 3413 3397 3425 3393 3427 3400 3399 3415 3411 3430 3433 3392 3382 3447 3394 3428 3420 3428 3427 3413 3405 3436 3424 3435 3454 3429 3423 3407 3451 3404 3402 3411 3403 3414 3418 3419 3376 3407 3420 3395 3414 3409 3422 3422 3418 3422 3415 3444 3410 3379 3408 3410 3414 3408 3413 3389 3391

Tree=0
num_leaves=31
num_cat=0
split_feature=50 36 34 50 34 36 0 34 34 38 35 36 36 35 10 36 11 10 50 7 50 11 1 40 34 40 50 50 25 34
split_gain=5677.61 1716.2 893.178 662.035 495.758 325.602 249.77 206.441 170.155 158.278 125.707 121.174 118.242 86.8558 86.2338 83.0931 80.3522 79.4444 77.6443 65.8187 62.4901 60.0441 58.9712 58.7387 53.46 50.7295 48.9725 48.0013 47.3141 44.6005
threshold=0.5969088375568391 0.33003412187099462 0.97900283336639415 0.72949856519699108 0.80236420035362255 0.20617970079183581 0.25604255497455602 0.46065907180309301 0.99998527765274059 0.52742114663124096 0.54242816567420971 0.20617970079183581 0.69659942388534557 0.91475078463554393 -0.065916489809751497 0.14301376044750216 0.5886744260787965 -0.027759772725403305 0.55321401357650768 72.496162414550795 0.80479618906974804 0.89074248075485241 0.12537598609924319 0.25000000745058065 0.97015848755836498 0.15000000223517421 0.95536723732948314 0.54461371898651134 1.0000000180025095e-35 0.99998527765274059
decision_type=2 2 2 2 2 2 2 2 2 2 2 2 2 2 2 2 2 2 2 2 2 2 2 2 2 2 2 2 2 2
left_child=1 2 6 5 7 8 11 -3 14 16 -7 -1 17 19 -2 20 -8 -9 22 -4 29 -6 -13 27 -12 -24 -17 -19 -23 -5
right_child=3 4 13 15 21 10 9 12 -10 -11 24 18 -14 -15 -16 26 -18 23 -20 -21 -22 28 25 -25 -26 -27 -28 -29 -30 -31
leaf_value=-1.1347204019295121 -0.75847176952547812 -1.0963512487282057 -0.78933218598547561 -0.96419099743229397 -0.7029520367890908 -0.89159292119681055 -0.80921189659300474 -0.82059560913366714 -0.77959014142400673 -1.1075450023224829 -0.80128900624004173 -1.1284211587651289 -0.79584059384783379 -0.68547129194669476 -1.0190236596915578 -0.72304012854732813 -0.98547157451686818 -1.0502412471262765 -0.95195316651946627 -1.0028618315294029 -0.74323759078576734 -1.0410736558686879 -1.0662710795485051 -0.77959014142400673 -0.72489853098095836 -0.88816350678872436 -0.67382055480550607 -0.91902764640658485 -0.77256530802286016 -0.74302992562495418
leaf_weight=850.25788736343384 13.925577163696287 63.82847785949707 37.734060287475586 25.887689590454102 151.57444190979004 107.65363359451294 44.676111221313477 41.238201141357422 47.053680419921875 67.030238151550293 216.84859180450439 125.19442701339722 81.436799049377441 42.963507175445557 144.62707614898682 431.63735437393188 61.422135353088379 75.246033191680908 55.4514479637146 23.37966775894165 129.43708753585815 9.5597877502441424 61.03680419921875 13.233847618103026 158.62620782852173 21.66907262802124 380.22455978393555 44.290780067443848 20.931849956512451 14.076767444610594
leaf_count=4245 36 303 105 101 338 370 130 123 128 323 620 620 230 91 615 1018 248 335 212 97 322 42 278 36 376 74 777 160 56 35
internal_value=-0.900414 -1.01902 -1.0762 -0.76603 -0.860394 -0.841184 -1.09899 -0.935487 -0.946582 -0.987251 -0.79633 -1.11636 -0.895292 -0.794425 -0.99614 -0.713281 -0.911252 -0.941836 -1.05709 -0.87102 -0.776986 -0.728709 -1.08513 -0.979493 -0.769016 -1.01961 -0.699989 -1.00162 -0.856748 -0.886291
internal_weight=3562.15 1892.16 1390.82 1670 501.34 688.735 1286.74 319.274 205.606 173.128 483.128 1113.61 255.446 104.077 158.553 981.263 106.098 174.009 263.352 61.1137 169.402 182.066 207.9 132.771 375.475 82.7059 811.862 119.537 30.4916 39.9645
internal_count=12444 8046 6423 4398 1623 2145 6130 1187 779 701 1366 5429 884 293 651 2253 378 654 1184 202 458 436 972 531 996 352 1795 495 98 136
is_linear=0
shrinkage=1


Tree=1
num_leaves=31
num_cat=0
split_feature=50 34 50 36 36 35 34 10 35 8 34 50 47 36 36 24 11 47 0 38 36 16 3 40 36 2 5 35 35 7
split_gain=3918.54 1077.79 680.569 633.683 366.138 199.139 191.442 180.005 133.972 129.613 175.471 89.9351 81.1495 72.6651 70.2474 54.6256 53.717 48.1173 45.1452 48.4019 41.439 38.567 47.0113 38.5459 49.4844 44.191 37.0611 35.7989 34.9466 37.2945
threshold=0.55931833386421215 0.90360701084136974 0.68855392932891857 0.31122367084026342 0.23010485619306567 0.52889761328697216 0.99998527765274059 -0.073074322193860994 0.54242816567420971 64.36212539672853 0.99188095331192028 0.80479618906974804 0.31868821382522589 0.19215828925371173 0.56797793507576 0.052631530910730369 0.22256634384393695 0.43500819802284246 0.26860800385475164 0.47477287054061895 0.78174480795860302 0.045045580714941032 0.86786985397338878 0.15000000223517421 0.66065329313278209 0.18018976598978045 1.5691289901733401 0.82517477869987499 0.70930215716362011 73.855987548828139
decision_type=2 2 2 2 2 2 2 2 2 2 2 2 2 2 2 2 2 2 2 2 2 2 2 2 2 2 2 2 2 2
left_child=1 3 4 7 6 16 12 15 23 -3 27 13 -2 -4 17 -1 -5 21 -9 -20 -10 22 -7 24 25 -6 -14 -11 29 -12
right_child=2 9 11 5 8 14 -8 18 20 10 28 -13 26 -15 -16 -17 -18 -19 19 -21 -22 -23 -24 -25 -26 -27 -28 -29 -30 -31
leaf_value=0.17692095567901328 -0.034786633826684475 0.26333818007798393 0.12246429877292518 0.083991138077575397 -0.016339809169516949 0.16551494137494549 0.18912793725377219 -0.11004026655308451 0.18113574731377971 -0.10242323639617101 0.17331519056028569 0.25421249198646673 0.13633198076663425 0.22016863972517489 0.20681949513829456 -0.014179423628138314 -0.05122068811707553 0.24932032250767466 0.09176128874589648 -0.080881027941681019 0.25365119387472229 -0.08696450356133488 -0.0096615651142977071 0.20351410984982068 0.1566119245838109 0.15429242015493325 -0.043980164719847149 0.093090599748983704 0.23495229501904849 -0.098751919703449972
leaf_weight=28.074863225221634 192.85931807756424 102.33669990301132 97.522220641374588 39.700262635946274 64.846739277243614 33.545868292450905 65.526180490851402 862.74650916457176 301.0159116089344 32.298718929290771 17.369218170642856 852.5942804813385 49.579026877880096 346.84954676032066 83.061744630336761 32.015452355146408 113.0504694879055 14.214321583509443 22.811602458357811 56.364796563982964 106.75061498582363 16.409491494297981 28.196434646844864 24.964758202433586 41.766783908009529 19.816016763448715 14.802345275878904 13.189473554491995 63.854523301124573 7.0971145033836356
leaf_count=83 877 209 305 140 265 99 165 4536 777 159 45 1645 163 778 207 142 515 34 79 275 218 78 120 66 120 60 66 47 137 34
internal_value=0.10239 -0.018252 0.189115 -0.0532028 0.121341 0.0674009 0.0365344 -0.0927028 0.170294 0.178623 0.113833 0.235202 -0.00233528 0.198726 0.140089 0.0751048 -0.0160788 0.0800813 -0.103408 -0.0311409 0.20012 0.0492999 0.0855154 0.089962 0.06754 0.0235981 0.0948752 -0.0457333 0.196016 0.0943948
internal_weight=3745.23 1566.34 2178.89 1330.19 881.928 328.179 322.767 1002.01 559.161 236.146 133.809 1296.97 257.241 444.372 175.428 60.0903 152.751 92.3661 941.923 79.1764 407.767 78.1518 61.7423 151.394 126.43 84.6628 64.3814 45.4882 88.3209 24.4663
internal_count=12444 6939 5505 6308 2777 1193 1271 5115 1506 631 422 2728 1106 1083 538 225 655 331 4890 354 995 297 219 511 445 325 229 206 216 79
is_linear=0
shrinkage=0.1


Tree=2
num_leaves=31
num_cat=0
split_feature=50 34 50 36 36 10 35 34 35 8 34 47 50 34 11 36 34 24 36 40 9 5 33 20 11 34 36 2 14 10
split_gain=2903.64 849.948 512.693 478.312 308.248 160.501 144.445 142.856 101.68 86.4421 128.914 75.1031 63.179 54.8798 61.5133 52.8907 52.2146 50.7946 50.5777 43.6447 41.0619 40.0219 35.9827 36.9505 33.9692 38.8586 33.4367 52.7365 38.7203 33.0978
threshold=0.55321401357650768 0.90360701084136974 0.68855392932891857 0.31833735108375555 0.20617970079183581 -0.07046217098832129 0.52889761328697216 0.99998527765274059 0.54365122318267833 64.109489440917983 0.99188095331192028 0.31868821382522589 0.80479618906974804 0.49996672570705419 0.46253053843975073 0.69659942388534557 0.46754828095436102 0.052631530910730369 0.19215828925371173 0.25000000745058065 0.10754830390214921 1.0189993381500246 0.51022782921791088 2.5000000000000004 0.9508495330810548 0.97900283336639415 0.16952410340309146 0.15269262343645099 20.399097442626957 -0.019380521029233929
decision_type=2 2 2 2 2 2 2 2 2 2 2 2 2 2 2 2 2 2 2 2 2 2 2 2 2 2 2 2 2 2
left_child=1 3 4 5 7 17 13 11 21 -3 -11 -2 18 -5 -15 19 -10 -1 -4 29 26 22 -6 -24 -18 -26 -7 -28 -29 -8
right_child=2 9 12 6 8 20 15 -9 16 10 -12 -13 -14 14 -16 -17 24 -19 -20 -21 -22 -23 23 -25 25 -27 27 28 -30 -31
leaf_value=0.14888594755880122 -0.046876805692665335 0.22313265160388013 0.10490474329687292 -0.12576397958938806 0.13090919244731741 -0.11636390358665903 0.12853666515255011 0.15477726803910855 -0.018718891890780933 -0.043896978349675729 0.16741276068815403 0.078745637876178359 0.21220151266690063 0.095814021103342237 -0.059926149748368296 0.19683097138732097 0.18156566651420988 -0.026261089858395412 0.18435170845775337 0.22051651018470086 0.072825461094968791 -0.00047546039555304212 0.12469672118024183 -0.10662764740018056 0.020968111163747416 0.17369970772667115 -0.10517822529685988 0.17729212184586463 -0.033414246427346771 0.0047230688406552021
leaf_weight=32.918892219662666 183.04144951701164 101.39589127898216 102.18522493541241 36.58135761320591 109.81910291314125 599.40312786400318 34.054634779691696 62.703105762600899 15.041630074381827 42.196962848305702 91.420655995607376 64.312014847993851 915.27633860707283 50.181009709835052 51.275029674172401 55.91040213406086 401.98022662103176 33.31615674495697 371.29254013299942 17.907898753881454 13.427883088588713 48.442435652017593 13.163060113787651 14.524824127554893 30.352679640054703 36.92179873585701 172.32354843616486 9.8557064235210401 75.773862674832344 58.98992495238781
leaf_count=92 879 187 305 194 325 3378 97 150 57 196 209 223 1645 167 242 118 893 153 778 38 54 186 37 65 101 82 957 34 366 236
internal_value=0.0891703 -0.0208758 0.157776 -0.0538759 0.102406 -0.0892767 0.0549179 0.0199606 0.140545 0.153512 0.10068 -0.0142149 0.196861 -0.0207573 0.0171042 0.11752 0.16468 0.0607872 0.167206 0.0775546 -0.100691 0.0776875 0.105224 0.00334596 0.170559 0.104791 -0.103409 -0.0733051 -0.00916258 0.0500393
internal_weight=3845.99 1476.93 2369.06 1241.92 980.302 937.019 304.9 310.057 670.246 235.014 133.618 247.353 1388.75 138.037 101.456 166.863 484.296 66.235 473.478 110.952 870.784 185.949 137.507 27.6879 469.255 67.2745 857.356 257.953 85.6296 93.0446
internal_count=12444 6718 5726 6126 2998 5034 1092 1252 1746 592 405 1102 2728 603 409 489 1133 245 1083 371 4789 613 427 102 1076 183 4735 1357 400 333
is_linear=0
shrinkage=0.1


Tree=3
num_leaves=31
num_cat=0
split_feature=50 34 36 50 36 10 34 34 2 36 11 34 3 50 36 36 34 8 4 28 10 34 47 34 11 0 2 35 3 47
split_gain=2228.14 683.671 408.375 386.842 245.02 139.907 126.97 120.068 81.5396 77.9999 65.0926 90.4052 61.0578 53.2557 52.7257 51.6342 49.0989 48.3381 47.0836 45.6557 39.4649 46.5119 39.101 35.0416 39.9373 33.8158 31.3065 30.3761 29.2745 29.0773
threshold=0.55321401357650768 0.90360701084136974 0.31833735108375555 0.68855392932891857 0.28934764862060552 -0.07046217098832129 0.99998527765274059 0.41929773986339575 0.18018976598978045 0.56797793507576 0.71563851833343517 0.99578979611396801 0.88934686779975902 0.95536723732948314 0.19215828925371173 0.13176657259464267 0.98585620522499096 62.894950866699226 1.2776691913604739 10170.500000000002 -0.023080290295183655 0.49996672570705419 0.40971365571022039 0.5044057071208955 0.95569396018981945 0.20720420032739642 0.24627409130334857 0.54016178846359264 2.2360532283782963 0.13610848784446719
decision_type=2 2 2 2 2 2 2 2 2 2 2 2 2 2 2 2 2 2 2 2 2 2 2 2 2 2 2 2 2 2
left_child=1 2 5 4 6 19 8 -4 29 12 -3 -12 18 14 25 -10 20 28 -9 -1 -6 -22 -7 27 -25 -5 -14 -23 -11 -2
right_child=3 10 7 13 16 22 -8 9 15 17 11 -13 26 -15 -16 -17 -18 -19 -20 -21 21 23 -24 24 -26 -27 -28 -29 -30 -31
leaf_value=0.16480264829314525 -0.12407512438356597 0.19628054319762997 -0.10677702736294055 0.03802683485256611 0.17001293600487968 -0.10252007185215724 0.13694700307397928 0.13772598750737816 -0.00027438351121954543 0.18454210166633045 -0.023131386393246786 0.14587657832290477 -0.064195742499563432 0.19358792442976258 0.16732134509683286 0.12408650433864887 0.18359039185520598 -0.0481431294529263 -0.055466606762840709 -0.0072733656776866849 -0.038979222788942336 0.10014868871942906 -0.02017784230183382 0.095816848878132355 -0.068737402784111112 0.13383150595929555 0.12464489850132028 0.20176948940235861 0.063651154126432047 -0.015790540278255296
leaf_weight=23.833101451396942 28.443399295210838 98.384366169571877 42.820396706461906 51.56888484954834 102.09708282351494 760.23591183125973 96.418172746896744 52.819114655256271 60.074220046401024 81.518819317221642 46.970412120223045 97.038398563861847 64.769607052206993 586.67336387932301 673.54049761593342 75.152853727340698 147.99533279240131 13.161066949367521 16.573344632983208 43.674127280712128 22.879133269190788 58.971785664558411 62.4026780128479 145.03459288179874 16.418587386608124 129.01264649629593 10.155456230044363 58.688243478536606 26.556508272886276 193.50058576464653
leaf_count=62 152 177 228 164 228 4484 218 145 251 177 204 211 305 972 1292 218 275 51 75 183 90 175 305 379 64 300 30 112 81 836
internal_value=0.0790664 -0.0195828 -0.05056 0.137168 0.0895725 -0.084917 0.0351167 0.0486141 0.00762765 0.0736708 0.133585 0.0907524 0.023997 0.17039 0.154456 0.0688396 0.134313 0.132802 0.0915848 0.0534772 0.116265 0.0980946 -0.0962739 0.109331 0.0790829 0.106472 -0.0386 0.150837 0.154837 -0.0296678
internal_weight=3887.38 1440.91 1198.52 2446.47 1005.67 890.146 453.589 308.374 357.171 265.554 242.393 144.009 144.318 1440.8 854.122 135.227 552.085 121.236 69.3925 67.5072 404.089 301.992 822.639 279.113 161.453 180.582 74.9251 117.66 108.075 221.944
internal_count=12444 6718 6126 5726 2998 5034 1675 1092 1457 864 592 415 555 2728 1756 469 1323 309 220 245 1048 820 4789 730 443 464 335 287 258 988
is_linear=0
shrinkage=0.1


Tree=4
num_leaves=31
num_cat=0
split_feature=50 36 50 34 36 35 47 34 36 2 35 35 38 34 35 8 38 2 34 45 36 2 35 37 10 36 4 7 5 16
split_gain=1753.9 562.582 317.368 281.173 206.418 191.841 137.759 106.357 82.2378 71.6919 69.9831 63.4691 58.3881 51.1093 50.2297 44.9444 42.0156 48.5978 39.2865 46.0908 38.0612 37.9402 37.3835 34.1893 33.3206 33.1792 37.6748 29.8617 29.2774 28.455
threshold=0.55037412047386181 0.31122367084026342 0.72949856519699108 0.94533583521842968 0.11729690805077554 0.52889761328697216 0.49716567993164068 0.97521302103996288 0.3688283264636994 0.1895265728235245 0.991814285516739 0.49994093179702764 0.5242428481578828 0.41929773986339575 0.91475078463554393 62.424577713012702 0.46662028133869177 0.27312287688255316 0.49996672570705419 0.44168275594711309 0.095720686018466963 0.381047934293747 0.69344517588615429 0.60610243678092968 -0.016182741150259968 0.69659942388534557 1.027711093425751 60.635890960693366 0.64362379908561718 -0.031699372455477708
decision_type=2 2 2 2 2 2 2 2 2 2 2 2 2 2 2 2 2 2 2 2 2 2 2 2 2 2 2 2 2 2
left_child=1 3 4 6 10 18 16 8 9 11 21 -6 -8 -7 15 -5 17 -1 -3 -20 -4 -2 -19 -10 29 26 -15 -9 -26 -13
right_child=2 5 20 14 7 13 12 27 23 -11 -12 24 -14 25 -16 -17 -18 22 19 -21 -22 -23 -24 -25 28 -27 -28 -29 -30 -31
leaf_value=-0.073084585799045601 -0.04559095071854518 -0.11178183383229692 0.10290788937589251 0.18910092379929377 -0.12258919214365241 -0.071936207888595102 0.13812883699938439 0.19718786453514425 0.12820197748800807 0.10990337012653716 0.16317978822307785 0.016647685780099019 -0.056333800228128811 0.13886213406993939 0.180706579737685 -0.014654986239523604 -0.10732233569389843 0.13901150996075051 0.095215686906011773 -0.040759879566870369 0.16201832669726959 0.10237617794166642 -0.13702734409501921 0.054649375773586667 0.067358035654100368 0.17694543264034479 0.039203543967417598 0.13068166199849413 -0.02603007848832628 0.15702504851024215
leaf_weight=204.80088824033737 156.89848563075066 34.825082093477249 120.52547849714756 14.451564624905584 29.397596210241318 12.839284494519232 38.367840856313705 99.050236910581589 317.28065523505211 120.05408337712288 21.1679467856884 24.986855417490005 25.838041946291924 111.51083238422871 41.565599337220192 43.147525727748871 557.25763857364655 19.915671810507778 40.076834782958031 65.949912443757057 1132.4039643257856 19.480330526828766 6.5097848474979392 78.915021076798439 53.38569250702858 103.08718287944794 57.490220904350281 212.04492701590061 90.44051967561245 34.209628507494926
leaf_count=1220 722 205 272 26 144 61 109 159 733 324 48 93 133 260 72 161 3487 66 129 289 1981 56 35 216 178 181 190 439 362 93
internal_value=0.070956 -0.0197084 0.120713 -0.0624483 0.0852183 0.075839 -0.0809829 0.102712 0.0822909 0.0471525 -0.00862909 0.0147392 0.0598722 0.123034 0.0969262 0.0364672 -0.0924527 -0.0566168 -0.0196304 0.0106372 0.156332 -0.0292486 0.0710107 0.113552 0.0346243 0.132234 0.104961 0.151857 0.0086339 0.0977717
internal_weight=3887.88 1377.63 2510.24 951.855 1257.31 425.779 852.69 1059.77 748.67 352.474 197.547 232.42 64.2059 284.928 99.1647 57.5991 788.484 231.226 140.852 106.027 1252.93 176.379 26.4255 396.196 203.023 272.088 169.001 311.095 143.826 59.1965
internal_count=12444 6624 5820 5309 3567 1315 5050 2741 2143 1194 826 870 242 692 259 187 4808 1321 623 418 2253 778 101 949 726 631 450 598 540 186
is_linear=0
shrinkage=0.1


Tree=5
num_leaves=31
num_cat=0
split_feature=50 34 36 50 36 0 35 35 38 36 33 0 8 34 8 50 0 36 3 11 34 10 23 35 24 13 36 5 33 23
split_gain=1398.44 470.124 298.704 266.681 154.099 117.1 78.9492 73.601 61.8883 61.6866 57.2041 53.6065 52.5389 68.0434 46.2236 46.0191 45.1201 39.6775 32.5884 32.7187 31.6489 31.502 30.3866 28.7615 28.5061 28.4553 27.1492 26.2736 23.5954 23.3218
threshold=0.55037412047386181 0.90122726559638988 0.3078895509243012 0.68855392932891857 0.13176657259464267 0.22157756984233859 0.51879641413688671 0.62610542774200451 0.49828463792800909 0.3688283264636994 0.76963594555854808 0.17474361509084704 62.424577713012702 0.99188095331192028 58.827112197875984 0.94629120826721203 0.067056775093078627 0.19215828925371173 0.82002240419387828 0.14813998341560367 0.94533583521842968 -0.061836926266551011 0.6529844105243684 0.82517477869987499 0.14285715669393542 26.349387168884281 0.52776813507080089 2.3956582546234135 0.78839653730392467 0.95028516650199901
decision_type=2 2 2 2 2 2 2 2 2 2 2 2 2 2 2 2 2 2 2 2 2 2 2 2 2 2 2 2 2 2
left_child=1 2 5 4 10 -1 18 9 24 11 21 25 -3 23 16 17 -8 27 19 -4 22 -2 -9 -14 -7 -6 -18 -5 -29 -23
right_child=3 12 6 15 7 8 14 20 -10 -11 -12 -13 13 -15 -16 -17 26 -19 -20 -21 -22 29 -24 -25 -26 -27 -28 28 -30 -31
leaf_value=-0.097975249020662125 0.11725994307079486 0.16606245349258794 0.17835162476486474 0.093998573640381056 0.039546072786313356 0.11260387658485749 -0.0092414417072450416 0.063155461030797486 -0.058481483987580268 0.092434659194207333 0.085951457832216166 0.091189729315511836 -0.083870033723599163 0.11740076500958439 -0.010787695454944728 0.1564378580686808 0.075618344762300407 0.13178599691754342 -0.066722095474387622 -0.013345474678050329 0.14533284869136334 -0.066669164219985352 0.14613952574722988 0.083786195954288323 -0.032815706893092378 -0.056636786403314224 0.17229516696784675 -0.080776921961984369 0.13781422686386244 0.084901712312266731
leaf_weight=635.25701741874218 11.594474554061888 94.899621814489365 12.471893221139906 158.0982116907835 50.017150163650513 48.294928953051567 28.771309331059456 136.57964715361595 79.432069256901741 252.66788217425346 46.667431741952896 65.788310945034027 31.398097217082977 98.719224900007248 47.06799890100956 614.49109648168087 51.272178515791893 670.60525022447109 76.926379054784775 31.119555205106735 211.42602981626987 125.63384567201138 65.185814514756203 15.178863003849981 18.699421510100365 79.885340347886086 67.013657823204994 17.203023016452793 6.9263260513544074 11.043856933712958
leaf_count=4240 36 163 30 380 180 150 103 386 448 621 137 181 161 209 173 1014 158 1259 390 140 395 628 141 48 87 345 124 61 14 42
internal_value=0.0641925 -0.0185158 -0.0462766 0.107992 0.0696832 -0.079393 0.0359963 0.08785 0.00122421 0.0597915 -0.0106062 0.0176439 0.108193 0.0703951 0.0754647 0.135575 0.103071 0.120542 -0.0275778 0.0415007 0.118297 -0.0409969 0.0899657 -0.0292329 0.0720145 -0.0196029 0.13039 0.0791645 -0.0180304 -0.0544219
internal_weight=3860.34 1336.52 1096.33 2523.81 1056.49 781.683 314.643 861.55 146.426 448.359 194.94 195.691 240.196 145.296 194.125 1467.32 147.057 852.833 120.518 43.5914 413.191 148.272 201.765 46.577 66.9944 129.902 118.286 182.228 24.1293 136.678
internal_count=12444 6624 6043 5820 3092 4925 1118 2249 685 1327 843 706 581 418 558 2728 385 1714 560 170 922 706 527 209 237 525 282 455 75 670
is_linear=0
shrinkage=0.1


Tree=6
num_leaves=31
num_cat=0
split_feature=50 36 34 34 50 0 35 36 35 11 38 1 18 23 38 15 2 35 34 34 34 21 36 21 8 34 36 37 1 12
split_gain=1131.25 501.686 201.955 189.241 158.623 110.575 98.5632 93.8773 74.6365 55.7927 51.2887 51.3029 50.5011 45.6747 42.7601 42.4958 42.3763 38.876 38.9635 37.8657 79.6985 64.4793 37.5249 36.3279 35.9278 46.1394 34.7355 30.8945 30.6077 30.3899
threshold=0.58322381973266613 0.21828415244817737 0.49996672570705419 0.97900283336639415 0.79281362891197216 0.33662737905979162 0.5533604919910432 0.3688283264636994 0.57409006357193004 0.47741404175758367 0.46662028133869177 0.12717875838279727 0.00016040899208746853 0.83988708257675182 0.54275250434875499 0.011482062283903362 0.19065677374601367 0.991814285516739 0.51180890202522289 0.80040597915649425 0.50004315376281749 -0.011146213859319685 0.99987664818763744 -0.018850411288440224 61.722990036010749 0.99188095331192028 0.048255389556288726 0.50172200798988353 0.18214686214923861 1.5000000000000002
decision_type=2 2 2 2 2 2 2 2 2 2 2 2 2 2 2 2 2 2 2 2 2 2 2 2 2 2 2 2 2 2
left_child=1 3 28 5 7 10 9 8 23 12 11 -1 16 -13 -7 -5 22 18 -10 20 -8 -22 -4 -2 -21 -26 -20 -23 -3 -25
right_child=4 2 6 15 -6 14 19 -9 17 -11 -12 13 -14 -15 -16 -17 -18 -19 26 24 21 27 -24 29 25 -27 -28 -29 -30 -31
leaf_value=-0.095059964121708487 0.13645812879977251 -0.096124472202627126 -0.056033728147626749 0.16061663554628802 0.13496606457488652 0.087391888504093795 0.16648549434554535 0.10933299987619556 0.12991769003694614 -0.022309354019712294 -0.10766161385657598 -0.024842029895954791 0.14403461285952038 0.1714986784968818 -0.077652642349456263 0.015237010758970552 0.17351584946464096 0.15065897408614906 -0.074021878111284509 0.16117257188897594 0.14589382453340963 -0.11876187123698637 0.1575558318418761 0.01368679546871201 -0.0028065010335731784 0.13025231438257309 0.057581822272669753 0.013971040394764465 0.024463171280542463 -0.079571217319878318
leaf_weight=121.80214357376099 17.620888859033585 90.85279743373394 49.081534579396248 39.587319612503052 989.99911062419415 54.158539906144142 51.691192030906677 589.86725632846355 72.120075717568398 127.12944346666336 439.67352691292763 101.01394021511078 54.597774848341942 13.422661453485487 22.104740425944328 40.859286963939667 13.960738167166708 60.349345579743385 21.647303551435471 140.84631703794003 27.666769742965698 26.808672875165939 9.8814565837383253 115.2847358584404 38.894604250788689 78.979210123419762 272.77184312045574 50.696966826915741 27.39569878578186 50.140197917819023
leaf_count=820 39 532 227 67 1730 165 119 1217 180 565 3124 541 145 48 127 118 32 116 93 251 60 136 20 411 145 150 745 186 113 222
internal_value=0.058459 -0.0048641 0.0523019 -0.0589996 0.105337 -0.0745908 0.0735596 0.080889 0.0533809 0.0245703 -0.0874698 -0.0498899 0.0713059 -0.00181255 0.0395541 0.0867775 0.0168542 0.0762873 0.0640423 0.103578 0.0648123 0.0148409 -0.0202388 -4.00144e-05 0.127082 0.0863471 0.0479056 -0.0319404 -0.0681868 -0.0145797
internal_weight=3810.91 1621.11 788.483 832.622 2189.8 752.176 670.235 1199.8 609.934 254.651 675.912 236.239 127.522 114.437 76.2633 80.4466 72.9237 426.889 366.539 415.584 156.864 105.172 58.963 183.046 258.72 117.874 294.419 77.5056 118.248 165.425
internal_count=12444 7691 2681 5010 4753 4825 2036 3023 1806 989 4533 1409 424 589 292 185 279 1134 1018 1047 501 382 247 672 546 295 838 322 645 633
is_linear=0
shrinkage=0.1


Tree=7
num_leaves=31
num_cat=0
split_feature=50 36 50 34 10 36 35 34 36 2 21 36 35 20 34 34 35 34 11 7 35 36 7 4 37 34 20 50 17 44
split_gain=924.808 346.789 200.561 196.583 128.411 118.025 82.9842 76.1292 63.6751 60.6147 54.7434 52.0602 50.4155 60.7481 51.8464 50.5895 54.495 49.7841 40.1415 38.7511 33.6233 32.1233 30.3169 28.8049 28.2745 26.6477 32.1658 26.4863 26.3327 26.1489
threshold=0.55037412047386181 0.41212962567806249 0.72949856519699108 0.94533583521842968 -0.068153481930494295 0.10838691890239717 0.49799706041812902 0.46754828095436102 0.16952410340309146 0.17902553081512454 -0.013348888140171765 0.74593961238861095 0.49994093179702764 2.5000000000000004 0.97521302103996288 0.50004315376281749 0.54489651322364818 0.99998527765274059 0.90369811654090892 71.584278106689467 0.79799938201904308 0.095720686018466963 73.614151000976577 0.27992437779903417 0.4853885173797608 0.84790006279945385 2.5000000000000004 0.95536723732948314 28.499036788940433 0.11484187841415407
decision_type=2 2 2 2 2 2 2 2 2 2 2 2 2 2 2 2 2 2 2 2 2 2 2 2 2 2 2 2 2 2
left_child=1 3 5 4 -1 17 -3 10 29 23 -7 12 -9 -14 15 -15 -17 -2 20 -5 -18 -4 -19 -10 -11 26 -8 -23 -26 -6
right_child=2 6 21 19 8 7 25 11 9 24 -12 -13 13 14 -16 16 18 22 -20 -21 -22 27 -24 -25 28 -27 -28 -29 -30 -31
leaf_value=0.05517305827959737 -0.041313547184621012 -0.053628038612458954 0.068596329631791034 0.11730511498038931 0.018540258071074078 0.097849271159261675 0.10524765931965359 -0.040673713641071398 0.045655871710194119 -0.065935152299146246 -0.092977826958085291 0.12246439636009042 0.151252959992033 0.084083633832123417 0.10250363109334892 -0.13006753440324761 0.021148107581880959 0.18017201287287116 -0.068952636083285543 -0.0026783115092999877 0.11085049105045874 0.1085840667382811 -0.0010110153902410702 -0.079924119542999439 0.19325834497306627 0.13706351350720539 0.0081952652530028029 0.13970699540601422 0.033018217525760341 -0.1043649035527434
leaf_weight=82.830123901367188 141.93855212628841 41.568714782595634 120.39946973323822 76.214212015271187 18.023028135299683 22.527732342481613 98.67731012403965 40.494805753231049 20.151017241179943 21.734899789094925 45.188311904668808 225.18103209137917 89.452175706624985 183.34946864843369 226.51399789750576 23.381885945796967 145.98328275978565 18.35441380739212 35.083526879549026 41.616277977824211 58.543585225939751 590.17762464284897 18.588188990950584 195.17859733849764 12.980886250734327 106.09872685372829 52.221644192934036 509.49829344451427 48.844372570514679 437.9330236017704
leaf_count=300 683 210 272 161 120 56 255 162 107 124 196 429 198 491 456 107 438 30 135 138 131 1130 55 1271 37 194 181 851 217 3309
internal_value=0.0534381 -0.016615 0.0886541 -0.0460101 -0.0630218 0.0609127 0.0774586 0.073208 -0.0759914 -0.0401189 -0.0294936 0.0799733 0.0680548 0.0738306 0.0635377 0.0437629 0.0156527 -0.0143997 0.0298725 0.0749284 0.0468244 0.117635 0.0890072 -0.0681721 0.0321723 0.0986616 0.0716607 0.123004 0.0666624 -0.0995067
internal_weight=3748.73 1254.07 2494.66 955.506 837.676 1274.58 298.566 1095.7 754.846 298.89 67.716 1027.98 802.803 762.308 672.856 446.342 262.992 178.881 239.61 117.83 204.527 1220.08 36.9426 215.33 83.5602 256.998 150.899 1099.68 61.8253 455.956
internal_count=12444 6624 5820 5784 5485 3567 840 2799 5185 1756 252 2547 2118 1956 1758 1302 811 768 704 299 569 2253 85 1378 378 630 436 1981 254 3429
is_linear=0
shrinkage=0.1


Tree=8
num_leaves=31
num_cat=0
split_feature=50 36 34 34 50 47 35 38 34 36 10 36 5 37 10 18 1 11 34 18 28 36 35 2 47 10 36 38 47 13
split_gain=764.698 391.906 153.577 144.026 109.997 96.7059 80.4269 75.0799 64.2221 67.2438 39.5617 37.2075 34.7519 34.4372 34.2282 32.6953 32.4208 42.4115 32.9495 31.8316 31.7356 31.8348 30.5472 38.5506 28.8175 26.0982 24.9118 23.3643 30.6993 29.7356
threshold=0.5969088375568391 0.21828415244817737 0.49996672570705419 0.97900283336639415 0.79281362891197216 0.28449627757072454 0.53384494781494152 0.52338224649429332 0.99998527765274059 0.12848021090030673 -0.015323936007916926 0.74593961238861095 0.9019758701324464 0.44971360266208654 -0.091679219156503663 0.30778411030769354 0.067395817488431944 0.76891297101974498 0.99578979611396801 0.0079380762763321417 2452.5000000000005 0.063858680427074446 0.49617360532283789 0.16434264183044436 0.43916536867618566 -0.010146768763661383 0.095720686018466963 0.46823629736900335 0.14164666086435321 17.066116333007816
decision_type=2 2 2 2 2 2 2 2 2 2 2 2 2 2 2 2 2 2 2 2 2 2 2 2 2 2 2 2 2 2
left_child=1 3 14 5 8 27 10 20 9 12 22 13 24 -8 -3 -16 -15 -18 -19 -5 -7 -22 23 -4 -2 -11 -6 28 -1 -30
right_child=4 2 6 19 26 7 11 -9 -10 25 -12 -13 -14 16 15 -17 17 18 -20 -21 21 -23 -24 -25 -26 -27 -28 -29 29 -31
leaf_value=-0.11847041435526134 0.002125146392244807 0.10628570908736101 -0.10084356874718524 0.1311127786728622 0.066859084074837552 0.13234104870085814 -0.080340750754799281 -0.084812872773432524 0.10454908796082843 0.092856032151183127 -0.017929776992970346 0.1307356994887042 -0.076926270807444852 -0.023200009086262317 -0.092602550381942775 0.11988341350495352 0.11142909752710217 -0.012788651456159018 0.093128536160543271 0.011669157388064663 -0.090042917964779381 0.043109252020664422 0.11656828490743797 0.13871884744057217 0.17204582285699704 0.050008768051163548 0.12061824390933898 -0.10702743739181064 0.13400845485126667 -0.048303084334831596
leaf_weight=66.053207166492939 61.470317155122757 11.246569544076918 18.178846597671512 42.36133785545826 95.940820515155792 28.066149316728115 14.814052246510981 80.54547830671072 337.89071640372276 223.20477718114853 144.43466432392597 132.61933791637421 52.362419992685318 30.595861531794071 99.265788376331329 7.8112729638814917 209.68193928152323 63.123052418231964 54.928821071982384 47.140688076615334 23.416474632918835 76.998256735503674 50.757322549819946 10.654109030961989 11.915461331605909 391.49012152850628 848.86442160606384 310.51103452593088 9.6639598831534368 120.4910836443305
leaf_count=516 245 31 91 76 208 84 69 567 660 494 636 237 239 113 614 22 516 244 113 135 127 315 145 24 23 1007 1522 2567 50 754
internal_value=0.0490201 -0.00142942 0.0460107 -0.0513948 0.0902487 -0.06635 0.0631453 -0.00911914 0.0684228 0.0519371 0.0132651 0.0852394 -0.0146913 0.0690695 -0.0596709 -0.0771017 0.0752464 0.084437 0.036494 0.0682019 0.0383337 0.0120585 0.0698754 -0.0123225 0.0297147 0.0655672 0.115159 -0.0899583 -0.0629453 -0.0347665
internal_weight=3676.5 1653.36 848.112 805.248 2023.14 715.746 729.788 209.026 1078.33 740.443 224.025 505.763 125.748 373.144 118.324 107.077 358.33 327.734 118.052 89.502 128.481 100.415 79.5903 28.833 73.3858 614.695 944.805 506.719 196.208 130.155
internal_count=12444 8046 2855 5191 4398 4980 2188 1093 2668 2008 896 1292 507 1055 667 636 986 873 357 211 526 442 260 115 268 1501 1730 3887 1320 804
is_linear=0
shrinkage=0.1


Tree=9
num_leaves=31
num_cat=0
split_feature=50 36 50 35 36 2 38 35 2 35 36 14 35 37 34 1 5 34 39 38 38 3 36 4 47 10 51 37 36 2
split_gain=634.119 249.115 157.956 149.002 97.8811 80.8067 77.6844 69.4324 59.0864 58.3164 43.8357 43.5989 41.0821 37.5185 30.3652 30.3145 30.0579 30.0005 28.7054 25.9611 25.6022 23.0818 33.6606 28.572 22.8947 22.8214 22.6916 24.6802 22.6094 22.5898
threshold=0.55037412047386181 0.41212962567806249 0.79281362891197216 0.84093287587165844 0.3688283264636994 0.13913513720035556 0.5242428481578828 0.991814285516739 0.18018976598978045 0.49799706041812902 0.038036264479160316 21.291996955871586 0.49994093179702764 0.56019973754882824 0.94804006814956676 0.27589508891105657 1.5691289901733401 0.7978372871875764 0.66666671633720409 0.42158773541450506 0.46078906953334814 1.9797355532646181 0.85342103242874157 1.4600919485092165 0.14164666086435321 -0.091679219156503663 0.92119175195693981 0.51273727416992199 0.095720686018466963 0.082920257002115264
decision_type=2 2 2 2 2 2 2 2 2 2 2 2 2 2 2 2 2 2 2 2 2 2 2 2 2 2 2 2 2 2
left_child=1 3 4 5 7 19 11 8 12 -3 -10 -7 -2 -8 18 -13 24 -5 -6 -1 -17 23 -23 -11 -14 -12 27 -27 -4 -20
right_child=2 9 28 17 14 6 13 -9 10 21 25 15 16 -15 -16 20 -18 -19 29 -21 -22 22 -24 -25 -26 26 -28 -29 -30 -31
leaf_value=-0.030910461609720132 -0.10123031477184884 -0.048082244402257147 0.060890869951285981 -0.032292910571546346 0.043731583957993113 0.12289913492435245 -0.088908356440929481 0.12233613916037073 -0.10899131539165495 0.11872526449164689 0.14367628675300034 -0.032850953901592393 -0.051497555248497189 0.29264959587143607 0.1091255694801643 0.099648968390832149 -0.052123265439959987 0.099874493178232174 0.034836281317036262 -0.099108469109406849 -0.020335685556853195 -0.062715863377342571 0.10437098428038327 0.032598527920162469 0.031337852837462855 -0.012628731533662136 0.11436423418355256 0.059807592270522347 0.11245340213427764 0.11398403464244117
leaf_weight=67.000186316668987 39.70955840498209 39.550505414605141 94.867186546325684 21.814018771052361 253.47564008831978 30.616448998451233 139.72122140228748 74.601409837603569 15.937283262610434 153.60082614421844 30.182931080460548 135.37499146908522 38.494077935814857 2.6254858598113051 255.48441427946091 40.793493881821632 71.476698264479637 80.74685563147068 47.668531432747841 334.47243908792734 31.528808996081352 24.284610778093338 23.945618063211441 51.41008073091507 250.45883689075708 65.956789866089821 48.397757068276405 163.97100581228733 820.90565845370293 148.08645807206631
leaf_count=441 224 210 208 143 630 113 1054 146 79 325 56 780 180 9 479 112 296 217 121 2783 132 97 53 155 832 224 99 434 1522 290
internal_value=0.0450808 -0.0151066 0.0743699 -0.0415676 0.0544322 -0.0564286 -0.0234188 0.0304758 0.021018 0.0648472 0.0527308 0.011495 -0.00469566 -0.0818708 0.0816002 -0.00492702 0.00593983 0.0717634 0.065946 -0.0877272 0.0473418 0.0824842 0.0202404 0.0971275 0.0203026 0.0610852 0.0521286 0.0390286 0.107112 0.0947107
internal_weight=3597.16 1177.49 2419.67 884.694 1503.9 782.133 380.66 799.186 724.585 292.792 324.446 238.314 400.139 142.347 704.715 207.697 360.43 102.561 449.231 401.473 72.3223 253.241 48.2302 205.011 288.953 308.508 278.326 229.928 915.773 195.755
internal_count=12444 6624 5820 5784 4090 5424 2200 2570 2424 840 892 1137 1532 1063 1520 1024 1308 360 1041 3224 244 630 150 480 1012 813 757 658 1730 411
is_linear=0
shrinkage=0.1


Tree=10
num_leaves=31
num_cat=0
split_feature=50 36 34 34 50 35 47 34 36 11 38 47 37 35 10 2 23 28 36 36 40 39 5 34 35 34 34 33 16 37
split_gain=525.215 295.348 135.492 102.871 92.0893 79.3064 68.3941 52.6512 55.5985 46.555 45.2935 44.2869 39.7468 35.4276 34.9902 32.466 31.4082 29.3956 28.601 28.4088 26.3602 33.5056 24.1622 23.4406 23.211 22.8622 52.1739 34.4749 22.2196 22.1195
threshold=0.5969088375568391 0.16952410340309146 0.49996672570705419 0.98252639174461376 0.80479618906974804 0.53384494781494152 0.27349665760993963 0.99998527765274059 0.12848021090030673 0.76891297101974498 0.52338224649429332 0.1164553500711918 0.50445455312728893 0.94534042477607738 -0.086026653647422777 0.16537176817655566 0.79256787896156322 3876.0000000000005 0.063858680427074446 0.6703927516937257 1.0000000180025095e-35 0.54552870988845836 0.73254209756851207 0.82282269001007091 0.93317341804504406 0.50004315376281749 0.75076225399971019 0.55174198746681224 -0.011467012111097572 0.5002577304840089
decision_type=2 2 2 2 2 2 2 2 2 2 2 2 2 2 2 2 2 2 2 2 2 2 2 2 2 2 2 2 2 2
left_child=1 3 14 6 7 12 -1 8 16 11 17 23 20 29 -3 19 -2 -8 -19 -14 -4 -22 28 -7 -5 -13 27 -27 -20 -11
right_child=4 2 5 24 -6 9 10 -9 -10 13 -12 25 15 -15 -16 -17 -18 18 22 -21 21 -23 -24 -25 -26 26 -28 -29 -30 -31
leaf_value=-0.096079603586705364 -0.045065672366426363 0.07369351639618768 -0.093553554763687152 0.0044112923110182977 0.10107240281209307 -0.096504798073237794 0.10932995933560291 0.089627831066756258 0.054631420279830291 -0.041051120646869339 -0.084628599632393969 0.15650597802818089 -0.018756765068297904 0.12823086655611868 -0.076793188994320583 0.12226319372562172 0.07253668979288222 -0.10756685939271418 -0.043306376597227816 0.088424940706471986 -0.061260384060260055 0.11736247407002437 -0.040915673074398522 0.062143204136444953 0.12476127130163805 0.093638801440975514 0.11655221818523709 -0.033555161453960099 0.14656690426589011 0.036470210019403829
leaf_weight=360.52154434472322 97.890925049781799 17.650783240795135 55.65424520522356 33.084136426448822 844.17059321701527 18.065554484724998 27.788267038762569 343.96021321415901 630.48108422756195 55.296195276081562 65.809070691466331 59.294713117182255 92.545959711074829 30.262984052300453 123.96204620599747 32.276982501149178 29.569534286856651 21.840450175106525 8.7848899737000483 33.746728137135506 26.256515376269817 17.500698998570442 27.131263040006161 19.22317523509264 31.079094663262367 38.542677000164986 197.59757109731436 47.658874563872814 20.652426764369011 110.0812434181571
leaf_count=3177 424 50 324 97 1645 99 86 694 1542 238 533 132 445 59 841 82 93 133 47 80 168 66 136 48 56 115 435 203 69 327
internal_value=0.0414907 -0.00149339 0.0324015 -0.056913 0.0762193 0.0477577 -0.0713256 0.0571792 0.0424537 0.0683946 -0.0194418 0.0887829 0.00167945 0.0287536 -0.0580364 0.0327583 -0.0177831 0.0209535 -0.0103672 0.00988331 -0.047894 0.0101798 0.0271604 -0.0147182 0.0627059 0.100032 0.0882326 0.0233162 0.0899036 0.0105499
internal_weight=3518.38 1572.31 975.617 596.691 1946.07 834.004 532.528 1101.9 757.942 576.023 172.006 380.383 257.981 195.64 141.613 158.57 127.46 106.197 78.409 126.293 99.4115 43.7572 56.5686 37.2887 64.1632 343.094 283.799 86.2016 29.4373 165.377
internal_count=12444 8046 3712 4334 4398 2821 4181 2753 2059 1656 1004 1032 1165 624 891 607 517 471 385 525 558 234 252 147 153 885 753 318 116 565
is_linear=0
shrinkage=0.1


Tree=11
num_leaves=31
num_cat=0
split_feature=50 36 50 35 34 36 10 35 47 11 5 36 0 36 37 5 33 34 19 34 44 39 35 3 3 47 36 23 18 8
split_gain=438.858 193.982 126.434 100.162 89.9839 74.048 54.96 53.8421 46.3437 38.2181 37.1365 50.2224 44.9119 35.0124 32.8283 30.4388 27.8732 26.6566 25.4893 25.1936 25.1796 24.1931 24.1211 24.1002 22.5561 38.0853 22.2803 22.2554 20.9384 20.7669
threshold=0.55037412047386181 0.21828415244817737 0.79281362891197216 0.56747677922248851 0.88329285383224498 0.3688283264636994 -0.097762610763311372 0.991814285516739 0.27741660177707678 0.71563851833343517 0.39886161684989935 0.78174480795860302 0.060699962079525001 0.048255389556288726 0.47648090124130255 1.4337089061737063 0.91671645641326915 0.90360701084136974 0.061592832207679755 0.94804006814956676 0.13888886570930484 0.66666671633720409 0.4952696561813355 0.80071946978569042 0.31951561570167547 0.20969804376363757 0.095720686018466963 0.61296975612640392 1.1208775639533999 58.827112197875984
decision_type=2 2 2 2 2 2 2 2 2 2 2 2 2 2 2 2 2 2 2 2 2 2 2 2 2 2 2 2 2 2
left_child=1 4 5 10 6 7 -1 8 15 -6 12 18 -3 -10 -15 22 -11 23 -12 21 24 -7 -2 29 25 -8 -4 -25 -22 -5
right_child=2 3 26 17 9 19 20 -9 13 16 11 -13 -14 14 -16 -17 -18 -19 -20 -21 28 -23 -24 27 -26 -27 -28 -29 -30 -31
leaf_value=0.060578930339258458 -0.087096368079082095 -0.13367998277997378 0.046903858296960976 0.10961807241186275 0.12415308092944261 0.034581793262068616 -0.11376390813164444 0.10645045353620514 -0.070409114890604585 -0.043212362587647497 -0.1012507720240353 0.062069787907111484 0.09273989360981777 -0.10873502796714207 0.059278121534681351 -0.073372021685815483 0.11929858636362854 0.10452964662508946 -0.018846131200397246 0.095067795355672627 -0.090083113541432058 0.081714862102536284 0.012492584366176295 -0.024331838945478256 -0.07494390642771212 0.26465798132273982 0.099130704165772243 0.085590884026743599 0.098093713125595519 -0.012168289586155595
leaf_weight=28.964718744158745 26.477732889354229 10.690467894077299 91.493655979633331 63.365510359406471 31.247719347476959 251.3506945669651 4.2884661629796046 72.386874735355377 25.011391311883926 52.11878526955843 84.797344550490379 39.272293627262115 48.528339028358459 12.107887223362921 294.34413474798203 59.582300454378128 13.234009958803652 121.82801830768585 67.349975854158401 242.91799166798592 408.76394067704678 192.16142980754375 298.5287294909358 63.590223394334316 12.269889101386068 7.0016905888915062 761.7855801731348 25.929108045995235 5.9998410865664473 17.972818963229656
leaf_count=95 150 69 208 169 76 630 41 146 115 235 550 125 178 50 752 286 30 253 358 479 3846 411 1071 267 103 32 1522 81 33 83
internal_value=0.0382446 -0.0135835 0.0628928 0.029058 -0.0546699 0.0451675 -0.0728327 0.0242604 0.0159516 0.0331895 -0.0173399 -0.0387497 0.0518655 0.043355 0.0526399 -0.00766635 -0.0103037 0.0687904 -0.0647733 0.0691815 -0.0816487 0.0550032 0.00437924 0.043307 0.0189145 0.120918 0.0935306 0.00750707 -0.087361 0.0827077
internal_weight=3435.36 1107.21 2328.15 543.324 563.889 1474.87 467.289 788.439 716.052 96.6005 250.638 191.42 59.2188 331.463 306.452 384.589 65.3528 292.686 152.147 686.43 438.324 443.512 325.006 170.858 23.56 11.2902 853.279 89.5193 414.764 81.3383
internal_count=12444 6624 5820 2133 4491 4090 4150 2570 2424 341 1280 1033 247 917 802 1507 265 853 908 1520 4055 1041 1221 600 176 73 1730 348 3879 252
is_linear=0
shrinkage=0.1


Tree=12
num_leaves=31
num_cat=0
split_feature=50 36 34 34 47 50 38 40 36 5 0 23 35 36 35 23 36 39 2 36 33 10 22 37 20 38 0 24 18 10
split_gain=364.731 235.895 101.654 98.2914 82.9962 70.7565 55.5899 54.9774 62.5288 45.4541 43.6046 38.4193 34.79 40.8122 33.4587 28.3907 27.0613 25.5205 24.9621 23.9529 24.2987 23.5225 21.9381 21.906 21.6211 21.1891 20.8082 20.4626 19.8474 19.762
threshold=0.60944905877113353 0.21032182872295382 0.45733562111854559 0.99578979611396801 0.24058304727077487 0.95536723732948314 0.52844724059104931 1.0000000180025095e-35 0.74593961238861095 2.3435058593750004 0.0749383680522442 0.6328057348728181 0.991814285516739 0.47401279211044317 0.54016178846359264 0.99953573942184459 0.33003412187099462 0.57142856717109691 0.35901807248592382 0.17947402596473697 0.74752962589263927 -0.04656518250703811 86.049518585205092 0.49187718331813818 1.0000000180025095e-35 0.44016610085964208 0.47878400981426245 0.49999737739562994 0.33786441385746008 -0.091679219156503663
decision_type=2 2 2 2 2 2 2 2 2 2 2 2 2 2 2 2 2 2 2 2 2 2 2 2 2 2 2 2 2 2
left_child=1 3 28 4 21 9 11 8 14 12 16 26 13 15 23 18 -9 24 -2 20 -11 27 -7 -4 -16 -13 -6 -1 29 -3
right_child=5 2 7 -5 6 22 -8 10 -10 19 -12 25 -14 -15 17 -17 -18 -19 -20 -21 -22 -23 -24 -25 -26 -27 -28 -29 -30 -31
leaf_value=-0.02410402497624195 0.021892327856798791 0.064032386384912002 -0.11189686728857705 0.061191872688954277 -0.03178817853928096 0.10320651914433575 -0.081242982952155693 -0.10206667869786985 0.085660723675966721 -0.12831886735623499 0.096438353031418567 0.1595616241566023 0.11073672397259596 0.079055571140808661 0.18366537984370054 0.1078541044454312 0.044955376969798691 0.068238204254169307 0.084560103611397389 0.02536988269131106 0.046126081520849072 -0.094186971187453533 -0.03645616548453489 -0.014259110060627975 -0.0078697709523593267 0.03739008345670581 0.09172810048864849 0.26668145895299977 0.10956675348318923 -0.091601515650620385
leaf_weight=19.436137974262241 443.67025130987167 9.0966619998216611 30.849941283464432 80.618289023637772 103.83495868742466 461.02843190729618 83.356551520526409 17.636025100946426 125.52519300580025 22.96564844250679 258.2219622284174 22.29483637213707 128.36834105849266 420.28665927052498 6.1503788679838172 52.78776328265667 43.152164787054062 87.797330126166344 74.189805671572685 129.31844484806061 12.240825101733206 335.22239968180656 11.528290703892706 90.062733881175518 141.16238253563643 39.080868847668171 15.701563388109205 2.7641629353165618 6.1983612626790991 79.129206754267216
leaf_count=144 1250 26 202 189 588 939 750 126 274 106 674 61 246 887 10 112 121 231 161 326 29 3280 33 385 482 166 39 12 19 576
internal_value=0.0352677 0.000686242 0.034729 -0.0426958 -0.0561675 0.0667168 -0.0136753 0.0463034 0.024974 0.0545396 0.0785002 0.017457 0.0617536 0.0554082 0.0035773 0.0379916 0.00230096 0.0255618 0.0308703 0.00546111 -0.0676667 -0.0875851 0.0997994 -0.0391706 0.000126914 0.0817691 -0.0155639 0.0121017 -0.0634026 -0.0755546
internal_weight=3353.68 1597.29 894.982 702.31 621.691 1756.38 264.269 800.558 481.548 1283.83 319.01 180.912 1119.3 990.934 356.023 570.648 60.7882 235.11 517.86 164.525 35.2065 357.423 472.557 120.913 147.313 61.3757 119.537 22.2003 94.4242 88.2259
internal_count=12444 8355 3126 5229 5040 4089 1604 2505 1584 3117 921 854 2656 2410 1310 1523 247 723 1411 461 135 3436 972 587 492 227 627 156 621 602
is_linear=0
shrinkage=0.1


Tree=13
num_leaves=31
num_cat=0
split_feature=37 47 36 35 36 34 35 36 38 5 36 4 23 35 35 45 47 47 36 10 28 35 1 39 47 8 34 0 5 18
split_gain=320.127 174.67 128.693 103.052 80.2323 74.6015 42.1084 41.6737 37.873 37.5277 36.8286 42.6686 34.2209 32.083 31.406 29.798 28.3868 26.0489 25.2791 25.2294 26.2759 25.2184 24.8204 24.7391 24.3591 24.2673 26.8511 21.8568 23.4507 21.7289
threshold=0.5002577304840089 0.27349665760993963 0.28934764862060552 0.84093287587165844 0.21349106729030612 0.90360701084136974 0.49994093179702764 0.10053404793143274 0.42022998631000524 0.14462956786155703 0.94728386402130138 0.6098594367504121 0.6086956560611726 0.86209267377853405 0.66381970047950756 0.46311748027801519 0.11894196271896364 0.39512693881988531 0.58526805043220531 -0.0038591240299865599 668.50000000000011 0.57673904299736034 0.067395817488431944 0.99895629286766063 0.19683834165334704 52.245529174804695 0.8282185196876527 0.46380199491977697 2.5554753541946416 -0.10756035894155501
decision_type=2 2 2 2 2 2 2 2 2 2 2 2 2 2 2 2 2 2 2 2 2 2 2 2 2 2 2 2 2 2
left_child=3 2 5 4 8 16 -6 12 -1 24 11 22 17 27 -7 25 -2 -3 -17 20 -18 23 -4 -13 -10 -8 -27 28 -9 -22
right_child=1 7 10 -5 6 14 15 13 9 -11 -12 21 -14 -15 -16 18 19 -19 -20 -21 29 -23 -24 -25 -26 26 -28 -29 -30 -31
leaf_value=0.027856092155922746 -0.11387656382006779 -0.062362982413413474 -0.033025563670935135 0.058819626496510825 -0.08678724444242697 -0.029017076334573733 0.096830072629373237 0.067631206984658312 -0.11067816670281463 -0.10408841281769493 0.097286504741616389 -0.029421951183718622 0.077988891901367208 0.10149270481429717 0.086609573695075187 -0.050397805043757495 0.20192712426827519 0.031993382489514971 0.041271827266378458 -0.063282836246674329 -0.11607997873909659 0.040954767905742907 0.094641631207398408 0.086557124812967692 0.11521819778185423 -0.076840088302716492 0.089792402081071546 0.10913639175394051 0.014790797382169485 0.0011678259349372792
leaf_weight=28.633053779602051 51.118200093507767 47.826228402554989 17.198222517967224 114.4622838050127 53.450607940554619 34.400094278156757 55.929252229630947 716.96633434295654 7.3777861818671253 246.09658924490213 120.41504207253456 134.67825893312693 84.506282232701778 383.93797215819359 74.072474718093872 87.185153253376484 5.9050773531198493 75.360867977142334 45.929868325591087 143.57771545648575 18.016294308006763 185.74827265739441 132.94483164697886 21.300627276301384 13.523545466363428 22.603579744696617 16.90103343129158 108.97401124238968 95.13356564193964 128.84974867105484
leaf_count=137 542 240 62 350 390 126 174 1746 88 2472 249 493 227 798 175 411 30 222 123 939 145 465 304 53 65 128 40 229 257 764
internal_value=0.0325294 0.0487244 0.0177668 -0.0278644 -0.0450416 -0.0224557 -0.0068823 0.0705857 -0.0814414 -0.0931625 0.0477186 0.0355839 0.0289803 0.0772072 0.0499407 0.011805 -0.0450565 -0.00463959 -0.0187682 -0.0331854 -0.00489924 0.0160611 0.0800179 -0.0135837 0.0354809 0.0544498 -0.00555066 0.0670841 0.0614412 -0.0132152
internal_weight=3273.02 2580.93 1068.22 692.093 577.63 455.94 281.999 1512.71 295.631 266.998 612.285 491.87 207.693 1305.01 108.473 228.549 347.467 123.187 133.115 296.349 152.771 341.727 150.143 155.979 20.9013 95.4339 39.5046 921.074 812.1 146.866
internal_count=12444 8066 4347 4378 4028 2721 1266 3719 2762 2625 1626 1377 689 3030 301 876 2420 462 534 1878 939 1011 366 546 153 342 168 2232 2003 909
is_linear=0
shrinkage=0.1


Tree=14
num_leaves=31
num_cat=0
split_feature=37 47 36 34 34 36 38 50 6 36 4 36 23 23 47 34 21 35 35 7 14 1 36 28 14 35 24 22 47 1
split_gain=266.171 146.881 106.091 90.0743 62.0758 46.7148 46.718 42.269 33.1724 31.5914 35.2901 29.8672 30.5645 27.3882 27.0946 26.0808 38.2639 25.8183 22.7546 28.12 24.0498 22.1945 22.0857 26.5914 39.8845 21.7868 21.7706 21.7602 21.3965 20.5214
threshold=0.5002577304840089 0.27349665760993963 0.28934764862060552 0.91588830947875988 0.90360701084136974 0.3688283264636994 0.48156318068504339 0.95536723732948314 57.928829193115241 0.94728386402130138 0.6098594367504121 0.21585572510957721 0.64410516619682323 0.86391696333885204 0.11894196271896364 0.43399220705032354 -0.0018559632590040562 0.66381970047950756 0.69344517588615429 67.015792846679702 20.597373962402347 0.1121225878596306 0.12537489831447604 65329.457031250007 20.163693428039554 0.89486533403396618 0.31072796881198889 9.9431085586547869 0.11408868059515954 0.067395817488431944
decision_type=2 2 2 2 2 2 2 2 2 2 2 2 2 2 2 2 2 2 2 2 2 2 2 2 2 2 2 2 2 2
left_child=3 2 4 5 14 6 13 11 -5 10 29 12 -3 -1 -2 -7 -17 27 19 28 -21 -15 -16 24 -24 -10 -22 -6 -12 -4
right_child=1 7 9 8 17 15 -8 -9 25 -11 18 -13 -14 21 22 16 -18 -19 -20 20 26 -23 23 -25 -26 -27 -28 -29 -30 -31
leaf_value=-0.037410128630289759 -0.11247038243019153 0.010594418728895872 -0.02978679296080515 0.11937571892199039 0.10381339750875906 -0.11338928990509388 -0.086565557032754759 0.092203117016508018 -0.024957661603087409 0.090140185976426576 -0.079188712309648024 0.066677645080500655 0.071847678069713081 -0.1161005768153439 -0.063474810503515666 0.081297270218229911 -0.031178853190563217 0.078958569881567728 0.059775407857750144 0.07766029961132731 -0.14176947119037256 0.11947062596920775 0.2643111432709323 -0.026343700587357296 0.0089578536725135917 0.067244384793950479 0.0018448695712615648 -0.07506286446464093 0.028589230354407299 0.086501503947188432
leaf_weight=89.572227589786053 46.80230250954628 240.54626420140266 17.16327678412199 41.101231135427952 9.3548966124653798 16.588770911097527 267.1809156909585 415.25158724188805 61.498763479292393 117.13895443826914 20.539745301008224 698.28659396618605 123.17767731100321 4.8737410157918957 119.63931695371866 55.735230781137943 66.136785209178925 73.172637574374676 83.797949738800526 10.105494931340216 30.734470412135124 22.295287258923054 8.2398669198155421 139.56489328294992 23.739417031407356 43.937435701489449 16.076825007796288 24.908857710659504 178.46206176280975 131.01200318336487
leaf_count=588 542 842 62 85 23 123 2768 929 216 249 96 1619 329 47 967 145 242 175 195 24 126 64 27 750 134 100 50 103 520 304
internal_value=0.0299802 0.0448244 0.016238 -0.0261131 -0.0208006 -0.0455484 -0.0635071 0.0651517 0.043171 0.0435057 0.0323092 0.0545744 0.0313383 -0.0107342 -0.0418481 0.00424715 0.0202594 0.0454133 0.0145471 -0.000262494 -0.0622444 0.0772125 -0.0304969 -0.00749727 0.0747529 0.0134648 -0.0924467 -0.026225 0.0174651 0.0730317
internal_weight=3196.64 2527.72 1050.45 668.92 445.422 522.383 383.922 1477.26 146.537 605.031 487.892 1062.01 363.724 116.741 337.986 138.461 121.872 107.436 339.717 255.919 56.9168 27.169 291.183 171.544 31.9793 105.436 46.8113 34.2638 199.002 148.175
internal_count=12444 8066 4347 4378 2721 3977 3467 3719 401 1626 1377 2790 1171 699 2420 510 387 301 1011 816 200 111 1878 911 161 316 176 126 616 366
is_linear=0
shrinkage=0.1


Tree=15
num_leaves=31
num_cat=0
split_feature=50 36 35 47 35 34 17 38 34 8 50 0 21 18 36 47 45 35 33 47 3 37 8 40 51 5 22 37 51 35
split_gain=226.67 164.526 87.2288 61.3576 78.7878 44.1726 43.1083 42.1289 33.4327 36.5071 31.9872 30.8278 30.1159 32.5162 29.9108 29.6222 32.267 28.6444 25.2303 26.4543 24.1159 23.3972 23.2407 24.9192 26.8445 20.9181 20.8368 20.1406 20.1694 22.0239
threshold=0.68855392932891857 0.16952410340309146 0.62450289726257335 0.23797743022441867 0.98255649209022533 0.46065907180309301 34.564331054687507 0.5295795500278474 0.94533583521842968 75.007770538330092 0.95536723732948314 0.07010750845074655 -0.013348888140171765 0.001898935704957694 0.99987664818763744 0.13069383800029757 0.43055540323257452 0.91475078463554393 0.5047706961631776 0.66758605837821972 0.45316490530967718 0.61028385162353527 55.819597244262702 0.25000000745058065 0.68004357814788829 2.3037834167480473 86.049518585205092 0.47323065996170049 0.32167796790599829 0.55222728848457348
decision_type=2 2 2 2 2 2 2 2 2 2 2 2 2 2 2 2 2 2 2 2 2 2 2 2 2 2 2 2 2 2
left_child=1 3 5 4 -1 12 11 18 15 -10 25 14 13 -3 -7 -4 -17 -11 -5 20 -20 -18 -13 24 -24 -2 -12 -8 -29 -30
right_child=10 2 8 7 -6 6 27 -9 9 17 26 22 -14 -15 -16 16 21 -19 19 -21 -22 -23 23 -25 -26 -27 -28 28 29 -31
leaf_value=-0.081303790283848085 0.057655639132903252 -0.051369151435881139 -0.068594860320055503 0.059152014536468914 0.11225794738019423 -0.057849544956423742 -0.087371522326071302 -0.07003670056574722 0.10559856817505205 -0.027888682973586206 0.088990371145175814 0.071173215551253652 -0.10030706310888811 0.12824773060593705 0.10481540531031186 0.088506337555455589 0.028848370804232411 0.1005773002281125 0.023502171955845214 0.10005102101156103 -0.063293102542512233 -0.10850840188739511 -0.050563978424864188 0.16010668324172517 0.1223093644576474 0.010866495776172881 -0.050775676357417546 0.1584190074634545 -0.03263627730646787 0.024480911528803877
leaf_weight=286.6139535009861 623.30476260185242 31.426796793937683 25.772101126611233 87.238719820976257 22.694144763052464 51.629064939916134 32.237168528139591 73.976070247590542 187.39964090287685 44.498969286680222 401.26659063994884 200.89932784438133 62.202672488987446 14.837006300687788 14.473111435770987 103.37902072072029 189.6250497251749 28.455491900444031 57.445785686373711 19.501822024583817 72.302738420665264 13.268958672881125 49.321451500058174 8.9074976593255979 10.982732489705084 112.84978604316711 10.957924097776411 7.448758251965045 158.69081095606089 117.49083060026169
leaf_count=3071 1457 203 127 387 68 303 188 707 380 133 939 608 504 52 29 285 598 58 239 45 350 46 228 25 25 299 33 14 684 359
internal_value=0.027651 0.00708962 0.0266357 -0.035579 -0.067102 0.00422615 0.0140552 -0.00417335 0.0554061 0.0822345 0.062972 0.0389767 -0.0548642 0.00623478 -0.022234 0.0343702 0.0430344 0.0222188 0.0164293 -0.0085426 -0.0248647 0.0198654 0.0539563 0.0039813 -0.0190799 0.050483 0.0852751 -0.0124716 -0.00395857 -0.00833797
internal_weight=3121.1 1972.72 1352.95 619.773 309.308 760.547 652.081 310.465 592.399 260.354 1148.38 336.213 108.466 46.2638 66.1022 332.045 306.273 72.9545 236.489 149.25 129.749 202.894 270.111 69.2117 60.3042 736.155 412.225 315.868 283.63 276.182
internal_count=12444 9716 4849 4867 3139 3222 2463 1728 1627 571 2728 1218 759 255 332 1056 929 191 1021 634 589 644 886 278 253 1756 972 1245 1057 1043
is_linear=0
shrinkage=0.1


Tree=16
num_leaves=31
num_cat=0
split_feature=37 47 36 36 35 38 47 34 36 2 34 3 35 10 23 34 23 43 33 34 4 0 21 3 8 5 21 10 35 28
split_gain=198.499 111.26 100.265 71.2079 53.5969 46.7431 43.9101 40.1471 36.6582 36.6008 34.4764 34.0456 26.2723 28.0299 23.4117 22.4953 22.2563 26.255 22.2078 22.1031 25.781 21.9965 23.2549 21.2328 20.7536 19.7424 19.5378 19.4885 19.1584 19.1179
threshold=0.5002577304840089 0.4050238579511643 0.47401279211044317 0.3688283264636994 0.93317341804504406 0.52515855431556713 0.11408868059515954 0.44557882845401769 0.11292759329080583 0.1662094593048096 0.8383086919784547 0.53976240754127514 0.4952696561813355 0.0085495696403086203 0.99953573942184459 0.8282185196876527 0.79256787896156322 0.48749999701976782 0.91671645641326915 0.95485046505928051 1.587255120277405 0.083221726119518294 0.0016647015581838789 0.18197981268167499 29.395455360412601 0.20946843922138217 -0.021857650019228455 -0.035676602274179452 0.57161584496498119 3016.5000000000005
decision_type=2 2 2 2 2 2 2 2 2 2 2 2 2 2 2 2 2 2 2 2 2 2 2 2 2 2 2 2 2 2
left_child=3 2 4 5 6 9 -2 -8 16 25 -5 -10 -13 24 -3 -6 23 -18 -7 20 21 22 -4 29 26 27 -14 -1 -21 -9
right_child=1 14 19 10 15 18 7 8 11 -11 -12 12 13 -15 -16 -17 17 -19 -20 28 -22 -23 -24 -25 -26 -27 -28 -29 -30 -31
leaf_value=0.29176102241472152 -0.084433900610483725 0.062303206309833284 0.063345922757982204 -0.0058482883606970106 -0.036691341864904609 -0.089721666140154754 -0.066697538119332309 -0.13432827733292735 0.067379790158997921 0.014878136040828752 0.082560185445395159 -0.08940113017948409 0.085012500466344551 -0.011029155547821095 0.1130253490278121 0.10353675988818015 0.16277772877355554 -0.016492290760557506 0.096916878564421605 -0.039797260002348289 0.0069834869878438377 0.076152783155382098 -0.066586435931107565 -0.061482993242089307 0.046922841787286326 -0.080276944545550372 -0.099914712059874719 -0.010004317626387371 0.093412020187375905 0.13194294807834148
leaf_weight=2.661086954176425 60.543382372707129 698.54206817597151 30.915094710886478 119.75728054344654 13.633599452674387 187.04969315603375 74.515895679593086 3.5797531753778449 127.81072174757719 143.75120684504509 69.829682514071465 25.437301613390446 8.1198851838707942 224.37482865899801 104.6295351088047 71.096851602196693 11.64090923219919 27.395426370203495 6.6002828404307357 11.511466875672339 130.84312210232019 208.78048840910196 24.844259306788445 126.57711680233479 232.43713667243719 89.445925451815128 19.275018811225891 10.931782729923723 173.87768958508968 10.927776813507078
leaf_count=11 602 1773 80 475 67 2196 525 28 440 593 160 144 20 779 232 157 44 128 19 34 367 473 85 880 694 841 79 83 379 56
internal_value=0.0254743 0.0384846 0.0233824 -0.0245269 0.00475704 -0.0465839 -0.00202188 0.00357115 0.00997562 -0.0177262 0.0267148 0.0212315 0.00965822 0.0148622 0.0689108 0.0809733 -0.0298593 0.0369673 -0.0833604 0.0566507 0.0432922 0.0612508 0.00545298 -0.0483494 0.0372204 -0.0632132 -0.045102 0.0490725 0.0851406 0.0662402
internal_weight=3051.34 2421.31 1618.14 630.027 1037.37 440.44 952.635 892.092 817.576 246.79 189.587 637.455 509.644 484.207 803.172 84.7305 180.121 39.0363 193.65 580.772 395.383 264.54 55.7594 141.085 259.832 103.039 27.3949 13.5929 185.389 14.5075
internal_count=12444 8066 6061 4378 4643 3743 4419 3817 3292 1528 635 2156 1716 1572 2005 224 1136 172 2215 1418 1005 638 165 964 793 935 99 94 413 84
is_linear=0
shrinkage=0.1


Tree=17
num_leaves=31
num_cat=0
split_feature=50 36 50 34 34 35 10 34 34 20 35 36 40 1 44 2 35 7 35 39 47 51 34 36 33 17 11 38 34 15
split_gain=166.804 94.0513 70.9061 51.3075 50.4614 43.0434 40.0775 39.9431 60.362 37.3356 37.2627 34.6652 36.5978 38.1953 34.252 33.9489 33.6288 33.2983 30.2156 29.1632 28.519 25.3554 28.3962 25.1745 23.3051 23.2678 23.2197 24.0798 22.3086 24.9555
threshold=0.54228991270065319 0.17142679542303088 0.80479618906974804 0.49751566350460058 0.99998527765274059 0.86209267377853405 -0.014822236727923153 0.50004315376281749 0.49751566350460058 2.5000000000000004 0.56467068195343029 0.63476538658142101 1.0000000180025095e-35 0.086694709956645979 0.045734765008091934 0.25654400885105139 0.54489651322364818 73.614151000976577 0.78420677781105053 0.87206766009330761 0.40971365571022039 0.56925663352012645 0.86752095818519603 0.11017530784010889 0.47147168219089514 61.109796524047859 0.24701859056949618 0.45386679470539099 0.3428832888603211 -0.14929808676242826
decision_type=2 2 2 2 2 2 2 2 2 2 2 2 2 2 2 2 2 2 2 2 2 2 2 2 2 2 2 2 2 2
left_child=1 5 4 -3 6 14 28 8 -8 -9 23 12 20 -14 -1 -16 -11 -6 19 25 -5 22 24 -10 -18 -19 -17 -28 -2 -30
right_child=2 3 -4 11 17 -7 7 9 10 16 -12 -13 13 -15 15 26 21 18 -20 -21 -22 -23 -24 -25 -26 -27 27 -29 29 -31
leaf_value=0.10224892209567847 -0.061397518534203055 -0.059975029572575167 0.066260935010413302 -0.042249974866127187 0.082256228417632804 0.039245940138470367 -0.069711955502106723 0.069983502109054407 -0.087661372660502307 -0.12641117967147428 0.090877964759602844 0.073568927979741461 -0.060107399681451928 0.066626555122604555 -0.095279141469718109 0.10013438853636612 0.13999216138193324 0.038837486620436602 0.06739836150362695 -0.19078099835112078 0.052343990958929144 -0.041862653834741567 0.09740134670207215 0.030503182120674439 -0.031369804841421503 -0.090825470314809378 0.050856260756533371 -0.085478308026696023 -0.012976498816350036 0.061715138898125334
leaf_weight=11.372272241860626 19.159888312220573 82.274138789623976 647.96452194452286 140.89484114199877 226.42230236530304 42.89319996163249 54.184211958199739 41.59485948830843 20.34094376116991 32.932416938245296 110.73216804862022 114.07889768481255 28.867648039013147 134.9514318741858 210.34913022816181 13.841742806136606 8.8650165721774083 46.124441206455231 72.04541040956974 9.1289355903863889 41.189301803708076 199.54996069893241 31.813443340361118 158.67224276065826 75.763745795935392 19.772236868739128 18.740028314292431 41.967480726540089 53.390941388905048 275.83600268885493
leaf_count=82 92 714 1645 780 503 211 283 121 146 168 254 282 220 506 2883 47 22 113 165 36 134 708 70 485 289 65 69 384 183 784
internal_value=0.0234439 -0.0130769 0.0387413 0.0127572 0.026497 -0.0543806 0.0155647 0.00231462 0.0271646 -0.0195707 0.0452812 0.0257664 0.0100011 0.0442939 -0.0679355 -0.0747288 -0.0302464 0.0581919 0.0211439 -0.0232733 -0.0208518 -0.0202242 0.0168582 0.0170764 -0.0134193 -6.77628e-05 -0.0167437 -0.0433927 0.0434978 0.0496023
internal_weight=2985.71 881.42 2104.29 542.256 1456.33 339.164 1082.84 734.449 343.93 390.519 289.745 459.982 345.903 163.819 296.271 284.898 348.925 373.493 147.071 75.0256 182.084 315.992 116.442 179.013 84.6288 65.8967 74.5493 60.7075 348.387 329.227
internal_count=12444 6312 6132 2636 4487 3676 3605 2546 1168 1378 885 1922 1640 726 3465 3383 1257 882 379 214 914 1089 381 631 311 178 500 453 1059 967
is_linear=0
shrinkage=0.1


Tree=18
num_leaves=31
num_cat=0
split_feature=35 37 36 0 36 36 0 10 23 38 5 7 34 25 34 36 5 4 14 0 8 34 14 51 9 14 5 23 44 14
split_gain=149.978 130.538 60.6278 62.1842 50.3457 42.8472 38.6366 38.6752 35.4663 32.1495 31.7131 29.999 29.317 32.4505 24.9279 24.7879 22.0875 21.859 21.7026 23.2623 21.1878 23.1651 19.9759 18.6184 18.5754 18.1176 17.8576 17.4909 16.6429 16.6254
threshold=0.80105903744697582 0.5002577304840089 0.74593961238861095 0.2381362393498421 0.21349106729030612 0.12283175066113473 0.0749383680522442 -0.0042253525462001553 0.41039137542247778 0.42022998631000524 0.14462956786155703 32.514089584350593 0.49751566350460058 1.0000000180025095e-35 0.48232129216194158 0.31122367084026342 0.92559084296226513 0.65541744232177745 28.829381942749027 0.17474361509084704 61.722990036010749 0.81427484750747692 25.627758979797367 0.49999962747097021 -0.039185088127851479 23.69940280914307 0.94106611609458934 0.90909099578857433 0.13888886570930484 21.725993156433109
decision_type=2 2 2 2 2 2 2 2 2 2 2 2 2 2 2 2 2 2 2 2 2 2 2 2 2 2 2 2 2 2
left_child=1 4 3 5 9 27 -7 11 15 -1 28 -8 -6 20 17 23 24 -4 22 -20 21 -14 25 -2 -9 -18 -15 -3 -11 -13
right_child=8 2 14 -5 12 6 7 16 -10 10 -12 29 13 26 -16 -17 18 -19 19 -21 -22 -23 -24 -25 -26 -27 -28 -29 -30 -31
leaf_value=0.031270876445992975 -0.11226909768292533 -0.059150386880781551 0.099362919542657496 0.044728360713771828 -0.086248472734672371 -0.048405504286427696 -0.041040827213446034 -0.19938641686136274 0.078648980549281655 0.20320881923854017 -0.098365501962789204 0.099365122146757398 -0.03034919946560535 0.077594434772536261 0.063511825772594718 0.066254703161986325 -0.0014173068306814994 -0.16390167433726061 -0.10710496921102189 -0.0070643630317921259 -0.099738434660148381 0.12056765487966148 0.093438131607640182 0.016071631454153423 0.020604699402819188 -0.18344022653962111 -0.0035203867912497648 0.032982449716190979 -0.016139175157688569 0.040725998496516182
leaf_weight=26.596177220344543 12.319282323122023 151.5996751897037 4.8201893493533126 405.72540619596839 39.172147244215012 105.30441949516535 37.695415332913399 3.9112955927848807 445.77296015992761 4.6736948564648655 181.10154659673572 62.623124420642853 52.558834247291088 66.749453760683537 342.23612879216671 121.90732817351818 43.319966457784176 9.1233179271221143 53.558602254837751 41.064602419734001 32.749817423522472 12.61135397851467 20.269387558102608 137.08788957446814 205.36856773868203 6.2582140117883673 45.738421559333801 23.846806973218918 13.310217093676327 212.13364776968956
leaf_count=133 103 1307 14 1130 365 647 163 25 1172 21 2419 173 267 220 833 307 150 43 261 133 173 27 52 456 701 30 185 133 130 671
internal_value=0.0215738 0.00864971 0.0214093 0.0118703 -0.037766 -0.00191671 0.00799397 0.016649 0.0612989 -0.0719932 -0.0857884 0.0426141 -0.00681618 0.00797193 0.0581719 0.0327925 -0.00505755 -0.0728926 -0.0324797 -0.0636893 -0.0341198 -0.00114465 0.00980031 0.00548937 0.0164932 -0.0243939 0.0446125 -0.0466276 0.0408654 0.0540911
internal_weight=2921.21 2204.12 1728.86 1372.68 475.262 966.954 791.507 686.203 717.087 225.682 199.085 312.452 249.58 210.408 356.18 271.315 373.751 13.9435 164.471 94.6232 97.92 65.1702 69.8476 149.407 209.28 49.5782 112.488 175.446 17.9839 274.757
internal_count=12444 10406 6466 5576 3940 4446 3006 2359 2038 2703 2570 1007 1237 872 890 866 1352 57 626 394 467 294 232 559 726 180 405 1440 151 844
is_linear=0
shrinkage=0.1


Tree=19
num_leaves=31
num_cat=0
split_feature=36 37 47 34 36 38 35 35 34 0 22 3 39 28 0 20 34 34 35 35 11 5 47 0 35 38 4 28 36 25
split_gain=131.255 110.832 80.5869 41.6563 39.5485 37.1426 36.982 36.7432 26.8795 26.4797 25.0784 24.236 32.0045 27.0672 23.4718 23.0291 34.3229 51.5157 24.8708 23.5993 22.4794 22.1723 22.0089 21.0847 19.8014 19.6589 19.1339 24.3187 18.7815 18.3247
threshold=0.47401279211044317 0.49660232663154608 0.38129197061061865 0.99998527765274059 0.12700634449720385 0.42484059929847723 0.81394213438034069 0.80879724025726329 0.49751566350460058 0.055701587349176414 37.068529129028327 0.53976240754127514 0.6743888556957246 2723.0000000000005 0.15886566042900088 2.5000000000000004 0.50004315376281749 0.86752095818519603 0.57161584496498119 0.51691341400146495 0.51818886399269115 1.9272612929344179 0.12464418262243272 0.5718502700328828 0.76479884982109081 0.35875451564788824 0.27992437779903417 1014133.5000000001 0.20424277335405353 1.0000000180025095e-35
decision_type=2 2 2 2 2 2 2 2 2 2 2 2 2 2 2 2 2 2 2 2 2 2 2 2 2 2 2 2 2 2
left_child=1 5 3 4 -3 -1 28 8 -2 -6 -5 26 13 -13 -4 19 -17 22 -19 -10 -16 -20 -18 -22 -12 -24 -11 -28 -7 -30
right_child=7 2 14 10 9 6 -8 -9 15 11 24 12 -14 -15 20 16 17 18 21 -21 23 -23 25 -25 -26 -27 27 -29 29 -31
leaf_value=0.026352915186586515 -0.030557292194425281 -0.045434153829632999 -0.06441271596191056 0.060290138389592123 -0.095412868260064898 -0.1005244361728756 0.012777849996300175 0.085310038724411216 0.031925340633055674 0.13449884800329223 -0.13026357601669122 0.15236600217060681 0.029568565752719447 -0.03093123014830168 0.087658399434461798 0.067226687962436568 -0.18786060726542325 -0.073087939649728872 0.069170681383259422 0.10918574266447099 0.023866512028185627 -0.016287416364143017 -0.17376537245539145 0.07316596835267429 0.033415554223817139 -0.014785749441268323 -0.0068461979824376244 0.092295451477365745 -0.087008788649978824 -0.0039567169826362578
leaf_weight=60.793959993869066 51.320139333605766 227.20674179494381 18.188926041126251 148.05286855995655 25.844754785299301 138.56545975804329 57.616170786321163 227.13315907120705 67.417573101818562 20.705172527581453 13.426265597343447 8.3186573199927789 179.77525276690722 255.36890776082873 127.7149804495275 193.02253065258265 9.6208309158682805 17.185402616858482 155.21267051994801 95.59382426738739 273.87718382850289 37.742737010121346 8.549074709415434 126.9723564684391 16.442884176969528 86.252572752535343 67.585541196167469 39.029587142169476 52.086797013878822 54.222315199673176
leaf_count=237 235 1984 98 354 250 2096 242 581 190 73 49 23 579 1171 326 482 45 57 386 204 802 113 34 331 42 252 315 143 421 329
internal_value=0.0198302 0.00473859 0.0164007 -0.000452777 -0.00992941 -0.0449715 -0.0593061 0.050231 0.0391943 0.00359144 0.043427 0.0080743 -0.00296687 -0.0251487 0.0472795 0.0445323 0.0340306 0.0136608 0.0421878 0.0772327 0.0511231 0.0524548 -0.0437475 0.0394825 -0.0401587 -0.0291223 0.0465312 0.0294475 -0.0762667 -0.0446486
internal_weight=2860.85 1911.79 1548.51 1001.76 823.835 363.285 302.491 949.051 721.917 596.628 177.922 570.783 443.463 263.688 546.753 670.597 507.586 314.563 210.141 163.011 528.565 192.955 104.422 400.85 29.8691 94.8016 127.32 106.615 244.875 106.309
internal_count=12444 9865 6540 4983 4538 3325 3088 2579 1998 2554 445 2304 1773 1194 1557 1763 1369 887 556 394 1459 499 331 1133 91 286 531 458 2846 750
is_linear=0
shrinkage=0.1


Tree=20
num_leaves=31
num_cat=0
split_feature=34 36 47 50 35 2 8 34 34 20 0 23 6 35 35 34 33 39 35 35 34 34 33 51 48 22 35 21 50 3
split_gain=112.74 94.9713 70.3975 53.2989 40.9724 44.0816 37.7482 40.028 38.7158 34.3041 37.2325 33.5147 31.2124 29.1203 27.9601 27.4015 37.6446 26.6408 21.7175 65.3982 27.7032 28.5618 24.9996 22.1064 20.1582 20.0779 19.5478 20.772 23.2291 19.0604
threshold=0.99578979611396801 0.16952410340309146 0.23690531402826312 0.74487859010696422 0.49439077079296118 0.16434264183044436 65.253112792968764 0.50004315376281749 0.45733562111854559 2.5000000000000004 0.063012640923261656 0.64410516619682323 63.068098068237312 0.69122862815856945 0.62610542774200451 0.70165106654167186 0.55592897534370433 0.69230774044990551 0.54242816567420971 0.50001952052116405 0.50004315376281749 0.82606038451194774 0.70326969027519237 0.56772777438163768 0.35000000894069677 86.049518585205092 0.51879641413688671 -0.0018559632590040562 0.47527809441089636 0.81421905755996715
decision_type=2 2 2 2 2 2 2 2 2 2 2 2 2 2 2 2 2 2 2 2 2 2 2 2 2 2 2 2 2 2
left_child=1 2 -1 4 5 -3 8 14 -6 15 -11 -4 -2 -14 17 16 26 -8 19 -12 -20 22 -22 -23 -25 -15 27 28 -10 -7
right_child=12 3 11 -5 6 29 7 -9 9 10 18 -13 13 25 -16 -17 -18 -19 20 -21 21 23 -24 24 -26 -27 -28 -29 -30 -31
leaf_value=-0.071784914477319425 0.099854867957258009 -0.083861037335957817 -0.022668653880806917 0.056544465717693108 -0.053171128090273967 0.085112709532709038 -0.05808426795782301 -0.058805307810724954 -0.065075266556746975 -0.075125232427205452 0.070765249833130567 0.040628725151565251 0.0036408822371452342 0.057651043720751839 0.13058928372161754 0.11819390690880907 -0.040633391192236412 0.083422825689765445 0.083809703651614498 -0.087253352304078435 0.00050142695605382727 0.092299699635391419 -0.15220697691090462 0.036592280576758646 -0.10745433746587996 -0.090050099244257567 0.10311075790111662 -0.036569798287071922 0.10702838343913371 -0.037152830833103535
leaf_weight=223.89074592664838 113.94975145161152 88.027609087526798 241.19655827060342 312.09700410068035 56.849933192133904 29.512836560606956 34.551526203751564 119.02269666641951 9.8956638462841493 40.192860335111618 48.443346105515957 128.0632316917181 144.83953996002674 472.61361235380173 21.459172666072845 65.041960399597883 41.964557565748692 21.634936582297087 93.325276978313923 57.017107482999563 115.44813885167241 68.479220986366272 11.817688189446924 56.834736488759518 11.718083292245863 9.3862402588129026 73.987201582640409 28.514628313481808 37.797312166541815 22.449140291661024
leaf_count=3062 269 712 1469 843 354 102 165 517 72 222 141 521 414 1264 47 168 204 63 218 255 362 158 54 149 40 32 195 140 113 119
internal_value=0.0182562 0.00622097 -0.027542 0.0198808 0.00996512 -0.0407474 0.0169664 -0.022367 0.0264309 0.0323816 0.0171984 -0.000716448 0.0517114 0.0429596 0.0334891 0.0620911 0.0431015 -0.00359611 0.0252115 -0.0146674 0.0369716 0.0204327 -0.0136788 0.0521131 0.0119697 0.0547748 0.0664971 0.0309503 0.0713191 0.0322903
internal_weight=2800.02 2059.23 593.151 1466.08 1153.99 139.99 1014 196.668 817.328 760.478 503.276 369.26 740.789 626.839 77.6456 257.201 192.159 56.1865 463.084 105.46 357.623 264.298 127.266 137.032 68.5528 482 150.195 76.2076 47.693 51.962
internal_count=12444 10465 5052 5413 4570 933 3637 792 2845 2491 1599 1990 1979 1710 275 892 724 228 1377 396 981 763 416 347 189 1296 520 325 185 221
is_linear=0
shrinkage=0.1


Tree=21
num_leaves=31
num_cat=0
split_feature=37 35 36 47 35 36 34 47 38 33 35 5 35 8 35 3 16 7 36 21 34 23 2 23 36 50 22 40 34 34
split_gain=102.886 67.3095 50.6539 45.5473 37.5355 37.2062 35.2044 28.1941 26.6301 25.3385 23.5195 22.6208 21.3912 22.6706 20.9969 22.2128 21.9935 20.4058 21.9708 19.625 25.6182 19.4389 19.2206 17.8963 18.1663 17.5746 17.3848 17.0789 17.0157 26.7302
threshold=0.5002577304840089 0.94534042477607738 0.47401279211044317 0.47298282384872442 0.84093287587165844 0.21349106729030612 0.44557882845401769 0.09564820304512979 0.48734183609485632 0.50626683235168468 0.57282313704490673 2.5554753541946416 0.49994093179702764 74.356903076171889 0.55594977736473095 0.29078631103038793 -0.70531696081161488 70.912712097167983 0.052094919607043273 0.011602421756833793 0.92390587925910961 0.92307695746421825 0.18018976598978045 0.41666667163372045 0.20617970079183581 0.62296655774116527 41.944671630859382 0.35000000894069677 0.51180890202522289 0.71450161933898937
decision_type=2 2 2 2 2 2 2 2 2 2 2 2 2 2 2 2 2 2 2 2 2 2 2 2 2 2 2 2 2 2
left_child=4 2 3 6 5 8 -2 -8 21 10 27 -4 25 22 15 -11 -16 18 -18 -6 -21 -1 -14 24 -3 -7 -22 -9 -20 -30
right_child=1 23 11 -5 19 12 7 9 -10 14 -12 -13 13 -15 16 -17 17 -19 28 20 26 -23 -24 -25 -26 -27 -28 -29 29 -31
leaf_value=-0.046895368166093354 -0.067309474569005281 -0.015747192892699931 0.047395634650630895 0.048755710125292694 0.097223589387632273 -0.094981580643549127 -0.10830427338345792 0.0025475041947814695 -0.09384224979028237 0.096827415416473328 0.073258004421768913 -0.014297209284043089 -0.0054662681619248683 -0.080757734372250811 -0.11363217746643345 -0.075304832589778492 -0.084224596637425125 -0.024636052489946506 0.090315331782681516 -0.093580887982044711 0.070763714437240555 0.072018633275708469 0.063920250217125538 0.088993858967787345 0.070043780708890974 0.12329610393812687 -0.093311110190554158 0.084905582587469219 -0.062331013884029098 0.029513250851957891
leaf_weight=59.544267166405916 75.602674230933189 39.674650233238935 614.25549676269293 217.94073335826397 32.761686842888594 37.333693336695433 21.949746988713741 209.08048823475838 127.0750092305243 8.457554064691065 86.907914988696575 65.801326252520084 116.43834841623902 26.5535644069314 16.150556229054928 65.997430082410574 19.323572564870119 157.07560452446342 35.991861876100302 19.51520087942481 38.322121903300285 17.873306915163994 60.751816175878048 191.55781551450491 65.316344514489174 4.0930468440055838 7.7665777355432501 28.62703900411725 36.617437001317739 235.40348706766963
leaf_count=508 667 142 1678 610 123 381 271 1031 2170 45 277 206 571 122 102 407 142 552 112 104 96 84 183 525 179 9 27 151 200 769
internal_value=0.016815 0.0265051 0.0195729 0.00734247 -0.0219387 -0.0341792 -0.00170864 0.00367297 -0.0656755 0.00640505 0.0287415 0.0414263 -0.00790868 0.00541063 -0.00620456 -0.0557518 0.00116523 0.00499264 0.0192103 0.0340166 0.00245196 -0.0194418 0.0183237 0.0708069 0.0376246 -0.0734153 0.0431149 0.0124659 0.0256994 0.0171499
internal_weight=2739.76 2191.73 1895.18 1215.13 548.029 449.663 997.185 921.583 204.493 899.633 324.615 680.057 245.17 203.744 575.018 74.455 500.563 484.412 327.336 98.3656 65.6039 77.4176 177.19 296.549 104.991 41.4267 46.0887 237.708 308.013 272.021
internal_count=12444 8066 7220 5336 4378 4028 4726 4059 2762 3788 1459 1884 1266 876 2329 452 1877 1775 1223 350 227 592 754 846 321 390 123 1182 1081 969
is_linear=0
shrinkage=0.1


Tree=22
num_leaves=31
num_cat=0
split_feature=35 37 47 39 36 36 1 23 5 38 3 10 7 36 0 51 17 34 36 34 25 11 24 35 8 35 14 39 4 35
split_gain=88.8162 73.2585 39.0914 37.4476 32.923 31.1787 29.8657 28.3595 25.5575 26.8689 25.3084 24.8985 27.357 23.3777 24.2115 21.1875 25.041 21.1002 21.081 20.2149 23.2227 18.8701 18.7186 26.5654 17.0634 17.8649 16.761 16.5901 17.6561 16.4643
threshold=0.80105903744697582 0.5002577304840089 0.09564820304512979 0.99895629286766063 0.90041908621788036 0.21349106729030612 0.078363236039876952 0.41039137542247778 0.078005149960517897 0.42022998631000524 1.6370052695274355 0.0040176331531256446 32.514089584350593 0.084970615804195418 0.25604255497455602 0.73201796412467968 36.885202407836921 0.27556408941745764 0.21828415244817737 0.49751566350460058 1.0000000180025095e-35 1.2881707549095156 0.6250039041042329 0.56467068195343029 51.896814346313484 0.49994093179702764 67.733512878417983 0.14285714179277423 2.2346971035003667 0.78420677781105053
decision_type=2 2 2 2 2 2 2 2 2 2 2 2 2 2 2 2 2 2 2 2 2 2 2 2 2 2 2 2 2 2
left_child=1 5 -3 4 6 8 -4 21 -1 -10 26 12 -8 14 -14 16 18 -15 -13 -7 24 -2 23 -18 25 -21 -5 28 -6 -25
right_child=7 2 3 10 27 19 11 -9 9 -11 -12 15 13 17 -16 -17 22 -19 -20 20 -22 -23 -24 29 -26 -27 -28 -29 -30 -31
leaf_value=0.076499334059934004 0.025916078958957867 -0.084429141659918189 -0.037583587111386221 0.029095344704832583 0.047835830129015405 -0.078875372336968314 -0.035100793340734002 0.064676039494837953 0.02499112895602866 -0.088063685114195919 0.087846613389319331 -0.042385403446929197 -0.076987533636246372 -0.10588205133291927 0.059585713123416567 0.023743820859053577 -0.11184690342450861 0.047920330270642228 0.031425084359548751 -0.12866545748282382 0.035805991271332778 -0.15033847016653384 0.10254311859917049 -0.017371036605720171 -0.071177600767123761 0.046949971579642646 -0.14502178318884856 0.061607621045119049 -0.10499947835099487 -0.2002266232933605
leaf_weight=12.371862724423407 242.36146521568298 38.707930613309145 144.81130757927895 89.847554463893175 17.466128669679168 33.98027266189456 62.491517424583435 391.98583050817251 24.444466542452574 150.14019277691841 115.99106525629759 56.774560987949371 34.295908894389868 9.1359095349907857 20.885219484567642 179.90784537419677 52.046998914331198 377.30138169229031 121.5121963173151 7.0261992365121833 108.48260125890374 6.2304197624325743 8.1542031168937665 108.94357419759035 50.835740130394697 32.993139050900936 5.8911099731922141 166.1855793595314 13.325516998767851 5.157191824167966
leaf_count=89 840 404 853 322 48 365 313 1172 126 2488 297 352 305 65 66 521 337 1233 365 56 405 26 32 416 286 125 27 434 49 27
internal_value=0.0154194 0.00525923 0.0148637 0.0172808 0.0112663 -0.0319644 0.00495571 0.04792 -0.0623919 -0.0722343 0.0564362 0.0108983 0.0268268 0.03559 -0.0252966 -0.00418104 -0.0184297 0.0442842 0.00792049 -0.00758299 0.00456993 0.0214986 -0.0453822 -0.0526421 -0.0327265 0.0161172 0.0183814 0.0491155 -0.0183058 -0.0256358
internal_weight=2689.68 2049.11 1628.83 1590.12 1378.4 420.274 1181.42 640.578 186.957 174.585 211.73 1036.61 504.11 441.618 55.1811 532.497 352.589 386.437 178.287 233.318 199.338 248.592 174.302 166.148 90.8551 40.0193 95.7387 196.977 30.7916 114.101
internal_count=12444 10406 6466 6062 5416 3940 4885 2038 2703 2614 646 4032 1982 1669 371 2050 1529 1298 717 1237 872 866 812 780 467 181 349 531 97 443
is_linear=0
shrinkage=0.1


Tree=23
num_leaves=31
num_cat=0
split_feature=34 37 10 36 0 21 35 34 45 4 36 5 36 3 8 23 0 8 37 22 38 37 35 34 51 8 16 0 10 50
split_gain=78.7931 64.31 47.9957 42.7655 42.6242 30.1843 28.9387 27.9594 29.8477 23.4139 21.228 27.5932 19.7295 18.861 18.856 18.826 18.2951 18.628 22.5523 17.5926 17.4683 17.3179 17.0684 17.021 16.1416 16.0152 18.9258 16.1598 15.7351 24.7278
threshold=0.99578979611396801 0.51395753026008617 -0.047877237200736993 0.17614942044019702 0.17474361509084704 0.017923598177731041 0.69122862815856945 0.47801204025745397 0.46311748027801519 0.056980855762958534 0.56797793507576 1.0604504346847536 0.065072823315858855 0.4809893816709519 61.543508529663093 0.45027472078800207 0.054489834234118469 31.25986480712891 0.52071133255958568 86.049518585205092 0.448329508304596 0.6025168001651765 0.94534042477607738 0.35880020260810858 0.48450295627117163 76.041866302490249 0.10634331405162813 0.30011317133903509 -0.015798471868038174 0.56789252161979686
decision_type=2 2 2 2 2 2 2 2 2 2 2 2 2 2 2 2 2 2 2 2 2 2 2 2 2 2 2 2 2 2
left_child=1 2 12 9 10 -2 14 -5 13 24 11 16 -1 -9 -7 -6 -3 18 -18 22 -11 -12 25 -19 -4 -8 -27 -28 29 -13
right_child=5 4 3 7 15 6 19 8 -10 20 21 28 -14 -15 -16 -17 17 23 -20 -21 -22 -23 -24 -25 -26 26 27 -29 -30 -31
leaf_value=-0.053845353995189062 0.09060596282159207 -0.096775238292329341 0.25115843778585351 -0.088990660326789206 0.017314785888694725 0.044960687481646028 0.04994213353923891 0.0927699815770609 -0.02720480266901644 -0.029665703619469859 0.046747727095049277 -0.11116552035047561 0.054629227942722937 0.01062320794220175 -0.037132717351210535 0.054456263650699555 0.15446001410331389 -0.10382416572345284 -0.085237427402861693 -0.090051223635649491 -0.091933107139532358 -0.0090088188626544705 0.072192599529956658 0.020037006440598071 -0.0072715252566744552 0.039530832888838775 0.034242712520361811 -0.099745897830945729 -0.080101198543312171 0.076178041591130938
leaf_weight=20.096706062555313 112.52292938530445 17.863610878586769 3.5509365908801538 40.125536508858204 243.50271711871028 42.69226647913456 172.78644790500402 40.297457545995712 175.6497843451798 63.951164111495018 146.15441109240055 11.324802711606027 101.20536127313972 91.219876650720835 81.184353172779083 310.47700164467096 4.427674312144517 11.530980717390774 34.589016806334257 9.345765605568884 152.46508188545704 90.015459150075912 180.99436888843775 293.22292870283127 7.5679859220981598 48.520747318863869 13.74660140275955 26.074671976268291 76.471236821264029 18.644921526312828
leaf_count=150 291 198 23 490 781 115 483 152 849 497 386 99 433 453 256 905 23 119 189 32 2606 266 541 1247 70 132 35 94 474 55
internal_value=0.0141306 0.00388562 -0.0205021 -0.0325642 0.0173785 0.0432383 0.0339744 -0.0104865 -0.000231391 -0.066262 0.00105418 -0.0112782 0.0366577 0.0357933 -0.00884043 0.0381307 0.00189412 0.00702135 -0.0580362 0.0457222 -0.073533 0.0254963 0.0485922 0.0153505 0.0752606 0.0322342 -0.00240039 -0.053492 -0.0560314 0.00538564
internal_weight=2642.22 1954.35 696.13 574.828 1258.22 687.868 575.345 347.293 307.167 227.535 704.245 468.075 121.302 131.517 123.877 553.98 361.634 343.771 39.0167 451.469 216.416 236.17 442.123 304.754 11.1189 261.128 88.342 39.8213 106.441 29.9697
internal_count=12444 10465 5723 5140 4742 1979 1688 1944 1454 3196 3056 2404 583 605 371 1686 1776 1578 212 1317 3103 652 1285 1366 93 744 261 129 628 154
is_linear=0
shrinkage=0.1


Tree=24
num_leaves=31
num_cat=0
split_feature=36 37 47 35 35 47 38 3 36 39 18 18 1 36 7 34 14 33 15 5 22 19 37 28 19 10 22 19 36 24
split_gain=71.0335 64.4421 44.1157 40.6151 34.511 29.1677 28.5411 24.3639 35.0624 23.4934 21.9047 23.0835 21.3803 19.183 19.0323 17.4411 19.854 16.1042 15.8731 16.0105 15.5722 15.2714 14.8276 19.1972 17.7189 21.2834 14.5309 15.0793 14.3673 14.0867
threshold=0.3688283264636994 0.49585281312465673 0.66758605837821972 0.82517477869987499 0.991814285516739 0.11543626338243486 0.41488146781921392 0.37790225446224218 0.048255389556288726 0.68244272470474254 0.00016040899208746853 0.082252766937017455 0.1653593182563782 0.012540273834019901 55.173395156860359 0.88629630208015453 35.011745452880866 0.91008463501930248 -0.80116713047027577 5.2357151508331308 26.860603332519535 -0.98217806220054615 0.51574069261550914 16757016.000000002 5.2574303150177011 -0.022519337013363835 -1.9117978215217588 -1.6170722842216489 0.34936733543872839 0.48507130146026617
decision_type=2 2 2 2 2 2 2 2 2 2 2 2 2 2 2 2 2 2 2 2 2 2 2 2 2 2 2 2 2 2
left_child=1 6 4 9 5 -3 20 8 -7 10 14 26 -4 -9 15 16 -2 -8 -15 22 -1 -10 24 29 -20 -26 -12 -28 -25 -24
right_child=3 2 12 -5 -6 7 17 13 21 -11 11 -13 -14 18 -16 -17 -18 -19 19 -21 -22 -23 23 28 25 -27 27 -29 -30 -31
leaf_value=0.08024664153772014 0.010872349849629476 -0.079790268137694645 -0.12056938478669919 0.070190043142424288 0.060490348966942165 -0.050846931309771151 -0.066864352381099723 0.16921342093076497 0.10206312070165119 0.042167575405272183 0.10807631162631887 -0.0083032013737491684 0.071343133764552813 -0.11890334442529077 -0.14653760075005084 0.089117296141685912 -0.09012358064018651 0.068889874437290999 -0.038343186319078633 -0.13651060272909288 -0.048424086372390561 0.031979140074768875 0.01638086824740349 -0.050555902515802359 0.24138759915364605 -0.015421252547804158 -0.03774489919231877 0.040241543526649992 0.11651145052195962 -0.041575678733168968
leaf_weight=24.544712956994772 43.845131643116474 48.170818157494068 6.0837450549006453 222.56291321665049 90.884091474115849 37.620164595544338 208.38402750343084 6.0946039259433737 50.12165129929781 361.14893436431885 26.956423006951809 178.80299160629511 126.72405706718564 12.897977158427237 12.704353403300045 13.481728762388228 35.003714945167303 9.1208620145916921 174.42069140449166 9.4313586466014367 15.249283097684382 81.888226173818111 427.59608299285173 82.583305738866329 5.1056349240243426 8.7713899090886098 28.387977171689272 195.83311212807894 5.4896043241024008 46.49792905151844
leaf_count=98 155 716 25 679 278 327 2852 27 237 1046 73 570 365 93 74 38 162 28 1124 43 57 400 1666 345 13 43 114 568 13 215
internal_value=0.0129465 -0.00144539 0.00814344 0.0319561 0.00149942 -0.00387973 -0.0469257 -2.45863e-05 0.0343183 0.0224607 0.00915799 0.0191586 0.0625519 -0.00750395 -0.0317815 -0.0159915 -0.0339632 -0.0611716 -0.00889762 -0.00703045 0.0309393 0.0585887 -0.00540323 0.00273182 -0.0296906 0.0790639 0.0387076 0.0303679 -0.0401426 0.0106966
internal_weight=2596.41 1477.68 1220.38 1118.73 1087.57 996.689 257.299 948.519 169.63 896.164 535.015 429.981 132.808 778.889 105.035 92.3306 78.8488 217.505 772.794 759.896 39.794 132.01 750.465 562.167 188.298 13.877 251.178 224.221 88.0729 474.094
internal_count=12444 8965 5930 3479 5540 5262 3035 4546 964 2800 1754 1325 390 3582 429 355 317 2880 3555 3462 155 637 3419 2239 1180 56 755 682 358 1881
is_linear=0
shrinkage=0.1


Tree=25
num_leaves=31
num_cat=0
split_feature=34 0 8 34 36 51 47 44 6 35 34 11 18 44 35 51 35 18 16 36 12 37 39 47 14 20 39 8 10 21
split_gain=60.6937 53.6649 46.5124 61.4715 44.2538 43.3064 38.0076 37.0471 28.9359 25.3016 23.9096 23.7722 23.1231 22.9588 21.4237 20.9096 20.58 17.9256 20.0575 17.6951 17.4339 17.4024 17.0694 16.9008 16.2489 15.7126 17.6282 15.5723 15.4672 14.7579
threshold=0.99578979611396801 0.1009526588022709 56.339908599853523 0.50004315376281749 0.20424277335405353 0.58768460154533397 0.41342692077159887 0.76551026105880748 69.769073486328139 0.49439077079296118 0.8282185196876527 0.98761174082756054 0.00016040899208746853 0.45905798673629766 0.69122862815856945 0.56925663352012645 0.62610542774200451 0.045651352033019073 -0.012812837492674587 0.39267387986183172 5.5000000000000009 0.48162804543972021 0.1745574697852135 0.36597409844398504 65.100296020507827 1.5000000000000002 0.30571895837783819 29.395455360412601 -0.022519337013363835 0.0091590117663145083
decision_type=2 2 2 2 2 2 2 2 2 2 2 2 2 2 2 2 2 2 2 2 2 2 2 2 2 2 2 2 2 2
left_child=1 4 6 5 -1 -4 10 -5 -2 -6 12 20 28 -14 24 -12 21 18 27 -16 -9 -7 -21 -18 -10 26 -20 -15 -3 -11
right_child=8 2 3 7 9 16 -8 11 14 29 15 -13 13 17 19 -17 23 -19 25 22 -22 -23 -24 -25 -26 -27 -28 -29 -30 -31
leaf_value=-0.078642902002552001 0.069332439118222094 -0.00082133330587596479 -0.07625407681256588 -0.060163646897424809 -0.085772953914979994 -0.093637812932081926 0.065152265216993355 0.0035869367499815202 -0.0050445076011197748 0.01401512041922913 0.11456690959700855 -0.063880925320140294 0.098856548348740358 -0.15182519799450603 0.014638058600132712 0.014293187456019674 0.15178243026005475 -0.017451037220896214 -0.0014467005165640775 -0.028373941873550936 0.093969629917390191 0.029040683940254827 0.071398035875707505 0.052678938558216454 -0.15057063172099203 0.030960178594886197 0.15368241254541642 0.0078790181720664373 -0.061717053821141205 -0.039433957849288263
leaf_weight=122.42173787020147 204.13714826852083 133.59217941388488 36.590371944010258 224.03965920582414 37.287623941898346 12.400563739240168 209.7246552631259 73.094213074073195 88.872071944177151 224.40620176494122 42.021260410547256 36.53623721562326 36.491332305595279 8.4532206840813178 190.02693495154381 41.169854070991278 23.752396941184998 106.00319882854819 10.226400777697561 19.466019451618195 30.142178105190396 171.21307610720396 143.96768683195114 62.454039596021175 8.3975936174392682 85.542602697387338 25.820752946659923 21.98330519720912 60.643731513991952 67.10666574165225
leaf_count=2148 566 830 410 1325 361 97 663 295 266 953 105 164 141 41 581 132 66 417 70 73 85 678 459 187 34 291 92 78 583 253
internal_value=0.0118386 0.00280276 0.0121641 -0.00716531 -0.0273193 0.0258347 0.0287376 -0.0349586 0.0380976 -0.00821006 0.0153849 0.00544216 0.00694962 0.0246134 0.0239513 0.0649432 0.039679 0.0141137 0.0361228 0.0353881 0.0299762 0.0207554 0.0595145 0.0799849 -0.0176082 0.0542958 0.109673 -0.0364761 -0.019834 0.00171107
internal_weight=2557.98 1903.12 1451.9 670.223 451.222 306.41 781.672 363.812 654.867 328.8 571.948 139.773 488.757 294.521 450.73 83.1911 269.82 258.029 152.026 353.461 103.236 183.614 163.434 86.2064 97.2697 121.59 36.0472 30.4365 194.236 291.513
internal_count=12444 10465 6750 3307 3715 1438 3443 1869 1979 1567 2780 544 2543 1130 1413 237 1028 989 572 1113 380 775 532 253 300 453 162 119 1413 1206
is_linear=0
shrinkage=0.1


Tree=26
num_leaves=31
num_cat=0
split_feature=36 37 35 0 47 34 38 3 36 39 36 5 43 38 36 34 50 36 16 23 8 37 45 36 33 34 34 44 33 40
split_gain=56.0188 50.2689 40.7502 35.8769 27.3102 25.3726 22.5311 21.4035 32.5438 23.8791 22.3566 25.706 18.9409 17.6757 19.9522 20.167 17.3797 17.2485 17.2022 17.0349 16.0902 15.3907 15.0187 17.6442 14.6883 15.8361 14.4388 14.388 14.2313 14.1751
threshold=0.74593961238861095 0.49585281312465673 0.94534042477607738 0.5718502700328828 0.11408868059515954 0.49751566350460058 0.30697660148143774 0.37790225446224218 0.049635509029030807 0.99895629286766063 0.10838691890239717 2.3037834167480473 0.63749998807907116 0.49256551265716558 0.41212962567806249 0.80236420035362255 0.50445038080215465 0.012540273834019901 -0.11793434992432593 0.41666667163372045 87.059238433837905 0.44971360266208654 0.45804588496685034 0.28934764862060552 0.42857135832309728 0.96015864610672008 0.31462326645851141 0.11484187841415407 0.91008463501930248 0.65000000596046459
decision_type=2 2 2 2 2 2 2 2 2 2 2 2 2 2 2 2 2 2 2 2 2 2 2 2 2 2 2 2 2 2
left_child=1 13 3 4 22 -2 -7 8 27 10 17 16 -11 18 28 -16 24 -9 -1 -4 29 -20 23 -3 26 -26 -12 -6 -15 -18
right_child=5 2 19 -5 7 6 -8 9 -10 12 11 -13 -14 14 15 -17 20 -19 21 -21 -22 -23 -24 -25 25 -27 -28 -29 -30 -31
leaf_value=0.066339885229457426 -0.067979577371517164 -0.092869919940835904 0.016768651928074609 0.074457304654129447 0.1342174618073152 -0.11697560496310994 0.051130980291601215 0.13589700189469314 0.057349219976137893 0.051636165939018625 -0.11549349324998953 -0.05032573795179196 -0.066276326916025419 -0.07449844330922846 -0.040184012762656818 0.12372148727501553 0.010601583861542509 -0.046953585211848843 -0.099467757031472745 0.074025335329480496 -0.12479909336157909 -0.0057914984989462489 -0.12496599498805663 0.036156200741248666 -0.070540636047889016 0.04842501142876255 0.12273878639308261 -0.065505967076819271 0.075855311104550391 0.095210582561917445
leaf_weight=26.831333817914128 19.747560013085604 20.336680490523577 86.282959409058094 70.740646440535784 4.0184782929718486 8.1266448944807035 421.21991935372353 5.3434446342289439 148.37097027525306 123.36848470941186 3.4081913270056239 89.614453859627247 15.31440709531307 143.99295575916767 21.066560916602612 11.662581056356428 690.14244100265205 149.37753916345537 21.23550015874207 130.63429394364357 8.5721928998827917 100.74936438538134 23.719198737293482 22.133532552048564 66.798076158389449 13.440806560218332 10.034063611179588 35.223950903862715 6.5830865651369086 20.386149987578392
leaf_count=116 113 391 299 208 18 31 1265 21 676 383 46 350 66 2389 114 27 2301 1066 159 420 33 578 312 98 468 38 54 323 22 59
internal_value=0.0108368 0.00388897 0.0107036 0.00491858 0.00152509 0.0428515 0.0479491 0.0045274 0.0359299 -0.000399446 -0.00551779 0.000503883 0.0386154 -0.0317573 -0.0525436 0.0182215 0.00610818 -0.0406387 -0.00615356 0.0512504 0.0113861 -0.0220989 -0.0612257 -0.0256274 -0.0344057 -0.0506127 0.0623366 -0.045054 -0.0679251 0.0130291
internal_weight=2518.48 2069.38 1737.26 1520.34 1449.6 449.094 429.347 1383.41 187.613 1195.8 1057.12 902.396 138.683 332.121 183.305 32.7291 812.782 154.721 148.816 216.917 719.101 121.985 66.1894 42.4702 93.6811 80.2389 13.4423 39.2424 150.576 710.529
internal_count=12444 11035 7630 6911 6703 1409 1296 5902 1017 4885 4436 3349 449 3405 2552 141 2999 1087 853 719 2393 737 801 489 606 506 100 341 2411 2360
is_linear=0
shrinkage=0.1


Tree=27
num_leaves=31
num_cat=0
split_feature=39 28 34 37 36 6 0 2 35 43 5 16 5 38 47 33 23 35 28 34 8 51 5 17 17 23 34 17 43 24
split_gain=49.6145 42.7647 44.8442 40.0179 32.732 30.4531 29.6644 24.9476 25.7515 22.4883 24.4705 20.1024 18.7721 21.1455 20.23 19.3765 18.7658 18.3659 18.2215 19.5302 19.4696 18.1429 18.0086 17.1654 16.5877 21.386 15.5876 15.5352 15.3159 15.089
threshold=0.59735900163650524 3876.0000000000005 0.94804006814956676 0.50086095929145824 0.62504297494888317 63.068098068237312 0.08000997826457025 0.17782141268253329 0.80105903744697582 0.61250001192092907 1.1393615603446963 0.057406660169363029 3.603367924690247 0.39287693798542028 0.43916536867618566 0.50009378790855419 0.90000000596046459 0.49994093179702764 6552.5000000000009 0.81209209561347973 56.339908599853523 0.73600786924362194 2.0654056072235112 76.254421234130874 32.231760025024421 0.16666666418313983 0.36369466781616216 38.102380752563484 0.48749999701976782 0.81935986876487743
decision_type=2 2 2 2 2 2 2 2 2 2 2 2 2 2 2 2 2 2 2 2 2 2 2 2 2 2 2 2 2 2
left_child=1 28 3 11 7 -4 -5 8 9 10 16 18 14 -14 15 26 17 -2 -3 -20 -21 -15 -7 -24 -9 -26 -8 -27 -1 -19
right_child=4 2 5 6 -6 22 12 24 -10 -11 -12 -13 13 21 -16 -17 -18 29 19 20 -22 -23 23 -25 25 27 -28 -29 -30 -31
leaf_value=0.092114349271184615 -0.085176479328512619 0.10188913702381824 0.080984787541200975 -0.064297187821467788 0.055580619612055543 0.020997618490627666 -0.060298989486642557 0.071654551401691288 0.057378285517657585 -0.075916277197365573 -0.053415096933053519 -0.11789771390120787 -0.26014772009438575 -0.10861692180976966 0.041094667748858713 -0.026662536729303334 0.06779275445105902 0.016627812999794666 -0.063346761590408723 0.11310576083313657 -0.061265547071963411 0.09372659565612225 -0.018279661770340454 -0.16754866596821527 -0.069256271101596545 -0.038523339472404362 0.023621717974651801 0.037804164397787998 0.021482754266453311 -0.15389435186968756
leaf_weight=56.013003375381231 22.808493163436651 8.3801961429417116 69.663465969264507 82.275790974497795 276.44950759783387 225.03857967630029 24.818254142999649 88.60786341689527 62.884598396718502 47.728291986510158 70.937198266386986 43.440490456297994 5.4158105626702335 12.446135284379126 114.23744896799326 227.1318776383996 50.246350646018982 152.44383057020605 145.35047191753983 13.633590448647739 12.074334323406218 6.8812521398067465 58.566896863281727 8.8708366677165014 23.419315658509731 29.678076760843396 204.56652236916125 262.72450223192573 67.936038123443723 5.3720273599028578
leaf_count=282 290 46 200 703 865 710 207 279 201 242 441 578 28 63 356 1091 208 772 2050 46 103 19 197 39 118 119 867 903 372 49
internal_value=0.00990844 -0.00265033 -0.00815208 -0.0201015 0.025838 0.0215665 -0.00801387 0.0157721 -0.00153384 -0.0121326 -0.00204581 -0.0568598 -0.000237583 -0.085511 0.00345917 -0.00595863 0.0137379 -0.00129918 -0.0420831 -0.0491363 0.0312082 -0.0365753 0.00741391 -0.0379147 0.0334199 0.0226927 0.0145419 0.0300571 0.0534014 0.0108233
internal_weight=2480.04 1386.74 1262.79 900.652 1093.3 362.14 677.773 816.851 412.421 349.536 301.808 222.879 595.497 24.7432 570.754 456.517 230.871 180.624 179.439 171.058 25.7079 19.3274 292.476 67.4377 404.43 315.822 229.385 292.403 123.949 157.816
internal_count=12444 7957 7303 6157 4487 1146 3334 3622 2203 2002 1760 2823 2631 110 2521 2165 1319 1111 2245 2199 149 82 946 236 1419 1140 1074 1022 654 821
is_linear=0
shrinkage=0.1


Tree=28
num_leaves=31
num_cat=0
split_feature=36 35 47 35 38 34 34 20 35 35 34 20 34 21 35 40 33 19 5 8 34 33 21 23 21 9 2 11 16 45
split_gain=45.7712 45.7395 35.0433 32.2666 23.0555 22.7274 25.5829 55.5206 62.9362 48.7132 34.4645 27.2727 24.9535 32.3408 20.8302 22.2134 19.9287 19.9263 19.8616 18.9584 21.8531 38.3772 19.2755 17.8321 17.7897 20.2085 17.558 19.6595 22.5111 17.1016
threshold=0.16952410340309146 0.80879724025726329 0.20612581074237826 0.98255649209022533 0.53050801157951366 0.46754828095436102 0.50004315376281749 2.5000000000000004 0.56098914146423351 0.49439077079296118 0.67068862915039074 1.0000000180025095e-35 0.71721705794334423 0.0075554673094302425 0.54242816567420971 1.0000000180025095e-35 0.47147168219089514 -1.6531602740287779 0.58430269360542308 88.893951416015639 0.98895835876464855 0.67409148812294017 0.017923598177731041 0.98043999075889599 -0.01697252411395311 -0.036167712882161134 0.10179558396339418 0.4893177747726441 0.00052335899090394389 0.67956024408340465
decision_type=2 2 2 2 2 2 2 2 2 2 2 2 2 2 2 2 2 2 2 2 2 2 2 2 2 2 2 2 2 2
left_child=2 5 3 -1 18 26 9 10 -9 24 11 -8 -10 -14 15 17 -13 -11 -4 20 21 -15 -22 -20 25 -7 -2 28 -28 -19
right_child=1 -3 4 -5 -6 6 7 8 12 14 -12 16 13 19 -16 -17 -18 29 23 -21 22 -23 -24 -25 -26 -27 27 -29 -30 -31
leaf_value=-0.069468464376852099 -0.092540312216136525 0.048572078830357406 0.034394184809585449 0.095792860748047562 -0.052075896761162976 -0.13232244219021835 0.13723927123954949 -0.098097059179344137 -0.056117216562399923 -0.10566318184518886 0.10192504428005118 0.07678710616719582 0.071470036857035596 0.0091655998200387868 0.060921084601468847 0.060581684868876953 -0.057016532525531273 -0.016952292536651366 -0.017836869254503101 -0.17288866766471711 0.087232171540969516 -0.090284410533582785 0.0075414419110995242 0.067496768079502209 -0.10680618354244951 0.10203234379481758 -0.021059535911601757 -0.10978251174330154 0.10462243221955021 0.05377775808024611
leaf_weight=139.26792142167687 34.560991212725639 372.7347229719162 172.26724402792752 12.909504681825636 74.996908668428659 5.6271083429455784 12.94199728220701 74.886592470109463 69.23724015802145 16.744512252509594 77.703938439488411 14.910578835755585 68.86034943908453 106.25077321007848 234.28753229603171 85.630817521363497 43.915539566427469 91.365972561761737 240.29521807096899 6.4490100592374793 36.481002546846867 61.126162189990282 180.66695490479469 27.267274346202612 33.118822645395994 10.630823921412228 50.609002336859703 15.585873518139122 19.837211159989238 54.620566017925739
leaf_count=2580 421 1265 712 52 952 32 38 404 285 117 232 44 204 340 681 326 227 370 1136 25 101 255 560 88 270 37 257 168 98 167
internal_value=0.00905035 0.0174274 -0.0132897 -0.055449 -0.000827854 0.0091711 0.0130652 0.00121048 -0.0122941 0.0298533 0.0557774 0.00581287 -0.000149302 0.00827779 0.0395317 0.0193544 -0.0231015 -0.00233987 0.00791063 -0.00285196 -2.10743e-07 -0.0271536 0.0209295 -0.00914052 -0.0647511 0.0209187 -0.0323379 -0.00815325 0.0143317 0.00951121
internal_weight=2445.79 1778.78 667.004 152.177 514.827 1406.05 1285.46 753.43 603.958 532.026 149.472 71.7681 529.071 459.834 482.649 248.362 58.8261 162.731 439.83 390.974 384.525 167.377 217.148 267.562 49.3768 16.2579 120.593 86.0321 70.4462 145.987
internal_count=12444 6924 5520 2632 2888 5659 4715 2715 2174 2000 541 309 1770 1485 1661 980 271 654 1936 1281 1256 595 661 1224 339 69 944 523 355 537
is_linear=0
shrinkage=0.1


Tree=29
num_leaves=31
num_cat=0
split_feature=50 34 36 38 0 11 3 9 33 34 7 33 36 4 1 36 4 50 9 43 5 37 3 15 10 17 23 35 51 51
split_gain=40.4558 37.0106 33.4574 32.1362 27.7418 28.0582 20.1908 21.493 18.9047 18.7764 32.0088 22.8018 25.5045 18.7308 18.4832 17.4187 21.6979 20.1026 19.4767 18.3256 18.1518 16.7498 16.3938 22.0994 17.272 16.7185 19.2982 16.2992 20.3466 18.1779
threshold=0.95536723732948314 0.27556408941745764 0.97426244616508495 0.51959440112113964 0.07010750845074655 0.76891297101974498 0.33002923429012304 0.049717035144567497 0.85988533496856701 0.890527904033661 55.786909103393562 0.50857311487197887 0.063858680427074446 5.9837012290954599 0.41710700094699865 0.18633645027875903 0.80174806714057933 0.75014862418174755 0.076197110116481795 0.51249998807907116 0.038161845877766616 0.47204196453094488 0.49044865369796758 -0.15749633312225339 -0.014822236727923153 23.501633644104007 0.17647060751914981 0.52390658855438244 0.41646656394004827 0.49482344090938574
decision_type=2 2 2 2 2 2 2 2 2 2 2 2 2 2 2 2 2 2 2 2 2 2 2 2 2 2 2 2 2 2
left_child=1 14 3 4 -3 9 7 -2 21 11 -11 27 -13 -4 -1 18 19 -18 20 -17 -5 -7 -14 -24 -25 -26 -27 28 -6 -30
right_child=6 2 13 15 5 8 -8 -9 -10 10 -12 12 22 -15 -16 16 17 -19 -20 -21 -22 -23 23 24 25 26 -28 -29 29 -31
leaf_value=-0.10125714192057499 -0.18094813612150695 -0.042963184339299521 0.052352385166865661 0.21180825541429094 0.076351781034391469 -0.100781857404804 0.053070371899772074 0.045942503774508113 0.041379505180408373 0.09738373777421 0.017750401651720635 -0.096159484265478518 0.046774345860353186 -0.061804254979314112 0.12258340533892492 0.077142123243810298 -0.064255656797248303 0.036911910910272419 0.030884852449434633 -0.013827528609072682 -0.081633383276419821 -0.010359899970469919 -0.082349204874690093 0.036477905825447486 0.035839520658420325 -0.18799811332253386 -0.030801736737727251 0.051491522349377483 -0.050794827513347976 0.018781002859354207
leaf_weight=44.385217621922493 7.8593237772583988 102.08231932856143 192.66252971440554 2.1540802475064984 38.460868855938315 21.472632927820086 241.30899211764336 8.9063214212656003 69.512745900079608 80.120771620422602 136.41692615300417 28.569261951372027 65.882685402408242 15.531981669366358 4.0233158208429805 40.455031545832753 80.281531086191535 26.003076463937759 20.820158436894417 48.92570186778903 98.597360033541918 445.97001489251852 35.510966474190354 87.447264082729816 33.323626108467579 8.8425235338509065 66.85962026193738 184.60324200242758 56.073635021224618 113.68188963271677
leaf_count=721 32 984 580 18 145 160 911 29 214 215 443 279 298 55 15 203 485 78 106 271 1976 1703 175 304 124 56 293 654 370 547
internal_value=0.00828769 0.00379441 0.00578693 0.00160019 0.00744949 0.0109438 0.0456977 -0.0604183 -0.0072778 0.0213993 0.0472154 0.0136272 -0.00590456 0.0438359 -0.0826534 -0.0274369 -0.0089666 -0.0395045 -0.0571643 0.0273467 -0.0753596 -0.0145136 0.00275205 -0.00975013 0.00337159 -0.0231823 -0.0491633 0.0298581 0.0106781 -0.00420128
internal_weight=2406.75 2148.67 2100.26 1892.07 1574.83 1472.75 258.075 16.7656 536.955 935.793 216.538 719.256 326.436 208.195 48.4085 317.237 195.665 106.285 121.572 89.3807 100.751 467.443 297.867 231.984 196.473 109.026 75.7021 392.82 208.216 169.756
internal_count=12444 11472 10736 10101 6964 5980 972 61 2077 3903 658 3245 1529 635 736 3137 1037 563 2100 474 1994 1863 1250 952 777 473 349 1716 1062 917
is_linear=0
shrinkage=0.1


Tree=30
num_leaves=31
num_cat=0
split_feature=39 35 3 50 38 34 34 34 21 21 18 11 51 34 21 33 20 34 35 35 21 36 19 11 12 51 6 28 19 3
split_gain=38.4945 33.9624 22.1316 21.0521 19.4508 19.2054 37.2067 31.8464 55.0936 34.6284 20.9399 21.0477 18.9517 18.4806 31.7433 17.5821 23.6869 33.058 19.5797 19.4583 24.515 23.5512 18.5134 18.2567 18.1898 17.2751 17.252 16.5218 19.3585 16.3622
threshold=0.99895629286766063 0.60773387551307689 1.6370052695274355 0.50445038080215465 0.42022998631000524 0.50004315376281749 0.44557882845401769 0.94533583521842968 0.017923598177731041 -0.0081788757815957052 -0.0028353292727842923 0.75746765732765209 0.3504254966974259 0.80900925397872936 0.005000550067052246 0.50626683235168468 2.5000000000000004 0.63499143719673168 0.54016178846359264 0.49994093179702764 -0.0093173463828861696 0.23010485619306567 2.3098537921905522 1.063718378543854 1.0000000180025095e-35 0.62927982211112987 30.000004768371586 49750.000000000007 -1.1195428967475889 1.0983707904815676
decision_type=2 2 2 2 2 2 2 2 2 2 2 2 2 2 2 2 2 2 2 2 2 2 2 2 2 2 2 2 2 2
left_child=1 3 -2 4 -1 6 -3 9 -9 -7 13 -12 26 -11 -15 19 17 -17 -18 20 21 -5 -20 24 -21 -22 -6 -26 -29 -23
right_child=2 5 -4 15 12 7 -8 8 -10 10 11 -13 -14 14 -16 16 18 -19 22 23 25 29 -24 -25 27 -27 -28 28 -30 -31
leaf_value=0.03039696976197738 0.014955439759110687 -0.06235056403676445 0.069523554563736337 -0.091148123494935659 -0.095039755202922627 0.068450975652461651 0.069982180934566693 0.10154556334592831 0.01217487400502721 -0.10295441543709259 0.017327237720652477 -0.038456284912029591 -0.060517336754383678 0.090221016854483416 -0.064708459919093853 -0.047340719935617517 -0.10734946909397938 0.10054643675577209 -0.062152635969285587 0.041186683045611752 -0.098897688177993243 0.14636504616768273 0.0095157867547478736 -0.065937526364501509 0.065382874290526721 0.064005348878841864 0.080905297663026107 -0.16987100784621018 -0.014153069765318896 -0.015071671844277199
leaf_weight=36.557537350803614 154.55848837085068 25.59462340734899 143.17609954252839 11.222934162244199 7.8761806972324875 49.021879334002733 125.06283268146217 80.657593630254269 476.3521077670157 49.146614514291286 162.91375214979053 115.65597763098776 179.06281716190279 18.253571756184101 48.001846654340625 28.931579662486911 36.865561520680785 31.651590226218104 70.839662160724401 232.1740357670933 45.55060032568872 15.74527219310403 73.380382355302572 23.07157745398581 21.931656839326024 7.5951732713729134 19.057512413710356 9.1210921909660083 64.012976130470634 10.441693242639301
leaf_count=219 729 229 481 96 103 235 431 245 1596 532 572 581 2790 58 294 189 279 98 351 860 447 35 255 107 85 27 106 78 295 41
internal_value=0.00757014 0.00274697 0.0411964 -0.0115187 -0.0368242 0.0142161 0.0475007 0.00920153 0.0251162 -0.0108092 -0.0206715 -0.00583284 -0.0487537 -0.0564906 -0.0220249 -0.00252589 -0.0242037 0.0299227 -0.042312 0.00935719 -0.0319636 0.0300518 -0.0256871 0.0200386 0.0261003 -0.0756169 0.0294539 -0.0107445 -0.0335738 0.0819944
internal_weight=2373.49 2075.75 297.735 925.09 242.554 1150.66 150.657 1000 557.01 442.994 393.972 278.57 205.997 115.402 66.2554 682.536 241.669 60.5832 181.086 440.867 90.5557 37.4099 144.22 350.311 327.24 53.1458 26.9337 95.0657 73.1341 26.187
internal_count=12444 11234 1210 6461 3218 4773 660 4113 1841 2272 2037 1153 2999 884 352 3243 1172 287 885 2071 646 172 606 1425 1318 474 209 458 373 76
is_linear=0
shrinkage=0.1


Tree=31
num_leaves=31
num_cat=0
split_feature=35 36 47 37 47 23 14 40 45 34 4 0 5 38 3 3 47 0 8 4 45 7 28 0 34 1 5 13 18 36
split_gain=36.8124 28.836 30.6192 29.1548 18.3902 17.0905 16.4065 15.6931 15.3104 20.3395 15.8875 15.5656 16.5842 15.2794 29.5679 14.6088 15.1795 14.2876 14.0393 13.8066 13.4354 18.4346 13.3225 13.0328 16.4054 14.3126 13.0574 12.6574 17.5806 12.6557
threshold=0.94534042477607738 0.38881762325763708 0.66758605837821972 0.48988002538681036 0.16082771867513659 0.41666667163372045 58.705955505371101 0.25000000745058065 0.49997071921825414 0.46754828095436102 3.0784620046615605 0.090788953006267561 2.0654056072235112 0.42970757186412817 0.48550373315811163 1.5069921612739565 0.10475458577275278 0.17589507251977923 65.683372497558608 2.3676873445510869 0.81370157003402721 69.232070922851577 16757016.000000002 0.25955276191234594 0.84790006279945385 0.22386794537305835 3.603367924690247 23.837980270385746 0.029825890436768535 0.92744082212448131
decision_type=2 2 2 2 2 2 2 2 2 2 2 2 2 2 2 2 2 2 2 2 2 2 2 2 2 2 2 2 2 2
left_child=1 2 3 -1 13 23 22 -8 10 -10 15 -11 17 14 -5 -3 -17 18 -13 -20 -14 -22 -6 24 -2 -25 -27 28 -15 -12
right_child=5 8 -4 4 6 -7 7 -9 9 11 29 12 20 27 -16 16 -18 -19 19 -21 21 -23 -24 25 -26 26 -28 -29 -30 -31
leaf_value=-0.057249174106612732 -0.039355392376073536 0.061049055869565397 0.048664087810406279 0.091735969954358995 0.011041513154747207 0.061809340037546949 -0.046706107969150312 0.037537880190539878 -0.079173966598503065 -0.030917837836786782 -0.18221502481178231 0.017457581186263959 0.0082244576172014316 -0.080629628066261116 -0.049023569386465404 -0.11161738141908902 0.024222116855154598 0.046686552817133659 -0.021888001861820564 -0.2092272197703626 -0.21505320462920824 -0.031961841644898084 -0.03007293361549733 -0.17366681460037303 0.095602162021360348 0.01186726263549065 -0.14318458518091473 -0.092257613123786206 0.084780267607170778 0.043172378683111801
leaf_weight=126.30600965209305 12.891358509659765 151.21659286506474 89.912952212616801 22.220488140359521 615.02483948878944 163.67518366128206 118.94131872244179 27.1617885325104 25.99756277166307 75.002048261463642 5.8606603443622571 160.66772955283523 61.881102673709393 14.757942680269482 45.442709382623434 8.9497823789715749 101.76766115427017 191.61505422741175 15.180096119642259 5.3100698664784423 6.985408052802085 25.846385508775711 90.396795000880957 5.2594956234097472 29.894841551780701 59.73981998115778 5.9744437634944907 58.750598143786192 11.38068353384733 4.3333662450313568
leaf_count=2190 74 483 314 150 3042 615 546 156 168 270 30 498 199 260 423 45 338 642 56 25 35 98 389 24 93 220 26 945 74 16
internal_value=0.00692018 0.00231662 -0.00750094 -0.0119684 -0.00627241 0.0411174 -0.000544179 -0.0310444 0.0165685 0.00723118 0.0360745 0.011372 0.0181568 -0.0382466 -0.00279836 0.0408412 0.0132416 0.0276507 0.00751608 -0.0704374 -0.0192096 -0.070917 0.00577287 0.0113464 0.0549398 -0.0149337 -0.00222935 -0.0665015 -0.00861063 -0.0864054
internal_weight=2338.34 2060.91 1220.3 1130.38 1004.08 277.435 851.525 146.103 840.614 568.485 272.128 542.488 467.486 152.552 67.6632 261.934 110.717 372.773 181.158 20.4902 94.7129 32.8318 705.422 113.76 42.7862 70.9738 65.7143 84.8892 26.1386 10.194
internal_count=12444 11392 8489 8175 5985 1052 4133 702 2903 1991 912 1823 1553 1852 573 866 383 1221 579 81 332 133 3431 437 167 270 246 1279 334 46
is_linear=0
shrinkage=0.1


Tree=32
num_leaves=31
num_cat=0
split_feature=35 36 50 44 34 10 18 21 10 34 34 20 35 35 34 35 51 51 20 18 23 34 34 17 34 33 35 51 15 38
split_gain=30.9682 27.6152 23.4745 32.1529 22.8124 22.8658 21.3826 31.5941 19.4199 19.2787 19.569 24.8344 44.7408 21.8934 21.3854 15.7169 16.7167 15.2407 14.9536 19.1645 14.8056 14.6511 14.4668 16.6741 14.3714 22.3536 20.8219 18.8457 17.1262 16.9267
threshold=0.94534042477607738 0.10838691890239717 0.57298192381858837 0.045734765008091934 0.27556408941745764 -0.014822236727923153 6.2629333115182831e-05 -0.0025221452815458174 -0.049274481832981103 0.48982921242713934 0.51180890202522289 2.5000000000000004 0.56596034765243541 0.56467068195343029 0.65202856063842785 0.4952696561813355 0.41385763883590704 0.50420486927032482 1.5000000000000002 -0.013920010533183811 0.41666667163372045 0.80236420035362255 0.94533583521842968 56.409343719482429 0.99188095331192028 0.67566880583763134 0.79799938201904308 0.56654411554336559 -0.0009990124963223932 0.36291754245758062
decision_type=2 2 2 2 2 2 2 2 2 2 2 2 2 2 2 2 2 2 2 2 2 2 2 2 2 2 2 2 2 2
left_child=1 2 3 -1 -3 15 22 -8 -5 -9 13 14 -13 -11 -12 16 -6 -18 -17 21 -2 -20 -7 -24 25 28 -27 -26 -14 -30
right_child=20 4 -4 8 5 6 7 9 -10 10 11 12 24 -15 -16 18 17 -19 19 -21 -22 -23 23 -25 27 26 -28 -29 29 -31
leaf_value=0.12715064842202115 0.01044963553175709 -0.074888018656830826 6.2629294632152117e-05 0.0055786825594191973 0.056036221013748645 -0.04697215828335552 0.082996959510793944 -0.072211714401547264 -0.085130354004131867 0.0031567222847452658 -0.038590301525337649 -0.090280368991342008 -0.12755792025345783 0.056132088846865116 0.10782297839028013 0.067893606932917724 -0.10203719023711025 0.020767161797624067 -0.049871525741042609 0.039066806291742057 0.057925766119457212 0.032538654399613405 0.077269872475052181 -0.11318748641513839 0.12268235131351868 -0.10270270340539776 0.0074840441353022924 0.0080308861417526731 -0.11762058848747869 0.017806157867907332
leaf_weight=9.2166853006929141 112.67286203429103 33.220253691077232 177.10786584764719 30.047038154676557 20.005397627130151 128.98638927564025 51.441687164828181 33.268265483900905 110.02914540842175 185.63632245548069 14.171990340575574 62.72798577696085 9.699794724583624 134.56163877621293 33.694035781547427 100.59420341253281 26.243535900488496 16.434616466984153 52.070780722424388 226.28331588022411 157.5138485468924 36.832574121654034 20.402252927422527 5.9335484430193892 15.123151674866675 49.038250122219324 26.37339249253273 275.73628807812929 9.844069089740513 147.75528625398874
leaf_count=69 437 487 780 251 85 1144 240 318 2359 819 76 389 39 419 95 424 218 92 301 735 615 130 65 27 42 230 87 903 40 528
internal_value=0.00631114 0.00210237 -0.0245594 -0.0537687 0.00717348 0.0087934 0.0014464 0.00657336 -0.0656728 0.00263266 0.00521462 -0.00482865 -0.0103917 0.0254194 0.0644735 0.0272873 -0.0193909 -0.0547474 0.0343246 0.0236108 0.0381273 -0.0157291 -0.0331819 0.0343592 -0.000999733 -0.0189657 -0.0641676 0.0139922 0.00140947 0.00934705
internal_weight=2312.67 2042.48 326.401 149.293 1716.08 1682.86 1204.39 1049.07 140.076 997.63 964.362 644.164 596.298 320.198 47.866 478.464 62.6835 42.6782 415.781 315.187 270.187 88.9034 155.322 26.3358 533.57 242.711 75.4116 290.859 167.299 157.599
internal_count=12444 11392 3459 2679 7933 7446 5461 4225 2610 3985 3667 2429 2258 1238 171 1985 395 310 1590 1166 1052 431 1236 92 1869 924 317 945 607 568
is_linear=0
shrinkage=0.1


Tree=33
num_leaves=31
num_cat=0
split_feature=39 36 3 35 3 8 19 36 50 44 4 22 36 2 8 35 44 28 50 4 35 18 5 19 10 3 5 3 47 23
split_gain=29.8599 27.7766 22.9796 22.8515 18.9253 17.903 17.7457 19.8926 18.8045 19.7483 17.2491 16.2733 15.6401 14.7494 18.0312 20.6771 17.0524 14.7039 18.3838 14.9913 25.9931 14.3062 14.1735 16.1268 13.7812 13.6056 25.5401 19.0007 17.8746 16.7504
threshold=0.99895629286766063 0.10053404793143274 0.37790225446224218 0.63697919249534618 1.6370052695274355 92.927871704101577 13.694492816925051 0.010121279861778023 0.58322381973266613 0.11484187841415407 0.48368565738201147 -6.4025657176971427 0.47401279211044317 0.18018976598978045 59.568895339965827 0.49439077079296118 0.83161738514900219 19658421.000000004 0.64053723216056835 0.96931579709053051 0.50414219498634349 -0.0046070802491158238 2.2517409324646001 -4.010169029235839 0.025698233395814899 0.42235073447227484 1.5028921961784365 0.79325756430625927 0.34059993922710424 0.17647060751914981
decision_type=2 2 2 2 2 2 2 2 2 2 2 2 2 2 2 2 2 2 2 2 2 2 2 2 2 2 2 2 2 2
left_child=1 6 10 12 -2 -5 7 -1 9 11 -3 -9 13 14 15 -4 21 19 -19 20 -15 -17 23 -14 -18 26 29 -27 -29 -10
right_child=4 2 3 5 -6 -7 -8 8 25 -11 -12 -13 22 17 -16 16 24 18 -20 -21 -22 -23 -24 -25 -26 27 -28 28 -30 -31
leaf_value=0.063456383906763378 0.011785744927067734 0.083614862033774065 -0.087158903881095998 0.016756380626850264 0.06360657934503651 -0.14519407128083081 -0.30352164235040502 -0.085097508820795864 -0.043059754768904827 -0.069585857530145345 0.016227655781083618 0.16873895413322249 -0.10096413251154775 0.055855906793410015 -0.076599497689051471 -0.071565397389112939 0.11178673223036642 -0.018839135856379943 -0.23054750873580376 0.051494914237468728 -0.059866827930467763 -0.0026721767739683131 -0.053252205136188682 0.020373959993450295 -0.034607323519558031 -0.089290856979026306 -0.13954850810592812 -0.066638252721401087 0.038683385668500575 0.11715257147312402
leaf_weight=23.892186485230923 149.78800895623863 62.415846673771739 38.275298530235887 738.68953211046755 133.09648425504565 6.8895928263664237 2.2905874066054812 4.082365533336997 8.7436054125428182 124.7348772874102 97.043868185952306 6.6230925563722831 11.417539322748778 32.344306016340852 74.132648216560483 39.645156990736723 19.595012152567509 15.660925047472121 5.5570865646004668 62.92490123771131 48.536351500079036 125.74598233774304 33.630346091464162 269.52250048518181 9.5714219361543638 32.452844753861427 6.5030445531010619 24.404631692916155 47.432978831231594 25.727422699332237
leaf_count=132 729 329 644 2788 481 30 12 53 36 2339 542 42 73 143 641 432 60 79 25 226 256 716 137 888 41 172 38 153 137 70
internal_value=0.00575902 0.00145475 0.00647621 0.00271611 0.0361673 0.0152599 -0.0262241 -0.0241388 -0.0315945 -0.0583992 0.0426044 0.0719422 -0.0091741 -0.020686 -0.0336473 -0.0199716 -0.00675387 0.00342378 -0.0742864 0.0148897 -0.0135891 -0.0191863 0.00809863 0.0154427 0.0637452 -0.00660251 0.0422229 -0.0257853 0.00290358 0.0765146
internal_weight=2281.37 1998.49 1691.6 1532.14 282.884 745.579 306.888 304.597 280.705 135.44 159.46 10.7055 786.559 471.989 306.966 232.833 194.558 165.024 21.218 143.806 80.8807 165.391 314.57 280.94 29.1664 145.265 40.9741 104.29 71.8376 34.471
internal_count=12444 11234 8050 7179 1210 2818 3184 3172 3040 2434 871 95 4361 3263 2534 1893 1249 729 104 625 399 1148 1098 961 101 606 144 462 290 106
is_linear=0
shrinkage=0.1


Tree=34
num_leaves=31
num_cat=0
split_feature=39 28 37 35 0 18 10 5 9 13 14 11 5 23 13 34 19 15 10 34 23 34 34 47 16 33 34 28 9 36
split_gain=26.3661 27.9284 25.6928 18.9402 17.0698 16.5198 21.5266 14.6062 15.2723 19.509 14.8023 14.6653 14.2477 15.1912 14.2175 14.0747 13.6034 15.2008 17.5503 14.1065 13.3352 13.6145 15.1996 14.6995 12.7714 19.9278 18.9257 12.9448 13.9314 12.3453
threshold=0.59735900163650524 3876.0000000000005 0.49830476939678198 0.8303072750568391 0.08000997826457025 -0.071311835199594484 -0.0075749140232801429 1.8026875257492068 0.13123033195734027 39.655548095703132 38.572353363037116 1.3364142775535586 0.59425494074821483 0.47536407411098486 58.079231262207038 0.93540886044502269 10.244598865509035 -0.14929808676242826 -0.05228926055133342 0.94804006814956676 0.083333358168602004 0.99188095331192028 0.77070298790931713 0.47298282384872442 0.051182953640818603 0.81106096506118786 0.82606038451194774 10170.500000000002 0.0060698166489601144 0.15937063097953799
decision_type=2 2 2 2 2 2 2 2 2 2 2 2 2 2 2 2 2 2 2 2 2 2 2 2 2 2 2 2 2 2
left_child=1 -1 24 5 15 12 -7 8 9 10 -6 -9 13 -2 -5 -4 17 19 -19 -11 -20 22 -22 -24 26 -26 27 -3 -29 -30
right_child=3 2 4 14 7 6 -8 11 -10 16 -12 -13 -14 -15 -16 -17 -18 18 20 -21 21 -23 23 -25 25 -27 -28 28 29 -31
leaf_value=0.042999473129324235 -0.12002233151681221 0.069501587733129866 -0.059763435567261082 0.063262882591379244 0.01228241718875351 0.038213366877213537 0.002203047319626502 -0.018724485025383736 0.050158184944449784 -0.12956004447490443 0.078790634288116709 -0.16913625629062831 -0.10275317434946317 0.045617791961513249 0.0051453907106784593 0.059943875058417508 -0.156951884610145 0.063140522913079575 0.047232947331591488 0.085414882451829238 -0.018392216406917825 0.011185273192345711 -0.1129826563538535 0.048545137422317926 -0.11122279682382355 0.025136874186918207 0.03532519390410542 -0.086347625373119699 -0.1138231570730695 0.015310326386816642
leaf_weight=113.55906135775149 7.4689132478088167 9.00487372279167 75.381249874830246 135.71580744162202 294.2108604349196 250.93790999706835 490.47069702018052 149.16583281010389 78.451567932963371 17.930623374879364 37.758751224726439 6.7767484635114661 22.978479692712426 21.403972061350942 61.018055748194456 11.293485667556523 6.6627267785370341 32.433397576212883 29.487728657200933 3.6786639988422385 82.998727409169078 68.482227809727192 39.570730151608586 6.5691808313131324 46.016746544279158 13.971308305859564 38.784009948372841 60.99514443334192 9.431067103520034 34.431959897279739
leaf_count=654 85 74 771 519 1359 1078 2242 614 268 131 153 31 194 111 258 37 30 112 121 11 459 224 230 20 602 52 187 1287 287 243
internal_value=0.00523567 -0.00431807 -0.0089764 0.017463 -0.00188134 0.0105748 0.0143911 0.00240934 0.00858915 0.00332739 0.0198472 -0.0252609 -0.0439939 0.00276957 0.0452374 -0.0441659 -0.0157268 -0.0123801 -0.00567071 -0.0929637 -0.0154977 -0.0248579 -0.0439716 -0.0899851 -0.0403701 -0.0794644 -0.0250066 -0.0455569 -0.0554377 -0.0124549
internal_weight=2257.04 1267.05 1153.49 989.994 940.853 793.26 741.409 854.178 698.235 619.784 331.97 155.943 51.8514 28.8729 196.734 86.6747 287.814 281.151 259.542 21.6093 227.109 197.621 129.139 46.1399 212.635 59.9881 152.647 113.863 104.858 43.863
internal_count=12444 7957 7303 4487 4571 3710 3320 3763 3118 2850 1512 645 390 196 777 808 1338 1308 1166 142 1054 933 709 250 2732 654 2078 1891 1817 530
is_linear=0
shrinkage=0.1


Tree=35
num_leaves=31
num_cat=0
split_feature=50 34 15 36 38 0 20 34 34 34 51 35 35 35 34 9 35 4 3 1 5 36 36 33 7 5 33 35 40 21
split_gain=23.5688 23.0725 23.0824 21.673 20.1507 17.2776 18.7273 43.5215 18.1766 33.2798 32.3554 23.8969 24.0637 20.2091 16.9853 16.8916 16.1883 15.928 15.778 15.5077 15.0915 15.0437 18.0035 15.7687 14.9563 15.3989 14.7006 19.6904 14.6084 14.4678
threshold=0.95536723732948314 0.27556408941745764 13.313772678375246 0.97426244616508495 0.51959440112113964 0.07010750845074655 2.5000000000000004 0.67068862915039074 0.50004315376281749 0.8282185196876527 0.56654411554336559 0.57282313704490673 0.50001952052116405 0.54016178846359264 0.49996672570705419 0.024811034090816978 0.991814285516739 5.9837012290954599 0.33002923429012304 0.41710700094699865 0.42452041804790502 0.091765530407428755 0.53443932533264171 0.43401001393795019 68.186542510986342 1.3502478599548342 0.4747652411460877 0.49439077079296118 0.25000000745058065 0.038957277312874801
decision_type=2 2 2 2 2 2 2 2 2 2 2 2 2 2 2 2 2 2 2 2 2 2 2 2 2 2 2 2 2 2
left_child=1 19 3 4 5 -3 7 26 11 15 -11 12 28 -14 -13 20 24 -5 -2 -1 -10 -17 23 -23 -12 -26 -7 -28 -8 -16
right_child=18 2 -4 17 -6 6 8 -9 9 10 16 14 13 -15 29 21 -18 -19 -20 -21 -22 22 -24 -25 25 -27 27 -29 -30 -31
leaf_value=-0.093540373703000779 -0.05916904476136451 -0.03706461681938903 -0.19846733302451564 0.043913305292413378 -0.024367718782345033 0.046010140031875424 0.018376397329089449 0.10535719311612771 -0.13209202993884761 0.069611838603343607 0.0098810276651297366 -0.057878180138337745 -0.086022007305695147 0.0045253089187317855 0.096204368185596731 -0.11821854645838742 0.037280749262100003 -0.062921168274155143 0.042580906014700722 0.11562876943574635 -0.046143990187280465 0.18678491933315011 -0.088921987254965945 0.0085972281528625093 -0.00954852042861256 -0.063885272766774012 -0.06743399038746814 0.013245964805908048 0.12933540373358188 0.027760838921159409
leaf_weight=36.674746483564377 16.424635969102383 93.106266432441771 5.679736863821744 175.75013352185488 285.43778213951737 78.471918671391904 71.642719734460115 60.452777174301445 28.882015472277999 69.145563885569572 182.86582361999899 12.543845742940901 44.109584147110581 55.868422931991518 66.104338655248284 12.240986404940484 81.595476027578115 15.158943399786947 211.29009578377008 3.9236832428723565 69.808722341433167 5.3415415436029425 18.483589455485344 70.712550489231944 150.04719815589488 79.944153154268861 40.179188510403037 122.40522594936192 14.220403948798774 57.96688349545002
leaf_count=721 61 979 38 580 3130 439 302 214 210 230 638 60 274 228 184 107 287 55 911 15 427 13 68 282 518 304 332 616 46 175
internal_value=0.00475201 0.00129566 0.00283491 0.0034175 -3.22568e-05 0.00464177 0.00742931 0.0294902 0.00133547 -0.00702043 0.00553978 0.0212645 -0.00207616 -0.0354235 0.0530155 -0.0414728 -0.00342023 0.0354302 0.0352419 -0.073325 -0.0712968 -0.0139078 -0.000401387 0.021112 -0.0114642 -0.0284358 0.0104641 -0.00669232 0.0367531 0.0642271
internal_weight=2236.48 2008.76 1968.17 1962.49 1771.58 1486.14 1393.03 301.509 1091.52 769.068 563.598 322.456 185.841 99.978 136.615 205.469 494.453 190.909 227.715 40.5984 98.6907 106.779 94.5377 76.0541 412.857 229.991 241.056 162.584 85.8631 124.071
internal_count=12444 11472 10736 10698 10063 6933 5954 1601 4353 3084 1977 1269 850 502 419 1107 1747 635 972 736 637 470 363 295 1460 822 1387 948 348 359
is_linear=0
shrinkage=0.1


Tree=36
num_leaves=31
num_cat=0
split_feature=39 34 36 3 19 5 36 47 45 16 33 0 3 3 50 10 18 1 33 9 19 47 8 4 4 9 8 37 5 45
split_gain=21.9622 21.2322 20.1725 20.3843 22.5446 17.2632 17.167 20.4564 19.5626 16.4976 19.4357 22.601 16.2051 14.5237 20.3187 14.238 14.8923 13.8735 13.7265 13.3187 13.0492 17.9888 17.4729 16.9632 13.0273 15.7079 24.091 12.4358 17.119 14.3332
threshold=0.99895629286766063 0.27556408941745764 0.11729690805077554 0.45942354202270513 -5.2712817192077628 7.4598934650421151 0.74593961238861095 0.10475458577275278 0.56740072369575512 3.7845661640167241 0.7759687900543214 0.26583847403526312 1.6370052695274355 1.4683335423469546 0.93454411625862133 -0.055443512275815003 0.036310765892267234 0.41710700094699865 0.44454695284366613 0.049717035144567497 -1.7510902881622312 0.53798487782478344 77.711086273193374 2.5147252082824711 0.82194697856903087 0.14501908421516421 69.532043457031264 0.53855520486831676 0.95957264304161083 0.90168875455856334
decision_type=2 2 2 2 2 2 2 2 2 2 2 2 2 2 2 2 2 2 2 2 2 2 2 2 2 2 2 2 2 2
left_child=1 17 9 24 -5 6 7 -6 -8 10 15 -12 20 27 -15 -3 -17 -1 -10 -13 -2 22 23 -22 -4 26 -26 28 -9 -29
right_child=12 2 3 4 5 -7 8 13 18 -11 11 19 -14 14 -16 16 -18 -19 -20 -21 21 -23 -24 -25 25 -27 -28 29 -30 -31
leaf_value=-0.098514068044552094 0.083814257613611096 0.020634637529895819 0.057774093789882464 -0.08890734662268103 -0.090783864173535789 -0.11732475940827816 0.063607412908929697 0.017117087314356804 -0.11701195069224074 -0.1976617827554269 0.075935252350509741 -0.099852158206670802 0.057539634897736669 -0.023240571308712217 0.043877347677044265 -0.068696781003518989 -0.013998390545581125 0.10125088975907737 0.014053127034727723 0.011856228944732261 -0.0011598136007106524 0.065483784129999292 -0.17154787919731332 -0.18843828445554428 0.019429082719036501 0.11508528109543877 -0.11767031946599103 0.03190215910945763 -0.026577320982451753 -0.094957135479884436
leaf_weight=31.305779591202736 19.881155544891953 42.192106727510691 118.22280078195035 26.542403429746628 24.639037057757378 11.593851266428826 96.373834319412708 215.31074381340295 8.3593577295541746 5.1538418494164935 41.943646119907498 15.744510088115929 124.4210562556982 327.7399027692154 52.302439957857132 107.15234753675759 92.955447626300156 3.9108397774398318 181.20410439372063 33.135429859161377 85.123559998348355 29.245072290301323 7.4090525712817898 5.127874292433261 61.831190140917897 11.739072412252424 16.16842782497406 252.33690347708762 153.65521281491965 9.2321548834443075
leaf_count=677 102 240 603 265 335 51 310 1122 33 37 203 82 481 1282 226 2097 670 16 665 106 442 108 46 31 300 31 87 857 897 42
internal_value=0.00433399 0.000609071 0.002031 0.00681112 0.00235031 0.00416776 0.00523392 -0.000756958 0.0269235 -0.0201155 -0.0173686 0.0220839 0.0309892 0.001438 -0.0140036 -0.032157 -0.0432879 -0.07633 0.00827343 -0.0241257 0.00848428 -0.00331699 -0.0239198 -0.0118005 0.0359681 0.00724073 -0.00899005 0.0107451 -0.00107937 0.0274246
internal_weight=2211.95 1940.75 1905.53 1567.25 1359.29 1332.75 1321.15 1035.22 285.937 338.277 333.123 90.8236 271.208 1010.58 380.042 242.3 200.108 35.2166 189.563 48.8799 146.787 126.906 97.6605 90.2514 207.961 89.7387 77.9996 630.535 368.966 261.569
internal_count=12444 11234 10541 7106 6085 5820 5769 4761 1008 3435 3398 391 1210 4426 1508 3007 2767 693 698 188 729 627 519 473 1021 418 387 2918 2019 899
is_linear=0
shrinkage=0.1


Tree=37
num_leaves=31
num_cat=0
split_feature=35 0 20 34 34 34 34 20 35 33 35 35 35 21 21 34 14 18 11 51 21 43 35 50 16 50 34 38 44 36
split_gain=19.9887 25.8135 21.4346 34.3549 24.5473 26.8089 50.6995 30.1368 27.5173 25.3665 22.9267 30.1419 37.1724 24.0668 21.9766 26.7891 22.1486 21.0506 19.0978 19.013 16.9477 16.7128 16.46 16.1005 14.9822 14.8794 14.8351 14.571 14.0059 17.2238
threshold=0.49994093179702764 0.12908836454153064 1.5000000000000002 0.67324072122573864 0.4496415257453919 0.50004315376281749 0.75076225399971019 2.5000000000000004 0.55688637495040905 0.4747652411460877 0.57282313704490673 0.50001952052116405 0.52390658855438244 0.013975631911307575 0.005726445699110628 0.99578979611396801 69.094455718994155 0.00016040899208746853 0.46253053843975073 0.43216516077518469 0.017923598177731041 0.61250001192092907 0.69122862815856945 0.95536723732948314 -0.40318198502063746 0.94629120826721203 0.67632183432579052 0.41235816478729254 0.7523820996284486 0.16952410340309146
decision_type=2 2 2 2 2 2 2 2 2 2 2 2 2 2 2 2 2 2 2 2 2 2 2 2 2 2 2 2 2 2
left_child=1 26 3 17 -4 10 9 -8 -9 -7 11 -6 -13 19 -10 16 25 -2 24 -14 -17 -15 27 -11 -19 28 -1 -22 29 -16
right_child=2 -3 4 -5 5 6 7 8 14 23 -12 12 13 21 15 20 -18 18 -20 -21 22 -23 -24 -25 -26 -27 -28 -29 -30 -31
leaf_value=-0.082390779460187219 -0.012090524232758471 0.0031493411667329872 -0.089613669077675512 0.13409016484907574 0.0411712878221423 0.015298061514744533 0.08825902382130757 -0.080272160870616296 0.060170954607546047 -0.069374770902351349 0.05049102991088511 -0.10601379668429341 -0.15435950030001422 -0.018846143159919962 -0.083048241739400577 0.073675491216396938 -0.098412106842936886 -0.17044102074380754 -0.033794212040450196 0.064588743214540154 0.045774586287829953 -0.1724611710346094 0.021438394951869503 0.11339012220129296 0.09518085785873602 0.056896714069429859 0.079649604850763861 -0.043760125573731712 0.0080597328494375012 -0.015551446472401215
leaf_weight=74.178163625299931 92.2320775995031 120.45146634150296 27.869871171191335 31.367667899467051 138.24818374216557 52.309946804307401 43.267194780521095 38.156765061430633 70.229877181351185 168.51261313445866 202.65654093120247 40.033322337083519 4.2637388994917265 51.549243561923504 52.96044482011348 47.859998144209385 31.534880151040852 2.2045883126556864 17.32660282868892 56.823484188877046 23.420306138694286 8.2104537375271303 354.00612783432007 4.9620097875595084 57.718591969460249 29.628949925303459 6.1157508585602036 81.177689716219902 128.98949969001114 132.12377200461924
leaf_count=1472 958 822 250 97 630 239 210 264 285 1370 726 354 41 245 466 174 207 15 236 257 64 55 1311 19 267 123 29 282 485 491
internal_value=0.00394608 -0.0261283 0.00698044 0.0379557 0.00350248 0.00497621 -0.00281295 0.00656671 0.00299673 -0.0457411 0.0245217 0.00692776 -0.0224985 0.00516786 0.00633444 0.00204621 -0.0182044 0.0201631 0.0586722 0.0493067 0.0170499 -0.0399515 0.0111404 -0.064147 0.0854086 -0.0108454 -0.0700486 -0.0237126 -0.017236 -0.0348651
internal_weight=2190.39 200.745 1989.64 200.85 1788.79 1760.93 1259.14 1033.36 990.088 225.785 501.785 299.128 160.88 120.847 951.932 881.702 375.238 169.482 77.2498 61.0872 506.464 59.7597 458.604 173.475 59.9232 343.703 80.2939 104.598 314.074 185.084
internal_count=12444 2323 10121 1573 8548 8298 5990 4362 4152 1628 2308 1582 952 598 3888 3603 1772 1476 518 298 1831 300 1657 1389 282 1565 1501 346 1442 957
is_linear=0
shrinkage=0.1


Tree=38
num_leaves=31
num_cat=0
split_feature=35 47 11 34 16 47 34 34 35 34 18 21 6 6 9 16 8 40 37 37 6 34 2 17 4 22 7 16 35 35
split_gain=18.737 20.3505 20.9133 28.4403 23.9552 28.1868 29.1501 19.834 26.3968 22.3108 21.9225 20.455 20.4533 16.6456 15.2817 16.2017 23.4328 14.8624 14.6743 14.8521 14.4778 13.8245 14.3811 13.7029 18.842 21.0465 16.7273 14.9284 13.6712 17.8413
threshold=0.94534042477607738 0.09564820304512979 0.45233251154422766 0.49996672570705419 -0.0013534161844290791 0.41342692077159887 0.890527904033661 0.50004315376281749 0.56467068195343029 0.90868064761161815 -0.0078499093651771528 0.037623647600412376 54.385915756225593 50.003730773925788 -0.025793067179620262 0.0013611863832920792 56.012048721313484 0.35000000894069677 0.6138630509376527 0.50057834386825573 75.391532897949233 0.24210367351770404 0.059237578883767135 33.724254608154304 1.5293326377868655 -2.5319641828536983 37.409772872924812 -0.14923586696386335 0.50001952052116405 0.49994093179702764
decision_type=2 2 2 2 2 2 2 2 2 2 2 2 2 2 2 2 2 2 2 2 2 2 2 2 2 2 2 2 2 2
left_child=1 -1 4 -4 5 6 17 8 13 10 -9 -10 -11 -5 -12 -16 20 23 19 -18 -17 -6 -23 24 25 26 -3 -25 29 -15
right_child=-2 2 3 7 21 -7 -8 9 11 12 14 -13 -14 28 15 16 18 -19 -20 -21 -22 22 -24 27 -26 -27 -28 -29 -30 -31
leaf_value=-0.067390560870316682 0.029716382322090059 -0.050306449382329158 -0.079731301099650015 -0.090159568177154745 -0.11253662750908321 0.053208017558960999 0.070635645312342663 -0.095244477454515128 0.087279471460400215 0.10163115706451736 0.068288881246562183 0.016308618919364092 -0.0022244971131656489 -0.10314223534191949 -0.079950652352214158 0.049305225441819596 -0.10109891356277877 0.034394815327302146 -0.16940216012050935 -0.014698233335133671 -0.079672567644370848 -0.018638160477428119 0.071334959949967094 -0.1049641187883303 0.047235710656381033 -0.062063673539841546 0.064713228614263291 -0.027959005138732895 -0.031435872466762438 0.036137163429886515
leaf_weight=43.427659118548036 243.80762661620975 20.436777720227838 49.851139631122351 21.727777535095811 4.9211527779698363 100.74582129716873 43.964064247906208 46.780186677351594 69.840525019913912 19.75968068651855 17.852716797031462 97.033214468508959 470.21604168228805 10.085210322402416 47.718360281549394 61.364228378050029 24.656530598178506 50.479323741048574 8.197799686342476 103.03288515750319 10.14142010733485 20.861859934404492 119.67625810485333 34.975300583988428 47.94447030313313 71.380412061698735 33.158734388649464 89.848468543961644 73.286997487768531 104.44818936474621
leaf_count=805 1052 207 813 377 139 378 152 627 237 70 104 362 1680 142 288 234 353 453 41 514 44 134 591 260 206 448 216 578 458 481
internal_value=0.00360441 0.000284851 0.00185282 -0.0057385 0.0165504 0.00602756 -0.00609224 -0.00262873 0.0163369 -0.0114455 -0.0319938 0.0460116 0.00196378 -0.00729454 -0.0211539 -0.0274132 -0.015325 -0.0157793 -0.0397085 -0.031382 0.0310127 0.0522102 0.0579791 -0.0242858 -0.00605904 -0.0265045 0.0208545 -0.0495356 0.0022916 0.023873
internal_weight=2161.62 1917.81 1874.39 1235.99 638.393 492.933 392.188 1186.14 376.422 809.72 319.744 166.874 489.976 209.548 272.964 255.111 207.393 348.223 135.887 127.689 71.5056 145.459 140.538 297.744 172.92 124.976 53.5955 124.824 187.82 114.533
internal_count=12444 11392 10587 6825 3762 2898 2520 6012 2057 3955 2205 599 1750 1458 1578 1474 1186 2368 908 867 278 864 725 1915 1077 871 423 838 1081 623
is_linear=0
shrinkage=0.1


Tree=39
num_leaves=31
num_cat=0
split_feature=39 28 37 6 14 35 22 21 23 16 10 23 43 9 39 45 15 28 2 14 34 28 11 17 45 47 8 6 34 6
split_gain=17.5587 20.8329 17.8821 14.7612 14.5887 18.1031 13.9909 17.3135 13.9908 17.2148 17.3484 13.1361 12.335 11.8775 11.7891 20.3187 11.5046 12.5224 11.2838 11.2288 11.0955 11.0048 11.5299 10.9315 10.735 10.6725 10.3195 16.9512 12.8142 16.8298
threshold=0.59735900163650524 3876.0000000000005 0.49830476939678198 26.209991455078129 62.583646774291999 0.8303072750568391 26.384187698364261 0.010108844377100469 0.99378281831741344 -0.012812837492674587 0.0044600979890674361 0.055749805644154556 0.48749999701976782 0.17563800513744357 0.97901913523674022 0.56964603066444408 0.010956622660160066 68247420.000000015 0.10179558396339418 41.80024719238282 0.46065907180309301 55317.000000000007 0.45233251154422766 93.806747436523452 0.29830250144004827 0.16082771867513659 87.059238433837905 81.484878540039077 0.98895835876464855 88.663417816162124
decision_type=2 2 2 2 2 2 2 2 2 2 2 2 2 2 2 2 2 2 2 2 2 2 2 2 2 2 2 2 2 2
left_child=1 12 -3 -4 5 8 7 -6 9 14 18 20 23 -9 24 19 25 -18 -11 -16 -5 22 -10 -1 -2 -12 28 -28 -13 -30
right_child=4 2 3 11 6 -7 -8 13 21 10 16 26 -14 -15 15 -17 17 -19 -20 -21 -22 -23 -24 -25 -26 -27 27 -29 29 -31
leaf_value=0.087715963104168349 0.10122346370085628 -0.036440237614237578 -0.13361539103409253 -0.13009458140931704 0.016888110540147879 0.050754449574190924 0.014701276213885495 -0.11535222148054072 0.047309841960861666 0.0072595104534147904 -0.064012210046693455 -0.011316938257021857 0.0061893186432219627 0.071360475976812179 0.019343741105394666 -0.24985920883400917 -0.0068821150261660167 -0.15211634402444998 0.062623591140740439 -0.14483584236289659 0.041739872922070625 0.068564345407250746 -0.079870574093386618 -0.093331704802167695 -0.017954035190667676 0.054571232508777816 -0.2497060424764318 -0.026978738159359091 0.026448744549975828 -0.088466113334062832
leaf_weight=45.32245628722012 8.0381773915141803 193.29570338968188 8.5598250944167358 3.9271282963454714 21.569575532339513 141.83162464573979 59.606432475149632 32.887653535231948 17.48956793174148 58.176917455159128 8.8387147476896626 588.38140075467527 57.896546120755374 3.8007814101874819 12.453998210839933 5.7952610198408356 193.65089536085725 6.1245090691372743 100.24676061049104 6.2595142852514973 87.115342028439045 68.165652131661773 12.03229654766619 3.5998860318213692 126.55028417427093 53.702205964364111 4.4270883100107339 14.977572344243525 180.22805663198233 13.714386165142058
leaf_count=246 46 2732 105 62 156 603 236 188 77 378 103 3268 372 13 62 36 867 36 400 41 377 254 78 36 685 228 27 58 617 57
internal_value=0.00327602 -0.0047268 -0.00884033 -0.00292136 0.013535 0.018267 -0.0193602 -0.05421 0.0114661 0.00556788 0.0161634 -0.00166828 0.0374265 -0.0960095 -0.0224525 -0.0862424 0.000382913 -0.0113346 0.0422926 -0.035573 0.0343278 0.0464761 -0.00452538 0.0743938 -0.0108363 0.0378122 -0.00575591 -0.077793 -0.00396911 0.0183227
internal_weight=2138.67 1201.45 1094.63 901.331 937.221 819.356 117.864 58.258 677.525 579.837 420.74 892.771 106.819 36.6884 159.097 24.5088 262.316 199.775 158.424 18.7135 91.0425 97.6875 29.5219 48.9223 134.588 62.5409 801.729 19.4047 782.324 193.942
internal_count=12444 7957 7303 4571 4487 3894 593 357 3291 2882 2012 4466 654 201 870 139 1234 903 778 103 439 409 155 282 731 331 4027 85 3942 674
is_linear=0
shrinkage=0.1


Tree=40
num_leaves=31
num_cat=0
split_feature=36 35 38 5 0 5 18 9 17 2 34 34 37 5 33 9 24 11 1 19 17 21 3 44 34 35 51 35 35 34
split_gain=17.3878 18.8324 16.8941 15.6798 17.8514 15.6202 20.2183 26.5729 15.2388 16.2009 12.6955 12.312 12.023 14.1471 15.0615 13.0857 11.1428 12.8295 17.2976 12.2685 13.7495 11.5059 11.0638 12.3575 10.921 15.1489 10.8785 12.2409 13.8939 11.2323
threshold=0.16952410340309146 0.80879724025726329 0.53050801157951366 0.9019758701324464 0.089154019951820387 1.0974013209342959 1.2093406319618227 0.24348156154155734 34.40510559082032 0.18018976598978045 0.38468770682811743 0.94804006814956676 0.51713204383850109 4.3817639350891122 0.50009378790855419 0.081907317042350783 0.19512204825878146 0.46253053843975073 0.10158044099807741 8.2745690345764178 30.76053619384766 0.014451225753873588 1.1526069045066836 0.045734765008091934 0.50004315376281749 0.4952696561813355 0.32167796790599829 0.27796797454357153 0.55222728848457348 0.50004315376281749
decision_type=2 2 2 2 2 2 2 2 2 2 2 2 2 2 2 2 2 2 2 2 2 2 2 2 2 2 2 2 2 2
left_child=2 8 3 4 11 -5 12 -8 9 10 -2 -1 -7 14 -14 -16 17 24 -19 20 21 -20 23 -4 25 -12 -10 -28 -29 -30
right_child=1 -3 22 5 -6 6 7 -9 26 -11 16 -13 13 -15 15 -17 -18 18 19 -21 -22 -23 -24 -25 -26 -27 27 28 29 -31
leaf_value=-0.090730911121805619 -0.073581400020777649 0.03076575919830838 0.15432118276037887 -0.083057224994779924 0.017887253412589354 -0.037711413926837245 -0.19366835875032115 0.053613947236792261 0.070747919553429184 0.048657529273319705 -0.10924463656552222 0.10486150532875467 0.095570949219947021 -0.10788727287271516 -0.054094474510597901 0.045875744982681731 0.030825117685220262 -0.063358097364294402 -0.031892972921913537 -0.13107386018144698 -0.05991733239193308 0.07750742165132439 0.015637528206126416 -0.0811731066227111 -0.013051669433056757 0.059844936900524594 0.1756264988716954 -0.031304397087952157 0.025375576982766664 -0.0097608248957041007
leaf_weight=24.816196408122781 18.895793904550374 305.22403131425381 2.3104045484215012 39.20260835904628 266.25044856593013 51.892147111706436 12.646458992734553 6.6206409335136405 17.586980432271957 115.78407147154212 5.7677941853180519 3.6978371813893309 27.305383667349815 7.5688368566334239 22.368593317456543 31.577429082244635 161.36355990357697 61.315804398618639 13.169534377753733 5.7127621658146372 15.588951954618095 35.603362742811441 18.080613066442311 62.681973210535944 55.825449515134096 65.108560081571341 3.5749087296426287 208.69177244137973 125.07879428192973 333.75363063719124
leaf_count=620 281 1265 23 334 1535 498 65 24 82 405 64 13 159 43 151 97 682 353 83 26 75 111 160 1798 228 233 12 1282 481 1261
internal_value=0.00298673 0.00850928 -0.0118293 -0.00481216 0.0098338 -0.0264863 -0.0126238 -0.108696 0.00304333 0.0153878 0.00660015 -0.0653655 0.000530975 0.0228736 0.0350544 0.00442332 0.0102122 -0.00267534 -0.0245694 0.00937097 0.0218369 0.0479674 -0.053553 -0.0728016 0.0200289 0.0460847 -0.00688941 -0.008924 -0.00991235 -0.000182559
internal_weight=2125.07 1548.05 577.02 493.947 294.764 199.182 159.979 19.2671 1242.82 554.136 438.352 28.514 140.712 88.8202 81.2514 53.946 419.456 258.092 131.39 70.0746 64.3618 48.7729 83.073 64.9924 126.702 70.8764 688.686 671.099 667.524 458.832
internal_count=12444 6924 5520 3539 2168 1371 1037 89 5659 2541 2136 633 948 450 407 248 1855 1173 648 295 269 194 1981 1821 525 297 3118 3036 3024 1742
is_linear=0
shrinkage=0.1


Tree=41
num_leaves=31
num_cat=0
split_feature=37 36 35 47 35 14 14 2 5 37 14 16 3 18 9 16 38 39 3 39 0 4 28 44 8 10 17 39 13 9
split_gain=15.6278 14.469 15.9018 15.1413 16.6283 14.298 15.2459 14.826 17.3762 14.9734 17.3592 14.4246 13.5291 13.9267 21.7762 16.291 13.0787 17.0838 13.3062 17.2128 12.9173 12.9042 13.4335 12.8834 12.7414 10.923 10.543 10.4643 10.3158 13.447
threshold=0.45187769830226904 0.16952410340309146 0.80879724025726329 0.20612581074237826 0.98255649209022533 54.690910339355476 52.54692459106446 0.29304848611354833 1.3321610093116762 0.51273727416992199 19.944827079772953 0.0018937233835458758 0.5352524220943452 -0.0041839913465082637 -0.0050751320086419574 -0.50193709135055531 0.4155126959085465 0.39999999105930334 1.7650051116943362 0.99895629286766063 0.067056775093078627 0.3372595757246018 679403.50000000012 0.94710481166839611 74.356903076171889 0.081969603896141066 26.17099761962891 0.39919778704643255 40.87224197387696 0.080309383571147933
decision_type=2 2 2 2 2 2 2 2 2 2 2 2 2 2 2 2 2 2 2 2 2 2 2 2 2 2 2 2 2 2
left_child=25 3 12 4 16 6 7 8 9 -5 -11 -12 23 20 24 -16 17 -2 -18 -20 -14 -19 -23 -3 -15 -1 27 -22 -13 -30
right_child=1 2 -4 5 -6 -7 -8 -9 -10 10 11 28 13 14 15 -17 18 21 19 -21 26 22 -24 -25 -26 -27 -28 -29 29 -31
leaf_value=-0.027034276287930616 -0.10682691676612233 0.03503566387892048 0.030216914956608488 -0.043522528361947213 0.079002320251310709 -0.029242500333313083 0.093456715515766717 0.040395454628631727 -0.057293122323354012 -0.086364875793243617 0.00080673834517812283 0.10504545651796418 -0.12542093629840986 0.041945974931181212 -0.15424166683287893 -0.0018105399312383322 -0.092622215438435448 0.18239447577630077 -0.064747769775218511 0.27352365059199402 -0.056633947259629086 -0.12577651106318341 0.080377917786476683 -0.10515917161881704 -0.09878591324370567 -0.13619644572642159 -0.038948277805076814 0.060221183220124111 -0.073354588099770024 0.10468744191847296
leaf_weight=53.193404291756451 9.6997148171067256 171.30636496189982 294.04881158471107 42.353861118666828 10.15034383907914 130.49913661833853 20.510337081737816 82.371378436684608 56.191010059788823 12.318392645567654 50.537880685180426 36.729148622602224 12.838016249239443 164.25626145582646 7.0822742171585551 700.11777993198484 63.665318293496966 5.6852554921060827 4.1672002356499425 2.3539882842451334 10.954476503655313 5.0711591951549044 8.3908489225432259 6.8157280255109063 6.6955381184816352 11.074786954559384 86.970742841251194 25.506511194631457 8.9680883530527371 8.0498437136411649
leaf_count=690 185 791 1236 600 50 730 97 366 408 69 254 124 147 678 34 2806 1980 37 61 5 80 74 71 36 36 94 527 102 55 21
internal_value=0.00270917 0.00423561 0.00938855 -0.00949964 -0.0428955 -0.00137021 0.0100668 0.00431809 -0.00949445 0.00740227 0.0258997 0.0391607 0.00425285 -0.000210355 0.00440526 -0.00333707 -0.0553893 0.00129562 -0.078687 0.0573599 -0.0299544 0.0560689 0.00271923 0.0296712 0.036434 -0.0458453 -0.020025 0.0251128 0.0752245 0.0108631
internal_weight=2108.57 2044.31 1486.59 557.713 109.184 448.529 318.03 297.52 215.148 158.957 116.603 104.285 1192.54 1014.42 878.152 707.2 99.0335 28.847 70.1865 6.52119 136.27 19.1473 13.462 178.122 170.952 64.2682 123.432 36.461 53.7471 17.0179
internal_count=12444 11660 6473 5187 2463 2724 1994 1897 1531 1123 523 454 5237 4410 3554 2840 2413 367 2046 66 856 182 145 827 714 784 709 182 200 76
is_linear=0
shrinkage=0.1


Tree=42
num_leaves=31
num_cat=0
split_feature=36 37 23 47 28 15 0 36 3 4 3 38 16 48 9 34 35 7 39 3 35 38 48 7 7 14 18 44 23 9
split_gain=14.3571 16.6685 14.6196 16.2514 15.3945 13.9365 12.8076 12.8837 20.0294 13.7554 13.5947 15.7267 15.6477 13.8073 15.4415 12.5506 12.2169 12.1446 11.7781 13.0631 11.3037 11.0588 10.1857 10.7006 11.7308 9.81625 9.79114 16.8995 9.77428 9.76994
threshold=0.97426244616508495 0.44971360266208654 0.99953573942184459 0.50664702057838451 1190.5000000000002 13.313772678375246 0.051184969022870071 0.10053404793143274 0.37790225446224218 0.48368565738201147 0.84863045811653148 0.42022998631000524 -0.067618481814861284 0.15000000223517421 0.083560083061456694 0.49996672570705419 0.85639086365699779 66.666667938232436 0.1745574697852135 1.2219464778900149 0.93317341804504406 0.46662028133869177 0.45000000298023229 82.383655548095717 80.436000823974624 35.327154159545906 0.070366140455007567 0.45905798673629766 0.0086634662002325075 -0.00065372299286536862
decision_type=2 2 2 2 2 2 2 2 2 2 2 2 2 2 2 2 2 2 2 2 2 2 2 2 2 2 2 2 2 2
left_child=1 25 5 4 -4 6 26 10 9 -9 11 22 17 -12 20 -11 -10 21 19 -2 -15 -13 23 24 -8 -1 -3 -28 -20 -21
right_child=18 2 3 -5 -6 -7 7 8 16 15 13 12 -14 14 -16 -17 -18 -19 28 29 -22 -23 -24 -25 -26 -27 27 -29 -30 -31
leaf_value=-0.022576925631671851 0.044184789863278118 -0.0942141739268402 -0.093919983876809651 0.087208478453635246 0.026049806799910549 -0.14911825784237859 -0.016207629227712211 0.082261287918402815 -0.0039882531143567261 -0.11715298418503564 0.050472349263055896 0.048738046431396793 -0.078206676754451948 -0.11490456354599909 0.033525856447977419 0.027358386939522361 0.023387007223558843 0.20638481408781059 -0.082869593205217695 0.036778645654114719 0.076969338560280556 -0.085506981085752345 0.085927528764475972 -0.15101769479141425 0.1588171416160381 -0.11412811149570817 0.29151309145074106 -0.079084790928267659 0.041500444349037199 -0.10719094964016672
leaf_weight=30.558180082589388 17.476580584421754 23.703131991438571 12.275184530764816 39.03586564771831 83.14304681494832 6.3639071201905599 40.337783072143793 50.329702042974532 1052.1162420646288 6.5188824580982319 45.679209245368838 13.118717705830937 88.013126353733242 19.413402833044533 21.304809585213661 76.960614846087992 192.91322792693973 2.7811827994883052 6.5516774468123904 6.4029361382126835 3.647168491035699 11.529283589683471 12.37511903606355 5.2124459445476523 4.2310614772140971 18.989492872729897 1.9361851233988989 3.3758335001766682 177.98547956719995 17.865161938592792
leaf_count=384 68 512 106 168 460 43 294 275 5131 82 353 85 1482 172 67 369 794 9 35 24 14 293 38 25 11 290 14 49 715 82
internal_value=0.00244616 -0.000438683 0.00112239 0.0328531 0.0106162 -0.00141427 -0.000853261 0.000307376 0.00420467 0.0409688 -0.0197706 -0.0358184 -0.0576537 0.0118811 -0.0278529 0.0160735 0.000253454 0.00829556 0.0262339 -0.0217343 -0.0845585 -0.0140561 0.00473607 -0.0154473 0.000408026 -0.0576646 -0.0667143 0.055995 0.0370849 -0.0692058
internal_weight=2092.14 1865.86 1816.32 134.454 95.4182 1681.86 1675.5 1646.48 1378.84 133.809 267.643 177.599 115.442 90.0446 44.3654 83.4795 1245.03 27.4292 226.282 41.7447 23.0606 24.648 62.1564 49.7813 44.5688 49.5477 29.0152 5.31202 184.537 24.2681
internal_count=12444 11520 10846 734 566 10112 10069 9494 6651 726 2843 2237 1869 606 253 451 5925 387 924 174 186 378 368 330 305 674 575 63 750 106
is_linear=0
shrinkage=0.1


Tree=43
num_leaves=31
num_cat=0
split_feature=34 20 34 18 1 7 11 36 8 44 34 34 20 18 35 21 34 40 14 51 35 33 34 33 35 8 35 16 45 18
split_gain=13.4474 15.1148 35.8868 23.0275 18.4437 16.9934 13.9637 14.4766 13.9077 12.9693 12.4823 32.4078 29.5348 20.0457 19.1564 20.569 17.6594 16.9692 16.1081 14.8599 16.1745 14.7235 14.7058 14.5484 26.2651 15.3036 13.9385 14.9104 12.3571 12.2809
threshold=0.35880020260810858 1.5000000000000002 0.67324072122573864 0.00016040899208746853 0.11941679939627649 34.708259582519538 0.47322326898574835 0.7121732532978059 36.31431961059571 0.64046597480773937 0.50004315376281749 0.75076225399971019 2.5000000000000004 0.0045303937513381251 0.54598942399024974 0.0058843374717980632 0.99578979611396801 0.25000000745058065 69.094455718994155 0.59101283550262462 0.60321021080017101 0.43401001393795019 0.4496415257453919 0.67566880583763134 0.78686392307281505 69.29898834228517 0.72993144392967235 2.0285602807998662 0.53363275527954113 -0.0034428032813593741
decision_type=2 2 2 2 2 2 2 2 2 2 2 2 2 2 2 2 2 2 2 2 2 2 2 2 2 2 2 2 2 2
left_child=8 2 3 4 -2 -3 -5 -8 -1 -6 17 13 -13 -12 -14 -16 18 22 23 -18 -21 -15 -7 29 28 -26 27 -24 -25 -17
right_child=1 5 -4 6 9 10 7 -9 -10 -11 11 12 14 21 15 16 19 -19 -20 20 -22 -23 26 24 25 -27 -28 -29 -30 -31
leaf_value=0.0053169335532767571 -0.068201339385374343 -0.048882326718519289 0.1290698916435282 0.069062393489951468 0.026777999476505977 -0.079567690619964465 -0.070871022626423835 0.09816720872298397 -0.081585502862690229 -0.10802876320661443 -0.084822642800393908 0.083529869819522609 -0.089966151464128105 0.053702950012677532 0.059952568092260239 -0.081664961016796642 0.078201425166389088 0.067718035895098436 -0.088046763343608503 -0.074515619671830666 0.011445196428972793 -0.031849659288105507 0.010399501891577276 -0.04515039674650119 0.024121376779073316 -0.063293000375609962 0.08567368939424734 -0.17814812171971356 -0.12967432083781452 0.019753601887456122
leaf_weight=35.538586073089391 44.037981483153999 67.099830501712859 30.132482709363103 76.3857731372118 69.281185504049063 17.920440623536706 16.424497330561284 7.326259307563304 38.222430603578687 7.956226907670497 64.669522019568831 45.24227156676352 22.691667747683823 23.918493670411408 59.371466624550521 13.038726346567271 31.376695863902569 55.732747128233314 29.760147734545171 23.079871281981468 424.30795481055975 126.53803870547563 395.52513044327497 47.438531081192195 77.8776088738814 26.961157398298383 24.790465946309268 4.2391450032591811 27.221575397998095 141.65327030140907
leaf_count=345 881 432 103 374 541 161 316 18 880 61 785 222 195 91 259 108 112 397 209 88 1623 732 1902 311 314 139 99 26 149 571
internal_value=0.00221712 0.00376206 0.0266832 0.0127492 -0.0165552 0.000468235 0.0482398 -0.0187288 -0.0397153 0.0128916 0.00243539 -0.00314776 0.00463967 -0.0382619 0.000780181 0.00306287 -0.000945153 0.0157167 -0.0175482 0.0116763 0.00701064 -0.0182491 0.00916678 -0.0112702 -0.0306394 0.00164121 0.0129123 0.00840012 -0.0759684 0.0112052
internal_weight=2075.76 2002 251.544 221.412 121.275 1750.45 100.137 23.7508 73.761 77.2374 1683.35 1185.15 970.021 215.126 924.779 902.087 842.716 498.208 363.951 478.765 447.388 150.457 442.475 334.191 179.499 104.839 424.555 399.764 74.6601 154.692
internal_count=12444 11219 2294 2191 1483 8925 708 334 1225 602 8493 5908 4300 1608 4078 3883 3624 2585 1801 1823 1711 823 2188 1592 913 453 2027 1928 460 679
is_linear=0
shrinkage=0.1


Tree=44
num_leaves=31
num_cat=0
split_feature=34 11 34 34 16 47 1 19 14 28 23 18 34 14 34 35 22 7 9 3 35 8 50 17 21 36 0 34 16 51
split_gain=12.6757 13.1157 21.952 17.5292 19.7455 26.4205 16.891 13.3288 12.0412 17.4036 12.8057 11.8199 19.5283 15.4604 12.7275 28.1548 11.763 12.3876 11.4199 11.4145 11.4003 11.1838 10.5937 10.2422 22.0879 12.2314 12.3816 12.1783 13.978 12.2298
threshold=0.19957887381315234 0.45233251154422766 0.49996672570705419 0.890527904033661 -0.0013534161844290791 0.41342692077159887 0.045094659551978118 13.694492816925051 20.399097442626957 204788.50000000003 0.39999875426292425 6.2629333115182831e-05 0.94533583521842968 73.34741592407228 0.50004315376281749 0.60773387551307689 4.9285204410552987 45.373662948608406 0.055567760020494468 0.31951561570167547 0.39274752140045172 56.192533493041999 0.76423919200897228 31.258316040039066 -0.0081788757815957052 0.20424277335405353 0.15338134020566943 0.67068862915039074 -0.014322177041321991 0.32167796790599829
decision_type=2 2 2 2 2 2 2 2 2 2 2 2 2 2 2 2 2 2 2 2 2 2 2 2 2 2 2 2 2 2
left_child=-1 3 20 4 5 8 -6 -5 9 -2 -11 12 14 -14 15 -4 17 18 22 -19 -3 -16 23 25 27 -10 -27 28 29 -25
right_child=1 2 11 7 6 -7 -8 -9 16 10 -12 -13 13 -15 21 -17 -18 19 -20 -21 -22 -23 -24 24 -26 26 -28 -29 -30 -31
leaf_value=-0.091447940895579116 0.086206821238222708 0.11296678511144752 -0.044799298273985835 0.072053933142046361 -0.090866312094869645 0.047532696129675429 0.052299613583975418 -0.095188934990498533 -0.062260003337197889 -0.10216194039585447 0.016312480372384648 0.0032107904244028582 0.061737483601441025 -0.097672610332324314 -0.024078714814001038 0.1200397938926243 -0.054928731861121217 0.1165654847934073 0.095196104832707712 0.0055989257358799119 -0.086480062897463406 -0.097516979608422566 -0.22389473957902661 0.057496954364462477 -0.13228907750241725 0.0026762396181970651 0.1403983679336602 0.080972110212381904 0.041952351883186807 -0.09016490204652905
leaf_weight=14.407908602152018 26.882753037381917 3.0829262593761078 43.268415707163513 68.475888550281525 8.8371531679294986 87.645425215363503 122.14219435350969 5.1217828653752795 14.457837679889051 12.333469117060302 35.052656467072666 1168.7913311957382 35.98930186778307 7.3217395693063727 35.948753313161433 13.62442711740732 82.951858906075358 12.328289488330482 7.5287922807037821 37.366132979281247 40.714242124464363 49.005510372575372 2.7976120337843886 6.6698091458529225 22.49980996362865 18.815261851064864 9.9958838094025833 10.500584844499825 16.507555647753179 35.265843617729843
leaf_count=379 185 28 610 274 124 344 730 28 274 117 191 5363 140 42 364 53 475 72 19 269 774 664 13 41 246 95 25 37 124 344
internal_value=0.00201931 0.00267882 -0.00276201 0.0144844 0.00855992 -0.00159436 0.0426402 0.0604152 -0.0138282 0.0219373 -0.0145236 -0.000508062 -0.0239829 0.0347892 -0.0419282 -0.00532442 -0.023394 -0.00996091 -0.0247243 0.0331277 -0.0724408 -0.0664413 -0.03129 -0.0272901 -0.0462574 0.0127947 0.0504582 -0.0181809 -0.0359959 -0.0666795
internal_weight=2056.33 2041.92 1397.75 644.177 570.579 439.6 130.979 73.5977 351.954 74.2689 47.3861 1353.95 185.158 43.311 141.847 56.8928 277.685 194.733 145.039 49.6944 43.7972 84.9543 137.51 134.713 91.4436 43.269 28.8111 68.9438 58.4432 41.9357
internal_count=12444 12065 8038 4027 3725 2871 854 302 2527 493 308 7236 1873 182 1691 663 2034 1559 1218 341 802 1028 1199 1186 792 394 120 546 509 385
is_linear=0
shrinkage=0.1


Tree=45
num_leaves=31
num_cat=0
split_feature=35 0 20 34 34 34 34 20 18 2 35 21 35 28 51 18 34 21 18 16 50 35 8 35 1 4 8 22 21 37
split_gain=11.8318 17.1414 17.0245 25.0231 16.6602 17.3943 29.5166 25.0796 18.0556 18.4506 16.8663 16.8628 15.042 16.1677 15.8605 14.7436 14.5945 28.1792 19.5025 14.325 14.0304 15.4418 19.2319 13.8661 14.9473 13.7857 12.7501 15.6895 12.4192 11.8398
threshold=0.49994093179702764 0.12908836454153064 1.5000000000000002 0.69216498732566845 0.4496415257453919 0.50004315376281749 0.75766021013259899 2.5000000000000004 0.011177420616149904 0.32918608188629156 0.55688637495040905 0.0022719366243109111 0.61715063452720653 20624489.000000004 0.43216516077518469 0.061284171417355544 0.90868064761161815 0.017923598177731041 -0.0018317758804187176 1.3116124272346499 0.8576483726501466 0.66972351074218761 64.582229614257827 0.69122862815856945 0.084516298025846495 0.5843527913093568 70.495910644531264 27.122622489929203 0.038327230140566833 0.57991081476211559
decision_type=2 2 2 2 2 2 2 2 2 2 2 2 2 2 2 2 2 2 2 2 2 2 2 2 2 2 2 2 2 2
left_child=1 -1 3 -2 -4 12 8 -8 9 -7 -9 -12 13 14 -6 25 18 -18 -13 -16 -14 22 -22 24 -19 -10 -26 -28 -25 -15
right_child=2 -3 4 -5 5 6 7 10 15 -11 11 16 20 29 19 -17 17 23 -20 -21 21 -23 -24 28 26 -27 27 -29 -30 -31
leaf_value=-0.062110251240224103 0.018797317993347454 0.001404113208607562 -0.081426187679522047 0.12836590960281552 -0.12306674350478292 -0.094266166999823847 0.08343800701465455 -0.067776407299142097 -0.091391649960915297 0.027678501551259088 0.067459910443516 -0.080214748692189794 0.075790473645768283 -0.095002969348297439 0.023655447272029565 -0.045456209509101633 0.060352393777154435 -0.18561858584916333 -0.006396144995364718 -0.11860096297722754 -0.0047768738245716905 0.044464700769020815 -0.28877285592957619 0.038576522127461405 0.0038054784723043954 0.03923395076503719 -0.15305409029235503 -0.027970542784326077 -0.0016843892452467043 0.0053306729699908418
leaf_weight=68.30467771133408 158.3808122780174 112.43829179229215 24.141725639346987 24.002132195979357 7.9027203088626257 70.928190348669887 37.600403133779764 35.193188174627721 9.4602103969082219 15.038112761452792 38.590776675380766 46.911021418403834 73.544716289266944 24.030852371826768 306.73740036878735 72.578640496358275 86.241095959208906 5.8062676638364783 150.96479773987085 7.24584937095642 6.9413672611117345 22.230568662285805 3.6322535797953606 100.73659592773765 78.947677928954363 55.348608016036451 13.415919900871812 39.707872848957777 319.99398132786155 23.03478822670877
leaf_count=1501 1486 822 250 87 71 927 199 256 74 88 156 438 246 133 1562 389 333 30 694 39 37 112 20 378 264 229 74 149 1312 88
internal_value=0.00182717 -0.0225986 0.00420163 0.0332169 0.00104588 0.00225054 -0.00426737 0.00339313 -0.036991 -0.0729343 0.000109234 0.00282008 0.0183974 0.00884634 0.0168509 -0.0145005 -0.000139961 0.00714989 -0.0238965 0.0203726 0.0515324 -0.00285264 -0.102335 -0.00106382 -0.0285857 0.0201664 -0.021682 -0.0595592 0.00795538 -0.0458978
internal_weight=2040.03 180.743 1859.29 182.383 1676.91 1652.76 1177.46 954.11 223.354 85.9663 916.509 881.316 475.301 368.952 321.886 137.387 842.725 644.849 197.876 313.983 106.349 32.8042 10.5736 558.608 137.878 64.8088 132.071 53.1238 420.731 47.0656
internal_count=12444 2323 10121 1573 8548 8298 5990 4283 1707 1015 4084 3828 2308 1893 1672 692 3672 2540 1132 1601 415 169 57 2207 517 303 487 223 1690 221
is_linear=0
shrinkage=0.1


Tree=46
num_leaves=31
num_cat=0
split_feature=36 37 45 33 39 47 4 28 28 35 13 36 14 47 5 44 23 36 4 0 37 15 28 3 43 22 0 5 3 10
split_gain=11.1564 13.7372 13.6623 12.7381 12.4136 11.9071 17.7677 17.0795 11.4218 13.0528 15.9837 13.5125 12.337 12.838 10.6464 12.3351 10.6194 10.5175 14.9888 10.2807 10.1595 10.1405 11.9233 15.323 10.6688 10.826 10.1221 16.0369 10.8746 9.91468
threshold=0.74593961238861095 0.45187769830226904 0.56740072369575512 0.44454695284366613 0.17808686196804049 0.71385261416435253 2.2346971035003667 787736.50000000012 16757016.000000002 0.64661318063735973 13.756294727325441 0.28136244416236883 54.690910339355476 0.14389366656541827 1.5941048860549929 0.32506650686264044 0.99953573942184459 0.25430464744567877 0.87946999073028576 0.49643799662590032 0.54074564576148998 -0.80116713047027577 3876.0000000000005 0.034411886706948287 0.48749999701976782 -12.115293502807615 0.1009526588022709 0.3062236905097962 1.6750662326812746 -0.033310217782855027
decision_type=2 2 2 2 2 2 2 2 2 2 2 2 2 2 2 2 2 2 2 2 2 2 2 2 2 2 2 2 2 2
left_child=1 -1 26 -4 5 6 -5 -8 12 10 -10 29 13 17 19 -16 21 -3 -19 -14 -17 -15 23 -23 -25 -26 27 -2 -29 -12
right_child=2 8 3 4 -6 -7 7 -9 9 -11 11 -13 14 16 15 20 -18 18 -20 -21 -22 22 -24 24 25 -27 -28 28 -30 -31
leaf_value=-0.05667305104453594 -0.13501159123158527 -0.063520665014649966 -0.10486902442268181 0.0022319643210262159 0.020619588143801076 0.054167246094294241 -0.079155296788775781 -0.31329498628268448 0.14538745141090956 0.0019251448335304913 -0.015625812743280777 -0.022787867817224867 -0.016244238691504112 -0.057117473415829671 0.10654870200785056 -0.09830355963603514 0.048671497337908654 0.035581359435280971 -0.064570057869122136 0.03199586042505255 -0.0048518976106472446 -0.1631724317586144 0.0072212002645194373 0.11879922757603792 -0.15684487529027571 0.046403749045224527 0.066863127413621229 0.082484873944288301 -0.029102830978992612 -0.12518955270981288
leaf_weight=44.186594980768859 6.7718031285330644 42.396567327901721 10.358596805483101 15.23680539429188 167.94426749367267 9.7551147043704969 9.9532380737364274 4.534986473619937 4.1359968334436408 113.02881700312719 11.100502190180121 55.984768002294004 203.19902411429211 22.814563631080091 4.4357261299155644 34.877653688192368 71.696350819431245 42.530151355545968 23.038399406708777 56.451073178090155 17.455170876346529 3.1475353464484206 841.74435569345951 21.977651716209948 2.8258375478908411 36.097460806369781 77.507748380303383 19.677936159074306 15.702211638912557 32.269413244910538
leaf_count=700 37 1299 66 57 707 39 40 25 13 454 82 235 1365 176 33 218 358 227 185 221 74 20 4746 80 22 175 305 69 64 352
internal_value=0.00167182 -0.00165119 0.0182689 0.0033539 0.00875845 -0.0416975 -0.0731583 -0.152444 -0.000169821 -0.021569 -0.0472284 -0.0552467 0.00308235 0.00805461 -0.0143332 -0.0535625 0.0115905 -0.0247058 0.000391801 -0.00575626 -0.0671335 0.00872755 0.010386 0.051979 0.0630986 0.0316479 0.0454146 0.00597556 0.0329607 -0.0971468
internal_weight=2022.84 1685.39 337.443 217.783 207.424 39.4801 29.725 14.4882 1641.21 216.519 103.491 99.3547 1424.69 1108.27 316.419 56.7686 1000.3 107.965 65.5686 259.65 52.3328 928.607 905.793 64.0485 60.901 38.9233 119.66 42.152 35.3801 43.3699
internal_count=12444 11035 1409 934 868 161 122 65 10335 1136 682 669 9199 7288 1911 325 5577 1711 412 1586 292 5219 5043 297 277 197 475 170 133 434
is_linear=0
shrinkage=0.1


Tree=47
num_leaves=31
num_cat=0
split_feature=34 10 18 21 9 7 34 10 17 40 34 36 5 23 3 48 18 0 20 16 35 18 44 44 36 23 0 23 2 5
split_gain=10.5509 11.1856 13.4468 13.3691 13.3291 12.2349 12.2191 11.6478 11.5558 11.5026 11.8972 10.9991 10.8942 10.4108 10.279 10.1173 12.0938 10.6666 9.81863 9.66948 9.8103 11.1024 16.5576 15.4054 13.0322 11.654 10.1352 10.7615 12.6607 10.4926
threshold=0.19957887381315234 -0.015323936007916926 0.00016040899208746853 -0.0042164344340562812 0.06937218084931375 35.015924453735359 0.94533583521842968 0.044006140902638442 56.409343719482429 0.25000000745058065 0.37963359057903295 0.23744358867406848 1.8595012426376345 0.49999998509883886 2.1916828155517583 0.35000000894069677 -0.25264780223369593 0.05677404627203942 1.5000000000000002 11.460262298583986 0.94534042477607738 0.067800797522068038 0.50138908624649059 0.24375715851783755 0.90041908621788036 0.2286149859428406 0.25411531329154974 0.41666667163372045 0.1732786297798157 0.45436106622219091
decision_type=2 2 2 2 2 2 2 2 2 2 2 2 2 2 2 2 2 2 2 2 2 2 2 2 2 2 2 2 2 2
left_child=-1 4 6 11 15 -5 7 -3 -8 10 -7 14 -11 -10 -4 17 -17 -2 -13 20 21 22 -12 -23 25 -24 -22 28 -28 -30
right_child=1 2 3 5 -6 9 8 -9 13 12 19 18 -14 -15 -16 16 -18 -19 -20 -21 26 23 24 -25 -26 -27 27 -29 29 -31
leaf_value=-0.087436491111650971 -0.10178867247516102 -0.031070034925477521 -0.082277068664286773 -0.11826976015459414 0.057125027214152552 -0.10482213042142996 0.069291213658613654 -0.12485020064162299 0.037142504170365791 0.046323796687307905 -0.075720293104331121 0.11106607762288662 -0.11615173729918878 -0.16188203833616741 0.2013442981796843 -0.17740945900996441 -0.016053437957068522 0.016109907195079164 -0.025309357599038088 -0.14080884878956756 0.075202809736354737 0.17129882446456721 0.032056355946340695 -0.016767475180542724 0.051047795311667005 -0.0069836788583835076 -0.15665390120235187 0.037300740554595847 0.10253947686136611 -0.027827866862316704
leaf_weight=13.244144745171068 7.8148669325746587 131.60102063044906 8.1324514355510455 8.807801307179032 63.842824447900057 11.259232603479175 21.671240240335464 14.726061096880583 5.4746133275330049 73.479228696320206 23.412363207899034 26.310564540326595 4.3724329788237801 5.0552085191011429 1.5160339912399639 5.0583440475165835 56.854908876121044 425.11582498950884 6.6045591942965975 4.9612636319361618 30.019014567136765 4.3950135037302962 104.4420539108105 485.96045344183221 67.56168344989419 285.4311473867856 6.3570955842733374 63.103280425071716 7.4423243384808293 36.21840838342905
leaf_count=379 136 1965 171 54 241 247 93 224 28 477 229 96 47 30 5 33 247 2664 28 34 126 16 526 2145 234 1438 31 327 24 149
internal_value=0.00152412 0.00211411 -0.0025503 0.00108958 0.0141224 -0.000836777 -0.0282352 -0.0405079 0.0275339 1.9159e-05 -0.00254105 0.0561791 0.0371986 -0.0584062 -0.0377126 0.00857441 -0.0292363 0.0139817 0.0837018 -0.00151219 -0.000892017 -0.00449413 0.00630295 -0.0150819 0.0105011 0.00347465 0.0235483 0.00984066 -0.0248034 -0.0056057
internal_weight=2010.25 1997 1438.31 1259.79 558.687 1217.22 178.528 146.327 32.2011 1208.41 1130.56 42.5636 77.8517 10.5298 9.64849 494.844 61.9133 432.931 32.9151 1119.3 1114.34 971.203 480.847 490.355 457.435 389.873 143.14 113.121 50.0178 43.6607
internal_count=12444 12065 8744 6404 3321 6104 2340 2189 151 6050 5526 300 524 58 176 3080 280 2800 124 5279 5245 4588 2427 2161 2198 1964 657 531 204 173
is_linear=0
shrinkage=0.1


Tree=48
num_leaves=31
num_cat=0
split_feature=47 39 38 3 19 22 28 3 2 36 36 34 43 45 6 45 3 17 37 47 21 34 33 4 38 3 50 50 35 50
split_gain=9.96122 11.0035 12.5796 12.1337 13.5223 11.9645 11.212 13.7756 13.189 12.3988 19.219 13.0644 11.16 12.2037 11.1501 11.0955 10.9594 11.077 13.943 13.1276 11.3467 14.7275 14.9313 10.8362 10.6573 12.0059 11.2691 10.5696 11.4037 10.3863
threshold=0.09564820304512979 0.99895629286766063 0.51391711831092846 1.6370052695274355 -1.7510902881622312 60.827566146850593 40229.500000000007 0.034411886706948287 0.061632944270968444 0.048255389556288726 0.0071988501586020002 0.44557882845401769 0.58750000596046459 0.71186438202857982 36.88434028625489 0.67651155591011058 0.38306127488613134 32.65642166137696 0.47204196453094488 0.69971063733100902 0.082020234316587462 0.89261707663536083 0.4661028534173966 0.27992437779903417 0.4227913916110993 2.0095593929290776 0.51705223321914684 0.58322381973266613 0.54365122318267833 0.45273584127426153
decision_type=2 2 2 2 2 2 2 2 2 2 2 2 2 2 2 2 2 2 2 2 2 2 2 2 2 2 2 2 2 2
left_child=-1 2 6 4 -3 12 7 -2 -8 10 -10 -11 14 -14 -4 -9 23 20 -19 -20 21 22 -18 -13 25 26 -24 28 -25 -26
right_child=1 3 5 -5 -6 -7 8 15 9 11 -12 16 13 -15 -16 -17 17 18 19 -21 -22 -23 24 27 29 -27 -28 -29 -30 -31
leaf_value=-0.049685350148940946 -0.1295574991778409 0.086891067345701511 -0.061568052200911765 0.048085238960098073 -0.011071376017074155 -0.27524652729086663 -0.042789692359876591 0.040347418959215446 0.092350273795905158 -0.044592035021422449 -0.07441828256409698 0.1325241618580219 -0.077174617712893703 0.0043059640065512671 0.0029293621702774033 -0.0088716660870274185 0.079849783304642485 -0.089629146470785556 -0.0053989449588680407 0.046622069277552705 -0.13229334889076338 0.062604736227082527 0.083093380341946993 0.076240080699895046 -0.11512718559627261 -0.091185316642790198 -0.02439821380039572 0.071985343904014315 -0.049990151403219898 0.026524796599557483
leaf_weight=37.473257318139076 5.7474392792209974 16.220657330006361 30.979346114676446 104.53785055875778 107.30270483437926 1.8047003224492062 68.963349984493107 170.85761176561937 8.2962035583332163 51.46645326865837 41.369411238469183 11.680314862169324 52.981697773560882 28.147082542069256 198.8519385131076 62.576373268850148 27.13080807775259 18.231985265389085 559.25637729279697 53.116882484406233 4.8348782509565345 69.292462335899472 11.961859196424482 10.388288794085382 5.4203072674572459 21.240339376032352 52.818123579025269 28.755283769220114 23.006822203285992 114.96674685459584
leaf_count=817 38 87 753 466 559 12 440 890 33 523 406 46 554 138 2099 273 105 134 2302 226 23 246 60 61 63 90 252 83 154 511
internal_value=0.00138721 0.00236257 -0.000353096 0.0230121 0.00179271 -0.0185098 0.00364216 0.0233876 -0.000352728 0.00227619 -0.0465611 0.00455675 -0.0170198 -0.0489055 -0.00576435 0.0271533 0.00705602 0.00413701 -0.00345239 -0.000886674 0.0196926 0.0221191 0.0101067 0.044152 0.000939507 -0.0259418 -0.0045495 0.0275436 -0.0107234 0.0201471
internal_weight=1999.68 1962.2 1734.14 228.061 123.523 312.765 1421.38 239.181 1182.2 1113.23 49.6656 1063.57 310.96 81.1288 229.831 233.434 1012.1 938.271 630.605 612.373 307.666 302.831 233.538 73.8307 206.407 86.0203 64.78 62.1504 33.3951 120.387
internal_count=12444 11627 10515 1112 646 3556 6959 1201 5758 5318 439 4879 3544 692 2852 1163 4356 4012 2662 2528 1350 1327 1081 344 976 402 312 298 215 574
is_linear=0
shrinkage=0.1


Tree=49
num_leaves=31
num_cat=0
split_feature=34 21 35 20 34 18 34 47 11 23 35 47 34 35 34 21 0 40 36 36 4 35 35 12 50 38 3 38 10 51
split_gain=9.28521 10.1879 10.9484 11.6189 29.2631 22.9648 15.6369 14.7503 13.5908 13.2444 13.1703 15.4003 11.9087 22.348 13.8977 35.6693 12.9933 12.8039 11.7018 11.6136 18.5955 11.0691 10.8943 10.8339 10.8182 12.925 15.0001 16.146 13.8638 13.4546
threshold=0.1516937464475632 -0.040307823568582528 0.49439077079296118 2.5000000000000004 0.78898271918296825 0.00016040899208746853 0.36369466781616216 0.11408868059515954 -0.040631527081131928 0.12333214655518533 0.51582151651382457 0.16799333691596988 0.50004315376281749 0.55688637495040905 0.89261707663536083 0.017923598177731041 0.19921508431434634 0.25000000745058065 0.060250891372561462 0.29573591053485876 0.056980855762958534 0.69122862815856945 0.45624914765357977 12.500000000000002 0.8576483726501466 0.47795230150222784 4.3273413181304941 0.44976910948753362 0.032767102122306831 0.51332518458366405
decision_type=2 2 2 2 2 2 2 2 2 2 2 2 2 2 2 2 2 2 2 2 2 2 2 2 2 2 2 2 2 2
left_child=-1 -2 22 4 5 8 -7 -5 -4 23 11 -8 17 16 18 -16 -14 -9 -15 20 -11 -17 -3 -10 25 26 27 28 -20 -30
right_child=1 2 3 7 -6 6 10 12 9 19 -12 -13 13 14 15 21 -18 -19 24 -21 -22 -23 -24 -25 -26 -27 -28 -29 29 -31
leaf_value=-0.11542688578779106 0.064317460100002707 0.008165835456115841 0.070169521657451536 -0.061959299307908479 0.10026734224103012 -0.063416953217441979 0.070672404722027404 0.0086268987405267311 0.058896792610837072 0.15814860176506143 0.074083431465773578 -0.037230119743174535 -0.094578575858338731 -0.09013119058722785 0.065767876346386769 -0.026543951992695339 0.0058216339880512611 0.062964986594217773 -0.0022633030629554993 -0.012463575782108757 -0.096886694980883953 0.0057927975762311441 -0.050296926284824489 -0.13968208519278924 0.049064615215782259 -0.053792475544195174 -0.15415057021382317 0.048021016004759026 0.060118928758288573 -0.11481933627551995
leaf_weight=6.7952875318005672 25.620527043938637 53.172327319160104 14.745120401028542 38.460391123313457 39.899125725962222 14.107994162943212 23.344388554338366 373.55874436721206 21.69327345117927 3.0429035108536473 76.501009442377836 30.520223674364388 42.120854850392789 21.200317127164453 89.308519655838609 140.70463878940791 18.573897894471884 49.059559872373939 113.78319691773504 47.312624551355839 47.294118342921138 427.42140898108482 79.577725797425956 3.1457870714366427 25.488586790859699 77.073344049975276 6.5693168472498646 50.583069479092956 5.4591994527727392 22.583466280251741
leaf_count=239 104 580 66 492 183 227 174 1717 247 17 360 172 351 306 363 546 97 258 475 243 1134 1755 1254 61 106 559 30 194 19 115
internal_value=0.00126717 0.00166727 0.000846778 0.00286521 0.0201152 0.00876296 0.0365901 -0.000828454 -0.0205322 -0.0314508 0.0474127 0.00953376 0.000778061 -0.00496989 -0.00132365 0.00701931 -0.063854 0.0149347 -0.0183186 -0.0480352 -0.0814697 -0.00221587 -0.02688 0.0337474 -0.0132697 -0.0190251 -0.00555818 -0.000484868 -0.0177848 -0.0807633
internal_weight=1988.72 1981.93 1956.31 1823.56 321.607 281.707 144.474 1501.95 137.234 122.489 130.366 53.8646 1463.49 1040.87 980.175 657.435 60.6948 422.618 322.74 97.6496 50.337 568.126 132.75 24.8391 301.54 276.052 198.978 192.409 141.826 28.0427
internal_count=12444 12205 12101 10267 2884 2701 933 7383 1768 1702 706 346 6891 4916 4468 2664 448 1975 1804 1394 1151 2301 1834 308 1498 1392 833 803 609 134
is_linear=0
shrinkage=0.1


Tree=50
num_leaves=31
num_cat=0
split_feature=1 13 11 21 35 2 34 36 37 16 5 51 21 38 37 37 2 9 22 13 8 13 36 4 50 11 6 35 10 0
split_gain=9.29887 10.6231 11.9937 11.7581 11.6364 16.9538 10.3745 9.48066 9.63787 8.82753 12.4886 12.3616 10.7352 10.4775 10.1569 9.43865 13.561 19.3105 12.9985 12.8852 10.2638 10.222 14.4059 10.3022 11.1514 9.51443 14.9688 12.1812 14.9408 10.4637
threshold=0.078363236039876952 41.079675674438484 1.3364142775535586 0.093750763684511199 0.4952696561813355 0.17626260221004489 0.42531241476535803 0.90041908621788036 0.45187769830226904 3.7845661640167241 0.84325608611106884 0.92119175195693981 -0.026298681274056431 0.46232928335666662 0.49493564665317541 0.55548864603042614 0.24627409130334857 0.08736674860119821 39.469625473022468 43.81677436828614 40.00000190734864 52.532930374145515 0.23010485619306567 1.0095072984695437 0.52916020154953014 1.0000000180025095e-35 47.266469955444343 0.62965285778045665 0.043195847421884544 0.22889785468578341
decision_type=2 2 2 2 2 2 2 2 2 2 2 2 2 2 2 2 2 2 2 2 2 2 2 2 2 2 2 2 2 2
left_child=6 2 4 -4 5 -2 -1 8 -3 11 -11 12 -10 -13 -15 16 -14 20 -19 -17 -18 -22 23 -23 -25 -21 -27 28 29 -28
right_child=1 7 3 -5 -6 -7 -8 -9 9 10 -12 13 15 14 -16 19 17 18 -20 25 21 22 -24 24 -26 26 27 -29 -30 -31
leaf_value=-0.10921045211029259 -0.075021277124986963 -0.10261149731833652 -0.22704728596217444 0.00010761003299246272 0.015755794879457982 0.021443805265404736 -0.012519308350614761 0.027659957924284807 0.049589909420522577 0.028460128528704338 -0.14319211065642498 0.036479538631699032 0.006795372079463461 -0.16143528835575879 -0.0042604791634080407 -0.12290387415025056 -0.1622176877207388 -0.07213192826810548 -0.2448970082415734 0.099158902674981619 0.031288076270608658 -0.10368582918264642 0.011414087040490647 0.13110866892984024 -0.089714342702445327 -0.18477774540435249 -0.063612911644592249 0.0092170699725201751 -0.17096796955428994 0.050670223947047836
leaf_weight=11.654450693633406 35.799423821736127 10.631107997614889 4.1520776748657209 5.0505587831139565 823.36315323039889 37.100170286372304 231.8544254549779 82.475425630807877 26.771087452769279 6.949299918953332 10.865713528823106 111.40855485014617 245.17455495009199 4.4986279690638176 47.771797886118293 15.913997449912129 4.6102274591103187 17.38514860440046 5.8104283958673468 5.6910785604268304 39.538918263744563 29.255669499747455 39.275951117277145 4.4596387781202775 4.6938324570655823 6.1688438057899466 29.885784823447466 52.706234779208899 9.712824850343166 10.945909187197683
leaf_count=511 654 168 22 21 4404 225 1962 384 136 30 64 419 1791 34 220 81 47 82 28 18 213 280 139 27 23 44 146 188 50 33
internal_value=0.00114796 0.00372598 0.0111991 -0.102381 0.0123653 -0.0259281 -0.017147 -0.00449997 -0.0080837 -0.00670612 -0.0762338 -0.00496568 -0.0121685 0.0191495 -0.0177877 -0.0153405 -0.00754271 -0.0317814 -0.115409 -0.038563 -0.0158598 -0.0101038 -0.0311708 -0.0747167 0.0178723 -0.026903 -0.0334596 -0.024419 -0.0594935 -0.0329766
internal_weight=1971.57 1728.07 905.465 9.20264 896.263 72.8996 243.509 822.601 740.125 729.494 17.815 711.679 548 163.679 52.2704 521.229 390.204 145.03 23.1956 131.025 121.834 117.224 77.6851 38.4091 9.15347 115.111 109.42 103.251 50.5445 40.8317
internal_count=12444 9971 5326 43 5283 879 2473 4645 4261 4093 94 3999 3326 673 254 3190 2630 839 110 560 729 682 469 330 50 479 461 417 229 179
is_linear=0
shrinkage=0.1


Tree=51
num_leaves=31
num_cat=0
split_feature=35 0 8 34 33 35 34 34 21 33 4 20 23 16 12 50 1 48 39 36 15 9 5 3 44 8 23 7 38 15
split_gain=8.28699 10.3261 11.5101 10.2676 11.7045 13.1713 16.7691 20.0684 18.933 21.1986 18.6381 16.8994 16.4576 15.0351 13.2971 15.3236 12.6128 11.5724 12.0274 11.4838 11.3126 11.115 11.0412 13.6464 10.8469 15.9433 15.4413 10.1336 10.11 13.5002
threshold=0.94534042477607738 0.5718502700328828 91.249706268310561 0.19957887381315234 0.51199999451637279 0.59381061792373668 0.50004315376281749 0.6986428201198579 0.082020234316587462 0.67914950847625744 1.9827220439910891 1.5000000000000002 0.2173913195729256 0.031116775237023834 10.500000000000002 0.5969088375568391 0.39180769026279455 0.45000000298023229 0.89504468441009533 0.38881762325763708 0.0073130349628627309 0.10985584929585458 0.92559084296226513 2.2730075120925908 0.81638640165328991 64.582229614257827 0.040323235094547279 55.340707778930671 0.40800897777080541 0.00029101611289661383
decision_type=2 2 2 2 2 2 2 2 2 2 2 2 2 2 2 2 2 2 2 2 2 2 2 2 2 2 2 2 2 2
left_child=1 2 3 -1 17 12 22 14 11 -10 16 -9 13 20 15 -8 -11 18 -5 24 27 28 -7 -24 25 26 -13 -6 -14 -30
right_child=-2 -3 -4 4 5 6 7 8 9 10 -12 19 21 -15 -16 -17 -18 -19 -20 -21 -22 -23 23 -25 -26 -27 -28 -29 29 -31
leaf_value=-0.10629287693651075 0.019682536662561381 0.036374098439666651 -0.11362123946072034 0.0049343704549891943 0.033680915603832677 0.079845328683724515 -0.097324242170121977 0.13732713127815008 0.065390830503207792 0.043335300433202113 -0.26459920567775363 0.10303592197864136 -0.0030324982971138255 -0.080235188785847622 -0.15177728494145523 0.033061393427022849 -0.14906711570678985 -0.044704343532158103 0.039528498530823124 0.016105775887371901 0.11491367128609112 0.043208954050577036 0.029621619246112358 -0.15892735369035765 0.014517083816146395 -0.056144061815436699 -0.013262095989074031 -0.12536256952729893 -0.10323352070164393 -0.037391069682776681
leaf_weight=9.4192872042767686 212.52555930428207 70.095916887745261 9.3200695095583779 524.76892005698755 25.362115504685793 39.172672557644546 19.191449492704123 9.069211617112158 7.2547139972448376 6.0271013230085391 7.1068143919110289 12.543583953287451 33.630144434981048 12.458129832055418 13.694312313105909 16.996291007846594 7.8380449190735817 38.738216952886432 124.30644580209628 248.12899165973067 14.9726131898351 13.313859365880488 21.498422890435908 4.6729153431951991 104.69609020929784 93.662414245773107 127.07749456819147 4.7577281766571096 53.107187210582197 75.287418148480356
leaf_count=348 1052 319 60 4227 248 154 263 31 23 22 38 67 184 126 156 54 35 191 600 946 67 47 101 25 384 607 768 72 653 576
internal_value=0.0010368 -0.00122998 -0.00280076 -0.00218182 -0.00159083 -0.00865757 -0.00211951 -0.00681352 -0.00192988 -0.0819535 -0.132923 0.00186529 -0.0293937 0.0170069 -0.0678472 -0.036086 -0.0654309 0.00839077 0.0115596 -0.000230795 0.0438729 -0.0446235 0.0462463 -0.00404396 -0.0122243 -0.0242257 -0.00281386 0.00855842 -0.0518409 -0.0646251
internal_weight=1960.69 1748.17 1678.07 1668.75 1659.33 971.52 738.631 673.287 623.404 28.2267 20.972 595.178 232.889 57.5506 49.8821 36.1877 13.8651 687.814 649.075 586.109 45.0925 175.339 65.344 26.1713 337.98 233.283 139.621 30.1198 162.025 128.395
internal_count=12444 11392 11073 11013 10665 5647 3674 3394 2921 118 95 2803 1973 513 473 317 57 5018 4827 2772 387 1460 280 126 1826 1442 835 320 1413 1229
is_linear=0
shrinkage=0.1


Tree=52
num_leaves=31
num_cat=0
split_feature=36 1 3 39 13 11 14 10 11 18 35 33 28 38 5 39 35 34 23 10 39 3 38 18 3 4 34 21 21 47
split_gain=7.85523 10.0387 10.2262 22.574 9.78668 10.3171 12.7243 9.77404 11.206 10.9069 9.63667 14.0046 10.8239 10.2983 10.6701 10.7445 10.8071 9.538 9.49832 9.28242 8.93922 9.35464 8.74961 8.61005 8.60894 10.5773 8.4753 13.616 8.30816 10.9759
threshold=0.97426244616508495 0.078363236039876952 1.9797355532646181 0.92012271285057079 41.079675674438484 1.2591689229011538 30.334977149963382 0.0040176331531256446 0.40466694533824926 -0.0028353292727842923 0.72993144392967235 0.84305095672607433 99267228.000000015 0.51959440112113964 0.38434810936450964 0.9740215837955476 0.70930215716362011 0.49996672570705419 0.49870690703392034 -0.022074053995311257 0.1745574697852135 1.2219464778900149 0.44084341824054724 0.10072842985391618 4.9751429557800302 7.1293282508850107 0.94533583521842968 -0.0078981257975101454 0.0162584912031889 0.14278152585029605
decision_type=2 2 2 2 2 2 2 2 2 2 2 2 2 2 2 2 2 2 2 2 2 2 2 2 2 2 2 2 2 2
left_child=1 2 7 19 5 10 -7 8 9 -1 11 13 18 -3 17 16 -16 -15 26 -4 21 -2 23 -23 25 -22 27 -12 29 -9
right_child=20 4 3 -5 -6 6 -8 28 -10 -11 12 -13 -14 14 15 -17 -18 -19 -20 -21 24 22 -24 -25 -26 -27 -28 -29 -30 -31
leaf_value=-0.080039866539834317 0.037115298806959067 0.010978199920964353 -0.0054562105248645637 0.036284318428562688 -0.0068546099850882343 -0.14375862069144799 0.045870232847745995 -0.029084515271004321 -0.077921952362528121 0.028429500245040901 0.089310788687274961 -0.21410857622560991 -0.099400098373933113 -0.15422965097109165 -0.056386088734399202 0.038190673075455178 -0.33052482453897036 0.054033937869454353 0.057609279070054698 -0.12506423078225173 0.051625832866328526 -0.0549430908504073 -0.019615398072482245 -0.26331892550684144 -0.0045856435262689376 -0.086981868754833713 0.050962054769783008 -0.027881380519877236 -0.074099748746025054 0.072708451872843818
leaf_weight=12.607220721896736 15.454124538227914 493.93353156605735 8.1860127579420787 17.464150134474039 743.65372691815719 9.4580483511090261 5.6538219442591062 15.730455665383486 30.490030730143189 35.022435432765633 12.001195437274871 2.925843220204114 6.3246439844369879 2.4514432586729553 55.531773462425917 12.710566372144966 1.4762616893276561 21.356673827860504 89.342307060956955 31.288642559666187 109.6700125457719 4.4496923908591288 15.8180910134688 3.5769784972071648 51.23454350233078 5.7965601840987793 38.705763652920723 57.006197365000844 7.4372157286852589 32.431553073227406
leaf_count=346 68 2548 37 65 4311 52 21 396 535 361 66 19 30 82 932 70 19 230 394 235 466 21 65 20 254 30 144 328 46 253
internal_value=0.000948788 -0.00123351 -0.0228886 -0.0583799 0.00142583 0.00903858 -0.0728126 -0.00777611 -0.0305845 -0.000281546 0.0105969 0.00412987 0.0293698 0.0052168 -0.0252103 -0.0449483 -0.0634851 0.0325897 0.0335027 -0.100261 0.0194156 -0.0234882 -0.0627662 -0.147803 0.0295299 0.0446676 0.0135076 -0.00750029 0.0242708 0.0394613
internal_weight=1949.19 1743.19 190.658 56.9388 1552.53 808.878 15.1119 133.719 78.1197 47.6297 793.766 590.386 203.38 587.46 93.5267 69.7186 57.008 23.8081 197.055 39.4747 206 39.2989 23.8448 8.02667 166.701 115.467 107.713 69.0074 55.5992 48.162
internal_count=12444 11520 2274 337 9246 4935 73 1937 1242 707 4862 3900 962 3881 1333 1021 951 312 932 272 924 174 106 41 750 496 538 394 695 649
is_linear=0
shrinkage=0.1


Tree=53
num_leaves=31
num_cat=0
split_feature=18 9 10 8 47 16 39 28 35 5 8 15 18 15 36 5 36 45 2 51 34 38 15 47 5 44 36 33 45 37
split_gain=7.85443 15.1463 10.035 10.2186 9.87417 9.69622 9.95025 9.02241 8.73868 14.3632 11.8048 11.3638 12.2124 23.5868 12.4505 11.7766 10.2477 13.606 9.96037 9.74573 9.53641 8.67227 8.62714 8.61998 15.1071 10.9926 10.4961 8.67015 13.7178 9.40721
threshold=-0.10756035894155501 0.0096957962960004824 -0.015323936007916926 75.744014739990249 0.53798487782478344 -0.25719077885150904 0.49999998509883886 47141.500000000007 0.69122862815856945 0.67744112014770519 87.059238433837905 -0.072859443724155412 0.061284171417355544 0.081539977341890349 0.35442711412906652 0.94106611609458934 0.16952410340309146 0.66237902641296398 0.49733184278011328 0.73201796412467968 0.99578979611396801 0.45656284689903265 0.34945456683635717 0.27564418315887457 1.4020012021064761 0.96288922429084789 0.94728386402130138 0.51022782921791088 0.80508756637573253 0.58902132511138927
decision_type=2 2 2 2 2 2 2 2 2 2 2 2 2 2 2 2 2 2 2 2 2 2 2 2 2 2 2 2 2 2
left_child=1 -1 3 4 5 6 -2 -3 10 -10 23 -11 18 14 15 -14 17 -15 20 -17 -13 -20 -19 24 -4 27 -26 28 -25 -30
right_child=2 7 8 -5 -6 -7 -8 -9 9 11 -12 12 13 16 -16 19 -18 22 21 -21 -22 -23 -24 25 26 -27 -28 -29 29 -31
leaf_value=-0.043183746328140302 -0.15791562006465304 0.074704349729807551 -0.00791349073586212 -0.14262846416995098 0.056968348896410975 0.014869294992334201 -0.0068053419858520488 -0.030729801378744773 0.030496813864805346 -0.12704740674253492 -0.11745265401778802 0.0032596043814741766 -0.2896973561497958 -0.098379253371985539 -0.028418928945072391 -0.21984925777032674 0.013129278291448145 0.076393989705743043 0.01917081843991018 -0.049945293097456794 0.059901659049950873 -0.17546675836074221 -0.037886826899806027 0.036285983807038201 -0.073761573198056124 -0.079735770257048852 0.023986868136764979 -0.0089033416548862879 -0.084296166683042628 0.016506184995500179
leaf_weight=96.151163028087467 6.5416920371353653 21.132401194423437 340.13807563786395 4.0592427738010874 53.809248019009829 382.51969622680917 13.051548540592192 13.177382770460097 186.11324962647632 7.3030418669804922 9.8242857661098224 59.523428486194462 4.1504820175468948 21.898745391517878 20.109789568930864 4.8175149820745018 146.16179318726063 10.897589609026911 4.6483961604535562 11.282964065670965 59.372631937265396 4.5103951469063759 16.772748280316591 147.1768108336255 63.83181320130825 15.012689825147389 13.268665093928574 166.35554942861199 17.7621571845375 19.336881130933762
leaf_count=1102 38 123 3204 30 233 2427 57 122 858 43 75 297 22 146 100 24 616 38 16 47 211 24 75 695 785 87 46 739 89 75
internal_value=0.000867678 -0.02283 0.00257552 0.0153319 0.0167383 0.0113549 -0.0572573 0.0342102 -0.00177007 0.00782222 -0.00851695 -0.00353879 -0.00106179 -0.0145489 -0.0841545 -0.139502 -0.000195877 -0.0394871 0.0238041 -0.100783 0.0315447 -0.0766816 0.00712113 -0.00714993 -0.0169729 0.00405909 -0.0569395 0.00764687 0.0225876 -0.0317556
internal_weight=1940.71 130.461 1810.25 459.981 455.922 402.113 19.5932 34.3098 1350.27 557.563 792.707 371.45 364.146 236.092 40.3608 20.251 195.731 49.5691 128.055 16.1005 118.896 9.15879 27.6703 782.883 417.239 365.644 77.1005 350.631 184.276 37.099
internal_count=12444 1347 11097 2785 2755 2522 95 245 8312 2517 5795 1659 1616 1068 193 93 875 259 548 71 508 40 113 5720 4035 1685 831 1598 859 164
is_linear=0
shrinkage=0.1


Tree=54
num_leaves=31
num_cat=0
split_feature=34 51 15 35 18 20 34 33 34 35 6 33 34 50 16 20 10 35 10 47 35 35 47 34 34 50 24 7 34 6
split_gain=7.51432 8.15841 10.5185 7.57193 10.6225 9.89329 26.2006 14.0454 13.0833 14.6328 15.4816 12.5602 17.189 12.0404 11.6878 11.1544 9.84316 12.8404 11.0815 9.6227 9.81272 40.3073 12.5328 10.847 16.1174 16.0218 10.3669 15.6753 10.3082 14.3962
threshold=0.1516937464475632 0.32167796790599829 -1.7153766155242918 0.49439077079296118 -0.01051172101870179 2.5000000000000004 0.67068862915039074 0.5047706961631776 0.36369466781616216 0.52291166782379161 69.10882949829103 0.59493038058280956 0.78898271918296825 0.47527809441089636 -0.33355121314525599 1.0000000180025095e-35 -0.045447884127497666 0.39274752140045172 -0.091679219156503663 0.11408868059515954 0.50001952052116405 0.54242816567420971 0.30905720591545111 0.50004315376281749 0.49996672570705419 0.65853831171989452 0.3638762384653092 71.378749847412124 0.99578979611396801 69.769073486328139
decision_type=2 2 2 2 2 2 2 2 2 2 2 2 2 2 2 2 2 2 2 2 2 2 2 2 2 2 2 2 2 2
left_child=-1 -2 -3 4 -4 6 7 8 -5 10 13 -8 -13 -10 -11 -9 18 -18 -6 -7 -21 22 -22 24 -23 -26 -27 -28 -25 -30
right_child=1 2 3 5 16 19 11 15 9 14 -12 12 -14 -15 -16 -17 17 -19 -20 20 21 23 -24 28 25 26 27 -29 29 -31
leaf_value=-0.11424004108156388 0.046281952322530601 -0.078532769942704514 -0.094548912383811454 -0.063235930586354988 -0.064117461877198634 -0.052116358000988044 0.1218960760690417 0.10159067733546363 -0.069037299182785158 -0.12104450339432404 -0.24614722009032552 -0.05976233358089561 0.085134260094838127 0.028111632810161158 0.077424028417477586 -0.049586732925461535 0.067680146357977602 -0.046256056076119358 0.075125502134680722 0.027811179956646899 -0.091611201551454122 -0.0620053802081625 -0.011163453371912048 -0.011693198148646188 0.057626634837348034 0.015883189992123598 -0.20276175899553742 0.0034357291564349143 0.03865698969106187 -0.0016020915418855496
leaf_weight=5.6613569804467252 39.216068862937391 16.817607533186674 17.720294347964227 17.345923437736928 7.7670850828290012 35.579259908292443 30.431604148354381 5.3300840137526384 15.801560051739214 3.1334579223766914 2.441317447461187 12.563477212563155 23.503861078061163 66.22286004666239 55.928278110455722 57.876645398791879 11.601292076986281 67.108941597631201 21.638011167291552 120.6883703013882 62.017665891442448 20.901455335784703 28.157357189804316 508.92212501587346 106.68977997731417 95.692309282720089 5.7763378843665114 10.19174502044916 120.49924208968878 337.87608821317554
leaf_count=239 206 170 431 335 33 470 137 35 333 31 17 219 126 434 314 768 119 1116 108 550 576 142 142 2661 410 389 30 40 480 1383
internal_value=0.000799451 0.0011377 0.000199117 0.000907407 -0.0227828 0.00261716 0.0194613 0.00310337 0.0187963 0.0287103 0.00201043 0.0745825 0.0346619 0.00939642 0.0668945 -0.0368383 -0.0110202 -0.0294627 0.0383458 -0.000751453 0.000537887 -0.00200049 -0.0664912 0.00281942 0.0218843 0.0299146 0.00343627 -0.0711547 -0.00189611 0.00898135
internal_weight=1931.1 1925.44 1886.22 1869.41 125.836 1743.57 290.579 224.08 160.873 143.527 84.4657 66.4989 36.0673 82.0244 59.0617 63.2067 108.115 78.7102 29.4051 1452.99 1417.41 1296.72 90.175 1206.55 239.252 218.35 111.66 15.9681 967.297 458.375
internal_count=12444 12205 11999 11829 1807 10022 2749 2267 1464 1129 784 482 345 767 345 803 1376 1235 141 7273 6803 6253 718 5535 1011 869 459 70 4524 1863
is_linear=0
shrinkage=0.1


Tree=55
num_leaves=31
num_cat=0
split_feature=11 34 16 47 34 2 50 38 13 13 39 3 24 51 18 8 19 43 4 36 19 1 37 38 15 4 15 22 21 18
split_gain=7.48167 16.3286 11.2102 13.3824 15.8124 10.6417 9.54396 12.2786 11.6534 12.5829 10.0135 9.45428 10.3422 9.81286 12.0802 11.3582 11.9011 11.2217 9.01911 8.88295 14.1069 11.2743 13.1289 8.87304 8.85384 8.49862 8.08992 9.12978 8.21573 8.07724
threshold=0.45233251154422766 0.49996672570705419 -0.0013534161844290791 0.41342692077159887 0.890527904033661 0.059237578883767135 0.66407737135887157 0.4227913916110993 35.565635681152351 50.903486251831062 0.42307740449905401 3.0796792507171635 0.19999999552965167 0.49482344090938574 -0.40410299599170679 35.588802337646491 7.5012316703796396 0.58750000596046459 2.6149593591690068 0.12537489831447604 6.5746827125549325 0.12537598609924319 0.55826318264007579 0.37584722042083746 0.4294500350952149 0.26243817806243902 -0.013895562849938868 4.1004624366760263 -0.021857650019228455 6.2629333115182831e-05
decision_type=2 2 2 2 2 2 2 2 2 2 2 2 2 2 2 2 2 2 2 2 2 2 2 2 2 2 2 2 2 2
left_child=2 -2 3 4 6 23 11 10 -9 -10 -8 13 -13 15 -15 16 18 -16 19 20 -1 22 -21 -4 -25 -7 27 28 -23 -3
right_child=1 29 5 -5 -6 25 7 8 9 -11 -12 12 -14 14 17 -17 -18 -19 -20 21 -22 26 -24 24 -26 -27 -28 -29 -30 -31
leaf_value=-0.077157890917010807 -0.066997579287802617 -0.022188771767551164 -0.23092733098053683 0.035844437338691824 0.055126716524182731 -0.049297727331961257 -0.016785004297938021 0.020575483439600462 -0.15878000799769287 0.011003328666962832 -0.16063017744144159 -0.1129321193185696 0.052056219784191483 -0.14527989964915294 0.054298864107258149 -0.046365812421827302 -0.09894660074818612 -0.051739224207285633 -0.14863943096959248 -0.1012254775432824 0.25338521811899456 0.0593071159013904 0.07900891721616625 -0.036387637499187261 0.14929878161385488 0.055929365421568691 0.11903637340108315 0.1526812956309459 -0.042256797175317329 0.0015260021428145504
leaf_weight=13.421184528619049 39.27291398611851 164.90102984523401 1.9645856190472866 96.460317937657237 37.987461280077696 8.2926740269176644 7.4987543262541321 29.473896414041519 9.6783758252859133 7.9511043131351462 13.646363988518713 14.803996468894185 5.1109996298328033 3.7682706508785477 65.295178695349023 62.879378221230581 9.4328254838474077 11.780716815963386 3.0950230131857088 10.450465177651497 1.4285816755145777 18.475248639471822 6.5902950875461093 16.903251669369642 3.0278339851647607 103.08900821069255 16.949586556293077 5.7057193815708152 14.000096212606875 1113.0744884638116
leaf_count=340 902 1873 19 447 173 84 27 97 45 29 59 80 20 54 408 867 66 78 33 167 8 86 26 215 8 697 66 16 91 5363
internal_value=0.000728245 -0.00348574 0.00999264 0.00267664 -0.00598381 0.0355664 -0.012988 -0.0463115 -0.0178927 -0.0822057 -0.109618 -0.00434669 -0.0705894 0.00107612 0.0295442 -0.0130931 0.00792343 0.0380914 0.0191099 0.0250762 -0.0453589 0.0395687 -0.0315221 -0.0281651 -0.00817906 0.0480949 0.0615427 0.0360197 0.015523 -0.00153399
internal_weight=1916.41 1317.25 599.161 465.884 369.424 133.277 331.436 68.2485 47.1034 17.6295 21.1451 263.188 19.915 243.273 80.8442 162.428 99.549 77.0759 90.1162 87.0212 14.8498 72.1714 17.0408 21.8957 19.9311 111.382 55.1307 38.1811 32.4753 1277.98
internal_count=12444 8138 4306 3283 2836 1023 2663 257 171 74 86 2406 100 2306 540 1766 899 486 833 800 348 452 193 242 223 781 259 193 177 7236
is_linear=0
shrinkage=0.1


Tree=56
num_leaves=31
num_cat=0
split_feature=16 35 0 23 33 36 22 0 14 45 34 22 15 11 15 33 37 16 47 23 50 34 36 36 21 38 33 11 21 3
split_gain=7.16415 8.1353 8.96932 9.15392 10.0473 13.4972 13.0222 8.28273 8.73902 12.1997 9.00621 9.54831 9.28794 10.4661 10.8976 12.5496 26.5675 10.5777 11.7748 10.9909 10.7809 10.111 9.72558 9.51514 9.32511 10.7385 8.95121 18.1665 9.32349 8.75108
threshold=11.460262298583986 0.94534042477607738 1.8870425820350649 0.41666667163372045 0.92757523059844982 0.086121853440999999 30.830411911010746 0.5718502700328828 63.608959197998054 0.58384507894516002 0.27556408941745764 -36.338975906372063 -1.7153766155242918 0.45233251154422766 -0.012404663022607563 0.7759687900543214 0.58144885301589977 -0.0013534161844290791 0.57432472705841076 0.12333214655518533 0.62723830342292797 0.890527904033661 0.92744082212448131 0.11017530784010889 -0.0023672460811212655 0.3694653064012528 0.82763996720314037 0.93181902170181286 0.041196668520569808 2.9314810037612919
decision_type=2 2 2 2 2 2 2 2 2 2 2 2 2 2 2 2 2 2 2 2 2 2 2 2 2 2 2 2 2 2
left_child=1 7 3 4 5 6 -3 8 10 -10 -1 -12 -13 17 15 -15 -17 18 19 20 23 22 29 -14 -19 -26 28 -28 -11 -21
right_child=-2 2 -4 -5 -6 -7 -8 -9 9 26 11 12 13 14 -16 16 -18 24 -20 21 -22 -23 -24 -25 25 -27 27 -29 -30 -31
leaf_value=-0.068859501323454336 -0.11335437466465029 -0.028929711215346477 -0.063892324044893783 0.044629639415514004 0.094395698647898277 0.004682221428885398 -0.26377148638154407 0.03316993267742474 -0.0051631937889327142 -0.090991899716124772 -0.15703201549976931 -0.092081896153700729 -0.073315068508587294 -0.064890324790114209 -0.0010689326356919874 0.062186216343739609 -0.20214013389881089 0.073652547993786482 0.067565918014449208 -0.013072231060317213 -0.040109409034767896 0.047775578998406149 0.048183539421422228 0.082848504636270651 -0.17260097201272298 0.024412638642103031 -0.30275136980774625 -0.025194139570138791 -0.00039480757783495003 -0.079267560353078192
leaf_weight=18.892946595326066 5.4956809813156715 6.0680409744381887 12.052372418344019 106.61619698256254 10.130293138325213 66.301997136324644 3.8652651850134134 67.003825528081506 108.1506501364056 22.163903426844627 3.8309477674774817 10.629262508358805 4.3587871599011114 57.925849055405706 852.21967298933305 22.522127251606438 4.5749074444174758 48.179477327037603 28.314236544072628 223.97953112097457 12.298354439437388 30.373012058436871 23.636097647249699 37.208111216546968 2.8939997828565529 62.859200395643711 4.3196234554052335 5.1930851712822914 23.301606845110655 21.926403999794275
leaf_count=621 48 54 46 582 45 292 22 314 779 169 47 115 132 710 5045 118 25 370 108 1739 50 142 85 208 22 318 25 20 94 99
internal_value=0.000656196 0.000985657 0.0198006 0.0250275 0.000829072 -0.0116042 -0.120312 -0.00128792 -0.00270458 -0.0246611 -0.000262402 0.000632793 0.00105111 0.00174179 -0.00447483 -0.0386135 0.0175589 0.0134881 0.00551399 0.000547759 0.0421383 -0.00692198 -0.0130855 0.0664729 0.0402307 0.0157415 -0.0630166 -0.15123 -0.0445598 -0.0189746
internal_weight=1907.29 1901.79 205.034 192.982 86.3656 76.2353 9.93331 1696.76 1629.75 163.129 1466.62 1447.73 1443.9 1433.27 937.243 85.0229 27.097 496.027 382.095 353.78 53.8653 299.915 269.542 41.5669 113.933 65.7532 54.9782 9.51271 45.4655 245.906
internal_count=12444 12396 1041 995 413 368 76 11355 11041 1087 9954 9333 9286 9171 5898 853 143 3273 2563 2455 390 2065 1923 340 710 340 308 45 263 1838
is_linear=0
shrinkage=0.1


Tree=57
num_leaves=31
num_cat=0
split_feature=5 50 15 33 48 11 28 48 23 36 36 23 38 38 47 0 3 28 47 37 7 11 36 8 22 51 45 38 5 44
split_gain=7.13999 8.82014 10.6203 9.76461 13.1455 12.6852 9.11569 11.7541 19.7262 8.99882 8.73431 9.05568 12.7631 13.8275 9.0781 9.61517 8.79942 9.77759 11.8861 9.84838 9.51484 8.42102 8.06027 8.09694 8.01515 7.70987 7.66489 7.51386 7.51331 7.56279
threshold=7.4598934650421151 0.95536723732948314 13.313772678375246 0.88478299975395214 0.25000000745058065 0.77194470167160045 16757016.000000002 0.35000000894069677 0.20000001043081286 0.74593961238861095 0.010121279861778023 0.095238100737333312 0.49940063059329992 0.37174384295940405 0.32085816562175756 0.21584938466548922 0.89808794856071483 24944807.000000004 0.33187800645828253 0.53646311163902294 65.579788208007827 0.88601797819137584 0.222177729010582 57.894744873046882 45.208614349365241 0.82015949487686168 0.63354036211967479 0.54754960536956798 0.55963072180747997 0.86405530571937572
decision_type=2 2 2 2 2 2 2 2 2 2 2 2 2 2 2 2 2 2 2 2 2 2 2 2 2 2 2 2 2 2
left_child=1 2 6 -3 5 -5 -1 9 -9 10 -8 -12 13 -13 15 27 20 19 22 -18 -15 -22 -19 -24 25 -2 -10 -14 -6 -30
right_child=24 3 -4 4 28 -7 7 8 26 -11 11 12 14 16 -16 -17 17 18 -20 -21 21 -23 23 -25 -26 -27 -28 -29 29 -31
leaf_value=0.0022343262040130751 -0.069264022070855497 0.031900799757332746 -0.16309770448424921 -0.27028982066880908 0.10641141169815747 -0.034846831524940516 0.1261112694032131 -0.25799535418636549 0.0022344408243755408 0.039064428667197081 0.052656714479014294 -0.16623616469245328 -0.17582145014994618 -0.12286649162465116 -0.18513548880989716 0.070392275982421287 0.005165212389079462 -0.11317977725301243 0.070767745728932921 -0.14958799018923796 0.049825191352253877 -0.098689279528134402 0.047536329573564934 -0.054661805054726322 -0.17453585676286043 0.09565352303740586 -0.115914208098197 -0.0091477348375644356 -0.14275030203400005 0.046550089005045543
leaf_weight=1478.4255363971461 10.148981926031412 152.25031301751733 4.0314197083935133 3.7720520980656165 6.2297260463237754 5.8178372383117676 3.988171011209487 5.0783156175166395 15.067898862529548 30.647135382518172 14.125592072494326 5.9843634068965903 6.2732003291603196 12.682360290084036 8.0063292034901661 4.435189156793057 9.3727154573425668 6.71316412417218 29.309149986132979 7.3270948859862974 9.9552373914048093 6.1929887793958178 19.640613853000104 12.807738960720597 4.6570479199290267 3.9333864152431479 8.6392144560813886 4.7548844716511667 3.814557693898676 4.7242332324385643
leaf_count=10156 59 812 38 20 25 29 16 34 60 127 81 39 86 105 79 33 49 64 87 41 38 27 75 58 23 12 38 81 22 30
internal_value=0.000611302 0.00122351 -0.000981909 0.0224956 -0.0362906 -0.127455 -0.000597335 -0.0195402 -0.0791345 -0.0106156 -0.0200392 -0.023738 -0.0312604 -0.0180685 -0.0987027 -0.0539508 -0.0102906 0.00587367 0.0226067 -0.0627332 -0.0580424 -0.00713143 -0.0134378 0.00719755 -0.0608097 -0.0232004 -0.0408206 -0.103958 0.0229067 -0.0380166
internal_weight=1898.81 1880.07 1703.46 176.609 24.3584 9.58989 1699.43 221.001 28.7854 192.216 161.569 157.581 143.455 119.985 23.4696 15.4633 114.001 85.1705 68.4707 16.6998 28.8306 16.1482 39.1615 32.4484 18.7394 14.0824 23.7071 11.0281 14.7685 8.53879
internal_count=12444 12350 11412 938 126 49 11374 1218 132 1086 959 943 862 583 279 200 544 374 284 90 170 65 197 133 94 71 98 167 77 52
is_linear=0
shrinkage=0.1


Tree=58
num_leaves=31
num_cat=0
split_feature=3 47 39 28 23 34 45 33 2 47 5 44 3 36 50 18 47 47 38 23 36 4 22 45 6 3 0 14 25 23
split_gain=6.7402 7.68434 7.29277 14.1409 13.1377 10.3875 9.02215 10.1984 10.5494 15.1928 8.73477 12.6718 11.3868 15.393 11.9857 15.7945 9.58157 10.9869 11.7179 10.1239 9.52361 13.0238 11.2014 10.4619 13.5501 12.3824 14.7885 13.0706 13.2138 9.41376
threshold=0.016903567127883438 0.06789115816354753 0.60000005364418041 2452.5000000000005 0.055749805644154556 0.46065907180309301 0.6085418462753297 0.77368381619453441 0.098186213523149504 0.50664702057838451 1.6630676388740542 0.77099484205245983 1.3653342723846438 0.99987664818763744 0.80479618906974804 0.32332652807235723 0.18646792322397235 0.30704995989799505 0.44322280585765844 0.44444446265697485 0.39698579907417303 1.8829557895660403 8.8240942955017108 0.65402778983116161 77.656017303466811 0.86029106378555309 0.10811377689242364 17.16419887542725 1.0000000180025095e-35 0.081608865410089507
decision_type=2 2 2 2 2 2 2 2 2 2 2 2 2 2 2 2 2 2 2 2 2 2 2 2 2 2 2 2 2 2
left_child=-1 -2 3 -3 5 -5 -7 8 -8 -10 11 20 13 -13 15 16 -14 19 -19 -18 23 -22 -23 24 25 26 27 28 -6 -28
right_child=1 2 -4 4 10 6 7 -9 9 -11 -12 12 14 -15 -16 -17 17 18 -20 -21 21 22 -24 -25 -26 -27 29 -29 -30 -31
leaf_value=-0.068392125693906458 -0.090537985719424841 0.041245695770414141 0.0087598554680091666 -0.1217360221690504 -0.11540920035476571 0.051884512629922275 0.097267539142189108 -0.14714828794990928 -0.1728229832087757 0.039724360688511311 -0.029980859670786127 0.041606815331976923 -0.13110743566969971 -0.14927969284287518 0.038892016670595914 -0.15594932686471549 0.077221092778935907 -0.010299744627133459 -0.20205402958048377 -0.062282941549104215 0.023717771621737549 -0.1204362033770708 -0.012023812709153503 0.015622066852405279 -0.16164532880671817 -0.058809533860580201 -0.15355177414703558 -0.10194537258511854 0.26739690593580989 0.0044008084751917262
leaf_weight=14.070563520304857 9.1105832590255869 65.241614165017381 798.18340780329891 4.5170155470259479 1.6043900111690192 72.664622047916055 9.017563086934393 4.8248716350644818 5.4172422997653475 8.8685246780514699 186.44443431030959 117.57138064247556 6.2662350772880009 4.3819332569837561 30.026417452841997 9.6219948865473253 19.650126626715068 11.089336954057215 4.471975344233214 7.0750503009185186 117.41882459912449 11.906528205145149 47.757724245078862 54.37411415646784 7.8801470971666268 89.502346871653572 3.8771477900445452 26.160554056754336 2.0588570851832628 140.73634202219546
leaf_count=98 287 445 4217 148 51 488 36 24 35 31 1203 530 45 21 135 48 60 42 24 33 522 78 191 308 50 994 51 850 24 1375
internal_value=0.000561877 0.00107858 0.00152526 -0.00386934 -0.00679753 0.0266215 0.0332701 -0.0148173 0.0125814 -0.0408748 -0.0107085 -0.00567191 0.0149523 0.034748 -0.0124188 -0.0389025 -0.0157066 0.00139409 -0.0654057 0.0402897 -0.014284 0.00438611 -0.0336585 -0.0244196 -0.0324294 -0.0285715 -0.0130566 -0.0771725 0.0997396 0.000166034
internal_weight=1891.79 1877.72 1868.61 1070.43 1005.19 105.31 100.793 28.1282 23.3033 14.2858 899.876 713.431 210.154 121.953 88.2011 58.1747 48.5527 42.2865 15.5613 26.7252 503.277 177.083 59.6643 326.194 271.82 263.94 174.437 29.8238 3.66325 144.613
internal_count=12444 12346 12059 7842 7397 762 614 126 102 66 6635 5432 938 551 387 252 204 159 66 93 4494 791 269 3703 3395 3345 2351 925 75 1426
is_linear=0
shrinkage=0.1


Tree=59
num_leaves=31
num_cat=0
split_feature=36 45 36 38 5 5 18 9 18 0 37 11 4 36 45 0 28 38 36 10 37 37 40 18 36 34 47 9 44 5
split_gain=6.40878 12.552 10.0426 9.83027 9.30655 11.7372 10.6354 16.9231 10.085 9.67908 9.12701 10.3339 10.6191 11.3601 10.7724 10.6246 9.75001 9.02468 12.5195 9.49726 9.93748 12.2281 9.14646 8.76477 8.42945 8.3634 7.96388 7.67657 8.71724 7.56261
threshold=0.17142679542303088 0.45107088983058935 0.18084084987640384 0.53050801157951366 0.9019758701324464 1.0974013209342959 1.2093406319618227 0.24348156154155734 1.0418213009834292 0.089154019951820387 0.62456586956977855 0.71953752636909496 1.91439825296402 0.42133373022079473 0.36578534543514257 0.28559027612209326 7100518.2500000009 0.45825493335723883 0.070081613957881941 -0.091679219156503663 0.61207988858222973 0.57715764641761791 1.0000000180025095e-35 -0.022680716589093205 0.1826676428318024 0.94804006814956676 0.2237365543842316 0.07904906198382379 0.15260335803031924 1.8595012426376345
decision_type=2 2 2 2 2 2 2 2 2 2 2 2 2 2 2 2 2 2 2 2 2 2 2 2 2 2 2 2 2 2
left_child=3 10 -3 4 9 8 17 -8 -6 25 11 24 13 14 16 -16 -13 26 22 -20 21 -21 -19 -4 -2 -1 -7 28 -5 -28
right_child=1 2 23 27 5 6 7 -9 -10 -11 -12 12 -14 -15 15 -17 -18 18 19 20 -22 -23 -24 -25 -26 -27 29 -29 -30 -31
leaf_value=-0.084936402671457842 -0.074843626370704242 0.061455361319412684 -0.037869783752757083 0.056975218441093649 -0.092548030745681256 -0.066111127190745606 -0.14763672243608558 0.054764156374392109 0.074772967192936801 0.013700882936082869 -0.079945572868081349 -0.057988102058272761 -0.13424328409017902 0.058284023426387437 -0.040360069148612898 0.075255394663673536 -0.26837445355655398 0.090470795339131549 0.12046804073047246 -0.093712141969062357 0.044906787582697449 -0.31178729324470855 -0.077980257356941113 -0.00050330675063145383 0.035915708397845671 0.094407915425426273 0.057734477508910635 0.013295792203076189 -0.079956329257165171 -0.0056183217772224018
leaf_weight=17.325327951926742 7.0651745898649088 24.764929385855794 67.277164922328666 5.2055519639980039 31.050734919495881 9.5890532857738418 12.278246080037208 6.2256034687161437 4.0750311641022554 244.60415943898261 8.7904649730771762 9.6537644197233003 6.2165806740522376 23.815073421224952 21.43196573946625 12.634006224572657 2.8539927536621681 9.9561760188080353 2.1656707823276546 16.29640501970426 4.0066342009231439 3.0529720410704604 4.7665045415051273 937.72356303734705 250.39913843828253 3.0593579802662125 43.889828472398221 16.673312052153051 43.494597729761153 33.01748191844672
leaf_count=621 93 164 532 96 321 194 65 24 17 1549 42 72 33 86 148 39 25 74 6 219 18 20 89 4254 1390 13 174 103 1799 164
internal_value=0.00050506 0.00406336 -0.0014545 -0.00905808 -0.00374274 -0.0212642 -0.00871943 -0.0795391 -0.0731367 0.00818363 0.020636 0.0232826 -0.00896094 0.00210371 -0.0266236 0.0025181 -0.105994 0.00162008 -0.0375004 -0.0798627 -0.0984382 -0.12812 0.0359343 -0.00300471 0.0328763 -0.0580202 0.0198218 -0.0452691 -0.0653197 0.0305362
internal_weight=1883.36 1372.63 1029.77 510.733 445.359 180.37 145.245 18.5038 35.1258 264.989 342.86 334.07 76.6054 70.3888 46.5737 34.066 12.5078 126.741 40.2444 25.5217 23.356 19.3494 14.7227 1005 257.464 20.3847 86.4964 65.3735 48.7001 76.9073
internal_count=12444 6878 4950 5566 3568 1385 1047 89 338 2183 1928 1886 403 370 284 187 97 958 426 263 257 239 163 4786 1483 634 532 1998 1895 338
is_linear=0
shrinkage=0.1


Tree=60
num_leaves=31
num_cat=0
split_feature=37 10 10 35 19 14 1 7 10 3 34 8 51 38 23 23 0 8 6 35 2 34 33 36 45 34 48 16 21 35
split_gain=6.21884 7.75384 8.70463 6.2774 8.74947 7.24887 9.68756 12.8532 10.1611 10.4407 8.66864 12.5773 9.58372 9.12213 9.11556 8.04635 6.99755 9.93662 11.1487 9.73254 9.66278 7.00176 6.78729 9.44396 9.89382 8.89395 8.75965 9.58978 8.46955 8.60964
threshold=0.45187769830226904 0.081969603896141066 0.078273713588714613 0.991814285516739 10.759058952331545 76.046428680419936 0.27589508891105657 86.169208526611342 0.10116422548890115 0.65729799866676342 0.94804006814956676 65.454547882080092 0.843082755804062 0.39838230609893804 0.20710681378841403 0.49999998509883886 0.5718502700328828 87.059238433837905 82.217830657958999 0.74457246065139782 0.25654400885105139 0.19957887381315234 0.51199999451637279 0.054105225950479514 0.69118785858154308 0.44557882845401769 0.45000000298023229 0.062074577435851104 0.082020234316587462 0.62965285778045665
decision_type=2 2 2 2 2 2 2 2 2 2 2 2 2 2 2 2 2 2 2 2 2 2 2 2 2 2 2 2 2 2
left_child=1 2 -1 16 5 10 -7 8 9 -8 11 13 -12 -5 -15 -13 17 21 -19 -20 -21 -2 26 24 -24 -25 -23 -28 29 -27
right_child=3 -3 -4 4 -6 6 7 -9 -10 -11 12 15 -14 14 -16 -17 -18 18 19 20 -22 22 23 25 -26 28 27 -29 -30 -31
leaf_value=-0.0249117920164207 -0.10143666318647587 -0.11999291689074505 0.22797021455126798 -0.097435007746507929 -0.090973745063138212 0.1087818104584895 -0.14995089938579217 0.07670947075494311 -0.2106849266410471 0.071225731385517188 0.098613038247048507 -0.18752690779980485 0.029167515134067502 -0.081341234890695557 0.072716417816858267 -0.012638642488787849 0.03048598100524811 -0.16389122843853599 -0.12409270209839061 0.10342707189527429 -0.060029495775499354 0.010548652466939539 -0.072229952699737351 -0.13171161409098395 0.040664972088415123 -0.014556213821477596 -0.015049405519585791 -0.14460273469307805 -0.055819847673226668 0.0067189779332851489
leaf_weight=39.56526042544283 6.8767037517391136 8.7335856505669636 1.4096735748462368 5.0388533324003211 6.8346049934625617 4.3319100067019489 4.1983894798904675 5.2706703245639792 5.6172451376914969 4.3411093428730965 28.864887736737728 5.1625776998698694 63.786028169095516 4.5612362474203136 24.315247355028987 5.3642411231994629 69.977933134883642 7.61377367936075 6.5180590571835664 7.3567698299884778 7.1136182248592377 600.30588489770889 37.959122780011967 5.3725522642489514 9.7583446707576496 294.13708193763159 30.845464583486319 7.0125904642045489 28.949164006859064 538.35320481774397
leaf_count=684 291 94 6 22 41 19 24 27 32 18 151 30 340 27 112 25 324 64 42 18 26 4439 680 102 51 1946 149 41 125 2494
internal_value=0.000452748 -0.0344457 -0.0162118 0.00140286 0.0198412 0.0245497 -0.0264435 -0.0565959 -0.106227 -0.0375143 0.0333872 -0.00292017 0.0508029 0.0267177 0.048382 -0.0984076 -0.000461786 -0.0018254 -0.0602335 -0.0226306 0.0230721 -0.000754211 -0.0003083 -0.00583127 -0.0491427 -0.003447 0.00760647 -0.0390471 -0.00264705 -0.000798014
internal_weight=1875.55 49.7085 40.9749 1825.84 167.687 160.852 23.7593 19.4274 14.1567 8.5395 137.093 44.4422 92.6509 33.9153 28.8765 10.5268 1658.15 1588.17 28.6022 20.9884 14.4704 1559.57 1552.69 914.529 47.7175 866.812 638.164 37.8581 861.439 832.49
internal_count=12444 784 690 11660 868 827 120 101 74 42 707 216 491 161 139 55 10792 10468 150 86 44 10318 10027 5398 731 4667 4629 190 4565 4440
is_linear=0
shrinkage=0.1


Tree=61
num_leaves=31
num_cat=0
split_feature=34 51 45 20 36 4 3 24 3 17 19 37 38 35 43 28 12 34 6 28 34 16 2 17 7 19 15 50 50 39
split_gain=5.66976 5.89714 8.15186 6.69655 5.9911 8.06569 10.6041 9.1041 8.06879 9.50538 10.7101 7.35656 8.69891 12.6759 10.2068 8.80705 9.8788 8.32989 11.2431 8.14926 7.41615 7.36415 7.35212 7.34324 7.75863 7.21205 7.10571 7.11794 11.4612 19.2816
threshold=0.1516937464475632 0.32167796790599829 0.14857650548219684 1.0000000180025095e-35 0.97426244616508495 5.9837012290954599 1.7169048786163332 0.12005221843719484 5.2679324150085458 60.186201095581062 1.7847577929496767 0.67304068803787243 0.52515855431556713 0.49994093179702764 0.58750000596046459 11920695.000000002 8.5000000000000018 0.7978372871875764 42.36609077453614 76356896.000000015 0.50004315376281749 0.16381968557834628 0.84959480166435253 28.00238132476807 48.95482254028321 13.694492816925051 -1.7153766155242918 0.65571194887161266 0.68855392932891857 0.39999999105930334
decision_type=2 2 2 2 2 2 2 2 2 2 2 2 2 2 2 2 2 2 2 2 2 2 2 2 2 2 2 2 2 2
left_child=-1 3 -3 -2 11 8 -7 -8 -6 10 -10 12 22 -14 15 17 -17 18 -15 -16 -20 -19 25 24 -12 26 -4 -28 29 -29
right_child=1 2 4 -5 5 6 7 -9 9 -11 23 -13 13 14 19 16 -18 21 20 -21 -22 -23 -24 -25 -26 -27 27 28 -30 -31
leaf_value=-0.11182082473041238 0.091146808484083131 -0.14519040956610171 -0.088430578825833744 0.00478267763939773 0.037080767682279941 -0.15421940002637824 0.060471863835911334 -0.097129155930384278 -0.1244044347855628 -0.14027450313275089 0.033162708190943468 0.056910211934659838 -0.10634213853008426 -0.085480782135913341 -0.062310366585715198 -0.0324483727637076 -0.237606123106647 0.065360870200205409 0.037301168419992127 0.10585614823839924 -0.040577559110535136 -0.027455249313671361 0.06066998885772739 0.054462175603226026 -0.15343214457497481 -0.099504436056046058 0.0063748480953371468 0.013742540057875808 -0.0018776049539550616 -0.079255881736595646
leaf_weight=4.4895588408689937 15.20345547609031 3.8647222667932501 9.0499365516006929 21.926150962710381 126.23005529306829 5.9507046900689629 9.9581421837210637 5.8003781884908667 5.5418073665350667 5.1543793156743041 4.918384872376917 21.088960761204362 16.38955920166336 16.069838001625612 48.39957232400775 12.707929534371941 2.8787751693744204 34.911316136829555 34.729435594752431 3.0640661632642141 18.872121400199831 11.319973118137566 19.840847998857498 24.185616428032517 4.0742881074547768 7.3391451714560381 821.24239988741465 38.169715404510498 460.82553726807237 53.602498356252909
leaf_count=239 80 38 97 126 564 29 45 26 26 30 22 81 773 519 526 122 32 196 486 16 346 82 88 111 24 37 5525 129 1797 232
internal_value=0.000421863 0.000692306 -0.000109864 0.0401462 0.000197819 0.016915 -0.0404857 0.00246226 0.0242406 -0.0127015 0.00428088 -0.0017688 -0.0025377 -0.022091 -0.0145434 0.000233301 -0.0703398 0.00972404 -0.012114 -0.052298 0.0098815 0.0426344 0.000226555 0.0257753 -0.0513774 -0.000636072 -0.000111367 0.000470421 -0.00830444 -0.0405762
internal_weight=1867.8 1863.31 1826.18 37.1296 1822.32 191.814 21.7092 15.7585 170.105 43.8745 38.7201 1630.5 1609.41 199.343 182.953 131.489 15.5867 115.903 69.6714 51.4636 53.6016 46.2313 1410.07 33.1783 8.99267 1390.23 1382.89 1373.84 552.598 91.7722
internal_count=12444 12205 11999 206 11961 877 100 71 777 213 183 11084 11003 3098 2325 1783 154 1629 1351 542 832 278 7905 157 46 7817 7780 7683 2158 361
is_linear=0
shrinkage=0.1


Tree=62
num_leaves=31
num_cat=0
split_feature=38 2 10 44 36 4 14 17 37 0 43 2 28 12 4 38 38 43 37 8 16 4 1 36 28 16 19 48 5 8
split_gain=5.52193 12.0146 9.41509 10.0047 7.13541 11.4594 9.86801 13.2235 10.3091 9.44259 9.35527 10.5553 8.81776 12.384 10.7877 10.1489 8.31644 10.4472 11.0654 8.49952 11.0818 10.0851 8.32523 8.23601 8.08867 12.5725 11.0451 10.7442 10.355 15.0769
threshold=0.35875451564788824 0.076812621206045165 0.03878044709563256 0.64232584834098827 0.56797793507576 2.3268057107925419 74.26398086547853 70.074188232421889 0.55548864603042614 0.044987130910158164 0.56250000000000011 0.04061445780098439 577253.00000000012 10.500000000000002 3.1494954824447636 0.448329508304596 0.53694418072700512 0.58750000596046459 0.46562020480632788 54.243764877319343 -0.0069858834613114587 2.9167760610580449 0.17400066554546359 0.098266094923019423 2386209.5000000005 0.25072357058525091 1.1264306902885439 0.25000000745058065 0.63332805037498485 68.919139862060561
decision_type=2 2 2 2 2 2 2 2 2 2 2 2 2 2 2 2 2 2 2 2 2 2 2 2 2 2 2 2 2 2
left_child=1 -1 -3 -4 16 6 8 -8 9 -6 11 -7 -13 14 -14 -16 24 18 -18 20 -19 -21 -20 -24 -2 27 -27 -26 -29 -30
right_child=4 2 3 -5 5 10 7 -9 -10 -11 -12 12 13 -15 15 -17 17 19 22 21 -22 -23 23 -25 25 26 -28 28 29 -31
leaf_value=-0.11134706882447637 0.0065991863310221697 0.02060436404015966 0.05277697972835789 -0.084576556935888406 -0.10097039627489493 0.094782342594722957 -0.23389527538751809 -0.0028188345932378088 0.010927501604722285 0.054088956807012416 0.013823638881925129 -0.010933727580120935 -0.17090553495480518 -0.22489386407194206 -0.14232089113775248 0.027332757881717858 -0.098453847220925123 -0.16197267429250078 -0.024573829508645246 -0.080996019540533884 0.087216215155914753 -0.29108868613618127 -0.034450531882961849 0.06445178987976273 0.0034007269006765014 -0.20312824496628218 -0.019709100735151155 -0.072293397790725397 0.020408849317605476 -0.0703439998251362
leaf_weight=13.380703207105396 792.50414278940298 44.584660171996802 6.9355473788455155 22.529144439846277 4.0604334939271203 5.2506792172789565 3.3258246616460374 9.6973345736041647 166.94351246207952 119.78770655719563 64.985458525829017 25.914671608246863 6.3986492939293447 5.5880326870828858 4.8654780089855221 12.808896811679004 12.305393195943905 2.5361081529408693 50.716421087621711 23.291971530532468 6.0229609310626966 2.5333573129028073 11.821774550946428 29.259046994149685 277.78253049473278 6.2515872477088106 6.9139648796990514 42.141093265265226 52.662135429680347 28.059735381044447
leaf_count=102 5029 203 27 109 30 18 22 61 719 510 293 128 37 33 23 57 538 41 1250 380 48 19 234 220 1672 52 34 208 220 127
internal_value=0.000392989 -0.0241412 -0.00838308 -0.0522456 0.00160184 0.0128211 0.0233308 -0.0618306 0.0271448 0.0490052 -0.0125582 -0.0407439 -0.0535482 -0.0907802 -0.0596486 -0.0193702 -0.00198239 -0.0251919 -0.00940686 -0.0729828 0.0133799 -0.101605 0.00252987 0.0359908 0.000682094 -0.0106499 -0.106805 -0.00749021 -0.0321137 -0.0111378
internal_weight=1861.86 87.4301 74.0494 29.4647 1774.43 429.627 303.815 13.0232 290.792 123.848 125.812 60.8264 55.5757 29.6611 24.073 17.6744 1344.8 138.487 104.103 34.3844 8.55907 25.8253 91.7972 41.0808 1206.32 413.811 13.1656 400.645 122.863 80.7219
internal_count=12444 441 339 136 12003 1931 1342 83 1259 540 589 296 278 150 117 80 10072 2730 2242 488 89 399 1704 454 7342 2313 86 2227 555 347
is_linear=0
shrinkage=0.1


Tree=63
num_leaves=31
num_cat=0
split_feature=35 6 33 17 9 34 20 51 34 47 35 51 34 38 34 47 35 34 50 11 19 24 12 50 8 35 23 2 44 5
split_gain=5.69082 9.39447 9.32914 9.11469 12.9022 9.31938 10.601 8.99955 16.7977 11.5283 10.4273 8.98296 9.37994 9.08145 8.93717 11.2648 12.7313 10.5852 11.7647 15.5548 13.4291 10.853 11.112 8.66884 13.5514 10.2071 8.25898 8.04917 8.31294 12.2023
threshold=0.62965285778045665 21.435533523559574 0.51199999451637279 60.186201095581062 -0.0016560800140723584 0.49751566350460058 1.0000000180025095e-35 0.65090593695640575 0.87048718333244335 0.13194816559553149 0.80879724025726329 0.51872605085372936 0.94156450033187877 0.47883398830890661 0.54287734627723705 0.3880384117364884 0.72993144392967235 0.99578979611396801 0.79281362891197216 1.0315371155738833 5.7905507087707528 0.016261236742138866 18.500000000000004 0.76423919200897228 66.674648284912124 0.68918597698211681 0.14285714179277423 0.32918608188629156 0.8290286958217622 3.4959905147552495
decision_type=2 2 2 2 2 2 2 2 2 2 2 2 2 2 2 2 2 2 2 2 2 2 2 2 2 2 2 2 2 2
left_child=1 -1 -3 5 -5 -4 -7 8 9 -2 11 -10 -13 -14 15 -9 23 18 20 -20 21 26 -23 -17 -25 -26 -16 28 29 -11
right_child=7 2 3 4 -6 6 -8 14 10 27 -12 12 13 -15 17 16 -18 -19 19 -21 -22 22 -24 24 25 -27 -28 -29 -30 -31
leaf_value=-0.10282501453022197 -0.093066366602905667 0.0034309233067820245 -0.10054294960786883 0.026046894105047722 -0.10303816154610944 0.10647842262512622 -0.011459509583653679 0.10319514237439534 0.11693356428304365 0.012600460537351532 0.08514864223618146 -0.035558734992108897 0.06389926951743595 -0.019539477130906938 0.12641627226534793 0.031678528657604531 0.076382413027230103 0.0037532403698826867 0.04060501216363592 -0.10608511810533981 -0.22096106786102504 -0.069034390076337812 0.074724674164657348 0.011079166364948566 -0.27751204525465051 -0.060268196890860937 -0.011577061977415289 0.068591617942873051 -0.054282522737440553 -0.15150690375726897
leaf_weight=9.7662374163046461 12.22593206190504 575.7718490192201 11.357216025236992 11.038673338945953 25.934938691556454 7.8437028112821272 269.05084554152563 16.897609619423747 9.8600162062793952 172.59762454871088 44.698285623453557 24.870609114412218 41.133668684400618 19.101808212697506 4.9825811535120001 12.607553053647282 17.285598956048489 338.54300804808736 40.505008418112993 8.7990397140383703 4.1191120371222487 73.192376843653619 5.8030840530991545 8.6672316715121287 4.2059524878859502 4.4520574286580086 33.485095885349438 19.181498659774661 24.119033514522016 4.6530689480714491
leaf_count=257 237 4741 221 93 226 64 1976 60 49 1162 209 127 149 84 12 42 86 1432 179 36 22 463 20 48 25 21 160 82 116 45
internal_value=0.000368139 -0.00527408 -0.00421669 -0.0177559 -0.0644991 -0.0117602 -0.00811863 0.00580028 0.0179041 0.00145402 0.0453213 0.0265755 0.016107 0.0374393 -0.00205955 0.0331269 0.00805216 -0.00648806 -0.0267771 0.014426 -0.0434858 -0.0372622 -0.0584737 -0.0314072 -0.0773146 -0.165803 0.00629672 0.00669362 0.000797516 0.00829242
internal_weight=1856.75 910.763 900.997 325.225 36.9736 288.252 276.895 945.987 372.442 232.777 139.664 94.9661 85.1061 60.2355 573.545 64.116 47.2184 509.429 170.886 49.304 121.582 117.463 78.9955 29.9328 17.3252 8.65801 38.4677 220.551 201.37 177.251
internal_count=12444 7578 7321 2580 319 2261 2040 4866 2260 1642 618 409 360 233 2606 282 222 2324 892 215 677 655 483 136 94 46 172 1405 1323 1207
is_linear=0
shrinkage=0.1


Tree=64
num_leaves=31
num_cat=0
split_feature=18 16 34 28 24 21 33 11 44 35 50 8 9 50 38 16 4 33 5 19 19 9 10 16 8 35 33 28 22 33
split_gain=5.13842 11.2509 9.91854 9.35199 7.75498 7.16697 9.07153 7.14883 7.98849 7.03204 10.1566 9.66317 8.71305 8.54748 12.7063 9.85283 8.46937 7.80094 7.66399 7.17719 8.65165 14.0714 14.1476 14.0022 12.9581 13.6132 9.48032 9.07199 10.1059 9.90857
threshold=-0.10756035894155501 -0.036688413470983498 0.890527904033661 24698.000000000004 0.63354313373565685 -0.026298681274056431 0.65951889753341686 -0.040631527081131928 0.51003113389015209 0.62610542774200451 0.65571194887161266 87.059238433837905 0.35946078598499304 0.92210242152214061 0.42559224367141729 0.0479916948825121 0.82949256896972667 0.80522826313972484 2.768297672271729 7.5012316703796396 4.8875181674957284 -0.0023990500485524531 -0.038087964057922356 1.6554139852523806 49.236597061157234 0.56346249580383312 0.59086346626281749 19658421.000000004 31.144704818725589 0.60011589527130138
decision_type=2 2 2 2 2 2 2 2 2 2 2 2 2 2 2 2 2 2 2 2 2 2 2 2 2 2 2 2 2 2
left_child=1 2 3 4 -1 6 -5 8 -2 13 11 18 -12 17 15 -15 -13 19 -11 20 23 -22 -23 27 26 -26 -24 29 -29 -9
right_child=7 -3 -4 5 -6 -7 -8 9 -10 10 12 16 -14 14 -16 -17 -18 -19 -20 -21 21 22 24 -25 25 -27 -28 28 -30 -31
leaf_value=0.02402148729675856 0.08656402612310686 -0.095460830552457812 0.068021687951408644 -0.05323622291484903 -0.15515816372202013 -0.07260698344801382 0.15375071967338713 0.0031069811613095295 -0.011549370618767162 0.025452863725265774 -0.0060554906807596788 0.00074896265186866521 0.052811264944927307 -0.16404842442436318 0.062843270817467073 0.043031321748696616 -0.14340531985590568 -0.11891625797857369 -0.038080601267628272 -0.039020147462984045 0.071174870362209999 -0.16820544387215672 0.012508059039728526 -0.21335665573718168 -0.14176989802107856 0.015237583627847499 0.12107306777895147 -0.068035832257536608 0.02563330863950268 -0.031034075863992969
leaf_weight=40.068816078128293 20.494962140219286 16.85321996093262 14.936968731693922 5.4039984727278334 2.5704321314115068 35.332107643363997 3.4814321240410209 419.36534058419056 13.945278130704535 361.74081298033707 452.76558620482683 10.655867836438121 26.62218626588583 4.977688290178774 36.331016838550568 4.2675013989210129 6.6000023158267132 6.3300630738958708 20.038480922579765 65.787694528698921 37.385399239137769 4.926721788942813 31.844492668984458 3.3409496049862346 9.8806061991490441 12.519503442570565 10.761728257406501 45.822578034596518 15.385558968409894 106.6198752198834
leaf_count=365 113 277 73 55 33 531 13 4172 73 1958 1920 57 151 25 162 16 37 45 137 338 169 25 189 33 68 49 38 441 54 827
internal_value=0.000350929 -0.0197803 -0.00725041 -0.0201951 0.01322 -0.0524175 0.0278641 0.00173284 0.0468367 0.000815828 0.00702395 0.0188098 -0.0027864 -0.00587093 0.0362078 -0.0684622 -0.054387 -0.00836166 0.0221182 -0.00744523 -0.00446861 0.0216502 -0.00482517 -0.00921521 0.00755715 -0.0540178 0.03993 -0.00805371 -0.0444907 -0.00381358
internal_weight=1847.06 118.647 101.794 86.8568 42.6392 44.2175 8.88543 1728.41 34.4402 1693.97 878.423 399.035 479.388 815.547 45.5762 9.24519 17.2559 769.971 381.779 763.64 697.853 107.318 69.9331 590.534 65.0063 22.4001 42.6062 587.193 61.2081 525.985
internal_count=12444 1347 1070 997 398 599 68 11097 186 10911 4260 2189 2071 6651 203 41 94 6448 2095 6403 6065 538 369 5527 344 117 227 5494 495 4999
is_linear=0
shrinkage=0.1


Tree=65
num_leaves=31
num_cat=0
split_feature=18 20 34 6 34 10 14 1 35 34 34 21 33 23 14 19 28 9 11 24 35 47 34 47 43 11 18 6 22 19
split_gain=5.12685 11.489 26.8141 11.169 12.1952 11.0064 9.92817 9.22864 8.71217 12.0043 16.2334 13.3 11.384 10.3996 8.49388 8.58455 8.37309 8.21183 8.44704 8.06255 8.86967 9.23144 11.1176 9.75322 8.96442 8.25436 9.06657 7.80407 7.71104 7.66261
threshold=6.2629333115182831e-05 2.5000000000000004 0.58386555314064037 71.585418701171889 0.90122726559638988 0.044006140902638442 70.425457000732436 0.12255697697401048 0.49617360532283789 0.50004315376281749 0.80236420035362255 0.00084869540296494972 0.67743492126464855 0.22222223132848742 20.163693428039554 7.6766848564147958 9740369.0000000019 -0.016183747909963127 0.018320832401514057 0.016261236742138866 0.60321021080017101 0.79069179296493541 0.6043040156364442 0.50012505054473888 0.53749999403953563 0.41896560788154608 -0.090832054615020738 39.200901031494148 -12.115293502807615 6.8360397815704355
decision_type=2 2 2 2 2 2 2 2 2 2 2 2 2 2 2 2 2 2 2 2 2 2 2 2 2 2 2 2 2 2
left_child=3 2 29 4 5 7 -6 8 -1 12 -11 -12 27 -13 17 16 19 18 -9 -16 25 22 -22 24 -24 26 -21 -10 -3 -2
right_child=1 28 -4 -5 6 -7 -8 14 9 10 11 13 -14 -15 15 -17 -18 -19 -20 20 21 -23 23 -25 -26 -27 -28 -29 -30 -31
leaf_value=-0.10863423120580336 0.012833758262694657 -0.081798571743091242 0.08503808384715357 -0.17543650874673652 0.052030412138302277 -0.11473755707380269 -0.048922506566160762 0.097417662603808991 -0.099459998928884824 -0.11517445875817818 0.10037938611001196 0.031511266548465693 0.12996754056815696 -0.14663341777503411 0.031180454206491071 -0.11255778312230312 -0.062555684838835154 0.093770336208583119 -0.052378409689306453 -0.10512870295028853 0.10010245961813249 -0.17105648592928899 0.023416733220823643 0.13560580179581724 -0.095172258172886215 -0.11833917488128963 0.0076016329428506713 0.011160333330094639 5.7934382803689346e-05 -0.048810420467453874
leaf_weight=14.282321168109773 148.48697049403563 11.620242470409719 54.369312836788595 4.0180578459985545 50.714835252612829 10.781260554678736 12.057748851366339 5.5721959248185184 7.8489530053921035 25.386485308408737 8.4790144353173691 6.3573617851361615 6.7948887697421005 6.7629972863942385 63.63487165980041 7.6407697903923681 21.733316177735105 17.341480763163418 11.60370203014463 9.6320780015084839 14.139025530312209 2.4846805296838275 14.044640330597764 4.1036235252395263 11.671591572463511 11.575908964499829 27.514197114156563 34.018777211429551 1193.2740940763615 23.333447983954102
leaf_count=684 1536 73 254 39 264 225 67 17 252 617 30 33 36 75 446 45 199 95 118 134 78 14 126 12 170 237 205 478 5743 142
internal_value=0.00032556 0.00315062 0.0238304 -0.00953049 -0.00788929 -0.0152976 0.0326387 -0.0120745 -0.035782 -0.0249036 -0.0609568 0.002767 0.00990738 -0.0603149 -0.000371401 -0.00873588 -0.00434181 0.0452283 -0.00378165 0.0036253 -0.0148001 0.0164689 0.0270683 -0.00756063 -0.0304062 -0.0446068 -0.0216295 -0.00957769 -0.000731506 0.00446239
internal_weight=1841.28 1431.08 226.19 410.195 406.177 343.404 62.7726 332.623 109.931 95.6485 46.9859 21.5994 48.6626 13.1204 222.692 188.175 180.534 34.5174 17.1759 158.801 95.1657 46.4436 43.9589 29.8199 25.7162 48.7222 37.1463 41.8677 1204.89 171.82
internal_count=12444 7748 1932 4696 4657 4326 331 4101 2205 1521 755 138 766 108 1896 1666 1621 230 135 1422 976 400 386 308 296 576 339 730 5816 1678
is_linear=0
shrinkage=0.1


Tree=66
num_leaves=31
num_cat=0
split_feature=1 34 10 23 47 14 17 2 36 3 3 45 16 17 13 5 36 2 16 4 37 4 5 23 39 47 14 40 24 50
split_gain=5.14482 8.08041 7.61643 6.81712 10.1625 12.2563 12.8611 11.0519 8.73265 8.41989 8.17225 8.55181 7.89307 7.70324 13.4604 7.80145 10.465 10.6195 10.3098 11.8654 8.85803 8.59586 12.3669 8.30598 10.6332 7.34109 9.03919 7.23788 8.11337 11.6889
threshold=0.078363236039876952 0.42531241476535803 0.035872705280780799 0.99953573942184459 0.66758605837821972 19.536788940429691 53.916936874389656 0.29822352528572088 0.063858680427074446 0.37790225446224218 0.84863045811653148 0.64270120859146129 -0.0085883326828479749 21.572337150573734 18.276617050170902 1.4667792320251467 0.34528544545173651 0.84959480166435253 -0.0069858834613114587 0.66773211956024181 0.65305653214454662 0.83674967288970958 0.84325608611106884 0.037037026137113578 0.45000000298023229 0.16433824598789218 66.750881195068374 0.25000000745058065 0.020408161915838722 0.58440187573432933
decision_type=2 2 2 2 2 2 2 2 2 2 2 2 2 2 2 2 2 2 2 2 2 2 2 2 2 2 2 2 2 2
left_child=1 -1 -3 8 5 12 -7 -8 10 27 -2 25 -5 -11 -15 16 17 20 -18 -20 23 22 -21 24 -16 -12 -27 28 -10 -30
right_child=3 2 -4 4 -6 6 7 -9 9 13 11 -13 -14 14 15 -17 18 -19 19 21 -22 -23 -24 -25 -26 26 -28 -29 29 -31
leaf_value=-0.10906304978462256 -0.04349361611948542 -0.0066532422757849307 -0.11206101524967622 0.015820992785554471 0.085391160271153912 0.048587145049039916 0.0012405668316224396 -0.15818390911970223 0.056571060708900535 0.021978636215049897 0.11373942249638397 0.065038750944987594 -0.18661926116230598 -0.11936769897268146 0.079223642747757061 -0.015546083724634367 -0.010028054071269501 0.11118289878659796 0.062324497475955379 -0.0012251610812005086 0.091221123777228422 0.020478564697686007 -0.18912380521530725 -0.015375657637397875 -0.061890460634219435 -0.092642413109244148 0.083552528474881371 0.0660389160350459 -0.041256617990541221 0.038288081382238548
leaf_weight=8.5925286456476879 80.763507819734514 206.30093478853814 7.0905834170989683 3.180692570284009 23.048785308375955 55.250244322232902 16.157228411640975 5.9495954029262057 30.405262906104326 142.82835075515322 3.0042367610149112 17.145270137116313 4.8823719602078182 9.8019834174774569 20.074206255842004 295.05954995402135 110.00898049399257 7.4325888948515049 68.213787690736353 12.75878828763962 8.5660042432136816 177.70860104821622 4.8283386137336484 379.02657984523103 7.274896601215004 13.801991822896527 3.6901500453241161 34.18376231379807 40.241200337419286 34.151851132512093
leaf_count=511 1228 1890 72 19 136 327 110 41 171 810 48 69 35 63 116 1514 537 34 268 51 31 737 31 2556 58 153 20 296 392 120
internal_value=0.000287196 -0.0139842 -0.0101557 0.0022556 0.0264657 0.0105659 0.0227951 -0.0416652 0.000506038 0.00273822 -0.0255582 0.0129239 -0.106761 0.00012935 -0.0027057 -0.00165752 0.00349136 -0.00729188 0.015685 0.0264196 -0.00941404 0.0138786 -0.0528105 -0.0115353 0.0416871 -0.0306702 -0.0554722 0.0260818 0.0130484 -0.00473978
internal_weight=1831.42 221.984 213.392 1609.44 108.469 85.4201 77.3571 22.1068 1500.97 1382.56 118.405 37.6416 8.06306 1243.58 1100.75 1090.95 795.893 422.374 373.518 263.51 414.942 195.296 17.5871 406.376 27.3491 20.4964 17.4921 138.982 104.798 74.3931
internal_count=12444 2473 1962 9971 668 532 478 151 9303 7785 1518 290 54 6806 5996 5933 4419 2795 1624 1087 2761 819 82 2730 174 221 173 979 683 512
is_linear=0
shrinkage=0.1


Tree=67
num_leaves=31
num_cat=0
split_feature=35 47 23 19 2 37 12 34 24 0 5 47 43 23 23 15 37 44 47 4 3 3 33 18 9 11 48 44 34 6
split_gain=4.90431 7.48259 7.45965 6.93914 6.68615 6.08847 8.47841 8.58887 10.7844 8.10135 10.6396 11.4427 11.1928 6.19527 6.74995 5.97658 7.74595 8.38103 5.64152 8.8987 7.85685 5.75978 8.53522 8.19619 6.95385 6.94781 18.3858 9.96222 6.90513 9.79592
threshold=0.94534042477607738 0.19563816487789157 0.90508985519409191 9.729861259460451 0.13318625092506411 0.54371842741966259 16.500000000000004 0.94804006814956676 0.24149502068758014 0.59009701013565075 2.2517409324646001 0.87458980083465587 0.63749998807907116 0.14285714179277423 0.47756846249103552 5.143986940383912 0.54074564576148998 0.80460187792778026 0.09564820304512979 0.75711607933044445 0.016903567127883438 0.45942354202270513 0.37745139002799993 -0.87003341317176808 0.0096957962960004824 0.45233251154422766 0.35000000894069677 0.91522616147995006 0.98585620522499096 82.895885467529311
decision_type=2 2 2 2 2 2 2 2 2 2 2 2 2 2 2 2 2 2 2 2 2 2 2 2 2 2 2 2 2 2
left_child=15 -2 3 5 -5 6 7 8 13 -9 11 12 -11 -3 -15 18 17 -17 19 -1 -20 22 -22 24 -23 27 28 -24 -27 -30
right_child=1 2 -4 4 -6 -7 -8 9 -10 10 -12 -13 -14 14 -16 16 -18 -19 20 -21 21 23 25 -25 -26 26 -28 -29 29 -31
leaf_value=-0.1053285887800209 0.073707732234854981 0.10199192293460457 0.065738983328538531 -0.17343388503588603 0.0031494234249468487 0.032816613911391804 0.092392555502458035 0.035348010687067215 -0.16232240610998416 -0.19380939338533384 -0.1467203126209648 0.080117604358289629 0.017507623136400984 -0.1216626399533684 0.025282532348804024 -0.10601770686628349 -0.21500846625863992 0.085609093194418617 -0.088957377313564651 0.0075726385233700387 -0.088385510050285679 -0.13135021129333943 0.044719753363795509 -0.0015741981755636868 0.059218836920789122 -0.022512769916707111 0.085353876808725013 -0.1695984923743708 0.05720205176069048 -0.087027769372860095
leaf_weight=13.164378711837346 19.730063298717141 3.2542015230283168 20.246860239654779 4.3423120677471143 4.2360302284359932 54.190644588321447 7.4695506431162348 32.263840943574905 8.1951015563681704 4.4290143623948151 6.8400913923978797 9.0778836868703348 5.7744753733277321 6.674300676211713 5.8799788001924753 5.5505846202140656 2.8638999350368968 3.876256285700947 9.9107043961994332 14.863341032876631 7.8754710003267965 8.4936244452837837 88.199224267154932 1314.0736231182236 2.4720925588626406 101.72023933066521 23.941053670365363 2.2235720651224247 25.893370681442324 5.7558502554893485
leaf_count=488 112 13 152 23 23 300 34 140 58 23 33 37 29 50 25 43 18 17 77 307 207 114 809 7787 29 1282 83 16 92 23
internal_value=0.000273121 0.015364 0.00870531 0.00113948 -0.0862361 0.00634283 -0.00962263 -0.0188715 -0.0692271 0.00183083 -0.0395678 -0.00155533 -0.0742185 -0.0209666 -0.0528387 -0.0015091 -0.0709787 -0.027222 -0.000981579 -0.0454561 -0.00019788 0.000358645 0.0141026 -0.00229265 -0.0883886 0.0173607 0.00466398 0.0394495 -0.00982061 0.0309719
internal_weight=1823.48 192.604 172.874 152.627 8.57834 144.049 89.8584 82.3889 24.0036 58.3853 26.1215 19.2814 10.2035 15.8085 12.5543 1630.88 12.2907 9.42684 1618.59 28.0277 1590.56 1580.65 255.609 1325.04 10.9657 247.733 157.311 90.4228 133.369 31.6492
internal_count=12444 1052 940 788 46 742 442 408 146 262 122 89 52 88 75 11392 78 60 11314 795 10519 10442 2512 7930 143 2305 1480 825 1397 115
is_linear=0
shrinkage=0.1


Tree=68
num_leaves=31
num_cat=0
split_feature=39 28 10 19 18 37 38 19 9 18 3 18 47 28 28 14 39 4 45 23 47 21 47 35 33 21 23 4 35 47
split_gain=4.88486 9.46834 11.1427 11.676 9.80295 9.67724 10.5498 11.4494 11.1668 9.60221 9.59202 11.3944 11.5651 10.8787 11.4925 12.2317 11.3049 13.5377 10.6353 10.0424 10.6949 15.9737 10.5667 9.78684 9.53016 9.51845 9.03212 8.90145 8.68752 10.2007
threshold=0.59735900163650524 68430.500000000015 0.056261882185935981 -2.1894261837005611 1.1208775639533999 0.49830476939678198 0.41715209186077123 5.9006564617156991 0.018465598113834861 0.2349856719374657 1.2003884315490725 0.057389294728636749 0.14788305014371875 18536326.000000004 139089.00000000003 41.991422653198249 0.54504859447479259 0.87946999073028576 0.43531563878059393 0.7119928002357484 0.71385261416435253 0.082020234316587462 0.48932917416095739 0.53658089041709911 0.76295346021652233 0.038327230140566833 0.050161290913820274 0.79420104622840892 0.79038098454475414 0.28449627757072454
decision_type=2 2 2 2 2 2 2 2 2 2 2 2 2 2 2 2 2 2 2 2 2 2 2 2 2 2 2 2 2 2
left_child=1 2 -1 -4 25 6 8 28 -3 -10 13 12 -12 14 15 -7 18 -18 27 20 21 22 23 -13 -6 -5 -20 -16 -8 -30
right_child=-2 5 3 4 24 10 7 -9 9 -11 11 19 -14 -15 16 -17 17 -19 26 -21 -22 -23 -24 -25 -26 -27 -28 -29 29 -31
leaf_value=0.023564586256268436 0.0061188687262239104 -0.099742755634957825 0.043778684602296725 -0.088173513013370869 -0.2185411166994049 0.0034379651787987704 -0.084534271758174614 0.14321199100224866 0.075541354497297264 -0.081517536267227603 -0.10093101028853076 -0.13955065465495428 0.0058467381988111617 -0.041786387216078441 0.016327573241938086 -0.12239769879120539 0.0081880853986966481 -0.17836655876972474 0.10071381626122247 -0.15837927943983332 0.034732779544911406 -0.18852375636633381 0.025896942701732498 -0.038489763806508336 -0.055930788857854366 0.051248834888215335 0.027668041379561525 -0.057978672250042752 0.066118942803112313 -0.071717986708289827
leaf_weight=195.2456725257216 797.24222904746421 6.9346918188966837 15.121337766759096 9.3542169807478803 6.1211941167712203 20.345133298775181 55.387203676160425 2.7754305987618855 19.453104337677363 4.8664554022252551 10.858690327731891 11.279747215565292 154.0101694627665 42.869339213473722 43.787933443905786 12.452660726383327 10.312190753873439 6.2458494659513226 18.595737629570067 6.8792615141719571 19.012637838721275 7.3915530517697325 21.452771566808224 63.681949502322823 8.7649728581309301 10.275746926665304 188.72213642287534 25.516105148475617 9.7355801239609736 11.970865577924995
leaf_count=1736 4487 66 97 95 42 167 1823 21 74 21 150 86 669 261 403 113 62 42 88 37 94 35 83 269 41 35 984 213 71 79
internal_value=0.000255188 -0.00433053 0.0128091 -0.0294968 -0.0615984 -0.00974952 -0.0370609 -0.0563355 0.0121944 0.0441132 -0.0051748 -0.0186301 -0.00118592 0.00557082 0.0117988 -0.0443393 0.0180789 -0.0621821 0.0228831 -0.0408048 -0.0342192 -0.0468482 -0.0359867 -0.0536967 -0.122796 -0.0151897 0.03422 -0.0110302 -0.0635193 -0.0098966
internal_weight=1816.66 1019.42 244.883 49.6375 34.5161 774.537 111.123 79.8691 31.2543 24.3196 663.414 294.567 164.869 368.847 325.978 32.7978 293.18 16.558 276.622 129.698 122.819 103.806 96.4145 74.9617 14.8862 19.63 207.318 69.304 77.0936 21.7064
internal_count=12444 7957 2046 310 213 5911 2155 1994 161 95 3756 1423 819 2333 2072 280 1792 104 1688 604 567 473 438 355 83 130 1072 616 1973 150
is_linear=0
shrinkage=0.1


Tree=69
num_leaves=31
num_cat=0
split_feature=38 2 10 44 34 18 16 34 34 0 1 35 34 33 34 21 33 34 51 44 14 21 34 33 0 38 35 34 15 9
split_gain=4.66386 8.98342 7.0851 7.134 6.62384 6.21969 8.44946 10.9157 9.83506 7.29229 11.7599 7.48044 6.8583 13.3969 11.8049 7.71688 7.32614 8.85994 7.05186 10.8777 6.5491 6.40971 14.6959 13.1521 9.53555 10.0054 9.06876 15.8714 10.8933 12.4309
threshold=0.35875451564788824 0.076812621206045165 0.03878044709563256 0.64232584834098827 0.8383086919784547 -0.021232078783214089 -0.0085883326828479749 0.890527904033661 0.87729689478874218 0.25411531329154974 0.20268384367227557 0.49799706041812902 0.50004315376281749 0.70770496129989635 0.80236420035362255 -0.0096850898116826994 0.49530422687530523 0.70729586482048046 0.40874995291233068 0.70376789569854747 46.780393600463874 0.010550055187195541 0.75918841361999523 0.51199999451637279 0.085259959101676955 0.42778079211711889 0.51582151651382457 0.49996672570705419 0.23256520181894305 0.0088593685068190115
decision_type=2 2 2 2 2 2 2 2 2 2 2 2 2 2 2 2 2 2 2 2 2 2 2 2 2 2 2 2 2 2
left_child=1 -1 4 -4 -3 6 7 8 9 10 11 -2 13 18 15 16 -14 -18 -13 -20 -16 22 23 26 25 -23 28 -28 29 -7
right_child=5 2 3 -5 -6 21 -8 -9 -10 -11 -12 12 14 -15 20 -17 17 -19 19 -21 -22 24 -24 -25 -26 -27 27 -29 -30 -31
leaf_value=-0.098521072120016581 -0.10659775210096299 -0.021400482716137228 0.044505672116719963 -0.07353730496203735 0.056916499056707696 0.015281782404434641 -0.060745902817253977 0.052884916138754227 -0.22496091868941265 0.020823869684015062 -0.11239425940738829 0.074608396225346901 0.11520691503600869 0.13884813962100304 0.06559231637254917 -0.11074849419423649 -0.13294248269277661 0.056413339000338063 -0.070918935898892407 0.079249902835774294 -0.076361941634714312 0.022053544320930391 0.051166285611403073 -0.027255707099975136 0.00062277634384859263 -0.12775468438141005 -0.01267121976879562 0.065164852860721365 0.13189429923115684 -0.043934607600340715
leaf_weight=13.170840784907339 8.0987293717917037 22.038375063799322 6.6203413791954544 22.588363401591778 21.176248338073492 109.36029441165738 33.263502108980902 26.912009965162724 2.2195445364341131 45.511110915336758 13.99249052768573 8.4400833453983051 3.4320725512225172 8.1319147539325041 14.057256091153251 18.157705450197685 5.9111499746795726 4.2458895538002253 18.24403822794557 6.5574596137739709 4.2273668204434207 7.1788405226543572 84.514357048785314 94.540185930207372 1022.799350671703 11.763916014926506 40.604962455341592 73.830109643051401 6.1299505421193308 52.453220026334748
leaf_count=102 267 127 27 109 76 1458 653 137 14 244 174 82 14 30 75 460 120 26 298 44 55 39 431 948 4919 128 447 315 61 564
internal_value=0.00023114 -0.022553 -0.0087375 -0.0467821 0.0169768 0.00136196 -0.014286 -0.00607171 -0.0159128 -0.0129947 -0.0265557 -0.0144848 -0.00632337 0.0237986 -0.0312328 -0.0680968 -0.0111059 -0.0537871 -0.00434602 -0.0312146 0.0327728 0.00366674 0.0134783 0.00502779 -0.000679248 -0.070981 0.0158363 0.0375463 0.00104329 -0.00391371
internal_weight=1810.17 85.5942 72.4233 29.2087 43.2146 1724.58 221.402 188.139 161.227 159.007 113.496 99.5037 91.4049 41.3735 50.0314 31.7468 13.5891 10.157 33.2416 24.8015 18.2846 1503.18 461.433 376.919 1041.74 18.9428 282.379 114.435 167.943 161.814
internal_count=12444 441 339 136 203 12003 2693 2040 1903 1889 1645 1471 1204 454 750 620 160 146 424 342 130 9310 4224 3793 5086 167 2845 762 2083 2022
is_linear=0
shrinkage=0.1


Tree=70
num_leaves=31
num_cat=0
split_feature=34 20 35 10 51 45 15 34 39 35 38 34 34 20 35 35 47 33 35 21 45 35 35 35 18 35 3 5 0 5
split_gain=4.55279 4.44514 18.5747 16.7922 9.33129 9.32727 11.3069 8.98705 9.34839 12.2495 9.2839 8.08667 17.2787 22.7733 16.8767 15.7463 17.4452 14.1374 13.4533 19.8152 16.939 15.876 15.8203 12.0602 11.9885 11.6718 12.4421 9.39899 11.1523 11.1296
threshold=0.1516937464475632 1.0000000180025095e-35 0.50955334305763256 -0.031265517696738236 0.41385763883590704 0.46171315014362341 -0.0014974850346334276 0.49996672570705419 0.68786084651947033 0.69344517588615429 0.40321321785449987 0.50004315376281749 0.63239231705665599 2.5000000000000004 0.54744207859039318 0.54242816567420971 0.29973442852497106 0.47147168219089514 0.50100842118263256 0.003685478121042252 0.66884911060333263 0.5146709978580476 0.49994093179702764 0.52889761328697216 -0.012039259541779755 0.5920991599559785 0.53976240754127514 1.1500413417816164 0.17976327985525134 0.37023255228996282
decision_type=2 2 2 2 2 2 2 2 2 2 2 2 2 2 2 2 2 2 2 2 2 2 2 2 2 2 2 2 2 2
left_child=-1 2 3 4 -2 6 -5 8 9 -3 -10 15 17 -14 -15 18 -17 27 22 21 -21 -20 -9 -22 -23 26 -18 29 -29 -13
right_child=1 7 -4 5 -6 -7 -8 11 10 -11 -12 12 13 14 -16 16 25 -19 19 20 23 24 -24 -25 -26 -27 -28 28 -30 -31
leaf_value=-0.11137546089510207 0.078140153789232752 -0.070572104395704105 0.10437742419590744 -0.1117971776907406 -0.014721223689611743 -0.10944315648129095 0.043961562137660878 -0.061180872934221746 -0.13921738511598827 0.039693441999447077 0.025857038551139789 -0.079531776974451768 0.052049293065685488 -0.072586815575241423 -0.0011324861504177629 0.061781524705954306 -0.18011126953524187 -0.06776989814226865 -0.096179209754719469 -0.12332391158494389 -0.10176762541754898 -0.058058408376491843 0.023785121206262978 0.10477385062158995 0.10219256070196468 0.026255288660072509 -0.016658377700047616 -0.16208103790340522 0.061930291291548922 0.064542949399105681
leaf_weight=3.6494821247179052 26.443467734847218 56.542978056240827 21.054749200120568 6.9656945571769038 18.316532080527395 15.691153363673946 14.083406031830236 26.045477955136448 3.7661428668070576 12.259175014216451 35.726289469981566 6.879996795672926 79.315037384978496 34.329826071392745 889.79650123580359 101.55895745940506 5.404214027337729 71.008120276965201 8.9221515681128931 31.464023436652496 4.8743563489988428 6.3369779097847667 138.15674161189236 6.7310191243886948 17.729151467327029 89.382124009542167 33.683314258698374 6.0977754914201778 3.4969178922474384 24.295848122332245
leaf_count=239 143 902 119 264 224 486 365 379 40 104 245 50 727 379 4488 422 42 754 112 311 37 77 735 21 66 385 135 60 15 118
internal_value=0.000203515 0.000430199 0.0206464 -0.000984671 0.0401397 -0.0510858 -0.00758305 -0.000793833 -0.0286652 -0.050925 0.0101149 0.00110986 -0.00352784 0.00062656 -0.0037869 0.0121075 0.0308081 -0.0408221 -0.00579683 -0.0405657 -0.0852365 0.0177562 0.010308 0.0180247 0.059996 0.00632277 -0.0392573 0.00611173 -0.080437 0.032748
internal_weight=1800.01 1796.36 102.555 81.5003 44.76 36.7403 21.0491 1693.8 108.295 68.8022 39.4924 1585.51 1115.22 1003.44 924.126 470.289 230.029 111.779 240.26 76.0577 43.0694 32.9883 164.202 11.6054 24.0661 128.47 39.0875 40.7705 9.59469 31.1758
internal_count=12444 12205 1601 1482 367 1115 629 10604 1291 1006 285 9313 6591 5594 4867 2722 984 997 1738 624 369 255 1114 58 143 562 177 243 75 168
is_linear=0
shrinkage=0.1


Tree=71
num_leaves=31
num_cat=0
split_feature=18 21 34 38 34 16 6 34 14 10 6 20 34 17 47 47 0 14 39 19 15 35 20 23 3 2 51 36 0 36
split_gain=4.57123 9.76932 11.1109 9.17135 10.3384 12.7385 8.98469 8.53821 10.1735 9.48602 8.66322 6.79472 13.9704 9.78445 6.99357 11.2797 6.76836 7.00586 7.3224 7.98714 7.55595 7.17397 9.5053 7.6576 6.96291 6.70051 6.64206 6.63454 7.54559 6.51227
threshold=6.2629333115182831e-05 -0.0042164344340562812 0.37963359057903295 0.41875760257244116 0.68988457322120678 -0.0011481756810098884 73.183494567871108 0.91281041502952587 70.425457000732436 0.044006140902638442 67.842887878417983 2.5000000000000004 0.65202856063842785 29.475468635559086 0.49716567993164068 0.27349665760993963 0.059685163199901588 21.291996955871586 0.016287669539451603 3.5761010646820073 0.0017225210322067144 0.49617360532283789 1.0000000180025095e-35 0.6328057348728181 1.0983707904815676 0.19741210341453555 0.49612204730510717 0.11452053114771844 0.39161249995231634 0.14301376044750216
decision_type=2 2 2 2 2 2 2 2 2 2 2 2 2 2 2 2 2 2 2 2 2 2 2 2 2 2 2 2 2 2
left_child=6 3 -3 4 5 -2 7 9 10 16 -9 12 13 29 15 26 -1 27 19 20 -19 24 -23 -24 25 -20 -15 28 -18 -4
right_child=1 2 11 -5 -6 -7 -8 8 -10 -11 -12 -13 -14 14 -16 -17 17 18 21 -21 -22 22 23 -25 -26 -27 -28 -29 -30 -31
leaf_value=-0.073525640597331854 -0.095109775335358929 -0.08750764317707449 -0.05806351729546444 0.051680766215617395 0.13812479136921618 0.048729443086011737 -0.18035451892247478 0.063775491638564816 -0.058447728654761492 -0.10980500651853674 -0.091649758198937933 -0.0008454507568602627 0.081011630266861173 -0.13195655360636604 -0.15303518784968276 0.047221710666223216 -0.11519650707142365 0.060640481752785073 -0.099772129728291706 -0.12957293353196167 -0.14731856047553141 0.064687268502124404 -0.035036697617718486 0.012906571932311629 -0.14582663815149186 0.01897300520880655 -0.023133123138051794 0.03586764675509458 0.07339737151352678 0.059614186976309595
leaf_weight=16.514554506167769 15.350116270827135 14.193795666215008 5.5293908084277055 72.687760445289314 3.8603561818599692 10.280369975604115 3.0527384069282553 39.980332707986236 10.813062336761503 10.065589727368204 3.9395921574905506 1168.050252357265 31.784442288335413 8.0319959851913172 3.9967091362923375 17.594989913981408 6.5514678750187141 25.775133443064995 8.9251143562141859 2.8395238355733445 1.8742066174745549 13.795387491583822 119.77668115112465 46.15140465775039 8.3951827487908286 10.163172570522873 18.589421812444925 53.016906487988308 3.1374250221997499 31.452736641513184
leaf_count=568 107 405 136 535 12 58 27 213 65 231 22 5718 150 124 27 96 263 313 404 25 40 112 1375 370 168 86 216 398 16 164
internal_value=0.000174532 0.00282531 0.000483836 0.0325976 -0.0144377 -0.037416 -0.00948013 -0.00811358 0.0284418 -0.0142325 0.0498339 0.00145575 0.0244333 0.00332526 -0.0263554 -0.0149049 -0.011197 -0.00777053 -0.0156143 0.0301417 0.046544 -0.0223469 -0.0150706 -0.0217017 -0.0699291 -0.0365487 -0.0559664 0.0219623 -0.0541267 0.0420196
internal_weight=1786.17 1401.4 1299.22 102.179 29.4908 25.6305 384.767 381.715 54.733 326.982 43.9199 1285.03 116.98 85.1952 48.2131 44.2164 316.916 300.402 237.696 30.4889 27.6493 207.207 179.723 165.928 27.4835 19.0883 26.6214 62.7058 9.68889 36.9821
internal_count=12444 7748 7036 712 177 165 4696 4669 300 4369 235 6631 913 763 463 436 4138 3570 2893 378 353 2515 1857 1745 658 490 340 677 279 300
is_linear=0
shrinkage=0.1


Tree=72
num_leaves=31
num_cat=0
split_feature=35 21 18 2 34 8 5 39 50 22 1 33 24 10 18 22 34 4 12 38 15 9 2 38 8 5 50 36 38 16
split_gain=4.34654 5.98252 11.0032 12.6619 10.2774 8.34898 7.85213 7.51184 6.19266 8.11475 6.13361 8.24805 7.60771 6.11579 5.95285 7.11267 5.67793 5.14391 4.84587 4.6354 10.3957 7.01244 6.78604 6.83253 5.4563 6.6831 8.46276 7.46515 6.02208 5.26831
threshold=0.94534042477607738 0.074223816394805922 0.022600973024964336 0.12553602457046512 0.98252639174461376 69.095695495605483 0.47391861677169805 0.71428570151329052 0.84133118391036998 40.976295471191413 0.70355990529060375 0.89234977960586559 0.15789473801851275 0.25401785969734197 0.018059544265270237 20.274603843688968 0.84790006279945385 0.74663648009300243 11.500000000000002 0.35875451564788824 0.0065965780522674331 -0.0039257993921637526 0.18108393996953967 0.33806265890598303 46.157403945922859 2.9840446710586552 0.78656810522079479 0.48151415586471563 0.30697660148143774 -0.64541572332382191
decision_type=2 2 2 2 2 2 2 2 2 2 2 2 2 2 2 2 2 2 2 2 2 2 2 2 2 2 2 2 2 2
left_child=19 4 -3 -4 5 14 -5 -7 9 -8 11 13 -13 -10 15 16 17 18 -2 20 22 -22 23 -1 -23 26 27 28 -26 -21
right_child=1 2 3 6 -6 7 8 -9 10 -11 -12 12 -14 -15 -16 -17 -18 -19 -20 29 21 24 -24 -25 25 -27 -28 -29 -30 -31
leaf_value=0.03697088092066065 -0.07564398102575183 -0.14837029848149508 -0.12429934541044073 0.094212347457518372 0.069763376732333834 -0.15137696924073546 0.0030991847354821314 0.029862737082905169 0.05170847333412168 -0.14375591437127741 0.076578706342100414 -0.18782578994583682 0.0016871206747491275 -0.089480464005249824 0.062219739084634462 -0.11985623484082042 0.06316597199077402 -0.10797578649241411 0.074081211674672201 -0.034247972780082861 -0.18614367315249314 -0.14934444885330064 0.1041833434641293 -0.10622465938154367 -0.0067180177612640437 -0.10886925837618722 0.079553910836050692 0.0091549476427925745 -0.15632419690358851 0.00067071008395484582
leaf_weight=10.198916110210122 3.5261361338198238 5.0452224463224402 7.0159102603793135 10.997622478753327 40.773263357579708 5.8542786231264454 10.309509444981815 3.752832405269146 18.71839069202543 5.9252112060785285 13.963855259120463 3.9856281951069814 4.521052822470665 3.6693919077515593 20.886697197332978 4.7176683098077765 12.318122355267404 5.2702813921496263 5.5860632993280888 44.513475340907462 3.5921506006270638 4.2410651054233304 7.9691521925851694 4.9490690215025088 4.3683162573725003 8.6538226045668107 7.9926789700984946 14.6234192866832 7.0055098105221987 1472.3447491829284
leaf_count=52 41 24 40 62 255 46 43 17 110 29 87 25 17 22 86 24 53 44 27 419 27 29 24 52 21 41 28 55 65 10579
internal_value=0.000151831 0.0145803 -0.00518631 0.00394561 0.0307793 0.0051057 0.0164265 -0.0805792 0.00242393 -0.0504987 0.0215772 -0.00328265 -0.0871052 0.0285674 0.0208439 -0.00666259 0.0133373 -0.0293393 0.0161422 -0.00154315 -0.0260526 -0.0514873 0.0294847 -0.0098132 -0.0411704 -0.0304121 -0.010437 -0.0381041 -0.0988653 -0.000354008
internal_weight=1777.29 186.837 84.1518 79.1066 102.685 61.9121 72.0907 9.60711 61.093 16.2347 44.8583 30.8945 8.50668 22.3878 52.305 31.4183 26.7006 14.3825 9.1122 1590.45 73.5941 50.477 23.1171 15.148 46.8848 42.6437 33.9899 25.9972 11.3738 1516.86
internal_count=12444 1052 459 435 593 338 395 63 333 72 261 174 42 132 275 189 165 112 68 11392 394 266 128 104 239 210 169 141 86 10998
is_linear=0
shrinkage=0.1


Tree=73
num_leaves=31
num_cat=0
split_feature=36 37 16 23 14 1 17 40 36 5 37 2 13 35 22 18 3 2 2 39 24 47 50 14 6 33 44 11 6 35
split_gain=4.27326 7.51161 14.2148 7.26491 6.70525 11.1761 8.30253 5.97351 7.32306 10.8151 10.6944 10.4908 9.43691 7.39698 8.18502 6.583 8.04111 6.43278 6.35153 7.22757 12.3267 9.18889 13.3932 6.64123 8.59502 8.03791 6.48205 13.3652 7.61874 6.9647
threshold=0.97426244616508495 0.6138630509376527 0.0072564298752695331 0.99953573942184459 37.905773162841804 0.079652920365333571 63.201635360717781 0.25000000745058065 0.20424277335405353 0.13320999592542651 0.54074564576148998 0.39799614250659948 66.195819854736342 0.52390658855438244 2.7378469705581669 -0.01051172101870179 0.31951561570167547 0.21040427684783938 0.056523332372307784 0.46666678786277777 0.18827068805694583 0.4050238579511643 0.74487859010696422 57.540519714355476 88.059223175048842 0.26816694438457495 0.47138454020023351 0.6783224642276765 65.796417236328139 0.62610542774200451
decision_type=2 2 2 2 2 2 2 2 2 2 2 2 2 2 2 2 2 2 2 2 2 2 2 2 2 2 2 2 2 2
left_child=7 3 -3 -2 5 -4 -6 18 9 17 -10 12 13 -11 15 16 -15 -9 19 20 -1 22 26 -20 25 -25 -21 -28 -29 -30
right_child=1 2 4 -5 6 -7 -8 8 10 11 -12 -13 -14 14 -16 -17 -18 -19 23 21 -22 -23 -24 24 -26 -27 27 28 29 -31
leaf_value=-0.057838866209877715 0.038747122709860443 0.029103586459610965 -0.24809606936169668 -0.045046103296313457 0.037799551408866372 -0.058519165194120717 -0.1324615450066827 0.11230778557364554 0.055098312856977784 -0.10475503442046541 -0.040418310806688944 0.047582337326756582 0.056155270349525582 0.051187474175100139 -0.068296816837843541 0.09508059470097141 -0.10391907770549838 -0.020425697194661759 0.0011885930906403691 0.041056309595705449 0.066160329004739282 -0.19848906720568976 0.11634194188668995 0.11881434375576759 0.038417783317580972 -0.025575361822195438 -0.15972986357722499 0.11896497290947972 -0.13445704444964554 0.048101512638920332
leaf_weight=16.638870704220608 103.15925513580441 39.472704596817493 4.0352079048752847 11.50046295695938 10.267197657376526 13.558478221297262 3.9720522370189419 11.789103103452364 65.87729020556435 16.958238257444464 14.259159916080533 20.408949019387364 9.9948394629172963 6.9891601246781629 22.729431280633435 7.2936340009328005 6.4057705842424184 5.2894114553928366 1075.6649415149586 4.5016992457676706 15.471300597535445 4.394406557083129 4.4764430969953528 3.9235988734289995 25.282599427970126 221.85086635069456 12.936542676412502 3.2024465173017225 5.2237906611990166 3.4832278471440077
leaf_count=319 483 201 20 72 50 74 24 106 336 644 64 122 102 120 327 88 196 47 7014 76 154 38 13 23 109 1360 186 21 42 13
internal_value=0.000152591 0.0144934 -0.0109921 0.0303426 -0.0607107 -0.102 -0.00969494 -0.00152994 0.0152051 -0.00180712 0.0381025 -0.0155418 -0.033849 -0.0487485 -0.0268734 0.0186363 -0.0229881 0.0711987 -0.00378191 -0.0330677 0.00190634 -0.0624519 -0.044778 -0.00222949 -0.0168744 -0.0230661 -0.0693539 -0.0893584 -0.0129181 -0.0614248
internal_weight=1771.01 185.965 71.3056 114.66 31.8329 17.5937 14.2392 1585.05 187.995 107.859 80.1365 90.78 70.3711 60.3762 43.418 20.6886 13.3949 17.0785 1397.05 70.3287 32.1102 38.2186 33.8242 1326.72 251.057 225.774 29.3477 24.846 11.9095 8.70702
internal_count=12444 924 369 555 168 94 74 11520 2152 1752 400 1599 1477 1375 731 404 316 153 9368 862 473 389 351 8506 1492 1383 338 262 76 55
is_linear=0
shrinkage=0.1


Tree=74
num_leaves=31
num_cat=0
split_feature=34 1 22 2 39 15 35 34 15 16 39 15 34 10 14 35 19 43 34 23 2 21 35 35 22 37 8 51 35 44
split_gain=4.014 3.99878 8.86644 14.2795 13.6214 12.9301 10.2616 10.0232 10.392 9.17357 12.3527 11.2058 11.0842 10.9181 9.5938 9.31864 8.87636 9.89653 11.736 8.5568 11.8378 8.50051 8.44927 7.90105 13.2557 8.44314 7.65819 9.31966 10.5185 8.26951
threshold=0.1516937464475632 0.13393535465002063 40.465934753417976 0.11549587920308114 0.17808686196804049 0.12671869248151782 0.79799938201904308 0.81209209561347973 0.016498339362442497 -0.0024882354773581024 0.16666666418313983 0.48356018960475927 0.50004315376281749 -0.010986496694386004 73.34741592407228 0.4952696561813355 3.8401782512664799 0.58750000596046459 0.77335968613624584 0.14285715669393542 0.13054522126913073 0.023637089878320697 0.52099096775054943 0.53889843821525585 14.337028503417971 0.50985920429229747 57.575757980346687 0.5859571397304536 0.68674191832542431 0.96883425116539013
decision_type=2 2 2 2 2 2 2 2 2 2 2 2 2 2 2 2 2 2 2 2 2 2 2 2 2 2 2 2 2 2
left_child=-1 2 6 4 -4 -6 9 8 -8 12 11 22 15 -14 -12 -2 -15 18 -18 -17 23 -9 -11 24 25 -21 29 28 -28 -3
right_child=1 26 3 -5 5 -7 7 21 -10 10 14 -13 13 16 -16 19 17 -19 -20 20 -22 -23 -24 -25 -26 -27 27 -29 -30 -31
leaf_value=-0.1110561614183673 -0.084876128205547741 0.016742067024471351 -0.21794213034570908 -0.23656996509687975 0.037303737853119377 -0.14042017715799757 -0.095677838297411194 0.098210216291261865 0.045834234883613413 -0.11624675299103474 0.014076156515321271 0.10064054026039114 -0.014605572631832785 -0.11972897215538199 -0.091864631289577739 0.063395391794519876 -0.1408140295451776 -0.14041142170791973 0.039653957121902859 -0.10808783617442178 -0.1303078669013642 0.003907387906671546 -0.024274313765639505 0.038162096387987815 -0.16939547417444001 0.024224848700180966 -0.11403142189044163 -0.00031409210194460139 0.025705396738806043 -0.076837813938949062
leaf_weight=3.2402621950604944 12.025354366633108 411.80353684490547 3.433617409784353 3.9325153008103362 17.482155225705359 5.3452864005230358 9.8827223398257065 26.167588582262397 10.927029293030499 16.861944564851001 272.75615644629579 4.7348713637329629 53.504478712333366 26.42298769322224 8.8245548135600966 22.005401032511145 4.7044425648637178 7.0317474585026494 15.397469481918959 6.0157904983498183 7.0990176368504754 15.05971550196409 24.504282544367015 35.996410804102197 5.6056696241721502 24.32000487903133 15.15359479293693 676.79130339401308 8.3578632809221727 9.6647235732525569
leaf_count=239 390 2413 26 22 84 33 112 134 46 512 2268 34 444 415 84 163 50 40 64 186 62 74 259 214 43 147 304 3439 89 54
internal_value=0.00014251 0.000347023 -0.00596011 -0.0588563 -0.0322442 -0.00431219 -0.00334122 0.0352055 -0.021371 -0.00770646 0.0028999 -0.0450846 -0.023495 -0.0465555 0.010756 -0.00165958 -0.0784742 -0.0383 -0.00258089 0.00824428 -0.00711085 0.0637628 -0.0617647 0.00504655 -0.0281196 -0.00201364 0.00394564 -0.00246425 -0.0643577 0.0145962
internal_weight=1765.05 1761.81 640.041 30.1936 26.2611 22.8274 609.848 62.0371 20.8098 547.811 327.682 46.1011 220.129 107.061 281.581 113.068 53.5566 27.1337 20.1019 101.042 79.0369 41.2273 41.3662 71.9379 35.9415 30.3358 1121.77 700.303 23.5115 421.468
internal_count=12444 12205 5906 165 143 117 5741 366 158 5375 3157 805 2218 1013 2352 1205 569 154 114 815 652 208 771 590 376 333 6299 3832 393 2467
is_linear=0
shrinkage=0.1


Tree=75
num_leaves=31
num_cat=0
split_feature=34 51 35 33 36 6 48 44 8 39 14 17 0 35 16 10 38 38 21 51 15 19 6 21 10 38 39 18 40 23
split_gain=3.84513 9.66006 7.78386 6.82573 9.30585 11.832 7.80952 7.86642 15.884 11.7868 10.8353 11.9794 10.9512 10.6552 9.52195 9.48559 8.52902 7.87018 8.81859 9.89926 9.40146 8.14648 10.6772 7.61002 7.46922 11.6209 10.7009 15.4032 9.7517 8.33297
threshold=0.99578979611396801 0.59101283550262462 0.57161584496498119 0.51199999451637279 0.062632754445076003 79.863410949707045 0.84999999403953563 0.76855257153511058 57.575757980346687 0.075445339083671584 18.422094345092777 21.851370811462406 0.1009526588022709 0.78686392307281505 -0.070908714085817323 0.017011852934956554 0.40534748136997228 0.43056310713291174 0.022772282361984256 0.54341354966163646 0.043927507475018508 6.0978968143463144 51.626123428344734 0.019218762405216697 0.03878044709563256 0.42704564332962042 0.96926271915435802 0.023516710847616199 1.0000000180025095e-35 0.22222223132848742
decision_type=2 2 2 2 2 2 2 2 2 2 2 2 2 2 2 2 2 2 2 2 2 2 2 2 2 2 2 2 2 2
left_child=3 2 -2 -1 5 -5 7 8 13 -10 11 -9 14 17 -12 -13 -16 23 19 -19 -20 22 -21 -6 26 28 -14 -28 -26 -27
right_child=1 -3 -4 4 6 -7 -8 10 9 -11 12 15 24 -15 16 -17 -18 18 20 21 -22 -23 -24 -25 25 29 27 -29 -30 -31
leaf_value=0.0046237896315142815 -0.040286289349530907 0.0037079069788764196 0.078623827634815735 -0.071072554467924903 0.02229477999428257 0.079126688249099172 -0.16184163790671646 0.010328979963487053 0.019842203739494461 -0.052700928191098798 -0.15568907065453738 -0.062961960753501439 0.062473217616890578 0.037795428331367432 0.067326374292299013 -0.30089131647730649 -0.060590759446562316 -0.019678031660341454 0.087627664586397258 -0.026767127272288138 -0.079004533148763045 -0.0003394405885422478 -0.1855008254509333 -0.087268410527014673 -0.097295617646861621 -0.063454793979591653 0.11150302243281236 -0.13692250667745207 0.051099901379994123 0.047241496570367761
leaf_weight=650.66095025307732 6.7274682261049739 415.38643167354167 30.295095039531589 41.905066340230405 76.234921930823475 5.995063455309718 3.2186620011925688 8.1582311838865262 27.398377014673315 122.7170338567812 5.716403788886967 3.7395331813022485 71.006989696063101 61.524260002188385 8.5374543173238653 3.0359064657241106 13.383748465217648 67.695082930498756 11.768917949404569 6.6500817020423773 4.7535141222178927 6.8852955847978583 11.681005270220338 6.9145121946930876 15.976669139228763 8.0302609968930465 3.9665934843942505 6.731288019567728 6.1263947822153559 44.402081726351753
leaf_count=5543 31 1772 176 900 409 30 18 37 221 1025 42 22 258 331 40 19 109 809 38 57 26 28 75 31 81 51 17 41 22 185
internal_value=0.00012615 0.00807037 0.0570164 -0.00262829 -0.00984166 -0.052274 -0.00648907 -0.00565989 -0.0136698 -0.0394607 0.0106258 -0.0712926 0.0172789 0.0015663 -0.0407458 -0.169572 -0.010772 -0.0100078 -0.027629 -0.0395999 0.0396875 -0.0930814 -0.127916 0.0131838 0.0275429 0.00465095 0.0484262 -0.0448105 -0.0561642 0.0302878
internal_weight=1757.22 452.409 37.0226 1304.81 654.153 47.9001 606.253 603.035 404.223 150.115 198.812 14.9337 183.878 254.108 27.6376 6.77544 21.9212 192.583 109.434 92.9115 16.5224 25.2164 18.3311 83.1494 156.24 74.5354 81.7049 10.6979 22.1031 52.4323
internal_count=12444 1979 207 10465 4922 930 3992 3974 3050 1246 924 78 846 1804 191 41 149 1473 1033 969 64 160 132 440 655 339 316 58 103 236
is_linear=0
shrinkage=0.1


Tree=76
num_leaves=31
num_cat=0
split_feature=28 16 23 16 16 33 24 44 7 39 9 51 15 16 1 16 19 10 51 45 16 14 36 3 33 5 44 10 18 2
split_gain=3.93224 10.938 15.366 7.07264 8.01775 7.20857 6.89368 16.7321 9.53124 9.99451 10.4685 14.0473 10.9741 15.1676 10.5993 11.9609 9.84178 12.5204 9.04763 9.65492 8.40452 8.19966 8.02613 7.96123 8.94124 8.25443 7.68109 7.68048 7.93608 7.63196
threshold=2386209.5000000005 0.22324018180370334 0.36363638937473303 -0.021605831570923325 -0.040213363245129578 0.57039338350296032 0.52000001072883617 0.89355990290641796 34.708259582519538 0.52184781432151806 0.01057705143466592 0.54618674516677868 0.039798537269234664 0.0087316888384521025 0.12537598609924319 -0.8075152039527892 2.3098537921905522 -0.0046484614722430697 0.47436308860778814 0.49383550882339483 0.051182953640818603 27.175143241882328 0.37918728590011602 2.0367124080657963 0.67409148812294017 1.0604504346847536 0.47138454020023351 0.010000381618738176 0.029825890436768535 0.080976735800504698
decision_type=2 2 2 2 2 2 2 2 2 2 2 2 2 2 2 2 2 2 2 2 2 2 2 2 2 2 2 2 2 2
left_child=6 3 -3 4 5 -2 8 -8 26 10 11 14 13 16 18 -16 17 -12 -10 -20 -17 -13 23 24 25 -18 -1 28 -24 -11
right_child=1 2 -4 -5 -6 -7 7 -9 9 29 12 21 -14 -15 15 20 22 -19 19 -21 -22 -23 27 -25 -26 -27 -28 -29 -30 -31
leaf_value=0.0065901316104783978 -0.077328424302561094 0.031898355274188342 -0.14641136193195403 0.00015520083053052449 -0.077550963096334677 0.016156726624269716 -0.0079640923033280284 -0.14432833093763461 -0.09619437492311636 -0.0091674268369156629 0.08501536511110562 -0.1349904863369373 -0.0030382805247877558 0.10015438914325606 -0.098503763239860348 0.078110780904174268 -0.14844729925911013 -0.0079785149877388047 0.037382369184692031 -0.070071071906250948 -0.091360289938774597 -0.040090055053357034 0.041503163785701354 -0.19558557151618086 0.041906275887129946 0.030957430719441483 -0.056828876987478995 0.11280309227964339 -0.12236976031322742 0.026986965789891085
leaf_weight=35.317866199766286 11.045113013708031 7.8244820742402252 12.640740450005977 518.16183335916139 26.143287259270437 32.573878313763998 103.04002122883685 9.8589928080327791 13.444342812173998 70.610614847508259 31.481230478035286 10.692244722507892 251.27702682209201 26.584940660861321 5.2558876061812034 32.791138626402244 8.0823740507476085 26.805715130991302 23.838130168966018 12.880025593331082 3.213054555351845 61.314858900848776 8.0360928904265183 3.6282607084140173 8.7228133394382876 3.7565915305167428 41.584030143509153 6.8173037171363822 4.6741147655993691 337.26722633047029
leaf_count=506 106 45 100 3154 175 182 840 60 467 505 182 107 1375 176 39 278 79 265 447 267 66 644 29 24 45 21 400 24 25 1811
internal_value=0.000121816 -0.00637091 -0.0782381 -0.00386926 -0.0337611 -0.00751539 0.00358386 -0.0198722 0.00615971 0.0088975 1.57704e-05 -0.0211471 0.00912064 0.0328804 0.00487199 0.0424156 0.0153471 0.0422482 -0.0260087 -0.000310239 0.062987 -0.0541817 -0.020519 -0.0590163 -0.0349178 -0.0915208 -0.0277031 0.0271702 -0.0187603 0.020728
internal_weight=1749.36 608.389 20.4652 587.924 69.7623 43.619 1140.97 112.899 1028.08 951.174 543.296 163.43 379.866 128.589 91.4226 41.2601 102.004 58.2869 50.1625 36.7182 36.0042 72.0071 43.7176 24.19 20.5618 11.839 76.9019 19.5275 12.7102 407.878
internal_count=12444 3762 145 3617 463 288 8682 900 7782 6876 4560 2315 2245 870 1564 383 694 447 1181 714 344 751 247 169 145 100 906 78 54 2316
is_linear=0
shrinkage=0.1


Tree=77
num_leaves=31
num_cat=0
split_feature=5 39 6 34 50 33 22 8 15 23 2 38 1 12 1 22 23 3 3 36 4 28 44 24 50 45 28 28 22 33
split_gain=3.74419 6.30688 6.90822 6.08256 5.39823 6.70663 8.06098 7.04927 6.28506 6.03323 6.99826 7.73616 6.59734 7.07287 6.56163 5.80433 7.76411 6.07625 6.49861 9.82261 17.3887 9.99239 9.92019 9.79416 9.64061 9.54944 10.0056 9.7097 9.3692 9.3101
threshold=7.4598934650421151 0.82512134313583385 74.488300323486342 0.99998527765274059 0.95536723732948314 0.88478299975395214 41.476922988891609 62.086399078369148 13.313772678375246 0.015707236714661125 0.41535094380378729 0.44322280585765844 0.31057962775230413 4.5000000000000009 0.41710700094699865 51.801483154296882 0.25000001490116125 10.259190082550051 1.948144853115082 0.3688283264636994 2.6149593591690068 54054862.000000007 0.95718887448310863 0.49035549163818365 0.8576483726501466 0.66571730375289928 2477500.5000000005 660857.71875000012 34.232458114624031 0.84697246551513683
decision_type=2 2 2 2 2 2 2 2 2 2 2 2 2 2 2 2 2 2 2 2 2 2 2 2 2 2 2 2 2 2
left_child=4 2 3 -2 8 9 -7 -8 15 -6 11 12 13 -11 -14 17 -17 18 19 21 22 23 -21 25 -25 -1 27 -27 -23 -20
right_child=1 -3 -4 -5 5 6 7 -9 -10 10 -12 -13 14 -15 -16 16 -18 -19 29 20 -22 28 -24 24 -26 26 -28 -29 -30 -31
leaf_value=-0.0023473349384873898 -0.10715084977077194 0.055300030225636544 -0.16702467572084187 0.068057844842275089 -0.091368922040819714 -0.153967052043297 -0.1224577514343544 0.028990651910235213 -0.14569877306742196 0.072914818102081808 0.079690883750134611 0.034562969214989518 -0.14834630910812263 -0.062974715839445999 -0.0015693937511604764 0.031067000449547057 -0.13736017741778161 0.099988156253675353 -0.016231216041556348 0.029131285240814899 -0.026131668064506303 -0.10204368924144405 -0.097505984004739726 -0.024826146315055152 -0.20077108797258916 0.023058011080689098 -0.026612299922684643 0.095254794361880918 0.017377434180864591 0.060657875236254946
leaf_weight=558.37422661017627 4.0116607423406112 4.6301271189004174 5.4303820468485355 3.9151692539453506 4.2396720796823493 4.402380824089053 3.9054176695644882 14.425569146871565 3.0050440604099995 9.2577837109565753 23.269119404256344 84.423506543040276 6.6439401209354383 6.5331974253058425 5.6239208728075027 4.48561419371981 7.0207540905103087 6.0043834834359577 339.13713722291868 301.97947211656719 78.682724267011508 19.141792728798467 6.3151768054813138 97.812351929838769 3.2166467905044547 59.172446351498365 24.505726850009523 27.186936113634147 10.002591166645287 16.514855831861496
leaf_count=6028 37 19 26 12 21 28 20 78 38 46 149 496 35 38 27 24 34 28 1658 1337 335 187 37 975 15 379 128 108 33 68
internal_value=0.000114341 -0.0452739 -0.0801367 -0.0206129 0.000587547 0.0179211 -0.0324573 -0.00327544 -0.00121756 0.0261021 0.0297709 0.0194439 -0.0260462 0.0166933 -0.0810598 -0.000939169 -0.0717009 -0.000413209 -0.00080415 0.00275021 0.0158282 -0.00358057 0.0265372 -0.00140584 -0.030428 0.00297538 0.0297833 0.0457864 -0.0610574 -0.0126608
internal_weight=1743.27 17.9873 13.3572 7.92683 1725.28 162.725 22.7334 18.331 1562.56 139.991 135.751 112.482 28.0588 15.791 12.2679 1559.55 11.5064 1548.05 1542.04 1186.39 386.977 799.413 308.295 770.268 101.029 669.239 110.865 86.3594 29.1444 355.652
internal_count=12444 94 75 49 12350 938 126 98 11412 812 791 642 146 84 62 11374 58 11316 11288 9562 1709 7853 1374 7633 990 6643 615 487 220 1726
is_linear=0
shrinkage=0.1


Tree=78
num_leaves=31
num_cat=0
split_feature=36 4 5 28 48 39 34 4 18 3 16 37 40 33 36 13 3 37 36 34 44 19 19 38 14 39 2 1 45 45
split_gain=3.86809 6.29104 9.27365 8.15735 6.73634 6.51575 7.54785 6.27647 6.12903 6.12425 5.8384 5.83777 5.65118 6.69199 6.21819 9.06557 12.4695 8.75365 7.69746 6.97612 6.72962 5.94866 11.4996 7.60831 7.67223 7.43946 7.10114 6.68326 9.29898 9.13814
threshold=0.97426244616508495 5.9837012290954599 1.3321610093116762 679403.50000000012 0.45000000298023229 0.48189650475978857 0.92390587925910961 0.25454165041446691 0.35777826607227331 4.9751429557800302 -0.082063443958759294 0.67304068803787243 0.25000000745058065 0.37354966998100286 0.20424277335405353 46.699331283569343 0.42235073447227484 0.54074564576148998 0.11292759329080583 0.50833505392074596 0.6172965168952943 -3.6020812988281246 -3.265196561813354 0.48633258044719702 26.885767936706547 0.0063492704648524531 0.12726144492626193 0.1330983713269234 0.46171315014362341 0.48238250613212591
decision_type=2 2 2 2 2 2 2 2 2 2 2 2 2 2 2 2 2 2 2 2 2 2 2 2 2 2 2 2 2 2
left_child=11 4 3 -3 7 6 -6 10 -7 -9 -2 12 21 -14 15 16 18 -16 -15 -17 -21 23 -23 24 -1 -26 -27 28 -24 -30
right_child=1 2 -4 -5 5 8 -8 9 -10 -11 -12 -13 13 14 17 19 -18 -19 -20 20 -22 22 27 -25 25 26 -28 -29 29 -31
leaf_value=-0.1131125539085811 0.062651776905401232 -0.029611951685808671 0.048957852182560414 -0.19359106268233522 -0.19428409164355609 0.062060230633651681 -0.0096420732251502987 0.048323687177413331 -0.088707117882492151 0.00024717041438582449 -0.09955063919332495 0.052445233729490531 -0.10210128254004297 -0.021338552896505825 0.055077278847846869 0.085943018172583277 -0.07830819748213369 -0.032509756016870527 0.081795350563311511 -0.063319274707848483 0.039980780516503146 0.066720947394527691 0.010065772403780905 -0.063760634370246649 0.099564048689216686 0.067770380248372925 -0.035385437269508567 0.0012754024395428239 -0.086962278265400719 -0.018587208306578253
leaf_weight=5.6566394795663646 3.2787466933950782 8.3946219594217855 7.7655012272298327 4.7504363823682061 4.2084696590900439 8.6050992310047132 4.6713428683578968 92.460024402942508 3.9267889708280554 37.139492032583803 6.8664226832333934 19.814551409333944 4.8022688308847128 19.651153593440544 62.378622560761869 16.710196775849909 24.904985980771016 13.965214656665919 11.455329053685999 9.6455225016688946 18.217855927767232 23.433024708298035 115.15539837576216 37.404238247778267 7.7350453564431509 8.9869151776656491 25.921495203394443 821.23018009471707 20.970646621542983 287.7563124782173
leaf_count=64 21 42 33 27 22 42 25 444 26 198 44 82 175 455 314 185 545 63 108 187 120 185 1394 867 41 67 162 4170 252 2084
internal_value=0.000126945 0.0139181 -0.0376863 -0.0888717 0.020614 -0.0316173 -0.0971507 0.0286168 0.0148182 0.0345463 -0.0471296 -0.00148697 -0.00218271 0.0143754 0.0175369 0.00120438 -0.0255769 0.0390554 0.0166417 0.0348579 0.00422119 -0.0044047 -0.002682 -0.029903 -0.00368325 0.0108325 -0.00882873 -0.00398817 -0.0141858 -0.0232317
internal_weight=1737.86 182.067 20.9106 13.1451 161.156 21.4117 8.87981 139.745 12.5319 129.6 10.1452 1555.8 1535.98 181.731 176.929 100.585 56.0115 76.3438 31.1065 44.5736 27.8634 1354.25 1268.55 85.7043 48.3001 42.6435 34.9084 1245.11 423.882 308.727
internal_count=12444 924 102 69 822 115 47 707 68 642 65 11520 11438 2152 1977 1600 1108 377 563 492 307 9286 8085 1201 334 270 229 7900 3730 2336
is_linear=0
shrinkage=0.1


Tree=79
num_leaves=31
num_cat=0
split_feature=18 9 18 10 11 43 34 19 37 34 38 34 15 8 39 34 36 45 37 14 2 28 2 19 28 18 39 5 37 14
split_gain=3.62758 8.32868 5.87939 5.65174 5.04973 4.82993 5.06224 4.86004 7.06807 4.76908 4.86647 7.72496 8.89286 6.79565 5.57895 8.07687 4.9789 11.9741 8.94521 7.55194 7.56122 6.99378 10.0699 9.3787 7.3222 12.1608 8.71528 7.75906 11.6167 10.1605
threshold=-0.10756035894155501 0.0096957962960004824 -0.13259624689817426 -0.10532216355204581 0.57140508294105541 0.53749999403953563 0.94994172453880321 7.6766848564147958 0.53303161263465892 0.19957887381315234 0.35875451564788824 0.8383086919784547 0.032750798389315612 48.843816757202156 0.42307740449905401 0.50004315376281749 0.62504297494888317 0.56964603066444408 0.58748385310173046 78.672073364257827 0.25979757308959966 20888.000000000004 0.042115818709135062 3.2230871915817265 490450.00000000006 0.050605485215783126 0.94444444775581371 1.0886057615280154 0.62456586956977855 47.062128067016609
decision_type=2 2 2 2 2 2 2 2 2 2 2 2 2 2 2 2 2 2 2 2 2 2 2 2 2 2 2 2 2 2
left_child=1 2 5 -2 -3 7 -7 8 -1 -5 11 13 -13 -11 15 -15 -12 18 -18 20 21 22 -19 -24 -23 -26 27 29 -29 -27
right_child=3 4 -4 9 -6 6 -8 -9 -10 10 16 12 -14 14 -16 -17 17 19 -20 -21 -22 24 23 -25 25 26 -28 28 -30 -31
leaf_value=-0.022240808515294818 0.040440258418534214 0.056549287232518612 -0.12327749954364796 -0.10361552533194965 -0.041759067739389838 -0.078335578924032243 0.062930769708758869 -0.18095337607367185 0.075148593711847428 -0.1250871445881008 -0.0010860269808646282 0.057658568982131654 -0.037335271776289841 0.043679614513442371 -0.092404331377205218 -0.11074202514936027 0.056941677234638804 0.079101805655451954 -0.0017124120387150999 -0.13439866874526013 0.063077699580132138 0.03087828509647135 -0.21217803948853567 -0.0089809343145283629 0.018100356947578011 -0.061195448645022237 0.0413166133262097 -0.063571227443963624 -0.22150064599934885 0.088851020629356833
leaf_weight=32.804838355223183 36.019086354412138 19.36573532992043 6.8762918142601839 4.3972019749926394 7.1556540080346158 21.684301461733416 2.8727367506362489 1.5400981195271004 9.642512663966043 10.419700869126244 1187.3343954835436 18.437661082250997 21.170310067478567 12.950397616252308 9.334800864569841 4.586713562719523 80.941219820873812 3.0978830736130467 38.306749641895294 4.2015203684568396 17.914688136428595 53.740822908468544 5.53702882863581 3.8514756038784981 59.680899223312736 16.749095745384697 9.5452401265501958 19.859565950930122 6.0845123976469031 6.1774913594126692
leaf_count=523 157 146 130 314 99 372 19 10 48 88 8660 69 98 64 65 43 375 14 176 23 108 247 31 22 259 79 62 85 35 23
internal_value=0.000124169 -0.0181763 -0.035126 0.00126846 0.030025 -0.0262828 -0.0618099 -0.0064489 -0.000117436 0.000383487 0.000671115 -0.0238692 0.00688472 -0.0565334 -0.0299513 0.00329167 0.00191838 0.0128713 0.0380999 -0.00170172 0.00105506 -0.004973 -0.0772343 -0.12882 0.000277789 -0.0136472 -0.0460822 -0.0631527 -0.100609 -0.0207659
internal_weight=1732.28 101.942 75.4208 1630.34 26.5214 68.5445 24.557 43.9874 42.4474 1594.32 1589.92 76.8996 39.608 37.2916 26.8719 17.5371 1513.02 325.688 119.248 206.44 202.239 184.324 12.4864 9.3885 171.838 118.097 58.4159 48.8707 25.9441 22.9266
internal_count=12444 1347 1102 11097 245 972 391 581 571 10940 10626 427 167 260 172 107 10199 1539 551 988 965 857 67 53 790 543 284 222 120 102
is_linear=0
shrinkage=0.1


Tree=80
num_leaves=31
num_cat=0
split_feature=9 39 21 0 45 37 4 16 47 11 47 6 15 1 39 44 28 22 35 10 0 17 4 19 34 47 22 47 17 21
split_gain=3.5075 8.71917 7.92957 11.8155 13.228 8.8093 9.61898 7.091 7.43387 12.8022 6.75349 6.11768 16.1083 8.22163 6.10809 7.13692 5.78776 5.23572 5.99328 9.52914 11.7503 11.5008 6.2342 8.68263 6.61951 8.48412 9.36279 6.88452 5.03732 6.15094
threshold=0.18254441767930987 0.98283231258392345 0.070225950330495848 0.43566951155662542 0.92851442098617565 0.58748385310173046 0.72207978367805492 2.0285602807998662 0.68185025453567516 1.0840363502502444 0.52442967891693126 93.423442840576186 0.018758150748908523 0.23408112674951556 0.39999999105930334 0.85068634152412426 115534.00000000001 60.827566146850593 0.991814285516739 0.19363365322351458 0.46380199491977697 62.802385330200202 3.1494954824447636 3.7911967039108281 0.84564095735549938 0.34733690321445471 12.681450843811037 0.23797743022441867 90.358364105224624 -0.0084440330974757654
decision_type=2 2 2 2 2 2 2 2 2 2 2 2 2 2 2 2 2 2 2 2 2 2 2 2 2 2 2 2 2 2
left_child=11 2 -2 4 10 6 -5 8 9 -8 -4 17 16 -14 -10 -16 -13 18 19 28 -21 -22 24 -24 25 26 -20 -26 -1 -30
right_child=1 -3 3 5 -6 -7 7 -9 14 -11 -12 12 13 -15 15 -17 -18 -19 22 20 21 -23 23 -25 27 -27 -28 -29 29 -31
leaf_value=-0.00035880241573297417 0.05789225494419286 0.082555523984573748 0.067136517919605718 0.088072956985698947 -0.17790118371863328 0.077923316939376319 -0.17084390503026967 -0.13581641464043234 0.059624752055434022 0.014713527222806604 -0.080167087743496679 -0.072192322048013999 -0.2615242090173811 -0.07223908464623495 -0.10869746372359755 0.062606496198444703 0.070282759913608259 -0.10825194039344191 -0.0072793364989983539 -0.18621427082514089 0.060586425641729315 -0.14107942259894365 -0.19213785323846544 0.038152675075025601 0.11127952249457838 0.046536397595032454 -0.21655326289616342 0.029313352085465247 0.056901434956926039 -0.1174399263806806
leaf_weight=1437.8845566617092 23.337658560834825 17.043640015646815 5.8408812358975428 8.9193519186228496 7.7096534594893447 15.686547622084616 6.6654402837157241 5.1622037030756465 15.878227859735491 8.4088397920131666 6.6629361063241959 4.381258750800046 3.9897140106186253 5.401227654889226 6.0470010694116336 4.0683292523026466 8.1645397990941984 4.4912047537509343 5.0844231499359029 6.1464431686326888 7.4293260518461448 4.5658630873076618 3.1123832799494258 3.4541675485670567 12.102543890476225 8.1270319744944555 3.6889082062989473 66.842372702434659 2.7679372695274651 7.5261148775462043
leaf_count=10818 91 128 18 38 36 88 32 26 70 29 29 28 24 25 35 24 26 37 38 53 34 28 19 23 80 45 32 373 19 98
internal_value=0.000127196 0.0158293 0.00588712 -0.00744276 -0.0748792 0.0118006 -0.00700713 -0.0253513 -0.0114659 -0.067335 -0.0113575 -0.00116655 -0.0536111 -0.152656 0.0209339 -0.0398 0.0205274 -0.000435277 -0.000126603 -0.0017601 -0.0737854 -0.0161759 0.0232616 -0.0709994 0.0297196 -0.0270795 -0.0952724 0.0418791 -0.000857825 -0.0705618
internal_weight=1726.59 131.431 114.387 91.0494 20.2135 70.8359 55.1494 46.23 41.0678 15.0743 12.5038 1595.16 21.9367 9.39094 25.9936 10.1153 12.5458 1573.22 1568.73 1466.32 18.1416 11.9952 102.412 6.56655 95.8453 16.9004 8.77333 78.9449 1448.18 10.2941
internal_count=12444 644 516 425 83 342 254 216 190 61 47 11800 103 49 129 59 54 11697 11660 11050 115 62 610 42 568 115 70 453 10935 117
is_linear=0
shrinkage=0.1


Tree=81
num_leaves=31
num_cat=0
split_feature=18 20 34 24 47 6 6 34 14 10 24 23 35 51 11 38 47 35 8 34 36 28 0 35 51 34 33 12 34 21
split_gain=3.60499 7.4807 17.5783 7.73653 8.77057 7.86249 6.9886 6.99984 8.1429 7.99701 6.95644 6.6359 6.61447 6.55548 6.85811 8.88315 6.02764 14.1229 8.66693 8.44434 7.76492 5.78776 5.73378 8.13583 12.3737 10.1137 12.5851 10.466 10.0835 12.7958
threshold=6.2629333115182831e-05 2.5000000000000004 0.65202856063842785 0.26480327546596533 0.16799333691596988 70.726619720458999 71.585418701171889 0.91281041502952587 70.425457000732436 0.044006140902638442 0.5891634225845338 0.2173913195729256 0.50216093659400951 0.49612204730510717 0.25976561009883886 0.43865220248699194 0.15957051515579226 0.65955597162246715 66.251934051513686 0.58386555314064037 0.25430464744567877 7100518.2500000009 0.25411531329154974 0.49617360532283789 0.39073929190635687 0.50004315376281749 0.72762060165405285 12.500000000000002 0.77788990736007702 0.003484602784737945
decision_type=2 2 2 2 2 2 2 2 2 2 2 2 2 2 2 2 2 2 2 2 2 2 2 2 2 2 2 2 2 2
left_child=6 2 3 4 11 13 7 9 -9 22 -5 -2 -12 14 15 21 17 19 -19 20 -3 -6 23 24 -1 26 27 -25 -27 -30
right_child=1 16 -4 10 5 -7 -8 8 -10 -11 12 -13 -14 -15 -16 -17 -18 18 -20 -21 -22 -23 -24 25 -26 28 -28 -29 29 -31
leaf_value=0.048406849695873604 -0.11587306922422172 -0.098361448748624 0.085015335121468749 0.057578093280178759 -0.10617990553060797 -0.13970881064615279 -0.14618036032264256 0.047490305426839421 -0.052141173662989163 -0.10722288209771569 -0.10572763401187286 0.043861094488530705 0.065483678404626738 0.015762242259667106 -0.088401914643908661 0.060920010603572827 0.0013819193736730865 0.075052268143434811 -0.05952894524230487 -0.092116572150026554 0.013207431722229789 0.034716424202016274 0.015358848556403055 0.0097233748886503633 -0.10960265475227404 -0.066677030496317902 0.11121699312175333 -0.10820192061095171 0.047571234089482939 -0.049487790943282962
leaf_weight=6.6132950586616088 2.802470010588876 8.5466330316849071 34.633782668970525 41.103054643725045 9.1999185401946324 5.5911807455122462 3.6623984801117322 40.202178260311484 10.306231163442133 8.753262948128393 5.677884189411996 36.138412486761808 3.7446468337439001 34.17171448096633 18.704963126219809 10.577598170377312 1069.4077222535852 17.496033489471305 6.5865846117958418 28.294709856039844 23.094394775573164 4.2680451860651365 67.618850660976022 82.314246052410454 19.777038977656048 47.88456934178248 11.219974425621329 8.2834069076925498 25.670736901229247 28.846393046842422
leaf_count=112 111 205 172 370 67 33 39 232 63 230 85 498 25 259 245 49 5033 81 53 322 122 18 436 1057 870 1000 50 154 143 310
internal_value=0.000136239 0.00249458 0.0200177 0.00692827 -0.00675165 -0.0252123 -0.00874489 -0.00733689 0.0271605 -0.0130128 0.0398123 0.0323655 -0.0376858 -0.01689 -0.0429899 -0.00766411 -0.000644336 -0.026435 0.0382444 -0.0524237 -0.0169287 -0.0615294 -0.0102477 -0.017756 -0.0700062 -0.0110039 0.0113138 -0.00105862 -0.0331943 -0.00378515
internal_weight=1721.19 1360.04 206.614 171.98 121.454 82.5134 361.153 357.49 50.5084 306.982 50.5256 38.9409 9.42253 76.9222 42.7505 24.0456 1153.43 84.0184 24.0826 59.9357 31.641 13.468 298.229 230.61 26.3903 204.219 101.818 90.5977 102.402 54.5171
internal_count=12444 7748 1932 1760 1280 671 4696 4657 295 4362 480 609 110 638 379 134 5816 783 134 649 327 85 4132 3696 982 2714 1261 1211 1453 453
is_linear=0
shrinkage=0.1


Tree=82
num_leaves=31
num_cat=0
split_feature=34 33 21 15 34 10 33 3 20 34 35 33 47 36 3 23 34 35 35 50 35 0 44 34 44 12 4 33 13 34
split_gain=3.31769 11.6876 9.94857 6.5245 9.5781 8.04635 5.95111 5.57933 5.47422 17.3045 8.1384 12.9896 7.58987 8.38458 8.22761 7.28911 6.96746 17.0725 8.40235 11.8424 11.6959 8.22208 7.7144 7.63485 11.7178 11.9036 12.1719 7.11 7.08937 6.65068
threshold=0.44557882845401769 0.47147168219089514 -0.0042164344340562812 0.00080554871237836789 0.33890759944915777 -0.063792500644922243 0.32419918477535253 1.2003884315490725 2.5000000000000004 0.67068862915039074 0.51582151651382457 0.50626683235168468 0.16799333691596988 0.19004113227128985 1.1335387825965884 0.42857144773006445 0.50004315376281749 0.54598942399024974 0.63303184509277355 0.79281362891197216 0.66972351074218761 0.19921508431434634 0.26608783006668096 0.61518269777297985 0.73261544108390819 12.500000000000002 1.1210083961486819 0.4317717850208283 50.001077651977546 0.50004315376281749
decision_type=2 2 2 2 2 2 2 2 2 2 2 2 2 2 2 2 2 2 2 2 2 2 2 2 2 2 2 2 2 2
left_child=1 2 3 5 -5 -1 -2 -4 9 10 12 -12 13 -8 -15 -14 18 21 22 -20 -21 -18 -10 24 28 26 -26 -25 -19 -13
right_child=6 -3 7 4 -6 -7 8 -9 16 -11 11 29 15 14 -16 -17 17 23 19 20 -22 -23 -24 27 25 -27 -28 -29 -30 -31
leaf_value=0.038297949753108844 -0.11042701043544212 -0.091881201733637868 -0.098762294576813181 0.0074128636072992599 0.14573009051672417 -0.064386053548837752 -0.078276888224271937 -0.0039266092297666321 0.095324583216326517 0.059612650352150277 0.060173917068742748 0.035164553905207729 -0.0039440304842777328 0.07599158991314503 -0.02292602225313255 -0.062714857451807021 -0.09862136884306183 -0.13714226164359805 0.078074416890470621 -0.10052597462870488 0.034770609761671366 -0.0018069950158010374 0.00050474811993142391 0.10563199384301436 0.11318333151468291 -0.12677380825773618 -0.08352247702613054 -0.0018194352063521171 0.041372021260136019 -0.043947301377601569
leaf_weight=18.12736702896655 4.7638854116667053 17.496778173022904 12.932594772311861 11.467096357257107 8.885912328027187 13.179474472242871 7.4184314579470074 11.922531859541776 8.829575496260075 64.563699738238938 47.032617943594232 16.851601207396016 42.565392676508054 22.213850938947871 13.530318367760627 41.853961545275524 28.473397230962291 14.158655999111945 39.097954340279102 9.0272529199719447 21.865884475409985 12.677853542845694 303.95353964564856 6.202421322464942 9.9224850251339394 5.0986483432352534 4.6060156580060712 861.28015830821823 2.6393526922911397 28.764996056444943
leaf_count=104 95 367 450 222 33 434 548 155 50 578 288 174 443 160 124 465 436 130 144 49 129 81 1677 18 36 31 27 4526 20 450
internal_value=0.000114936 -0.0181475 -0.00128671 0.0237247 0.0678007 -0.0049297 0.00117645 -0.0532714 0.00150614 0.0140867 0.000740155 0.0232983 -0.0156414 0.0184692 0.0385481 -0.0330818 -0.00119215 -0.00580222 0.01019 0.0415105 -0.00476427 -0.0687949 0.00318142 -0.00293442 -0.047785 0.00468632 0.0508211 -0.00105117 -0.109094 -0.0147219
internal_weight=1711.4 94.0118 76.515 51.6599 20.353 31.3068 1617.39 24.8551 1612.63 284.795 220.231 92.6492 127.582 43.1626 35.7442 84.4194 1327.83 945.059 382.774 69.9911 30.8931 41.1513 312.783 903.908 36.4252 19.6271 14.5285 867.483 16.798 45.6166
internal_count=12444 1765 1398 793 255 538 10679 605 10584 3230 2652 912 1740 832 284 908 7354 5305 2049 322 178 517 1727 4788 244 94 63 4544 150 624
is_linear=0
shrinkage=0.1


Tree=83
num_leaves=31
num_cat=0
split_feature=3 47 44 50 47 6 34 11 34 16 2 35 8 15 35 28 37 22 39 28 44 21 23 33 11 34 14 28 51 11
split_gain=3.39633 4.72395 5.75985 4.70218 4.64625 3.76266 5.55557 4.27328 8.13528 7.10516 8.89492 7.10914 8.03736 6.53393 9.07202 10.7646 8.28491 7.63535 11.5929 6.99289 10.9785 6.92235 6.24139 8.71268 6.60684 7.00618 7.42672 8.47641 6.33334 6.20884
threshold=0.016903567127883438 0.06789115816354753 0.24375715851783755 0.50445038080215465 0.87458980083465587 21.435533523559574 0.64056125283241283 0.45233251154422766 0.37963359057903295 -0.0011481756810098884 0.40634866058826452 0.47788935899734503 24.999999046325687 -0.013027270324528216 0.59677308797836315 7212.0000000000009 0.58144885301589977 7.8052296638488778 0.84746888279914867 1650206.0000000002 0.74526605010032665 0.022057054564356807 0.066666644066572203 0.49729380011558538 -0.040631527081131928 0.890527904033661 20.399097442626957 15536.500000000002 0.48786860704422003 0.18866853415966037
decision_type=2 2 2 2 2 2 2 2 2 2 2 2 2 2 2 2 2 2 2 2 2 2 2 2 2 2 2 2 2 2
left_child=3 2 -2 -1 -5 6 -3 9 -9 10 11 12 -7 14 15 -10 17 -16 -19 20 -18 -20 23 -13 -24 26 27 -26 -29 -27
right_child=1 5 -4 4 -6 7 -8 8 13 -11 -12 22 -14 -15 16 -17 19 18 21 -21 -22 -23 24 -25 25 29 -28 28 -30 -31
leaf_value=0.043106744996788592 0.16292759821600969 -0.10193287102945076 -0.1206138779234409 -0.1512791567464174 -0.0011004815499460251 -0.15218965967724876 0.058706833099122203 -0.11161210638241958 0.032446623683124974 0.031465753756454128 0.060193879826742541 -0.13470461910301709 -0.02264358711441692 0.00096360658667284332 -0.047123400894444861 -0.12126194118042644 -0.15376673276618305 0.04538678488711264 -0.010423771048598913 -0.18224585796451853 0.079712498799651504 -0.18443857859595081 0.049137837447897598 0.062745774162406731 0.12423038250433334 -0.042892971841613024 -0.021717318231983088 -0.052385551607569338 0.02938679586936474 0.055685366323746169
leaf_weight=3.6364756352850227 0.82024710660334577 7.8630651018465851 5.6608543042093515 5.2571200570091587 3.3875599056482315 5.8729387504281503 2.9646000135689974 6.7418449149699873 6.2226557526737478 109.56915464100894 25.057723364792764 2.4336912818253067 25.954083197109867 1062.3883817093447 21.715091134537943 17.013102133059874 3.74763001129031 43.448375560576096 6.1541106714867038 4.6408939808607093 4.3534060828387737 3.6370636532083154 23.782674787100405 27.343615021789446 6.9014404260087749 8.1613886486738902 183.11758179054596 13.423108945135025 32.173695658100769 29.424138148315251
leaf_count=45 20 243 267 40 13 82 27 439 65 890 120 39 343 6291 323 352 23 267 38 25 25 27 125 197 41 55 1502 178 173 169
internal_value=0.000101144 0.000481785 -0.0847289 -0.0522967 -0.0924292 0.00080971 -0.0579499 0.00118994 -0.00207716 0.00900677 0.0025925 -0.00143262 -0.0465483 -0.00144778 -0.0245414 -0.080098 -0.0098213 0.00285145 0.0232349 -0.084369 -0.0282976 -0.0750639 0.00296172 0.0466082 -0.00141453 -0.0058152 -0.0122112 0.0209469 0.00531408 0.0342799
internal_weight=1702.87 1690.59 6.4811 12.2812 8.64468 1684.11 10.8277 1673.28 1180.06 493.215 383.646 358.588 31.827 1173.32 110.932 23.2358 87.6966 74.9546 53.2395 12.7419 8.10104 9.79117 326.761 29.7773 296.984 273.201 235.616 52.4982 45.5968 37.5855
internal_count=12444 12346 287 98 53 12059 270 11789 7875 3914 3024 2904 425 7436 1145 417 728 655 332 73 48 65 2479 236 2243 2118 1894 392 351 224
is_linear=0
shrinkage=0.1


Tree=84
num_leaves=31
num_cat=0
split_feature=15 34 14 44 22 5 21 35 34 23 50 35 37 20 34 33 11 34 35 15 43 34 6 0 5 34 34 35 35 1
split_gain=3.31314 4.35493 4.15583 4.41446 3.40792 6.79988 3.41148 7.51077 5.49239 6.43876 6.05435 8.7556 7.65867 5.15198 12.2044 11.3586 8.48528 7.94984 6.17432 5.92742 6.29866 5.40483 5.17195 5.53752 4.87046 4.75558 14.8502 7.9057 22.7415 12.2573
threshold=-1.7153766155242918 0.31462326645851141 17.818691253662113 0.75451576709747326 -36.338975906372063 0.43005672097206121 -0.040307823568582528 0.44335803389549261 0.35880020260810858 0.26897366344928747 0.59517338871955883 0.41393320262432104 0.55032271146774303 1.5000000000000002 0.69216498732566845 0.4747652411460877 0.47741404175758367 0.4496415257453919 0.49343059957027441 -0.0014974850346334276 0.48749999701976782 0.51879873871803295 29.428104400634769 0.08243670687079431 1.2460348010063174 0.50004315376281749 0.58386555314064037 0.54242816567420971 0.50001952052116405 0.11870343238115312
decision_type=2 2 2 2 2 2 2 2 2 2 2 2 2 2 2 2 2 2 2 2 2 2 2 2 2 2 2 2 2 2
left_child=1 -1 -3 -4 5 -2 7 -6 9 -8 11 12 -11 14 15 22 18 -15 21 20 -20 -17 -10 -24 -25 27 -27 28 -19 -29
right_child=4 2 3 -5 6 -7 8 -9 13 10 -12 -13 -14 17 -16 16 -18 25 19 -21 -22 -23 23 24 -26 26 -28 29 -30 -31
leaf_value=0.10361298349563496 -0.25407124385475371 0.085358788718444933 -0.05514591064234995 -0.21095684182211383 -0.059641906919838353 -0.0037522461391158593 -0.11085495261063467 0.092758038385203107 -0.1286608922774127 -0.11217337159944916 0.03360758915492381 -0.097960802659581001 0.19748200500614152 -0.067246279612439189 0.11301207263467382 -0.060132419208328937 -0.066467765117788596 0.017673914870100494 0.033422681013111806 0.053634912549150121 -0.042613002854346042 0.084871599369081674 -0.028675070537651656 0.10233576129357246 0.0047497147241719172 -0.060355162882632131 -0.0010154945584426446 0.061601066135842819 -0.054471070159390872 0.0082961837127707942
leaf_weight=1.7795804389752472 1.5721459877677251 1.6982652726583172 11.033464837819336 2.1771772898500776 4.6000505762640378 3.5037671544123441 9.039851476904003 10.888088131789116 1.4274639975046728 1.2653949900995969 13.871416895650325 11.942919573222751 2.165760463103652 17.718910395633429 12.486046666628679 18.743073780962735 18.974278614157811 135.27292819297872 22.450248713023029 31.153390962164849 21.166178361745551 2.9790941517567253 5.3299027443863443 24.236544392304499 6.4822892009979105 44.106237638392486 962.59065789211309 57.388627611799166 64.538060780614614 173.72276067431085
leaf_count=7 27 17 159 17 48 68 392 47 61 91 67 564 10 211 80 347 556 843 249 199 265 30 177 162 55 382 5649 239 604 821
internal_value=9.12306e-05 -0.0442456 -0.0618945 -0.0808243 0.000531756 -0.0812827 0.000779755 0.0474945 0.000343647 -0.0370928 -0.0142927 -0.0575113 0.0832825 0.00122796 0.0179506 0.0101898 -0.00533577 -0.000672898 0.00668529 0.0203197 -0.00347591 -0.0402458 0.0580251 0.0654175 0.0817432 0.000147631 -0.00361533 0.00893846 -0.00562859 0.0215326
internal_weight=1696.3 16.6885 14.9089 13.2106 1679.62 5.07591 1674.54 15.4881 1659.05 38.2853 29.2455 15.3741 3.43116 1620.77 165.429 152.942 115.466 1455.34 96.492 74.7698 43.6164 21.7222 37.4762 36.0487 30.7188 1437.62 1006.7 430.922 199.811 231.111
internal_count=12444 200 193 176 12244 95 12149 95 12054 1124 732 665 101 10930 2181 2101 1646 8749 1090 713 514 377 455 394 217 8538 6031 2507 1447 1060
is_linear=0
shrinkage=0.1


Tree=85
num_leaves=31
num_cat=0
split_feature=1 34 11 9 3 10 45 47 36 3 35 3 11 9 5 2 51 21 38 36 21 39 36 36 50 44 3 14 4 44
split_gain=3.21769 5.54691 5.72716 5.59205 8.77911 7.0627 6.79644 6.32915 6.23329 7.40984 6.31829 5.88763 5.77481 5.56462 5.42062 7.8172 4.98722 7.35576 5.01373 5.96365 7.44784 7.51684 4.15555 5.66976 7.46527 7.88549 7.37006 4.36503 9.31437 4.33825
threshold=0.078363236039876952 0.42531241476535803 0.13620971888303759 0.012985699344426395 0.86786985397338878 -0.024801277555525299 0.63354036211967479 0.24674760550260547 0.29573591053485876 1.9797355532646181 0.59844082593917858 0.28479503095149999 0.88601797819137584 -0.012811394408345221 4.3817639350891122 0.071141816675663008 0.52781608700752269 0.0071242502890527257 0.39931747317314154 0.37918728590011602 0.019218762405216697 0.74144968390464794 0.042338404804468162 0.016701173968613151 0.62723830342292797 0.11484187841415407 0.49044865369796758 42.883190155029304 0.57809528708457958 0.75451576709747326
decision_type=2 2 2 2 2 2 2 2 2 2 2 2 2 2 2 2 2 2 2 2 2 2 2 2 2 2 2 2 2 2
left_child=1 -1 13 5 7 6 -4 14 9 10 -7 -10 16 -3 15 -5 -6 -18 -19 -20 21 -21 23 26 25 -25 -2 -26 -29 -30
right_child=22 2 3 4 12 8 -8 -9 11 -11 -12 -13 -14 -15 -16 -17 17 18 19 20 -22 -23 -24 24 27 -27 -28 28 29 -31
leaf_value=-0.10763704295598223 -0.027009299518256459 -0.080201803852370121 -0.041701025160666698 -0.089796692669112665 -0.11786619695849204 -0.068775921990371511 -0.28037464248303112 0.10116640739937428 -0.088859764223173238 -0.14507164608837905 0.05134063570540931 0.030856697078333013 -0.1483492237669134 0.060844008199144831 0.15456456733962567 0.055487566484197573 0.088045400069640165 0.022530722048232931 -0.17077041599222487 -0.027936657095423447 0.031943303483768795 -0.19836068805339041 0.0028879835279963057 0.070638871753578664 0.036628150964460884 -0.11078089084253251 0.074676647988249328 0.058867267087101049 -0.035868382559130323 -0.18960304104303205
leaf_weight=5.8753012189408755 18.306269475724552 3.2988891118438941 4.8097761449171221 9.7963315785164067 8.028548533737192 8.5239797112881259 1.5866704098880289 6.1682910525705656 4.3943204432725897 5.0003705349517977 9.006033937330356 63.052885674871504 6.4395872266031793 18.390830300515518 1.670725121628492 5.9546986181521779 4.5547213712707153 7.5289387740194824 4.7891498287208405 6.2310169925913232 7.3848652988672248 4.4266784116625786 1415.4588163114386 2.7564262342639294 12.165445460006596 18.315048540884163 11.672459681751205 4.9124239198863489 3.4024611148051918 3.9858949445188046
leaf_count=511 170 67 98 140 90 541 9 27 24 53 131 358 60 114 7 68 25 31 41 26 29 23 8975 21 56 606 83 20 18 22
internal_value=8.18446e-05 -0.0119325 -0.00898909 -0.0151856 -0.0360686 0.000626826 -0.100905 0.0141158 0.00784467 -0.0376949 -0.00706611 0.0230569 -0.0600413 0.0393917 -0.0167051 -0.0348718 -0.0467992 -0.0304578 -0.0482357 -0.0715715 -0.0452406 -0.0987224 0.00166857 -0.0211878 -0.04342 -0.0870488 0.0125829 -0.00584479 -0.0478504 -0.118806
internal_weight=1687.89 196.913 191.037 169.348 72.9736 96.374 6.39645 23.59 89.9776 22.5304 17.53 67.4472 49.3835 21.6897 17.4218 15.751 42.9439 34.9154 30.3606 22.8317 18.0426 10.6577 1490.98 75.5164 45.5377 21.0715 29.9787 24.4662 12.3008 7.38836
internal_count=12444 2473 1962 1781 567 1214 107 242 1107 725 672 382 325 181 215 208 265 175 150 119 78 49 9971 996 743 627 253 116 60 40
is_linear=0
shrinkage=0.1


Tree=86
num_leaves=31
num_cat=0
split_feature=37 8 43 50 2 38 15 34 15 36 14 35 7 11 10 23 13 38 6 45 2 28 18 39 16 38 4 19 6 37
split_gain=3.10655 5.09041 5.44844 3.49474 3.48634 6.05092 4.96982 4.0567 3.90213 5.50121 3.72525 5.59361 9.88412 13.1764 6.37096 8.17995 6.41678 6.61298 5.90626 6.23141 12.8252 5.3651 10.6561 9.21204 9.22556 8.67295 14.8163 9.59183 8.94743 8.10618
threshold=0.44971360266208654 56.192533493041999 0.51249998807907116 0.47296483814716345 0.84959480166435253 0.51391711831092846 0.99234464764595043 0.19957887381315234 -1.7153766155242918 0.43872728943824774 54.690910339355476 0.85639086365699779 90.016551971435561 1.096404016017914 0.2351370453834534 0.59459456801414501 46.912868499755866 0.45751114189624792 71.20273590087892 0.67279696464538585 0.19226726144552234 16757016.000000002 0.0074875645805150279 0.19999970495700839 -0.013619771227240561 0.4521432518959046 1.4779648184776308 7.3216824531555185 76.733272552490249 0.57991081476211559
decision_type=2 2 2 2 2 2 2 2 2 2 2 2 2 2 2 2 2 2 2 2 2 2 2 2 2 2 2 2 2 2
left_child=1 2 -1 -4 7 6 -6 -2 9 -9 11 21 14 -14 16 -16 17 -13 -19 20 -20 -10 23 -23 -25 26 28 29 -24 -27
right_child=4 -3 3 -5 5 -7 -8 8 10 -11 -12 12 13 -15 15 -17 -18 18 19 -21 -22 22 25 24 -26 27 -28 -29 -30 -31
leaf_value=-0.034341240746526565 -0.09520447893655104 -0.068533424898090223 -0.051379879136230815 0.11091936666719265 0.09340983054819188 -0.052327260584958207 -0.04180040521978072 -0.095358104192533141 0.0037617824825663228 0.041964169947555849 -0.0084377717849513489 -0.0051973764118467538 -0.21062850503036976 0.042804309710370067 -0.15753575968946096 0.047930499114495019 0.072416639610406078 0.082149119164979356 -0.16633248160001349 0.047371075587148509 0.07829309129751906 -0.080242838296842645 -0.089238167882487215 -0.089296589609680344 0.033519113845443496 -0.047382678952136756 -0.16436010274626675 -0.11267277788062527 0.045297562851138402 0.049364312680985678
leaf_weight=12.651988801255358 4.4482669474964487 17.14022575103445 1.725765615410636 5.7378325522877276 14.317528041079646 5.5049457056447855 3.3555670268833628 9.4189326091436651 959.15088690147968 4.2262315824627867 338.63390826259274 49.646326967515051 4.1384800076484662 4.0680877789855003 4.0843183249235144 3.6865442618727684 31.586961299180984 23.992338631302118 4.7503939829766768 17.909708391875029 3.9049203917384148 10.101421935716642 10.736561623401942 6.7600474822102106 64.221690427046269 14.956650374457238 13.064504973823203 7.9822131618857375 9.1615826310589892 20.573017235845327
leaf_count=315 308 318 62 40 78 39 22 151 7089 24 2197 261 26 24 24 26 170 168 34 107 19 145 61 46 373 87 71 41 32 86
internal_value=6.52705e-05 -0.0284894 0.00563156 0.0733918 0.000712217 0.0392214 0.0677376 0.000161659 0.000424045 -0.0528261 0.000877294 0.00337192 0.0216559 -0.084999 0.0279275 -0.0600613 0.0331156 0.0207268 0.0461839 0.0137017 -0.0559675 0.000952502 -0.0161493 0.00910717 0.0218226 -0.0429279 -0.0816196 -0.0136168 -0.0272947 0.00863748
internal_weight=1681.64 37.2558 20.1156 7.4636 1644.38 23.178 17.6731 1621.2 1616.76 13.6452 1603.11 1264.48 147.768 8.20657 139.562 7.77086 131.791 100.204 50.5574 26.565 8.65531 1116.71 157.558 81.0832 70.9817 76.4745 32.9626 43.5119 19.8981 35.5297
internal_count=12444 735 417 102 11709 139 100 11570 11262 175 11087 8890 859 50 809 50 759 589 328 160 53 8031 942 564 419 378 164 214 93 173
is_linear=0
shrinkage=0.1


Tree=87
num_leaves=31
num_cat=0
split_feature=36 37 16 17 3 39 23 34 28 14 39 7 24 33 14 39 3 37 15 40 9 35 51 34 34 38 1 35 36 22
split_gain=3.06035 5.5455 9.50776 10.2969 7.00141 6.35214 5.55237 5.33216 5.94573 7.48216 7.13317 6.20272 5.51755 5.4386 7.16719 4.96077 7.06031 4.84038 6.30645 4.67571 5.49524 6.99818 6.95751 5.73554 7.66778 6.40486 7.88946 6.73791 6.74717 8.79058
threshold=0.97426244616508495 0.6138630509376527 0.012304517440497877 27.489323616027836 2.8585926294326787 0.15384616702795031 0.99953573942184459 0.92390587925910961 428035.50000000006 34.658607482910163 0.69814196228981029 54.189689636230476 0.037997383624315269 0.5755123794078828 25.822178840637211 0.17808686196804049 1.7650051116943362 0.67304068803787243 -0.0035784733481705184 0.25000000745058065 -0.033940803259611123 0.47888623178005224 0.26358847320079809 0.53946533799171459 0.99578979611396801 0.40800897777080541 0.18214686214923861 0.65073928236961376 0.41212962567806249 19.748977661132816
decision_type=2 2 2 2 2 2 2 2 2 2 2 2 2 2 2 2 2 2 2 2 2 2 2 2 2 2 2 2 2 2
left_child=17 6 5 -4 -5 -3 7 8 9 -2 13 12 -11 14 -10 16 -9 19 -19 -1 22 -22 -21 -23 25 26 -25 -27 29 -29
right_child=1 2 3 4 -6 -7 -8 15 10 11 -12 -13 -14 -15 -16 -17 -18 18 -20 20 21 23 -24 24 -26 27 -28 28 -30 -31
leaf_value=-0.0040458941133372298 0.092831949416037812 -0.093412277599822111 -0.23383441895143414 -0.13131302418522525 -0.0049041894380564589 0.034322824016264727 -0.040442834966939165 0.089010511163024608 0.057058860986753945 0.024394843102051814 0.052289021227993809 0.057561694740176562 -0.13391699917603728 -0.15240532930043363 -0.10185547952679114 0.085408203202243765 -0.095766055194187225 -0.07067936505032095 0.076758573541499717 0.11535823476540595 -0.078610019375262102 0.050641958442325379 -0.040823448981676627 0.10284138403532006 0.050909832424590899 -0.095270343537756874 -0.075287686974244858 0.012596291284844453 0.10622735260236481 -0.13374926315117736
leaf_weight=1312.5508705782413 16.067917864769697 4.350459709763526 2.8800470232963589 5.6936301216483143 19.013756847009063 37.034629553556442 10.921435607364399 4.1604928560554963 5.5914325714111346 4.0997555907815713 8.575605128426103 8.9109438471496087 4.7547042875085026 4.6087325252592555 5.7634415166685358 27.733197599649429 4.1114036291837692 3.5775320567190674 15.34407753497362 3.1802561581134823 6.6028409286227534 57.691732108942233 27.658432908123359 8.2413450549356622 27.66034054197371 12.489788070088251 3.5607142411172381 14.158040180453105 4.4601886346936217 5.7801836100406936
leaf_count=9286 67 24 15 31 99 200 72 24 21 25 43 35 26 21 44 159 18 21 61 13 236 711 421 46 121 304 22 192 21 65
internal_value=7.83361e-05 0.0126227 -0.00941828 -0.0548927 -0.0340341 0.0208951 0.0270599 0.0348714 0.0162035 0.0433839 -0.0212714 -0.00133933 -0.0606161 -0.0607878 -0.023602 0.0651363 -0.0028295 -0.00137622 0.0488823 -0.00201702 0.0135122 0.0218945 -0.0247171 0.0268453 0.00886421 -0.0150214 0.0490993 -0.0355363 -0.0049578 -0.02983
internal_weight=1677.23 174.272 68.9725 27.5874 24.7074 41.3851 105.299 94.3776 58.3725 33.8333 24.5392 17.7654 8.85446 15.9636 11.3549 36.0051 8.2719 1502.96 18.9216 1484.03 171.484 140.645 30.8387 134.042 76.3506 48.6903 11.8021 36.8882 24.3984 19.9382
internal_count=12444 924 369 145 130 224 555 483 282 153 129 86 51 86 65 201 42 11520 82 11438 2152 1718 434 1482 771 650 68 582 278 257
is_linear=0
shrinkage=0.1


Tree=88
num_leaves=31
num_cat=0
split_feature=1 34 10 18 45 21 23 16 17 10 3 7 23 45 22 22 0 11 7 36 12 45 3 28 5 18 39 36 23 8
split_gain=2.9897 4.99037 4.89077 5.45805 5.15213 8.33264 7.198 10.2733 6.40566 5.82504 6.26284 6.05391 5.74339 6.21731 8.16281 5.5196 5.37249 5.30772 6.30979 6.10685 6.23027 4.55436 8.03575 6.75029 5.15502 7.7167 4.41646 4.24582 8.21901 4.20151
threshold=0.078363236039876952 0.42531241476535803 0.035872705280780799 0.090141482651233687 0.91244894266128551 0.015106775797903539 0.47536407411098486 -1.0000000180025095e-35 34.969915390014656 0.0035920733353123073 2.07309901714325 65.773094177246108 0.95028516650199901 0.66571730375289928 21.8173360824585 -8.5975556373596174 0.10235748067498208 0.13620971888303759 39.35980415344239 0.18826825171709063 17.500000000000004 0.48901361227035528 1.1648620367050173 14275.062011718752 1.1976312994956972 0.20224019140005114 0.99999997019767772 0.78174480795860302 0.86902314424514782 52.777782440185554
decision_type=2 2 2 2 2 2 2 2 2 2 2 2 2 2 2 2 2 2 2 2 2 2 2 2 2 2 2 2 2 2
left_child=1 -1 4 -4 5 9 16 -8 -9 11 12 15 13 14 -11 -3 -7 18 -17 -19 21 22 -21 -23 25 -25 -24 28 -12 -29
right_child=-2 2 3 -5 -6 6 7 8 -10 10 27 -13 -14 -15 -16 17 -18 19 -20 20 -22 23 26 24 -26 -27 -28 29 -30 -31
leaf_value=-0.1071219755342683 0.0016089813604693471 -0.087157880984465211 -0.030067078882605583 -0.23151653248723147 0.0591321948418424 -0.056253335724576352 0.040835067575979767 -0.2230125956164847 -0.035028353799393584 0.052432423536139618 -0.14271954737185391 -0.13609799171113915 -0.083213775648734375 0.12719496995154947 -0.12726079422886682 -0.039815832619223397 -0.21507278173476718 -0.10688727525046651 0.10172613881013214 0.10468519543727002 -0.090730326229607805 -0.1483387667702312 -0.10440403183013219 -0.053284085803922125 0.10294968138701439 0.090351458833023757 0.049361390752581356 0.093961644049606607 0.072371580164049695 -0.037801857538453484
leaf_weight=5.3238972703402387 1480.1776602180325 8.6063302302500215 4.0221407019998869 2.0206103976815939 11.388850424671544 4.1477953214198369 9.9442849382758158 3.1437942208722225 4.2811399046331644 23.142378745775208 5.7991540173534322 4.0848750876029944 3.1267561062704763 9.5405858540907484 2.8380087446421376 4.8026266713859505 4.378216840326786 6.5141999402549109 9.1500494554638845 10.542893379228191 7.2127073351293793 3.3884437559172538 3.9024534877389661 15.479631185648037 4.2104529216885558 4.9320303387939921 3.5828554406762123 4.3188838306814414 2.5611258838325739 5.504117488861084
leaf_count=511 9971 244 49 23 54 31 46 22 25 346 55 50 38 45 45 56 23 353 52 71 62 31 37 98 18 18 16 19 10 25
internal_value=8.64809e-05 -0.0116575 -0.00893334 -0.0974289 -0.0059711 -0.0103549 -0.062558 -0.0256195 -0.114623 -0.000917511 0.0239484 -0.0172717 0.0467186 0.058156 0.0328034 -0.0113756 -0.137809 -0.00252834 0.0530062 -0.0154932 -0.00431309 0.00922555 0.0484301 -0.0160073 0.00220383 -0.0185777 -0.030804 -0.0244486 -0.0768276 0.0201307
internal_weight=1672.07 191.891 186.567 6.04275 180.525 169.136 25.8952 17.3692 7.42493 143.241 56.831 86.4095 38.6477 35.521 25.9804 82.3247 8.52601 73.7183 13.9527 59.7657 53.2515 46.0388 18.0282 28.0106 24.6221 20.4117 7.48531 18.1833 8.36028 9.823
internal_count=12444 2473 1962 72 1890 1836 147 93 47 1689 583 1106 474 436 391 1056 54 812 108 704 351 289 124 165 134 116 53 109 65 44
is_linear=0
shrinkage=0.1


Tree=89
num_leaves=31
num_cat=0
split_feature=18 9 18 21 28 47 34 34 23 34 0 36 16 1 7 8 39 21 17 9 17 21 9 33 16 8 6 50 51 11
split_gain=2.91292 6.1314 4.92319 4.35478 6.88653 6.45465 5.97732 5.462 5.16595 5.11116 5.4619 4.91612 5.4059 5.21872 5.55948 5.10006 6.78699 6.28064 8.45825 7.66537 5.40631 4.86857 4.51906 4.8646 4.57521 9.47572 11.2877 9.18493 13.0544 11.9361
threshold=-0.10756035894155501 0.0096957962960004824 -0.13259624689817426 -0.0081788757815957052 12496507.000000002 0.13528163731098178 0.35880020260810858 0.69216498732566845 0.11111111566424371 0.25991213321685797 0.15776102244853976 0.74593961238861095 -0.57459285855293263 0.098018623888492598 36.363645553588874 32.532184600830085 0.93957647681236278 -0.021857650019228455 41.061998367309577 -0.036167712882161134 31.84030914306641 -0.013734423555433748 -0.066442001610994325 0.5047706961631776 -0.0024882354773581024 55.819597244262702 69.769073486328139 0.80479618906974804 0.61240151524543773 0.82083392143249523
decision_type=2 2 2 2 2 2 2 2 2 2 2 2 2 2 2 2 2 2 2 2 2 2 2 2 2 2 2 2 2 2
left_child=1 2 -1 4 7 -6 9 11 -7 10 -5 12 -2 -14 15 16 17 18 19 -15 -19 -17 23 -8 -24 26 -26 28 -28 -30
right_child=3 -3 -4 6 5 8 22 -9 -10 -11 -12 -13 13 14 -16 21 -18 20 -20 -21 -22 -23 24 -25 25 -27 27 -29 29 -31
leaf_value=-0.023794289316627554 -0.151209256182951 0.026075177684006547 -0.11719127479806475 -0.10890250817835785 0.12289431835187326 0.07397405957432128 0.11369267919949998 0.086128323883409463 -0.075839222020831348 -0.1049819681505023 0.1351637849512641 0.07882947994004208 -0.056369637200249671 -0.19548321655804854 0.04565614995536086 -0.13656411844243244 0.11074384357714795 0.0089331276855792729 0.075031839402562042 0.053718050539139119 -0.1354165252428742 0.015216783588317274 -0.010760346940827469 0.013532466964423768 0.032406490821627221 -0.0029307665950870682 -0.0025363366253703962 0.03331692680003049 -0.16518097374264462 0.02104207336756397
leaf_weight=63.74381884734612 1.9944925140589465 24.492140138521791 6.1921855019754721 1.5853593328502023 2.2980161422747214 2.6821080411318716 6.9834591981489238 13.580028549768029 16.228633824619465 9.752405181527136 2.1746525306953117 12.26382894720882 9.2727802897570637 2.6620780003722757 48.058975163032301 5.0063857358181849 5.91893760068342 4.8408885777462363 12.128174063866025 2.3014579924056262 5.5915034828649368 3.6570840224740078 340.58507725317031 15.865395877044646 185.50137147051282 784.09924967470579 33.578228045254946 27.664160996675491 11.792303673923017 4.8605298101901999
leaf_count=972 15 245 130 190 25 25 36 62 180 378 21 71 383 31 388 91 29 35 67 20 84 58 2395 96 1364 4681 163 142 52 15
internal_value=7.49543e-05 -0.016984 -0.0320637 0.00109906 0.0173961 -0.0353603 -0.000599759 0.0261872 -0.0545912 -0.0667935 0.0322565 0.0190278 0.0117974 0.0150669 0.0224136 -0.00411475 0.0135988 -0.0072918 0.0300284 -0.0799353 -0.0684347 -0.0724933 3.41758e-05 0.0441451 -0.000691924 0.00258175 0.0189918 -0.0129542 -0.0384375 -0.110827
internal_weight=1667.36 94.4281 69.936 1572.93 148.485 21.2088 1424.44 127.277 18.9107 13.5124 3.76001 113.697 101.433 99.4383 90.1655 42.1065 33.443 27.5241 17.0917 4.96354 10.4324 8.66347 1410.93 22.8489 1388.08 1047.5 263.397 77.8952 50.2311 16.6528
internal_count=12444 1347 1102 11097 1564 230 9533 1334 205 589 211 1272 1201 1186 803 415 266 237 118 51 119 149 8944 132 8812 6417 1736 372 230 67
is_linear=0
shrinkage=0.1


Tree=90
num_leaves=31
num_cat=0
split_feature=44 14 14 22 10 19 11 12 50 21 10 15 17 14 3 14 17 6 35 45 28 50 4 47 40 39 4 22 22 23
split_gain=2.92839 8.20527 7.35973 8.43215 8.81112 10.6443 20.7303 8.52324 7.81494 9.34966 8.8117 8.58978 7.46437 11.2493 7.33592 7.84362 7.32681 7.57914 7.36249 6.91105 6.69637 6.37844 6.29341 8.20821 5.74995 5.71074 5.6077 6.33009 6.76812 5.13018
threshold=0.87007519602775585 78.672073364257827 18.422094345092777 -10.430037021636961 -0.0050359186716377726 7.3216824531555185 0.87808367609977733 1.0000000180025095e-35 0.5969088375568391 0.049336729571223266 0.090928010642528548 0.050789454951882369 29.941894531250004 34.49818420410157 0.92310780286788952 89.789287567138686 21.851370811462406 81.187824249267592 0.60321021080017101 0.35260742902755743 1041215.0000000001 0.51071250438690197 0.56770968437194835 0.30259108543396002 1.0000000180025095e-35 0.92012271285057079 2.7253099679946904 34.232458114624031 24.079378128051761 0.3043478280305863
decision_type=2 2 2 2 2 2 2 2 2 2 2 2 2 2 2 2 2 2 2 2 2 2 2 2 2 2 2 2 2 2
left_child=-1 2 16 -4 -5 7 12 8 21 -10 11 -11 -7 -14 15 -3 18 -18 -2 -9 -13 -6 23 -21 -23 26 27 28 -24 -28
right_child=1 14 3 4 5 6 -8 19 9 10 -12 20 13 -15 -16 -17 17 -19 -20 22 -22 24 25 -25 -26 -27 29 -29 -30 -31
leaf_value=-0.0017760375986203142 -0.096262977283136597 -0.26817668822202617 -0.13079594229268662 0.070506617909859404 0.057139871153425927 0.077251100642218865 -0.26203551023790278 0.10604511412452611 0.083355644737723958 0.0450345450457144 0.047431597124557391 -0.024050242654362702 -0.17884569819152119 0.0098602857043926413 -0.0042794395750665789 -0.026363309882125915 -0.17867623171422964 -0.0076152381691288757 0.088205576752036649 -0.018900596939167291 -0.17573387671287499 -0.12498194207023237 -0.032968969554807548 -0.2309924532338993 0.011761341339271527 0.068611771223407253 -0.017879924047967653 -0.078667933299514214 0.098924123802574593 -0.18050123676616653
leaf_weight=1393.6156287301565 3.4429152458906191 2.9190820949152094 3.7277578579087267 30.931535386131145 6.47006478882395 6.8072846420109334 3.8228536546230307 4.4539817266631863 41.508781656622887 8.5926001295447367 45.377001352608204 7.1479674130678159 4.6077708192169657 10.047317804303018 7.517519723623991 2.4818805309478194 5.807974440045653 4.6749234786257148 5.8228291487321258 4.3275743200210846 4.909469373524189 7.0315914363600296 7.707660831860272 3.1550985593348742 5.4649897202616557 7.750060334801673 3.7988788837101302 7.413364849984645 7.8564305230975151 3.9642173200845718
leaf_count=11031 33 22 53 155 60 36 22 25 130 35 215 33 26 57 45 25 36 27 25 39 25 47 41 22 39 36 16 38 26 24
internal_value=6.93567e-05 0.00961064 0.0135253 0.0184151 0.0208008 0.0131976 -0.0474927 0.021871 0.0357285 0.0461668 0.0227876 -0.0313659 -0.00927858 -0.0494716 -0.0681528 -0.157057 -0.0451255 -0.10239 0.0196617 -0.0128922 -0.0858118 -0.0234542 -0.024415 -0.10833 -0.0651815 -0.00810176 -0.0274422 -0.00261636 0.0336079 -0.100922
internal_weight=1663.16 269.541 256.623 236.874 233.146 202.215 25.2852 176.93 126.502 107.536 66.027 20.65 21.4624 14.6551 12.9185 5.40096 19.7486 10.4829 9.26574 50.4273 12.0574 18.9666 45.9733 7.48267 12.4966 38.4906 30.7406 22.9775 15.5641 7.7631
internal_count=12444 1413 1321 1200 1147 992 141 851 584 438 308 93 119 83 92 47 121 63 58 267 58 146 242 61 86 181 145 105 67 40
is_linear=0
shrinkage=0.1


Tree=91
num_leaves=31
num_cat=0
split_feature=5 22 51 50 33 48 11 5 45 15 50 50 39 9 10 48 21 14 3 14 35 33 36 18 34 36 3 7 19 19
split_gain=2.9646 4.72256 5.09979 3.81465 5.55106 6.072 6.67556 5.86929 4.9452 4.80769 4.69124 7.66229 12.4009 8.50769 11.5855 7.88274 10.0244 7.4706 8.06234 7.36155 7.18999 8.46318 6.84235 6.75624 6.66593 7.9526 7.4743 10.2013 7.55054 10.8351
threshold=7.4598934650421151 45.208614349365241 0.82015949487686168 0.95536723732948314 0.88478299975395214 0.25000000745058065 0.83168643712997448 0.55963072180747997 0.95967659354209911 13.313772678375246 0.65571194887161266 0.68855392932891857 0.41107703745365148 0.04452848248183728 -0.03268864378333091 0.35000000894069677 0.038327230140566833 15.751770973205568 1.6750662326812746 49.066644668579109 0.62450289726257335 0.50857311487197887 0.21585572510957721 0.025141151621937755 0.49996672570705419 0.084970615804195418 0.31951561570167547 80.436000823974624 2.3098537921905522 -0.070455212146043764
decision_type=2 2 2 2 2 2 2 2 2 2 2 2 2 2 2 2 2 2 2 2 2 2 2 2 2 2 2 2 2 2
left_child=3 2 -2 9 -5 6 -6 -7 -9 10 20 12 15 14 -14 16 22 18 -13 -15 21 -1 -12 -24 -23 -26 -27 28 29 -28
right_child=1 -3 -4 4 5 7 -8 8 -10 -11 11 17 13 19 -16 -17 -18 -19 -20 -21 -22 24 23 -25 25 26 27 -29 -30 -31
leaf_value=0.0050775800346042239 -0.049463593137117234 -0.1264594167432633 0.093659873230979657 0.023160776253872164 -0.17663544025045089 0.099778721115966487 -0.01167179064708535 0.049055352922109996 -0.11369516128645302 -0.1369232689144427 0.093941016444821945 -0.1497610452342952 -0.1441440505104743 -0.069618059062720256 -0.014068595609344148 0.078416660584423009 -0.11122559447891885 -8.9451890030235945e-06 -0.0084562658873991465 -0.20815248256568417 0.01337619769227978 -0.099724267677097522 0.059785694128386857 -0.086765653407866183 -0.086562198931911027 0.057106397823670899 0.00013154000552267694 -0.14692902714399028 0.01421206737936587 -0.075349349127975168
leaf_weight=341.26017817587126 8.745221762335861 4.7225719392299643 3.4804171919822684 133.11075128242373 4.6411786898970622 4.9792658351361734 5.203225564211607 3.4069749489426613 4.1303681582212448 2.599466281477361 7.6329337381757858 7.0244072899222401 8.4900384470820409 9.7152972687035817 35.391060139983892 11.791150441393254 8.3203557319939119 429.23006090708077 9.4969155862927419 6.3382348287850609 411.94055788678816 10.28224925251561 5.4080106392502767 7.5200849175453186 14.973579417739527 14.895945354830472 43.771348580834449 5.8250563465990117 61.798646018723957 33.628936525026809
leaf_count=4166 59 23 12 812 23 25 26 25 27 38 31 33 42 54 147 36 36 1651 39 35 2820 267 21 30 577 139 521 61 354 314
internal_value=8.25137e-05 -0.041527 -0.00871894 0.000511783 0.0154161 -0.0306862 -0.0894445 0.0155275 -0.0401299 -0.00104617 -0.000808282 -0.00817491 -0.033102 -0.0620237 -0.0392354 0.0095167 -0.0186125 -0.0025488 -0.0685351 -0.124314 0.00348085 -0.00426234 0.0188649 -0.0254611 -0.0214749 -0.0168745 -0.0103495 -0.0172781 -0.0118526 -0.0326635
internal_weight=1659.75 16.9482 12.2256 1642.81 155.472 22.361 9.8444 12.5166 7.53734 1487.33 1484.74 546.359 100.607 59.9346 43.8811 40.6725 28.8814 445.751 16.5213 16.0535 938.376 526.436 20.561 12.9281 185.176 174.894 159.92 145.024 139.199 77.4003
internal_count=12444 94 71 12350 938 126 49 77 52 11412 11374 2155 432 278 189 154 118 1723 72 89 9219 6399 82 51 2233 1966 1389 1250 1189 835
is_linear=0
shrinkage=0.1


Tree=92
num_leaves=31
num_cat=0
split_feature=35 0 9 34 9 3 48 37 18 23 39 22 18 8 7 9 17 51 44 12 10 24 18 28 12 44 2 33 51 37
split_gain=2.96931 5.22555 8.7968 6.51083 7.21298 7.00382 5.81479 5.8156 5.76669 4.9851 7.09275 4.83455 6.70647 4.53369 6.44675 7.23946 4.97913 5.00698 4.48092 7.82142 9.13127 8.95941 9.3545 8.08855 6.48339 6.37343 12.4509 10.6358 8.20353 7.17632
threshold=0.991814285516739 0.51373103260993969 0.10030108690261842 0.84564095735549938 0.064029827713966384 1.110587000846863 0.45000000298023229 0.57323721051216137 0.10072842985391618 0.3827174454927445 0.42857144773006445 38.939729690551765 0.61602315306663524 91.249706268310561 90.680919647216811 0.17563800513744357 90.358364105224624 0.41646656394004827 0.87007519602775585 1.5000000000000002 0.0040176331531256446 0.49035549163818365 0.039135597646236427 311.50000000000006 19.500000000000004 0.94710481166839611 0.080976735800504698 0.73531740903854381 0.85075896978378307 0.59969979524612438
decision_type=2 2 2 2 2 2 2 2 2 2 2 2 2 2 2 2 2 2 2 2 2 2 2 2 2 2 2 2 2 2
left_child=13 3 8 5 -5 -2 11 -8 -3 10 -4 -6 -13 16 -15 -16 18 -18 -1 21 24 23 -23 -20 -21 28 -27 -28 29 -22
right_child=1 2 9 4 6 -7 7 -9 -10 -11 -12 12 -14 14 15 -17 17 -19 19 20 25 22 -24 -25 -26 26 27 -29 -30 -31
leaf_value=-0.0026116105082837622 -0.10110663510699608 -0.13212040539761494 -0.084025016164255839 0.073020279166944743 0.065844425035089221 0.03441343929187804 0.0098926991585631327 -0.15998834915599877 -0.024391606919026476 0.053751936272620052 0.051120859665501742 0.052147868336903193 -0.13156381051260568 -0.17124645253395532 -0.092564331125758709 0.09475590622123313 0.087346322406141569 -0.10253616246204267 -0.077604392171666634 0.055957692047337283 0.0071054628955031229 0.060073468187938628 -0.12945708326816005 0.038378569455377209 -0.072649204077528284 0.019397182099106208 -0.072979114871680267 -0.29680855241060317 0.11227714342347057 -0.087368779315731546
leaf_weight=1257.844955714565 7.1737036649137726 6.9493541736155775 8.2817603573203069 37.031929048709571 15.544008120894437 8.141612356528638 4.5990080535411817 3.586724653840065 17.436150271445513 21.309012807905674 7.312028542160987 4.4627190157771093 3.5820965319871902 3.7416755326557896 4.8950392862316203 3.566324420273304 1.6653890684247006 8.3583011709852126 6.3005486626643679 22.764564105658796 19.021765288081951 4.1145146583439764 7.094019188079983 131.69448484783061 4.7352620694728094 5.8059232648229218 4.9010848356410843 3.7451693769544363 4.4186335131525984 13.927314988803117
leaf_count=10191 70 44 39 241 82 42 21 26 88 158 33 23 22 29 38 14 12 114 43 127 103 30 41 599 40 26 32 26 22 68
internal_value=7.53777e-05 0.0137227 -0.00848652 0.0299037 0.043029 -0.0290642 0.00807551 -0.0645437 -0.055092 0.0223106 -0.0206542 0.0332756 -0.029653 -0.00124006 -0.0619456 -0.013612 -0.000745009 -0.0709881 -0.000271308 0.0126103 -0.012763 0.0260992 -0.0598828 0.033083 0.0338126 -0.0374798 -0.0938721 -0.169932 -0.0156697 -0.0328281
internal_weight=1654.01 145.41 61.2883 84.1218 68.8065 15.3153 31.7746 8.18573 24.3855 36.9028 15.5938 23.5888 8.04482 1508.59 12.203 8.46136 1496.39 10.0237 1486.37 228.523 79.3197 149.204 11.2085 137.995 27.4998 51.8199 14.4522 8.64625 37.3677 32.9491
internal_count=12444 889 362 527 415 112 174 47 132 230 72 127 45 11555 81 52 11474 126 11348 1157 444 713 71 642 167 277 84 58 193 171
is_linear=0
shrinkage=0.1


Tree=93
num_leaves=31
num_cat=0
split_feature=19 3 33 21 37 23 38 7 5 39 4 36 9 3 0 5 22 2 50 36 33 11 3 21 38 4 28 28 48 0
split_gain=2.7138 5.11174 6.43319 7.44129 6.27195 4.12607 4.16352 3.66604 3.33582 5.09399 3.91833 5.20983 3.67597 7.31966 6.92453 8.90129 10.6168 6.86578 4.78055 4.66423 6.6552 4.45088 4.21319 4.14941 9.49725 9.73117 8.16624 8.18374 7.66612 6.23769
threshold=-5.0493197441101065 0.40349768102169042 0.72945216298103344 0.0071242502890527257 0.56342172622680675 0.20710681378841403 0.54079014062881481 77.684074401855483 7.4598934650421151 0.82512134313583385 4.0571570396423349 0.17796481400728228 0.18254441767930987 2.2730075120925908 0.30011317133903509 3.603367924690247 34.840766906738288 0.13521249592304233 0.8576483726501466 0.12169712781906129 0.72400918602943432 1.2591689229011538 0.85479313135147106 0.082020234316587462 0.4945517778396607 1.6507602930068972 7100518.2500000009 24944807.000000004 0.25000000745058065 0.32309889793396002
decision_type=2 2 2 2 2 2 2 2 2 2 2 2 2 2 2 2 2 2 2 2 2 2 2 2 2 2 2 2 2 2
left_child=1 5 3 4 -3 -1 -7 -4 12 10 11 -10 23 14 -14 17 -17 -16 -15 20 -19 -21 -18 29 26 -26 28 -28 -25 -2
right_child=8 2 7 -5 -6 6 -8 -9 9 -11 -12 -13 13 18 15 16 22 19 -20 21 -22 -23 -24 24 25 -27 27 -29 -30 -31
leaf_value=-0.09113485812339496 -0.0015983013115680488 -0.05781214644122469 0.07519574791271888 -0.1327193643484034 0.13085733387786735 0.073618296381667211 -0.070672476244309029 -0.063640906124672533 -0.016270127910731996 0.049946708005254907 -0.0018826140745139602 -0.18994450835507959 0.085153937385143458 -0.030401656590838367 -0.076777732508982843 -0.19671083490270916 0.054191650293248718 0.064185747218080222 0.085864794535464084 0.054164345397940065 -0.07142530356425289 -0.047104813949161078 -0.07069048497401545 -0.024628134449208333 -0.052030220830994012 -0.25837719059999475 -0.15777844852988931 -0.003316223171125478 0.06204208265110072 0.017857689067767166
leaf_weight=2.6529808837804003 1216.3626845918188 7.6315356154809759 5.3806574828340654 11.386758953682145 2.2908948173280805 10.385422513354568 2.4766885138233183 2.9417110970243812 2.7952565511222911 4.130838591605424 4.1437944769859314 4.5205863323062658 9.6392345442436618 4.2580191157758263 7.6664040312170973 4.7544036060571662 4.6687118634581548 5.6743798200041047 20.869244866073132 35.833553127944469 9.990009665489195 4.9381004124879828 6.4115701094269753 22.03914600610733 8.8448585066944343 3.0817245543003073 6.2728340886533243 7.5689459294080734 19.007006864994764 190.6067946664989
leaf_count=74 9563 384 51 189 11 76 125 21 26 19 17 28 37 18 36 26 16 26 137 193 47 23 32 105 57 20 30 34 85 938
internal_value=9.08972e-05 -0.0240887 -0.0484372 -0.0775561 -0.0142521 0.0224133 0.0458341 0.0261211 0.00077143 -0.0452596 -0.0795785 -0.123587 0.00122321 0.0184666 0.00508731 -0.00456754 -0.0717081 0.0120176 0.0661625 0.0240798 -0.0223006 0.041899 -0.018071 -0.000118831 -0.024468 -0.105348 -0.00689345 -0.0733156 0.0155057 0.00103747
internal_weight=1649.22 45.1466 29.6316 21.3092 9.92243 15.5151 12.8621 8.32237 1604.08 15.5905 11.4596 7.31584 1588.49 114.704 89.5764 79.9371 15.8347 64.1024 25.1273 56.436 15.6644 40.7717 11.0803 1473.78 66.8145 11.9266 54.8879 13.8418 41.0462 1406.97
internal_count=12444 931 656 584 395 275 201 72 11513 90 71 54 11423 591 436 399 74 325 155 289 73 216 48 10832 331 77 254 64 190 10501
is_linear=0
shrinkage=0.1


Tree=94
num_leaves=31
num_cat=0
split_feature=36 4 5 24 3 21 17 2 35 48 21 5 44 37 19 44 21 35 17 3 37 15 40 24 2 11 38 4 45 45
split_gain=2.66674 4.56666 6.13526 5.54996 4.73351 6.98203 6.12596 6.45278 5.08405 4.29637 5.10965 8.02907 4.4137 5.08216 5.80088 5.18948 7.85222 4.82974 4.06741 4.05984 3.92371 4.83481 3.76236 4.73847 4.6942 5.79428 4.59791 5.43426 6.40322 7.68695
threshold=0.97426244616508495 5.9837012290954599 1.3321610093116762 0.15635612607002261 5.2679324150085458 0.068368140608072295 28.00238132476807 0.064380265772342696 0.52390658855438244 0.45000000298023229 0.058277662843465812 0.96799367666244518 0.94710481166839611 0.66366121172904979 0.90573006868362438 0.72574201226234447 0.030596983619034294 0.52291166782379161 41.959007263183601 3.3018637895584111 0.67304068803787243 -0.0035784733481705184 0.25000000745058065 0.8012244999408723 0.036169216036796577 0.63732609152793895 0.53794223070144664 0.96931579709053051 0.30995291471481329 0.35846029222011572
decision_type=2 2 2 2 2 2 2 2 2 2 2 2 2 2 2 2 2 2 2 2 2 2 2 2 2 2 2 2 2 2
left_child=20 4 3 19 9 6 7 -6 -8 12 11 -11 13 14 15 16 17 -2 -17 -3 22 -22 24 -24 25 -1 27 28 -26 -30
right_child=1 2 -4 -5 5 -7 8 -9 -10 10 -12 -13 -14 -15 -16 18 -18 -19 -20 -21 21 -23 23 -25 26 -27 -28 -29 29 -31
leaf_value=-0.13683843366664833 -0.085114294690579351 -0.0948310117241567 0.042770540376600059 -0.15893967298837519 0.024187537601991573 -0.14007163214473101 -0.076075495902808765 -0.13913025919554492 0.045368088966616815 0.012690147038416181 0.049216403656481 -0.18034634282257545 -0.062378524394491791 -0.060175266201539623 0.06878266955958548 -0.0054232469094062747 -0.14629291867191596 0.048040549576526204 0.10230775647481744 0.041939037105132991 -0.05880375104429128 0.071214656236079268 0.014058708214562518 -0.15344352440622389 0.03769470545611079 0.037787298990300047 -0.023028591150076438 0.0045534184341102469 -0.067943215220707384 -0.0090018548085676366
leaf_weight=5.6174771682708506 3.6736695724539485 4.2174102081917244 7.1414525620639315 4.7432773779146364 4.4085014238953573 3.7972214184701434 4.060466555645692 5.3614260368049145 22.822141751646996 5.0683224312961084 6.1796669363975516 3.7481536045670509 4.2466215528547755 4.6136638335883609 50.822477587964386 5.8444289565086356 3.9169530048966399 10.537704402580856 8.7537146629765612 4.4713592082262039 3.573092692531648 14.331254611723123 164.3496065963991 1.7064074202207837 27.576249690260738 2.8713819949189201 106.81253814726369 669.84699314145837 23.253116150619462 456.70821445673937
leaf_count=158 28 21 33 24 17 23 37 33 120 26 38 21 28 30 266 27 20 68 40 24 21 61 2116 36 250 47 1857 3740 261 2973
internal_value=9.86234e-05 0.01202 -0.0321223 -0.0719408 0.0181623 -0.0109937 0.0023788 -0.0654361 0.0270247 0.0291427 -0.0205057 -0.0693756 0.0371996 0.0419961 0.0476381 0.0148018 -0.0209323 0.0136197 0.0591772 -0.0244473 -0.00126115 0.0452674 -0.00183224 0.0123374 -0.00365245 -0.0777708 -0.00316251 -0.00136025 -0.0091651 -0.0118574
internal_weight=1645.07 168.429 20.5735 13.432 147.855 40.4498 36.6525 9.76993 26.8826 107.405 14.9961 8.81648 92.4092 88.1626 83.5489 32.7265 18.1283 14.2114 14.5981 8.68877 1476.65 17.9043 1458.74 166.056 1292.69 8.48886 1284.2 1177.38 507.538 479.961
internal_count=12444 924 102 69 822 230 207 50 157 592 85 47 507 479 449 183 116 96 67 45 11520 82 11438 2152 9286 205 9081 7224 3484 3234
is_linear=0
shrinkage=0.1


Tree=95
num_leaves=31
num_cat=0
split_feature=35 12 34 21 38 37 44 23 40 19 8 13 0 4 4 50 36 4 23 4 15 5 15 47 50 28 3 8 34 24
split_gain=2.75557 4.36529 4.79618 9.55625 6.74125 8.70626 5.61275 5.48863 5.46632 5.45871 7.27442 6.85399 7.2014 5.61263 9.33061 5.70781 6.09689 5.71095 4.57976 3.99698 3.81921 4.96285 6.61279 3.79235 3.49084 7.79852 8.08012 6.70259 12.8256 10.2191
threshold=0.94534042477607738 16.500000000000004 0.94804006814956676 0.051426958292722709 0.40131650865077978 0.53174975514411937 0.63774496316909801 0.43678879737854009 0.15000000223517421 10.759058952331545 69.705783843994155 45.128259658813484 0.36103093624114996 0.77036675810813915 0.90350285172462474 0.83472201228141796 0.098266094923019423 3.2364106178283696 0.31249998509883886 0.47358238697052008 5.143986940383912 0.83009672164917003 7.4208896160125741 0.38540704548358923 0.50877195596694957 316519760.00000006 1.4683335423469546 62.225437164306648 0.77788990736007702 0.42549888789653784
decision_type=2 2 2 2 2 2 2 2 2 2 2 2 2 2 2 2 2 2 2 2 2 2 2 2 2 2 2 2 2 2
left_child=20 2 4 -4 6 7 -2 8 -6 10 18 -12 -13 -14 -15 -16 -17 -18 -5 -9 24 -22 -23 -7 25 26 27 28 -1 -29
right_child=1 -3 3 9 5 23 -8 19 -10 -11 11 12 13 14 15 16 17 -19 -20 -21 21 22 -24 -25 -26 -27 -28 29 -30 -31
leaf_value=-0.007984009292898676 -0.014830952833770056 0.058208387016940658 0.07986370622471578 -0.012981747369757095 -0.16376156639887904 0.00043248645785786029 -0.18433873379783838 0.087738575689327983 -0.012370933787349802 -0.1151378102466568 0.068699590147456191 -0.14383612080362224 0.039911421960175844 -0.18842217194334185 -0.085492062703247676 -0.078680928140388948 0.073280469770860113 -0.060137794286825544 0.098701475425049368 -0.044756035390322295 0.029190448947399989 -0.22335415782703458 -0.025596584858770949 0.097463883499371878 0.0013205081717004258 0.24757954980623317 -0.056946829542871405 -0.055939961927688645 0.069017480650101229 0.047951855269757912
leaf_weight=118.81327094964217 3.6601131260395041 18.387307225260884 20.232114652171731 5.2077000886201885 5.7196811595931667 7.6744149699807194 4.1892471350729465 3.6697580162435752 4.0909164329059422 3.7109277322888365 10.188961576670406 4.365243472158908 15.59584356471896 3.4477040246129027 8.4335795193910617 5.7310470640659359 13.002023298293354 4.2593382969498625 12.448625374585388 5.9986164420843124 3.9259122677613032 2.9954970646649599 3.8824998518684879 8.4772661468014103 1222.31329773576 1.1528721256181587 35.777700761682354 45.488483301945962 26.445858483668417 11.956423355499281
leaf_count=2892 20 124 165 24 47 35 22 19 46 21 60 26 75 19 38 23 82 28 85 41 21 18 39 52 6584 5 498 950 217 168
internal_value=0.000105043 0.0122193 0.00658572 0.0180006 -0.0214063 -0.00292504 -0.105298 -0.0479372 -0.100633 0.00351275 0.00883814 -0.00661843 -0.0206134 -0.00995556 -0.0322565 -0.0151238 0.0106871 0.0403588 0.0657607 0.00553403 -0.00128089 -0.0605185 -0.111724 0.0513598 -0.000843119 -0.0118792 -0.0131335 -0.00540034 0.00603487 -0.0343162
internal_weight=1641.24 168.49 150.103 106.623 43.48 35.6307 7.84936 19.479 9.8106 86.391 82.6801 65.0237 54.8348 50.4695 34.8737 31.426 22.9924 17.2614 17.6563 9.66837 1472.75 10.8039 6.878 16.1517 1461.95 239.635 238.482 202.704 145.259 57.4449
internal_count=12444 1052 928 646 282 240 42 153 93 481 460 351 291 265 190 171 133 110 109 60 11392 78 57 87 11314 4730 4725 4227 3109 1118
is_linear=0
shrinkage=0.1


Tree=96
num_leaves=31
num_cat=0
split_feature=21 34 15 11 2 44 6 0 38 38 28 34 50 9 36 5 35 45 18 50 16 36 10 5 7 45 50 15 34 15
split_gain=2.64914 7.43851 8.70859 8.09467 8.84493 6.15317 6.62886 8.00764 6.60428 7.85173 6.51582 5.52123 6.59544 5.46457 4.82297 6.42123 6.8594 5.63126 4.81209 4.62713 4.48926 4.28522 4.27082 4.02293 4.00618 8.09736 8.9186 5.65519 4.3567 4.26662
threshold=-0.0096850898116826994 0.70165106654167186 0.00080554871237836789 0.25976561009883886 0.248823918402195 0.59712639451026928 21.435533523559574 0.10332992300391199 0.41803891956806188 0.43123181164264685 310374.50000000006 0.35880020260810858 0.80479618906974804 -0.12569911777973172 0.222177729010582 0.60295161604881298 0.65508180856704723 0.58015277981758129 -0.54240661859512318 0.66407737135887157 0.017780294641852382 0.44333234429359442 -0.097762610763311372 0.38434810936450964 34.708259582519538 0.63989618420600902 0.75014862418174755 -0.41789036989212031 0.80900925397872936 -0.27308788895606989
decision_type=2 2 2 2 2 2 2 2 2 2 2 2 2 2 2 2 2 2 2 2 2 2 2 2 2 2 2 2 2 2
left_child=1 2 5 -4 20 6 -1 -8 -7 -10 21 12 -2 -9 15 -15 -17 -16 23 -3 -5 22 -11 -13 25 26 28 -26 -20 -29
right_child=11 19 3 4 -6 8 7 13 9 10 -12 18 -14 14 17 16 -18 -19 24 -21 -22 -23 -24 -25 27 -27 -28 29 -30 -31
leaf_value=-0.097215445172996795 -0.088460785986631166 0.10120952415588286 0.11323993986371768 0.09155995618305468 -0.15232941181730883 -0.11868792442036234 -0.1069995934108339 -0.10566070875373515 0.087013844147454472 0.045872162532089603 -0.13249485165645522 -0.003266233390300661 0.11194750153859162 0.035335517356506689 0.069363865602602867 -0.087965565619641084 0.085150395961629363 -0.009720769149552071 -0.07051154505855152 -0.028811090344671893 -0.073597499446734549 0.096988900508774803 -0.12738653139168701 -0.094775459869749751 0.055624214801098082 0.068334044857330245 -0.28010943179358627 -0.062118895624678511 0.021681860272625458 0.00060868332288526231
leaf_weight=5.7708232585864598 12.676805296796372 13.522617392940449 13.035968344076538 6.4091599764069525 2.9155586368869981 8.7615351083222794 5.1903134254389434 3.2661288883537045 5.5171059230342534 2.5985879115760326 6.0605868564452967 9.3447983613004926 1.8865286707878102 19.197993003064767 32.792781495838426 11.407759992522186 2.8633055786485775 12.411427839193491 17.47620568523417 3.4316787365823975 2.214454141270835 3.0947000570595264 3.1441495227627438 9.8869280608487298 18.59908165037632 6.1919976668432346 1.702310275286435 10.929605595883912 7.2530843364074817 1375.2490056816896
leaf_count=180 673 78 72 53 36 59 242 29 22 11 89 140 5 235 183 243 27 80 292 23 80 17 56 201 123 34 11 88 37 9025
internal_value=0.000109552 0.0121809 0.00493088 0.0592432 -0.0017576 -0.00600265 0.0065791 0.0134537 -0.0460638 -0.0148958 -0.0526355 -0.00123286 -0.0625 0.0210836 0.0263454 -0.00242933 -0.0532321 0.0476501 -0.000620313 0.0748924 0.0491492 0.00213095 -0.048987 -0.0503106 4.45196e-05 -0.0345984 -0.0587118 0.000849042 -0.0434713 0.000114095
internal_weight=1634.8 163.607 146.652 24.5751 11.5392 122.077 92.9005 87.1297 29.1767 20.4151 14.898 1471.2 14.5633 81.9394 78.6733 33.4691 14.2711 45.2042 1456.63 16.9543 8.62361 8.83744 5.74274 19.2317 1437.4 32.6236 26.4316 1404.78 24.7293 1386.18
internal_count=12444 1815 1714 241 169 1473 1219 1039 254 195 173 10629 678 797 768 505 270 263 9951 101 133 84 67 341 9610 374 340 9236 329 9113
is_linear=0
shrinkage=0.1


Tree=97
num_leaves=31
num_cat=0
split_feature=47 4 9 3 23 47 16 17 16 6 38 14 28 14 39 23 34 45 15 16 5 14 9 34 51 34 50 22 36 50
split_gain=2.55211 4.91716 4.13561 3.31998 3.62635 7.00628 8.16546 6.34715 8.62149 6.56509 7.45483 5.71005 4.75475 7.38082 5.59545 5.81143 5.44009 5.39395 4.94075 14.393 7.78228 6.73527 6.57634 7.23611 6.3519 6.06833 5.38572 5.32809 7.75591 5.55047
threshold=0.09564820304512979 0.75711607933044445 0.012985699344426395 0.016903567127883438 0.99953573942184459 0.66758605837821972 0.071828477084636702 53.916936874389656 0.010990435723215343 59.835788726806648 0.45825493335723883 19.536788940429691 2452.5000000000005 78.672073364257827 0.84505674242973339 1.0000000180025095e-35 0.8282185196876527 0.43847674131393438 -0.14101836085319516 -0.25719077885150904 1.2315006256103518 35.51551818847657 0.024310832843184475 0.83066102862358104 0.69109427928924572 0.890527904033661 0.51516070961952221 -2.8379231691360469 0.084970615804195418 0.66407737135887157
decision_type=2 2 2 2 2 2 2 2 2 2 2 2 2 2 2 2 2 2 2 2 2 2 2 2 2 2 2 2 2 2
left_child=1 -1 -3 -2 12 6 7 9 -9 10 -6 -11 13 14 15 -5 -16 -15 19 20 21 -14 23 -21 -25 -23 -22 28 -20 -30
right_child=3 2 -4 4 5 -7 -8 8 -10 11 -12 -13 18 17 16 -17 -18 -19 27 22 26 25 -24 24 -26 -27 -28 -29 29 -31
leaf_value=-0.085550781863346095 -0.055462288756689515 0.034981583244842573 -0.12638552219101826 -0.047642707654993018 0.04649720712563226 0.080592762110966956 -0.079376425016754681 -0.0023069614501507107 -0.1908063289851839 -0.037232526048689839 -0.067227650406262482 0.078642075962499391 0.048763638684812233 0.025816019845781538 -0.079205316045920543 0.061364306813101621 0.058077828765651651 -0.2171012463692796 -0.063788890739528578 -0.13080041532588146 0.019429390931773347 -0.043714027950390116 -0.26897013705903822 0.032886592127563723 -0.13051275384828029 0.056497026613273153 -0.13527379805120512 -0.002214170677710047 0.032197233414461152 -0.023396059019991245
leaf_weight=9.9908237712370482 10.508820545626802 10.062562542356316 1.8858705125167023 5.5023265994386739 12.3681922624819 15.739383208565412 9.5080356840044242 14.206224267836662 2.9261903888545922 4.957209074869751 10.794845403346697 29.922878736630082 28.085031974944286 1.6248629600740963 7.501201927661894 44.000847603892908 4.6920088585466146 2.0896685917396098 10.859677437343633 11.37942523497623 3.4228633425664139 23.879513100779153 1.8883105413988222 7.7196484503801894 3.4388248659670353 8.0899950754828733 6.5691279852762818 1183.5288092757401 120.39005369017832 21.107866577804089
leaf_count=499 87 261 57 49 68 133 73 99 27 25 156 152 226 18 62 294 27 29 516 277 41 261 14 46 24 50 60 7483 1238 92
internal_value=9.81052e-05 -0.033778 0.00951235 0.000560679 0.000929516 0.0193249 0.00793754 0.0189808 -0.0345024 0.0347673 -0.00650285 0.0621738 -0.00030551 0.0260596 0.0343019 0.0492481 -0.0263781 -0.110841 -0.0015112 -0.0236119 -0.000562589 0.0130335 -0.0897098 -0.0746907 -0.0174699 -0.0183553 -0.0822786 5.17441e-05 0.0176536 0.0239041
internal_weight=1628.64 21.9393 11.9484 1606.7 1596.19 100.423 84.6836 75.1755 17.1324 58.0431 23.163 34.8801 1495.77 65.4109 61.6964 49.5032 12.1932 3.71453 1430.36 94.4727 70.0465 60.0545 24.4262 22.5379 11.1585 31.9695 9.99199 1335.89 152.358 141.498
internal_count=12444 817 318 11627 11540 733 600 527 126 401 224 177 10807 479 432 343 89 47 10328 999 638 537 361 347 70 311 101 9329 1846 1330
is_linear=0
shrinkage=0.1


Tree=98
num_leaves=31
num_cat=0
split_feature=28 16 45 19 35 14 15 39 7 38 22 8 5 34 10 9 34 3 33 5 4 39 3 0 40 5 23 51 35 14
split_gain=2.46126 5.49181 6.09593 5.4528 4.88988 8.66175 9.46183 9.52482 9.34265 8.14228 6.96659 8.40497 7.22536 7.19224 7.31089 7.81771 7.17144 11.1045 7.51948 7.16628 6.65942 5.75938 5.70968 5.65052 5.64494 6.24898 5.31375 4.76712 9.29813 4.62908
threshold=16757016.000000002 -0.016158658079802986 0.66571730375289928 4.561774969100953 0.6209089756011964 62.583646774291999 0.0052639124915003785 0.94836473464965831 69.035095214843764 0.42778079211711889 18.628500938415531 50.690637588500984 0.36178690195083624 0.50833505392074596 -0.0050359186716377726 0.052665404975414283 0.99998527765274059 1.1335387825965884 0.77175819873809826 0.55497136712074291 1.0002919435501101 0.19999970495700839 4.179960012435914 0.22889785468578341 1.0000000180025095e-35 1.0974013209342959 0.39999875426292425 0.82015949487686168 0.8303072750568391 14.510921001434328
decision_type=2 2 2 2 2 2 2 2 2 2 2 2 2 2 2 2 2 2 2 2 2 2 2 2 2 2 2 2 2 2
left_child=-1 2 3 -2 5 6 21 8 22 -10 11 19 -12 -14 23 20 -17 18 -18 -6 24 -3 -8 -15 25 -16 -11 -19 -29 -23
right_child=1 4 -4 -5 10 -7 7 -9 9 26 12 -13 13 14 15 16 17 27 -20 -21 -22 29 -24 -25 -26 -27 -28 28 -30 -31
leaf_value=0.0016518183980944404 -0.065956434797382599 -0.082044253762327601 0.061339192821516259 -0.2340089185915839 0.076181918042990168 -0.17971841981150458 -0.19305269822022042 0.056459709937621838 -0.14832873408415295 0.089326976846640566 0.078695148177220176 0.089935841663907848 0.052863393283212226 -0.21439336029602032 0.00023519708456416235 -0.12226003468921619 -0.18634424908996725 0.11014519428648413 -0.024513917471730873 -0.12171370867467886 0.080407458688916494 0.13239001161370645 -0.029392767439834058 -0.049605055436902488 0.061964997501824694 -0.15946875778294997 -0.05786182974534422 -0.10206723578010023 0.081289747705253323 0.011452960461466819
leaf_weight=1399.2101587486977 8.0739871076657419 6.2361449738382353 2.7328821354312813 2.5375885609537354 3.2264150120317963 3.4202701912727198 8.7863631317159214 5.6526973985601208 4.2142029176466158 5.0503757102414948 9.3156264275312406 18.279851047496777 13.633933629840611 3.3246302679181081 6.324608035385614 9.0359661262482387 5.0534348264336604 5.3884416446089771 6.6490334197878838 4.2275423693936318 12.279292465333127 3.4128009197302154 2.8145569348707786 5.5619396977126598 5.7552106212824574 3.9993675661971793 4.7686745050596073 5.1962604075670225 5.912624217569828 43.593144393642433
leaf_count=11034 74 134 18 15 17 37 79 28 26 21 36 94 60 18 30 52 22 21 27 32 44 16 17 33 25 23 34 21 28 328
internal_value=9.24232e-05 -0.00962843 -0.0718438 -0.106143 -0.0056958 -0.0237059 -0.0173933 -0.0610379 -0.0869478 -0.0320579 0.00716491 0.0534417 -0.00505795 -0.0139125 -0.026136 -0.0146042 -0.044732 -0.01989 -0.0943965 -0.0360554 0.0249549 0.00825384 -0.153346 -0.111255 -0.017393 -0.0616319 0.0178439 0.0329616 -0.0044768 0.0202334
internal_weight=1623.67 224.458 13.3445 10.6116 211.113 87.9492 84.529 31.2869 25.6342 14.0333 123.164 25.7338 97.4304 88.1147 74.4808 65.5942 37.2358 28.1998 11.7025 7.45396 28.3585 53.2421 11.6009 8.88657 16.0792 10.324 9.81905 16.4973 11.1089 47.0059
internal_count=12444 1410 107 89 1303 720 683 205 177 81 583 143 440 404 344 293 171 119 49 49 122 478 96 51 78 53 55 70 49 344
is_linear=0
shrinkage=0.1


Tree=99
num_leaves=31
num_cat=0
split_feature=35 36 48 40 51 4 12 5 39 3 3 4 3 28 8 7 7 44 5 16 28 37 3 1 8 36 11 35 7 9
split_gain=2.46318 2.40015 3.96775 4.21866 5.33922 4.23441 6.57667 7.38058 7.64318 3.88183 9.81621 5.06215 3.67886 6.14776 4.995 6.76893 6.82308 5.00655 4.64076 5.81288 7.92693 3.6876 3.64728 3.81145 5.9133 6.96241 5.83189 6.49347 7.23747 5.68206
threshold=0.27796797454357153 0.97426244616508495 0.65000000596046459 0.25000000745058065 0.56228920817375194 5.9837012290954599 17.500000000000004 2.0257265567779545 0.42857141792774206 1.8390769958496096 2.07309901714325 0.34184502065181738 4.9751429557800302 21891993.000000004 35.260721206665046 58.382324218750007 44.234771728515632 0.85797798633575451 1.4667792320251467 0.026380852796137336 502880.50000000006 0.62248805165290844 7.8266935348510751 0.057694440707564361 44.362268447875984 0.66065329313278209 0.67525169253349315 0.72189649939537059 30.583374023437504 0.023754964582622055
decision_type=2 2 2 2 2 2 2 2 2 2 2 2 2 2 2 2 2 2 2 2 2 2 2 2 2 2 2 2 2 2
left_child=-1 22 3 5 -5 9 7 8 -7 11 -11 -3 18 14 -14 16 -16 -18 -12 -20 -21 -17 23 24 25 -2 27 28 -26 -28
right_child=1 2 -4 4 -6 6 -8 -9 -10 10 12 -13 13 -15 15 21 17 -19 19 20 -22 -23 -24 -25 26 -27 29 -29 -30 -31
leaf_value=0.079307675805831007 0.046375999578049713 -0.062790427865463017 -0.072467003230133512 -0.15319559626611257 0.024987300403222043 -0.17841307414161992 0.089770589686742772 0.060380107084480911 -0.016905048444040671 -0.11845956611551163 0.060851493246765892 0.061253783116784033 0.075954383954383031 0.08290290391996874 0.023435829531908734 -0.044243878335396183 -0.077729046639302316 -0.23357249437754413 0.056264980303850701 0.042119054742799922 -0.16425362677142408 0.054037735940081794 0.069395568092962101 -0.00076101002765172857 0.12799060272587912 -0.1207563790752727 0.050652695392785121 0.03421084830936879 -0.12035030816753733 -0.12915433336954679
leaf_weight=3.9160171588882795 14.781307196622949 3.6153196021914473 5.4580489769577971 3.3311836178181684 3.396197596564889 5.6517963355872798 3.9695191183127454 4.1568426359444848 6.0846610888838768 5.3632909301668397 32.527423109742813 36.548843025462702 4.6152922925539306 7.0372159676626316 3.5926816947758224 7.2197102680802336 5.0956670879386348 3.4618521742522717 7.4054667167365533 3.4662784822285175 4.019538551568985 8.1017899215221387 7.2421417981386176 1393.465094616171 1.2542198605369836 2.9980712030082932 7.8547453334031143 4.0907081884797654 18.238313954469049 2.2640701149357483
leaf_count=61 293 19 30 33 29 30 15 18 35 28 190 196 25 30 21 37 30 20 38 20 22 41 33 10393 18 19 151 36 498 35
internal_value=9.39901e-05 -9.79302e-05 0.0113649 0.0142487 -0.0632432 0.01768 -0.025368 -0.054125 -0.0946807 0.0241542 0.0128207 0.0500881 0.0209565 -0.00174178 -0.0203058 -0.0364776 -0.0922188 -0.140774 0.0396844 -0.00655141 -0.0686936 0.00772603 -0.00139339 -0.00174819 -0.0284685 0.0181931 -0.0530847 -0.080333 -0.104371 0.0104211
internal_weight=1620.22 1616.31 164.119 158.661 6.72738 151.933 19.8628 15.8933 11.7365 132.07 91.9062 40.1642 86.5429 39.1242 32.087 27.4717 12.1502 8.55752 47.4187 14.8913 7.48582 15.3215 1452.19 1444.95 51.4814 17.7794 33.7021 23.5832 19.4925 10.1188
internal_count=12444 12383 907 877 62 815 98 83 65 717 502 215 474 204 174 149 71 50 270 80 42 78 11476 11443 1050 312 738 552 516 186
is_linear=0
shrinkage=0.1


Tree=100
num_leaves=31
num_cat=0
split_feature=18 11 50 37 5 36 9 33 33 1 7 35 34 34 14 8 34 33 35 5 34 13 44 18 5 9 36 28 16 0
split_gain=2.42953 5.97539 7.67431 5.57068 10.3319 6.33347 5.69362 5.53277 5.43285 7.298 7.68603 8.13389 7.1072 6.72901 10.6357 6.61059 6.01162 6.98725 9.83648 11.2285 5.91949 5.70025 5.68474 5.40658 7.8471 14.8273 10.7092 7.60148 6.20506 7.60858
threshold=6.2629333115182831e-05 0.7441014051437379 0.51516070961952221 0.5675867795944215 0.88033023476600658 0.068806119263172164 0.030160571448504928 0.81106096506118786 0.67409148812294017 0.25743037462234503 56.561515808105476 0.50001952052116405 0.60010236501693737 0.8282185196876527 41.383079528808601 69.705783843994155 0.43862132728099829 0.5755123794078828 0.52291166782379161 0.63818898797035228 0.89261707663536083 17.653290748596195 0.62650379538536083 0.050605485215783126 0.27060051262378698 -0.010539378970861433 0.36328206956386572 16757016.000000002 0.080238990485668196 0.16489015519618991
decision_type=2 2 2 2 2 2 2 2 2 2 2 2 2 2 2 2 2 2 2 2 2 2 2 2 2 2 2 2 2 2
left_child=1 3 7 5 6 -1 -5 -3 9 10 16 -12 -10 21 -15 -13 -7 18 19 22 -19 -14 -18 24 25 -2 -27 28 29 -26
right_child=23 2 -4 4 -6 8 -8 -9 12 -11 11 15 13 14 -16 -17 17 20 -20 -21 -22 -23 -24 -25 27 26 -28 -29 -30 -31
leaf_value=-0.04551662532833213 0.071347562671696174 -0.063820959146508788 -0.13984567233794373 -0.10012816089661594 0.027870620975707451 -0.088742180463563858 0.025719079979125488 0.068876428352239755 0.093484733851528945 0.030878488564645395 0.063101158590953915 -0.15781972982067816 0.086096492615690648 0.090499930965788025 -0.0080709676729242615 0.035583178169031594 0.038210307547838746 -0.069514308429116267 0.050256165296816036 -0.091487272122906749 0.081182487785220359 -0.067287501350417347 -0.1333590009011322 -0.0036658783082352967 0.0090262960418460974 -0.12462915051394646 -0.0037983247714605639 -0.0058385923260758739 -0.062791444414513384 0.038196659978292982
leaf_weight=26.214852152916137 10.054640511400065 8.3336951953824627 7.5583790526725343 20.59567057192908 14.548257194750475 8.3387890647863951 4.3552349265664807 5.0437409647274754 13.759866781067101 44.030379816424102 2.9774199146195306 9.5430751309031603 2.9417050965130356 19.163305495865643 25.528786129958462 2.1690013373154207 20.252596185600854 19.379549600416798 37.815215863287449 14.340711308759635 3.0116942133754483 13.737879497988613 2.1347847507568067 725.64943301668973 193.82987974496791 16.001730164862241 13.542884998081716 156.59899223514367 8.740391332714351 165.99168158473913
leaf_count=999 70 346 85 146 87 456 27 44 66 266 69 139 24 100 164 21 326 347 302 356 20 252 54 3975 1674 173 74 856 148 778
internal_value=9.64187e-05 -0.00762009 -0.0592992 -0.00407086 -0.0391078 0.00114483 -0.0781613 -0.0137896 0.00626025 -0.00394209 -0.0167224 -0.084484 0.0285294 0.013966 0.0341948 -0.122003 -0.00726719 -0.000258306 0.0144563 -0.0224032 -0.0492451 -0.0402358 0.02185 0.00204452 0.00938169 -0.0335448 -0.0692418 0.0126185 0.0204608 0.0224831
internal_weight=1616.18 325.775 20.9358 304.839 39.4992 265.34 24.9509 13.3774 239.125 163.993 119.963 14.6895 75.1315 61.3717 44.6921 11.7121 105.273 96.9346 74.5433 36.7281 22.3912 16.6796 22.3874 1290.41 564.76 39.5993 29.5446 525.161 368.562 359.822
internal_count=12444 4696 475 4221 260 3961 173 390 2962 2356 2090 229 606 540 264 160 1861 1405 1038 736 367 276 380 7748 3773 317 247 3456 2600 2452
is_linear=0
shrinkage=0.1


Tree=101
num_leaves=31
num_cat=0
split_feature=35 4 2 19 39 47 8 16 7 17 12 44 19 5 13 16 10 18 51 9 23 50 37 50 45 39 7 22 8 11
split_gain=2.4046 5.00302 14.0517 4.61705 4.08553 5.39772 3.71291 5.29335 4.55888 3.80271 4.44837 3.67929 6.83651 12.7484 7.08669 6.69947 12.5223 6.02194 5.95775 8.22747 9.18735 10.2633 7.47452 7.09403 11.4233 6.81136 6.85158 7.68193 5.8401 5.74542
threshold=0.991814285516739 3.2364106178283696 0.32918608188629156 9.729861259460451 0.6250000298023225 0.68185025453567516 91.249706268310561 0.010528618004173042 91.758956909179702 90.358364105224624 1.5000000000000002 0.87007519602775585 4.8091251850128183 0.96799367666244518 27.680221557617191 0.02237674500793219 0.030369670130312446 0.052129453048110015 0.98607638478279125 0.17563800513744357 0.88694459199905407 0.69191557168960582 0.55656805634498607 0.5969088375568391 0.53671580553054821 0.31715726852416998 81.292476654052749 18.628500938415531 84.750606536865249 0.76223877072334301
decision_type=2 2 2 2 2 2 2 2 2 2 2 2 2 2 2 2 2 2 2 2 2 2 2 2 2 2 2 2 2 2
left_child=6 3 4 -2 5 -3 9 -8 -9 11 -11 29 18 -14 17 16 -16 -15 19 20 23 -22 -21 24 -13 -25 27 -27 -28 -1
right_child=1 2 -4 -5 -6 -7 7 8 -10 10 -12 12 13 14 15 -17 -18 -19 -20 22 21 -23 -24 25 -26 26 28 -29 -30 -31
leaf_value=0.0024829214473358454 0.023749344409758552 -0.12044138344714364 -0.20028019770854177 -0.063109113327657632 0.1064578753485252 0.059199409395495041 0.053430431145904303 -0.19020741089713583 -0.040086760236435356 -0.10879884122269155 0.04482489598770581 0.03277194342247404 0.01939746737067816 -0.043270952314683871 0.011596022406236361 0.02520894873468801 -0.22030935481811259 -0.22544250019267897 0.072956518589725114 0.015439425689971462 0.0069867336786173439 -0.16691035013136762 -0.1579536971490971 0.10452543820508918 -0.11150695652230509 -0.012543281456620842 -0.058830428638338254 0.075372384834370809 0.067403245295598588 -0.011995719975807437
leaf_weight=814.73042712271854 116.97747956775129 3.1994593814015371 4.0757535248994818 6.4576828796416512 3.5246145036071539 3.5049907937645912 3.1538814583327612 3.3006276823580247 5.2256379062309861 6.5666337699803972 2.6437398710404523 16.895840118319033 41.351812372740824 3.0469320078846094 5.0319953884463775 8.9698285670019668 4.3337927740067244 4.486447025090456 20.784410607069731 4.9244410935789329 10.395354418840723 5.0391244217753401 5.0209185518324375 16.335416950285435 8.1273429810535145 13.665310785640029 12.30765535309911 36.447281839326024 5.2191030867397776 413.00752634988748
leaf_count=7467 745 18 30 41 33 22 21 28 32 89 37 164 225 19 30 40 22 27 109 19 86 27 25 42 77 63 50 116 16 2724
internal_value=8.28661e-05 0.0127173 -0.0432668 0.0192052 0.0192949 -0.0265277 -0.00110017 -0.0572569 -0.0982004 -0.000650706 -0.0647028 -0.000243882 0.0115915 -0.0150469 -0.0701065 -0.0365575 -0.0957126 -0.151762 0.023132 0.0154256 0.022421 -0.049788 -0.0720982 0.032646 -0.0140888 0.0465723 0.0325762 0.0513985 -0.0212407 -0.00238765
internal_weight=1608.75 137.74 14.3048 123.435 10.2291 6.70445 1471.01 11.6801 8.52627 1459.33 9.21037 1450.12 222.383 67.2208 25.869 18.3356 9.36579 7.53338 155.162 134.378 124.432 15.4345 9.94536 108.998 25.0232 83.9748 67.6394 50.1126 17.5268 1227.74
internal_count=12444 889 103 786 73 40 11555 81 60 11474 126 11348 1157 363 138 92 52 46 794 685 641 113 44 528 241 287 245 179 66 10191
is_linear=0
shrinkage=0.1


Tree=102
num_leaves=31
num_cat=0
split_feature=34 51 12 35 24 6 39 4 38 4 35 23 9 10 5 39 45 17 2 9 37 21 22 8 45 44 34 4 44 14
split_gain=2.29308 7.87619 7.5044 9.53409 12.4345 9.18186 10.1011 8.68399 8.61518 6.86492 6.79942 7.46537 7.45606 5.98564 5.94072 11.2301 8.69026 8.1299 5.82937 5.41258 6.50917 9.51146 5.20533 7.63572 13.7438 11.1553 8.67755 10.2605 9.2637 8.49446
threshold=0.99578979611396801 0.67736080288887035 1.0000000180025095e-35 0.74256455898284923 0.068452380597591414 78.575519561767592 0.95176798105239879 0.96931579709053051 0.47067096829414373 3.3177478313446049 0.59540772438049328 0.74999985098838817 -0.0043468812946230164 -0.0022563182283192869 2.0654056072235112 0.72605818510055553 0.84801054000854503 49.386150360107429 0.33492809534072882 0.062830723822116866 0.56019973754882824 0.010108844377100469 44.312936782836921 65.253112792968764 0.81370157003402721 0.76551026105880748 0.50004315376281749 1.2226510643959048 0.60416582226753246 36.914468765258796
decision_type=2 2 2 2 2 2 2 2 2 2 2 2 2 2 2 2 2 2 2 2 2 2 2 2 2 2 2 2 2 2
left_child=22 10 14 4 -4 13 7 -7 -6 -9 19 -12 -13 -5 -3 16 17 -16 -18 20 -2 -22 23 -1 25 26 27 -25 -29 -30
right_child=1 2 3 5 8 6 -8 9 -10 -11 11 12 -14 -15 15 -17 18 -19 -20 -21 21 -23 -24 24 -26 -27 -28 28 29 -31
leaf_value=0.00061196311035900208 0.015583869287021865 0.015247503012072403 -0.0076673684466447047 -0.058054171411687776 -0.27108290396823292 -0.18863263493003593 0.072374346086066507 0.013410516441094851 -0.086098657539064219 -0.12939026908028592 0.058181178382139265 -0.14814774467860559 0.015480493271512878 0.067561755211093463 -0.0069561809315988937 0.044568332030271385 0.028281746519629961 -0.14207899426962498 -0.08385824694169236 0.072130937262369396 0.02449057876330285 -0.18321833238333229 0.028008324317889455 -0.035493722321549979 -0.096979668401526248 0.01302774655298948 -0.057452988212086734 -0.045302602473208588 -0.023621025619472005 0.15489137960201577
leaf_weight=889.48871810160927 9.2767588803544694 184.35003280080855 9.5808834135532397 4.8602243829518583 4.4361497685313207 5.4683628752827707 5.4448694586753836 8.9168049804866296 5.8215469345450401 5.4083363190293303 67.287265358492732 3.2826886251568821 18.360466381534934 17.280540741980076 6.6799103990197208 18.234190795570612 15.218372166156771 13.35507373139262 6.6660174690186969 5.1569165065884581 3.5966995619237405 5.6961653046309948 54.506248909776332 34.749616738525219 20.925751883245539 97.112448291387409 64.484384356474038 6.1672050451161367 3.743008838966488 9.2607966028153879
leaf_count=8107 51 777 39 35 22 30 45 48 28 32 326 27 95 84 24 100 57 62 35 16 16 30 281 401 149 575 825 58 31 38
internal_value=9.36802e-05 0.00639805 -0.00179182 -0.0313839 -0.0895856 -0.00701369 -0.048246 -0.0814267 -0.166099 -0.0405027 0.0290594 0.041749 -0.00933754 0.0399872 0.00634348 -0.0209443 -0.0494411 -0.0970274 -0.00587626 -0.0185031 -0.0436729 -0.102827 -0.0021728 -0.00363386 -0.0196065 -0.0120939 -0.0326979 -0.00309306 0.0556368 0.103508
internal_weight=1604.82 424.378 311.721 67.2177 19.8386 47.3791 25.2384 19.7935 10.2577 14.3251 112.657 88.9304 21.6432 22.1408 244.504 60.1536 41.9194 20.035 21.8844 23.7265 18.5696 9.29286 1180.44 1125.93 236.443 215.517 118.405 53.9206 19.171 13.0038
internal_count=12444 1979 1418 363 89 274 155 110 50 80 561 448 122 119 1055 278 178 86 92 113 97 46 10465 10184 2077 1928 1353 528 127 69
is_linear=0
shrinkage=0.1


Tree=103
num_leaves=31
num_cat=0
split_feature=9 5 15 45 28 35 35 38 38 48 47 23 23 8 35 18 4 4 50 50 51 23 35 11 19 35 9 35 39 16
split_gain=2.35907 6.12774 5.04747 7.10995 7.54123 6.12032 6.52797 5.94957 4.84257 4.55916 4.02659 4.12531 3.89919 3.88375 7.83927 6.8859 8.82321 3.78531 3.60685 8.57964 11.1251 14.988 11.74 8.39629 8.2579 7.59285 7.23928 7.11711 7.02611 10.1878
threshold=0.18254441767930987 0.49758209288120275 0.45552368462085729 0.57154044508934032 3384998.2500000005 0.90925732254982006 0.81394213438034069 0.4521432518959046 0.41159585118293768 1.0000000180025095e-35 0.71385261416435253 0.4591571986675263 0.29046043753623968 87.941421508789077 0.74724128842353832 0.073090169578790679 0.80960750579833995 2.7771997451782231 0.65571194887161266 0.68855392932891857 0.65090593695640575 0.25830057263374334 0.75897333025932323 1.0730780363082888 0.38344925642013555 0.6228049397468568 0.050775445997715003 0.80105903744697582 0.41392780840396887 0.0068366730120033034
decision_type=2 2 2 2 2 2 2 2 2 2 2 2 2 2 2 2 2 2 2 2 2 2 2 2 2 2 2 2 2 2
left_child=13 -2 3 -3 9 6 17 8 -6 -5 11 -9 -7 18 -15 -16 -17 -4 23 20 27 26 -23 -1 25 -25 -22 28 -20 -30
right_child=1 2 5 4 7 12 -8 10 -10 -11 -12 -13 -14 14 15 16 -18 -19 19 -21 21 22 -24 24 -26 -27 -28 -29 29 -31
leaf_value=0.0053470157204459573 0.072291872856782388 -0.089732130974334301 -0.085967428061602416 0.017112849631491494 0.0033008638193379558 -0.04787848529431362 -0.17765042402785236 0.056904039437293941 -0.11601550764888512 0.094922702679857363 0.096232894289462134 -0.071560265193390635 0.044592802437834672 -0.13382492508242455 0.060432425671881777 0.019569251980917857 -0.15704245667795547 0.019761477093260642 0.026063506372017799 -0.0010978976550463915 0.064699812089554443 -0.18667203275563959 -0.037980556745899341 -0.10471716444357267 -0.12865626262068561 0.050797337666507125 -0.084822551638639443 0.071289842553347124 -0.099411749690741499 0.022286998225374569
leaf_weight=852.78743185251369 15.479389350395648 5.3067297525703898 6.863117715809496 12.265511600300671 7.1022225357592124 6.9062989801168468 4.1124160811305037 5.2257968038320559 6.5281305182725191 19.505994074046612 6.5612720325589171 4.7918900996446609 13.421940195374189 6.5523351046722409 8.5017479090020078 6.4146347553469223 5.0600805748254061 6.6840964108705521 18.130163555033505 483.7688713055104 8.1255880557000619 13.545924147590997 8.7335956916213018 4.9572587112197679 9.298802277306093 8.561939439037813 5.3832903765141955 9.6756578302010876 18.111829450353984 11.091066874563692
leaf_count=8846 93 29 38 60 28 33 20 17 35 104 39 26 94 72 34 32 29 28 77 2117 26 70 39 102 87 60 23 38 102 46
internal_value=0.000105878 0.013545 0.00490707 0.0213594 0.030871 -0.0242349 -0.0672998 -0.00490083 -0.0538446 0.0648839 0.0353382 -0.00454596 0.0131767 -0.000991602 -0.0389088 -0.00777598 -0.0583124 -0.0338016 -0.000298917 -0.00644057 -0.0342929 -0.0779932 -0.128385 0.00374522 -0.0561195 -0.00622717 0.00511512 -0.00685913 -0.0228341 -0.0531914
internal_weight=1599.46 120.755 105.275 67.2875 61.9808 37.9879 17.6596 30.2093 13.6304 31.7715 16.579 10.0177 20.3282 1478.7 26.5288 19.9765 11.4747 13.5472 1452.17 576.566 92.7971 35.7884 22.2795 875.605 22.818 13.5192 13.5089 57.0087 47.3331 29.2029
internal_count=12444 644 551 338 309 213 86 145 63 164 82 43 127 11800 167 95 61 66 11633 2538 421 158 109 9095 249 162 49 263 225 148
is_linear=0
shrinkage=0.1


Tree=104
num_leaves=31
num_cat=0
split_feature=18 0 34 6 45 12 10 40 6 9 40 28 23 36 9 3 15 3 44 44 14 34 5 9 14 0 38 10 6 7
split_gain=2.2672 4.27195 3.59968 4.59236 3.05458 2.82908 2.75567 5.02699 7.30739 5.19594 5.38394 8.00706 6.47281 7.93507 7.767 6.51016 6.46963 9.88189 6.35176 7.51129 6.39094 6.90956 6.36241 9.73502 5.63033 5.34591 5.30887 7.96849 6.12414 9.45763
threshold=-0.40410299599170679 0.24019727110862735 0.85289278626441967 55.557100296020515 0.30378997325897222 5.5000000000000009 -0.015323936007916926 0.84999999403953563 52.814752578735359 0.06937218084931375 0.65000000596046459 2937508.0000000005 0.77611503005027782 0.07188934832811357 0.062830723822116866 1.0361588001251223 0.019610635936260227 0.36209352314472204 0.87007519602775585 0.59044671058654796 41.383079528808601 0.75766021013259899 0.66468372941017162 -0.033940803259611123 45.64592361450196 0.077961627393960967 0.41058333218097692 -0.038969766348600381 43.42268371582032 50.369657516479499
decision_type=2 2 2 2 2 2 2 2 2 2 2 2 2 2 2 2 2 2 2 2 2 2 2 2 2 2 2 2 2 2
left_child=1 2 -1 -4 -3 -6 7 9 -9 10 12 -12 13 15 16 -2 18 -18 19 20 21 25 23 -22 -24 -15 27 -21 -28 -30
right_child=6 4 3 -5 5 -7 -8 8 -10 -11 11 -13 -14 14 -16 -17 17 -19 -20 26 22 -23 24 -25 -26 -27 28 -29 29 -31
leaf_value=-0.082636447700126889 -0.11708302441804314 -0.053324928272378364 0.094546085622057352 -0.088796991846994133 0.072345906490699427 -0.028506256905461932 -0.0017843313380685897 -0.012158292454758442 -0.20852333277451904 0.040959449264089558 0.10041431395935541 -0.088693666045273498 0.028312722830633297 -0.080661615994628566 -0.12781465613382725 0.027527271402898148 -0.14549721501279522 0.057962118412785958 0.085360060896750023 -0.15063546393712604 0.025133416850978141 0.083180451363481803 -0.12243499811166124 -0.11686951226383269 0.033678489634697155 0.018793857411646946 -0.10422197858973808 -0.028514352097005025 0.05205038338520325 -0.042214175852302978
leaf_weight=14.267674532922685 10.7424348318018 5.1271294218022403 3.0504658538848153 2.4743186192354187 8.2597227771184389 4.1937170332530505 1157.8057490798674 7.4238949810387549 2.5446945484727621 46.614830998703837 11.869799220119601 2.7595239639049387 76.12574214709457 5.9914420296554445 4.695796772837638 4.3833778278203672 2.5840649635065338 31.330560723668896 7.5217215325683346 8.4380986215546745 7.7081200513057437 15.828061216045169 2.6390819509979364 12.919262521201743 18.539083660463803 55.180308226554189 6.7048676006961605 14.5673345036339 18.724858371191658 24.661600370716769
leaf_count=377 375 52 23 32 83 33 8667 91 21 229 97 40 490 131 24 55 19 156 39 50 62 76 32 142 139 503 78 87 106 135
internal_value=0.000105181 -0.0242348 -0.0560988 0.0124344 0.0116382 0.0383838 0.000688929 0.0078389 -0.0622846 0.00962886 0.00538227 0.0647429 0.00274502 -0.00494324 -0.000480333 -0.0751758 0.00208219 0.0424599 -0.00478456 -0.00831783 0.00720062 0.0242904 -0.0242763 -0.0638053 0.0142247 0.00905273 -0.0335402 -0.0733068 -0.0152766 -0.00153119
internal_weight=1595.68 37.373 19.7925 5.52478 17.5806 12.4534 1558.3 400.499 9.96859 390.53 343.915 14.6293 329.286 253.16 238.034 15.1258 233.338 33.9146 199.424 191.902 118.805 76.9998 41.8055 20.6274 21.1782 61.1718 73.0968 23.0054 50.0913 43.3865
internal_count=12444 600 432 55 168 116 11844 3177 112 3065 2836 137 2699 2209 1779 430 1755 175 1580 1541 1085 710 375 204 171 634 456 137 319 241
is_linear=0
shrinkage=0.1


Tree=105
num_leaves=31
num_cat=0
split_feature=1 34 10 18 45 21 15 11 7 10 4 0 9 48 9 11 2 35 50 28 21 13 23 13 36 39 1 38 34 37
split_gain=2.14392 3.99323 3.93465 4.4824 4.1809 6.00443 5.66281 5.02037 7.39533 4.21115 4.77614 5.42725 5.17241 4.56109 4.12072 4.96935 3.83884 7.48525 11.7591 7.38084 6.9881 6.9172 7.2029 6.20638 8.81298 6.17361 5.54384 5.64582 6.0111 5.92129
threshold=0.078363236039876952 0.42531241476535803 0.035872705280780799 0.090141482651233687 0.91244894266128551 0.015106775797903539 -0.035333175212144845 0.6631923019886018 66.10858535766603 0.017895168624818329 1.6746615171432497 0.074110947549343123 0.026824596337974075 0.25000000745058065 0.04357182793319226 0.49999998509883886 0.092598367482423796 0.51582151651382457 0.70461189746856701 2611389.0000000005 0.022772282361984256 35.097930908203132 0.21078039705753329 25.763435363769535 0.48151415586471563 0.6250000298023225 0.12608829885721209 0.51724040508270275 0.92093020677566539 0.54147374629974376
decision_type=2 2 2 2 2 2 2 2 2 2 2 2 2 2 2 2 2 2 2 2 2 2 2 2 2 2 2 2 2 2
left_child=1 -1 4 -4 5 7 -7 8 9 10 12 13 -3 -12 15 -8 17 19 26 -2 -20 23 -23 24 -22 -24 27 29 -29 -19
right_child=16 2 3 -5 -6 6 14 -9 -10 -11 11 -13 -14 -15 -16 -17 -18 18 20 -21 21 22 25 -25 -26 -27 -28 28 -30 -31
leaf_value=-0.10660965100814818 -0.058840134230119356 -0.017385393534757775 -0.027013053764335982 -0.21688938023497961 0.057421888336470529 0.045982922001388885 -0.012888722283933979 0.037463747059333405 -0.15151010372289181 0.058182395874742165 0.023999566913496778 0.091101991247144604 -0.12320202146032549 -0.10716134958753523 -0.011145423980049703 -0.14523450842997468 -0.00049577765359264147 0.011196462308989014 -0.11101153576037726 0.028977120823509273 -0.087352219794064448 0.056553834058456709 -0.1599116685842176 0.09069171201620578 0.073062740722481367 -0.019037720828167945 0.13788305019960898 -0.081869119053422409 0.067852975701414478 0.078758300007060522
leaf_weight=4.1999369452969395 22.986491039802786 65.173955931444652 3.7193397240480399 1.8675538131501523 10.031162580940871 4.6157194729894426 3.9715571254491833 27.383792251814157 3.5973451463505617 9.3905987583566439 10.01419946877286 8.5010416625300405 4.9717884645797303 3.6060188973788163 6.5331706199794999 9.9326519388705474 1247.7239679550403 19.470792318752501 6.0679233465343705 16.398517030058429 6.9752125665545481 5.0120344758033779 5.8784265220165235 11.649157285690306 6.7283628955483437 6.6075185723602772 6.875674770679324 6.6477750643389282 4.494470002129674 38.866654178127646
leaf_count=511 361 1028 49 23 54 22 20 314 45 87 102 34 51 28 37 68 8736 173 32 167 30 18 30 43 28 37 23 135 19 139
internal_value=9.62883e-05 -0.0102619 -0.00792708 -0.0904838 -0.0051771 -0.00915917 -0.0540581 -0.000678565 -0.0106019 -0.00561561 -0.0121087 0.0284058 -0.0248855 -0.0107259 -0.0766521 -0.107432 0.00139812 0.0157494 0.0277043 -0.0222762 -0.0105728 0.00364995 -0.0447121 0.0370285 -0.00858956 -0.0853617 0.0522272 0.0437508 -0.0214754 0.0562088
internal_weight=1589.89 177.51 173.31 5.58689 167.723 157.692 25.0531 132.639 105.255 101.658 92.267 22.1213 70.1457 13.6202 20.4374 13.9042 1412.38 164.659 125.274 39.385 48.9186 42.8507 17.498 25.3527 13.7036 12.4859 76.3554 69.4797 11.1422 58.3374
internal_count=12444 2473 1962 72 1890 1836 147 1689 1375 1330 1243 164 1079 130 125 88 9971 1235 707 528 218 186 85 101 58 67 489 466 154 312
is_linear=0
shrinkage=0.1


Tree=106
num_leaves=31
num_cat=0
split_feature=36 45 15 16 39 4 8 7 48 48 18 19 15 5 11 28 6 33 35 5 0 36 39 24 45 39 3 36 37 13
split_gain=2.19082 9.10722 5.88637 6.32442 5.61789 6.77462 6.58085 6.21242 6.0119 5.36588 7.15392 7.28581 6.70759 8.01498 6.69274 5.31796 5.34029 5.23748 5.23546 5.16173 5.13893 6.82316 6.96094 5.12836 8.00701 5.09803 5.25753 5.05434 5.0259 5.91682
threshold=0.62504297494888317 0.52046948671340953 7.2002942033577724e-05 0.045045580714941032 0.90000000596046459 0.56070783734321605 54.390783309936531 50.59718322753907 0.25000000745058065 0.35000000894069677 0.050605485215783126 1.5916980504989626 0.010956622660160066 1.1197007894515993 1.0389324426651003 28274.000000000004 72.46069717407228 0.56275412440299999 0.57282313704490673 0.25346972048282629 0.17325097322463992 0.92744082212448131 0.57637086510658275 0.12499999627470972 0.68761911988258373 0.83305323123931896 0.62399610877037059 0.61279013752937328 0.65976208448410045 57.020957946777351
decision_type=2 2 2 2 2 2 2 2 2 2 2 2 2 2 2 2 2 2 2 2 2 2 2 2 2 2 2 2 2 2
left_child=27 2 -2 -4 5 6 7 -3 15 10 11 -7 13 17 23 -6 -17 -11 -5 -12 21 22 -13 24 -14 26 -21 -1 29 -28
right_child=1 4 3 18 8 9 -8 -9 -10 12 19 20 14 -15 -16 16 -18 -19 -20 25 -22 -23 -24 -25 -26 -27 28 -29 -30 -31
leaf_value=-0.0013174068146859846 0.0022351475094190935 0.036419567796214469 0.079052590478630322 -0.069879625788412988 -0.10007304199618582 -0.031397242786379606 0.088659325650866691 -0.13144462855023345 0.079716215855294328 -0.13774107513132247 0.066684743262716742 0.038143928129990838 -0.1516951481791137 -0.22773418838884943 -0.12063747984949232 0.067810776160730515 -0.021818725001416291 0.019040010987575143 0.043839167466535683 -0.13222794106958821 0.11164751088658829 0.066089611511235991 -0.12668065503070475 0.037720199667601061 0.0038996430604629354 -0.14029777053333878 -0.025495286942855841 -0.079933363125301193 -0.10974926071078556 0.056606278128563184
leaf_weight=1241.7155130118335 34.616428984329104 6.5786476030480134 36.477539134793915 5.9585732775740352 4.2875981070101288 17.03361974703148 12.852509040734729 3.3159285234287381 15.419070996344088 4.0003642812371236 5.6336803622543803 5.5416040942072886 4.8019616007804897 3.8647140711545935 5.8857826441526404 12.436015854123982 14.281771842390297 4.5591613240540028 12.629148803651331 4.3588138222694388 9.3780543990433198 16.13540305569768 4.7658326905220747 14.904082126915453 10.626014545559881 4.1508084237575522 45.713989042676985 8.2321414304897171 5.5136121176183215 10.863814031705259
leaf_count=10585 223 44 176 40 27 118 59 22 125 23 25 25 23 23 30 68 91 22 62 22 47 62 24 60 53 23 218 45 32 47
internal_value=9.31537e-05 0.00725422 0.0345476 0.0548606 -0.00265945 -0.00991822 0.0414658 -0.0198361 0.0286867 -0.0164946 -0.00582869 0.0224437 -0.0448006 -0.108203 -0.023051 0.00330952 0.0199001 -0.0542329 0.0073849 -0.0254303 0.0480462 0.0254898 -0.0380657 -0.00411484 -0.0445293 -0.0327807 -0.0260647 -0.00183517 -0.018612 -0.00973052
internal_weight=1586.53 336.585 89.6817 55.0653 246.903 200.478 22.7471 9.89458 46.4245 177.731 129.089 52.8545 48.6421 12.4242 36.2178 31.0054 26.7178 8.55953 18.5877 76.2347 35.8209 26.4428 10.3074 30.3321 15.428 70.601 66.4502 1249.95 62.0914 56.5778
internal_count=12444 1814 501 278 1313 1002 125 66 311 877 643 276 234 68 166 186 159 45 102 367 158 111 49 136 76 342 319 10630 297 265
is_linear=0
shrinkage=0.1


Tree=107
num_leaves=31
num_cat=0
split_feature=35 47 39 12 34 24 47 21 39 23 0 15 11 17 13 36 5 7 3 14 48 11 15 22 6 0 35 35 8 1
split_gain=2.22992 3.75848 4.00653 3.32381 4.19954 6.77786 7.1339 6.55602 5.18162 4.73501 6.81486 4.31644 5.87619 5.16036 6.26063 7.18134 4.91629 4.63695 3.66501 3.62756 3.50192 3.39946 3.0213 3.72635 5.99972 3.22547 4.89423 4.74975 4.07728 4.55297
threshold=0.94534042477607738 0.19563816487789157 1.0000000180025095e-35 16.500000000000004 0.94804006814956676 0.29854950308799749 0.43916536867618566 0.07943275943398477 0.57894742488861095 0.24000000953674319 0.18301462382078174 0.075202416628599181 0.97058629989624035 54.776460647583015 57.020957946777351 0.10723478347063066 1.5434249639511111 85.529705047607436 0.36209352314472204 47.062128067016609 0.45000000298023229 0.76223877072334301 5.143986940383912 33.333333969116218 74.259086608886733 0.5718502700328828 0.71238234639167797 0.67583826184272777 91.249706268310561 0.24146751314401629
decision_type=2 2 2 2 2 2 2 2 2 2 2 2 2 2 2 2 2 2 2 2 2 2 2 2 2 2 2 2 2 2
left_child=22 -2 -3 4 5 6 9 18 -7 -4 -11 12 21 -13 -15 -16 -17 -18 -6 -12 -5 -9 25 24 -24 28 27 -27 -1 -30
right_child=1 2 3 20 7 8 -8 11 -10 10 19 13 -14 14 15 16 17 -19 -20 -21 -22 -23 23 -25 -26 26 -28 -29 29 -31
leaf_value=-0.0012748139803634999 0.061391260057378307 0.081345054008650053 0.053684282887688464 0.076251178874610026 -0.07365148977298977 -0.18898184624260411 0.049850070593137959 -0.076594117161253861 -0.037367220171472107 -0.21996006538355606 0.038291480747438648 0.070679766391690754 -0.15082746801657751 -0.11444516770020918 -0.084530644587886561 0.081703381603428049 -0.071301565869702141 0.071049924552276059 0.055713542487024238 -0.11583252623443485 -0.046718415006545673 0.022419048359840026 -0.11695479252153768 -0.11924925419231265 0.090547655468813423 0.010898522920286952 0.052495350475538272 -0.10845502548190328 0.021721152710141155 -0.141933472437835
leaf_weight=1355.7214787517441 13.708609348163007 6.8374915309250346 2.8132406994700458 10.732451928779481 2.3692146223038462 4.1341465990990383 11.919482813216744 5.9695338457822826 4.9569244245067239 2.9403858343139273 3.2223638575524092 9.8566322922706586 4.4409688860177985 5.0340021587908259 6.515569236129525 10.968402329832317 5.9089971333742124 3.734455730766058 28.949497032910585 2.902807246427983 2.953069604933261 8.2733672149479371 2.4650678966427204 4.8206621936988086 3.2052694259909913 19.246193928585857 27.563205142971128 4.0329466862604013 2.8124129368225104 4.2976856991299428
leaf_count=10948 112 46 23 75 17 30 67 30 37 24 20 77 26 34 30 70 29 26 196 23 24 36 32 33 13 141 144 23 29 29
internal_value=0.000109402 0.0113361 0.00661781 0.00293121 -0.00219476 -0.032865 -0.00480724 0.00876719 -0.106314 -0.0596517 -0.0948224 -0.0104053 -0.0503948 0.00737658 -0.0120242 0.00698195 0.0359098 -0.0161755 0.0459273 -0.0347501 0.0497167 -0.0190797 -0.00114511 -0.0546118 0.000340037 -0.000748325 0.023982 -0.00977864 -0.00167092 -0.0771996
internal_weight=1583.31 159.142 145.433 138.596 124.91 32.8894 23.7983 92.0206 9.09107 11.8788 9.06556 60.7019 18.6839 42.0181 32.1614 27.1274 20.6119 9.64345 31.3187 6.12517 13.6855 14.2429 1424.16 10.491 5.67034 1413.67 50.8423 23.2791 1362.83 7.1101
internal_count=12444 1052 940 894 795 224 157 571 67 90 67 358 92 266 189 155 125 55 213 43 99 66 11392 78 45 11314 308 164 11006 58
is_linear=0
shrinkage=0.1


Tree=108
num_leaves=31
num_cat=0
split_feature=11 44 7 40 37 36 24 13 17 16 25 18 44 11 21 44 37 8 11 6 33 28 48 22 38 34 36 40 39 35
split_gain=2.13524 4.01785 5.31423 4.17394 3.2628 4.94876 3.46383 6.3691 3.45015 3.18016 2.97174 2.80328 6.53879 5.48948 6.31064 7.11828 5.15645 6.47231 5.8432 5.07034 4.8338 4.76182 6.02844 5.6483 5.17509 6.47122 4.45449 10.0213 8.74744 8.85169
threshold=-0.040631527081131928 0.51003113389015209 46.446146011352546 0.15000000223517421 0.4394479393959046 0.87832099199295055 0.99145299196243297 31.897331237792972 79.399795532226577 0.001534660754259676 -1.0000000180025095e-35 0.00016040899208746853 0.45905798673629766 0.67215406894683849 0.068368140608072295 0.16996492445468905 0.56634581089019786 44.721725463867195 0.53083902597427379 71.585418701171889 0.35510376095771795 423.00000000000006 0.15000000223517421 -23.944132804870602 0.47138154506683355 0.74271622300148021 0.21032182872295382 1.0000000180025095e-35 0.39919778704643255 0.54242816567420971
decision_type=2 2 2 2 2 2 2 2 2 2 2 2 2 2 2 2 2 2 2 2 2 2 2 2 2 2 2 2 2 2
left_child=1 3 -3 -1 5 8 11 -8 9 -2 -7 16 13 -13 15 -15 19 -18 -19 20 -6 22 24 -23 -14 -26 -22 28 -28 -30
right_child=4 2 -4 -5 6 10 7 -9 -10 -11 -12 12 21 14 -16 -17 17 18 -20 -21 26 23 -24 -25 25 -27 27 -29 29 -31
leaf_value=0.075414118783006551 -0.028929194771864803 -0.074385664940773727 0.05869275527344954 -0.052676524968100318 -0.10973438003067199 -0.031627396439351009 0.015862308237027084 -0.18596366194900849 0.10059766584719404 -0.11760057709116407 0.10271163133715988 0.047855417307221114 -0.15866597532698024 0.086145827681163176 0.075147582713593383 -0.10172175077129648 -0.080231395235270397 0.043473927501866363 -0.11130140285148338 -0.14182999851864037 -0.015297702092854089 -0.1625020871001468 0.070517419876789389 0.0017654460839272917 -0.12403939652844848 0.095140760151647186 -0.062892488499447882 0.03715694630430566 -0.070411042469871843 0.040768976256881029
leaf_weight=15.900417155120527 7.495465478103152 7.1405066117149527 5.1757817445322871 3.0285114837461142 4.0975108326674663 3.2289635568740778 3.526695449021644 2.808982694579754 1.1758069328498084 8.7853412273398117 3.3603264872799619 53.354658112715697 5.595558232162146 2.6097743520513204 5.0436178818345061 8.877017865655942 20.617017604585271 10.68963573721703 3.1603328809142104 2.6211355912964782 108.85847801549244 2.0970485992729655 2.9140661014243951 1145.5956247120339 2.8794766662176698 2.5311485584825277 25.244263770931866 72.784419683041051 9.5480881598778051 28.642897528596222
leaf_count=115 194 57 25 48 220 32 27 35 16 256 29 436 40 15 25 133 142 69 29 36 2650 27 16 6648 38 21 279 503 120 163
internal_value=0.000113122 0.0259948 -0.018461 0.0549204 -0.000409232 -0.0369583 0.000167407 -0.0736191 -0.0648302 -0.0767775 0.0368812 0.000475418 0.00254746 0.0322553 -0.0180969 -0.0590386 -0.00843843 -0.0447141 0.00815677 -0.00347286 -0.00201745 0.000760173 -0.0573758 0.0014653 -0.0912376 -0.0215046 -0.000216509 0.0118355 -0.0172179 0.012973
internal_weight=1579.39 31.2452 12.3163 18.9289 1548.14 24.0459 1524.1 6.33568 17.4566 16.2808 6.58929 1517.76 1231.5 69.8851 16.5304 11.4868 286.264 34.467 13.85 251.797 249.176 1161.61 13.9202 1147.69 11.0062 5.41063 245.078 136.22 63.4352 38.191
internal_count=12444 245 82 163 12199 527 11672 62 466 450 61 11610 7399 609 173 148 4211 240 98 3971 3935 6790 115 6675 99 59 3715 1065 562 283
is_linear=0
shrinkage=0.1


Tree=109
num_leaves=31
num_cat=0
split_feature=3 9 16 48 47 5 36 36 19 4 12 6 22 28 23 23 36 19 0 28 14 3 44 33 34 11 35 8 10 3
split_gain=2.21978 6.47309 6.31779 6.66679 8.85364 9.28607 5.88358 4.99362 5.62549 4.91635 5.9951 5.63455 11.0418 4.97745 4.77426 4.68989 4.57582 4.41066 4.40577 7.72614 4.39214 4.75 4.93599 4.34427 11.8873 8.19249 5.62263 6.92115 5.71553 5.32416
threshold=0.45942354202270513 0.14501908421516421 0.006556413136422635 0.25000000745058065 0.34733690321445471 0.69098737835884105 0.012540273834019901 0.066362679004669203 1.9667152166366579 0.56070783734321605 9.5000000000000018 92.392299652099624 36.252662658691413 423.00000000000006 0.26577852666378027 0.52380952239036571 0.10723478347063066 -5.2712817192077628 0.24019727110862735 5405549.5000000009 73.34741592407228 0.40856640040874487 0.53870707750320446 0.40909089148044592 0.45327970385551458 0.73132294416427623 0.49439077079296118 69.532043457031264 0.039531210437417037 2.7457799911499028
decision_type=2 2 2 2 2 2 2 2 2 2 2 2 2 2 2 2 2 2 2 2 2 2 2 2 2 2 2 2 2 2
left_child=1 2 7 9 15 -6 -2 14 18 13 11 12 -11 -4 -1 -5 -3 -8 19 -9 21 -15 -23 25 29 -19 27 28 -26 -25
right_child=6 16 3 4 5 -7 17 8 -10 10 -12 -13 -14 20 -16 -17 -18 23 -20 -21 -22 22 -24 24 26 -27 -28 -29 -30 -31
leaf_value=-0.089108215807446933 0.078703426825047662 0.0070605530556620295 -0.099170354640409075 0.12083188149498143 0.053964779720623725 -0.12898572497236058 -0.049481268722722051 0.038048039567958415 -0.0052942695551129867 -0.049908591921323846 0.03796926447700355 0.086143687118146822 -0.19491773841386739 0.041103821738762966 0.0055829447832027104 -0.0036463288042998887 0.09463140124956726 0.036566748042657138 0.084608479209204779 -0.1248224338996114 -0.12845987298661091 0.051226980324934682 -0.18649834434867565 -0.085390132968440557 -0.041609679006211896 -0.098599803002523592 4.0627483756882936e-05 0.074080846389542918 -0.18622855506243707 0.047985046958087377
leaf_weight=7.4379602074914173 9.0644555393373576 10.358263870235534 4.4241672146599731 9.7667934419587272 5.5768843628466112 5.5208867564797401 19.388640774326632 50.161656376672909 35.393836982198991 30.412005014630267 6.5469701743568285 2.307613216340541 6.3469675406813613 23.853748188703328 18.739912092511076 4.3859683182090512 14.074656989425419 53.462186893710168 19.067425630055368 3.0921191199449813 2.000132819171994 1.5486205329652869 2.0032542744302191 23.499176674231425 31.329950834275223 4.8946630620048373 1157.7591949060443 4.7911233345512292 2.9939410969382143 3.4297939494717857
leaf_count=287 76 46 58 47 20 30 525 638 291 398 72 8 38 354 436 28 61 685 103 64 41 26 41 518 487 112 6838 40 45 31
internal_value=9.93813e-05 0.00848329 0.00346303 -0.0149395 0.0298206 -0.0370489 -0.00158314 0.0178524 0.0273729 -0.0291662 -0.0505899 -0.0654311 -0.0749465 -0.000280086 -0.0213218 0.0822558 0.057506 -0.00214228 0.0433601 0.0285912 0.0145982 0.0250389 -0.0828499 -0.00142643 -0.00269752 0.0252297 -0.00121919 -0.0385084 -0.0542242 -0.0684029
internal_weight=1573.63 263.02 238.587 104.694 25.2505 11.0978 1310.61 133.893 107.715 79.4435 45.6136 39.0666 36.759 33.8299 26.1779 14.1528 24.4329 1301.55 72.3212 53.2538 29.4058 27.4056 3.55187 1282.16 1223.8 58.3568 1196.87 39.115 34.3239 26.929
internal_count=12444 3087 2980 1161 125 50 9357 1819 1096 1036 516 444 436 520 723 75 107 9281 805 702 462 421 67 8756 7959 797 7410 572 532 549
is_linear=0
shrinkage=0.1


Tree=110
num_leaves=31
num_cat=0
split_feature=1 22 2 50 34 35 15 10 7 6 23 1 10 0 5 51 23 5 36 44 1 15 16 6 0 43 19 45 44 13
split_gain=2.1208 5.3864 9.77073 6.89956 6.41069 7.30269 8.73616 10.7132 8.39778 6.90409 6.76851 9.14883 11.7076 8.098 8.57745 9.78454 6.41876 6.36441 6.15049 5.92229 5.89173 5.88222 5.82473 6.80376 7.79262 6.6967 6.21849 8.12403 7.14359 6.15368
threshold=0.13393535465002063 40.465934753417976 0.1161317713558674 0.88175702095031749 0.90122726559638988 0.68474367260932933 -0.00038301368476822967 -0.0053052764851599923 75.696411132812514 58.740928649902351 0.42857141792774206 0.10886985063552858 0.044006140902638442 0.16110064089298251 0.17327786982059482 0.5765465795993806 0.49999998509883886 0.57442498207092296 0.25677864253520971 0.75451576709747326 0.10808638483285905 0.12671869248151782 0.0013611863832920792 74.845188140869155 0.097269881516695036 0.58750000596046459 4.2793216705322275 0.44805532693862921 0.71578675508499157 15.268182754516603
decision_type=2 2 2 2 2 2 2 2 2 2 2 2 2 2 2 2 2 2 2 2 2 2 2 2 2 2 2 2 2 2
left_child=1 4 3 21 10 6 7 9 -8 -6 22 16 13 14 -13 17 -12 -16 -19 -9 -18 -3 25 24 -24 26 28 -28 29 -1
right_child=-2 2 -4 -5 5 -7 8 19 -10 -11 11 12 -14 -15 15 -17 20 18 -20 -21 -22 -23 23 -25 -26 -27 27 -29 -30 -31
leaf_value=0.0762277657715274 0.0028190530177422575 -0.032796324344589768 -0.19453264091694608 0.022243875303955527 0.089152770699657435 0.045020902887343887 0.032925977315027784 -0.24995292927862672 -0.10596514152855913 -0.076486486427033581 -0.066270558304555582 0.074755034142347618 -0.15781874748024369 0.093649090201074828 -0.10517107279865501 -0.139421669422473 -0.0047858789600610484 -0.097298088152373896 0.03521176598283051 -0.066626511897913798 0.12119315634323496 -0.19445190983930727 -0.0069561108139434922 -0.057690796449846905 0.058968627495830012 -0.078790017339879156 0.11117369743852601 0.0030636199221703358 0.034042258273013756 -0.05288111731660497
leaf_weight=4.0566272563301018 1010.0399836090219 6.7929737658705598 3.8990931408479801 13.788014344871044 4.6757879331707972 54.052414557896554 40.22995361557696 3.6123683409532523 4.8814944378100327 5.448837791569531 17.089455092209391 5.020677115302532 9.2680154265835863 4.4373805247596456 7.9602380198775817 11.932623026077634 139.3955040815199 4.6873632836504866 13.86046078475192 3.440374031662941 3.8138973332243031 3.3664104342460632 28.661906886991346 8.9869082944933307 47.887953952362295 12.590166263631543 9.5269094176182971 25.706294657909893 17.478829342493555 41.033787212654715
leaf_count=54 6394 48 21 77 26 290 190 29 33 30 231 30 94 26 120 92 1678 131 76 18 26 22 659 81 379 143 80 161 163 1042
internal_value=8.62126e-05 -0.00486422 -0.0477328 -0.023831 -0.00261076 0.0181259 -0.00521286 -0.0659033 0.0178966 9.57978e-06 -0.00844665 -0.0205922 -0.0549386 -0.0350321 -0.0481704 -0.0642255 -0.00834341 -0.0303759 0.00172418 -0.160525 -0.00143085 -0.0863625 0.00503396 0.0246216 0.034285 -0.0101433 -0.00130641 0.0322961 -0.0202282 -0.0412656
internal_weight=1567.62 557.583 27.8465 23.9474 529.736 116.341 62.2888 17.1774 45.1114 10.1246 413.395 217.466 57.1668 47.8987 43.4614 38.4407 160.299 26.5081 18.5478 7.05274 143.209 10.1594 195.929 85.5368 76.5499 110.393 97.8024 35.2332 62.5692 45.0904
internal_count=12444 6050 168 147 5882 616 326 103 223 56 5266 2504 569 475 449 419 1935 327 207 47 1704 70 2762 1119 1038 1643 1500 241 1259 1096
is_linear=0
shrinkage=0.1


Tree=111
num_leaves=31
num_cat=0
split_feature=20 35 10 23 5 50 34 50 34 34 33 20 35 16 16 1 35 47 35 21 45 35 35 35 10 44 3 24 9 21
split_gain=2.11182 10.3166 7.95102 6.22669 5.72603 5.71667 4.75445 6.74478 5.20372 10.0803 14.0982 14.0502 8.83768 8.57659 8.83106 8.60758 7.99149 12.184 9.93358 13.425 12.4984 10.3689 8.66611 8.26699 7.95742 7.57882 7.4487 7.36598 6.95816 6.86571
threshold=1.0000000180025095e-35 0.50955334305763256 -0.031265517696738236 0.40000002086162573 0.90839141607284557 0.55825871229171764 0.49996672570705419 0.84985119104385387 0.50004315376281749 0.70165106654167186 0.58682912588119518 2.5000000000000004 0.54598942399024974 0.083197649568319335 0.0047198152169585237 0.23408112674951556 0.54242816567420971 0.29973442852497106 0.50100842118263256 0.003685478121042252 0.69118785858154308 0.50634530186653148 0.52889761328697216 0.49994093179702764 0.013460244517773392 0.5841912329196931 0.4993277788162232 0.68820914626121532 0.0215700026601553 0.005726445699110628
decision_type=2 2 2 2 2 2 2 2 2 2 2 2 2 2 2 2 2 2 2 2 2 2 2 2 2 2 2 2 2 2
left_child=1 2 -1 4 5 -4 7 -2 16 10 13 -11 -13 14 15 -10 18 28 23 21 26 -20 -22 -8 -16 -23 27 -21 -18 -14
right_child=6 -3 3 -5 -6 -7 8 -9 9 11 -12 12 29 -15 24 -17 17 -19 19 20 22 25 -24 -25 -26 -27 -28 -29 -30 -31
leaf_value=0.02882689670399663 -0.031164209384004916 0.089102685309200305 0.055186705831940998 -0.10008765528864683 -0.11342439656117671 -0.16961015342154229 -0.046824806799510045 0.07613362423831227 -0.05435382669729593 0.056128246271248572 -0.092371759175754853 -0.068469012859381659 0.032550135921562688 -0.073664396974911339 0.065361336693520497 0.036816784534696133 0.075842841225034277 0.0025571130896743328 -0.14243528166980507 -0.088609627502334809 -0.096570671372440672 -0.052055678994107873 0.098483072360147417 0.020602501460572228 -0.014514313897855092 0.075095447388529302 -0.13774592018773316 0.14247092935518565 0.019962574381481142 -0.0031158368566266059
leaf_weight=35.695791203062981 80.977145463431953 15.515419775270855 10.602632621492377 11.210161974217042 3.5582317922962821 1.2663792129605997 21.297073622816242 6.3153991326689711 38.530373936227988 43.757069395855069 27.182304190238938 19.559794615604915 58.423209564643912 19.44536193436943 27.209753534174524 14.161617061705327 51.055333838798106 116.48018469801173 3.5536654231837046 4.2789417114108828 3.718408042797817 6.4253036613808971 5.8793109804391861 124.37346083641751 23.027300131623633 17.334326490294188 21.34928253327962 2.0357167460024357 39.540849241660908 708.5772933785629
leaf_count=428 1315 122 401 601 225 13 379 26 494 450 511 280 404 205 152 69 241 562 55 90 32 105 20 735 180 95 221 6 181 3846
internal_value=8.17835e-05 0.0161366 -0.00202551 -0.0433697 -0.00215571 0.0312017 -0.000760151 -0.0234015 0.00065441 -0.0033283 -0.0272268 0.000976301 -0.00209185 -0.0127566 -0.00124987 -0.0298506 0.0100058 0.0239495 -0.00372763 -0.0363746 -0.075412 0.0168815 0.0229141 0.0107446 0.0287485 0.04071 -0.109525 -0.014114 0.0514538 -0.000399123
internal_weight=1562.34 77.8486 62.3332 26.6374 15.4272 11.869 1484.49 87.2925 1397.2 979.874 149.557 830.317 786.56 122.374 102.929 52.692 417.322 207.076 210.245 64.575 37.2617 27.3133 9.59772 145.671 50.2371 23.7596 27.6639 6.31466 90.5962 767.001
internal_count=12444 1790 1668 1240 639 414 10654 1341 9313 6591 1611 4980 4530 1100 895 563 2722 984 1738 624 369 255 52 1114 332 200 317 96 422 4250
is_linear=0
shrinkage=0.1


Tree=112
num_leaves=31
num_cat=0
split_feature=18 38 16 34 28 2 44 36 39 5 23 22 4 4 17 45 8 9 8 44 28 48 2 11 22 12 38 6 28 40
split_gain=2.40145 4.71257 5.52304 6.02017 6.25397 5.34657 5.12261 5.02858 4.43762 5.63358 6.98899 5.03244 4.38752 4.45816 4.14639 4.14528 4.64507 4.05119 4.39963 3.92594 5.42827 5.28758 5.1275 5.05436 5.67913 5.33294 5.24427 4.47068 3.93657 3.80649
threshold=-0.021232078783214089 0.41316966712474829 -0.021605831570923325 0.89261707663536083 20888.000000000004 0.08453464508056642 0.63323473930358898 0.28607572615146643 0.64506396651268016 0.62866926193237316 0.59763789176940929 16.107502937316898 0.28533673286437994 0.24126781523227694 22.653031349182132 0.46884019672870642 60.386447906494148 0.0096957962960004824 50.314544677734382 0.45905798673629766 423.00000000000006 0.15000000223517421 0.4519850909709931 0.73800531029701244 32.299150466918952 15.500000000000002 0.3492624312639237 23.282003402709964 1010.0000000000001 1.0000000180025095e-35
decision_type=2 2 2 2 2 2 2 2 2 2 2 2 2 2 2 2 2 2 2 2 2 2 2 2 2 2 2 2 2 2
left_child=1 5 3 4 17 -1 8 15 11 -10 -11 -6 13 -4 -8 16 29 18 -3 23 21 22 -21 25 28 26 -2 -28 -25 -7
right_child=19 2 12 -5 6 7 14 -9 9 10 -12 -13 -14 -15 -16 -17 -18 -19 -20 20 -22 -23 -24 24 -26 -27 27 -29 -30 -31
leaf_value=-0.1201916454427182 -0.11407051521702552 -0.042406495485197156 -0.067615851970004304 0.052174230309146453 -0.067745303158345468 -0.0046401610924743375 0.0050048625425697804 0.066381348676351953 0.053370029519931361 0.077866519844432672 -0.11286312066465896 0.085198573994152441 -0.090410599030540287 0.087895900479231209 -0.15005960454341105 0.04785517289989194 0.066465605479613762 0.065018302653479618 0.057529824158913404 -0.12451400068874299 0.00058815599517321882 0.053285934679706749 0.020149215879870109 0.042520543857501002 0.036156095559031799 -0.068661484538441439 -0.10427740387193132 0.04067540337562605 -0.11246083118439082 -0.11361597964821009
leaf_weight=2.7104890675982451 2.3510147315682834 13.866462272155337 4.1758536506094996 13.233793750754556 24.103500840225028 6.1010640113381722 2.3334331812802684 17.348210177384317 11.704986142111013 2.8150163991958816 6.0509224408306181 2.3622077330946913 17.594304551370442 3.3004132441710681 6.6072816465748474 10.01263859332539 3.6114693805575362 10.851089140807742 6.4563583171111523 9.4854557067737932 1247.9332146800152 3.3923290022648862 3.3034141175448886 2.0708806754555571 7.2779769953340283 5.4181649645906864 2.1800048043951383 88.767135627727839 7.8573247991735116 6.7530962927266955
leaf_count=57 27 220 108 85 715 47 35 83 119 39 69 24 614 38 118 61 18 90 98 119 8100 20 21 18 52 144 83 988 153 81
internal_value=6.84761e-05 -0.0110739 -0.0211554 -0.0106699 -0.0202127 0.0161043 -0.0402035 0.0245336 -0.0270146 0.00782488 -0.0523047 -0.0540942 -0.0631407 0.00103513 -0.109589 -0.00288442 -0.0337388 0.0156838 -0.0106577 0.00145714 -0.00015803 -0.0577057 -0.0871469 0.0190702 -0.0309449 0.0277878 0.033389 0.0372009 -0.0801339 -0.061892
internal_weight=1552.03 171.993 125.456 100.385 87.1513 46.537 55.9773 43.8265 47.0366 20.5709 8.86594 26.4657 25.0706 7.47627 8.94071 26.4783 16.4656 31.1739 20.3228 1380.04 1264.11 16.1812 12.7889 115.923 17.2062 98.7163 93.2982 90.9471 9.92821 12.8542
internal_count=12444 2719 2372 1612 1527 347 1119 290 966 227 108 739 760 146 153 207 146 408 318 9725 8260 160 140 1465 223 1242 1098 1071 171 128
is_linear=0
shrinkage=0.1


Tree=113
num_leaves=31
num_cat=0
split_feature=34 20 34 5 19 47 44 44 10 36 36 7 15 44 3 0 28 39 17 8 14 33 17 22 19 19 35 51 19 34
split_gain=2.21926 2.37401 9.48763 5.35304 5.86229 6.78567 6.82167 7.54368 6.45713 5.77632 5.60633 5.0756 4.92619 4.95513 4.89003 5.25667 4.84432 4.67576 4.44345 4.66364 4.1224 4.85922 3.865 3.82165 4.0117 3.7905 3.75725 3.40167 3.35615 3.19798
threshold=0.1516937464475632 1.5000000000000002 0.69216498732566845 0.90839141607284557 3.1754412651062016 0.21387951076030734 0.54882344603538524 0.65639349818229686 -0.0042253525462001553 0.20424277335405353 0.33792380988597875 32.514089584350593 0.00099213636713102482 0.39804814755916601 0.56716936826705944 0.23397845774888995 341355.00000000006 0.72727277874946605 39.39911079406739 34.220176696777351 34.658607482910163 0.70131602883338939 48.030931472778327 -21.182984352111813 -0.10216517373919486 0.63720557093620311 0.66381970047950756 0.46109455823898321 4.0867106914520273 0.4496415257453919
decision_type=2 2 2 2 2 2 2 2 2 2 2 2 2 2 2 2 2 2 2 2 2 2 2 2 2 2 2 2 2 2
left_child=-1 2 3 4 8 9 -7 -8 12 -6 14 20 13 16 15 -5 22 23 -15 -20 21 26 -2 -12 -25 -10 27 -3 -26 -13
right_child=1 11 -4 10 5 6 7 -9 25 -11 17 29 -14 18 -16 -17 -18 -19 19 -21 -22 -23 -24 24 28 -27 -28 -29 -30 -31
leaf_value=-0.10868251503399351 0.094992191696008935 -0.10985301877507066 0.098666931057769927 -0.073836441102987441 -0.032326249619453767 0.050868010940152045 -0.19301301079188352 0.0047600342714393768 -0.020318927189885972 0.10530229030298495 0.088037773263639346 -0.039520668260285489 0.064063846680496264 -0.06527411572835487 -0.093517823909803885 0.056075625951880662 -0.055041637925137256 0.070359426439208922 0.087001523674588507 -0.11971733330772515 -0.070396608331519894 0.073201549405895669 -0.048348992933027773 -0.11077031335712317 0.034785009693225559 -0.11694606901727632 -0.16422271047795409 0.026007363545063712 -0.08313201287294425 0.00036571438550191257
leaf_weight=1.8746733770822164 10.28922932961723 2.5906064343871567 11.537716077873482 6.1265271196898556 3.6222686736728091 12.967806926928462 2.9679839429445547 5.5074056178564206 12.772338122915246 19.28711906040553 2.9071594027336713 20.415627381531522 15.80084517324576 14.567557661153844 14.276232244825222 6.3356471701990813 4.2175913736427892 8.8943287590518576 4.5285780240665181 1.4378670368460005 18.956076790229417 5.6475589957553884 2.3019218037370583 5.013426382764016 7.5376058379188162 5.9514289525686754 2.017771420069038 6.3853927694144659 3.5507732285186648 1306.078385918634
leaf_count=239 154 26 93 311 128 66 29 34 464 86 21 317 195 285 505 38 193 47 42 74 186 35 44 76 64 181 34 50 26 8401
internal_value=5.45475e-05 0.00018653 0.0109002 0.00497366 0.0171103 0.0456994 0.00526985 -0.0644978 -0.000533269 0.0835414 -0.0208404 -0.00124816 0.0172587 -0.00254591 -0.0535622 -0.00779042 0.037716 0.0105154 -0.0355035 0.0371839 -0.0385117 -0.00219168 0.0687865 -0.0174858 -0.0365379 -0.0510323 -0.0409216 -0.013204 -0.00297494 -0.000248164
internal_weight=1546.37 1544.49 182.399 170.862 116.22 44.3526 21.4432 8.47539 71.8674 22.9094 54.6417 1362.09 53.1436 37.3427 26.7384 12.4622 16.8087 27.9033 20.534 5.96645 35.5974 16.6413 12.5912 19.009 16.1018 18.7238 10.9938 8.976 11.0884 1326.49
internal_count=12444 12205 3156 3063 1975 343 129 63 1632 214 1088 9049 987 792 854 349 391 234 401 116 331 145 198 187 166 645 110 76 90 8718
is_linear=0
shrinkage=0.1


Tree=114
num_leaves=31
num_cat=0
split_feature=36 37 19 18 39 39 10 39 39 28 4 23 28 9 37 28 39 22 23 2 5 37 15 37 19 37 19 40 50 40
split_gain=2.0344 3.43945 7.12961 7.93169 5.13442 4.95458 8.76332 4.06412 4.70685 6.31315 6.61194 4.76224 4.71566 4.31159 4.9692 4.10431 3.98872 4.01952 4.40633 3.80239 3.6528 3.17354 4.30703 3.05097 6.12627 6.16872 8.92941 8.54095 9.40158 7.15157
threshold=0.97426244616508495 0.6138630509376527 0.27286630868911749 0.050605485215783126 0.91666918992996227 0.74144968390464794 0.02934261225163937 0.99895629286766063 0.6250000298023225 723813.50000000012 1.8330066800117495 0.42399555444717413 21956.500000000004 0.032442564144730575 0.52420374751091015 4864.5000000000009 0.53881603479385387 33.71405220031739 0.31578947603702551 0.11909975856542589 1.9656558632850649 0.67304068803787243 -0.0035784733481705184 0.55548864603042614 5.7905507087707528 0.53855520486831676 -1.6170722842216489 0.15000000223517421 0.65853831171989452 0.25000000745058065
decision_type=2 2 2 2 2 2 2 2 2 2 2 2 2 2 2 2 2 2 2 2 2 2 2 2 2 2 2 2 2 2
left_child=21 7 -3 -4 5 16 -7 8 9 12 11 -11 15 14 -9 -2 17 -5 -19 -12 -10 23 -23 24 25 -1 -27 -28 29 -29
right_child=1 2 3 4 -6 6 -8 13 20 10 19 -13 -14 -15 -16 -17 -18 18 -20 -21 -22 22 -24 -25 -26 26 27 28 -30 -31
leaf_value=-0.0050397345243773234 0.035563418412359826 -0.1219007733302042 0.054580849280812783 0.016240237860052541 0.048352556679256878 -0.024144731225003338 -0.22614396186157087 0.011275388755145853 0.092714920437017123 0.094497572545335834 -0.021076968183124954 -0.056194966379875047 0.064681944747841932 0.044952700889867032 -0.154427261701022 -0.097137226769738128 0.048006590408775814 -0.0122227648037749 -0.15231549229821423 -0.13206947397328214 -0.0019475527606317767 -0.061235867092690736 0.067823273270281745 -0.0083634159208754652 0.027750515722983111 0.074928051774035886 0.014686099999626778 0.074931128479995349 -0.21505389182280454 -0.12491402035173318
leaf_weight=676.27671685250243 5.8755050373729301 4.9697707486338905 19.701154807582498 6.4300018660724225 7.9814699329435816 5.416988939046858 3.5585344880819321 3.3257635426707548 17.173412427073348 5.6501588067621942 6.4553412455134076 3.3349684780696407 25.594900276104454 4.5727333780378103 3.9703358337283134 3.8632494148332626 6.7405122071504584 4.1937298029661161 4.8320240750908852 5.9144063263665885 5.3450681809335938 3.2158181229606297 13.199590139091013 456.73858549057331 81.85173976070655 22.776731158606708 120.77906222839374 4.0201327828690392 3.428839884698391 3.2288931668736041
leaf_count=7680 51 28 108 30 70 31 20 25 103 31 31 25 131 36 28 31 36 21 25 33 30 21 61 2421 502 123 643 31 17 21
internal_value=4.7682e-05 0.0109164 -0.00688389 0.00282834 -0.0232125 -0.0415366 -0.104232 0.0233905 0.0315677 0.0162037 -0.0267224 0.0385657 0.0421472 -0.0311802 -0.0788954 -0.0170774 -0.0161846 -0.0441794 -0.0872228 -0.0741463 0.0702455 -0.00116744 0.0425403 -0.00169149 0.00164855 -0.000923952 0.0171227 0.00710717 -0.0786193 -0.0140848
internal_weight=1540.42 154.9 63.8242 58.8544 39.1533 31.1718 8.97552 91.0758 79.207 56.6885 21.3549 8.98513 35.3337 11.8688 7.2961 9.73875 22.1963 15.4558 9.02575 12.3697 22.5185 1385.52 16.4154 1369.1 912.362 830.51 154.234 131.457 10.6779 7.24903
internal_count=12444 924 369 341 233 163 51 555 466 333 120 56 213 89 53 82 112 76 46 64 133 11520 82 11438 9017 8515 835 712 69 52
is_linear=0
shrinkage=0.1


Tree=115
num_leaves=31
num_cat=0
split_feature=34 21 34 13 36 4 11 39 39 33 39 21 8 9 11 16 45 35 11 8 33 22 47 15 22 5 15 9 34 44
split_gain=2.00195 2.21913 5.70094 5.3632 4.91438 6.17019 6.12345 5.80958 5.28367 6.4449 4.8755 4.26767 4.22603 5.01206 5.68438 4.25109 4.86007 4.18593 3.80729 3.69282 4.17815 3.67851 5.24263 9.32703 4.55187 5.8923 6.99225 6.58414 5.73734 6.68385
threshold=0.1516937464475632 -0.0081788757815957052 0.70165106654167186 14.477997779846193 0.53443932533264171 1.8330066800117495 0.067488018423318877 0.16666667908430102 0.18181814998388293 0.5047706961631776 0.016287669539451603 -0.0069010392762720576 14.366121768951418 -0.0070109842345118514 0.16112715750932696 0.0041063663084059962 0.30995291471481329 0.53525397181510936 0.14813998341560367 37.921300888061531 0.42482739686965948 -10.430037021636961 0.32085816562175756 0.015934188850224022 -2.5319641828536983 1.2189809083938601 -0.028493074700236317 0.028502091765403751 0.4496415257453919 0.709486484527588
decision_type=2 2 2 2 2 2 2 2 2 2 2 2 2 2 2 2 2 2 2 2 2 2 2 2 2 2 2 2 2 2
left_child=-1 2 3 -2 6 -6 10 18 -9 12 -5 -3 -10 15 -15 16 -14 -18 -8 20 -12 22 -13 -24 25 26 -23 -28 29 -26
right_child=1 11 -4 4 5 -7 7 8 9 -11 19 21 13 14 -16 -17 17 -19 -20 -21 -22 24 23 -25 28 -27 27 -29 -30 -31
leaf_value=-0.10799764204064043 0.099986513029963905 -0.063564968263728525 0.066815784633349112 0.10176814547642676 0.062375755614836451 -0.064581584623104427 -0.010359547727584342 0.15146115878250521 0.10005431935357562 -0.075411301727957139 0.08656710578583196 -0.068740178674900079 0.042125703806033123 -0.078940684699294619 0.064833353406578823 0.046363798999399582 -0.13280777961868759 -0.0033753354177400428 -0.11796661336896144 -0.096357318849130832 -0.004256074232374246 -0.049717665203509863 0.054501287932424036 -0.11504328836303511 -0.11442490475350037 0.080379033309379566 0.060769784691858744 -0.035560269892006655 -0.00020593834884808436 -0.0004139866841890254
leaf_weight=1.7125236835563544 5.6855498149525365 10.848353932728058 16.646363809937611 6.7015857356600455 21.436473244335506 4.6603286513127378 4.9577246012049718 1.9300288413651276 4.071047030738554 13.966594491968861 6.8465350589831422 18.705072252982063 3.2761450057732828 3.5092605749960155 12.708912060887085 4.3165841439622445 8.589880471408831 3.5236137438332653 9.7628902723954507 3.079758948297239 19.467059937189333 14.251329175109275 11.999867093516515 4.4472135603427878 9.5938126588880568 15.29414065540186 24.98251951529528 9.9099322110414487 1249.7427705498412 11.08128547776141
leaf_count=239 58 237 118 36 120 40 74 13 21 257 61 439 38 36 111 81 211 50 316 50 186 241 92 38 481 130 329 83 8061 197
internal_value=6.28195e-05 0.000183299 0.0115233 0.00487722 0.000805455 0.0397039 -0.00870769 -0.0258347 -0.0111144 -0.0169291 0.024798 -0.00109073 0.00349316 -0.0074494 0.0337238 -0.0413348 -0.0659331 -0.095158 -0.0817259 0.00724906 0.0193752 -0.000596029 -0.0325273 0.00865723 0.00024485 0.0261735 0.00930412 0.0334107 -0.0010703 -0.0533182
internal_weight=1537.71 1535.99 155.136 138.49 132.804 26.0968 106.708 70.6127 55.8921 53.962 36.0949 1380.86 39.9954 35.9244 16.2182 19.7062 15.3896 12.1135 14.7206 29.3934 26.3136 1370.01 35.1522 16.4471 1334.86 64.4379 49.1438 34.8925 1270.42 20.6751
internal_count=12444 12205 1877 1759 1701 160 1541 1208 818 805 333 10328 548 527 147 380 299 261 390 297 247 10091 569 130 9522 783 653 412 8739 678
is_linear=0
shrinkage=0.1


Tree=116
num_leaves=31
num_cat=0
split_feature=38 43 10 34 37 23 50 51 21 37 5 2 17 19 35 45 36 33 36 19 18 18 47 5 7 47 13 22 37 17
split_gain=2.01495 6.9737 5.3973 8.2913 8.42835 6.37471 6.9124 5.74658 5.30148 5.69885 4.23423 4.06918 5.33105 9.04527 7.05852 5.40456 5.24648 5.01513 4.947 4.65583 4.31816 5.8147 4.86533 5.49909 4.22508 4.01185 3.92457 4.53965 4.97852 3.97795
threshold=0.53794223070144664 0.58750000596046459 0.013460244517773392 0.99188095331192028 0.64936876296997081 0.97029411792755138 0.80479618906974804 0.98607638478279125 0.023193504661321643 0.58748385310173046 1.8026875257492068 0.14885131269693377 28.827384948730472 10.244598865509035 0.64661318063735973 0.61117032170295726 0.11868661642074586 0.39157541096210485 0.32866959273815161 4.561774969100953 0.057389294728636749 0.04042483493685723 0.20328705012798312 1.5028921961784365 75.457443237304702 0.20058046281337741 68.441150665283217 13.730241775512697 0.49021218717098242 29.941894531250004
decision_type=2 2 2 2 2 2 2 2 2 2 2 2 2 2 2 2 2 2 2 2 2 2 2 2 2 2 2 2 2 2
left_child=-1 11 7 4 5 6 -4 8 9 -3 -5 12 13 14 18 -16 19 -18 -2 -13 21 22 23 25 -24 -14 27 29 -29 -19
right_child=1 2 3 10 -6 -7 -8 -9 -10 -11 -12 16 20 -15 15 -17 17 26 -20 -21 -22 -23 24 -25 -26 -27 -28 28 -30 -31
leaf_value=0.0012924543697253365 -0.11808456321210779 0.026556965838612934 -0.11241172540038361 0.037293983225252202 -0.34016620907513101 -0.27050599217592447 0.085436663692641301 -0.14579065919408102 0.085165290951932537 -0.16208444971798391 -0.08105384578278399 -0.069887911939208014 -0.087200190360395752 0.10995482718310262 -0.074646125104819536 -0.26364418439680953 -0.16795468696898952 0.076487123116161612 0.0067215793680519362 0.094020811742051069 0.042491475696869424 -0.15245002376294967 0.049453723985620507 0.076005174463987524 -0.13871989461984366 -0.43727221947658479 -0.057060920463154675 -0.0075067802278301204 0.13225406792789782 -0.013982561150655
leaf_weight=1371.8311757484335 4.9567114340025062 4.7351455075840949 7.7562765593756886 6.9078513607382774 1.6446953453123576 1.8256331909215084 2.2864536419510841 2.3428748040460041 6.9994126196252182 2.419854274019599 5.3757058717310429 8.7443691783118975 6.5782573592005118 2.9534192830324164 3.0750311824376686 2.9785973571706563 1.1135339808533888 8.7515861872816476 8.8399741894390882 2.1613086962606749 18.883654366247356 2.9487016824423327 13.209054915321756 2.2279331651661778 1.3117004125379015 0.34450760483741749 3.2803671914152792 3.3093763585202387 11.089433170622213 10.930361650302073
leaf_count=9359 511 159 227 34 10 17 14 23 49 15 30 427 451 15 80 24 46 76 65 15 159 26 246 54 8 2 32 57 67 146
internal_value=5.39033e-05 -0.0105666 -0.0453942 -0.0739618 -0.128014 -0.0986146 -0.0673671 -0.000723264 0.0232887 -0.0372424 -0.0144991 0.00194954 -0.0138604 -0.0533237 -0.077617 -0.16764 0.0238193 0.0411732 -0.0381173 -0.0374042 0.00591617 -0.0200294 -0.00353406 -0.0606439 0.0324555 -0.104621 0.0474062 0.0574614 0.100132 0.0262448
internal_weight=1531.81 159.982 42.2939 25.7966 13.5131 11.8684 10.0427 16.4973 14.1544 7.155 12.2836 117.688 68.3075 22.8037 19.8503 6.05363 49.3803 38.4747 13.7967 10.9057 45.5038 26.6202 23.6715 9.1507 14.5208 6.92276 37.3611 34.0808 14.3988 19.6819
internal_count=12444 3085 578 332 268 258 241 246 223 174 64 2507 1641 695 680 104 866 424 576 442 946 787 761 507 254 453 378 346 124 222
is_linear=0
shrinkage=0.1


Tree=117
num_leaves=31
num_cat=0
split_feature=9 28 12 47 5 34 3 23 51 4 22 51 35 13 24 10 12 5 16 11 3 24 37 3 6 18 36 23 45 3
split_gain=1.98969 6.15385 6.56307 6.4104 6.08906 6.2672 10.3502 7.57486 7.69183 16.427 7.1199 10.1663 10.125 7.84234 5.52907 5.41283 7.19221 8.01557 10.6237 12.2458 7.06241 6.61415 6.44095 7.31198 7.21539 7.98996 12.322 6.41296 6.28326 8.60812
threshold=0.06937218084931375 7345430.0000000009 18.500000000000004 0.26930774748325353 0.37479066848754888 0.51879873871803295 0.86786985397338878 0.077660169452428832 0.89337816834449779 0.97786113619804393 26.384187698364261 0.69109427928924572 0.7675611972808839 41.832658767700202 0.0060015846975147733 -0.015323936007916926 1.0000000180025095e-35 2.0654056072235112 0.094603549689054503 1.1041535139083865 0.94936007261276256 0.017857142724096779 0.53174975514411937 0.4809893816709519 61.817878723144538 0.16214741021394732 0.38881762325763708 0.95753696560859691 0.83774450421333324 0.94103807210922252
decision_type=2 2 2 2 2 2 2 2 2 2 2 2 2 2 2 2 2 2 2 2 2 2 2 2 2 2 2 2 2 2
left_child=-1 2 15 -3 -5 6 -6 -7 10 -10 12 -12 -9 -13 -4 21 17 -17 -19 28 -21 27 23 -18 -24 26 -26 -2 29 -20
right_child=1 3 14 4 5 7 -8 8 9 -11 11 13 -14 -15 -16 16 22 18 19 20 -22 -23 24 -25 25 -27 -28 -29 -30 -31
leaf_value=-0.0023809912282463405 -0.097374401952870157 -0.10221243054762744 -0.022883907019260727 0.089864110918650542 -0.11056698739439452 0.074639846547429681 0.043062859655658224 -0.12882017337675106 -0.15326435974656627 0.044878830531978393 0.034895887697227103 -0.20979202912360395 0.063812745383087163 -0.076871192933133478 0.092084777618487046 0.026315820704343351 0.031646164699241218 0.032076231494126417 -0.07917243989553234 0.05268810372427625 -0.044088171232238946 0.071965547121880566 0.07467881934736989 -0.10359449226400382 -0.15325253230203478 0.01353903216364679 0.0050927604073546994 0.073888551838742045 -0.040033243334336388 -0.26955346494632931
leaf_weight=1049.42128392226 5.3646251969039422 7.879800632596015 5.5449082506820586 5.9162198752164832 5.1669850945472708 5.8771448209881774 28.985501903807744 4.4904216155409795 5.441411733627322 18.107653576880693 3.9970466382801559 8.6541537716984767 6.9541789777576923 9.1126258447766286 17.031638722401112 152.59502379375044 5.3548342832364169 31.817585038021207 5.3078355407342332 12.491154795046898 19.027301525697112 25.401000518351793 9.537696104263885 15.775157045107333 9.2792577296495455 28.262420259416103 10.447598833590744 3.6905250865966082 7.0473495535552493 4.2982222605496645
leaf_count=10128 35 47 33 26 30 18 133 27 26 82 15 45 26 43 64 713 37 149 34 55 100 120 43 97 46 134 50 25 38 25
internal_value=5.63693e-05 0.00539787 0.0116098 -0.0152898 -0.00862076 -0.0146408 0.01982 -0.033431 -0.0446215 -0.000905521 -0.0756218 -0.109199 -0.011769 -0.141617 0.0638479 0.00819832 0.00403491 0.0128751 -0.0127657 -0.0423838 -0.00573453 0.0458063 -0.022105 -0.0693213 -0.00476216 -0.0205508 -0.0693908 -0.0275743 -0.111747 -0.164358
internal_weight=1528.28 478.857 368.274 110.583 102.703 96.7871 34.1525 62.6346 56.7575 23.5491 33.2084 21.7638 11.4446 17.7668 22.5765 345.698 311.241 232.584 79.9894 48.1719 31.5185 34.4562 78.657 21.13 57.527 47.9893 19.7269 9.05515 16.6534 9.60606
internal_count=12444 2316 1798 518 471 445 163 282 264 108 156 103 53 88 97 1701 1521 1114 401 252 155 180 407 134 273 230 96 60 97 59
is_linear=0
shrinkage=0.1


Tree=118
num_leaves=31
num_cat=0
split_feature=34 22 28 50 37 8 18 51 51 12 39 39 35 43 8 1 8 33 47 47 33 3 18 37 45 43 35 36 4 33
split_gain=2.14613 7.08009 4.59527 7.3186 6.43897 8.57276 4.97269 5.7177 8.0666 5.74269 5.79052 16.0089 5.60877 5.4203 8.14078 5.9354 5.27466 7.46579 5.65178 9.38303 6.1134 9.34013 7.95033 5.23836 7.09066 8.53014 6.49 6.16303 5.13662 4.79803
threshold=0.99578979611396801 9.0909094810485858 68247420.000000015 0.99986901879310619 0.5224282741546632 64.582229614257827 0.020946457982063297 0.68004357814788829 0.68502265214920055 1.0000000180025095e-35 0.94836473464965831 0.85388934612274181 0.59540772438049328 0.63749998807907116 69.93982315063478 0.1330983713269234 77.711086273193374 0.62727162241935741 0.43916536867618566 0.48450867831707006 0.7759687900543214 0.90671899914741527 0.32332652807235723 0.52297291159629833 0.75669059157371532 0.58750000596046459 0.991814285516739 0.52776813507080089 0.94154116511344921 0.87420406937599193
decision_type=2 2 2 2 2 2 2 2 2 2 2 2 2 2 2 2 2 2 2 2 2 2 2 2 2 2 2 2 2 2
left_child=-1 -2 6 4 -4 -6 28 12 -9 16 11 13 -8 14 15 -11 17 -10 -19 -20 21 -21 -23 26 -25 -26 -18 -27 -3 -22
right_child=1 2 3 -5 5 -7 7 8 9 10 -12 -13 -14 -15 -16 -17 23 18 19 20 29 22 -24 24 25 27 -28 -29 -30 -31
leaf_value=-0.0022026613807584871 0.058278752330087759 0.0071518598654638377 0.0043865578507581715 0.071908892587731504 -0.21890444273320739 -0.046828065041833275 -0.036102615606140219 -0.13711345564283822 -0.11581050023584094 -0.089193637516430058 0.035882565634275117 -0.19463170027767099 0.041873038613367643 0.068998628580149213 -0.16094224475235422 0.017008364844335922 -0.073802444137416642 0.054382263211256159 -0.090258970148362358 -0.13684050674509693 0.091304897794973375 0.067154590640232117 -0.088852468606121338 0.040912612782899732 -0.13663315866833764 -0.042646573090710696 0.014566996788543327 0.084158514902039308 0.067389568304272368 -0.0025824926128736325
leaf_weight=1114.490324071332 24.594889884348959 33.387678759172559 8.3596671894192749 4.9226886145770541 4.5282601453363887 8.0279750078916532 11.267500173300503 4.6234307885169974 3.8598871082067481 7.723297528922564 9.6853839140385372 6.4535964280366889 50.878915905952454 5.4009299501776686 4.6760550215840331 16.515632588416338 23.409574521705508 40.227488048374653 8.7023394666612131 4.9147175140678909 15.296804236248137 11.070479240268467 4.6339623890817156 28.085870049893856 5.9894269034266499 10.779587876051666 12.885181006044148 5.9475928880274287 24.575891759246588 8.4498868789523822
leaf_count=10465 169 166 36 29 24 35 49 21 15 38 76 34 221 23 22 83 103 145 40 29 80 48 29 110 31 63 67 41 107 45
internal_value=7.28074e-05 0.00626004 0.00293935 -0.0377937 -0.0636129 -0.108885 0.00586746 0.000710047 -0.0063076 -0.0037309 -0.0336225 -0.0501345 0.0277356 -0.0229597 -0.0401363 -0.016831 0.00445448 0.0204743 0.0261128 0.00468358 0.0233065 -0.0165302 0.0211211 -0.0134154 0.00731343 -0.0342272 -0.04243 0.00244082 0.032692 0.0578965
internal_weight=1524.36 409.875 385.28 25.8386 20.9159 12.5562 359.441 301.478 239.331 234.708 50.4549 40.7695 62.1464 34.3159 28.915 24.2389 184.253 97.1556 93.2957 53.0682 44.3659 20.6192 15.7044 87.0972 50.8025 22.7166 36.2948 16.7272 57.9636 23.7467
internal_count=12444 1979 1810 124 95 59 1686 1413 1143 1122 276 200 270 166 143 121 846 431 416 271 231 106 77 415 245 135 170 104 273 125
is_linear=0
shrinkage=0.1


Tree=119
num_leaves=31
num_cat=0
split_feature=9 39 3 39 11 0 5 10 10 28 15 5 24 47 23 9 21 38 22 7 50 22 8 35 34 8 10 0 18 38
split_gain=1.9417 5.09305 5.41869 5.82893 6.96273 6.83042 6.57906 4.70931 7.86002 7.17572 8.69953 3.7684 5.5067 3.39673 4.24924 4.11934 2.76554 5.99784 7.4295 6.16066 5.7763 6.29714 5.78414 3.90207 5.83931 8.37015 4.23417 9.90102 3.78395 4.79507
threshold=0.18254441767930987 0.98283231258392345 3.0146168470382695 0.81818184256553661 1.017021179199219 0.30011317133903509 1.4837212562561037 0.17295492440462115 0.21878307312726977 3996479.5000000005 0.45552368462085729 2.6093882322311406 0.18749997764825824 0.79069179296493541 0.25460191071033483 0.24348156154155734 0.093750763684511199 0.41946195065975195 32.043758392333991 70.912712097167983 0.93454411625862133 39.469625473022468 76.041866302490249 0.98255649209022533 0.99188095331192028 69.095695495605483 0.19363365322351458 0.45542463660240179 0.055351197719573982 0.39838230609893804
decision_type=2 2 2 2 2 2 2 2 2 2 2 2 2 2 2 2 2 2 2 2 2 2 2 2 2 2 2 2 2 2
left_child=16 2 3 5 -5 -2 13 9 -9 10 -8 -10 -13 14 -7 -16 23 -18 -19 -20 21 -21 -22 26 25 28 -1 -28 29 -25
right_child=1 -3 -4 4 -6 6 7 8 11 -11 -12 12 -14 -15 15 -17 17 18 19 20 22 -23 -24 24 -26 -27 27 -29 -30 -31
leaf_value=-0.00092813809221086374 0.096933051612023147 0.073560753553996591 0.070805680581887881 -0.19090856289013708 -0.0039049072554739744 -0.06035250451901214 0.042901857115153368 0.063947480164273582 0.030132615918458335 -0.16056195237323642 -0.11463290861187024 -0.13424948941315965 0.0005424377015530948 0.083762670740375758 -0.008034708131067823 0.10981791951472485 0.018302659273151816 0.041929495552784697 -0.20984680800717403 -0.035907447509777972 -0.095665770010787105 -0.20610222169017881 0.069291296217065937 -0.11118709119093835 0.054627859115508562 -0.090267931543808994 -0.17079628695286461 0.038875015376587996 0.067806533145701994 0.016060215340656058
leaf_weight=1276.0747693100275 7.390038250014185 12.242540357634423 11.251588066341354 3.4657810032367689 4.679113045334816 5.8280480057001176 8.0079794414341468 11.501014910638334 5.0217814072966602 5.4973271191120139 6.2345992922782889 6.644827686250208 5.5726428180932999 9.4927016813307983 6.7613153941929323 5.283430851995945 18.631719373166561 6.0374849606305387 3.2812666445970562 4.5112789487466234 3.7651408053934556 4.195970150642097 4.8817457892000675 3.4772544233128455 31.742587591521442 8.5820948446635139 4.6702093887142819 4.3498616382712498 11.217289089225231 19.962336513912305
leaf_count=10932 30 128 74 21 27 26 31 41 25 26 30 38 26 66 34 21 83 35 22 22 25 22 33 23 256 64 50 26 61 146
internal_value=9.52254e-05 0.0125954 0.00532316 -0.00273963 -0.0834779 0.00516088 -0.00378096 -0.0259087 -7.86903e-05 -0.0635157 -0.026058 -0.0427932 -0.0727681 0.03542 0.00974402 0.0436614 -0.000926532 -0.025232 -0.0556421 -0.0841895 -0.0604305 -0.117923 -0.00253647 -0.00011691 0.0220577 -0.0018527 -0.00141073 -0.0696839 0.0200416 -0.00281687
internal_weight=1520.26 114.875 102.632 91.3806 8.14489 83.2357 75.8457 48.4802 28.7403 19.7399 14.2426 17.2393 12.2175 27.3655 17.8728 12.0447 1405.38 45.3046 26.6729 20.6354 17.3541 8.70725 8.64689 1360.08 74.9816 43.239 1285.09 9.02007 34.6569 23.4396
internal_count=12444 644 516 442 48 394 364 217 130 87 61 89 64 147 81 55 11800 242 159 124 102 44 58 11558 550 294 11008 76 230 169
is_linear=0
shrinkage=0.1


Tree=120
num_leaves=31
num_cat=0
split_feature=36 39 43 38 15 39 9 18 44 48 5 9 10 39 9 39 19 37 45 15 28 4 3 37 11 39 5 3 50 6
split_gain=1.82888 3.13487 5.05488 7.53801 6.04438 4.88681 3.66674 7.74875 3.75074 4.96363 5.31256 4.40527 7.75281 6.79802 4.29829 5.46344 4.20639 3.40341 3.28354 3.11639 3.08996 3.25211 2.91184 2.88097 3.57926 2.91944 3.22722 2.87158 8.56742 8.61469
threshold=0.99987664818763744 0.32709789276123052 0.58750000596046459 0.43865220248699194 -0.0019926241366192694 0.40000002086162573 -0.024754332378506657 0.028623799793422226 0.86405530571937572 0.45000000298023229 0.28845597803592687 0.035215698182582862 0.010000381618738176 0.53881603479385387 0.11307701095938684 0.92380067706108104 0.27286630868911749 0.60087478160858165 0.79194793105125438 0.056226415559649474 502880.50000000006 3.61426854133606 7.8266935348510751 0.4394479393959046 -0.066319324076175676 0.062500003725290312 1.5941048860549929 1.3653342723846438 0.97248879075050365 69.298362731933608
decision_type=2 2 2 2 2 2 2 2 2 2 2 2 2 2 2 2 2 2 2 2 2 2 2 2 2 2 2 2 2 2
left_child=22 2 3 4 -2 -3 7 -7 9 10 -8 12 -10 -13 -15 -16 19 -4 -6 -12 -5 -22 23 24 -1 26 -26 -25 29 -29
right_child=1 5 17 20 18 6 8 -9 11 -11 16 13 -14 14 15 -17 -18 -19 -20 -21 21 -23 -24 27 25 -27 -28 28 -30 -31
leaf_value=0.11204205305020272 0.024628699479457731 0.08787555178878613 0.094802788285264256 0.045384843294844358 -0.068839213039705235 0.039196065622159541 -0.059013190118569328 -0.17109350853735186 0.026299339052867177 -0.050683759624385906 -0.080949010099346061 -0.097976699354735797 -0.11764474783868845 0.093983477946891533 -0.088040925940766873 0.10568353691629942 0.077164944458810489 -0.020667463751036032 -0.1790379502473588 0.058495843771685076 -0.082410855543309125 0.043866242854458698 0.064332434994065574 0.0026952653509776893 -0.10065890223151558 -0.075001430987371109 0.10029332713190008 0.0005137177559046464 0.028319773006952167 -0.027985164240929086
leaf_weight=1.4121939294273058 3.7875836775638172 9.7985678630066086 6.4535889793187362 11.147007038991434 5.5902606658637488 3.8874436441692515 4.0368574031162998 3.1902370862662792 7.4121999393682909 5.5661369543522587 3.2361661929171524 3.632363464683297 7.5560727454721928 9.9684772442560661 3.7327326277736566 2.3865545801818371 30.705067659262568 4.2227421216666698 5.2368417847901583 3.1751322411000729 5.3503187982132641 3.2957550063729286 6.7847261838614932 855.20791934274894 1.2483649874920986 13.320439930044811 2.2210389107931405 244.90330111340154 60.606216540560126 187.10215367272031
leaf_count=9 28 49 31 67 37 40 34 21 49 34 22 19 42 58 25 27 176 22 27 19 36 17 34 8184 66 386 25 1595 407 858
internal_value=0.000105367 0.0108526 -0.0109804 -0.0296324 -0.084103 0.0208676 0.0134474 -0.0555911 0.0194497 0.0379453 0.0499328 -0.00546075 -0.0463645 0.0255866 0.0534853 -0.0124874 0.061782 0.0491316 -0.12214 -0.0118903 0.0105872 -0.0342759 -0.00101701 -0.00134159 -0.0408597 -0.0537203 0.0279865 -0.000807902 -0.00688964 -0.0118292
internal_weight=1516.17 143.368 45.0841 34.4078 14.6147 98.284 88.4854 7.07768 81.4078 46.7194 41.1532 34.6884 14.9683 19.7201 16.0878 6.11929 37.1164 10.6763 10.8271 6.4113 19.7931 8.64607 1372.81 1366.02 18.202 16.7898 3.4694 1347.82 492.612 432.005
internal_count=12444 880 265 212 92 615 566 61 505 285 251 220 91 129 110 52 217 53 64 41 120 53 11564 11530 486 477 91 11044 2860 2453
is_linear=0
shrinkage=0.1


Tree=121
num_leaves=31
num_cat=0
split_feature=16 0 21 23 45 8 6 34 33 36 39 4 5 22 3 17 6 14 36 33 12 16 5 16 5 14 6 50 50 22
split_gain=1.94185 7.34488 6.63892 5.48151 5.57254 5.37058 5.44014 8.91995 7.41443 7.35895 6.99419 6.67422 6.36217 6.23057 6.63496 6.13366 5.73476 5.68381 5.34196 5.29961 9.60991 10.6267 5.70581 6.43851 5.23835 5.16436 7.54909 7.93855 5.03221 4.91572
threshold=-0.0024882354773581024 0.26583847403526312 0.054063010960817344 0.066666644066572203 0.70602175593376171 55.819597244262702 69.769073486328139 0.61518269777297985 0.50297033786773693 0.10596261546015741 0.19999970495700839 0.31688559055328375 1.6630676388740542 14.779001712799074 2.2360532283782963 19.99829196929932 43.42268371582032 49.290681838989265 0.94728386402130138 0.49999995529651647 5.5000000000000009 0.0099875843152403849 0.94106611609458934 0.018513329327106479 0.62866926193237316 46.59645080566407 58.569841384887702 0.68384322524070751 0.76423919200897228 33.333333969116218
decision_type=2 2 2 2 2 2 2 2 2 2 2 2 2 2 2 2 2 2 2 2 2 2 2 2 2 2 2 2 2 2
left_child=1 2 3 4 -1 6 7 8 25 -8 -11 -9 15 14 16 -12 -10 18 -17 20 -7 -22 24 -24 -23 26 27 -2 -20 -5
right_child=5 -3 -4 29 -6 19 9 11 13 10 12 -13 -14 -15 -16 17 -18 -19 28 -21 21 22 23 -25 -26 -27 -28 -29 -30 -31
leaf_value=0.039041582842767403 -0.01142520014555426 0.021392218971204614 -0.16747634300504871 -0.015730877824414364 -0.10571083952202787 -0.082435391622550938 -0.15158897263155596 -0.053748787414656642 0.073173906018115117 -0.10151023906390265 -0.11158653890312722 0.061673169613397798 -0.072495882327368047 -0.12181000653596974 0.1142420379889469 0.058273121346541328 -0.087673511482882549 -0.073841339571974168 0.07483015721776376 9.8630147867342837e-05 -0.16151262319177101 0.002089281901896574 0.13563556486321668 -0.12941812411863604 0.15426930906143962 0.057224933045803131 0.03671694170812289 -0.19627653351262936 -0.070532557870227566 0.04946595036710881
leaf_weight=33.081416247121524 44.176797124673612 85.839913030911703 2.6886933567002407 345.45055330274045 2.8920032436726606 21.430560469918419 3.4503697177860877 5.4470892805838949 3.0209019955946159 6.4104148491751394 3.2998666684143236 62.410037551308051 8.4803137595299614 7.1538524412317193 3.4091791179962447 35.910556022077799 8.3253470974741486 4.8619665452279142 3.5695089213550073 713.36967007690691 2.7226984626177027 3.6284921836922859 1.3595029389543913 2.8122984058427392 6.0058791529736482 26.249946230716887 43.656325506832218 2.4522109925746909 7.1555776372551918 11.965254817856474
leaf_count=376 921 568 16 3565 26 421 32 49 53 35 16 346 51 65 17 157 153 33 18 4514 69 62 12 87 37 352 275 13 43 62
internal_value=0.000113521 -0.00512643 -0.0108737 -0.00980335 0.0274045 0.00256337 0.0143993 0.022707 0.00814938 -0.00903432 -0.00197622 0.0524079 0.00810716 -0.0452229 -0.00809124 0.0205811 -0.0448484 0.0290501 0.039777 -0.00183873 -0.0382474 0.0190447 0.0546522 -0.0430427 0.0969553 0.0181837 0.00683263 -0.0211465 -0.0221531 -0.0135483
internal_weight=1512.69 481.918 396.078 393.389 35.9734 1030.77 279.44 206.302 138.445 73.1386 69.6882 67.8571 63.2778 21.9093 14.7554 54.7975 11.3462 51.4976 46.6356 751.329 37.9594 16.5289 13.8062 4.1718 9.63437 116.535 90.2853 46.629 10.7251 357.416
internal_count=12444 4613 4045 4029 402 7831 2629 2244 1849 385 353 395 318 288 223 267 206 251 218 5202 688 267 198 99 99 1561 1209 934 61 3627
is_linear=0
shrinkage=0.1


Tree=122
num_leaves=31
num_cat=0
split_feature=1 10 45 5 16 22 28 21 38 45 37 44 16 17 17 4 5 14 39 38 38 17 36 18 44 47 45 2 36 47
split_gain=1.85406 3.40738 3.59977 3.62914 6.3687 7.40689 5.58731 4.91132 5.10757 3.85806 3.96406 6.61151 5.17012 5.97408 6.47906 6.09981 4.664 4.51826 4.09826 3.91573 3.7362 4.54538 3.43497 3.36962 3.28565 3.6488 3.37179 3.20026 3.32001 3.07028
threshold=0.078363236039876952 0.035872705280780799 0.91244894266128551 0.81848710775375377 0.0079053873196244257 8.2100009918212908 35030594.000000007 0.015684644691646103 0.39629717171192175 0.36363638937473303 0.58748385310173046 0.94135284423828136 0.041675152257084853 30.274512290954593 19.204070091247562 0.056980855762958534 0.15478318929672244 18.819037437438968 0.66043561697006237 0.44675359129905706 0.42086265981197363 76.254421234130874 0.20617970079183581 0.090141482651233687 0.73261544108390819 0.16680494695901874 0.62049320340156566 0.0434681884944439 0.99987664818763744 0.13610848784446719
decision_type=2 2 2 2 2 2 2 2 2 2 2 2 2 2 2 2 2 2 2 2 2 2 2 2 2 2 2 2 2 2
left_child=1 2 3 6 5 20 9 8 -6 -1 12 16 13 14 17 -15 -12 -11 19 -16 -5 -22 -10 -3 -18 -26 -27 28 -7 -24
right_child=-2 23 -4 4 7 27 -8 -9 22 10 11 -13 -14 15 18 -17 24 -19 -20 -21 21 -23 29 -25 25 26 -28 -29 -30 -31
leaf_value=-0.093024646576102307 0.0013372570906782393 -0.031148970687091132 0.05421993490072289 0.045238032998336369 -0.13180368166482825 -0.12636255666133492 -0.13723766982489127 -0.14358163203871227 -0.11870615317498956 0.019589454663081859 -0.18313827124154283 0.083224099598947707 0.067899285543659052 0.11730765428818549 -0.076128978653000695 -0.087304161492288035 -0.10900301435187543 -0.16610323465679533 0.096074841047006018 0.071634435677612116 -0.088065029389191085 0.11741343462945625 -0.056125637790656047 -0.19933199521815051 0.045830140926313177 0.017054587670362106 -0.095343078374479376 0.068953165539832106 0.076453949237881791 0.059300075286399329
leaf_weight=6.4286347609449868 1343.0764653173828 3.4685230861068694 8.9807321541011316 4.606211600766982 3.1176130659878316 1.8117854641168405 4.1778526141424654 3.6880134278908363 1.8041811784933077 2.5475082081393365 2.7193582332693103 3.7278957962989798 10.426446354860671 1.6523082929197688 3.7142619246151325 12.32502799942449 5.8686915974831235 2.6981453014304861 9.1766911757295002 3.467826275882544 8.9421439186553453 1.2239050708012644 3.1137423333420875 1.8144872620468957 5.379679225850853 4.2230962002649886 7.2526293210685253 26.168836723227287 1.4555030949413776 8.8667487414495536
leaf_count=277 9971 69 56 69 44 38 51 35 119 63 16 18 113 13 61 339 58 53 80 135 328 10 52 31 34 24 41 178 9 59
internal_value=0.000108787 -0.00989997 -0.00728396 -0.010952 0.00691028 0.0283057 -0.0244443 -0.0390268 -0.0162133 -0.01867 -0.0123119 -0.0411495 0.00597254 -0.0121737 0.0207844 -0.0631163 -0.0593723 -0.0759231 0.0517949 -0.00478234 -0.0294749 -0.0633272 0.00992919 -0.0889126 -0.0445614 -0.0221243 -0.0539805 0.0573024 -0.0360124 0.0293008
internal_weight=1507.92 164.848 159.565 150.585 64.7987 44.2084 85.7861 20.5903 16.9023 81.6082 75.1796 29.1714 46.0082 35.5818 21.6044 13.9773 25.4435 5.24565 16.3588 7.18209 14.7723 10.166 13.7847 5.28301 22.7241 16.8554 11.4757 29.4361 3.26729 11.9805
internal_count=12444 2473 2373 2317 941 632 1376 309 274 1325 1048 191 857 744 392 352 173 116 276 196 407 338 230 100 157 99 65 225 47 111
is_linear=0
shrinkage=0.1


Tree=123
num_leaves=31
num_cat=0
split_feature=36 4 5 2 4 3 3 34 22 7 7 10 10 7 2 10 19 19 3 34 40 9 0 28 11 35 34 34 14 5
split_gain=1.87718 2.91091 5.05913 4.57578 3.09195 4.08244 4.42415 3.41853 3.4207 3.38267 4.87573 6.51386 4.37884 7.14953 9.60015 5.30429 3.27354 6.04262 3.05569 2.7341 2.4473 3.91205 4.82021 5.67065 5.31705 4.45808 4.04225 5.87239 5.43883 6.73551
threshold=0.99987664818763744 5.9837012290954599 1.3321610093116762 0.082369115203619017 0.25454165041446691 1.8390769958496096 2.07309901714325 0.91770660877227794 19.482548713684086 81.966541290283217 75.930877685546889 0.043195847421884544 0.024507224559783939 69.035095214843764 0.17782141268253329 0.041385019198060043 0.38344925642013555 -1.2510606050491331 8.6676716804504412 0.96370390057563793 0.25000000745058065 -0.033940803259611123 0.26583847403526312 149158.00000000003 0.4822420477867127 0.47888623178005224 0.53946533799171459 0.99578979611396801 60.732494354248054 1.0529180169105532
decision_type=2 2 2 2 2 2 2 2 2 2 2 2 2 2 2 2 2 2 2 2 2 2 2 2 2 2 2 2 2 2
left_child=20 4 3 -3 -2 7 -7 8 -6 10 12 -12 16 14 15 -14 17 -8 -18 -17 -1 22 23 24 -22 -23 28 -28 29 -27
right_child=1 2 -4 -5 5 6 9 -9 -10 -11 11 -13 13 -15 -16 19 18 -19 -20 -21 21 25 -24 -25 -26 26 27 -29 -30 -31
leaf_value=-0.0025185624066695858 -0.044338662851011582 0.0041216999662628028 0.050642140250806857 -0.11779797500706622 0.062079792225764367 -0.083664749077271283 0.061737357489488137 0.09180362611471754 -0.022242189451010825 0.085184732616096034 -0.16163847414868548 0.023130821047438424 -0.10737155334672453 0.063076309643650144 -0.22531620914963885 -0.026840759154912842 0.05797727450996152 -0.14799216673189844 -0.018271920723955618 0.10906768616280282 0.049028176275840295 -0.070781346595462466 0.025096654071175836 -0.12479362212726064 -0.14938950506473853 0.042820876423536665 -0.016444138275865848 0.04538353088214319 0.1174666520129941 -0.08583728362769999
leaf_weight=1215.0607382038288 7.7727544172666958 5.655138313770296 5.837173922918736 6.7558570828405209 10.914963407441975 4.8455833075568071 2.9217364682699554 12.555047439876942 8.6028649865183962 6.2799967462779014 3.7198596395901395 3.9172470971243456 4.007682468742134 6.5564077873714259 2.9010549429804078 2.9392183214658871 32.155686400830746 2.592856691684573 6.28270543180406 2.9819068573415279 5.4773469612409844 5.3519347647670648 11.128002265468238 7.270721185603179 1.7925336709013207 38.61106081813341 41.95944829081418 24.234819008037448 8.3419282323593489 4.5484175707679233
leaf_count=9407 62 27 32 40 69 26 25 87 45 44 25 21 21 35 23 20 203 18 37 20 78 236 96 207 53 562 651 123 62 89
internal_value=9.6189e-05 0.0111151 -0.0261347 -0.0622446 0.0166891 0.0208437 0.00902511 0.0510977 0.0249132 0.0148387 0.00861447 -0.0668661 0.0177155 -0.0218749 -0.0652873 -0.0185291 0.0351776 -0.0368735 0.0455144 0.0416034 -0.00103655 0.011072 -0.0244386 -0.0623482 0.00010435 0.0184798 0.0225387 0.006192 0.043549 0.0292621
internal_weight=1503.97 140.196 18.2482 12.411 121.948 114.175 82.1019 32.0729 19.5178 77.2564 70.9764 7.63711 63.3393 19.3863 12.8299 9.92881 43.953 5.51459 38.4384 5.92113 1363.78 148.716 25.6686 14.5406 7.26988 123.048 117.696 66.1943 51.5014 43.1595
internal_count=12444 880 99 67 781 719 518 201 114 492 448 46 402 119 84 61 283 43 240 40 11564 2157 434 338 131 1723 1487 774 713 651
is_linear=0
shrinkage=0.1


Tree=124
num_leaves=31
num_cat=0
split_feature=14 36 16 39 34 4 18 10 3 3 50 6 28 14 45 51 33 38 33 15 1 1 22 39 44 6 19 11 11 5
split_gain=1.86077 4.58773 5.54195 5.9717 8.13126 7.9794 7.11876 6.17356 8.66487 7.22672 4.90765 5.30014 4.56064 4.55199 4.24129 4.12158 6.18079 6.21548 8.23356 6.10432 5.44175 14.9111 5.08949 5.01972 6.08013 4.8073 5.16336 7.49747 6.76551 5.66118
threshold=54.690910339355476 0.14009909331798556 2.0285602807998662 0.74999997019767772 0.98585620522499096 1.699271082878113 0.61602315306663524 -0.019783234223723408 0.12135589122772218 1.4503350853919985 0.99986901879310619 88.663417816162124 982917.43750000012 71.686004638671889 0.39664772152900701 0.88397160172462474 0.79637056589126598 0.48734183609485632 0.72236430644989025 0.51507359743118297 0.27207334339618688 0.31559315323829656 29.075930595397953 0.23529421538114551 0.73016986250877391 42.857145309448249 2.0509485006332402 0.53083902597427379 0.98130232095718395 0.31097815930843359
decision_type=2 2 2 2 2 2 2 2 2 2 2 2 2 2 2 2 2 2 2 2 2 2 2 2 2 2 2 2 2 2
left_child=-1 2 3 4 6 -6 13 12 -9 10 11 -10 -5 -2 -15 20 17 -17 -19 -18 25 22 -22 -23 -25 -3 28 -28 29 -27
right_child=1 15 -4 7 5 -7 -8 8 9 -11 -12 -13 -14 14 -16 16 19 18 -20 -21 21 23 -24 24 -26 26 27 -29 -30 -31
leaf_value=0.0019476252429869356 -0.086996126014246111 -0.08524351753174475 -0.13380913183196694 -0.073280559244173912 0.063902401533999342 -0.081069543634702312 0.069119237410525197 0.077181010453670318 -0.16378939785553503 0.006319267450874716 -0.28027897970668075 0.012496450644612238 0.10156437137705443 -0.11227201138150229 0.029203926941236753 0.067736771006551913 -0.040854825576086655 -0.14067408236238135 0.06609435542367019 0.045061612733356946 -0.084105824713111219 -0.072679946415760574 -0.22336530578373681 0.073262140954628005 -0.062824871512351096 0.080472302880477131 0.027137774967868677 -0.050853486334170153 0.098820918373795877 -0.0032247389914672451
leaf_weight=1176.3134275211924 17.579029086336963 6.1356270086253053 4.5153433366212985 2.6404707471083411 21.696719618514184 4.6019516550004473 5.4878805060870937 2.6287878075381768 7.419420089281628 3.559542396105825 2.5091786086559287 2.2145657958462834 3.4293909161351621 2.8160339725145596 8.5609437756793323 31.091838054358959 22.879998051561415 3.6816320675425223 4.0381759814918041 12.950273374095557 6.5276601123623532 6.2933435109443989 4.3888541609048843 11.089580711675806 4.663771206571254 9.6450715329847281 20.965178349870257 29.912263757083565 10.111462888540698 49.848215427191462
leaf_count=9970 437 150 38 30 87 25 30 27 99 23 14 15 14 65 119 138 117 27 22 81 46 44 24 55 25 57 120 155 41 349
internal_value=9.96165e-05 -0.0066122 -0.0258485 -0.0201232 -0.00333775 0.0385341 -0.0353078 -0.0619073 -0.0908509 -0.118981 -0.15571 -0.123267 0.0255045 -0.0550993 -0.00581425 0.000751367 0.0201476 0.0477963 -0.032515 -0.00980172 -0.00832095 -0.0445128 -0.140093 0.00281429 0.0329737 0.00110111 0.00549827 -0.0187155 0.0231972 0.0103443
internal_weight=1500.2 323.882 89.6593 85.1439 60.7426 26.2987 34.4439 24.4014 18.3315 15.7027 12.1432 9.63399 6.06986 28.956 11.377 234.223 74.6419 38.8116 7.71981 35.8303 159.581 32.9632 10.9165 22.0467 15.7534 126.618 120.482 50.8774 69.6047 59.4933
internal_count=12444 2474 1023 985 763 112 651 222 178 151 128 114 44 621 184 1451 385 187 49 198 1066 194 70 124 80 872 722 275 447 406
is_linear=0
shrinkage=0.1


Tree=125
num_leaves=31
num_cat=0
split_feature=34 23 0 33 20 34 33 10 9 7 7 8 5 36 14 50 33 37 0 47 36 5 22 3 17 14 47 7 18 28
split_gain=1.83549 4.96764 4.67944 5.48128 3.40657 7.07819 6.2604 6.37001 4.74975 4.66117 4.30423 6.41151 4.17695 3.86482 3.72654 4.183 3.90881 3.58875 3.35352 3.32292 3.25633 3.23743 3.64249 4.2186 3.23589 4.06167 3.19608 3.11724 3.64298 3.98466
threshold=0.35880020260810858 0.28571419417858129 0.1231183484196663 0.45906794071197515 1.5000000000000002 0.69216498732566845 0.4747652411460877 0.016131633892655376 -0.061156852170824998 32.514089584350593 45.766927719116218 38.461809158325202 0.34432674944400793 0.81462007761001598 34.658607482910163 0.69798350334167492 0.70131602883338939 0.56342172622680675 0.33102232217788702 0.10634027794003488 0.31531503796577459 0.98925745487213146 -4.9999985694885245 0.86029106378555309 50.318906784057624 53.488279342651374 0.16433824598789218 54.555137634277351 -0.021232078783214089 15536.500000000002
decision_type=2 2 2 2 2 2 2 2 2 2 2 2 2 2 2 2 2 2 2 2 2 2 2 2 2 2 2 2 2 2
left_child=1 -1 19 -4 5 6 10 8 -8 14 11 12 -2 -9 16 18 17 20 24 -3 -6 27 23 -23 -16 -26 -12 28 29 -10
right_child=4 2 3 -5 9 -7 7 13 21 -11 26 -13 -14 -15 15 -17 -18 -19 -20 -21 -22 22 -24 -25 25 -27 -28 -29 -30 -31
leaf_value=-0.087261928843973879 -0.10565263437126415 0.077963840253244598 0.04054757559712803 -0.13197087869086149 -0.080983175943169491 0.095634160522750963 -0.066104243456748771 -0.11186692425272314 0.044979063829664684 3.1157313372285586e-05 -0.0049283689694487268 -0.10601195068955119 0.061630959688233691 0.09027533425603379 -0.10431855695620161 -0.16154381120565037 0.068229367785903924 -0.12414740767188737 0.081513448504913988 -0.10362204001924591 0.056095916512119953 0.072809436753291587 -0.071810731018428844 -0.045603988133904892 0.090489870165165132 -0.093135573596882515 0.11153438719336105 -0.057599097768543023 0.044067652118862023 -0.067825909266927678
leaf_weight=8.8515135850029747 1.6769594081561106 1.2220745559970989 18.289591523353014 2.047877072938717 2.8662757911370118 10.204831298906354 8.6516821939148922 7.4430209894780983 5.6964801550493487 1285.181990191224 2.9640964839491053 3.5472477685252661 13.579368766455444 1.0835244506597517 7.384606677573176 3.8302544876933089 5.2523029830772421 3.2815865110605955 1.8574616536498059 5.7464026736124652 4.3827829365618527 5.9882146320305782 8.6317055405233969 6.0465307416161522 2.4718904744368047 2.349569913931191 11.492864041414576 4.3729787690972435 42.696785449981697 6.9540016900282353
leaf_count=442 29 120 246 51 68 93 141 285 68 8598 100 118 141 5 112 20 35 21 12 366 19 87 175 82 12 28 87 128 481 274
internal_value=9.72023e-05 -0.0221597 -0.0010561 0.0231759 0.000648445 0.0154205 0.0091636 -0.00360881 0.00429836 -0.000931188 0.0466296 0.0150867 0.0432433 -0.0861794 -0.0376565 -0.0688979 -0.00223678 -0.0373827 -0.0436655 -0.071777 0.00189488 0.0118755 -0.0222388 0.0133158 -0.0627146 0.00100644 0.0876561 0.0236809 0.0301028 -0.0170301
internal_weight=1496.05 36.1575 27.3059 20.3375 1459.89 141.03 130.825 97.5649 89.0384 1318.86 33.2605 18.8036 15.2563 8.52655 33.6767 17.8938 15.7829 10.5306 14.0635 6.96848 7.24906 80.3867 20.6665 12.0347 12.2061 4.82146 14.457 59.7202 55.3473 12.6505
internal_count=12444 1225 783 297 11219 2294 2201 1726 1436 8925 475 288 170 290 327 184 143 108 164 486 87 1295 344 169 152 40 187 951 823 342
is_linear=0
shrinkage=0.1


Tree=126
num_leaves=31
num_cat=0
split_feature=45 23 45 19 50 8 22 0 9 24 3 16 23 5 17 22 17 22 23 3 47 7 1 3 39 28 33 4 7 8
split_gain=1.77341 10.9811 5.34119 6.23903 4.21754 9.38682 14.0175 8.24871 4.1505 4.08819 4.90443 3.96274 3.69149 5.47831 5.8613 6.45213 5.70227 7.13248 8.45136 11.2515 7.38202 11.3654 6.07598 5.87407 6.14277 5.41839 5.42535 5.34971 4.30833 5.82775
threshold=0.81370157003402721 1.0000000180025095e-35 0.82145604491233837 0.80058664083480846 0.99986901879310619 67.613109588623061 45.760843276977546 0.5718502700328828 0.19873093068599704 0.071428570896387114 2.6229053735733037 -0.055761719122529023 0.2173913195729256 1.1647101640701296 68.304267883300795 60.827566146850593 31.258316040039066 45.208614349365241 0.5833360254764558 1.1227399706840517 0.62812027335166942 76.996467590332045 0.17021410912275317 2.1091805696487431 0.64967530965805065 577253.00000000012 0.8214855194091798 2.0095078945159917 78.951976776123061 44.040277481079109
decision_type=2 2 2 2 2 2 2 2 2 2 2 2 2 2 2 2 2 2 2 2 2 2 2 2 2 2 2 2 2 2
left_child=4 -2 3 -3 8 9 7 -7 -1 10 11 -6 25 14 15 -14 -15 18 19 27 21 -20 -19 24 -24 26 28 -18 29 -4
right_child=1 2 12 -5 5 6 -8 -9 -10 -11 -12 -13 13 16 -16 -17 17 22 20 -21 -22 -23 23 -25 -26 -27 -28 -29 -30 -31
leaf_value=-0.00047550117266680574 -0.19086957453105288 -0.19390793696029074 0.089376261489624201 -0.0050132284254315925 0.06307899997065794 -0.20731191841449512 0.088583389088140035 -0.005802319755501318 0.040002892797940337 0.10865122023125214 0.081280895054241672 -0.080105771394712727 0.0080850732678527156 0.044490970378734361 0.077733607861213444 -0.11729905512837978 -0.10382303140948806 -0.09520847823859431 0.021599282619067451 -0.17945641320672812 0.081236801906844208 -0.18463940075081858 -0.072268122293879841 0.071327063297500562 0.07206163256271679 0.052824244238516817 -0.11911810724635881 0.051196896262982711 0.092075620364428776 -0.075893477430509074
leaf_weight=1226.6749091443708 3.257602995960041 3.2141529673244795 3.0652060285210627 3.8346582734957337 3.1718618310987949 4.6171283200383169 5.4027893338352433 3.6272937543690205 25.865217116195709 11.996684841811655 9.6524907890707237 4.9481856934726292 48.34049709152896 9.4099490155931544 10.981345245381815 4.484866961836814 4.5847757887095231 5.8144945260137346 6.5986741053638998 11.088621759437954 5.3356380541808894 4.490386825054884 9.2256070524454135 11.36871615052223 4.3342310003936282 25.43178265215829 4.1383215840905896 4.3272797837853432 4.4922303520143023 7.0201231865794398
leaf_count=10862 27 25 14 20 21 28 51 31 118 80 77 38 303 56 63 26 30 31 41 73 36 23 42 75 33 114 25 18 16 47
internal_value=8.51549e-05 -0.00880999 -0.0057143 -0.0911464 0.00142249 0.0320635 -0.0366108 -0.118654 0.000360386 0.0635461 0.0330995 -0.0241748 -0.00245095 -0.0103825 0.0112588 -0.00256002 -0.0284144 -0.0386281 -0.0685652 -0.112216 -0.0154113 -0.0619147 -0.00315771 0.0183128 -0.0261349 0.0227705 -0.0180675 -0.0285526 0.0106191 -0.0256635
internal_weight=1490.8 194.839 191.582 7.04881 1295.96 43.4164 13.6472 8.24442 1252.54 29.7692 17.7725 8.12005 184.533 140.385 63.8067 52.8254 76.5784 67.1684 36.4254 20.0007 16.4247 11.0891 30.743 24.9286 13.5598 44.1477 18.7159 8.91206 14.5776 10.0853
internal_count=12444 1138 1111 45 11306 326 110 59 10980 216 136 59 1066 850 392 329 458 402 221 121 100 64 181 150 75 216 102 48 77 61
is_linear=0
shrinkage=0.1


Tree=127
num_leaves=31
num_cat=0
split_feature=34 8 35 18 1 22 18 17 14 12 4 43 47 45 17 13 15 9 22 21 9 51 43 38 38 33 44 4 19 37
split_gain=1.75989 2.62524 2.10107 2.80551 3.58176 2.24938 2.84355 2.12732 6.90113 5.44631 4.98881 3.87253 3.31295 2.54787 2.4555 6.15419 5.96833 6.00796 4.67262 10.398 8.86013 7.85636 6.42009 5.3347 5.0349 6.83802 5.54722 7.41259 4.83526 4.43033
threshold=0.19957887381315234 10.823377132415773 0.39274752140045172 0.0038895673351362352 0.10665861889719964 -36.338975906372063 -0.030645947903394696 14.589254379272463 18.581593513488773 13.500000000000002 0.38878117501735693 0.56250000000000011 0.15432175248861316 0.51562929153442394 22.075500488281254 18.276617050170902 1.5218191742897036 0.080309383571147933 32.299150466918952 0.021358547732234005 0.028502091765403751 0.69109427928924572 0.63749998807907116 0.52515855431556713 0.41875760257244116 0.47147168219089514 0.50729861855506908 1.7726495862007143 4.5037002563476571 0.56126543879508983
decision_type=2 2 2 2 2 2 2 2 2 2 2 2 2 2 2 2 2 2 2 2 2 2 2 2 2 2 2 2 2 2
left_child=1 -1 3 4 -2 6 -4 8 9 10 -7 12 -10 -14 16 29 17 18 19 22 -21 -22 23 24 25 -9 -27 -28 -25 -16
right_child=2 -3 5 -5 -6 7 -8 14 11 -11 -12 -13 13 -15 15 -17 -18 -19 -20 20 21 -23 -24 28 -26 26 27 -29 -30 -31
leaf_value=0.078518090133114365 0.12376251452007375 -0.1100576105302969 0.0068638911907107887 0.081021117713570331 -0.09187350259774045 -0.074487478544237679 -0.17903091986449948 0.08628425456562272 -0.1702671919507468 -0.10724103944280766 0.066469006474600315 -0.14872329747014809 0.060989562346012841 -0.083841455007291843 0.021332766249858002 -0.00012705555115166036 -0.13411436707068145 0.056394539893739715 0.079038321006488874 -0.21547687114308994 -0.10178609038181147 0.07699605611793503 -0.10681824675946339 -0.074344397872549692 0.039811687291817222 0.055992354349968798 -0.091183107028492402 0.057897081777405761 0.058590957394915877 -0.11121283344337292
leaf_weight=0.96710494089347676 1.1030810392112456 3.1195285210123984 1.7106693842797542 7.0916766108712181 2.5532139302231371 3.1729757057037267 1.5855292265769083 6.0311588440672521 1.3943485672934892 3.1591118543874463 12.033007383579386 5.3451321902684867 3.072992243047338 2.0085888844914734 3.5870498580043195 1257.8171007407072 2.7491762407589695 28.317887956742197 8.1987545900046808 3.5972240697592488 6.4280257886275631 3.9797108974307775 4.4437323947204268 10.843415120412827 65.980497434618883 5.5081120915710953 14.914010483305903 4.2959889164194456 3.659575786557979 8.4913994129747135
leaf_count=21 19 358 31 58 43 42 26 50 37 56 106 40 30 22 38 9862 18 129 36 34 37 16 28 440 586 46 133 29 27 46
internal_value=0.000102238 -0.065431 0.000282816 0.0443361 -0.0268175 -3.87729e-05 -0.0825548 0.000146376 -0.0261263 0.0122345 0.0370561 -0.0857233 -0.033724 0.00374243 0.000697562 -0.000809235 0.0120234 0.0144408 0.0058243 0.00119554 -0.0801845 -0.0334234 0.0110482 0.015757 0.0242368 -0.00918312 -0.0324769 -0.0578439 -0.0408005 -0.0718495
internal_weight=1487.16 4.08663 1483.07 10.748 3.65629 1472.33 3.2962 1469.03 30.1862 18.3651 15.206 11.8211 6.47593 5.08158 1438.84 1269.9 168.947 166.198 137.88 129.681 14.005 10.4077 115.676 111.233 96.7298 30.7493 24.7181 19.21 14.503 12.0784
internal_count=12444 379 12065 120 62 11945 57 11888 333 204 148 129 89 52 11555 9946 1609 1591 1462 1426 87 53 1339 1311 844 258 208 162 467 84
is_linear=0
shrinkage=0.1


Tree=128
num_leaves=31
num_cat=0
split_feature=35 7 3 39 39 36 37 4 5 51 35 10 24 39 15 16 28 11 2 4 37 2 45 17 15 38 1 39 3 28
split_gain=1.82563 4.81218 6.65704 5.27929 4.66532 3.99469 4.34559 6.02628 5.13011 9.03342 5.85248 5.28391 4.56666 6.5208 4.48682 6.6536 4.04705 5.08481 3.81924 8.09184 9.29945 7.6145 8.73521 12.3627 8.40674 9.96349 7.5624 6.42703 5.81195 14.7259
threshold=0.69122862815856945 87.793846130371108 2.1484701633453374 0.16089405119419101 1.0000000180025095e-35 0.63476538658142101 0.58748385310173046 4.6473534107208261 0.60295161604881298 0.80172866582870495 0.85639086365699779 0.0022346395999193196 0.52000001072883617 0.48189650475978857 0.075202416628599181 0.11781371757388116 1768395.0000000002 0.53083902597427379 0.2518009245395661 3.3177478313446049 0.59049791097641002 0.31588141620159155 0.43690066039562231 65.720516204833999 0.45552368462085729 0.43331103026866918 0.27589508891105657 0.73780906200408947 2.0367124080657963 76356896.000000015
decision_type=2 2 2 2 2 2 2 2 2 2 2 2 2 2 2 2 2 2 2 2 2 2 2 2 2 2 2 2 2 2
left_child=1 -1 3 -3 -2 18 7 12 10 16 -8 -12 13 14 -7 -16 -10 -18 28 21 -21 22 27 24 25 -24 -25 -20 29 -6
right_child=4 2 -4 -5 5 6 8 -9 9 -11 11 -13 -14 -15 15 -17 17 -19 19 20 -22 -23 23 26 -26 -27 -28 -29 -30 -31
leaf_value=-0.0017369401098430261 0.045326394500009463 0.022161482567001376 0.053546715734402055 -0.13461278868205775 0.018227665298981524 0.078919567179498551 0.084494139901500787 -0.084417325672656571 -0.022763879824208976 0.037257950747384805 0.053521490676731003 -0.12246837383701499 -0.058578312196882122 0.092017112436656334 -0.12077535080048429 0.030524314505692457 -0.21961509804658907 -0.064043792538649016 0.059414524531689154 -0.19412246773560449 0.034454731748258249 0.0048473908252662174 -0.23656892858212061 0.093249902092379905 -0.0051096729619007969 -0.084525234206447031 -0.052531902444723645 -0.098195728636330248 -0.026266118749531421 -0.14686209830250135
leaf_weight=892.51658386956115 26.69180291518569 2.8467986946925512 3.9953632511897004 8.7499400153756124 198.20782964324462 7.3326689708046642 11.759449109435083 3.6162130758166304 9.9008331112563628 14.116880539804695 3.5151216406375161 3.3147659786045551 3.6343545634299508 25.17852083267644 4.3023170121014109 8.9593523256480676 3.0868287868797761 6.5781816858798265 11.807487310026771 4.9708119686692944 2.7726944573223591 133.625109086046 6.927307413890964 6.0713498848490408 5.9428405109792939 11.407238803571088 8.5970943425782007 3.3132786224596193 44.22258585691452 5.554478149075293
leaf_count=8778 178 16 22 67 1291 47 68 18 60 105 36 23 21 175 20 46 19 38 76 31 24 777 40 26 34 67 38 25 239 39
internal_value=9.33131e-05 -0.0026991 -0.0577745 -0.0961274 0.0045003 0.00251435 0.0200237 0.0401944 -0.000436871 -0.0237101 0.0417328 -0.0318921 0.049315 0.0578817 0.0161479 -0.0185599 -0.067699 -0.11373 -0.00164347 -0.0120977 -0.112277 -0.00796466 -0.0396295 -0.064675 -0.108469 -0.141972 0.00780799 0.0248788 0.00659543 0.0137274
internal_weight=1483.52 908.109 15.5921 11.5967 575.407 548.716 105.295 53.0234 52.2721 33.6827 18.5893 6.82989 49.4072 45.7729 20.5943 13.2617 19.5658 9.66501 443.42 195.435 7.74351 187.692 54.0666 38.9458 24.2774 18.3345 14.6684 15.1208 247.985 203.762
internal_count=12444 8883 105 83 3561 3383 676 327 349 222 127 59 309 288 113 66 117 57 2707 1138 55 1083 306 205 141 107 64 101 1569 1330
is_linear=0
shrinkage=0.1


Tree=129
num_leaves=31
num_cat=0
split_feature=34 22 35 33 34 34 35 11 19 12 13 33 47 7 17 16 23 35 47 5 35 51 44 34 8 18 21 39 7 22
split_gain=1.83717 5.94121 5.97608 4.14087 8.60791 9.99623 7.07094 6.60747 6.57537 6.541 9.26989 7.91565 6.52547 9.5439 12.0727 6.48812 6.36248 6.13169 10.9238 9.03081 6.12902 6.26779 7.55658 5.94112 6.31152 5.72069 5.39019 5.27675 5.1921 4.95433
threshold=0.99578979611396801 9.0909094810485858 0.55688637495040905 0.63265511393547069 0.50833505392074596 0.70454031229019176 0.78420677781105053 0.90369811654090892 3.4249986410140996 7.5000000000000009 20.666532516479496 0.73531740903854381 0.30466380715370184 79.696392059326186 37.446771621704109 -0.019245228730142113 0.84796366095542919 0.64661318063735973 0.36597409844398504 0.34432674944400793 0.63303184509277355 0.52558386325836193 0.73494651913642894 0.88329285383224498 76.589561462402358 0.061284171417355544 0.021031631156802181 0.99999997019767772 66.576606750488295 15.63068199157715
decision_type=2 2 2 2 2 2 2 2 2 2 2 2 2 2 2 2 2 2 2 2 2 2 2 2 2 2 2 2 2 2
left_child=3 2 -2 -1 17 -6 9 25 23 12 -11 15 16 14 29 -12 26 18 20 -20 21 -5 -23 -9 -25 28 27 -7 -8 -14
right_child=1 -3 -4 4 5 6 7 8 -10 10 11 -13 13 -15 -16 -17 -18 -19 19 -21 -22 22 -24 24 -26 -27 -28 -29 -30 -31
leaf_value=0.0020365591614566808 -0.12087705051522289 0.0028942869173982865 0.070071827835671757 0.068850740109097114 -0.11668477916942838 -0.055699049854950881 0.0088571990700928669 -0.10926929018152509 -0.16610627834743505 -0.14356867730160225 -0.018231495722171889 -0.048156238736438088 0.068507661130090935 0.1011260081641796 -0.097257455872392984 0.086413502456911206 -0.20093879145990839 0.061028146010686228 0.011358512822389283 -0.20487594774519335 0.11832227567138842 -0.090663932164863306 0.021073180203059906 0.063212579501997115 -0.057413092334811615 0.046139597157187393 -0.1207626602011474 0.083001158437373018 -0.069873832497838614 -0.040025737096338602
leaf_weight=756.79743741504353 1.7764397710561777 373.62068846076727 21.186416033655405 10.643158135120755 10.285094152903183 23.479455917229647 46.497384951100685 5.8845199998468223 3.6870610527694216 4.1109022083692244 9.4734844450722431 13.268023363139944 9.4920483708847332 5.575359718874096 17.848013577284291 15.817484623752536 3.7487840718822545 23.421808672137558 3.4579161098226896 4.3751824584323913 5.4357963874936095 9.9282518381369318 15.503904693061484 9.2984332134947199 8.1304419750813377 34.882244802080095 11.777250383398494 3.1057326550362623 10.216785092605276 7.5522751733660689
leaf_count=7822 9 1810 160 83 274 323 380 51 22 48 108 127 44 25 155 85 60 114 19 35 14 87 65 38 53 168 137 18 76 34
internal_value=0.000105088 0.00592865 0.0552997 -0.00202607 -0.0114315 -0.0201147 -0.0160414 0.00145827 -0.0420162 -0.0326118 -0.000820401 0.0143985 -0.0490389 -0.0203631 -0.0397755 0.0472156 -0.0765955 0.018894 -0.00110541 -0.109419 0.0193333 0.00441774 -0.022547 -0.0223911 0.00694159 0.0142735 -0.0644447 -0.0394958 -0.00532582 0.0204169
internal_weight=1480.28 396.584 22.9629 1083.69 326.897 254.131 243.846 118.597 27.0005 125.249 42.6699 38.559 82.5789 40.4677 34.8923 25.291 42.1112 72.766 49.3442 7.8331 41.5111 36.0753 25.4322 23.3134 17.4289 91.5964 38.3624 26.5852 56.7142 17.0443
internal_count=12444 1979 169 10465 2643 2226 1952 788 164 1164 368 320 796 258 233 193 538 417 303 54 249 235 152 142 91 624 478 341 456 78
is_linear=0
shrinkage=0.1


Tree=130
num_leaves=31
num_cat=0
split_feature=15 9 36 34 23 0 33 20 35 9 2 36 16 39 33 34 23 14 34 2 37 10 13 24 5 51 24 18 39 35
split_gain=1.79035 2.86717 2.70945 1.84921 3.9355 3.88993 4.52453 2.81795 6.63168 5.14086 4.87486 6.412 6.08981 5.11294 4.7967 5.9306 4.2857 4.20076 4.00066 4.01372 4.1921 3.82085 3.7 3.60496 6.84749 3.46075 4.02855 3.243 3.22846 3.10735
threshold=-1.7153766155242918 0.026824596337974075 0.43872728943824774 0.35880020260810858 0.28571419417858129 0.1231183484196663 0.45906794071197515 1.5000000000000002 0.50634530186653148 -0.037360874935984605 0.14580304175615313 0.34158381819725042 -0.23491611331701276 0.15384616702795031 0.5047706961631776 0.69216498732566845 0.8571428954601289 21.291996955871586 0.4496415257453919 0.39799614250659948 0.57204657793045055 -0.10532216355204581 23.638820648193363 0.0060015846975147733 0.4929244220256806 0.3769539892673493 0.5137012004852296 -0.079964611679315553 0.45000000298023229 0.50001952052116405
decision_type=2 2 2 2 2 2 2 2 2 2 2 2 2 2 2 2 2 2 2 2 2 2 2 2 2 2 2 2 2 2
left_child=1 2 -1 4 -2 -6 -7 8 9 16 11 12 -11 -13 27 17 21 -16 19 20 -9 -5 -19 -12 -25 -24 -27 -10 -26 -14
right_child=3 -3 -4 7 5 6 -8 18 14 10 23 13 29 -15 15 -17 -18 22 -20 -21 -22 -23 25 24 28 26 -28 -29 -30 -31
leaf_value=-0.095028006962577544 -0.085709050429366246 0.07143612197224801 0.014556955418241474 0.062502560133379889 -0.07036755997733446 0.035537133418543879 -0.12998346596963414 -0.12469593554296571 -0.029070687215146648 0.096147500816191056 0.069654043516937478 -0.089823367209595328 -0.10754277197217502 0.046694872976446533 -0.11447291454843651 0.089516944037552976 -0.19835870713001397 0.10305322639198321 0.0001172867837118657 0.10116673509173515 -0.01158557492020691 -0.073943020755874209 0.038684820719957963 0.079356372794267035 -0.13789281189011235 -0.091075401399738659 0.077335416279499067 0.078305728764637511 -0.0027475522247972822 0.045201819114365091
leaf_weight=6.9201372070820053 7.6787711566430508 2.0050979666411868 3.3476722724735737 2.7808932310435912 6.5300329091114717 16.837368796986997 1.8310625636950124 6.8104442898184043 3.1346655761590254 2.0073760413215451 15.514440741855653 3.3703787790145752 11.974275224754821 14.747370156692339 3.5625958236050854 7.1926521579734972 1.9827559313271184 3.1384080630086855 1279.2242555865378 1.524115637410431 6.3147846413776278 7.8332593953819005 6.6009835807490154 5.7176420263713208 3.4068197794258595 7.0345432852045615 1.7797570871189234 27.388090160326101 3.6738158285152167 1.4985365922329936
leaf_count=154 438 19 27 21 486 240 50 156 45 20 89 46 791 105 69 75 33 36 8556 9 47 220 58 63 71 217 15 217 32 39
internal_value=9.42658e-05 -0.0379404 -0.0592994 0.00041375 -0.0230341 -0.0039351 0.0193023 0.000953517 0.0147388 -0.00517145 0.00667715 -0.0190821 -0.0663433 0.0212989 0.0395327 0.010638 -0.0634044 -0.015015 -0.000477766 -0.0524396 -0.0702765 -0.0381945 0.00408249 0.0372449 -0.00204236 -0.016067 -0.0570704 0.0672782 -0.0677722 -0.0905535
internal_weight=1473.36 12.2729 10.2678 1461.09 32.8772 25.1985 18.6684 1428.21 134.339 74.5076 61.9107 33.5979 15.4802 18.1177 59.8317 29.3089 12.5969 22.1163 1293.87 14.6493 13.1252 10.6142 18.5537 28.3127 12.7983 15.4153 8.8143 30.5228 7.08064 13.4728
internal_count=12444 200 181 12244 1214 776 290 11030 2262 1530 1256 1001 850 151 732 470 274 395 8768 212 203 241 326 255 166 290 232 262 103 830
is_linear=0
shrinkage=0.1


Tree=131
num_leaves=31
num_cat=0
split_feature=1 33 7 39 6 36 36 3 50 50 17 9 23 36 10 35 4 48 17 43 24 23 35 6 7 45 14 2 35 50
split_gain=1.72571 2.98632 3.42099 5.006 3.36831 3.28564 4.3075 3.73015 4.3698 7.35103 4.67461 4.48614 4.54372 4.31871 4.17168 6.30303 3.88444 3.68837 3.4264 4.71622 3.28605 3.50984 3.12568 2.98888 2.94809 3.24641 2.78726 2.74883 5.56581 8.18176
threshold=0.078363236039876952 0.8641614317893983 67.015792846679702 0.016287669539451603 72.46069717407228 0.18826825171709063 0.13347759097814563 0.6515009105205537 0.56080180406570446 0.58623149991035473 29.129330635070804 0.013481282629072668 0.38461543619632726 0.40203106403350836 -0.007951611187309025 0.57537493109703075 0.99528351426124584 0.15000000223517421 37.65974426269532 0.33749999105930334 0.5137012004852296 0.79879832267761242 0.55093714594841015 69.549446105957045 29.549001693725589 0.43690066039562231 53.761674880981452 0.092598367482423796 0.51582151651382457 0.70461189746856701
decision_type=2 2 2 2 2 2 2 2 2 2 2 2 2 2 2 2 2 2 2 2 2 2 2 2 2 2 2 2 2 2
left_child=1 2 5 -4 -5 6 18 20 10 22 13 12 -11 -9 -13 -16 17 -14 19 -1 21 -7 -10 -17 -12 -26 -20 28 -2 -30
right_child=27 -3 3 4 -6 7 -8 8 9 11 24 14 16 -15 15 23 -18 -19 26 -21 -22 -23 -24 -25 25 -27 -28 -29 29 -31
leaf_value=0.18294766451734723 -0.020659747364392723 0.057038884742403956 0.11224062719675193 -0.14422375164063306 -0.038494924496588173 0.071000250245775332 -0.12733329652895159 -0.078867978502431144 0.1030648090710221 -0.073675296678085464 0.085760358625048952 0.012235917856121275 0.039958396734383408 0.03797931306432703 -0.14954757616002934 -0.084983181327431545 0.079809807856510498 -0.055616042933976387 0.07609636720640281 -0.087243523915897347 -0.077245857625208872 -0.036333895288286143 0.013548894891337149 0.033099136127053563 -0.028025283244998096 -0.1368038569336085 -0.10666037920443104 -0.00038612329768628983 0.046340483397105017 -0.0080976315755797532
leaf_weight=0.71391083428170699 35.476812960521784 6.4048637023661277 1.5152854456100602 4.9696929682395403 7.6537120116408914 15.284465985401772 4.9267447266247464 4.9133759783289888 8.7408422972075623 5.3185588237829533 0.91925939692009606 7.7412188183516291 9.3676193077117258 8.8796787826577184 6.8212142842821768 3.9525819364935142 9.2276985729113203 7.0969604467973104 4.5001123721740441 6.7941553527853102 2.2867442865972398 3.8050057121145064 7.044347630813717 4.6835877560079098 4.1509388263948486 8.0920334170805273 1.0244916592346269 1159.7976378552848 69.261011533642886 45.907863473519683
leaf_count=4 528 51 13 86 72 159 281 182 48 28 19 33 44 78 45 24 44 35 151 586 30 44 38 21 80 171 106 8736 489 218
internal_value=7.81108e-05 -0.00983534 -0.0126828 -0.0595034 -0.0801192 -0.00782543 -0.0476801 -0.00177633 -0.0101134 0.00306146 -0.0443245 -0.0144261 0.0104552 -0.00364415 -0.0476863 -0.077696 0.0278711 -0.0012384 -0.0175688 -0.0615522 0.0360358 0.0496059 0.0631172 -0.0209445 -0.0869546 -0.0999228 0.0422057 0.00126452 0.0139725 0.0246407
internal_weight=1467.27 156.829 150.424 14.1387 12.6234 136.286 17.9594 118.326 96.9499 69.9946 26.9553 54.2094 31.0108 13.7931 23.1986 15.4574 25.6923 16.4646 13.0327 7.50807 21.3762 19.0895 15.7852 8.63617 13.1622 12.243 5.5246 1310.44 150.646 115.169
internal_count=12444 2473 2422 171 158 2251 1128 1123 890 360 530 274 151 260 123 90 123 79 847 590 233 203 86 45 270 251 257 9971 1235 707
is_linear=0
shrinkage=0.1


Tree=132
num_leaves=31
num_cat=0
split_feature=5 22 51 24 17 33 12 43 14 43 4 1 50 0 7 34 19 0 28 3 51 19 3 21 9 44 3 35 43 38
split_gain=1.65549 2.81985 3.51611 2.60269 1.99483 4.73161 4.44028 4.14098 3.35479 2.77564 2.73466 2.37813 2.35184 5.84073 6.06297 5.55063 6.28672 5.23027 5.03189 6.07937 4.88072 4.60941 4.31984 4.09419 3.94066 4.09076 4.2981 3.84635 4.91808 3.83325
threshold=7.4598934650421151 45.208614349365241 0.82015949487686168 0.13750001043081286 14.589254379272463 0.45232890546321874 13.500000000000002 0.61250001192092907 18.102231025695804 0.56250000000000011 0.40825738012790685 0.087399467825889601 0.50691261887550365 0.25955276191234594 58.382324218750007 0.91770660877227794 -1.1195428967475889 0.17589507251977923 316519760.00000006 0.68322962522506725 0.53546655178070079 2.4419566392898564 0.57811674475669872 0.015416591893881561 -0.070441175252199159 0.6353915035724641 1.5485165715217593 0.51879641413688671 0.61250001192092907 0.39731124043464666
decision_type=2 2 2 2 2 2 2 2 2 2 2 2 2 2 2 2 2 2 2 2 2 2 2 2 2 2 2 2 2 2
left_child=4 2 3 -2 5 -1 7 8 10 11 -7 -10 13 14 18 20 17 -17 19 21 23 22 -6 -16 25 -14 -27 28 -21 -15
right_child=1 -3 -4 -5 12 6 -8 -9 9 -11 -12 -13 24 29 15 16 -18 -19 -20 27 -22 -23 -24 -25 -26 26 -28 -29 -30 -31
leaf_value=-0.15332067397882831 -0.10392199931151923 -0.10364174146680966 0.093804817911893379 0.016902050903127391 0.0099554251348936643 -0.046701572901549221 -0.10491343803216405 -0.118072870742886 -0.089222657368919656 -0.13520279458832857 0.077559753520817287 0.049507374411012911 0.083302472920652237 0.092533199829197499 -0.066877554137856343 0.044792421947466202 0.067923100820469304 -0.14814046536546993 0.19362068674181404 -0.098214552806964575 -0.11011875018810507 -0.056114072669237659 0.090155577568064083 0.082793919140793204 0.0018577373011937606 -0.076994837576297492 0.074813009924246152 -0.015840665087398353 0.099548328142955972 0.0072398210985593616
leaf_weight=2.6385043095797327 3.4473976479639514 4.1228509098291388 2.6307101771235466 3.6924113514833152 35.710325599226053 2.1731946051586517 4.3563836138346224 2.4026650032028547 1.8311112403462164 1.9066318930126724 9.5707991945091617 3.7997579572256655 12.030554336961361 5.7330023031681767 5.5018012449436373 2.2777428247500211 6.5268212935188767 3.6676342720165849 1.2254093124065537 13.537462593492817 17.961108131392393 8.3235697249183414 8.2718023838460777 2.7367533098440617 1197.8767901937244 4.2580872410908333 3.3185768146067858 25.319312909909058 1.3862636457779434 65.116313217760762
leaf_count=67 31 23 12 28 1246 33 64 16 32 18 83 38 72 22 305 22 43 30 3 709 590 266 214 25 7225 26 20 515 21 645
internal_value=6.66968e-05 -0.0342881 -0.00502305 -0.0414368 0.000395995 -0.0257155 -0.0127861 0.00572239 0.0211485 -0.0309177 0.0545655 0.00439354 0.000923066 -0.00903348 -0.0214305 -0.0547476 0.000162162 -0.0742256 -0.00769076 -0.0103563 -0.0808871 0.0121247 0.0250388 -0.0171584 0.00258561 0.0470539 -0.010503 -0.0395758 -0.0798444 0.0141416
internal_weight=1463.35 13.8934 9.77052 7.13981 1449.46 28.679 26.0405 21.6842 19.2815 7.5375 11.744 5.63087 1420.78 203.295 132.446 38.6719 12.4722 5.94538 93.7741 92.5487 26.1997 52.3057 43.9821 8.23855 1217.48 19.6072 7.57666 40.243 14.9237 70.8493
internal_count=12444 94 71 59 12350 351 284 220 204 88 116 70 11999 4656 3989 1015 95 52 2974 2971 920 1726 1460 330 7343 118 46 1245 730 667
is_linear=0
shrinkage=0.1


Tree=133
num_leaves=31
num_cat=0
split_feature=16 0 2 0 21 50 51 10 9 35 28 4 38 36 38 38 39 47 5 2 24 1 28 8 17 50 4 8 33 6
split_gain=1.74206 5.16793 4.31477 7.14525 10.3532 5.73814 5.72552 7.33652 6.09435 6.06876 8.87376 5.89711 5.72137 7.40598 6.61417 5.89894 5.83352 6.58887 5.34435 4.91223 4.66403 4.65302 5.47322 4.47114 5.4501 5.02845 5.00773 4.81578 4.4668 5.03364
threshold=-0.0024882354773581024 0.26583847403526312 0.2518009245395661 0.32670763134956365 0.063542176038026824 0.44019541144371038 0.95463690161705028 0.014555505942553284 0.029606102965772155 0.8303072750568391 2761458.0000000005 0.34184502065181738 0.46752090752124792 0.11017530784010889 0.46994358301162725 0.39534997940063482 0.93242591619491588 0.31868821382522589 3.603367924690247 0.248823918402195 0.068452380597591414 0.41710700094699865 768293.00000000012 75.420196533203139 39.934072494506843 0.56789252161979686 0.40286427736282354 73.781871795654311 0.84020236134529125 67.396957397460952
decision_type=2 2 2 2 2 2 2 2 2 2 2 2 2 2 2 2 2 2 2 2 2 2 2 2 2 2 2 2 2 2
left_child=1 -1 5 4 6 -2 7 23 9 10 11 -9 13 15 -14 -5 17 -16 -15 -7 -13 -17 -23 24 -4 26 -26 -28 29 -10
right_child=2 -3 3 12 -6 19 -8 8 28 -11 -12 20 14 18 16 21 -18 -19 -20 -21 -22 22 -24 -25 25 -27 27 -29 -30 -31
leaf_value=-0.0099004499529967097 -0.047580901667353612 0.017929421221753287 0.056464759520417712 0.054185649270001503 -0.22315899446012774 0.0070893765471500211 0.11640971658900863 -0.16676803088522071 -0.063215927575372574 0.063132448924197934 -0.16825841234230032 0.097117294377813468 -0.15684284154998204 0.033716897347394567 -0.16943856592697565 -0.11726569340181414 0.047466005740786403 -0.019974248302933116 -0.042717387922224417 0.082603713836528536 -0.068542475740131822 -0.068988627000749966 0.041462569572294633 0.080788092599878111 0.075005016996671586 -0.12015460504631914 -0.12699833777704295 0.077449153091139089 0.0088458867614330961 -0.17849713845682447
leaf_weight=380.79753663114388 19.058277780452045 80.902132331393659 7.2364044087007704 6.8696516472846261 2.8129132166504851 685.54739172867266 2.6598320640623561 1.7390478756278769 6.9864499198738512 5.7142929396359241 4.8648031847551456 4.7527954412507825 3.4317478016018859 94.484731063246727 3.1196852517314246 7.3678902834653881 12.426392649300395 54.039078971982235 10.128448851406572 8.7239117587450874 2.6455148568784352 10.844194009900095 7.6523764692246905 6.0711455185664809 4.4156712406547758 6.0365103483200064 3.9591526736039668 1.6250254374463109 2.942747563822194 8.2723440467379969
leaf_count=4045 844 568 46 28 15 5175 13 20 63 40 51 29 17 448 48 39 92 372 60 27 53 56 31 40 43 34 60 10 15 62
internal_value=5.39033e-05 -0.00502391 0.00240673 -0.00803883 -0.0350569 0.00655226 -0.0274897 -0.0331801 -0.0622335 -0.023714 -0.0591561 -0.00106914 0.00130283 0.0133273 -0.0213156 -0.0281848 -0.0146318 -0.0281319 0.0263167 0.00803826 0.0378801 -0.0500625 -0.0232929 0.00436248 -0.0155746 -0.0480824 -0.00457522 -0.067503 -0.103959 -0.125714
internal_weight=1458.13 461.7 996.428 283.099 72.7347 713.33 69.9217 67.2619 37.918 19.7165 14.0022 9.13736 210.364 137.347 73.0169 32.7341 69.5852 57.1588 104.613 694.271 7.39831 25.8645 18.4966 29.3439 23.2728 16.0364 9.99985 5.58418 18.2015 15.2588
internal_count=12444 4613 7831 1785 594 6046 579 566 333 193 153 102 1191 662 529 154 512 420 508 5202 82 126 87 233 193 147 113 70 140 125
is_linear=0
shrinkage=0.1


Tree=134
num_leaves=31
num_cat=0
split_feature=50 50 39 45 2 45 37 9 23 3 36 3 17 16 6 35 15 6 0 3 34 33 4 36 11 19 34 11 23 19
split_gain=1.68242 6.97663 7.09731 7.11678 6.91357 5.94122 5.31534 9.26061 6.65039 4.75011 4.4487 8.39815 5.68917 7.12618 5.88884 6.16235 6.03407 5.67281 5.60277 5.52547 6.71211 5.67719 7.70064 5.7372 6.46527 5.71148 5.49203 5.45274 6.05416 5.93753
threshold=0.65571194887161266 0.68855392932891857 0.34866102039814001 0.5400080978870393 0.074566524475812926 0.66003301739692699 0.57559767365455639 0.04452848248183728 0.55447986721992504 0.94936007261276256 0.21032182872295382 2.2730075120925908 38.254722595214851 1.4565486311912539 69.549446105957045 0.65508180856704723 -0.018125304952263829 52.067354202270515 0.090788953006267561 1.3653342723846438 0.87048718333244335 0.69830316305160534 0.80960750579833995 0.37389756739139562 0.88601797819137584 -4.9124641418457022 0.97015848755836498 0.49386331439018255 0.57142865657806408 7.5012316703796396
decision_type=2 2 2 2 2 2 2 2 2 2 2 2 2 2 2 2 2 2 2 2 2 2 2 2 2 2 2 2 2 2
left_child=10 2 3 -2 -4 -5 7 -6 -9 -7 11 12 14 -14 15 -1 17 -17 -13 21 27 25 -23 26 -25 -12 -24 29 -29 -21
right_child=1 -3 4 5 6 9 -8 8 -10 -11 19 18 13 -15 -16 16 -18 -19 -20 20 -22 22 23 24 -26 -27 -28 28 -30 -31
leaf_value=-0.039678977802666347 0.079975655664019846 0.00041271459990309834 0.027709543035138132 -0.087314011762729238 -0.01083506186638631 0.069030293233983062 -0.12767089243763644 -0.16279477438253184 -0.020086132329390986 -0.06247325008300323 -0.061479708661080282 -0.078063868900002997 0.0058750372148125857 -0.093489611357990512 -0.10041263641991674 0.0042286866813689922 0.051675571119283427 -0.13442285562121917 0.10075812070874685 0.01321581177407531 0.025155128569151714 0.025425807475905671 -0.14479980057280945 0.041136071444872302 -0.079308099101381674 0.025752511296638039 -0.029684493873159724 -0.062773781021138064 -0.0028540575593609245 -0.069871122039862704
leaf_weight=62.491991802591656 9.7692109690979141 558.72774986363947 9.6390060158446413 8.5607545264065283 24.765706047415733 7.6556307123973948 10.591053476557134 9.1786684263497573 5.0687914192676535 4.2838408043608069 7.7351848985417737 2.0923515660397234 148.87461844646896 7.5853510799352071 10.397500912134999 10.683371368213555 18.486826944397762 4.0769579940242684 10.774709343095308 66.331621890305541 54.737785779521801 33.392737087793648 7.8896214624401209 11.914347185753288 7.1200793725438407 253.05722722387873 8.7307255510240775 38.371518277737778 30.081321230274625 9.8822021709056553
leaf_count=2227 39 2728 44 38 115 31 64 57 26 23 160 64 2452 101 144 240 213 81 65 474 271 190 67 64 37 1806 42 329 183 69
internal_value=5.16751e-05 -0.00373966 -0.0296583 0.00973491 -0.0497857 -0.0237377 -0.0648445 -0.0477887 -0.112024 0.0218473 0.00310583 -0.00720025 -0.0110653 0.00105773 -0.0289363 -0.0211738 0.0136089 -0.0340683 0.0716793 0.00846998 -0.0046714 0.0164146 -0.00908238 -0.0414013 -0.00391767 0.0231652 -0.0843293 -0.0159569 -0.0364423 0.00244241
internal_weight=1452.95 648.24 89.5127 30.2694 59.2432 20.5002 49.6042 39.0132 14.2475 11.9395 804.708 275.464 262.597 156.46 106.137 95.7391 33.2472 14.7603 12.8671 529.244 199.404 329.84 69.0475 35.6548 19.0344 260.792 16.6203 144.667 68.4528 76.2138
internal_count=12444 3165 437 131 306 92 262 198 83 54 9279 5587 5458 2553 2905 2761 534 321 129 3692 1326 2366 400 210 101 1966 109 1055 512 543
is_linear=0
shrinkage=0.1


Tree=135
num_leaves=31
num_cat=0
split_feature=47 4 9 50 35 17 34 38 43 33 10 44 44 38 36 19 36 2 36 35 17 19 19 35 25 44 51 45 19 8
split_gain=1.6308 2.77614 2.61301 2.09547 2.07854 2.12732 1.94372 1.80605 5.37679 3.89644 5.79457 4.25983 4.15657 4.73917 4.125 4.03639 4.58838 3.57065 4.28972 3.94204 3.92919 7.23377 5.08322 4.74831 3.86569 3.69355 3.85464 3.56315 3.52349 3.51785
threshold=0.09564820304512979 0.75711607933044445 0.012985699344426395 0.52811402082443248 0.49994093179702764 20.916657447814945 0.99998527765274059 0.53794223070144664 0.58750000596046459 0.74752962589263927 0.030369670130312446 0.92083480954170238 0.83161738514900219 0.58519169688224804 0.17464686185121539 4.4387097358703622 0.99987664818763744 0.14885131269693377 0.11868661642074586 0.50634530186653148 30.10809421539307 10.244598865509035 9.4972248077392596 0.64661318063735973 1.0000000180025095e-35 0.79080003499984752 0.32167796790599829 0.6284395456314088 4.561774969100953 64.582229614257827
decision_type=2 2 2 2 2 2 2 2 2 2 2 2 2 2 2 2 2 2 2 2 2 2 2 2 2 2 2 2 2 2
left_child=1 3 4 6 -3 -6 -1 -2 17 10 12 14 13 -10 -11 16 -12 20 28 25 21 23 -22 -9 29 26 -20 -25 -19 -21
right_child=7 2 -4 -5 5 -7 -8 8 9 11 15 -13 -14 -15 -16 -17 -18 18 19 24 22 -23 -24 27 -26 -27 -28 -29 -30 -31
leaf_value=-0.062444206518682446 0.0015839158656924081 -0.10823730890823949 -0.11816621408995057 -0.13632891400576516 -0.11052923955734517 0.068118526393467604 0.10628434987095321 -0.034553825980987225 -0.1172870951310076 -0.066662558459879714 -0.11551673280743763 -0.12975758504805726 0.027469827717156836 0.069984566393123573 0.065261411865156854 -0.21154065876573022 0.10839401617260505 -0.067855777500098843 0.034033661956602554 0.048170176888484052 0.018437533602164935 0.10776550536579209 -0.099611127817588352 -0.075683924709184128 0.087217449546630244 0.1174683869018661 -0.14439272185260127 -0.22748493800367289 0.083966694414924214 -0.068789293520443343
leaf_weight=3.6308521215250975 1288.6241423843894 0.96600717848923334 1.426779029483441 3.2398031370248646 0.7488004837068728 6.0687633615743835 0.84085696376860131 12.883779786388919 6.2256911240692734 3.3809387400397082 5.4825864637969044 2.084287100005894 7.4075089108082466 1.7259472322766667 7.9278740345034748 3.4610276520252228 1.0985646704211829 7.4708631502289773 2.0528892659349358 8.467689271958081 32.932670055815834 2.6193377561867228 4.102028176188468 3.6293326668674117 16.231759552960284 1.3090382265218066 2.951643244450679 2.6940717531833798 1.9218586594797669 3.6932515727821729
leaf_count=413 8771 100 57 77 36 125 9 529 156 63 147 18 47 49 51 19 7 425 29 86 748 17 32 87 137 14 97 25 15 58
internal_value=4.02674e-05 -0.0308216 0.00624035 -0.075087 0.0290449 0.0484969 -0.0307166 0.000405374 -0.0103082 -0.0420362 -0.0650486 0.00160905 -0.0264286 -0.0766387 0.0258208 -0.124117 -0.0781402 0.00164662 0.0231615 0.0393868 -0.0144724 -0.0481273 0.00536226 -0.0693869 0.0552792 -0.0320829 -0.0712011 -0.140358 -0.0367912 0.0126498
internal_weight=1447.3 16.9219 9.21035 7.71151 7.78357 6.81756 4.47171 1430.38 141.755 38.7944 25.4013 13.3931 15.3591 7.95164 11.3088 10.0422 6.58115 102.96 44.099 34.7063 58.8612 21.8265 37.0347 19.2072 28.3927 6.31357 5.00453 6.3234 9.39272 12.1609
internal_count=12444 817 318 499 261 161 422 11627 2856 557 425 132 252 205 114 173 154 2299 861 421 1438 658 780 641 281 140 126 112 440 144
is_linear=0
shrinkage=0.1


Tree=136
num_leaves=31
num_cat=0
split_feature=44 14 43 12 28 47 19 34 50 28 23 11 39 10 7 22 9 38 35 13 3 4 6 35 48 22 48 2 7 19
split_gain=1.66539 5.16452 4.18954 6.64411 6.36073 4.28862 7.76993 5.66763 7.32959 5.76006 7.6649 5.95917 5.43348 4.93665 5.35747 6.52336 4.731 4.22988 4.1816 6.24101 4.03211 3.95485 3.93177 3.66489 3.57892 3.50419 3.43173 3.41284 3.28597 3.16923
threshold=0.87007519602775585 78.672073364257827 0.58750000596046459 19.500000000000004 423.00000000000006 0.50012505054473888 0.061592832207679755 0.54287734627723705 0.86752414703369152 5922598.0000000009 0.55048438906669628 1.096404016017914 0.95176798105239879 0.060110213235020644 77.340099334716811 20.469002723693851 0.066611159592866911 0.55457189679145824 0.54871660470962536 43.594099044799812 0.92310780286788952 3.529402613639832 84.731491088867202 0.72459000349044811 0.35000000894069677 41.476922988891609 0.15000000223517421 0.13599489629268649 62.560178756713874 0.17005326598882678
decision_type=2 2 2 2 2 2 2 2 2 2 2 2 2 2 2 2 2 2 2 2 2 2 2 2 2 2 2 2 2 2
left_child=-1 2 3 4 -2 7 22 8 29 11 -11 12 13 14 15 -9 -17 -8 19 28 -3 -20 -7 -13 -16 -15 -22 -23 -6 -4
right_child=1 20 5 -5 18 6 17 9 -10 10 -12 23 -14 25 24 16 -18 -19 21 -21 26 27 -24 -25 -26 -27 -28 -29 -30 -31
leaf_value=-0.001445700856417944 -0.076454612780207445 -0.12719569856023602 0.11296826951358291 -0.082683490989283709 -0.015704772152224173 -0.0038360610331801995 0.053691385794667312 -0.11271327000668259 -0.07673768801472225 0.073697984764504648 -0.066587070852406574 -0.038142138125496841 0.001613536025865187 -0.19836854434402754 -0.18503411139841494 -0.044247643968037348 0.10046810643430822 -0.065833206056623225 0.067458068616421424 -0.12492887669389326 -0.092080114614093392 -0.074983744880280132 -0.15874519315973418 0.081688590885386839 -0.046391938306799385 -0.075176950284978117 0.057903117408828565 0.059410799074295285 0.073809717894348606 0.026770469166667171
leaf_weight=1212.3556270647459 4.7593582146510007 4.847456776420584 7.0728646949573948 5.0454028906387967 8.4095063229906426 3.6085857022553673 34.366228999570012 4.763835891382775 4.934358272701501 10.983682731166484 6.0346682928502551 4.8340082182548922 10.601543127326293 5.0650169542059285 4.1497230613604179 4.2969813975505513 4.7631093263626099 3.2399687375873318 47.785971759818494 3.1892932510672827 2.647479715582449 3.9283762015402308 3.0010627051815391 5.407088927924633 3.3772331427317113 4.243524082005024 3.5999494306743145 3.6406706664711237 8.0040456308051926 10.745925450813955
leaf_count=11031 51 47 35 51 81 21 223 34 26 40 27 26 74 28 29 29 15 25 230 54 27 22 22 19 16 18 18 22 37 66
internal_value=3.79651e-05 0.007813 0.0111664 0.0286035 0.035647 0.0002577 0.0258194 -0.0121252 0.031118 -0.0264847 0.0239532 -0.0431514 -0.0600981 -0.081437 -0.0549418 -0.0179788 0.0318329 0.0433937 0.0427647 0.00307466 -0.0587575 0.0568201 -0.0741714 0.025126 -0.122827 -0.142209 -0.00565544 -0.0103407 0.0279468 0.0609852
internal_weight=1443.7 231.347 220.252 84.7626 79.7172 135.489 44.2158 91.2736 22.7531 68.5204 17.0184 51.5021 41.261 30.6594 21.3509 13.8239 9.06009 37.6062 74.9579 19.6028 11.0949 55.355 6.60965 10.2411 7.52696 9.30854 6.24743 7.56905 16.4136 17.8188
internal_count=12444 1413 1321 548 497 773 291 482 127 355 67 288 243 169 123 78 44 248 446 172 92 274 43 45 45 46 45 44 118 101
is_linear=0
shrinkage=0.1


Tree=137
num_leaves=31
num_cat=0
split_feature=15 0 9 36 22 5 7 10 7 4 4 1 3 7 2 5 35 3 47 21 36 19 45 44 8 36 37 47 36 12
split_gain=1.60853 2.36394 2.30637 2.76334 1.78265 2.71905 1.85692 4.86517 4.06939 4.79385 6.86083 4.62349 5.46301 5.07107 4.68847 4.92383 5.77782 5.71025 7.5742 7.24353 8.01208 5.55213 5.02712 4.79023 4.24997 4.17138 5.2947 4.12923 4.1005 3.96333
threshold=-1.7153766155242918 0.13929743319749835 0.0096957962960004824 0.25430464744567877 -36.338975906372063 0.43005672097206121 50.006465911865241 0.19363365322351458 48.95482254028321 0.84445327520370495 1.4952712655067446 0.13594678044319156 7.8266935348510751 32.514089584350593 0.12888970971107486 0.80105528235435497 0.49617360532283789 3.0146168470382695 0.28654314577579504 0.0067021045833826074 0.28136244416236883 5.0304586887359628 0.57420355081558239 0.98971226811409008 28.550621032714847 0.79653096199035656 0.55548864603042614 0.14389366656541827 0.41595849394798284 4.5000000000000009
decision_type=2 2 2 2 2 2 2 2 2 2 2 2 2 2 2 2 2 2 2 2 2 2 2 2 2 2 2 2 2 2
left_child=1 -1 3 -3 5 -2 7 8 11 -10 28 12 14 25 15 17 -17 19 -19 20 21 23 -21 -6 -16 26 -13 -18 -11 -26
right_child=4 2 -4 -5 6 -7 -8 -9 9 10 -12 13 -14 -15 24 16 27 18 -20 22 -22 -23 -24 -25 29 -27 -28 -29 -30 -31
leaf_value=-0.12328666793033689 -0.18010842042469999 -0.11179371719542096 0.08306159854332934 0.01332799305284119 -0.1082959194571312 0.0036436192207772479 -0.0015479281392818652 -0.16080232121656515 0.067291823786872554 -0.12377453649440923 0.057297649175656121 -0.0029749277058961168 0.084781437587628738 0.025584882956096025 0.056900110953756855 -0.082218330486189262 -0.039388850700254247 -0.13310154619259959 0.058352544622950323 -0.15183089587832951 0.03542958324856809 0.027916147544032467 -0.010699635472086482 0.13297094962475248 -0.12921267604678441 0.096837271826486979 -0.089439978108962537 0.043169784343768544 0.012682741678229904 -0.02825769047001413
leaf_weight=2.4925885154370908 1.3804909222817507 3.0544615343678725 1.9493918754160402 4.1814797627739608 10.63407335998636 1.9327103086106943 1073.4155364112739 1.722907104063778 23.175895054228022 5.0276504845242034 9.7380277146585268 29.767657421325566 5.9113491666503242 121.24097915104358 2.6300936916377422 5.152953644959779 7.2431234814430345 8.7352965474128705 2.7066317647113456 5.5349263653624785 31.535696558319614 6.169747886087861 4.6394877689890563 0.89195052778814066 8.064613295326124 3.1073584030382326 9.2929743872955424 37.032300435559591 3.9184107292676345 7.5099668979528351
leaf_count=93 27 57 16 34 854 68 7707 18 250 114 73 382 35 976 29 315 183 69 21 49 266 95 27 5 150 21 56 337 26 91
internal_value=4.49567e-05 -0.0369177 -0.0134801 -0.0394888 0.000347207 -0.0729192 0.000517579 0.00682733 0.00765331 0.0369067 -0.00078317 0.00367493 -0.00936322 0.0151958 -0.013382 -0.00622348 0.018 -0.0231235 -0.0878124 -0.010664 0.00521026 -0.0486437 -0.0874757 -0.0896253 -0.0606774 -0.0146749 -0.023546 0.0296638 -0.0640057 -0.0805328
internal_weight=1439.79 11.6779 9.18533 7.23594 1428.11 3.3132 1424.8 351.384 349.661 41.86 18.6841 307.801 144.392 163.409 138.481 120.276 49.4284 70.8478 11.4419 59.4059 49.2315 17.6958 10.1744 11.526 18.2047 42.168 39.0606 44.2754 8.94606 15.5746
internal_count=12444 200 107 91 12244 95 12149 4442 4424 463 213 3961 2526 1435 2491 2221 835 1386 90 1296 1220 954 76 859 270 459 438 520 140 241
is_linear=0
shrinkage=0.1


Tree=138
num_leaves=31
num_cat=0
split_feature=35 8 8 16 28 33 1 14 51 33 38 7 36 10 13 48 0 14 17 19 21 15 40 23 11 37 3 5 16 16
split_gain=1.58816 6.31259 5.48256 4.40679 4.37717 5.0181 4.80064 7.1554 5.53519 8.12373 6.96109 7.26769 8.9295 6.70612 9.19935 6.73964 8.20115 7.78521 8.17478 7.39119 6.69328 5.61546 5.20391 4.6751 4.86111 4.58816 4.58146 4.73528 4.51223 6.96756
threshold=0.72993144392967235 87.059238433837905 83.381153106689467 3.7845661640167241 93946.500000000015 0.45454545319080358 0.20849829167127612 17.818691253662113 0.90353596210479747 0.69830316305160534 0.47477287054061895 85.529705047607436 0.27103130519390112 0.09577545523643495 40.87224197387696 0.45000000298023229 0.33662737905979162 78.672073364257827 31.669869422912601 1.1669615507125857 0.022772282361984256 0.049140131101012237 0.15000000223517421 0.40310543775558477 1.0115688443183901 0.53118714690208446 1.1871030926704409 0.85015365481376659 0.0072564298752695331 0.012304517440497877
decision_type=2 2 2 2 2 2 2 2 2 2 2 2 2 2 2 2 2 2 2 2 2 2 2 2 2 2 2 2 2 2
left_child=1 2 3 -1 23 -6 7 26 10 -10 13 12 -12 15 -15 16 17 18 -8 22 -21 -16 -20 24 -2 -23 -7 -28 -11 -30
right_child=4 -3 -4 -5 5 6 8 -9 9 28 11 -13 -14 14 21 -17 -18 -19 19 20 -22 25 -24 -25 -26 -27 27 -29 29 -31
leaf_value=-0.0021609800412773867 0.016350698141202987 -0.087263164015380146 0.0509090701332367 -0.1137123022425751 -0.11497688297602547 0.03500976818657759 0.023882694147050965 0.021313460458061859 0.073181232719956912 0.057464824527384765 -0.026251054612664432 -0.10987325779678417 0.082829241200700898 0.080375308991110214 0.032629334013914574 -0.18080359268025628 0.030543442004035873 0.056463102897605644 -0.10558044465504152 -0.068113624207111548 -0.24608017602175436 -0.028479398012228652 0.034914359001437405 0.04333719239281681 -0.064418094924246258 -0.16321364598801016 -0.026096451223731349 -0.18183886561664023 -0.13994743387367914 -0.0053984164535156708
leaf_weight=940.44295305135893 36.775967541558202 8.6585166189470311 19.558808876870899 3.5547718960442571 3.7730125757516353 3.40247765323147 4.9431600943207767 134.70106633854448 15.994729911442844 10.515061955898998 14.646167974104175 4.2638396144611752 15.391209672205148 8.9902491495013255 5.773268047720193 4.5167715894058338 9.3236772082746011 3.934890723321586 11.429176665842535 3.1841658167541009 6.2838269704952836 5.4585688528604788 3.4268650934100142 54.001649744197493 9.3450873454567027 4.706817738711834 3.9013588707894087 3.907589646987617 4.0540363974869242 76.006153855472803
leaf_count=9210 371 92 123 38 36 25 30 812 92 61 143 23 72 28 22 24 42 21 70 16 36 22 24 422 54 23 26 27 20 439
internal_value=3.59065e-05 -0.00225912 -0.00149527 -0.00258104 0.00485867 -0.00025303 0.000953516 0.0149247 -0.00862432 0.00747955 -0.0247733 0.0122994 0.0296419 -0.0424419 -0.000509517 -0.0646628 -0.0523271 -0.0755985 -0.0933538 -0.117179 -0.186229 -0.0461329 -0.0731723 0.0233673 -1.47434e-05 -0.0908646 -0.0618336 -0.10403 -0.00412275 -0.0122116
internal_weight=1434.87 972.215 963.557 943.998 462.651 362.528 358.755 145.912 212.843 106.57 106.273 34.3012 30.0374 71.9714 24.9289 47.0425 42.5258 33.2021 29.2672 24.324 9.46799 15.9387 14.856 100.123 46.1211 10.1654 11.2114 7.80895 90.5753 80.0602
internal_count=12444 9463 9371 9248 2981 2134 2098 890 1208 612 596 238 215 358 95 263 239 197 176 146 52 67 94 847 425 45 78 53 520 459
is_linear=0
shrinkage=0.1


Tree=139
num_leaves=31
num_cat=0
split_feature=16 18 18 18 14 5 14 4 33 19 16 1 16 24 47 6 50 18 10 45 5 36 44 18 14 39 0 6 13 3
split_gain=1.66284 3.968 4.15942 5.5539 8.48786 7.30664 8.65839 6.29396 7.89989 8.84371 7.58267 7.1664 7.07659 6.93339 5.87037 5.8477 7.16708 5.52093 5.79458 5.44252 7.04624 6.01403 5.10548 4.9174 5.36641 6.69533 8.87396 6.5927 7.04539 9.26
threshold=-0.0024882354773581024 -0.064600851386785493 0.044460941106081016 0.14105557650327685 51.998100280761726 0.21465689688920978 49.290681838989265 0.70417603850364696 0.67279973626136791 1.4117020368576052 0.051182953640818603 0.40855287015438085 0.0061842263676226148 0.26480327546596533 0.47866588830947882 84.425830841064467 0.7219982147216798 0.11873029917478563 0.023859119974076751 0.56740072369575512 2.6093882322311406 0.92744082212448131 0.68337208032608043 0.030916913412511352 57.540519714355476 0.16666666418313983 0.31519286334514623 50.619199752807624 64.079792022705092 2.5364677906036381
decision_type=2 2 2 2 2 2 2 2 2 2 2 2 2 2 2 2 2 2 2 2 2 2 2 2 2 2 2 2 2 2
left_child=-1 -2 23 4 5 -4 7 15 12 11 13 22 -9 -11 -8 16 -7 19 -19 -14 21 -21 -10 24 25 26 -3 -26 29 -29
right_child=1 2 3 -5 -6 6 14 8 9 10 -12 -13 17 -15 -16 -17 -18 18 -20 20 -22 -23 -24 -25 27 -27 -28 28 -30 -31
leaf_value=-0.0049610519402121002 -0.057178711760093974 -0.047081284373081726 0.068662182894964549 0.0048376664382490109 0.02034255871900164 -0.062790417076118876 -0.066386923389825533 -0.13725307844806506 -0.022423600784518771 -0.02607371228723562 -0.10633966743689671 0.0052373309001613952 -0.022075325411589523 0.11739368918308601 -0.28737458744005046 0.047601914933537839 -0.20363312350003404 0.010847675627515301 -0.13414904535956071 0.084930231685566765 -0.04508938896824409 -0.027409275815526674 -0.18345120454515496 0.035935921012993907 0.063041821023418598 0.018903881065943831 0.060586890341581615 -0.13007027919733019 -0.012385354790425277 0.098324298348474379
leaf_weight=453.21877216269058 11.064648442421456 34.760306349002349 7.4431459871120742 355.02836484179716 48.279315308376681 19.702909205021577 2.7230254753376348 3.49336437229067 2.4853616291657081 9.0399555470794457 6.0083835087716571 3.9581824112683526 19.459322846014402 5.3692303188145152 2.1521091647446156 3.6248935712501398 4.4243695540353647 5.978603419614954 5.1135319147724658 25.193069698871117 7.3681922953110179 5.8771052956581107 9.4762102495878917 64.730841056152713 8.6577500527127977 234.79594584761799 9.816833599470554 11.316602416423846 48.53500884026289 2.1054357625544062
leaf_count=4613 340 775 45 2055 280 231 31 25 17 48 30 22 174 22 13 19 27 37 44 105 41 29 51 386 164 2266 57 120 366 11
internal_value=4.60469e-05 0.00236645 0.00304784 -0.00263612 -0.0160935 -0.0279083 -0.03299 -0.0283155 -0.0174744 -0.0555281 -0.0119662 -0.111398 0.00160274 0.0273859 -0.163941 -0.0708251 -0.0886176 0.00863383 -0.0559966 0.0210158 0.0428306 0.0636806 -0.149993 0.010616 0.00593308 0.0121585 -0.0233705 -0.0186967 -0.0301186 -0.0942434
internal_weight=1431.2 977.982 966.917 552.199 197.17 148.891 141.448 136.573 108.821 36.3373 20.4176 15.9198 72.4832 14.4092 4.87513 27.7522 24.1273 68.9898 11.0921 57.8977 38.4384 31.0702 11.9616 414.719 349.988 279.373 44.5771 70.6148 61.957 13.422
internal_count=12444 7831 7491 3346 1291 1011 966 922 645 190 100 90 455 70 44 277 258 430 81 349 175 134 68 4145 3759 3098 832 661 497 131
is_linear=0
shrinkage=0.1


Tree=140
num_leaves=31
num_cat=0
split_feature=14 36 39 34 4 10 44 5 13 18 14 35 35 35 34 12 33 6 7 45 28 45 34 5 11 10 10 3 23 22
split_gain=1.58035 3.42419 4.00555 4.94717 4.9333 4.76714 6.98342 6.54547 4.62538 3.73202 3.73704 3.67719 7.15253 5.92825 7.41909 7.12982 4.88831 4.40371 6.36509 5.74046 3.66791 3.62659 3.63052 3.60534 3.70786 5.23396 6.79594 5.30778 7.39347 7.0439
threshold=54.690910339355476 0.14009909331798556 0.74999997019767772 0.98585620522499096 1.8045588731765749 -0.019783234223723408 0.86137124896049511 0.55963072180747997 79.72119522094728 0.61602315306663524 71.686004638671889 0.62610542774200451 0.61575505137443554 0.65073928236961376 0.74074167013168346 7.5000000000000009 0.69975030422210704 88.059223175048842 83.739406585693374 0.79194793105125438 982917.43750000012 0.39664772152900701 0.90868064761161815 0.21465689688920978 0.71300247311592113 0.15614705532789233 0.11100146546959878 0.66985800862312328 0.19999999552965167 29.30484771728516
decision_type=2 2 2 2 2 2 2 2 2 2 2 2 2 2 2 2 2 2 2 2 2 2 2 2 2 2 2 2 2 2
left_child=-1 2 3 9 -5 20 8 -8 -7 10 -2 12 -3 14 -13 17 -16 18 23 -20 -4 -12 -23 -15 -25 26 27 28 -26 -30
right_child=1 11 5 4 -6 6 7 -9 -10 -11 21 13 -14 15 16 -17 -18 -19 19 -21 -22 22 -24 24 25 -27 -28 -29 29 -31
leaf_value=0.0017873277692373663 -0.082678313581729307 -0.010950775402208119 -0.069526159433714166 0.040575314338027517 -0.071975303077723693 -0.16309890263067439 0.097302310990646512 -0.10290583498976967 -0.0026837665703165273 0.03542578393755702 -0.11171842983424363 0.11908082656213784 -0.14591721657859899 -0.073023076346137888 -0.072584969357513573 -0.079675353805426896 0.065201314310327246 0.060469987932637005 -0.12061784516041583 0.0051893801163792391 0.094163969100080333 0.062698713593337188 -0.10161370952325328 0.045253505141839602 -0.18910209285469343 0.067018703930901494 -0.11045167703722031 0.020903320566724712 -0.11000954015771409 0.075662536186689347
leaf_weight=1122.7141011367858 16.060165199916813 63.190611957506917 2.4428524765535284 22.762531396001581 4.6982256527990094 9.0836211040732469 3.308135176281211 3.2247963335830718 2.2408679365180424 5.914958576031494 2.463631539969354 10.219223663210871 4.1866705246502525 4.9295899067074052 4.9658601344563049 10.128879095660521 5.3475430444814265 13.970559066161512 7.6233885213732702 6.918399702757597 3.1137787317857146 6.2194857543654507 1.7156434783246366 27.723368703853339 3.1108974935486904 10.16841730289161 6.1156888976693144 35.120764977764338 3.7260575182735902 4.5241041779518127
leaf_count=9970 443 604 30 100 26 103 35 27 16 40 67 33 28 30 30 70 23 83 44 38 14 100 22 151 20 50 31 173 25 18
internal_value=5.27495e-05 -0.00632771 -0.0236232 -0.00990157 0.0213192 -0.0586887 -0.0838589 -0.00152476 -0.131356 -0.0363842 -0.0524375 0.000158858 -0.0193373 0.008656 0.0586936 0.000992253 -0.0011422 0.0075852 0.000866165 -0.0607638 0.0222012 -0.00573262 0.0271729 0.0102585 0.0147955 0.00134233 -0.0113546 0.00168381 -0.05773 -0.00819338
internal_weight=1427.93 305.219 83.2487 59.8346 27.4608 23.4141 17.8574 6.53293 11.3245 32.3739 26.4589 221.97 67.3773 154.593 20.5326 134.06 10.3134 123.931 109.961 14.5418 5.55663 10.3988 7.93513 95.4189 90.4893 62.7659 52.5975 46.4818 11.3611 8.25016
internal_count=12444 2474 1023 798 126 225 181 62 119 672 632 1451 632 819 86 733 53 663 580 82 44 189 122 498 468 317 267 236 63 43
is_linear=0
shrinkage=0.1


Tree=141
num_leaves=31
num_cat=0
split_feature=0 34 22 8 13 37 51 51 16 33 12 28 23 36 5 45 8 35 7 16 35 18 10 1 9 2 5 3 22 16
split_gain=1.57304 5.13684 9.8977 7.11757 6.15717 6.21909 5.27884 5.26102 7.21069 9.19504 5.04175 4.48469 6.56049 4.27141 4.79431 5.05055 5.76752 5.46714 4.96706 4.24025 3.83781 3.62333 5.66924 5.43193 5.21786 8.03478 5.01429 4.52856 6.53298 10.8695
threshold=0.17474361509084704 0.91281041502952587 38.546117782592781 71.284412384033217 67.303306579589858 0.54528003931045543 0.73600786924362194 0.53381314873695385 -0.038371635600924485 0.71596580743789684 1.0000000180025095e-35 89885.000000000015 0.30769248306751257 0.90041908621788036 0.3938592672348023 0.6835249960422517 65.454547882080092 0.649022936820984 59.098394393920906 -1.262409448623657 0.57161584496498119 0.44563339650630956 0.039531210437417037 0.078997679054737105 0.085617646574974074 0.091232169419527068 1.6152831315994265 2.07309901714325 6.741572618484498 -0.0050359051674604407
decision_type=2 2 2 2 2 2 2 2 2 2 2 2 2 2 2 2 2 2 2 2 2 2 2 2 2 2 2 2 2 2
left_child=1 3 4 6 5 11 19 -7 9 -9 -6 12 -3 14 -10 16 17 -16 -19 -1 -13 24 23 -23 27 -26 -24 -21 -29 -30
right_child=-2 2 -4 -5 10 7 -8 8 13 -11 -12 20 -14 -15 15 -17 -18 18 -20 21 -22 22 26 -25 25 -27 -28 28 29 -31
leaf_value=-0.083788930508195608 0.0030315365516917856 -0.10449221787210816 -0.11734650769293319 -0.08974861865743311 0.0040799729352022345 0.085220984737438166 -0.13715148988796219 -0.17290467311392893 0.075549555686963754 0.010342495762307563 -0.13835377115490852 -0.0166756432025288 0.058548590557173756 0.067712612043819786 -0.14990586934799896 0.048535242361348235 0.035468939326385555 0.053280144081500551 -0.098244560895362265 0.00082817449093615554 0.077134290912687517 -0.02879640414826239 -0.145071097559347 0.068666398782329052 0.035919576770321177 -0.12198591571927223 0.03288510297029134 0.011866331383645791 -0.1036122675715791 -0.016460523356687219
leaf_weight=6.8574714126880272 789.94032910818351 4.1559405880980176 5.5062476175953625 10.496956150440381 6.0255991942249221 7.2830295749008647 3.0745732905343166 5.2802810892462713 6.1604795064777127 5.6880248114466667 4.2296022455557249 4.9402774265035978 6.0764936986379325 10.698222251608966 6.4064764212817016 7.5566939765121779 6.091050097718834 4.0238342359662038 4.6790046906098723 322.64717566083709 37.191997014801018 7.6749505059560788 3.3190615369239813 22.431910606683232 4.9544675126671782 9.2174672394758073 3.0278017329983413 36.237347959191538 19.655332554306369 52.627534751576604
leaf_count=148 4904 35 36 319 44 47 22 33 28 36 33 37 45 62 34 31 25 18 24 5277 179 71 26 95 18 76 18 289 124 310
internal_value=5.36254e-05 -0.00365548 0.0138996 -0.00826927 0.019613 0.0261665 -0.00652991 0.00522148 -0.0050754 -0.077875 -0.0546647 0.0517124 -0.00767103 0.0124293 -0.00450874 -0.0216592 -0.0466795 -0.0797961 -0.0281858 -0.00570805 0.0661345 -0.0045967 0.0257142 0.0438208 -0.00707783 -0.0667826 -0.0601762 -0.00511541 -0.0227866 -0.040159
internal_weight=1424.16 634.215 131.993 502.222 126.487 116.232 491.725 63.8671 56.5841 10.9683 10.2552 52.3647 10.2324 45.6158 34.9175 28.7571 21.2004 15.1093 8.70284 488.651 42.1323 481.793 36.4537 30.1069 445.339 14.1719 6.34686 431.167 108.52 72.2829
internal_count=12444 7540 747 6793 711 634 6474 338 291 69 77 296 80 222 160 132 101 76 42 6452 216 6304 210 166 6094 94 44 6000 723 434
is_linear=0
shrinkage=0.1


Tree=142
num_leaves=31
num_cat=0
split_feature=45 23 1 13 45 5 7 23 34 8 5 6 10 3 7 18 15 35 21 23 18 45 28 16 38 39 6 45 44 33
split_gain=1.58108 7.546 4.30923 4.63429 6.76896 4.40359 5.05094 4.80728 5.14331 6.37284 5.18717 4.99432 4.94157 4.79913 4.76727 4.69188 5.55475 6.99996 5.96009 5.04094 4.60544 4.3354 4.14597 4.09178 4.03316 5.49518 5.69069 5.51146 3.94106 3.7957
threshold=0.81370157003402721 1.0000000180025095e-35 0.70355990529060375 22.602022171020511 0.82145604491233837 0.4441735595464707 67.880996704101577 0.24000000953674319 0.63239231705665599 65.874008178710952 0.8239620327949525 70.308105468750014 0.015641695819795135 1.0775473713874819 62.398347854614265 0.018059544265270237 0.081539977341890349 0.88202604651451122 0.16315586864948275 0.3000000268220902 0.076000999659299864 0.91244894266128551 24944807.000000004 1.0000000180025095e-35 0.48156318068504339 0.60000005364418041 73.628810882568374 0.99915254116058361 0.7780461609363557 0.69631373882293712
decision_type=2 2 2 2 2 2 2 2 2 2 2 2 2 2 2 2 2 2 2 2 2 2 2 2 2 2 2 2 2 2
left_child=-1 -2 3 -3 -5 6 23 11 9 10 -9 14 -12 -13 -7 -10 17 21 -19 -18 22 -17 -11 -6 25 26 -21 -28 -26 -15
right_child=1 2 -4 4 5 7 -8 8 15 20 12 13 -14 29 -16 16 19 18 -20 24 -22 -23 -24 -25 28 -27 27 -29 -30 -31
leaf_value=0.0013512309344176799 -0.16176040959291915 0.030116082669151084 0.051542442447537508 -0.13169485906448283 0.020380587914248214 0.031098880322759277 0.079129794034837914 -0.13835369413607013 0.067983898017541053 -0.1630764281423181 0.057712445737268803 -0.027773095434574124 -0.069432907590846929 0.11058879486332041 -0.1421988785202129 -0.18836552707508045 -0.11662125465083908 0.058894225880406784 -0.091422129260030696 0.032915123244246475 -0.1990576493850722 -0.058653151012537479 0.020155201779441561 -0.12728527824292288 0.099603620925348649 0.051164354295948677 -0.18593054978054036 -0.021485375947171686 -0.0021127877393939585 0.013721471015641896
leaf_weight=1233.4405033116855 3.1596728104341301 24.64242766785901 12.192192721180616 4.9509840290993443 6.3592420761706325 2.8859099367691696 10.369216586928813 3.431320971169046 5.9849276137538245 2.2698068868485262 6.8081791104050335 8.1411921316757816 5.5475624720565975 8.8368155311327445 3.5279201401863247 5.2745472416281718 3.4946668380871406 5.807146053761242 4.8331688120961189 4.2879920750856426 5.0308231739327312 5.0377452373504639 2.7083499644650146 2.6620396599173546 7.4887043461203557 6.8295235745608798 4.3725277818739396 3.8174639418721199 7.7525601610541344 7.4601582549512377
leaf_count=11306 27 152 94 31 50 20 61 28 40 23 42 39 34 37 28 27 17 36 25 20 33 27 19 14 35 37 25 21 59 37
internal_value=5.53065e-05 -0.00854011 -0.0058918 -0.00999611 -0.0167678 -0.0127329 0.0315247 -0.0197885 -0.0313786 -0.0691576 -0.0295814 0.0143133 0.000625885 0.0349253 -0.0642234 -0.0163811 -0.0249397 -0.0662864 -0.00938423 -0.00216773 -0.131581 -0.124999 -0.0633899 -0.0231933 0.00940943 -0.0209472 -0.0604157 -0.10928 0.047865 0.0662465
internal_weight=1419.41 185.965 182.805 170.613 145.97 141.02 19.3905 121.629 90.777 25.796 15.7871 30.852 12.3557 24.4382 6.41383 64.981 58.996 20.9526 10.6403 38.0434 10.009 10.3123 4.97816 9.02128 34.5488 19.3075 12.478 8.18999 15.2413 16.297
internal_count=12444 1138 1111 1017 865 834 125 709 548 179 104 161 76 113 48 369 329 115 61 214 75 54 42 64 197 103 66 46 94 74
is_linear=0
shrinkage=0.1


Tree=143
num_leaves=31
num_cat=0
split_feature=44 44 48 48 11 5 3 3 35 14 10 9 21 28 0 51 13 17 47 4 7 2 38 21 15 12 5 10 51 11
split_gain=1.56224 3.96765 5.14267 6.05525 5.45997 6.13049 5.81335 4.28822 4.27783 3.929 3.91472 4.23751 4.98608 4.92632 4.90689 6.11129 3.8413 4.29789 3.67545 5.79345 4.10355 3.98603 3.58239 3.185 6.47142 5.99623 6.96952 4.15126 3.81283 3.41814
threshold=0.87007519602775585 0.94135284423828136 0.35000000894069677 0.55000001192092907 1.0840363502502444 0.37479066848754888 0.36209352314472204 1.7169048786163332 0.6784556806087495 44.933757781982429 0.0022346395999193196 -0.0043468812946230164 0.019637363031506542 16803.000000000004 0.6260843575000764 0.93185991048812877 23.438877105712894 42.601968765258796 0.49716567993164068 0.99528351426124584 73.614151000976577 0.11909975856542589 0.50759384036064159 0.049336729571223266 0.043927507475018508 7.5000000000000009 0.9185520112514497 0.10772329568862916 0.81372490525245678 0.68135741353034984
decision_type=2 2 2 2 2 2 2 2 2 2 2 2 2 2 2 2 2 2 2 2 2 2 2 2 2 2 2 2 2 2
left_child=-1 10 4 -4 5 6 -3 -6 -5 -10 -2 -12 16 -14 15 23 -13 -18 19 21 -20 -7 -19 25 -25 29 -27 28 -26 -15
right_child=1 2 3 8 7 18 -8 -9 9 -11 11 12 13 14 -16 -17 17 22 20 -21 -22 -23 -24 24 27 26 -28 -29 -30 -31
leaf_value=-0.0013754038916495336 0.051845588867382379 -0.079039085596375055 0.074331204170013918 -0.11785208114266504 -0.017317116982016687 0.0065128004854641585 0.05884277715438857 0.11066575587276584 0.061074722647441619 -0.057612987626643491 0.10662568124431362 0.026012215532941474 0.079919732833142201 -0.051542871613760102 -0.068005259656950964 0.065440125425743553 -0.14906295087949586 -0.085348025528014793 -0.10747911521784898 -0.17102826656714826 0.039508358014623483 -0.12003082853638243 0.089445745997021958 0.044439509192137037 -0.17362314252698433 0.054781288317964687 -0.11995661755302185 0.0018169033325444979 -0.047168221786801925 0.048018363510912099
leaf_weight=1193.0280103200057 26.904844661643438 4.8714868494425891 12.775693351402881 3.4130636975169173 6.8236155705526453 5.2521694171882753 8.2132687127887021 4.247773785260506 6.4571151565760356 4.9100160486996174 4.3411389789544037 4.6933726674178606 10.164476171135901 3.9187523974105707 8.05364817753434 17.921623980626464 5.0044374184217286 3.0238837874348974 3.2029743744060388 7.2243961677886537 4.6664994535967708 4.7317646822775714 1.9151132476981727 7.5186756122857359 4.6515201926231367 3.6826081579783914 6.004159877076745 5.2635935395956031 4.8920765444636345 28.725504918489605
leaf_count=11031 183 68 69 19 39 47 61 26 42 27 36 32 44 21 62 95 52 40 30 58 29 38 11 30 22 22 36 23 24 127
internal_value=6.19012e-05 0.00773519 -0.0106806 0.0239107 -0.0300411 -0.0479779 0.00750902 0.0317862 -0.0196717 0.00980774 0.0173763 0.00963345 0.00598583 0.0139056 0.00650208 0.0137686 -0.048554 -0.0837497 -0.0769292 -0.102818 -0.0203174 -0.053461 -0.0175711 -0.000553771 -0.0311151 0.0155646 -0.0535267 -0.0694797 -0.108802 0.0360666
internal_weight=1416.5 223.469 76.7898 27.5559 49.2339 38.1626 13.0848 11.0714 14.7802 11.3671 146.679 119.775 115.433 100.797 90.6322 82.5785 14.6368 9.94343 25.0778 17.2083 7.86947 9.98393 4.939 64.6569 22.3259 42.331 9.68677 14.8072 9.5436 32.6443
internal_count=12444 1413 553 157 396 331 129 65 88 69 860 677 641 506 462 400 135 103 202 143 59 85 51 305 99 206 58 69 46 148
is_linear=0
shrinkage=0.1


end of trees

feature_importances:
w_bb_position=352
mo_trend=293
w_vol_compression=261
pre5_vol_ratio=147
pre1_vol_ratio=146
base_tightness_10d=135
rs_vs_market_5d=130
pre1_body_ratio=124
adl_divergence=123
pre5_momentum_5d=120
closing_strength=120
w_rsi=118
obv_slope_5d=113
pre1_macd_hist=108
pre3_vol_ratio=106
pre1_turnover_ratio=105
pre1_bb_width=104
pre5_rsi=103
pre5_macd_hist=101
pre1_ema20_slope=99
pre5_bb_position=94
pre3_momentum_5d=92
pre5_adx=91
pre5_bb_width=89
up_volume_ratio_10d=89
range_compression_20d=87
pre1_di_diff=84
pre1_rsi_slope=82
pre3_macd_hist=78
rs_vs_market_20d=78
pre3_rsi=77
pre1_rsi=69
pre1_adx=67
pre3_bb_width=65
pre1_lower_shadow=44
pre3_adx=40
pre1_ema_align=40
pre5_compression_days=37
vol_dryup_days=37
higher_lows_streak=33
net_accumulation_20d=32
pre1_bar_direction=7

parameters:
[boosting: gbdt]
[objective: binary]
[metric: auc]
[tree_learner: serial]
[device_type: cpu]
[data_sample_strategy: bagging]
[data: ]
[valid: ]
[num_iterations: 500]
[learning_rate: 0.1]
[num_leaves: 31]
[num_threads: 14]
[seed: 0]
[deterministic: 0]
[force_col_wise: 0]
[force_row_wise: 0]
[histogram_pool_size: -1]
[max_depth: -1]
[min_data_in_leaf: 20]
[min_sum_hessian_in_leaf: 0.001]
[bagging_fraction: 1]
[pos_bagging_fraction: 1]
[neg_bagging_fraction: 1]
[bagging_freq: 0]
[bagging_seed: 3]
[bagging_by_query: 0]
[feature_fraction: 1]
[feature_fraction_bynode: 1]
[feature_fraction_seed: 2]
[extra_trees: 0]
[extra_seed: 6]
[early_stopping_round: 0]
[early_stopping_min_delta: 0]
[first_metric_only: 0]
[max_delta_step: 0]
[lambda_l1: 0]
[lambda_l2: 0]
[linear_lambda: 0]
[min_gain_to_split: 0]
[drop_rate: 0.1]
[max_drop: 50]
[skip_drop: 0.5]
[xgboost_dart_mode: 0]
[uniform_drop: 0]
[drop_seed: 4]
[top_rate: 0.2]
[other_rate: 0.1]
[min_data_per_group: 100]
[max_cat_threshold: 32]
[cat_l2: 10]
[cat_smooth: 10]
[max_cat_to_onehot: 4]
[top_k: 20]
[monotone_constraints: ]
[monotone_constraints_method: basic]
[monotone_penalty: 0]
[feature_contri: ]
[forcedsplits_filename: ]
[refit_decay_rate: 0.9]
[cegb_tradeoff: 1]
[cegb_penalty_split: 0]
[cegb_penalty_feature_lazy: ]
[cegb_penalty_feature_coupled: ]
[path_smooth: 0]
[interaction_constraints: ]
[verbosity: -1]
[saved_feature_importance_type: 0]
[use_quantized_grad: 0]
[num_grad_quant_bins: 4]
[quant_train_renew_leaf: 0]
[stochastic_rounding: 1]
[linear_tree: 0]
[max_bin: 255]
[max_bin_by_feature: ]
[min_data_in_bin: 3]
[bin_construct_sample_cnt: 200000]
[data_random_seed: 1]
[is_enable_sparse: 1]
[enable_bundle: 1]
[use_missing: 1]
[zero_as_missing: 0]
[feature_pre_filter: 1]
[pre_partition: 0]
[two_round: 0]
[header: 0]
[label_column: ]
[weight_column: ]
[group_column: ]
[ignore_column: ]
[categorical_feature: ]
[forcedbins_filename: ]
[precise_float_parser: 0]
[parser_config_file: ]
[objective_seed: 5]
[num_class: 1]
[is_unbalance: 0]
[scale_pos_weight: 2.77663]
[sigmoid: 1]
[boost_from_average: 1]
[reg_sqrt: 0]
[alpha: 0.9]
[fair_c: 1]
[poisson_max_delta_step: 0.7]
[tweedie_variance_power: 1.5]
[lambdarank_truncation_level: 30]
[lambdarank_norm: 1]
[label_gain: ]
[lambdarank_position_bias_regularization: 0]
[eval_at: ]
[multi_error_top_k: 1]
[auc_mu_weights: ]
[num_machines: 1]
[local_listen_port: 12400]
[time_out: 120]
[machine_list_filename: ]
[machines: ]
[gpu_platform_id: -1]
[gpu_device_id: -1]
[gpu_use_dp: 0]
[num_gpu: 1]

end of parameters

pandas_categorical:null
